{
	"editor": {
		"allAngles": true,
		"entityTextureMode": false
	},
	"textureWidth": 16,
	"textureHeight": 16,
	"textureSizes": {
	},
	"textures": {
		"normal1-6": "game:block/plant/crop/sunflower/normal1-6"
	},
	"elements": [
		{
			"name": "origin",
			"from": [ 8.0, 0.0, 8.0 ],
			"to": [ 8.0, 0.0, 8.0 ],
			"rotationOrigin": [ 8.0, 0.0, 8.0 ],
			"faces": {
			},
			"children": [
				{
					"name": "stemdown",
					"from": [ -4.5, -0.1, -4.5 ],
					"to": [ -3.7, 15.9, -3.7 ],
					"rotationOrigin": [ -4.0, -0.1, -4.0 ],
					"rotationY": -45.0,
					"faces": {
						"north": { "texture": "#normal1-6", "uv": [ 0.0, 0.0, 0.5, 16.0 ], "windMode": [0,4,4,0] },
						"east": { "texture": "#normal1-6", "uv": [ 0.0, 0.0, 0.5, 16.0 ], "windMode": [0,4,4,0] },
						"south": { "texture": "#normal1-6", "uv": [ 1.0, 0.0, 1.5, 16.0 ], "windMode": [0,0,4,4] },
						"west": { "texture": "#normal1-6", "uv": [ 0.0, 0.0, 0.5, 16.0 ], "windMode": [0,0,4,4] },
						"down": { "texture": "#normal1-6", "uv": [ 0.5, 14.5, 1.0, 15.0 ], "windMode": [0,0,0,0] }
					},
					"children": [
						{
							"name": "Leaf1",
							"from": [ -1.5, 6.0, -4.5 ],
							"to": [ 3.0, 6.0, 0.0 ],
							"rotationOrigin": [ 0.5, 6.0, 0.5 ],
							"rotationX": 6.0,
							"faces": {
								"up": { "texture": "#normal1-6", "uv": [ 6.5, 11.5, 11.0, 16.0 ], "windMode": [1,4,4,1] }
							}
						},
						{
							"name": "Leaf2",
							"from": [ -1.5, 9.0, -4.5 ],
							"to": [ 3.0, 9.0, 0.0 ],
							"rotationOrigin": [ 0.5, 9.0, 0.5 ],
							"rotationX": 14.0,
							"rotationY": 45.0,
							"rotationZ": -13.0,
							"faces": {
								"up": { "texture": "#normal1-6", "uv": [ 6.5, 11.5, 11.0, 16.0 ], "windMode": [1,4,4,1] }
							}
						},
						{
							"name": "Leaf3",
							"from": [ -1.5, 3.0, -4.5 ],
							"to": [ 3.0, 3.0, 0.0 ],
							"rotationOrigin": [ 0.5, 3.0, 0.5 ],
							"rotationX": -25.0,
							"rotationY": -157.5,
							"faces": {
								"up": { "texture": "#normal1-6", "uv": [ 6.5, 11.5, 11.0, 16.0 ], "windMode": [1,4,4,1] }
							}
						},
						{
							"name": "Leaf4",
							"from": [ -1.5, 12.0, -4.5 ],
							"to": [ 3.0, 12.0, 0.0 ],
							"rotationOrigin": [ 0.5, 12.0, 0.5 ],
							"rotationX": -3.0,
							"rotationY": 135.0,
							"rotationZ": -22.5,
							"faces": {
								"up": { "texture": "#normal1-6", "uv": [ 6.5, 11.5, 11.0, 16.0 ], "windMode": [1,4,4,1] }
							}
						},
						{
							"name": "Leaf5",
							"from": [ -1.5, 10.0, -4.5 ],
							"to": [ 3.0, 10.0, 0.0 ],
							"rotationOrigin": [ 0.5, 10.0, 0.5 ],
							"rotationX": -19.0,
							"rotationY": -135.0,
							"rotationZ": -6.0,
							"faces": {
								"up": { "texture": "#normal1-6", "uv": [ 6.5, 11.5, 11.0, 16.0 ], "windMode": [1,4,4,1] }
							}
						},
						{
							"name": "Leaf6",
							"from": [ -1.5, 13.0, -4.5 ],
							"to": [ 3.0, 13.0, 0.0 ],
							"rotationOrigin": [ 0.5, 13.0, 0.5 ],
							"rotationX": -3.0,
							"rotationY": -36.0,
							"rotationZ": -8.0,
							"faces": {
								"up": { "texture": "#normal1-6", "uv": [ 6.5, 11.5, 11.0, 16.0 ], "windMode": [1,4,4,1] }
							}
						},
						{
							"name": "head",
							"from": [ -0.5, 15.6, -0.5 ],
							"to": [ 1.5, 16.6, 1.5 ],
							"rotationOrigin": [ 0.5, 15.6, 0.5 ],
							"rotationX": 6.0,
							"rotationY": -45.0,
							"faces": {
								"north": { "texture": "#normal1-6", "uv": [ 0.5, 5.5, 1.5, 7.5 ], "rotation": 270, "windMode": [4,4,4,4], "windData": [0,1,1,0] },
								"east": { "texture": "#normal1-6", "uv": [ 1.0, 2.5, 2.0, 4.5 ], "rotation": 270, "windMode": [4,4,4,4], "windData": [0,1,1,0] },
								"south": { "texture": "#normal1-6", "uv": [ 0.0, 0.5, 1.0, 2.5 ], "rotation": 270, "windMode": [4,4,4,4], "windData": [0,0,1,1] },
								"west": { "texture": "#normal1-6", "uv": [ 4.0, 0.0, 5.0, 2.0 ], "rotation": 270, "windMode": [4,4,4,4], "windData": [0,0,1,1] },
								"up": { "texture": "#normal1-6", "uv": [ 2.0, 0.0, 4.0, 2.0 ], "windMode": [4,4,4,4], "windData": [1,1,1,1] },
								"down": { "texture": "#normal1-6", "uv": [ 2.0, 0.0, 4.0, 2.0 ], "windMode": [4,4,4,4] }
							},
							"children": [
								{
									"name": "flowerN",
									"from": [ -0.5, 1.0, -2.0 ],
									"to": [ 2.5, 1.0, 0.0 ],
									"rotationOrigin": [ 1.5, 1.0, 0.0 ],
									"rotationX": 132.0,
									"faces": {
										"down": { "texture": "#normal1-6", "uv": [ 2.0, 4.0, 4.0, 7.0 ], "rotation": 270, "windMode": [4,4,4,4], "windData": [1,1,1,1] }
									}
								},
								{
									"name": "flowerS",
									"from": [ -0.5, 1.0, 2.0 ],
									"to": [ 2.5, 1.0, 4.0 ],
									"rotationOrigin": [ 1.5, 1.0, 2.0 ],
									"rotationX": -132.0,
									"faces": {
										"down": { "texture": "#normal1-6", "uv": [ 2.0, 4.0, 4.0, 7.0 ], "rotation": 90, "windMode": [4,4,4,4], "windData": [1,1,1,1] }
									}
								},
								{
									"name": "flowerW",
									"from": [ -2.0, 1.0, -0.5 ],
									"to": [ 0.0, 1.0, 2.5 ],
									"rotationOrigin": [ 0.0, 1.0, 1.5 ],
									"rotationZ": -132.0,
									"faces": {
										"down": { "texture": "#normal1-6", "uv": [ 2.0, 4.0, 4.0, 7.0 ], "windMode": [4,4,4,4], "windData": [1,1,1,1] }
									}
								},
								{
									"name": "flowerE",
									"from": [ 2.0, 1.0, -0.5 ],
									"to": [ 2.0, 3.0, 2.5 ],
									"rotationOrigin": [ 2.0, 1.0, 1.5 ],
									"rotationZ": 48.0,
									"faces": {
										"east": { "texture": "#normal1-6", "uv": [ 2.0, 4.0, 4.0, 7.0 ], "rotation": 270, "windMode": [4,4,4,4], "windData": [1,1,1,1] }
									}
								}
							]
						}
					]
				},
				{
					"name": "stemdown15",
					"from": [ 4.5, -0.3, -4.5 ],
					"to": [ 5.3, 15.7, -3.7 ],
					"rotationOrigin": [ 5.0, -0.3, -4.0 ],
					"rotationX": 1.0,
					"rotationY": -42.0,
					"faces": {
						"north": { "texture": "#normal1-6", "uv": [ 0.0, 0.0, 0.5, 16.0 ], "windMode": [0,4,4,0] },
						"east": { "texture": "#normal1-6", "uv": [ 0.0, 0.0, 0.5, 16.0 ], "windMode": [0,4,4,0] },
						"south": { "texture": "#normal1-6", "uv": [ 0.0, 0.0, 0.5, 16.0 ], "windMode": [0,0,4,4] },
						"west": { "texture": "#normal1-6", "uv": [ 0.0, 0.0, 0.5, 16.0 ], "windMode": [0,0,4,4] },
						"down": { "texture": "#normal1-6", "uv": [ 0.5, 14.5, 1.0, 15.0 ], "windMode": [0,0,0,0] }
					},
					"children": [
						{
							"name": "Leaf22",
							"from": [ -1.5, 7.0, -4.5 ],
							"to": [ 3.0, 7.0, 0.0 ],
							"rotationOrigin": [ 0.5, 7.0, 0.5 ],
							"rotationX": 17.0,
							"rotationZ": 19.0,
							"faces": {
								"up": { "texture": "#normal1-6", "uv": [ 6.5, 11.5, 11.0, 16.0 ], "windMode": [1,4,4,1] }
							}
						},
						{
							"name": "Leaf23",
							"from": [ -1.5, 10.0, -4.5 ],
							"to": [ 3.0, 10.0, 0.0 ],
							"rotationOrigin": [ 0.5, 10.0, 0.5 ],
							"rotationX": 17.0,
							"rotationY": 39.0,
							"rotationZ": -3.0,
							"faces": {
								"up": { "texture": "#normal1-6", "uv": [ 6.5, 11.5, 11.0, 16.0 ], "windMode": [1,4,4,1] }
							}
						},
						{
							"name": "Leaf24",
							"from": [ -1.5, 5.0, -4.5 ],
							"to": [ 3.0, 5.0, 0.0 ],
							"rotationOrigin": [ 0.5, 5.0, 0.5 ],
							"rotationX": -14.0,
							"rotationY": -130.0,
							"faces": {
								"up": { "texture": "#normal1-6", "uv": [ 6.5, 11.5, 11.0, 16.0 ], "windMode": [1,4,4,1] }
							}
						},
						{
							"name": "Leaf25",
							"from": [ -1.5, 14.0, -4.5 ],
							"to": [ 3.0, 14.0, 0.0 ],
							"rotationOrigin": [ 0.5, 14.0, 0.5 ],
							"rotationX": -14.0,
							"rotationY": 163.0,
							"faces": {
								"up": { "texture": "#normal1-6", "uv": [ 6.5, 11.5, 11.0, 16.0 ], "windMode": [1,4,4,1] }
							}
						},
						{
							"name": "Leaf26",
							"from": [ -1.5, 9.0, -4.5 ],
							"to": [ 3.0, 9.0, 0.0 ],
							"rotationOrigin": [ 0.5, 9.0, 0.5 ],
							"rotationX": -19.0,
							"rotationY": -135.0,
							"rotationZ": -36.0,
							"faces": {
								"up": { "texture": "#normal1-6", "uv": [ 6.5, 11.5, 11.0, 16.0 ], "windMode": [1,4,4,1] }
							}
						},
						{
							"name": "Leaf27",
							"from": [ -1.5, 13.0, -4.5 ],
							"to": [ 3.0, 13.0, 0.0 ],
							"rotationOrigin": [ 0.5, 13.0, 0.5 ],
							"rotationX": -6.0,
							"rotationY": -58.0,
							"rotationZ": -11.0,
							"faces": {
								"up": { "texture": "#normal1-6", "uv": [ 6.5, 11.5, 11.0, 16.0 ], "windMode": [1,4,4,1] }
							}
						},
						{
							"name": "head17",
							"from": [ -0.5, 15.6, -0.5 ],
							"to": [ 1.5, 16.6, 1.5 ],
							"rotationOrigin": [ 0.5, 15.6, 0.5 ],
							"rotationX": -14.0,
							"rotationY": -45.0,
							"faces": {
								"north": { "texture": "#normal1-6", "uv": [ 0.0, 3.5, 1.0, 5.5 ], "rotation": 270, "windMode": [4,4,4,4], "windData": [0,0,1,0] },
								"east": { "texture": "#normal1-6", "uv": [ 0.5, 2.5, 1.5, 4.5 ], "rotation": 270, "windMode": [4,4,4,4], "windData": [0,1,1,0] },
								"south": { "texture": "#normal1-6", "uv": [ 0.0, 4.5, 1.0, 6.5 ], "rotation": 270, "windMode": [4,4,4,4], "windData": [0,0,1,1] },
								"west": { "texture": "#normal1-6", "uv": [ 0.5, 6.5, 1.5, 8.5 ], "rotation": 270, "windMode": [4,4,4,4], "windData": [0,0,1,0] },
								"up": { "texture": "#normal1-6", "uv": [ 2.0, 0.0, 4.0, 2.0 ], "windMode": [4,4,4,4], "windData": [0,1,1,1] },
								"down": { "texture": "#normal1-6", "uv": [ 2.0, 0.0, 4.0, 2.0 ], "windMode": [4,4,4,4] }
							},
							"children": [
								{
									"name": "flowerN18",
									"from": [ -0.5, 1.0, -2.0 ],
									"to": [ 2.5, 1.0, 0.0 ],
									"rotationOrigin": [ 1.5, 1.0, 0.0 ],
									"rotationX": 132.0,
									"faces": {
										"down": { "texture": "#normal1-6", "uv": [ 2.0, 4.0, 4.0, 7.0 ], "rotation": 270, "windMode": [4,4,4,4], "windData": [1,1,1,0] }
									}
								},
								{
									"name": "flowerS19",
									"from": [ -0.5, 1.0, 2.0 ],
									"to": [ 2.5, 1.0, 4.0 ],
									"rotationOrigin": [ 1.5, 1.0, 2.0 ],
									"rotationX": -132.0,
									"faces": {
										"down": { "texture": "#normal1-6", "uv": [ 2.0, 4.0, 4.0, 7.0 ], "rotation": 90, "windMode": [4,4,4,4], "windData": [1,1,1,1] }
									}
								},
								{
									"name": "flowerW20",
									"from": [ -2.0, 1.0, -0.5 ],
									"to": [ 0.0, 1.0, 2.5 ],
									"rotationOrigin": [ 0.0, 1.0, 1.5 ],
									"rotationZ": -132.0,
									"faces": {
										"down": { "texture": "#normal1-6", "uv": [ 2.0, 4.0, 4.0, 7.0 ], "windMode": [4,4,4,4], "windData": [1,0,1,1] }
									}
								},
								{
									"name": "flowerE21",
									"from": [ 2.0, 1.0, -0.5 ],
									"to": [ 2.0, 3.0, 2.5 ],
									"rotationOrigin": [ 2.0, 1.0, 1.5 ],
									"rotationZ": 48.0,
									"faces": {
										"east": { "texture": "#normal1-6", "uv": [ 2.0, 4.0, 4.0, 7.0 ], "rotation": 270, "windMode": [4,4,4,4], "windData": [1,1,1,1] }
									}
								}
							]
						}
					]
				},
				{
					"name": "stemdown28",
					"from": [ 4.5, -0.3, 4.5 ],
					"to": [ 5.3, 15.7, 5.3 ],
					"rotationOrigin": [ 5.0, -0.3, 5.0 ],
					"rotationX": -3.0,
					"rotationY": -39.0,
					"rotationZ": -2.0,
					"faces": {
						"north": { "texture": "#normal1-6", "uv": [ 0.0, 0.0, 0.5, 16.0 ], "windMode": [0,4,4,0] },
						"east": { "texture": "#normal1-6", "uv": [ 0.0, 0.0, 0.5, 16.0 ], "windMode": [0,4,4,0] },
						"south": { "texture": "#normal1-6", "uv": [ 0.0, 0.0, 0.5, 16.0 ], "windMode": [0,0,4,4] },
						"west": { "texture": "#normal1-6", "uv": [ 0.0, 0.0, 0.5, 16.0 ], "windMode": [0,0,4,4] },
						"down": { "texture": "#normal1-6", "uv": [ 0.5, 14.5, 1.0, 15.0 ], "windMode": [0,0,0,0] }
					},
					"children": [
						{
							"name": "Leaf35",
							"from": [ -1.5, 7.0, -4.5 ],
							"to": [ 3.0, 7.0, 0.0 ],
							"rotationOrigin": [ 0.5, 7.0, 0.5 ],
							"rotationX": 14.0,
							"rotationZ": -8.0,
							"faces": {
								"up": { "texture": "#normal1-6", "uv": [ 6.5, 11.5, 11.0, 16.0 ], "windMode": [1,4,4,1] }
							}
						},
						{
							"name": "Leaf36",
							"from": [ -1.5, 11.0, -4.5 ],
							"to": [ 3.0, 11.0, 0.0 ],
							"rotationOrigin": [ 0.5, 11.0, 0.5 ],
							"rotationX": 25.0,
							"rotationY": 3.0,
							"rotationZ": -6.0,
							"faces": {
								"up": { "texture": "#normal1-6", "uv": [ 6.5, 11.5, 11.0, 16.0 ], "windMode": [1,4,4,1] }
							}
						},
						{
							"name": "Leaf37",
							"from": [ -1.5, 3.0, -4.5 ],
							"to": [ 3.0, 3.0, 0.0 ],
							"rotationOrigin": [ 0.5, 3.0, 0.5 ],
							"rotationX": -25.0,
							"rotationY": -163.0,
							"faces": {
								"up": { "texture": "#normal1-6", "uv": [ 6.5, 11.5, 11.0, 16.0 ], "windMode": [1,4,4,1] }
							}
						},
						{
							"name": "Leaf38",
							"from": [ -1.5, 13.0, -4.5 ],
							"to": [ 3.0, 13.0, 0.0 ],
							"rotationOrigin": [ 0.5, 13.0, 0.5 ],
							"rotationX": -6.0,
							"rotationY": 114.0,
							"rotationZ": -8.0,
							"faces": {
								"up": { "texture": "#normal1-6", "uv": [ 6.5, 11.5, 11.0, 16.0 ], "windMode": [1,4,4,1] }
							}
						},
						{
							"name": "Leaf39",
							"from": [ -1.5, 10.0, -4.5 ],
							"to": [ 3.0, 10.0, 0.0 ],
							"rotationOrigin": [ 0.5, 10.0, 0.5 ],
							"rotationX": -11.0,
							"rotationY": -116.0,
							"rotationZ": -11.0,
							"faces": {
								"up": { "texture": "#normal1-6", "uv": [ 6.5, 11.5, 11.0, 16.0 ], "windMode": [1,4,4,1] }
							}
						},
						{
							"name": "Leaf40",
							"from": [ -1.5, 14.0, -4.5 ],
							"to": [ 3.0, 14.0, 0.0 ],
							"rotationOrigin": [ 0.5, 14.0, 0.5 ],
							"rotationX": -45.0,
							"rotationY": -94.0,
							"rotationZ": -45.0,
							"faces": {
								"up": { "texture": "#normal1-6", "uv": [ 6.5, 11.5, 11.0, 16.0 ], "windMode": [1,4,4,1] }
							}
						},
						{
							"name": "head30",
							"from": [ -0.5, 15.6, -0.5 ],
							"to": [ 1.5, 16.6, 1.5 ],
							"rotationOrigin": [ 0.5, 15.6, 0.5 ],
							"rotationX": -3.0,
							"rotationY": -45.0,
							"faces": {
								"north": { "texture": "#normal1-6", "uv": [ 1.0, 2.0, 2.0, 4.0 ], "rotation": 270, "windMode": [4,4,4,4], "windData": [0,1,1,0] },
								"east": { "texture": "#normal1-6", "uv": [ 0.0, 1.5, 1.0, 3.5 ], "rotation": 270, "windMode": [4,4,4,4], "windData": [0,1,1,0] },
								"south": { "texture": "#normal1-6", "uv": [ 0.5, 3.0, 1.5, 5.0 ], "rotation": 270, "windMode": [4,4,4,4], "windData": [0,0,1,1] },
								"west": { "texture": "#normal1-6", "uv": [ 1.0, 2.0, 2.0, 4.0 ], "rotation": 270, "windMode": [4,4,4,4], "windData": [0,0,1,1] },
								"up": { "texture": "#normal1-6", "uv": [ 2.0, 0.0, 4.0, 2.0 ], "windMode": [4,4,4,4], "windData": [1,1,1,1] },
								"down": { "texture": "#normal1-6", "uv": [ 2.0, 0.0, 4.0, 2.0 ], "windMode": [4,4,4,4] }
							},
							"children": [
								{
									"name": "flowerN31",
									"from": [ -0.5, 1.0, -2.0 ],
									"to": [ 2.5, 1.0, 0.0 ],
									"rotationOrigin": [ 1.5, 1.0, 0.0 ],
									"rotationX": 132.0,
									"faces": {
										"down": { "texture": "#normal1-6", "uv": [ 2.0, 4.0, 4.0, 7.0 ], "rotation": 270, "windMode": [4,4,4,4], "windData": [1,1,1,1] }
									}
								},
								{
									"name": "flowerS32",
									"from": [ -0.5, 1.0, 2.0 ],
									"to": [ 2.5, 1.0, 4.0 ],
									"rotationOrigin": [ 1.5, 1.0, 2.0 ],
									"rotationX": -132.0,
									"faces": {
										"down": { "texture": "#normal1-6", "uv": [ 2.0, 4.0, 4.0, 7.0 ], "rotation": 90, "windMode": [4,4,4,4], "windData": [1,1,1,1] }
									}
								},
								{
									"name": "flowerW33",
									"from": [ -2.0, 1.0, -0.5 ],
									"to": [ 0.0, 1.0, 2.5 ],
									"rotationOrigin": [ 0.0, 1.0, 1.5 ],
									"rotationZ": -132.0,
									"faces": {
										"down": { "texture": "#normal1-6", "uv": [ 2.0, 4.0, 4.0, 7.0 ], "windMode": [4,4,4,4], "windData": [1,1,1,1] }
									}
								},
								{
									"name": "flowerE34",
									"from": [ 2.0, 1.0, -0.5 ],
									"to": [ 2.0, 3.0, 2.5 ],
									"rotationOrigin": [ 2.0, 1.0, 1.5 ],
									"rotationZ": 48.0,
									"faces": {
										"east": { "texture": "#normal1-6", "uv": [ 2.0, 4.5, 4.0, 7.5 ], "rotation": 270, "windMode": [4,4,4,4], "windData": [1,1,1,1] }
									}
								}
							]
						}
					]
				},
				{
					"name": "stemdown41",
					"from": [ -4.5, -0.3, 4.5 ],
					"to": [ -3.7, 15.7, 5.3 ],
					"rotationOrigin": [ -4.0, -0.3, 5.0 ],
					"rotationX": -2.0,
					"rotationY": -30.0,
					"rotationZ": 1.0,
					"faces": {
						"north": { "texture": "#normal1-6", "uv": [ 0.0, 0.0, 0.5, 16.0 ], "windMode": [0,4,4,0] },
						"east": { "texture": "#normal1-6", "uv": [ 0.0, 0.0, 0.5, 16.0 ], "windMode": [0,4,4,0] },
						"south": { "texture": "#normal1-6", "uv": [ 0.0, 0.0, 0.5, 16.0 ], "windMode": [0,0,4,4] },
						"west": { "texture": "#normal1-6", "uv": [ 0.0, 0.0, 0.5, 16.0 ], "windMode": [0,0,4,4] },
						"down": { "texture": "#normal1-6", "uv": [ 0.5, 14.5, 1.0, 15.0 ], "windMode": [0,0,0,0] }
					},
					"children": [
						{
							"name": "Leaf48",
							"from": [ -1.5, 8.0, -4.5 ],
							"to": [ 3.0, 8.0, 0.0 ],
							"rotationOrigin": [ 0.5, 8.0, 0.5 ],
							"rotationX": -17.0,
							"rotationY": -36.0,
							"rotationZ": -14.0,
							"faces": {
								"up": { "texture": "#normal1-6", "uv": [ 2.0, 10.5, 6.5, 15.0 ], "windMode": [1,4,4,1] }
							}
						},
						{
							"name": "Leaf49",
							"from": [ -1.5, 8.0, -4.5 ],
							"to": [ 3.0, 8.0, 0.0 ],
							"rotationOrigin": [ 0.5, 8.0, 0.5 ],
							"rotationX": 17.0,
							"rotationY": 64.0,
							"rotationZ": -3.0,
							"faces": {
								"up": { "texture": "#normal1-6", "uv": [ 6.5, 11.5, 11.0, 16.0 ], "windMode": [1,4,4,1] }
							}
						},
						{
							"name": "Leaf50",
							"from": [ -1.5, 4.0, -4.5 ],
							"to": [ 3.0, 4.0, 0.0 ],
							"rotationOrigin": [ 0.5, 4.0, 0.5 ],
							"rotationX": -22.0,
							"rotationY": -180.0,
							"faces": {
								"up": { "texture": "#normal1-6", "uv": [ 6.5, 11.5, 11.0, 16.0 ], "windMode": [1,4,4,1] }
							}
						},
						{
							"name": "Leaf51",
							"from": [ -1.5, 12.0, -4.5 ],
							"to": [ 3.0, 12.0, 0.0 ],
							"rotationOrigin": [ 0.5, 12.0, 0.5 ],
							"rotationX": -17.0,
							"rotationY": 135.0,
							"faces": {
								"up": { "texture": "#normal1-6", "uv": [ 6.5, 11.5, 11.0, 16.0 ], "windMode": [1,4,4,1] }
							}
						},
						{
							"name": "Leaf52",
							"from": [ -1.5, 9.0, -4.5 ],
							"to": [ 3.0, 9.0, 0.0 ],
							"rotationOrigin": [ 0.5, 9.0, 0.5 ],
							"rotationX": -6.0,
							"rotationY": -135.0,
							"rotationZ": -11.0,
							"faces": {
								"up": { "texture": "#normal1-6", "uv": [ 6.5, 11.5, 11.0, 16.0 ], "windMode": [1,4,4,1] }
							}
						},
						{
							"name": "Leaf53",
							"from": [ -1.5, 13.0, -4.5 ],
							"to": [ 3.0, 13.0, 0.0 ],
							"rotationOrigin": [ 0.5, 13.0, 0.5 ],
							"rotationX": 11.0,
							"rotationY": -50.0,
							"rotationZ": 19.0,
							"faces": {
								"up": { "texture": "#normal1-6", "uv": [ 6.5, 11.5, 11.0, 16.0 ], "windMode": [1,4,4,1] }
							}
						},
						{
							"name": "head43",
							"from": [ -0.5, 15.6, -0.5 ],
							"to": [ 1.5, 16.6, 1.5 ],
							"rotationOrigin": [ 0.5, 15.6, 0.5 ],
							"rotationX": 6.0,
							"rotationY": -45.0,
							"faces": {
								"north": { "texture": "#normal1-6", "uv": [ 1.0, 4.5, 2.0, 6.5 ], "rotation": 270, "windMode": [4,4,4,4], "windData": [0,1,1,0] },
								"east": { "texture": "#normal1-6", "uv": [ 0.0, 4.0, 1.0, 6.0 ], "rotation": 270, "windMode": [4,4,4,4], "windData": [0,1,1,0] },
								"south": { "texture": "#normal1-6", "uv": [ 1.0, 4.0, 2.0, 6.0 ], "rotation": 270, "windMode": [4,4,4,4], "windData": [0,0,1,1] },
								"west": { "texture": "#normal1-6", "uv": [ 0.5, 6.0, 1.5, 8.0 ], "rotation": 270, "windMode": [4,4,4,4], "windData": [0,0,1,1] },
								"up": { "texture": "#normal1-6", "uv": [ 2.0, 0.0, 4.0, 2.0 ], "windMode": [4,4,4,4], "windData": [1,1,1,1] },
								"down": { "texture": "#normal1-6", "uv": [ 2.0, 0.0, 4.0, 2.0 ], "windMode": [4,4,4,4] }
							},
							"children": [
								{
									"name": "flowerN44",
									"from": [ -0.5, 1.0, -2.0 ],
									"to": [ 2.5, 1.0, 0.0 ],
									"rotationOrigin": [ 1.5, 1.0, 0.0 ],
									"rotationX": 132.0,
									"faces": {
										"down": { "texture": "#normal1-6", "uv": [ 2.0, 4.0, 4.0, 7.0 ], "rotation": 270, "windMode": [4,4,4,4], "windData": [1,1,1,1] }
									}
								},
								{
									"name": "flowerS45",
									"from": [ -0.5, 1.0, 2.0 ],
									"to": [ 2.5, 1.0, 4.0 ],
									"rotationOrigin": [ 1.6, 1.0, 2.0 ],
									"rotationX": -132.0,
									"faces": {
										"down": { "texture": "#normal1-6", "uv": [ 2.0, 4.0, 4.0, 7.0 ], "rotation": 90, "windMode": [4,4,4,4], "windData": [1,1,1,1] }
									}
								},
								{
									"name": "flowerW46",
									"from": [ -2.0, 1.0, -0.5 ],
									"to": [ 0.0, 1.0, 2.5 ],
									"rotationOrigin": [ 0.0, 1.0, 1.5 ],
									"rotationZ": -132.0,
									"faces": {
										"down": { "texture": "#normal1-6", "uv": [ 2.0, 4.0, 4.0, 7.0 ], "windMode": [4,4,4,4], "windData": [1,1,1,1] }
									}
								},
								{
									"name": "flowerE47",
									"from": [ 2.0, 1.0, -0.5 ],
									"to": [ 2.0, 3.0, 2.5 ],
									"rotationOrigin": [ 2.0, 1.0, 1.5 ],
									"rotationZ": 48.0,
									"faces": {
										"east": { "texture": "#normal1-6", "uv": [ 2.0, 4.0, 4.0, 7.0 ], "rotation": 270, "windMode": [4,4,4,4], "windData": [1,1,1,1] }
									}
								}
							]
						}
					]
				}
			]
		}
	]}