[
  {
    "op": "addmerge",
    "path": "/attributes/inCookedMealPropertiesByType",
    "value": {
      "*-cheddar-1slice": {
        "texture": "block/food/pie/fill-cheddar",
        "partType": "Filling"
      },
      "*-blue-1slice": {
        "texture": "block/food/pie/fill-bluecheese",
        "partType": "Filling"
      }
    },
    "file": "game:itemtypes/food/cheese.json",
    "side": "Server"
  },
  {
    "op": "addmerge",
    "path": "/attributes/inCookedMealPropertiesByType",
    "value": {
      "*-pinkapple": {
        "texture": "block/food/pie/fill-apple",
        "partType": "Filling"
      },
      "*-redapple": {
        "texture": "block/food/pie/fill-apple",
        "partType": "Filling"
      },
      "*-yellowapple": {
        "texture": "block/food/pie/fill-apple",
        "partType": "Filling"
      },
      "*": {
        "texture": "block/food/pie/fill-{fruit}",
        "partType": "Filling"
      }
    },
    "file": "game:itemtypes/food/fruit.json",
    "side": "Server"
  },
  {
    "op": "addmerge",
    "path": "/attributes/inCookedMealProperties",
    "value": {
      "texture": "block/food/pie/fill-{type}",
      "partType": "Filling"
    },
    "file": "game:itemtypes/food/pickledlegume.json",
    "side": "Server"
  },
  {
    "op": "addmerge",
    "path": "/attributes/inCookedMealProperties",
    "value": {
      "texture": "block/food/pie/fill-{type}",
      "partType": "Filling"
    },
    "file": "game:itemtypes/food/pickledvegetable.json",
    "side": "Server"
  },
  {
    "op": "addmerge",
    "path": "/attributes/inCookedMealPropertiesByType",
    "value": {
      "*-cooked": {
        "texture": "block/food/pie/fill-poultry",
        "partType": "Filling"
      },
      "*-cured": {
        "texture": "block/food/pie/fill-poultry",
        "partType": "Filling"
      }
    },
    "file": "game:itemtypes/food/poultry.json",
    "side": "Server"
  },
  {
    "op": "addmerge",
    "path": "/attributes/inCookedMealPropertiesByType",
    "value": {
      "*-cooked": {
        "texture": "block/food/pie/fill-fish",
        "partType": "Filling"
      },
      "*-cured": {
        "texture": "block/food/pie/fill-fish",
        "partType": "Filling"
      }
    },
    "file": "game:itemtypes/food/fish.json",
    "side": "Server"
  },
  {
    "op": "addmerge",
    "path": "/attributes/inCookedMealPropertiesByType",
    "value": {
      "*-cooked": {
        "texture": "block/food/pie/fill-redmeat",
        "partType": "Filling"
      },
      "*-cured": {
        "texture": "block/food/pie/fill-redmeat",
        "partType": "Filling"
      },
      "*-vintage": {
        "texture": "block/food/pie/fill-mixedmeat",
        "partType": "Filling"
      }
    },
    "file": "game:itemtypes/food/redmeat.json",
    "side": "Server"
  },
  {
    "op": "addmerge",
    "path": "/attributes/inCookedMealPropertiesByType",
    "value": {
      "*-cooked": {
        "texture": "block/food/pie/fill-bushmeat",
        "partType": "Filling"
      },
      "*-cured": {
        "texture": "block/food/pie/fill-bushmeat",
        "partType": "Filling"
      }
    },
    "file": "game:itemtypes/food/bushmeat.json",
    "side": "Server"
  },
  {
    "op": "addmerge",
    "path": "/attributes/inCookedMealPropertiesByType",
    "value": {
      "*-cookedcattailroot": {
        "texture": "block/food/pie/fill-cassava",
        "partType": "Filling"
      },
      "*-cookedpapyrusroot": {
        "texture": "block/food/pie/fill-cassava",
        "partType": "Filling"
      },
      "*": {
        "texture": "block/food/pie/fill-{type}",
        "partType": "Filling"
      }
    },
    "file": "game:itemtypes/food/vegetable.json",
    "side": "Server"
  },
  {
    "op": "addmerge",
    "path": "/attributes/inCookedMealPropertiesByType",
    "value": {
      "*-cooked": {
        "texture": "game:block/food/pie/fill-mixedmeat",
        "partType": "Filling"
      },
      "*-curedhealing": {
        "texture": "game:block/food/pie/fill-mixedmeat",
        "partType": "Filling"
      }
    },
    "dependsOn": [
      { "modid": "butchering" }
    ],
    "file": "butchering:itemtypes/food/primemeat.json",
    "side": "Server"
  },
  {
    "op": "addmerge",
    "path": "/attributes/inCookedMealPropertiesByType",
    "value": {
      "*": {
        "texture": "game:block/food/pie/fill-mixedmeat",
        "partType": "Filling"
      }
    },
    "dependsOn": [
      { "modid": "butchering" }
    ],
    "file": "butchering:itemtypes/food/smoked.json",
    "side": "Server"
  },
  {
    "op": "addmerge",
    "path": "/attributes/inCookedMealPropertiesByType",
    "value": {
      "*-cooked": {
        "texture": "game:block/food/pie/fill-mixedmeat",
        "partType": "Filling"
      }
    },
    "dependsOn": [
      { "modid": "butchering" }
    ],
    "file": "butchering:itemtypes/food/sausage.json",
    "side": "Server"
  },
  {
    "op": "addmerge",
    "path": "/attributes/inCookedMealPropertiesByType",
    "value": {
      "*-pittedcherry": {
        "texture": "game:block/food/pie/fill-cherry",
        "partType": "Filling"
      },
      "*-pittedbreadfruit": {
        "texture": "game:block/food/pie/fill-breadfruit",
        "partType": "Filling"
      },
      "*-pittedapricot": {
        "texture": "wildcraftfruit:block/food/pie/fill-apricot",
        "partType": "Filling"
      },
      "*-lillypillywhite": {
        "texture": "wildcraftfruit:block/food/pie/fill-lillypillypink",
        "partType": "Filling"
      },
      "*-lillypillyblue": {
        "texture": "wildcraftfruit:block/food/pie/fill-lillypillypink",
        "partType": "Filling"
      },
      "*-lemon": {
        "texture": "wildcraftfruit:block/food/pie/fill-citron",
        "partType": "Filling"
      },
      "*-cashewwhole": null,
      "*-beachalmondwhole": null,
      "*": {
        "texture": "wildcraftfruit:block/food/pie/fill-{fruit}",
        "partType": "Filling"
      }
    },
    "dependsOn": [
      { "modid": "wildcraftfruit" }
    ],
    "file": "wildcraftfruit:itemtypes/food/fruit.json",
    "side": "Server"
  },
  {
    "op": "addmerge",
    "path": "/attributes/inCookedMealPropertiesByType",
    "value": {
      "*": {
        "texture": "wildcraftfruit:block/food/pie/fill-{type}",
        "partType": "Filling"
      }
    },
    "dependsOn": [
      { "modid": "wildcraftfruit" }
    ],
    "file": "wildcraftfruit:itemtypes/food/vegetable.json",
    "side": "Server"
  },
  {
    "op": "addmerge",
    "path": "/attributes/inCookedMealPropertiesByType",
    "value": {
      "*-cucumber": {
        "texture": "wildcraftfruit:block/food/pie/fill-pickledcucumber",
        "partType": "Filling"
      },

      "*-caper": {
        "texture": "wildcraftfruit:block/food/pie/fill-pickledcaper",
        "partType": "Filling"
      },

      "*-caperberry": {
        "texture": "wildcraftfruit:block/food/pie/fill-pickledcaperberry",
        "partType": "Filling"
      }
    },
    "dependsOn": [
      { "modid": "wildcraftfruit" }
    ],
    "file": "wildcraftfruit:itemtypes/food/pickledvegetable.json",
    "side": "Server"
  },
  {
    "op": "addmerge",
    "path": "/attributes",
    "value": {
      "inCookedMealPropertiesByType": {
        "@*-(juniper|chestnut|pinenut|hackberrypit|commonhackberry|sugarhackberry|deserthackberry|oldmansaltbush|pumpkinseed|hazelnut|apricotpit|beachalmond|sumac|cherrypit|pistachionut|chocolate|halva|marzipan|peanutground|acornleached|bluequandong|breadnut)": {
          "texture": "block/food/pie/fill-{nut}",
          "partType": "Filling"
        },
        "@*-(acornshelled|breadnutbaked|chestnutbaked|pistachioberry|acorn|fermentedcocoa|macadamia|bunyacone|dwarfpinecone|marita|pandan|pinenutbar|macadamiabar|saltbushbar|beachalmondbar|bunyabar|cashewbar|pumpkinbar|pistachiobar|acornbar|hazelbar|sunflowerbar|cherrybar|hackberrybar|apricotbar|almondbar|peanutbar)": null,
        "@*-(apricotpitground|almondground)": {
          "texture": "block/food/pie/fill-marzipan",
          "partType": "Filling"
        },
        "*-pacoca": {
          "texture": "block/food/pie/fill-peanutground",
          "partType": "Filling"
        },
        "*": {
          "texture": "block/food/pie/fill-{nut}",
          "partType": "Filling"
        }
      }
    },
    "dependsOn": [
      { "modid": "wildcraftfruit" }
    ],
    "file": "wildcraftfruit:itemtypes/food/nut.json",
    "side": "Server"
  }
]