{
	"code": "compass",
	"creativeinventory": {
		"general": [ "*" ],
		"items": ["*"],
		"pysicalmap": [ "*" ]
	},
	"variantgroups": [
		{ "code": "type", "states": [ "hematite", "limonite", "magnetite" ] }
	],
	"behaviors": [
		{ "name": "GroundStorable", "properties": { "layout": "Quadrants", "collisionBox": { "x1": 0, "y1": 0, "z1": 0, "x2": 1, "y2": 0.125, "z2": 1 } } }
	],
	"shape": { "base": "pysicalmap_tk:item/compass" },
	"textures": {
		"ore": { "base": "game:item/resource/nugget/{type}" }
	},
	"storageFlags": 257,
	"heldTpIdleAnimation": "holdinglanternrighthand",
	"heldLeftTpIdleAnimation": "holdinglanternlefthand",
	"maxstacksize": 1,
	"attributes": {
		"displaycaseable": true,
		"shelvable": true,
		"groundStorageTransform": {
			"rotation": { "x": 0, "y": 5, "z": 0 },
		}
	},
	"guiTransform": {
		"translation": { "x": 2, "y": 3, "z": 0 },
		"rotation": { "x": 144, "y": 45, "z": 0 },
		"origin": { "x": 0.5, "y": 0.0625, "z": 0.5 },
		"scale": 3
	},
	"groundTransform": {
		"translation": { "x": 0.4, "y": 0, "z": 0.2 },
		"rotation": { "x": 0, "y": 0, "z": 0 },
		"origin": { "x": 0.5, "y": 0, "z": 0.5 },
		"scale": 4.25
	},
	"tpHandTransform": {
		"translation": { "x": -0.97, "y": -0.14, "z": -0.63 },
		"rotation": { "x": -50, "y": 15, "z": -104 },
		"origin": { "x": 0.5, "y": 0.1, "z": 0.5 },
		"scale": 0.66
	},
	"tpOffHandTransform": {
		"translation": { "x": -0.97, "y": -0.14, "z": -0.9 },
		"rotation": { "x": -124, "y": 17, "z": -77 },
		"origin": { "x": 0.5, "y": 0.1, "z": 0.5 },
		"scale": 0.66
	}
}