{
	"editor": {
		"allAngles": false,
		"entityTextureMode": false
	},
	"textureWidth": 16,
	"textureHeight": 16,
	"textureSizes": {
	},
	"textures": {
	},
	"elements": [
		{
			"name": "Cube11",
			"from": [ 0.0, 0.0, 0.0 ],
			"to": [ 16.0, 2.0, 16.0 ],
			"rotationOrigin": [ 16.0, 0.0, 0.0 ],
			"faces": {
				"north": { "texture": "#iron", "uv": [ 0.0, 0.0, 16.0, 2.0 ] },
				"east": { "texture": "#iron", "uv": [ 0.0, 0.0, 16.0, 2.0 ] },
				"south": { "texture": "#iron", "uv": [ 0.0, 0.0, 16.0, 2.0 ] },
				"west": { "texture": "#iron", "uv": [ 0.0, 0.0, 16.0, 2.0 ] },
				"up": { "texture": "#iron", "uv": [ 0.0, 0.0, 16.0, 16.0 ] },
				"down": { "texture": "#iron", "uv": [ 0.0, 0.0, 16.0, 16.0 ] }
			},
			"children": [
				{
					"name": "Cube1",
					"from": [ 9.0, 2.0, 7.5 ],
					"to": [ 10.0, 6.0, 8.5 ],
					"rotationOrigin": [ 10.0, 2.0, 7.5 ],
					"faces": {
						"north": { "texture": "#bismuthbronze", "uv": [ 0.0, 0.0, 1.0, 4.0 ] },
						"east": { "texture": "#bismuthbronze", "uv": [ 0.0, 0.0, 1.0, 4.0 ] },
						"south": { "texture": "#bismuthbronze", "uv": [ 0.0, 0.0, 1.0, 4.0 ] },
						"west": { "texture": "#bismuthbronze", "uv": [ 0.0, 0.0, 1.0, 4.0 ] },
						"up": { "texture": "#bismuthbronze", "uv": [ 0.0, 0.0, 1.0, 1.0 ] },
						"down": { "texture": "#bismuthbronze", "uv": [ 0.0, 0.0, 1.0, 1.0 ] }
					}
				},
				{
					"name": "Cube2",
					"from": [ 6.0, 2.0, 7.5 ],
					"to": [ 7.0, 6.0, 8.5 ],
					"rotationOrigin": [ 7.0, 2.0, 7.5 ],
					"faces": {
						"north": { "texture": "#bismuthbronze", "uv": [ 0.0, 0.0, 1.0, 4.0 ] },
						"east": { "texture": "#bismuthbronze", "uv": [ 0.0, 0.0, 1.0, 4.0 ] },
						"south": { "texture": "#bismuthbronze", "uv": [ 0.0, 0.0, 1.0, 4.0 ] },
						"west": { "texture": "#bismuthbronze", "uv": [ 0.0, 0.0, 1.0, 4.0 ] },
						"up": { "texture": "#bismuthbronze", "uv": [ 0.0, 0.0, 1.0, 1.0 ] },
						"down": { "texture": "#bismuthbronze", "uv": [ 0.0, 0.0, 1.0, 1.0 ] }
					}
				},
				{
					"name": "Cube3",
					"from": [ 7.5, 2.0, 6.0 ],
					"to": [ 8.5, 6.0, 7.0 ],
					"rotationOrigin": [ 8.5, 2.0, 6.0 ],
					"faces": {
						"north": { "texture": "#bismuthbronze", "uv": [ 0.0, 0.0, 1.0, 4.0 ] },
						"east": { "texture": "#bismuthbronze", "uv": [ 0.0, 0.0, 1.0, 4.0 ] },
						"south": { "texture": "#bismuthbronze", "uv": [ 0.0, 0.0, 1.0, 4.0 ] },
						"west": { "texture": "#bismuthbronze", "uv": [ 0.0, 0.0, 1.0, 4.0 ] },
						"up": { "texture": "#bismuthbronze", "uv": [ 0.0, 0.0, 1.0, 1.0 ] },
						"down": { "texture": "#bismuthbronze", "uv": [ 0.0, 0.0, 1.0, 1.0 ] }
					}
				},
				{
					"name": "Cube4",
					"from": [ 7.5, 2.0, 9.0 ],
					"to": [ 8.5, 6.0, 10.0 ],
					"rotationOrigin": [ 8.5, 2.0, 9.0 ],
					"faces": {
						"north": { "texture": "#bismuthbronze", "uv": [ 0.0, 0.0, 1.0, 4.0 ] },
						"east": { "texture": "#bismuthbronze", "uv": [ 0.0, 0.0, 1.0, 4.0 ] },
						"south": { "texture": "#bismuthbronze", "uv": [ 0.0, 0.0, 1.0, 4.0 ] },
						"west": { "texture": "#bismuthbronze", "uv": [ 0.0, 0.0, 1.0, 4.0 ] },
						"up": { "texture": "#bismuthbronze", "uv": [ 0.0, 0.0, 1.0, 1.0 ] },
						"down": { "texture": "#bismuthbronze", "uv": [ 0.0, 0.0, 1.0, 1.0 ] }
					}
				},
				{
					"name": "Cube12",
					"from": [ 2.0, 1.0, 2.0 ],
					"to": [ 14.0, 4.0, 14.0 ],
					"rotationOrigin": [ 14.0, 1.0, 2.0 ],
					"faces": {
						"north": { "texture": "#iron", "uv": [ 0.0, 0.0, 12.0, 3.0 ] },
						"east": { "texture": "#iron", "uv": [ 0.0, 0.0, 12.0, 3.0 ] },
						"south": { "texture": "#iron", "uv": [ 0.0, 0.0, 12.0, 3.0 ] },
						"west": { "texture": "#iron", "uv": [ 0.0, 0.0, 12.0, 3.0 ] },
						"up": { "texture": "#iron", "uv": [ 0.0, 0.0, 12.0, 12.0 ] },
						"down": { "texture": "#iron", "uv": [ 0.0, 0.0, 12.0, 12.0 ] }
					},
					"children": [
						{
							"name": "Cube5",
							"from": [ 9.8, 2.4, 0.2 ],
							"to": [ 11.8, 3.4, 2.2 ],
							"rotationOrigin": [ 11.8, 2.4, 0.2 ],
							"faces": {
								"north": { "texture": "#bismuthbronze", "uv": [ 0.0, 0.0, 2.0, 1.0 ] },
								"east": { "texture": "#bismuthbronze", "uv": [ 0.0, 0.0, 2.0, 1.0 ] },
								"south": { "texture": "#bismuthbronze", "uv": [ 0.0, 0.0, 2.0, 1.0 ] },
								"west": { "texture": "#bismuthbronze", "uv": [ 0.0, 0.0, 2.0, 1.0 ] },
								"up": { "texture": "#bismuthbronze", "uv": [ 0.0, 0.0, 2.0, 2.0 ] },
								"down": { "texture": "#bismuthbronze", "uv": [ 0.0, 0.0, 2.0, 2.0 ] }
							},
							"children": [
								{
									"name": "bulb",
									"from": [ 0.5, 0.9, 0.5 ],
									"to": [ 1.5, 3.4, 1.5 ],
									"renderPass": 3,
									"rotationOrigin": [ 1.5, 0.9, 0.5 ],
									"faces": {
										"north": { "texture": "#quartzglass", "uv": [ 0.0, 0.0, 1.0, 2.5 ] },
										"east": { "texture": "#quartzglass", "uv": [ 0.0, 0.0, 1.0, 2.5 ] },
										"south": { "texture": "#quartzglass", "uv": [ 0.0, 0.0, 1.0, 2.5 ] },
										"west": { "texture": "#quartzglass", "uv": [ 0.0, 0.0, 1.0, 2.5 ] },
										"up": { "texture": "#quartzglass", "uv": [ 0.0, 0.0, 1.0, 1.0 ] },
										"down": { "texture": "#quartzglass", "uv": [ 0.0, 0.0, 1.0, 1.0 ] }
									}
								},
								{
									"name": "Cube6",
									"from": [ 1.2, 0.8, 0.9 ],
									"to": [ 1.3, 2.8, 1.1 ],
									"rotationOrigin": [ 1.3, 0.8, 0.9 ],
									"faces": {
										"north": { "texture": "#stainlesssteel", "uv": [ 0.0, 0.0, 0.5, 2.0 ] },
										"east": { "texture": "#stainlesssteel", "uv": [ 0.0, 0.0, 0.5, 2.0 ] },
										"south": { "texture": "#stainlesssteel", "uv": [ 0.0, 0.0, 0.5, 2.0 ] },
										"west": { "texture": "#stainlesssteel", "uv": [ 0.0, 0.0, 0.5, 2.0 ] },
										"up": { "texture": "#stainlesssteel", "uv": [ 0.0, 0.0, 0.5, 0.5 ] },
										"down": { "texture": "#stainlesssteel", "uv": [ 0.0, 0.0, 0.5, 0.5 ] }
									},
									"children": [
										{
											"name": "Cube8",
											"from": [ -0.45, 1.8, 0.05 ],
											"to": [ 0.05, 1.9, 0.15 ],
											"rotationOrigin": [ 0.1, 1.8, 0.1 ],
											"faces": {
												"north": { "texture": "#copper", "uv": [ 0.0, 0.0, 0.5, 0.5 ], "windMode": [-1,-1,-1,-1] },
												"east": { "texture": "#copper", "uv": [ 0.0, 0.0, 0.5, 0.5 ], "windMode": [-1,-1,-1,-1] },
												"south": { "texture": "#copper", "uv": [ 0.0, 0.0, 0.5, 0.5 ], "windMode": [-1,-1,-1,-1] },
												"west": { "texture": "#copper", "uv": [ 0.0, 0.0, 0.5, 0.5 ], "windMode": [-1,-1,-1,-1] },
												"up": { "texture": "#copper", "uv": [ 0.0, 0.0, 0.5, 0.5 ], "windMode": [-1,-1,-1,-1] },
												"down": { "texture": "#copper", "uv": [ 0.0, 0.0, 0.5, 0.5 ], "windMode": [-1,-1,-1,-1] }
											}
										}
									]
								},
								{
									"name": "Cube7",
									"from": [ 0.7, 0.8, 0.9 ],
									"to": [ 0.8, 2.8, 1.1 ],
									"rotationOrigin": [ 0.8, 0.8, 0.9 ],
									"faces": {
										"north": { "texture": "#stainlesssteel", "uv": [ 0.0, 0.0, 0.5, 2.0 ] },
										"east": { "texture": "#stainlesssteel", "uv": [ 0.0, 0.0, 0.5, 2.0 ] },
										"south": { "texture": "#stainlesssteel", "uv": [ 0.0, 0.0, 0.5, 2.0 ] },
										"west": { "texture": "#stainlesssteel", "uv": [ 0.0, 0.0, 0.5, 2.0 ] },
										"up": { "texture": "#stainlesssteel", "uv": [ 0.0, 0.0, 0.5, 0.5 ] },
										"down": { "texture": "#stainlesssteel", "uv": [ 0.0, 0.0, 0.5, 0.5 ] }
									}
								}
							]
						},
						{
							"name": "Cube9",
							"from": [ 7.3, 2.4, 0.2 ],
							"to": [ 9.3, 3.4, 2.2 ],
							"rotationOrigin": [ 9.3, 2.4, 0.2 ],
							"faces": {
								"north": { "texture": "#bismuthbronze", "uv": [ 0.0, 0.0, 2.0, 1.0 ] },
								"east": { "texture": "#bismuthbronze", "uv": [ 0.0, 0.0, 2.0, 1.0 ] },
								"south": { "texture": "#bismuthbronze", "uv": [ 0.0, 0.0, 2.0, 1.0 ] },
								"west": { "texture": "#bismuthbronze", "uv": [ 0.0, 0.0, 2.0, 1.0 ] },
								"up": { "texture": "#bismuthbronze", "uv": [ 0.0, 0.0, 2.0, 2.0 ] },
								"down": { "texture": "#bismuthbronze", "uv": [ 0.0, 0.0, 2.0, 2.0 ] }
							},
							"children": [
								{
									"name": "bulb2",
									"from": [ 0.5, 0.9, 0.5 ],
									"to": [ 1.5, 3.4, 1.5 ],
									"renderPass": 3,
									"rotationOrigin": [ 1.5, 0.9, 0.5 ],
									"faces": {
										"north": { "texture": "#quartzglass", "uv": [ 0.0, 0.0, 1.0, 2.5 ] },
										"east": { "texture": "#quartzglass", "uv": [ 0.0, 0.0, 1.0, 2.5 ] },
										"south": { "texture": "#quartzglass", "uv": [ 0.0, 0.0, 1.0, 2.5 ] },
										"west": { "texture": "#quartzglass", "uv": [ 0.0, 0.0, 1.0, 2.5 ] },
										"up": { "texture": "#quartzglass", "uv": [ 0.0, 0.0, 1.0, 1.0 ] },
										"down": { "texture": "#quartzglass", "uv": [ 0.0, 0.0, 1.0, 1.0 ] }
									}
								},
								{
									"name": "Cube10",
									"from": [ 1.2, 0.8, 0.9 ],
									"to": [ 1.3, 2.8, 1.1 ],
									"rotationOrigin": [ 1.3, 0.8, 0.9 ],
									"faces": {
										"north": { "texture": "#stainlesssteel", "uv": [ 0.0, 0.0, 0.5, 2.0 ] },
										"east": { "texture": "#stainlesssteel", "uv": [ 0.0, 0.0, 0.5, 2.0 ] },
										"south": { "texture": "#stainlesssteel", "uv": [ 0.0, 0.0, 0.5, 2.0 ] },
										"west": { "texture": "#stainlesssteel", "uv": [ 0.0, 0.0, 0.5, 2.0 ] },
										"up": { "texture": "#stainlesssteel", "uv": [ 0.0, 0.0, 0.5, 0.5 ] },
										"down": { "texture": "#stainlesssteel", "uv": [ 0.0, 0.0, 0.5, 0.5 ] }
									},
									"children": [
										{
											"name": "Cube43",
											"from": [ -0.45, 1.8, 0.05 ],
											"to": [ 0.05, 1.9, 0.15 ],
											"rotationOrigin": [ 0.1, 1.8, 0.1 ],
											"faces": {
												"north": { "texture": "#copper", "uv": [ 0.0, 0.0, 0.5, 0.5 ] },
												"east": { "texture": "#copper", "uv": [ 0.0, 0.0, 0.5, 0.5 ] },
												"south": { "texture": "#copper", "uv": [ 0.0, 0.0, 0.5, 0.5 ] },
												"west": { "texture": "#copper", "uv": [ 0.0, 0.0, 0.5, 0.5 ] },
												"up": { "texture": "#copper", "uv": [ 0.0, 0.0, 0.5, 0.5 ] },
												"down": { "texture": "#copper", "uv": [ 0.0, 0.0, 0.5, 0.5 ] }
											}
										}
									]
								},
								{
									"name": "Cube44",
									"from": [ 0.7, 0.8, 0.9 ],
									"to": [ 0.8, 2.8, 1.1 ],
									"rotationOrigin": [ 0.8, 0.8, 0.9 ],
									"faces": {
										"north": { "texture": "#stainlesssteel", "uv": [ 0.0, 0.0, 0.5, 2.0 ] },
										"east": { "texture": "#stainlesssteel", "uv": [ 0.0, 0.0, 0.5, 2.0 ] },
										"south": { "texture": "#stainlesssteel", "uv": [ 0.0, 0.0, 0.5, 2.0 ] },
										"west": { "texture": "#stainlesssteel", "uv": [ 0.0, 0.0, 0.5, 2.0 ] },
										"up": { "texture": "#stainlesssteel", "uv": [ 0.0, 0.0, 0.5, 0.5 ] },
										"down": { "texture": "#stainlesssteel", "uv": [ 0.0, 0.0, 0.5, 0.5 ] }
									}
								}
							]
						},
						{
							"name": "Cube45",
							"from": [ 0.2, 2.4, 9.8 ],
							"to": [ 2.2, 3.4, 11.8 ],
							"rotationOrigin": [ 2.2, 2.4, 9.8 ],
							"faces": {
								"north": { "texture": "#bismuthbronze", "uv": [ 0.0, 0.0, 2.0, 1.0 ] },
								"east": { "texture": "#bismuthbronze", "uv": [ 0.0, 0.0, 2.0, 1.0 ] },
								"south": { "texture": "#bismuthbronze", "uv": [ 0.0, 0.0, 2.0, 1.0 ] },
								"west": { "texture": "#bismuthbronze", "uv": [ 0.0, 0.0, 2.0, 1.0 ] },
								"up": { "texture": "#bismuthbronze", "uv": [ 0.0, 0.0, 2.0, 2.0 ] },
								"down": { "texture": "#bismuthbronze", "uv": [ 0.0, 0.0, 2.0, 2.0 ] }
							},
							"children": [
								{
									"name": "bulb3",
									"from": [ 0.5, 0.9, 0.5 ],
									"to": [ 1.5, 3.4, 1.5 ],
									"renderPass": 3,
									"rotationOrigin": [ 1.5, 0.9, 0.5 ],
									"faces": {
										"north": { "texture": "#quartzglass", "uv": [ 0.0, 0.0, 1.0, 2.5 ] },
										"east": { "texture": "#quartzglass", "uv": [ 0.0, 0.0, 1.0, 2.5 ] },
										"south": { "texture": "#quartzglass", "uv": [ 0.0, 0.0, 1.0, 2.5 ] },
										"west": { "texture": "#quartzglass", "uv": [ 0.0, 0.0, 1.0, 2.5 ] },
										"up": { "texture": "#quartzglass", "uv": [ 0.0, 0.0, 1.0, 1.0 ] },
										"down": { "texture": "#quartzglass", "uv": [ 0.0, 0.0, 1.0, 1.0 ] }
									}
								},
								{
									"name": "Cube46",
									"from": [ 1.2, 0.8, 0.9 ],
									"to": [ 1.3, 2.8, 1.1 ],
									"rotationOrigin": [ 1.3, 0.8, 0.9 ],
									"faces": {
										"north": { "texture": "#stainlesssteel", "uv": [ 0.0, 0.0, 0.5, 2.0 ] },
										"east": { "texture": "#stainlesssteel", "uv": [ 0.0, 0.0, 0.5, 2.0 ] },
										"south": { "texture": "#stainlesssteel", "uv": [ 0.0, 0.0, 0.5, 2.0 ] },
										"west": { "texture": "#stainlesssteel", "uv": [ 0.0, 0.0, 0.5, 2.0 ] },
										"up": { "texture": "#stainlesssteel", "uv": [ 0.0, 0.0, 0.5, 0.5 ] },
										"down": { "texture": "#stainlesssteel", "uv": [ 0.0, 0.0, 0.5, 0.5 ] }
									},
									"children": [
										{
											"name": "Cube47",
											"from": [ -0.45, 1.8, 0.05 ],
											"to": [ 0.05, 1.9, 0.15 ],
											"rotationOrigin": [ 0.1, 1.8, 0.1 ],
											"faces": {
												"north": { "texture": "#copper", "uv": [ 0.0, 0.0, 0.5, 0.5 ] },
												"east": { "texture": "#copper", "uv": [ 0.0, 0.0, 0.5, 0.5 ] },
												"south": { "texture": "#copper", "uv": [ 0.0, 0.0, 0.5, 0.5 ] },
												"west": { "texture": "#copper", "uv": [ 0.0, 0.0, 0.5, 0.5 ] },
												"up": { "texture": "#copper", "uv": [ 0.0, 0.0, 0.5, 0.5 ] },
												"down": { "texture": "#copper", "uv": [ 0.0, 0.0, 0.5, 0.5 ] }
											}
										}
									]
								},
								{
									"name": "Cube48",
									"from": [ 0.7, 0.8, 0.9 ],
									"to": [ 0.8, 2.8, 1.1 ],
									"rotationOrigin": [ 0.8, 0.8, 0.9 ],
									"faces": {
										"north": { "texture": "#stainlesssteel", "uv": [ 0.0, 0.0, 0.5, 2.0 ] },
										"east": { "texture": "#stainlesssteel", "uv": [ 0.0, 0.0, 0.5, 2.0 ] },
										"south": { "texture": "#stainlesssteel", "uv": [ 0.0, 0.0, 0.5, 2.0 ] },
										"west": { "texture": "#stainlesssteel", "uv": [ 0.0, 0.0, 0.5, 2.0 ] },
										"up": { "texture": "#stainlesssteel", "uv": [ 0.0, 0.0, 0.5, 0.5 ] },
										"down": { "texture": "#stainlesssteel", "uv": [ 0.0, 0.0, 0.5, 0.5 ] }
									}
								}
							]
						},
						{
							"name": "Cube61",
							"from": [ 4.5, 2.5, 4.5 ],
							"to": [ 7.5, 4.2, 7.5 ],
							"rotationOrigin": [ 6.0, 2.5, 6.0 ],
							"rotationY": 45.0,
							"faces": {
								"north": { "texture": "#stainlesssteel", "uv": [ 0.0, 0.0, 3.0, 1.5 ] },
								"east": { "texture": "#stainlesssteel", "uv": [ 0.0, 0.0, 3.0, 1.5 ] },
								"south": { "texture": "#stainlesssteel", "uv": [ 0.0, 0.0, 3.0, 1.5 ] },
								"west": { "texture": "#stainlesssteel", "uv": [ 0.0, 0.0, 3.0, 1.5 ] },
								"up": { "texture": "#stainlesssteel", "uv": [ 0.0, 0.0, 3.0, 3.0 ] },
								"down": { "texture": "#stainlesssteel", "uv": [ 0.0, 0.0, 3.0, 3.0 ] }
							}
						},
						{
							"name": "Cube62",
							"from": [ 4.0, 2.8, 4.0 ],
							"to": [ 8.0, 3.4, 8.0 ],
							"rotationOrigin": [ 6.0, 2.8, 6.0 ],
							"rotationY": 45.0,
							"faces": {
								"north": { "texture": "#steel", "uv": [ 0.0, 0.0, 4.0, 0.5 ] },
								"east": { "texture": "#steel", "uv": [ 0.0, 0.0, 4.0, 0.5 ] },
								"south": { "texture": "#steel", "uv": [ 0.0, 0.0, 4.0, 0.5 ] },
								"west": { "texture": "#steel", "uv": [ 0.0, 0.0, 4.0, 0.5 ] },
								"up": { "texture": "#steel", "uv": [ 0.0, 0.0, 4.0, 4.0 ] },
								"down": { "texture": "#steel", "uv": [ 0.0, 0.0, 4.0, 4.0 ] }
							}
						}
					]
				},
				{
					"name": "Cube13",
					"from": [ 1.0, 0.1, 3.0 ],
					"to": [ 15.0, 3.1, 13.0 ],
					"rotationOrigin": [ 15.0, 0.1, 3.0 ],
					"faces": {
						"north": { "texture": "#copper", "uv": [ 0.0, 0.0, 10.0, 3.0 ], "glow": 170, "autoUv": false, "windMode": [-1,-1,-1,-1] },
						"east": { "texture": "#copper", "uv": [ 0.0, 0.0, 10.0, 3.0 ], "glow": 170, "windMode": [-1,-1,-1,-1] },
						"south": { "texture": "#copper", "uv": [ 0.0, 0.0, 14.0, 3.0 ], "glow": 170, "windMode": [-1,-1,-1,-1] },
						"west": { "texture": "#copper", "uv": [ 0.0, 0.0, 10.0, 3.0 ], "glow": 170, "windMode": [-1,-1,-1,-1] },
						"up": { "texture": "#copper", "uv": [ 0.0, 0.0, 14.0, 10.0 ], "glow": 170, "windMode": [-1,-1,-1,-1] },
						"down": { "texture": "#copper", "uv": [ 0.0, 0.0, 14.0, 10.0 ], "glow": 170, "windMode": [-1,-1,-1,-1] }
					},
					"children": [
						{
							"name": "Cube14",
							"from": [ -0.3, 0.3, -0.1 ],
							"to": [ 14.3, 3.3, 0.9 ],
							"rotationOrigin": [ 14.3, 0.3, -0.1 ],
							"faces": {
								"north": { "texture": "#steel", "uv": [ 0.0, 0.0, 1.0, 3.0 ] },
								"east": { "texture": "#steel", "uv": [ 0.0, 0.0, 14.5, 3.0 ] },
								"south": { "texture": "#steel", "uv": [ 0.0, 0.0, 1.0, 3.0 ] },
								"west": { "texture": "#steel", "uv": [ 0.0, 0.0, 14.5, 3.0 ] },
								"up": { "texture": "#steel", "uv": [ 0.0, 0.0, 1.0, 14.5 ] },
								"down": { "texture": "#steel", "uv": [ 0.0, 0.0, 1.0, 14.5 ] }
							}
						},
						{
							"name": "Cube15",
							"from": [ -0.3, 0.3, 9.1 ],
							"to": [ 14.3, 3.3, 10.1 ],
							"rotationOrigin": [ 14.3, 0.3, 9.1 ],
							"faces": {
								"north": { "texture": "#steel", "uv": [ 0.0, 0.0, 1.0, 3.0 ] },
								"east": { "texture": "#steel", "uv": [ 0.0, 0.0, 14.5, 3.0 ] },
								"south": { "texture": "#steel", "uv": [ 0.0, 0.0, 1.0, 3.0 ] },
								"west": { "texture": "#steel", "uv": [ 0.0, 0.0, 14.5, 3.0 ] },
								"up": { "texture": "#steel", "uv": [ 0.0, 0.0, 1.0, 14.5 ] },
								"down": { "texture": "#steel", "uv": [ 0.0, 0.0, 1.0, 14.5 ] }
							}
						},
						{
							"name": "Cube16",
							"from": [ -0.1, 0.1, 8.8 ],
							"to": [ 14.1, 3.1, 9.0 ],
							"rotationOrigin": [ 14.1, 0.1, 8.8 ],
							"faces": {
								"north": { "texture": "#zinc", "uv": [ 0.0, 0.0, 0.5, 3.0 ] },
								"east": { "texture": "#zinc", "uv": [ 0.0, 0.0, 14.0, 3.0 ] },
								"south": { "texture": "#zinc", "uv": [ 0.0, 0.0, 0.5, 3.0 ] },
								"west": { "texture": "#zinc", "uv": [ 0.0, 0.0, 14.0, 3.0 ] },
								"up": { "texture": "#zinc", "uv": [ 0.0, 0.0, 0.5, 14.0 ] },
								"down": { "texture": "#zinc", "uv": [ 0.0, 0.0, 0.5, 14.0 ] }
							}
						},
						{
							"name": "Cube17",
							"from": [ -0.1, 0.1, 8.5 ],
							"to": [ 14.1, 3.1, 8.7 ],
							"rotationOrigin": [ 14.1, 0.1, 8.5 ],
							"faces": {
								"north": { "texture": "#zinc", "uv": [ 0.0, 0.0, 0.5, 3.0 ] },
								"east": { "texture": "#zinc", "uv": [ 0.0, 0.0, 14.0, 3.0 ] },
								"south": { "texture": "#zinc", "uv": [ 0.0, 0.0, 0.5, 3.0 ] },
								"west": { "texture": "#zinc", "uv": [ 0.0, 0.0, 14.0, 3.0 ] },
								"up": { "texture": "#zinc", "uv": [ 0.0, 0.0, 0.5, 14.0 ] },
								"down": { "texture": "#zinc", "uv": [ 0.0, 0.0, 0.5, 14.0 ] }
							}
						},
						{
							"name": "Cube18",
							"from": [ -0.1, 0.1, 8.2 ],
							"to": [ 14.1, 3.1, 8.4 ],
							"rotationOrigin": [ 14.1, 0.1, 8.2 ],
							"faces": {
								"north": { "texture": "#zinc", "uv": [ 0.0, 0.0, 0.5, 3.0 ] },
								"east": { "texture": "#zinc", "uv": [ 0.0, 0.0, 14.0, 3.0 ] },
								"south": { "texture": "#zinc", "uv": [ 0.0, 0.0, 0.5, 3.0 ] },
								"west": { "texture": "#zinc", "uv": [ 0.0, 0.0, 14.0, 3.0 ] },
								"up": { "texture": "#zinc", "uv": [ 0.0, 0.0, 0.5, 14.0 ] },
								"down": { "texture": "#zinc", "uv": [ 0.0, 0.0, 0.5, 14.0 ] }
							}
						},
						{
							"name": "Cube19",
							"from": [ -0.1, 0.1, 7.9 ],
							"to": [ 14.1, 3.1, 8.1 ],
							"rotationOrigin": [ 14.1, 0.1, 7.9 ],
							"faces": {
								"north": { "texture": "#zinc", "uv": [ 0.0, 0.0, 0.5, 3.0 ] },
								"east": { "texture": "#zinc", "uv": [ 0.0, 0.0, 14.0, 3.0 ] },
								"south": { "texture": "#zinc", "uv": [ 0.0, 0.0, 0.5, 3.0 ] },
								"west": { "texture": "#zinc", "uv": [ 0.0, 0.0, 14.0, 3.0 ] },
								"up": { "texture": "#zinc", "uv": [ 0.0, 0.0, 0.5, 14.0 ] },
								"down": { "texture": "#zinc", "uv": [ 0.0, 0.0, 0.5, 14.0 ] }
							}
						},
						{
							"name": "Cube20",
							"from": [ -0.1, 0.1, 7.6 ],
							"to": [ 14.1, 3.1, 7.8 ],
							"rotationOrigin": [ 14.1, 0.1, 7.6 ],
							"faces": {
								"north": { "texture": "#zinc", "uv": [ 0.0, 0.0, 0.5, 3.0 ] },
								"east": { "texture": "#zinc", "uv": [ 0.0, 0.0, 14.0, 3.0 ] },
								"south": { "texture": "#zinc", "uv": [ 0.0, 0.0, 0.5, 3.0 ] },
								"west": { "texture": "#zinc", "uv": [ 0.0, 0.0, 14.0, 3.0 ] },
								"up": { "texture": "#zinc", "uv": [ 0.0, 0.0, 0.5, 14.0 ] },
								"down": { "texture": "#zinc", "uv": [ 0.0, 0.0, 0.5, 14.0 ] }
							}
						},
						{
							"name": "Cube21",
							"from": [ -0.1, 0.1, 7.3 ],
							"to": [ 14.1, 3.1, 7.5 ],
							"rotationOrigin": [ 14.1, 0.1, 7.3 ],
							"faces": {
								"north": { "texture": "#zinc", "uv": [ 0.0, 0.0, 0.5, 3.0 ] },
								"east": { "texture": "#zinc", "uv": [ 0.0, 0.0, 14.0, 3.0 ] },
								"south": { "texture": "#zinc", "uv": [ 0.0, 0.0, 0.5, 3.0 ] },
								"west": { "texture": "#zinc", "uv": [ 0.0, 0.0, 14.0, 3.0 ] },
								"up": { "texture": "#zinc", "uv": [ 0.0, 0.0, 0.5, 14.0 ] },
								"down": { "texture": "#zinc", "uv": [ 0.0, 0.0, 0.5, 14.0 ] }
							}
						},
						{
							"name": "Cube22",
							"from": [ -0.1, 0.1, 7.0 ],
							"to": [ 14.1, 3.1, 7.2 ],
							"rotationOrigin": [ 14.1, 0.1, 7.0 ],
							"faces": {
								"north": { "texture": "#zinc", "uv": [ 0.0, 0.0, 0.5, 3.0 ] },
								"east": { "texture": "#zinc", "uv": [ 0.0, 0.0, 14.0, 3.0 ] },
								"south": { "texture": "#zinc", "uv": [ 0.0, 0.0, 0.5, 3.0 ] },
								"west": { "texture": "#zinc", "uv": [ 0.0, 0.0, 14.0, 3.0 ] },
								"up": { "texture": "#zinc", "uv": [ 0.0, 0.0, 0.5, 14.0 ] },
								"down": { "texture": "#zinc", "uv": [ 0.0, 0.0, 0.5, 14.0 ] }
							}
						},
						{
							"name": "Cube23",
							"from": [ -0.1, 0.1, 6.7 ],
							"to": [ 14.1, 3.1, 6.9 ],
							"rotationOrigin": [ 14.1, 0.1, 6.7 ],
							"faces": {
								"north": { "texture": "#zinc", "uv": [ 0.0, 0.0, 0.5, 3.0 ] },
								"east": { "texture": "#zinc", "uv": [ 0.0, 0.0, 14.0, 3.0 ] },
								"south": { "texture": "#zinc", "uv": [ 0.0, 0.0, 0.5, 3.0 ] },
								"west": { "texture": "#zinc", "uv": [ 0.0, 0.0, 14.0, 3.0 ] },
								"up": { "texture": "#zinc", "uv": [ 0.0, 0.0, 0.5, 14.0 ] },
								"down": { "texture": "#zinc", "uv": [ 0.0, 0.0, 0.5, 14.0 ] }
							}
						},
						{
							"name": "Cube24",
							"from": [ -0.1, 0.1, 6.4 ],
							"to": [ 14.1, 3.1, 6.6 ],
							"rotationOrigin": [ 14.1, 0.1, 6.4 ],
							"faces": {
								"north": { "texture": "#zinc", "uv": [ 0.0, 0.0, 0.5, 3.0 ] },
								"east": { "texture": "#zinc", "uv": [ 0.0, 0.0, 14.0, 3.0 ] },
								"south": { "texture": "#zinc", "uv": [ 0.0, 0.0, 0.5, 3.0 ] },
								"west": { "texture": "#zinc", "uv": [ 0.0, 0.0, 14.0, 3.0 ] },
								"up": { "texture": "#zinc", "uv": [ 0.0, 0.0, 0.5, 14.0 ] },
								"down": { "texture": "#zinc", "uv": [ 0.0, 0.0, 0.5, 14.0 ] }
							}
						},
						{
							"name": "Cube25",
							"from": [ -0.1, 0.1, 6.1 ],
							"to": [ 14.1, 3.1, 6.3 ],
							"rotationOrigin": [ 14.1, 0.1, 6.1 ],
							"faces": {
								"north": { "texture": "#zinc", "uv": [ 0.0, 0.0, 0.5, 3.0 ] },
								"east": { "texture": "#zinc", "uv": [ 0.0, 0.0, 14.0, 3.0 ] },
								"south": { "texture": "#zinc", "uv": [ 0.0, 0.0, 0.5, 3.0 ] },
								"west": { "texture": "#zinc", "uv": [ 0.0, 0.0, 14.0, 3.0 ] },
								"up": { "texture": "#zinc", "uv": [ 0.0, 0.0, 0.5, 14.0 ] },
								"down": { "texture": "#zinc", "uv": [ 0.0, 0.0, 0.5, 14.0 ] }
							}
						},
						{
							"name": "Cube26",
							"from": [ -0.1, 0.1, 5.8 ],
							"to": [ 14.1, 3.1, 6.0 ],
							"rotationOrigin": [ 14.1, 0.1, 5.8 ],
							"faces": {
								"north": { "texture": "#zinc", "uv": [ 0.0, 0.0, 0.5, 3.0 ] },
								"east": { "texture": "#zinc", "uv": [ 0.0, 0.0, 14.0, 3.0 ] },
								"south": { "texture": "#zinc", "uv": [ 0.0, 0.0, 0.5, 3.0 ] },
								"west": { "texture": "#zinc", "uv": [ 0.0, 0.0, 14.0, 3.0 ] },
								"up": { "texture": "#zinc", "uv": [ 0.0, 0.0, 0.5, 14.0 ] },
								"down": { "texture": "#zinc", "uv": [ 0.0, 0.0, 0.5, 14.0 ] }
							}
						},
						{
							"name": "Cube27",
							"from": [ -0.1, 0.1, 5.5 ],
							"to": [ 14.1, 3.1, 5.7 ],
							"rotationOrigin": [ 14.1, 0.1, 5.5 ],
							"faces": {
								"north": { "texture": "#zinc", "uv": [ 0.0, 0.0, 0.5, 3.0 ] },
								"east": { "texture": "#zinc", "uv": [ 0.0, 0.0, 14.0, 3.0 ] },
								"south": { "texture": "#zinc", "uv": [ 0.0, 0.0, 0.5, 3.0 ] },
								"west": { "texture": "#zinc", "uv": [ 0.0, 0.0, 14.0, 3.0 ] },
								"up": { "texture": "#zinc", "uv": [ 0.0, 0.0, 0.5, 14.0 ] },
								"down": { "texture": "#zinc", "uv": [ 0.0, 0.0, 0.5, 14.0 ] }
							}
						},
						{
							"name": "Cube28",
							"from": [ -0.1, 0.1, 5.2 ],
							"to": [ 14.1, 3.1, 5.4 ],
							"rotationOrigin": [ 14.1, 0.1, 5.2 ],
							"faces": {
								"north": { "texture": "#zinc", "uv": [ 0.0, 0.0, 0.5, 3.0 ] },
								"east": { "texture": "#zinc", "uv": [ 0.0, 0.0, 14.0, 3.0 ] },
								"south": { "texture": "#zinc", "uv": [ 0.0, 0.0, 0.5, 3.0 ] },
								"west": { "texture": "#zinc", "uv": [ 0.0, 0.0, 14.0, 3.0 ] },
								"up": { "texture": "#zinc", "uv": [ 0.0, 0.0, 0.5, 14.0 ] },
								"down": { "texture": "#zinc", "uv": [ 0.0, 0.0, 0.5, 14.0 ] }
							}
						},
						{
							"name": "Cube29",
							"from": [ -0.1, 0.1, 4.9 ],
							"to": [ 14.1, 3.1, 5.1 ],
							"rotationOrigin": [ 14.1, 0.1, 4.9 ],
							"faces": {
								"north": { "texture": "#zinc", "uv": [ 0.0, 0.0, 0.5, 3.0 ] },
								"east": { "texture": "#zinc", "uv": [ 0.0, 0.0, 14.0, 3.0 ] },
								"south": { "texture": "#zinc", "uv": [ 0.0, 0.0, 0.5, 3.0 ] },
								"west": { "texture": "#zinc", "uv": [ 0.0, 0.0, 14.0, 3.0 ] },
								"up": { "texture": "#zinc", "uv": [ 0.0, 0.0, 0.5, 14.0 ] },
								"down": { "texture": "#zinc", "uv": [ 0.0, 0.0, 0.5, 14.0 ] }
							}
						},
						{
							"name": "Cube30",
							"from": [ -0.1, 0.1, 4.6 ],
							"to": [ 14.1, 3.1, 4.8 ],
							"rotationOrigin": [ 14.1, 0.1, 4.6 ],
							"faces": {
								"north": { "texture": "#zinc", "uv": [ 0.0, 0.0, 0.5, 3.0 ] },
								"east": { "texture": "#zinc", "uv": [ 0.0, 0.0, 14.0, 3.0 ] },
								"south": { "texture": "#zinc", "uv": [ 0.0, 0.0, 0.5, 3.0 ] },
								"west": { "texture": "#zinc", "uv": [ 0.0, 0.0, 14.0, 3.0 ] },
								"up": { "texture": "#zinc", "uv": [ 0.0, 0.0, 0.5, 14.0 ] },
								"down": { "texture": "#zinc", "uv": [ 0.0, 0.0, 0.5, 14.0 ] }
							}
						},
						{
							"name": "Cube31",
							"from": [ -0.1, 0.1, 4.3 ],
							"to": [ 14.1, 3.1, 4.5 ],
							"rotationOrigin": [ 14.1, 0.1, 4.3 ],
							"faces": {
								"north": { "texture": "#zinc", "uv": [ 0.0, 0.0, 0.5, 3.0 ] },
								"east": { "texture": "#zinc", "uv": [ 0.0, 0.0, 14.0, 3.0 ] },
								"south": { "texture": "#zinc", "uv": [ 0.0, 0.0, 0.5, 3.0 ] },
								"west": { "texture": "#zinc", "uv": [ 0.0, 0.0, 14.0, 3.0 ] },
								"up": { "texture": "#zinc", "uv": [ 0.0, 0.0, 0.5, 14.0 ] },
								"down": { "texture": "#zinc", "uv": [ 0.0, 0.0, 0.5, 14.0 ] }
							}
						},
						{
							"name": "Cube32",
							"from": [ -0.1, 0.1, 4.0 ],
							"to": [ 14.1, 3.1, 4.2 ],
							"rotationOrigin": [ 14.1, 0.1, 4.0 ],
							"faces": {
								"north": { "texture": "#zinc", "uv": [ 0.0, 0.0, 0.5, 3.0 ] },
								"east": { "texture": "#zinc", "uv": [ 0.0, 0.0, 14.0, 3.0 ] },
								"south": { "texture": "#zinc", "uv": [ 0.0, 0.0, 0.5, 3.0 ] },
								"west": { "texture": "#zinc", "uv": [ 0.0, 0.0, 14.0, 3.0 ] },
								"up": { "texture": "#zinc", "uv": [ 0.0, 0.0, 0.5, 14.0 ] },
								"down": { "texture": "#zinc", "uv": [ 0.0, 0.0, 0.5, 14.0 ] }
							}
						},
						{
							"name": "Cube33",
							"from": [ -0.1, 0.1, 3.7 ],
							"to": [ 14.1, 3.1, 3.9 ],
							"rotationOrigin": [ 14.1, 0.1, 3.7 ],
							"faces": {
								"north": { "texture": "#zinc", "uv": [ 0.0, 0.0, 0.5, 3.0 ] },
								"east": { "texture": "#zinc", "uv": [ 0.0, 0.0, 14.0, 3.0 ] },
								"south": { "texture": "#zinc", "uv": [ 0.0, 0.0, 0.5, 3.0 ] },
								"west": { "texture": "#zinc", "uv": [ 0.0, 0.0, 14.0, 3.0 ] },
								"up": { "texture": "#zinc", "uv": [ 0.0, 0.0, 0.5, 14.0 ] },
								"down": { "texture": "#zinc", "uv": [ 0.0, 0.0, 0.5, 14.0 ] }
							}
						},
						{
							"name": "Cube34",
							"from": [ -0.1, 0.1, 3.4 ],
							"to": [ 14.1, 3.1, 3.6 ],
							"rotationOrigin": [ 14.1, 0.1, 3.4 ],
							"faces": {
								"north": { "texture": "#zinc", "uv": [ 0.0, 0.0, 0.5, 3.0 ] },
								"east": { "texture": "#zinc", "uv": [ 0.0, 0.0, 14.0, 3.0 ] },
								"south": { "texture": "#zinc", "uv": [ 0.0, 0.0, 0.5, 3.0 ] },
								"west": { "texture": "#zinc", "uv": [ 0.0, 0.0, 14.0, 3.0 ] },
								"up": { "texture": "#zinc", "uv": [ 0.0, 0.0, 0.5, 14.0 ] },
								"down": { "texture": "#zinc", "uv": [ 0.0, 0.0, 0.5, 14.0 ] }
							}
						},
						{
							"name": "Cube35",
							"from": [ -0.1, 0.1, 3.1 ],
							"to": [ 14.1, 3.1, 3.3 ],
							"rotationOrigin": [ 14.1, 0.1, 3.1 ],
							"faces": {
								"north": { "texture": "#zinc", "uv": [ 0.0, 0.0, 0.5, 3.0 ] },
								"east": { "texture": "#zinc", "uv": [ 0.0, 0.0, 14.0, 3.0 ] },
								"south": { "texture": "#zinc", "uv": [ 0.0, 0.0, 0.5, 3.0 ] },
								"west": { "texture": "#zinc", "uv": [ 0.0, 0.0, 14.0, 3.0 ] },
								"up": { "texture": "#zinc", "uv": [ 0.0, 0.0, 0.5, 14.0 ] },
								"down": { "texture": "#zinc", "uv": [ 0.0, 0.0, 0.5, 14.0 ] }
							}
						},
						{
							"name": "Cube36",
							"from": [ -0.1, 0.1, 2.8 ],
							"to": [ 14.1, 3.1, 3.0 ],
							"rotationOrigin": [ 14.1, 0.1, 2.8 ],
							"faces": {
								"north": { "texture": "#zinc", "uv": [ 0.0, 0.0, 0.5, 3.0 ] },
								"east": { "texture": "#zinc", "uv": [ 0.0, 0.0, 14.0, 3.0 ] },
								"south": { "texture": "#zinc", "uv": [ 0.0, 0.0, 0.5, 3.0 ] },
								"west": { "texture": "#zinc", "uv": [ 0.0, 0.0, 14.0, 3.0 ] },
								"up": { "texture": "#zinc", "uv": [ 0.0, 0.0, 0.5, 14.0 ] },
								"down": { "texture": "#zinc", "uv": [ 0.0, 0.0, 0.5, 14.0 ] }
							}
						},
						{
							"name": "Cube37",
							"from": [ -0.1, 0.1, 2.5 ],
							"to": [ 14.1, 3.1, 2.7 ],
							"rotationOrigin": [ 14.1, 0.1, 2.5 ],
							"faces": {
								"north": { "texture": "#zinc", "uv": [ 0.0, 0.0, 0.5, 3.0 ] },
								"east": { "texture": "#zinc", "uv": [ 0.0, 0.0, 14.0, 3.0 ] },
								"south": { "texture": "#zinc", "uv": [ 0.0, 0.0, 0.5, 3.0 ] },
								"west": { "texture": "#zinc", "uv": [ 0.0, 0.0, 14.0, 3.0 ] },
								"up": { "texture": "#zinc", "uv": [ 0.0, 0.0, 0.5, 14.0 ] },
								"down": { "texture": "#zinc", "uv": [ 0.0, 0.0, 0.5, 14.0 ] }
							}
						},
						{
							"name": "Cube38",
							"from": [ -0.1, 0.1, 2.2 ],
							"to": [ 14.1, 3.1, 2.4 ],
							"rotationOrigin": [ 14.1, 0.1, 2.2 ],
							"faces": {
								"north": { "texture": "#zinc", "uv": [ 0.0, 0.0, 0.5, 3.0 ] },
								"east": { "texture": "#zinc", "uv": [ 0.0, 0.0, 14.0, 3.0 ] },
								"south": { "texture": "#zinc", "uv": [ 0.0, 0.0, 0.5, 3.0 ] },
								"west": { "texture": "#zinc", "uv": [ 0.0, 0.0, 14.0, 3.0 ] },
								"up": { "texture": "#zinc", "uv": [ 0.0, 0.0, 0.5, 14.0 ] },
								"down": { "texture": "#zinc", "uv": [ 0.0, 0.0, 0.5, 14.0 ] }
							}
						},
						{
							"name": "Cube39",
							"from": [ -0.1, 0.1, 1.9 ],
							"to": [ 14.1, 3.1, 2.1 ],
							"rotationOrigin": [ 14.1, 0.1, 1.9 ],
							"faces": {
								"north": { "texture": "#zinc", "uv": [ 0.0, 0.0, 0.5, 3.0 ] },
								"east": { "texture": "#zinc", "uv": [ 0.0, 0.0, 14.0, 3.0 ] },
								"south": { "texture": "#zinc", "uv": [ 0.0, 0.0, 0.5, 3.0 ] },
								"west": { "texture": "#zinc", "uv": [ 0.0, 0.0, 14.0, 3.0 ] },
								"up": { "texture": "#zinc", "uv": [ 0.0, 0.0, 0.5, 14.0 ] },
								"down": { "texture": "#zinc", "uv": [ 0.0, 0.0, 0.5, 14.0 ] }
							}
						},
						{
							"name": "Cube40",
							"from": [ -0.1, 0.1, 1.6 ],
							"to": [ 14.1, 3.1, 1.8 ],
							"rotationOrigin": [ 14.1, 0.1, 1.6 ],
							"faces": {
								"north": { "texture": "#zinc", "uv": [ 0.0, 0.0, 0.5, 3.0 ] },
								"east": { "texture": "#zinc", "uv": [ 0.0, 0.0, 14.0, 3.0 ] },
								"south": { "texture": "#zinc", "uv": [ 0.0, 0.0, 0.5, 3.0 ] },
								"west": { "texture": "#zinc", "uv": [ 0.0, 0.0, 14.0, 3.0 ] },
								"up": { "texture": "#zinc", "uv": [ 0.0, 0.0, 0.5, 14.0 ] },
								"down": { "texture": "#zinc", "uv": [ 0.0, 0.0, 0.5, 14.0 ] }
							}
						},
						{
							"name": "Cube41",
							"from": [ -0.1, 0.1, 1.3 ],
							"to": [ 14.1, 3.1, 1.5 ],
							"rotationOrigin": [ 14.1, 0.1, 1.3 ],
							"faces": {
								"north": { "texture": "#zinc", "uv": [ 0.0, 0.0, 0.5, 3.0 ] },
								"east": { "texture": "#zinc", "uv": [ 0.0, 0.0, 14.0, 3.0 ] },
								"south": { "texture": "#zinc", "uv": [ 0.0, 0.0, 0.5, 3.0 ] },
								"west": { "texture": "#zinc", "uv": [ 0.0, 0.0, 14.0, 3.0 ] },
								"up": { "texture": "#zinc", "uv": [ 0.0, 0.0, 0.5, 14.0 ] },
								"down": { "texture": "#zinc", "uv": [ 0.0, 0.0, 0.5, 14.0 ] }
							}
						},
						{
							"name": "Cube42",
							"from": [ -0.1, 0.1, 1.0 ],
							"to": [ 14.1, 3.1, 1.2 ],
							"rotationOrigin": [ 14.1, 0.1, 1.0 ],
							"faces": {
								"north": { "texture": "#zinc", "uv": [ 0.0, 0.0, 0.5, 3.0 ] },
								"east": { "texture": "#zinc", "uv": [ 0.0, 0.0, 14.0, 3.0 ] },
								"south": { "texture": "#zinc", "uv": [ 0.0, 0.0, 0.5, 3.0 ] },
								"west": { "texture": "#zinc", "uv": [ 0.0, 0.0, 14.0, 3.0 ] },
								"up": { "texture": "#zinc", "uv": [ 0.0, 0.0, 0.5, 14.0 ] },
								"down": { "texture": "#zinc", "uv": [ 0.0, 0.0, 0.5, 14.0 ] }
							}
						},
						{
							"name": "Cube49",
							"from": [ 2.1, 1.3, 11.5 ],
							"to": [ 13.7, 2.2, 11.8 ],
							"rotationOrigin": [ 13.7, 1.3, 11.5 ],
							"faces": {
								"north": { "texture": "#copper", "uv": [ 0.0, 0.0, 0.5, 0.5 ] },
								"east": { "texture": "#copper", "uv": [ 0.0, 0.0, 11.5, 0.5 ] },
								"south": { "texture": "#copper", "uv": [ 0.0, 0.0, 0.5, 0.5 ] },
								"west": { "texture": "#copper", "uv": [ 0.0, 0.0, 11.5, 0.5 ] },
								"up": { "texture": "#copper", "uv": [ 0.0, 0.0, 0.5, 11.5 ] },
								"down": { "texture": "#copper", "uv": [ 0.0, 0.0, 0.5, 11.5 ] }
							}
						},
						{
							"name": "Cube50",
							"from": [ 13.4, 1.3, 9.5 ],
							"to": [ 13.7, 2.2, 11.8 ],
							"rotationOrigin": [ 13.7, 1.3, 9.5 ],
							"faces": {
								"north": { "texture": "#copper", "uv": [ 0.0, 0.0, 2.0, 0.5 ] },
								"east": { "texture": "#copper", "uv": [ 0.0, 0.0, 0.5, 0.5 ] },
								"south": { "texture": "#copper", "uv": [ 0.0, 0.0, 2.0, 0.5 ] },
								"west": { "texture": "#copper", "uv": [ 0.0, 0.0, 0.5, 0.5 ] },
								"up": { "texture": "#copper", "uv": [ 0.0, 0.0, 2.0, 0.5 ] },
								"down": { "texture": "#copper", "uv": [ 0.0, 0.0, 2.0, 0.5 ] }
							}
						},
						{
							"name": "Cube51",
							"from": [ 2.1, 1.3, 9.5 ],
							"to": [ 2.4, 2.2, 11.8 ],
							"rotationOrigin": [ 2.4, 1.3, 9.5 ],
							"faces": {
								"north": { "texture": "#copper", "uv": [ 0.0, 0.0, 2.0, 0.5 ] },
								"east": { "texture": "#copper", "uv": [ 0.0, 0.0, 0.5, 0.5 ] },
								"south": { "texture": "#copper", "uv": [ 0.0, 0.0, 2.0, 0.5 ] },
								"west": { "texture": "#copper", "uv": [ 0.0, 0.0, 0.5, 0.5 ] },
								"up": { "texture": "#copper", "uv": [ 0.0, 0.0, 2.0, 0.5 ] },
								"down": { "texture": "#copper", "uv": [ 0.0, 0.0, 2.0, 0.5 ] }
							}
						},
						{
							"name": "Cube52",
							"from": [ 2.1, 1.3, 10.0 ],
							"to": [ 2.4, 4.2, 11.3 ],
							"rotationOrigin": [ 2.4, 1.3, 10.0 ],
							"faces": {
								"north": { "texture": "#copper", "uv": [ 0.0, 0.0, 1.0, 2.5 ] },
								"east": { "texture": "#copper", "uv": [ 0.0, 0.0, 0.5, 2.5 ] },
								"south": { "texture": "#copper", "uv": [ 0.0, 0.0, 1.0, 2.5 ] },
								"west": { "texture": "#copper", "uv": [ 0.0, 0.0, 0.5, 2.5 ] },
								"up": { "texture": "#copper", "uv": [ 0.0, 0.0, 1.0, 0.5 ] },
								"down": { "texture": "#copper", "uv": [ 0.0, 0.0, 1.0, 0.5 ] }
							}
						},
						{
							"name": "Cube53",
							"from": [ -0.1, 1.3, -2.5 ],
							"to": [ 11.5, 2.2, -2.2 ],
							"rotationOrigin": [ 11.5, 1.3, -2.5 ],
							"faces": {
								"north": { "texture": "#copper", "uv": [ 0.0, 0.0, 0.5, 0.5 ] },
								"east": { "texture": "#copper", "uv": [ 0.0, 0.0, 11.5, 0.5 ] },
								"south": { "texture": "#copper", "uv": [ 0.0, 0.0, 0.5, 0.5 ] },
								"west": { "texture": "#copper", "uv": [ 0.0, 0.0, 11.5, 0.5 ] },
								"up": { "texture": "#copper", "uv": [ 0.0, 0.0, 0.5, 11.5 ] },
								"down": { "texture": "#copper", "uv": [ 0.0, 0.0, 0.5, 11.5 ] }
							}
						},
						{
							"name": "Cube54",
							"from": [ 0.6, 1.3, -1.8 ],
							"to": [ 9.2, 2.2, -1.5 ],
							"rotationOrigin": [ 9.2, 1.3, -1.8 ],
							"faces": {
								"north": { "texture": "#copper", "uv": [ 0.0, 0.0, 0.5, 0.5 ] },
								"east": { "texture": "#copper", "uv": [ 0.0, 0.0, 8.5, 0.5 ] },
								"south": { "texture": "#copper", "uv": [ 0.0, 0.0, 0.5, 0.5 ] },
								"west": { "texture": "#copper", "uv": [ 0.0, 0.0, 8.5, 0.5 ] },
								"up": { "texture": "#copper", "uv": [ 0.0, 0.0, 0.5, 8.5 ] },
								"down": { "texture": "#copper", "uv": [ 0.0, 0.0, 0.5, 8.5 ] }
							}
						},
						{
							"name": "Cube55",
							"from": [ 8.9, 1.3, -1.8 ],
							"to": [ 9.2, 2.2, 0.5 ],
							"rotationOrigin": [ 9.2, 1.3, -1.8 ],
							"faces": {
								"north": { "texture": "#copper", "uv": [ 0.0, 0.0, 2.0, 0.5 ] },
								"east": { "texture": "#copper", "uv": [ 0.0, 0.0, 0.5, 0.5 ] },
								"south": { "texture": "#copper", "uv": [ 0.0, 0.0, 2.0, 0.5 ] },
								"west": { "texture": "#copper", "uv": [ 0.0, 0.0, 0.5, 0.5 ] },
								"up": { "texture": "#copper", "uv": [ 0.0, 0.0, 2.0, 0.5 ] },
								"down": { "texture": "#copper", "uv": [ 0.0, 0.0, 2.0, 0.5 ] }
							}
						},
						{
							"name": "Cube56",
							"from": [ 11.2, 1.3, -2.3 ],
							"to": [ 11.5, 2.2, 0.0 ],
							"rotationOrigin": [ 11.5, 1.3, -2.3 ],
							"faces": {
								"north": { "texture": "#copper", "uv": [ 0.0, 0.0, 2.0, 0.5 ] },
								"east": { "texture": "#copper", "uv": [ 0.0, 0.0, 0.5, 0.5 ] },
								"south": { "texture": "#copper", "uv": [ 0.0, 0.0, 2.0, 0.5 ] },
								"west": { "texture": "#copper", "uv": [ 0.0, 0.0, 0.5, 0.5 ] },
								"up": { "texture": "#copper", "uv": [ 0.0, 0.0, 2.0, 0.5 ] },
								"down": { "texture": "#copper", "uv": [ 0.0, 0.0, 2.0, 0.5 ] }
							}
						},
						{
							"name": "Cube57",
							"from": [ -0.1, 1.3, -2.3 ],
							"to": [ 0.2, 2.2, 0.0 ],
							"rotationOrigin": [ 0.2, 1.3, -2.3 ],
							"faces": {
								"north": { "texture": "#copper", "uv": [ 0.0, 0.0, 2.0, 0.5 ] },
								"east": { "texture": "#copper", "uv": [ 0.0, 0.0, 0.5, 0.5 ] },
								"south": { "texture": "#copper", "uv": [ 0.0, 0.0, 2.0, 0.5 ] },
								"west": { "texture": "#copper", "uv": [ 0.0, 0.0, 0.5, 0.5 ] },
								"up": { "texture": "#copper", "uv": [ 0.0, 0.0, 2.0, 0.5 ] },
								"down": { "texture": "#copper", "uv": [ 0.0, 0.0, 2.0, 0.5 ] }
							}
						},
						{
							"name": "Cube58",
							"from": [ 0.6, 1.3, -1.8 ],
							"to": [ 0.9, 2.2, 0.5 ],
							"rotationOrigin": [ 0.9, 1.3, -1.8 ],
							"faces": {
								"north": { "texture": "#copper", "uv": [ 0.0, 0.0, 2.0, 0.5 ] },
								"east": { "texture": "#copper", "uv": [ 0.0, 0.0, 0.5, 0.5 ] },
								"south": { "texture": "#copper", "uv": [ 0.0, 0.0, 2.0, 0.5 ] },
								"west": { "texture": "#copper", "uv": [ 0.0, 0.0, 0.5, 0.5 ] },
								"up": { "texture": "#copper", "uv": [ 0.0, 0.0, 2.0, 0.5 ] },
								"down": { "texture": "#copper", "uv": [ 0.0, 0.0, 2.0, 0.5 ] }
							}
						},
						{
							"name": "Cube59",
							"from": [ 8.9, 1.3, -1.3 ],
							"to": [ 9.2, 4.2, 0.0 ],
							"rotationOrigin": [ 9.2, 1.3, -1.3 ],
							"faces": {
								"north": { "texture": "#copper", "uv": [ 0.0, 0.0, 1.0, 2.5 ] },
								"east": { "texture": "#copper", "uv": [ 0.0, 0.0, 0.5, 2.5 ] },
								"south": { "texture": "#copper", "uv": [ 0.0, 0.0, 1.0, 2.5 ] },
								"west": { "texture": "#copper", "uv": [ 0.0, 0.0, 0.5, 2.5 ] },
								"up": { "texture": "#copper", "uv": [ 0.0, 0.0, 1.0, 0.5 ] },
								"down": { "texture": "#copper", "uv": [ 0.0, 0.0, 1.0, 0.5 ] }
							}
						},
						{
							"name": "Cube60",
							"from": [ 11.2, 1.3, -1.3 ],
							"to": [ 11.5, 4.2, 0.0 ],
							"rotationOrigin": [ 11.5, 1.3, -1.3 ],
							"faces": {
								"north": { "texture": "#copper", "uv": [ 0.0, 0.0, 1.0, 2.5 ] },
								"east": { "texture": "#copper", "uv": [ 0.0, 0.0, 0.5, 2.5 ] },
								"south": { "texture": "#copper", "uv": [ 0.0, 0.0, 1.0, 2.5 ] },
								"west": { "texture": "#copper", "uv": [ 0.0, 0.0, 0.5, 2.5 ] },
								"up": { "texture": "#copper", "uv": [ 0.0, 0.0, 1.0, 0.5 ] },
								"down": { "texture": "#copper", "uv": [ 0.0, 0.0, 1.0, 0.5 ] }
							}
						},
						{
							"name": "Cube63",
							"from": [ 6.8, 3.3, 7.0 ],
							"to": [ 7.1, 4.2, 9.29 ],
							"rotationOrigin": [ 7.1, 3.3, 7.0 ],
							"rotationY": 45.0,
							"faces": {
								"north": { "texture": "#copper", "uv": [ 0.0, 0.0, 2.0, 0.5 ] },
								"east": { "texture": "#copper", "uv": [ 0.0, 0.0, 0.5, 0.5 ] },
								"south": { "texture": "#copper", "uv": [ 0.0, 0.0, 2.0, 0.5 ] },
								"west": { "texture": "#copper", "uv": [ 0.0, 0.0, 0.5, 0.5 ] },
								"up": { "texture": "#copper", "uv": [ 0.0, 0.0, 2.0, 0.5 ] },
								"down": { "texture": "#copper", "uv": [ 0.0, 0.0, 2.0, 0.5 ] }
							},
							"children": [
								{
									"name": "Cube64",
									"from": [ 0.5, 0.0, 0.0 ],
									"to": [ 0.8, 0.9, 2.49 ],
									"rotationOrigin": [ 0.8, 0.0, 0.0 ],
									"faces": {
										"north": { "texture": "#copper", "uv": [ 0.0, 0.0, 2.0, 0.5 ] },
										"east": { "texture": "#copper", "uv": [ 0.0, 0.0, 0.5, 0.5 ] },
										"south": { "texture": "#copper", "uv": [ 0.0, 0.0, 2.0, 0.5 ] },
										"west": { "texture": "#copper", "uv": [ 0.0, 0.0, 0.5, 0.5 ] },
										"up": { "texture": "#copper", "uv": [ 0.0, 0.0, 2.0, 0.5 ] },
										"down": { "texture": "#copper", "uv": [ 0.0, 0.0, 2.0, 0.5 ] }
									}
								},
								{
									"name": "Cube65",
									"from": [ 1.0, 0.0, 0.0 ],
									"to": [ 1.3, 0.9, 2.7 ],
									"rotationOrigin": [ 1.3, 0.0, 0.0 ],
									"faces": {
										"north": { "texture": "#copper", "uv": [ 0.0, 0.0, 2.5, 0.5 ] },
										"east": { "texture": "#copper", "uv": [ 0.0, 0.0, 0.5, 0.5 ] },
										"south": { "texture": "#copper", "uv": [ 0.0, 0.0, 2.5, 0.5 ] },
										"west": { "texture": "#copper", "uv": [ 0.0, 0.0, 0.5, 0.5 ] },
										"up": { "texture": "#copper", "uv": [ 0.0, 0.0, 2.5, 0.5 ] },
										"down": { "texture": "#copper", "uv": [ 0.0, 0.0, 2.5, 0.5 ] }
									}
								},
								{
									"name": "Cube66",
									"from": [ 1.5, 0.0, 0.0 ],
									"to": [ 1.8, 0.9, 2.9 ],
									"rotationOrigin": [ 1.8, 0.0, 0.0 ],
									"faces": {
										"north": { "texture": "#copper", "uv": [ 0.0, 0.0, 2.5, 0.5 ] },
										"east": { "texture": "#copper", "uv": [ 0.0, 0.0, 0.5, 0.5 ] },
										"south": { "texture": "#copper", "uv": [ 0.0, 0.0, 2.5, 0.5 ] },
										"west": { "texture": "#copper", "uv": [ 0.0, 0.0, 0.5, 0.5 ] },
										"up": { "texture": "#copper", "uv": [ 0.0, 0.0, 2.5, 0.5 ] },
										"down": { "texture": "#copper", "uv": [ 0.0, 0.0, 2.5, 0.5 ] }
									}
								}
							]
						},
						{
							"name": "Cube67",
							"from": [ 8.08, 1.3, 10.9 ],
							"to": [ 8.38, 4.2, 13.19 ],
							"rotationOrigin": [ 8.4, 1.3, 10.9 ],
							"rotationX": 180.0,
							"rotationZ": 180.0,
							"faces": {
								"north": { "texture": "#copper", "uv": [ 0.0, 0.0, 2.0, 2.5 ] },
								"east": { "texture": "#copper", "uv": [ 0.0, 0.0, 0.5, 2.5 ] },
								"south": { "texture": "#copper", "uv": [ 0.0, 0.0, 2.0, 2.5 ] },
								"west": { "texture": "#copper", "uv": [ 0.0, 0.0, 0.5, 2.5 ] },
								"up": { "texture": "#copper", "uv": [ 0.0, 0.0, 2.0, 0.5 ] },
								"down": { "texture": "#copper", "uv": [ 0.0, 0.0, 2.0, 0.5 ] }
							}
						},
						{
							"name": "Cube68",
							"from": [ 8.58, 1.3, 10.9 ],
							"to": [ 8.88, 4.2, 13.39 ],
							"rotationOrigin": [ 8.9, 1.3, 10.9 ],
							"rotationX": 180.0,
							"rotationZ": 180.0,
							"faces": {
								"north": { "texture": "#copper", "uv": [ 0.0, 0.0, 2.0, 2.5 ] },
								"east": { "texture": "#copper", "uv": [ 0.0, 0.0, 0.5, 2.5 ] },
								"south": { "texture": "#copper", "uv": [ 0.0, 0.0, 2.0, 2.5 ] },
								"west": { "texture": "#copper", "uv": [ 0.0, 0.0, 0.5, 2.5 ] },
								"up": { "texture": "#copper", "uv": [ 0.0, 0.0, 2.0, 0.5 ] },
								"down": { "texture": "#copper", "uv": [ 0.0, 0.0, 2.0, 0.5 ] }
							}
						},
						{
							"name": "Cube69",
							"from": [ 9.08, 1.3, 10.9 ],
							"to": [ 9.38, 4.2, 13.59 ],
							"rotationOrigin": [ 9.4, 1.3, 10.9 ],
							"rotationX": 180.0,
							"rotationZ": 180.0,
							"faces": {
								"north": { "texture": "#copper", "uv": [ 0.0, 0.0, 2.5, 2.5 ] },
								"east": { "texture": "#copper", "uv": [ 0.0, 0.0, 0.5, 2.5 ] },
								"south": { "texture": "#copper", "uv": [ 0.0, 0.0, 2.5, 2.5 ] },
								"west": { "texture": "#copper", "uv": [ 0.0, 0.0, 0.5, 2.5 ] },
								"up": { "texture": "#copper", "uv": [ 0.0, 0.0, 2.5, 0.5 ] },
								"down": { "texture": "#copper", "uv": [ 0.0, 0.0, 2.5, 0.5 ] }
							}
						},
						{
							"name": "Cube70",
							"from": [ 9.58, 1.3, 10.9 ],
							"to": [ 9.88, 4.2, 13.8 ],
							"rotationOrigin": [ 9.9, 1.3, 10.9 ],
							"rotationX": 180.0,
							"rotationZ": 180.0,
							"faces": {
								"north": { "texture": "#copper", "uv": [ 0.0, 0.0, 2.5, 2.5 ] },
								"east": { "texture": "#copper", "uv": [ 0.0, 0.0, 0.5, 2.5 ] },
								"south": { "texture": "#copper", "uv": [ 0.0, 0.0, 2.5, 2.5 ] },
								"west": { "texture": "#copper", "uv": [ 0.0, 0.0, 0.5, 2.5 ] },
								"up": { "texture": "#copper", "uv": [ 0.0, 0.0, 2.5, 0.5 ] },
								"down": { "texture": "#copper", "uv": [ 0.0, 0.0, 2.5, 0.5 ] }
							}
						}
					]
				},
				{
					"name": "Cube71",
					"from": [ 7.4, 1.6, 12.3 ],
					"to": [ 13.4, 4.6, 14.3 ],
					"rotationOrigin": [ 13.4, 1.6, 12.3 ],
					"faces": {
						"north": { "texture": "#zinc", "uv": [ 0.0, 0.0, 2.0, 3.0 ] },
						"east": { "texture": "#zinc", "uv": [ 0.0, 0.0, 6.0, 3.0 ] },
						"south": { "texture": "#zinc", "uv": [ 0.0, 0.0, 2.0, 3.0 ] },
						"west": { "texture": "#zinc", "uv": [ 0.0, 0.0, 6.0, 3.0 ] },
						"up": { "texture": "#zinc", "uv": [ 0.0, 0.0, 2.0, 6.0 ] },
						"down": { "texture": "#zinc", "uv": [ 0.0, 0.0, 2.0, 6.0 ] }
					}
				},
				{
					"name": "Cube72",
					"from": [ 13.0, 1.6, 12.2 ],
					"to": [ 13.5, 4.7, 14.4 ],
					"rotationOrigin": [ 13.5, 1.6, 12.2 ],
					"faces": {
						"north": { "texture": "#steel", "uv": [ 0.0, 0.0, 2.0, 3.0 ] },
						"east": { "texture": "#steel", "uv": [ 0.0, 0.0, 0.5, 3.0 ] },
						"south": { "texture": "#steel", "uv": [ 0.0, 0.0, 2.0, 3.0 ] },
						"west": { "texture": "#steel", "uv": [ 0.0, 0.0, 0.5, 3.0 ] },
						"up": { "texture": "#steel", "uv": [ 0.0, 0.0, 2.0, 0.5 ] },
						"down": { "texture": "#steel", "uv": [ 0.0, 0.0, 2.0, 0.5 ] }
					}
				},
				{
					"name": "Cube73",
					"from": [ 7.3, 1.6, 12.2 ],
					"to": [ 7.8, 4.7, 14.4 ],
					"rotationOrigin": [ 7.8, 1.6, 12.2 ],
					"faces": {
						"north": { "texture": "#steel", "uv": [ 0.0, 0.0, 2.0, 3.0 ] },
						"east": { "texture": "#steel", "uv": [ 0.0, 0.0, 0.5, 3.0 ] },
						"south": { "texture": "#steel", "uv": [ 0.0, 0.0, 2.0, 3.0 ] },
						"west": { "texture": "#steel", "uv": [ 0.0, 0.0, 0.5, 3.0 ] },
						"up": { "texture": "#steel", "uv": [ 0.0, 0.0, 2.0, 0.5 ] },
						"down": { "texture": "#steel", "uv": [ 0.0, 0.0, 2.0, 0.5 ] }
					}
				},
				{
					"name": "Cube74",
					"from": [ 9.2, 1.7, 12.0 ],
					"to": [ 11.4, 4.4, 13.9 ],
					"rotationOrigin": [ 11.4, 1.7, 12.0 ],
					"faces": {
						"north": { "texture": "#bismuthbronze", "uv": [ 0.0, 0.0, 1.5, 2.5 ] },
						"east": { "texture": "#bismuthbronze", "uv": [ 0.0, 0.0, 2.0, 2.5 ] },
						"south": { "texture": "#bismuthbronze", "uv": [ 0.0, 0.0, 1.5, 2.5 ] },
						"west": { "texture": "#bismuthbronze", "uv": [ 0.0, 0.0, 2.0, 2.5 ] },
						"up": { "texture": "#bismuthbronze", "uv": [ 0.0, 0.0, 1.5, 2.0 ] },
						"down": { "texture": "#bismuthbronze", "uv": [ 0.0, 0.0, 1.5, 2.0 ] }
					},
					"children": [
						{
							"name": "Cube75",
							"from": [ -1.1, 2.7, 0.6 ],
							"to": [ -0.1, 3.1, 1.6 ],
							"rotationOrigin": [ -0.1, 2.7, 0.6 ],
							"faces": {
								"north": { "texture": "#brass", "uv": [ 0.0, 0.0, 1.0, 0.5 ] },
								"east": { "texture": "#brass", "uv": [ 0.0, 0.0, 1.0, 0.5 ] },
								"south": { "texture": "#brass", "uv": [ 0.0, 0.0, 1.0, 0.5 ] },
								"west": { "texture": "#brass", "uv": [ 0.0, 0.0, 1.0, 0.5 ] },
								"up": { "texture": "#brass", "uv": [ 0.0, 0.0, 1.0, 1.0 ] },
								"down": { "texture": "#brass", "uv": [ 0.0, 0.0, 1.0, 1.0 ] }
							},
							"children": [
								{
									"name": "buttonG",
									"from": [ 0.1, 0.1, 0.1 ],
									"to": [ 0.9, 0.5, 0.9 ],
									"rotationOrigin": [ 0.9, 0.1, 0.1 ],
									"faces": {
										"north": { "texture": "#emeral", "uv": [ 0.0, 0.0, 0.5, 0.5 ], "glow": 50, "windMode": [-1,-1,-1,-1] },
										"east": { "texture": "#emeral", "uv": [ 0.0, 0.0, 0.5, 0.5 ], "glow": 50, "windMode": [-1,-1,-1,-1] },
										"south": { "texture": "#emeral", "uv": [ 0.0, 0.0, 0.5, 0.5 ], "glow": 50, "windMode": [-1,-1,-1,-1] },
										"west": { "texture": "#emeral", "uv": [ 0.0, 0.0, 0.5, 0.5 ], "glow": 50, "windMode": [-1,-1,-1,-1] },
										"up": { "texture": "#emeral", "uv": [ 0.0, 0.0, 0.5, 0.5 ], "glow": 50, "windMode": [-1,-1,-1,-1] },
										"down": { "texture": "#emeral", "uv": [ 0.0, 0.0, 0.5, 0.5 ], "glow": 50, "windMode": [-1,-1,-1,-1] }
									}
								}
							]
						},
						{
							"name": "Cube77",
							"from": [ 0.2, 2.7, 0.6 ],
							"to": [ 1.2, 3.1, 1.6 ],
							"rotationOrigin": [ 1.2, 2.7, 0.6 ],
							"faces": {
								"north": { "texture": "#brass", "uv": [ 0.0, 0.0, 1.0, 0.5 ] },
								"east": { "texture": "#brass", "uv": [ 0.0, 0.0, 1.0, 0.5 ] },
								"south": { "texture": "#brass", "uv": [ 0.0, 0.0, 1.0, 0.5 ] },
								"west": { "texture": "#brass", "uv": [ 0.0, 0.0, 1.0, 0.5 ] },
								"up": { "texture": "#brass", "uv": [ 0.0, 0.0, 1.0, 1.0 ] },
								"down": { "texture": "#brass", "uv": [ 0.0, 0.0, 1.0, 1.0 ] }
							},
							"children": [
								{
									"name": "buttonY",
									"from": [ 0.1, 0.1, 0.1 ],
									"to": [ 0.9, 0.5, 0.9 ],
									"rotationOrigin": [ 0.9, 0.1, 0.1 ],
									"faces": {
										"north": { "texture": "#topaz", "uv": [ 0.0, 0.0, 0.5, 0.5 ], "glow": 50, "windMode": [-1,-1,-1,-1] },
										"east": { "texture": "#topaz", "uv": [ 0.0, 0.0, 0.5, 0.5 ], "glow": 50, "windMode": [-1,-1,-1,-1] },
										"south": { "texture": "#topaz", "uv": [ 0.0, 0.0, 0.5, 0.5 ], "glow": 50, "windMode": [-1,-1,-1,-1] },
										"west": { "texture": "#topaz", "uv": [ 0.0, 0.0, 0.5, 0.5 ], "glow": 50, "windMode": [-1,-1,-1,-1] },
										"up": { "texture": "#topaz", "uv": [ 0.0, 0.0, 0.5, 0.5 ], "glow": 50, "windMode": [-1,-1,-1,-1] },
										"down": { "texture": "#topaz", "uv": [ 0.0, 0.0, 0.5, 0.5 ], "glow": 50, "windMode": [-1,-1,-1,-1] }
									}
								}
							]
						},
						{
							"name": "Cube79",
							"from": [ 2.5, 2.7, 0.6 ],
							"to": [ 3.5, 3.1, 1.6 ],
							"rotationOrigin": [ 3.5, 2.7, 0.6 ],
							"faces": {
								"north": { "texture": "#brass", "uv": [ 0.0, 0.0, 1.0, 0.5 ] },
								"east": { "texture": "#brass", "uv": [ 0.0, 0.0, 1.0, 0.5 ] },
								"south": { "texture": "#brass", "uv": [ 0.0, 0.0, 1.0, 0.5 ] },
								"west": { "texture": "#brass", "uv": [ 0.0, 0.0, 1.0, 0.5 ] },
								"up": { "texture": "#brass", "uv": [ 0.0, 0.0, 1.0, 1.0 ] },
								"down": { "texture": "#brass", "uv": [ 0.0, 0.0, 1.0, 1.0 ] }
							},
							"children": [
								{
									"name": "ButtonR",
									"from": [ 0.1, 0.1, 0.1 ],
									"to": [ 0.9, 0.5, 0.9 ],
									"rotationOrigin": [ 0.9, 0.1, 0.1 ],
									"faces": {
										"north": { "texture": "#copper-hot", "uv": [ 0.0, 0.0, 0.5, 0.5 ], "glow": 170, "windMode": [-1,-1,-1,-1] },
										"east": { "texture": "#copper-hot", "uv": [ 0.0, 0.0, 0.5, 0.5 ], "glow": 170, "windMode": [-1,-1,-1,-1] },
										"south": { "texture": "#copper-hot", "uv": [ 0.0, 0.0, 0.5, 0.5 ], "glow": 170, "windMode": [-1,-1,-1,-1] },
										"west": { "texture": "#copper-hot", "uv": [ 0.0, 0.0, 0.5, 0.5 ], "glow": 170, "windMode": [-1,-1,-1,-1] },
										"up": { "texture": "#copper-hot", "uv": [ 0.0, 0.0, 0.5, 0.5 ], "glow": 170, "windMode": [-1,-1,-1,-1] },
										"down": { "texture": "#copper-hot", "uv": [ 0.0, 0.0, 0.5, 0.5 ], "glow": 170, "windMode": [-1,-1,-1,-1] }
									}
								}
							]
						}
					]
				}
			]
		}
	]}