{
	"editor": {
		"allAngles": false,
		"entityTextureMode": false
	},
	"textureWidth": 16,
	"textureHeight": 16,
	"textureSizes": {
	},
	"textures": {
	},
	"elements": [
		{
			"name": "Base",
			"from": [ 0.0, 0.0, 0.0 ],
			"to": [ 16.0, 15.0, 8.0 ],
			"faces": {
				"north": { "texture": "#iron", "uv": [ 0.0, 1.0, 16.0, 16.0 ] },
				"east": { "texture": "#iron", "uv": [ 4.0, 1.0, 12.0, 16.0 ] },
				"south": { "texture": "#iron", "uv": [ 0.0, 0.0, 16.0, 15.0 ] },
				"west": { "texture": "#iron", "uv": [ 2.5, 1.0, 10.5, 16.0 ] },
				"up": { "texture": "#iron", "uv": [ 0.0, 0.0, 16.0, 8.0 ] },
				"down": { "texture": "#iron", "uv": [ 0.0, 0.0, 16.0, 8.0 ] }
			},
			"children": [
				{
					"name": "Molding 1",
					"from": [ 0.0, 1.0, 8.0 ],
					"to": [ 1.0, 15.0, 15.0 ],
					"rotationOrigin": [ 0.0, 1.0, 8.0 ],
					"faces": {
						"north": { "texture": "#iron", "uv": [ 0.0, 0.0, 1.0, 14.0 ] },
						"east": { "texture": "#iron", "uv": [ 2.5, 1.0, 9.5, 15.0 ] },
						"south": { "texture": "#iron", "uv": [ 0.0, 0.0, 1.0, 14.0 ] },
						"west": { "texture": "#iron", "uv": [ 2.0, 1.0, 9.0, 15.0 ] },
						"up": { "texture": "#iron", "uv": [ 0.0, 0.0, 1.0, 7.0 ] },
						"down": { "texture": "#iron", "uv": [ 0.0, 0.0, 1.0, 7.0 ] }
					},
					"children": [
						{
							"name": "Molding2",
							"from": [ 0.0, -1.0, 0.0 ],
							"to": [ 16.0, 0.0, 8.0 ],
							"rotationOrigin": [ 0.0, -1.0, 0.0 ],
							"faces": {
								"north": { "texture": "#iron", "uv": [ 0.0, 0.0, 16.0, 1.0 ] },
								"east": { "texture": "#iron", "uv": [ 0.0, 15.0, 8.0, 16.0 ] },
								"south": { "texture": "#iron", "uv": [ 0.0, 15.0, 16.0, 16.0 ] },
								"west": { "texture": "#iron", "uv": [ 0.0, 15.0, 8.0, 16.0 ] },
								"up": { "texture": "#iron", "uv": [ 0.0, 0.0, 16.0, 8.0 ] },
								"down": { "texture": "#iron", "uv": [ 0.0, 0.0, 16.0, 8.0 ] }
							}
						}
					]
				},
				{
					"name": "Countertop",
					"from": [ 0.0, 15.0, 0.0 ],
					"to": [ 16.0, 16.0, 16.0 ],
					"rotationOrigin": [ 0.0, 15.0, 0.0 ],
					"faces": {
						"north": { "texture": "#steel", "uv": [ 0.0, 0.0, 16.0, 1.0 ] },
						"east": { "texture": "#steel", "uv": [ 0.0, 0.0, 16.0, 1.0 ] },
						"south": { "texture": "#steel", "uv": [ 0.0, 0.0, 16.0, 1.0 ] },
						"west": { "texture": "#steel", "uv": [ 0.0, 0.0, 16.0, 1.0 ] },
						"up": { "texture": "#steel", "uv": [ 0.0, 0.0, 16.0, 16.0 ] },
						"down": { "texture": "#steel", "uv": [ 0.0, 0.0, 16.0, 16.0 ] }
					}
				},
				{
					"name": "Molding 2",
					"from": [ 15.0, 1.0, 8.0 ],
					"to": [ 16.0, 15.0, 15.0 ],
					"rotationOrigin": [ 15.0, 1.0, 8.0 ],
					"faces": {
						"north": { "texture": "#iron", "uv": [ 0.0, 0.0, 1.0, 14.0 ] },
						"east": { "texture": "#iron", "uv": [ 0.0, 2.0, 7.0, 16.0 ] },
						"south": { "texture": "#iron", "uv": [ 15.0, 1.0, 16.0, 15.0 ] },
						"west": { "texture": "#iron", "uv": [ 0.0, 0.0, 7.0, 14.0 ] },
						"up": { "texture": "#iron", "uv": [ 0.0, 0.0, 1.0, 7.0 ] },
						"down": { "texture": "#iron", "uv": [ 0.0, 0.0, 1.0, 7.0 ] }
					}
				},
				{
					"name": "Countertop2",
					"from": [ 2.0, 14.3, 3.0 ],
					"to": [ 14.0, 15.0, 15.0 ],
					"rotationOrigin": [ 2.0, 14.3, 3.0 ],
					"faces": {
						"north": { "texture": "#iron", "uv": [ 0.0, 0.0, 12.0, 0.5 ] },
						"east": { "texture": "#iron", "uv": [ 0.0, 0.0, 12.0, 0.5 ] },
						"south": { "texture": "#iron", "uv": [ 0.0, 0.0, 12.0, 0.5 ] },
						"west": { "texture": "#iron", "uv": [ 0.0, 0.0, 12.0, 0.5 ] },
						"up": { "texture": "#iron", "uv": [ 0.0, 0.0, 12.0, 12.0 ] },
						"down": { "texture": "#iron", "uv": [ 0.0, 0.0, 12.0, 12.0 ] }
					}
				},
				{
					"name": "Countertop3",
					"from": [ 2.0, 0.8, 3.0 ],
					"to": [ 14.0, 2.5, 15.0 ],
					"rotationOrigin": [ 2.0, 0.8, 3.0 ],
					"faces": {
						"north": { "texture": "#steel", "uv": [ 0.0, 0.0, 12.0, 1.5 ] },
						"east": { "texture": "#steel", "uv": [ 0.0, 0.0, 12.0, 1.5 ] },
						"south": { "texture": "#steel", "uv": [ 0.0, 0.0, 12.0, 1.5 ] },
						"west": { "texture": "#steel", "uv": [ 0.0, 0.0, 12.0, 1.5 ] },
						"up": { "texture": "#steel", "uv": [ 0.0, 0.0, 12.0, 12.0 ] },
						"down": { "texture": "#steel", "uv": [ 0.0, 0.0, 12.0, 12.0 ] }
					},
					"children": [
						{
							"name": "Countertop4",
							"from": [ 0.2, 0.5, 0.2 ],
							"to": [ 11.8, 2.2, 11.8 ],
							"rotationOrigin": [ 0.2, 0.5, 0.2 ],
							"faces": {
								"north": { "texture": "#stainlesssteel", "uv": [ 0.0, 0.0, 11.5, 1.5 ] },
								"east": { "texture": "#stainlesssteel", "uv": [ 0.0, 0.0, 11.5, 1.5 ] },
								"south": { "texture": "#stainlesssteel", "uv": [ 0.0, 0.0, 11.5, 1.5 ] },
								"west": { "texture": "#stainlesssteel", "uv": [ 0.0, 0.0, 11.5, 1.5 ] },
								"up": { "texture": "#stainlesssteel", "uv": [ 0.0, 0.0, 11.5, 11.5 ] },
								"down": { "texture": "#stainlesssteel", "uv": [ 0.0, 0.0, 11.5, 11.5 ] }
							},
							"children": [
								{
									"name": "Countertop5",
									"from": [ 0.3, 0.0, 0.3 ],
									"to": [ 11.3, 4.7, 11.3 ],
									"rotationOrigin": [ 0.3, 0.0, 0.3 ],
									"faces": {
										"north": { "texture": "#brass", "uv": [ 0.0, 0.0, 11.0, 4.5 ] },
										"east": { "texture": "#brass", "uv": [ 0.0, 0.0, 11.0, 4.5 ] },
										"south": { "texture": "#brass", "uv": [ 0.0, 0.0, 11.0, 4.5 ] },
										"west": { "texture": "#brass", "uv": [ 0.0, 0.0, 11.0, 4.5 ] },
										"up": { "texture": "#brass", "uv": [ 0.0, 0.0, 11.0, 11.0 ] },
										"down": { "texture": "#brass", "uv": [ 0.0, 0.0, 11.0, 11.0 ] }
									}
								},
								{
									"name": "Countertop6",
									"from": [ 0.1, 4.0, 0.1 ],
									"to": [ 11.5, 5.3, 11.6 ],
									"rotationOrigin": [ 0.1, 4.0, 0.1 ],
									"faces": {
										"north": { "texture": "#steel", "uv": [ 0.0, 0.0, 11.0, 1.0 ] },
										"east": { "texture": "#steel", "uv": [ 0.0, 0.0, 11.5, 1.0 ] },
										"south": { "texture": "#steel", "uv": [ 0.0, 0.0, 11.0, 1.0 ] },
										"west": { "texture": "#steel", "uv": [ 0.0, 0.0, 11.5, 1.0 ] },
										"up": { "texture": "#steel", "uv": [ 0.0, 0.0, 11.0, 11.5 ] },
										"down": { "texture": "#steel", "uv": [ 0.0, 0.0, 11.0, 11.5 ] }
									}
								},
								{
									"name": "Countertop7",
									"from": [ 1.1, 4.0, 1.1 ],
									"to": [ 10.5, 13.3, 10.5 ],
									"rotationOrigin": [ 1.1, 4.0, 1.1 ],
									"faces": {
										"north": { "texture": "#copper", "uv": [ 0.0, 0.0, 9.0, 9.0 ], "glow": 170, "windMode": [-1,-1,-1,-1] },
										"east": { "texture": "#copper", "uv": [ 0.0, 0.0, 9.0, 9.0 ], "glow": 170, "windMode": [-1,-1,-1,-1] },
										"south": { "texture": "#copper", "uv": [ 0.0, 0.0, 9.0, 9.0 ], "glow": 170, "windMode": [-1,-1,-1,-1] },
										"west": { "texture": "#copper", "uv": [ 0.0, 0.0, 9.0, 9.0 ], "glow": 170, "windMode": [-1,-1,-1,-1] },
										"up": { "texture": "#copper", "uv": [ 0.0, 0.0, 9.0, 9.0 ], "glow": 170, "windMode": [-1,-1,-1,-1] },
										"down": { "texture": "#copper", "uv": [ 0.0, 0.0, 9.0, 9.0 ], "glow": 170, "windMode": [-1,-1,-1,-1] }
									}
								},
								{
									"name": "Countertop8",
									"from": [ 0.9, 5.6, 0.9 ],
									"to": [ 10.7, 6.2, 10.7 ],
									"rotationOrigin": [ 0.9, 5.6, 0.9 ],
									"faces": {
										"north": { "texture": "#zinc", "uv": [ 0.0, 0.0, 9.5, 0.5 ] },
										"east": { "texture": "#zinc", "uv": [ 0.0, 0.0, 9.5, 0.5 ] },
										"south": { "texture": "#zinc", "uv": [ 0.0, 0.0, 9.5, 0.5 ] },
										"west": { "texture": "#zinc", "uv": [ 0.0, 0.0, 9.5, 0.5 ] },
										"up": { "texture": "#zinc", "uv": [ 0.0, 0.0, 9.5, 9.5 ] },
										"down": { "texture": "#zinc", "uv": [ 0.0, 0.0, 9.5, 9.5 ] }
									}
								},
								{
									"name": "Countertop9",
									"from": [ 0.9, 6.5, 0.9 ],
									"to": [ 10.7, 7.1, 10.7 ],
									"rotationOrigin": [ 0.9, 6.5, 0.9 ],
									"faces": {
										"north": { "texture": "#zinc", "uv": [ 0.0, 0.0, 9.5, 0.5 ] },
										"east": { "texture": "#zinc", "uv": [ 0.0, 0.0, 9.5, 0.5 ] },
										"south": { "texture": "#zinc", "uv": [ 0.0, 0.0, 9.5, 0.5 ] },
										"west": { "texture": "#zinc", "uv": [ 0.0, 0.0, 9.5, 0.5 ] },
										"up": { "texture": "#zinc", "uv": [ 0.0, 0.0, 9.5, 9.5 ] },
										"down": { "texture": "#zinc", "uv": [ 0.0, 0.0, 9.5, 9.5 ] }
									}
								},
								{
									"name": "Countertop10",
									"from": [ 0.9, 7.4, 0.9 ],
									"to": [ 10.7, 8.0, 10.7 ],
									"rotationOrigin": [ 0.9, 7.4, 0.9 ],
									"faces": {
										"north": { "texture": "#zinc", "uv": [ 0.0, 0.0, 9.5, 0.5 ] },
										"east": { "texture": "#zinc", "uv": [ 0.0, 0.0, 9.5, 0.5 ] },
										"south": { "texture": "#zinc", "uv": [ 0.0, 0.0, 9.5, 0.5 ] },
										"west": { "texture": "#zinc", "uv": [ 0.0, 0.0, 9.5, 0.5 ] },
										"up": { "texture": "#zinc", "uv": [ 0.0, 0.0, 9.5, 9.5 ] },
										"down": { "texture": "#zinc", "uv": [ 0.0, 0.0, 9.5, 9.5 ] }
									}
								},
								{
									"name": "Countertop11",
									"from": [ 0.9, 8.3, 0.9 ],
									"to": [ 10.7, 8.9, 10.7 ],
									"rotationOrigin": [ 0.9, 8.3, 0.9 ],
									"faces": {
										"north": { "texture": "#zinc", "uv": [ 0.0, 0.0, 9.5, 0.5 ] },
										"east": { "texture": "#zinc", "uv": [ 0.0, 0.0, 9.5, 0.5 ] },
										"south": { "texture": "#zinc", "uv": [ 0.0, 0.0, 9.5, 0.5 ] },
										"west": { "texture": "#zinc", "uv": [ 0.0, 0.0, 9.5, 0.5 ] },
										"up": { "texture": "#zinc", "uv": [ 0.0, 0.0, 9.5, 9.5 ] },
										"down": { "texture": "#zinc", "uv": [ 0.0, 0.0, 9.5, 9.5 ] }
									}
								},
								{
									"name": "Countertop12",
									"from": [ 0.9, 9.2, 0.9 ],
									"to": [ 10.7, 9.8, 10.7 ],
									"rotationOrigin": [ 0.9, 9.2, 0.9 ],
									"faces": {
										"north": { "texture": "#zinc", "uv": [ 0.0, 0.0, 9.5, 0.5 ] },
										"east": { "texture": "#zinc", "uv": [ 0.0, 0.0, 9.5, 0.5 ] },
										"south": { "texture": "#zinc", "uv": [ 0.0, 0.0, 9.5, 0.5 ] },
										"west": { "texture": "#zinc", "uv": [ 0.0, 0.0, 9.5, 0.5 ] },
										"up": { "texture": "#zinc", "uv": [ 0.0, 0.0, 9.5, 9.5 ] },
										"down": { "texture": "#zinc", "uv": [ 0.0, 0.0, 9.5, 9.5 ] }
									}
								},
								{
									"name": "Countertop13",
									"from": [ 0.9, 10.1, 0.9 ],
									"to": [ 10.7, 10.7, 10.7 ],
									"rotationOrigin": [ 0.9, 10.1, 0.9 ],
									"faces": {
										"north": { "texture": "#zinc", "uv": [ 0.0, 0.0, 9.5, 0.5 ] },
										"east": { "texture": "#zinc", "uv": [ 0.0, 0.0, 9.5, 0.5 ] },
										"south": { "texture": "#zinc", "uv": [ 0.0, 0.0, 9.5, 0.5 ] },
										"west": { "texture": "#zinc", "uv": [ 0.0, 0.0, 9.5, 0.5 ] },
										"up": { "texture": "#zinc", "uv": [ 0.0, 0.0, 9.5, 9.5 ] },
										"down": { "texture": "#zinc", "uv": [ 0.0, 0.0, 9.5, 9.5 ] }
									}
								},
								{
									"name": "Countertop14",
									"from": [ 0.9, 11.0, 0.9 ],
									"to": [ 10.7, 11.6, 10.7 ],
									"rotationOrigin": [ 0.9, 11.0, 0.9 ],
									"faces": {
										"north": { "texture": "#zinc", "uv": [ 0.0, 0.0, 9.5, 0.5 ] },
										"east": { "texture": "#zinc", "uv": [ 0.0, 0.0, 9.5, 0.5 ] },
										"south": { "texture": "#zinc", "uv": [ 0.0, 0.0, 9.5, 0.5 ] },
										"west": { "texture": "#zinc", "uv": [ 0.0, 0.0, 9.5, 0.5 ] },
										"up": { "texture": "#zinc", "uv": [ 0.0, 0.0, 9.5, 9.5 ] },
										"down": { "texture": "#zinc", "uv": [ 0.0, 0.0, 9.5, 9.5 ] }
									}
								},
								{
									"name": "Countertop15",
									"from": [ 0.4, 12.8, 0.4 ],
									"to": [ 11.2, 13.4, 11.2 ],
									"rotationOrigin": [ 0.4, 12.8, 0.4 ],
									"faces": {
										"north": { "texture": "#steel", "uv": [ 0.0, 0.0, 10.5, 0.5 ] },
										"east": { "texture": "#steel", "uv": [ 0.0, 0.0, 10.5, 0.5 ] },
										"south": { "texture": "#steel", "uv": [ 0.0, 0.0, 10.5, 0.5 ] },
										"west": { "texture": "#steel", "uv": [ 0.0, 0.0, 10.5, 0.5 ] },
										"up": { "texture": "#steel", "uv": [ 0.0, 0.0, 10.5, 10.5 ] },
										"down": { "texture": "#steel", "uv": [ 0.0, 0.0, 10.5, 10.5 ] }
									}
								},
								{
									"name": "Countertop16",
									"from": [ 0.9, 11.9, 0.9 ],
									"to": [ 10.7, 12.5, 10.7 ],
									"rotationOrigin": [ 0.9, 11.9, 0.9 ],
									"faces": {
										"north": { "texture": "#zinc", "uv": [ 0.0, 0.0, 9.5, 0.5 ] },
										"east": { "texture": "#zinc", "uv": [ 0.0, 0.0, 9.5, 0.5 ] },
										"south": { "texture": "#zinc", "uv": [ 0.0, 0.0, 9.5, 0.5 ] },
										"west": { "texture": "#zinc", "uv": [ 0.0, 0.0, 9.5, 0.5 ] },
										"up": { "texture": "#zinc", "uv": [ 0.0, 0.0, 9.5, 9.5 ] },
										"down": { "texture": "#zinc", "uv": [ 0.0, 0.0, 9.5, 9.5 ] }
									}
								}
							]
						},
						{
							"name": "Cube2",
							"from": [ 2.0, 2.0, 10.3 ],
							"to": [ 2.3, 5.0, 11.7 ],
							"rotationOrigin": [ 2.0, 2.0, 10.3 ],
							"faces": {
								"north": { "texture": "#copper", "uv": [ 0.0, 0.0, 0.5, 3.0 ] },
								"east": { "texture": "#copper", "uv": [ 0.0, 0.0, 1.0, 3.0 ] },
								"south": { "texture": "#copper", "uv": [ 0.0, 0.0, 0.5, 3.0 ] },
								"west": { "texture": "#copper", "uv": [ 0.0, 0.0, 1.0, 3.0 ] },
								"up": { "texture": "#copper", "uv": [ 0.0, 0.0, 0.5, 1.0 ] },
								"down": { "texture": "#copper", "uv": [ 0.0, 0.0, 0.5, 1.0 ] }
							}
						},
						{
							"name": "Cube3",
							"from": [ 2.6, 2.0, 10.3 ],
							"to": [ 2.9, 5.0, 11.7 ],
							"rotationOrigin": [ 2.6, 2.0, 10.3 ],
							"faces": {
								"north": { "texture": "#copper", "uv": [ 0.0, 0.0, 0.5, 3.0 ] },
								"east": { "texture": "#copper", "uv": [ 0.0, 0.0, 1.0, 3.0 ] },
								"south": { "texture": "#copper", "uv": [ 0.0, 0.0, 0.5, 3.0 ] },
								"west": { "texture": "#copper", "uv": [ 0.0, 0.0, 1.0, 3.0 ] },
								"up": { "texture": "#copper", "uv": [ 0.0, 0.0, 0.5, 1.0 ] },
								"down": { "texture": "#copper", "uv": [ 0.0, 0.0, 0.5, 1.0 ] }
							}
						},
						{
							"name": "Cube4",
							"from": [ 3.2, 2.0, 10.3 ],
							"to": [ 3.5, 5.0, 11.7 ],
							"rotationOrigin": [ 3.2, 2.0, 10.3 ],
							"faces": {
								"north": { "texture": "#copper", "uv": [ 0.0, 0.0, 0.5, 3.0 ] },
								"east": { "texture": "#copper", "uv": [ 0.0, 0.0, 1.0, 3.0 ] },
								"south": { "texture": "#copper", "uv": [ 0.0, 0.0, 0.5, 3.0 ] },
								"west": { "texture": "#copper", "uv": [ 0.0, 0.0, 1.0, 3.0 ] },
								"up": { "texture": "#copper", "uv": [ 0.0, 0.0, 0.5, 1.0 ] },
								"down": { "texture": "#copper", "uv": [ 0.0, 0.0, 0.5, 1.0 ] }
							}
						}
					]
				},
				{
					"name": "Countertop17",
					"from": [ 0.0, 16.0, 0.0 ],
					"to": [ 16.0, 16.6, 0.8 ],
					"rotationOrigin": [ 0.0, 16.0, 0.0 ],
					"faces": {
						"north": { "texture": "#steel", "uv": [ 0.0, 0.0, 16.0, 0.5 ] },
						"east": { "texture": "#steel", "uv": [ 0.0, 0.0, 0.5, 0.5 ] },
						"south": { "texture": "#steel", "uv": [ 0.0, 0.0, 16.0, 0.5 ] },
						"west": { "texture": "#steel", "uv": [ 0.0, 0.0, 0.5, 0.5 ] },
						"up": { "texture": "#steel", "uv": [ 0.0, 0.0, 16.0, 0.5 ] },
						"down": { "texture": "#steel", "uv": [ 0.0, 0.0, 16.0, 0.5 ] }
					},
					"children": [
						{
							"name": "Countertop18",
							"from": [ 0.0, 0.0, 15.2 ],
							"to": [ 16.0, 0.6, 16.0 ],
							"rotationOrigin": [ 0.0, 0.0, 15.2 ],
							"faces": {
								"north": { "texture": "#steel", "uv": [ 0.0, 0.0, 16.0, 0.5 ] },
								"east": { "texture": "#steel", "uv": [ 0.0, 0.0, 0.5, 0.5 ] },
								"south": { "texture": "#steel", "uv": [ 0.0, 0.0, 16.0, 0.5 ] },
								"west": { "texture": "#steel", "uv": [ 0.0, 0.0, 0.5, 0.5 ] },
								"up": { "texture": "#steel", "uv": [ 0.0, 0.0, 16.0, 0.5 ] },
								"down": { "texture": "#steel", "uv": [ 0.0, 0.0, 16.0, 0.5 ] }
							},
							"children": [
								{
									"name": "Cube5",
									"from": [ 9.0, -0.7, 0.6 ],
									"to": [ 14.0, 2.3, 1.1 ],
									"rotationOrigin": [ 9.0, -0.7, 0.6 ],
									"rotationX": 157.5,
									"faces": {
										"north": { "texture": "#steel", "uv": [ 0.0, 0.0, 5.0, 3.0 ] },
										"east": { "texture": "#steel", "uv": [ 0.0, 0.0, 0.5, 3.0 ] },
										"south": { "texture": "#steel", "uv": [ 0.0, 0.0, 5.0, 3.0 ] },
										"west": { "texture": "#steel", "uv": [ 0.0, 0.0, 0.5, 3.0 ] },
										"up": { "texture": "#steel", "uv": [ 0.0, 0.0, 5.0, 0.5 ] },
										"down": { "texture": "#steel", "uv": [ 0.0, 0.0, 5.0, 0.5 ] }
									},
									"children": [
										{
											"name": "Cube8",
											"from": [ 0.3, 1.4, -0.2 ],
											"to": [ 1.3, 2.4, 0.2 ],
											"rotationOrigin": [ 0.3, 1.4, -0.2 ],
											"faces": {
												"north": { "texture": "#brass", "uv": [ 0.0, 0.0, 1.0, 1.0 ] },
												"east": { "texture": "#brass", "uv": [ 0.0, 0.0, 0.5, 1.0 ] },
												"south": { "texture": "#brass", "uv": [ 0.0, 0.0, 1.0, 1.0 ] },
												"west": { "texture": "#brass", "uv": [ 0.0, 0.0, 0.5, 1.0 ] },
												"up": { "texture": "#brass", "uv": [ 0.0, 0.0, 1.0, 0.5 ] },
												"down": { "texture": "#brass", "uv": [ 0.0, 0.0, 1.0, 0.5 ] }
											},
											"children": [
												{
													"name": "Cube28",
													"from": [ 0.1, 0.1, -0.1 ],
													"to": [ 0.9, 0.9, 0.3 ],
													"rotationOrigin": [ 0.1, 0.1, -0.1 ],
													"faces": {
														"north": { "texture": "#emeral", "uv": [ 0.0, 0.0, 0.5, 0.5 ], "glow": 110, "windMode": [-1,-1,-1,-1] },
														"east": { "texture": "#emeral", "uv": [ 0.0, 0.0, 0.5, 0.5 ], "glow": 110, "windMode": [-1,-1,-1,-1] },
														"south": { "texture": "#emeral", "uv": [ 0.0, 0.0, 0.5, 0.5 ], "glow": 110, "windMode": [-1,-1,-1,-1] },
														"west": { "texture": "#emeral", "uv": [ 0.0, 0.0, 0.5, 0.5 ], "glow": 110, "windMode": [-1,-1,-1,-1] },
														"up": { "texture": "#emeral", "uv": [ 0.0, 0.0, 0.5, 0.5 ], "glow": 110, "windMode": [-1,-1,-1,-1] },
														"down": { "texture": "#emeral", "uv": [ 0.0, 0.0, 0.5, 0.5 ], "glow": 110, "windMode": [-1,-1,-1,-1] }
													}
												},
												{
													"name": "Cube33",
													"from": [ 0.4, 0.2, 0.15 ],
													"to": [ 0.5, 2.2, 0.45 ],
													"rotationOrigin": [ 0.4, 0.2, 0.1 ],
													"rotationZ": 180.0,
													"faces": {
														"north": { "texture": "#copper", "uv": [ 0.0, 0.0, 0.5, 2.0 ] },
														"east": { "texture": "#copper", "uv": [ 0.0, 0.0, 0.5, 2.0 ] },
														"south": { "texture": "#copper", "uv": [ 0.0, 0.0, 0.5, 2.0 ] },
														"west": { "texture": "#copper", "uv": [ 0.0, 0.0, 0.5, 2.0 ] },
														"up": { "texture": "#copper", "uv": [ 0.0, 0.0, 0.5, 0.5 ] },
														"down": { "texture": "#copper", "uv": [ 0.0, 0.0, 0.5, 0.5 ] }
													}
												},
												{
													"name": "Cube34",
													"from": [ 0.6, 0.2, 0.15 ],
													"to": [ 0.7, 2.2, 0.45 ],
													"rotationOrigin": [ 0.6, 0.2, 0.1 ],
													"rotationZ": 180.0,
													"faces": {
														"north": { "texture": "#copper", "uv": [ 0.0, 0.0, 0.5, 2.0 ] },
														"east": { "texture": "#copper", "uv": [ 0.0, 0.0, 0.5, 2.0 ] },
														"south": { "texture": "#copper", "uv": [ 0.0, 0.0, 0.5, 2.0 ] },
														"west": { "texture": "#copper", "uv": [ 0.0, 0.0, 0.5, 2.0 ] },
														"up": { "texture": "#copper", "uv": [ 0.0, 0.0, 0.5, 0.5 ] },
														"down": { "texture": "#copper", "uv": [ 0.0, 0.0, 0.5, 0.5 ] }
													}
												},
												{
													"name": "Cube35",
													"from": [ 1.6, 0.2, 0.15 ],
													"to": [ 1.7, 2.2, 0.45 ],
													"rotationOrigin": [ 1.6, 0.2, 0.1 ],
													"rotationZ": 180.0,
													"faces": {
														"north": { "texture": "#copper", "uv": [ 0.0, 0.0, 0.5, 2.0 ] },
														"east": { "texture": "#copper", "uv": [ 0.0, 0.0, 0.5, 2.0 ] },
														"south": { "texture": "#copper", "uv": [ 0.0, 0.0, 0.5, 2.0 ] },
														"west": { "texture": "#copper", "uv": [ 0.0, 0.0, 0.5, 2.0 ] },
														"up": { "texture": "#copper", "uv": [ 0.0, 0.0, 0.5, 0.5 ] },
														"down": { "texture": "#copper", "uv": [ 0.0, 0.0, 0.5, 0.5 ] }
													}
												},
												{
													"name": "Cube36",
													"from": [ 4.1, 0.2, 0.15 ],
													"to": [ 4.2, 2.2, 0.45 ],
													"rotationOrigin": [ 4.1, 0.2, 0.1 ],
													"rotationZ": 180.0,
													"faces": {
														"north": { "texture": "#copper", "uv": [ 0.0, 0.0, 0.5, 2.0 ] },
														"east": { "texture": "#copper", "uv": [ 0.0, 0.0, 0.5, 2.0 ] },
														"south": { "texture": "#copper", "uv": [ 0.0, 0.0, 0.5, 2.0 ] },
														"west": { "texture": "#copper", "uv": [ 0.0, 0.0, 0.5, 2.0 ] },
														"up": { "texture": "#copper", "uv": [ 0.0, 0.0, 0.5, 0.5 ] },
														"down": { "texture": "#copper", "uv": [ 0.0, 0.0, 0.5, 0.5 ] }
													}
												},
												{
													"name": "Cube37",
													"from": [ 3.9, 0.2, 0.15 ],
													"to": [ 4.0, 1.0, 0.45 ],
													"rotationOrigin": [ 3.9, 0.2, 0.1 ],
													"rotationZ": 180.0,
													"faces": {
														"north": { "texture": "#copper", "uv": [ 0.0, 0.0, 0.5, 0.5 ] },
														"east": { "texture": "#copper", "uv": [ 0.0, 0.0, 0.5, 0.5 ] },
														"south": { "texture": "#copper", "uv": [ 0.0, 0.0, 0.5, 0.5 ] },
														"west": { "texture": "#copper", "uv": [ 0.0, 0.0, 0.5, 0.5 ] },
														"up": { "texture": "#copper", "uv": [ 0.0, 0.0, 0.5, 0.5 ] },
														"down": { "texture": "#copper", "uv": [ 0.0, 0.0, 0.5, 0.5 ] }
													}
												},
												{
													"name": "Cube38",
													"from": [ 3.9, -0.6, 0.15 ],
													"to": [ 4.0, 0.9, 0.45 ],
													"rotationOrigin": [ 3.9, -0.6, 0.1 ],
													"rotationZ": 135.0,
													"faces": {
														"north": { "texture": "#copper", "uv": [ 0.0, 0.0, 0.5, 1.5 ] },
														"east": { "texture": "#copper", "uv": [ 0.0, 0.0, 0.5, 1.5 ] },
														"south": { "texture": "#copper", "uv": [ 0.0, 0.0, 0.5, 1.5 ] },
														"west": { "texture": "#copper", "uv": [ 0.0, 0.0, 0.5, 1.5 ] },
														"up": { "texture": "#copper", "uv": [ 0.0, 0.0, 0.5, 0.5 ] },
														"down": { "texture": "#copper", "uv": [ 0.0, 0.0, 0.5, 0.5 ] }
													}
												}
											]
										},
										{
											"name": "Cube29",
											"from": [ 1.6, 1.4, -0.2 ],
											"to": [ 2.6, 2.4, 0.2 ],
											"rotationOrigin": [ 1.6, 1.4, -0.2 ],
											"faces": {
												"north": { "texture": "#brass", "uv": [ 0.0, 0.0, 1.0, 1.0 ] },
												"east": { "texture": "#brass", "uv": [ 0.0, 0.0, 0.5, 1.0 ] },
												"south": { "texture": "#brass", "uv": [ 0.0, 0.0, 1.0, 1.0 ] },
												"west": { "texture": "#brass", "uv": [ 0.0, 0.0, 0.5, 1.0 ] },
												"up": { "texture": "#brass", "uv": [ 0.0, 0.0, 1.0, 0.5 ] },
												"down": { "texture": "#brass", "uv": [ 0.0, 0.0, 1.0, 0.5 ] }
											},
											"children": [
												{
													"name": "Cube30",
													"from": [ 0.1, 0.1, -0.1 ],
													"to": [ 0.9, 0.9, 0.3 ],
													"rotationOrigin": [ 0.1, 0.1, -0.1 ],
													"faces": {
														"north": { "texture": "#topaz", "uv": [ 0.0, 0.0, 0.5, 0.5 ], "glow": 50 },
														"east": { "texture": "#topaz", "uv": [ 0.0, 0.0, 0.5, 0.5 ], "glow": 50, "windMode": [-1,-1,-1,-1] },
														"south": { "texture": "#topaz", "uv": [ 0.0, 0.0, 0.5, 0.5 ], "glow": 50, "windMode": [-1,-1,-1,-1] },
														"west": { "texture": "#topaz", "uv": [ 0.0, 0.0, 0.5, 0.5 ], "glow": 50, "windMode": [-1,-1,-1,-1] },
														"up": { "texture": "#topaz", "uv": [ 0.0, 0.0, 0.5, 0.5 ], "glow": 50, "windMode": [-1,-1,-1,-1] },
														"down": { "texture": "#topaz", "uv": [ 0.0, 0.0, 0.5, 0.5 ], "glow": 50, "windMode": [-1,-1,-1,-1] }
													}
												}
											]
										},
										{
											"name": "Cube31",
											"from": [ 3.7, 1.4, -0.2 ],
											"to": [ 4.7, 2.4, 0.2 ],
											"rotationOrigin": [ 3.7, 1.4, -0.2 ],
											"faces": {
												"north": { "texture": "#brass", "uv": [ 0.0, 0.0, 1.0, 1.0 ] },
												"east": { "texture": "#brass", "uv": [ 0.0, 0.0, 0.5, 1.0 ] },
												"south": { "texture": "#brass", "uv": [ 0.0, 0.0, 1.0, 1.0 ] },
												"west": { "texture": "#brass", "uv": [ 0.0, 0.0, 0.5, 1.0 ] },
												"up": { "texture": "#brass", "uv": [ 0.0, 0.0, 1.0, 0.5 ] },
												"down": { "texture": "#brass", "uv": [ 0.0, 0.0, 1.0, 0.5 ] }
											},
											"children": [
												{
													"name": "Cube32",
													"from": [ 0.1, 0.1, -0.1 ],
													"to": [ 0.9, 0.9, 0.3 ],
													"rotationOrigin": [ 0.1, 0.1, -0.1 ],
													"faces": {
														"north": { "texture": "#copper-hot", "uv": [ 0.0, 0.0, 0.5, 0.5 ], "glow": 50 },
														"east": { "texture": "#copper-hot", "uv": [ 0.0, 0.0, 0.5, 0.5 ], "glow": 50, "windMode": [-1,-1,-1,-1] },
														"south": { "texture": "#copper-hot", "uv": [ 0.0, 0.0, 0.5, 0.5 ], "glow": 50, "windMode": [-1,-1,-1,-1] },
														"west": { "texture": "#copper-hot", "uv": [ 0.0, 0.0, 0.5, 0.5 ], "glow": 50, "windMode": [-1,-1,-1,-1] },
														"up": { "texture": "#copper-hot", "uv": [ 0.0, 0.0, 0.5, 0.5 ], "glow": 50, "windMode": [-1,-1,-1,-1] },
														"down": { "texture": "#copper-hot", "uv": [ 0.0, 0.0, 0.5, 0.5 ], "glow": 50, "windMode": [-1,-1,-1,-1] }
													}
												}
											]
										}
									]
								}
							]
						},
						{
							"name": "Countertop19",
							"from": [ 0.0, 0.0, 0.8 ],
							"to": [ 0.8, 0.6, 15.2 ],
							"rotationOrigin": [ 0.0, 0.0, 0.8 ],
							"faces": {
								"north": { "texture": "#steel", "uv": [ 0.0, 0.0, 0.5, 0.5 ] },
								"east": { "texture": "#steel", "uv": [ 0.0, 0.0, 14.0, 0.5 ] },
								"south": { "texture": "#steel", "uv": [ 0.0, 0.0, 0.5, 0.5 ] },
								"west": { "texture": "#steel", "uv": [ 0.0, 0.0, 14.0, 0.5 ] },
								"up": { "texture": "#steel", "uv": [ 0.0, 0.0, 0.5, 14.0 ] },
								"down": { "texture": "#steel", "uv": [ 0.0, 0.0, 0.5, 14.0 ] }
							}
						},
						{
							"name": "Countertop20",
							"from": [ 15.2, 0.0, 0.8 ],
							"to": [ 16.0, 0.6, 15.2 ],
							"rotationOrigin": [ 15.2, 0.0, 0.8 ],
							"faces": {
								"north": { "texture": "#steel", "uv": [ 0.0, 0.0, 0.5, 0.5 ] },
								"east": { "texture": "#steel", "uv": [ 0.0, 0.0, 14.0, 0.5 ] },
								"south": { "texture": "#steel", "uv": [ 0.0, 0.0, 0.5, 0.5 ] },
								"west": { "texture": "#steel", "uv": [ 0.0, 0.0, 14.0, 0.5 ] },
								"up": { "texture": "#steel", "uv": [ 0.0, 0.0, 0.5, 14.0 ] },
								"down": { "texture": "#steel", "uv": [ 0.0, 0.0, 0.5, 14.0 ] }
							}
						}
					]
				}
			]
		},
		{
			"name": "Cube7",
			"from": [ 13.75, 16.0, 0.7 ],
			"to": [ 14.25, 16.5, 14.5 ],
			"rotationOrigin": [ 12.0, 16.0, 0.2 ],
			"faces": {
				"north": { "texture": "#copper", "uv": [ 0.0, 0.0, 0.5, 0.5 ], "glow": 128, "windMode": [-1,-1,-1,-1], "windData": [1,1,1,1] },
				"east": { "texture": "#copper", "uv": [ 0.0, 0.0, 13.5, 0.5 ], "glow": 128, "windMode": [-1,-1,-1,-1], "windData": [1,1,1,1] },
				"south": { "texture": "#copper", "uv": [ 0.0, 0.0, 0.5, 0.5 ], "glow": 128, "windMode": [-1,-1,-1,-1], "windData": [1,1,1,1] },
				"west": { "texture": "#copper", "uv": [ 0.0, 0.0, 13.5, 0.5 ], "glow": 128, "windMode": [-1,-1,-1,-1], "windData": [1,1,1,1] },
				"up": { "texture": "#copper", "uv": [ 0.0, 0.0, 0.5, 13.5 ], "glow": 128, "windMode": [-1,-1,-1,-1], "windData": [1,1,1,1] },
				"down": { "texture": "#copper", "uv": [ 0.0, 0.0, 0.5, 13.5 ], "glow": 128, "windMode": [-1,-1,-1,-1], "windData": [1,1,1,1] }
			},
			"children": [
				{
					"name": "Cube10",
					"from": [ -0.5, 0.0, 13.3 ],
					"to": [ 0.0, 0.5, 13.8 ],
					"rotationOrigin": [ -2.0, 0.0, 12.8 ],
					"faces": {
						"north": { "texture": "#copper", "uv": [ 0.0, 0.0, 0.5, 0.5 ], "glow": 128 },
						"east": { "texture": "#copper", "uv": [ 0.0, 0.0, 0.5, 0.5 ], "glow": 128, "windMode": [-1,-1,-1,-1], "windData": [1,1,1,1] },
						"south": { "texture": "#copper", "uv": [ 0.0, 0.0, 0.5, 0.5 ], "glow": 128, "windMode": [-1,-1,-1,-1], "windData": [1,1,1,1] },
						"west": { "texture": "#copper", "uv": [ 0.0, 0.0, 0.5, 0.5 ], "glow": 128, "windMode": [-1,-1,-1,-1], "windData": [1,1,1,1] },
						"up": { "texture": "#copper", "uv": [ 0.0, 0.0, 0.5, 0.5 ], "glow": 128, "windMode": [-1,-1,-1,-1], "windData": [1,1,1,1] },
						"down": { "texture": "#copper", "uv": [ 0.0, 0.0, 0.5, 0.5 ], "glow": 128, "windMode": [-1,-1,-1,-1], "windData": [1,1,1,1] }
					},
					"children": [
						{
							"name": "Cube9",
							"from": [ -0.5, 0.0, -12.5 ],
							"to": [ 0.0, 0.5, 0.5 ],
							"rotationOrigin": [ -0.5, 0.0, -12.5 ],
							"faces": {
								"north": { "texture": "#copper", "uv": [ 0.0, 0.0, 0.5, 0.5 ], "glow": 128 },
								"east": { "texture": "#copper", "uv": [ 0.0, 0.0, 13.0, 0.5 ], "glow": 128, "windMode": [-1,-1,-1,-1], "windData": [1,1,1,1] },
								"south": { "texture": "#copper", "uv": [ 0.0, 0.0, 0.5, 0.5 ], "glow": 128, "windMode": [-1,-1,-1,-1], "windData": [1,1,1,1] },
								"west": { "texture": "#copper", "uv": [ 0.0, 0.0, 13.0, 0.5 ], "glow": 128, "windMode": [-1,-1,-1,-1], "windData": [1,1,1,1] },
								"up": { "texture": "#copper", "uv": [ 0.0, 0.0, 0.5, 13.0 ], "glow": 128, "windMode": [-1,-1,-1,-1], "windData": [1,1,1,1] },
								"down": { "texture": "#copper", "uv": [ 0.0, 0.0, 0.5, 13.0 ], "glow": 128, "windMode": [-1,-1,-1,-1], "windData": [1,1,1,1] }
							},
							"children": [
								{
									"name": "Cube11",
									"from": [ -2.0, 0.0, 0.0 ],
									"to": [ -1.5, 0.5, 13.0 ],
									"rotationOrigin": [ -2.0, 0.0, 0.0 ],
									"faces": {
										"north": { "texture": "#copper", "uv": [ 0.0, 0.0, 0.5, 0.5 ], "glow": 128 },
										"east": { "texture": "#copper", "uv": [ 0.0, 0.0, 13.0, 0.5 ], "glow": 128, "windMode": [-1,-1,-1,-1], "windData": [1,1,1,1] },
										"south": { "texture": "#copper", "uv": [ 0.0, 0.0, 0.5, 0.5 ], "glow": 128, "windMode": [-1,-1,-1,-1], "windData": [1,1,1,1] },
										"west": { "texture": "#copper", "uv": [ 0.0, 0.0, 13.0, 0.5 ], "glow": 128, "windMode": [-1,-1,-1,-1], "windData": [1,1,1,1] },
										"up": { "texture": "#copper", "uv": [ 0.0, 0.0, 0.5, 13.0 ], "glow": 128, "windMode": [-1,-1,-1,-1], "windData": [1,1,1,1] },
										"down": { "texture": "#copper", "uv": [ 0.0, 0.0, 0.5, 13.0 ], "glow": 128, "windMode": [-1,-1,-1,-1], "windData": [1,1,1,1] }
									},
									"children": [
										{
											"name": "Cube11",
											"from": [ 0.5, 0.0, 12.5 ],
											"to": [ 1.0, 0.5, 13.0 ],
											"rotationOrigin": [ -1.0, 0.0, 12.0 ],
											"faces": {
												"north": { "texture": "#copper", "uv": [ 0.0, 0.0, 0.5, 0.5 ], "glow": 128 },
												"east": { "texture": "#copper", "uv": [ 0.0, 0.0, 0.5, 0.5 ], "glow": 128, "windMode": [-1,-1,-1,-1], "windData": [1,1,1,1] },
												"south": { "texture": "#copper", "uv": [ 0.0, 0.0, 0.5, 0.5 ], "glow": 128, "windMode": [-1,-1,-1,-1], "windData": [1,1,1,1] },
												"west": { "texture": "#copper", "uv": [ 0.0, 0.0, 0.5, 0.5 ], "glow": 128, "windMode": [-1,-1,-1,-1], "windData": [1,1,1,1] },
												"up": { "texture": "#copper", "uv": [ 0.0, 0.0, 0.5, 0.5 ], "glow": 128, "windMode": [-1,-1,-1,-1], "windData": [1,1,1,1] },
												"down": { "texture": "#copper", "uv": [ 0.0, 0.0, 0.5, 0.5 ], "glow": 128, "windMode": [-1,-1,-1,-1], "windData": [1,1,1,1] }
											},
											"children": [
												{
													"name": "Cube11",
													"from": [ 1.0, 0.0, -12.5 ],
													"to": [ 1.5, 0.5, -12.0 ],
													"rotationOrigin": [ -0.5, 0.0, -12.5 ],
													"faces": {
														"north": { "texture": "#copper", "uv": [ 0.0, 0.0, 0.5, 0.5 ], "glow": 128 },
														"east": { "texture": "#copper", "uv": [ 0.0, 0.0, 0.5, 0.5 ], "glow": 128, "windMode": [-1,-1,-1,-1], "windData": [1,1,1,1] },
														"south": { "texture": "#copper", "uv": [ 0.0, 0.0, 0.5, 0.5 ], "glow": 128, "windMode": [-1,-1,-1,-1], "windData": [1,1,1,1] },
														"west": { "texture": "#copper", "uv": [ 0.0, 0.0, 0.5, 0.5 ], "glow": 128, "windMode": [-1,-1,-1,-1], "windData": [1,1,1,1] },
														"up": { "texture": "#copper", "uv": [ 0.0, 0.0, 0.5, 0.5 ], "glow": 128, "windMode": [-1,-1,-1,-1], "windData": [1,1,1,1] },
														"down": { "texture": "#copper", "uv": [ 0.0, 0.0, 0.5, 0.5 ], "glow": 128, "windMode": [-1,-1,-1,-1], "windData": [1,1,1,1] }
													},
													"children": [
														{
															"name": "Cube6",
															"from": [ -0.5, 0.0, 0.0 ],
															"to": [ 0.0, 0.5, 13.0 ],
															"rotationOrigin": [ -1.5, 0.0, -0.5 ],
															"faces": {
																"north": { "texture": "#copper", "uv": [ 0.0, 0.0, 0.5, 0.5 ], "glow": 128 },
																"east": { "texture": "#copper", "uv": [ 0.0, 0.0, 13.0, 0.5 ], "glow": 128, "windMode": [-1,-1,-1,-1], "windData": [1,1,1,1] },
																"south": { "texture": "#copper", "uv": [ 0.0, 0.0, 0.5, 0.5 ], "glow": 128, "windMode": [-1,-1,-1,-1], "windData": [1,1,1,1] },
																"west": { "texture": "#copper", "uv": [ 0.0, 0.0, 13.0, 0.5 ], "glow": 128, "windMode": [-1,-1,-1,-1], "windData": [1,1,1,1] },
																"up": { "texture": "#copper", "uv": [ 0.0, 0.0, 0.5, 13.0 ], "glow": 128, "windMode": [-1,-1,-1,-1], "windData": [1,1,1,1] },
																"down": { "texture": "#copper", "uv": [ 0.0, 0.0, 0.5, 13.0 ], "glow": 128, "windMode": [-1,-1,-1,-1], "windData": [1,1,1,1] }
															},
															"children": [
																{
																	"name": "Cube12",
																	"from": [ -1.5, 0.0, 0.0 ],
																	"to": [ -1.0, 0.5, 0.5 ],
																	"rotationOrigin": [ -3.0, 0.0, 0.0 ],
																	"faces": {
																		"north": { "texture": "#copper", "uv": [ 0.0, 0.0, 0.5, 0.5 ], "glow": 128 },
																		"east": { "texture": "#copper", "uv": [ 0.0, 0.0, 0.5, 0.5 ], "glow": 128, "windMode": [-1,-1,-1,-1], "windData": [1,1,1,1] },
																		"south": { "texture": "#copper", "uv": [ 0.0, 0.0, 0.5, 0.5 ], "glow": 128, "windMode": [-1,-1,-1,-1], "windData": [1,1,1,1] },
																		"west": { "texture": "#copper", "uv": [ 0.0, 0.0, 0.5, 0.5 ], "glow": 128, "windMode": [-1,-1,-1,-1], "windData": [1,1,1,1] },
																		"up": { "texture": "#copper", "uv": [ 0.0, 0.0, 0.5, 0.5 ], "glow": 128, "windMode": [-1,-1,-1,-1], "windData": [1,1,1,1] },
																		"down": { "texture": "#copper", "uv": [ 0.0, 0.0, 0.5, 0.5 ], "glow": 128, "windMode": [-1,-1,-1,-1], "windData": [1,1,1,1] }
																	},
																	"children": [
																		{
																			"name": "Cube12",
																			"from": [ -1.0, 0.0, 12.5 ],
																			"to": [ -0.5, 0.5, 13.0 ],
																			"rotationOrigin": [ -2.5, 0.0, 12.0 ],
																			"faces": {
																				"north": { "texture": "#copper", "uv": [ 0.0, 0.0, 0.5, 0.5 ], "glow": 128 },
																				"east": { "texture": "#copper", "uv": [ 0.0, 0.0, 0.5, 0.5 ], "glow": 128, "windMode": [-1,-1,-1,-1], "windData": [1,1,1,1] },
																				"south": { "texture": "#copper", "uv": [ 0.0, 0.0, 0.5, 0.5 ], "glow": 128, "windMode": [-1,-1,-1,-1], "windData": [1,1,1,1] },
																				"west": { "texture": "#copper", "uv": [ 0.0, 0.0, 0.5, 0.5 ], "glow": 128, "windMode": [-1,-1,-1,-1], "windData": [1,1,1,1] },
																				"up": { "texture": "#copper", "uv": [ 0.0, 0.0, 0.5, 0.5 ], "glow": 128, "windMode": [-1,-1,-1,-1], "windData": [1,1,1,1] },
																				"down": { "texture": "#copper", "uv": [ 0.0, 0.0, 0.5, 0.5 ], "glow": 128, "windMode": [-1,-1,-1,-1], "windData": [1,1,1,1] }
																			},
																			"children": [
																				{
																					"name": "Cube13",
																					"from": [ -0.5, 0.0, -12.5 ],
																					"to": [ 0.0, 0.5, 0.5 ],
																					"rotationOrigin": [ -0.5, 0.0, -12.5 ],
																					"faces": {
																						"north": { "texture": "#copper", "uv": [ 0.0, 0.0, 0.5, 0.5 ], "glow": 128 },
																						"east": { "texture": "#copper", "uv": [ 0.0, 0.0, 13.0, 0.5 ], "glow": 128, "windMode": [-1,-1,-1,-1], "windData": [1,1,1,1] },
																						"south": { "texture": "#copper", "uv": [ 0.0, 0.0, 0.5, 0.5 ], "glow": 128, "windMode": [-1,-1,-1,-1], "windData": [1,1,1,1] },
																						"west": { "texture": "#copper", "uv": [ 0.0, 0.0, 13.0, 0.5 ], "glow": 128, "windMode": [-1,-1,-1,-1], "windData": [1,1,1,1] },
																						"up": { "texture": "#copper", "uv": [ 0.0, 0.0, 0.5, 13.0 ], "glow": 128, "windMode": [-1,-1,-1,-1], "windData": [1,1,1,1] },
																						"down": { "texture": "#copper", "uv": [ 0.0, 0.0, 0.5, 13.0 ], "glow": 128, "windMode": [-1,-1,-1,-1], "windData": [1,1,1,1] }
																					},
																					"children": [
																						{
																							"name": "Cube12",
																							"from": [ 1.0, 0.0, 0.0 ],
																							"to": [ 1.5, 0.5, 13.0 ],
																							"rotationOrigin": [ 0.0, 0.0, -0.5 ],
																							"faces": {
																								"north": { "texture": "#copper", "uv": [ 0.0, 0.0, 0.5, 0.5 ], "glow": 128 },
																								"east": { "texture": "#copper", "uv": [ 0.0, 0.0, 13.0, 0.5 ], "glow": 128, "windMode": [-1,-1,-1,-1], "windData": [1,1,1,1] },
																								"south": { "texture": "#copper", "uv": [ 0.0, 0.0, 0.5, 0.5 ], "glow": 128, "windMode": [-1,-1,-1,-1], "windData": [1,1,1,1] },
																								"west": { "texture": "#copper", "uv": [ 0.0, 0.0, 13.0, 0.5 ], "glow": 128, "windMode": [-1,-1,-1,-1], "windData": [1,1,1,1] },
																								"up": { "texture": "#copper", "uv": [ 0.0, 0.0, 0.5, 13.0 ], "glow": 128, "windMode": [-1,-1,-1,-1], "windData": [1,1,1,1] },
																								"down": { "texture": "#copper", "uv": [ 0.0, 0.0, 0.5, 13.0 ], "glow": 128, "windMode": [-1,-1,-1,-1], "windData": [1,1,1,1] }
																							},
																							"children": [
																								{
																									"name": "Cube15",
																									"from": [ -1.5, 0.0, 0.0 ],
																									"to": [ -1.0, 0.5, 0.5 ],
																									"rotationOrigin": [ -3.0, 0.0, 0.0 ],
																									"faces": {
																										"north": { "texture": "#copper", "uv": [ 0.0, 0.0, 0.5, 0.5 ], "glow": 128 },
																										"east": { "texture": "#copper", "uv": [ 0.0, 0.0, 0.5, 0.5 ], "glow": 128, "windMode": [-1,-1,-1,-1], "windData": [1,1,1,1] },
																										"south": { "texture": "#copper", "uv": [ 0.0, 0.0, 0.5, 0.5 ], "glow": 128, "windMode": [-1,-1,-1,-1], "windData": [1,1,1,1] },
																										"west": { "texture": "#copper", "uv": [ 0.0, 0.0, 0.5, 0.5 ], "glow": 128, "windMode": [-1,-1,-1,-1], "windData": [1,1,1,1] },
																										"up": { "texture": "#copper", "uv": [ 0.0, 0.0, 0.5, 0.5 ], "glow": 128, "windMode": [-1,-1,-1,-1], "windData": [1,1,1,1] },
																										"down": { "texture": "#copper", "uv": [ 0.0, 0.0, 0.5, 0.5 ], "glow": 128, "windMode": [-1,-1,-1,-1], "windData": [1,1,1,1] }
																									},
																									"children": [
																										{
																											"name": "Cube16",
																											"from": [ -1.0, 0.0, 12.5 ],
																											"to": [ -0.5, 0.5, 13.0 ],
																											"rotationOrigin": [ -2.5, 0.0, 12.0 ],
																											"faces": {
																												"north": { "texture": "#copper", "uv": [ 0.0, 0.0, 0.5, 0.5 ], "glow": 128 },
																												"east": { "texture": "#copper", "uv": [ 0.0, 0.0, 0.5, 0.5 ], "glow": 128, "windMode": [-1,-1,-1,-1], "windData": [1,1,1,1] },
																												"south": { "texture": "#copper", "uv": [ 0.0, 0.0, 0.5, 0.5 ], "glow": 128, "windMode": [-1,-1,-1,-1], "windData": [1,1,1,1] },
																												"west": { "texture": "#copper", "uv": [ 0.0, 0.0, 0.5, 0.5 ], "glow": 128, "windMode": [-1,-1,-1,-1], "windData": [1,1,1,1] },
																												"up": { "texture": "#copper", "uv": [ 0.0, 0.0, 0.5, 0.5 ], "glow": 128, "windMode": [-1,-1,-1,-1], "windData": [1,1,1,1] },
																												"down": { "texture": "#copper", "uv": [ 0.0, 0.0, 0.5, 0.5 ], "glow": 128, "windMode": [-1,-1,-1,-1], "windData": [1,1,1,1] }
																											},
																											"children": [
																												{
																													"name": "Cube17",
																													"from": [ -0.5, 0.0, -12.5 ],
																													"to": [ 0.0, 0.5, 0.5 ],
																													"rotationOrigin": [ -0.5, 0.0, -12.5 ],
																													"faces": {
																														"north": { "texture": "#copper", "uv": [ 0.0, 0.0, 0.5, 0.5 ], "glow": 128 },
																														"east": { "texture": "#copper", "uv": [ 0.0, 0.0, 13.0, 0.5 ], "glow": 128, "windMode": [-1,-1,-1,-1], "windData": [1,1,1,1] },
																														"south": { "texture": "#copper", "uv": [ 0.0, 0.0, 0.5, 0.5 ], "glow": 128, "windMode": [-1,-1,-1,-1], "windData": [1,1,1,1] },
																														"west": { "texture": "#copper", "uv": [ 0.0, 0.0, 13.0, 0.5 ], "glow": 128, "windMode": [-1,-1,-1,-1], "windData": [1,1,1,1] },
																														"up": { "texture": "#copper", "uv": [ 0.0, 0.0, 0.5, 13.0 ], "glow": 128, "windMode": [-1,-1,-1,-1], "windData": [1,1,1,1] },
																														"down": { "texture": "#copper", "uv": [ 0.0, 0.0, 0.5, 13.0 ], "glow": 128, "windMode": [-1,-1,-1,-1], "windData": [1,1,1,1] }
																													},
																													"children": [
																														{
																															"name": "Cube14",
																															"from": [ 1.0, 0.0, 0.0 ],
																															"to": [ 1.5, 0.5, 13.0 ],
																															"rotationOrigin": [ 0.0, 0.0, -0.5 ],
																															"faces": {
																																"north": { "texture": "#copper", "uv": [ 0.0, 0.0, 0.5, 0.5 ], "glow": 128 },
																																"east": { "texture": "#copper", "uv": [ 0.0, 0.0, 13.0, 0.5 ], "glow": 128, "windMode": [-1,-1,-1,-1], "windData": [1,1,1,1] },
																																"south": { "texture": "#copper", "uv": [ 0.0, 0.0, 0.5, 0.5 ], "glow": 128, "windMode": [-1,-1,-1,-1], "windData": [1,1,1,1] },
																																"west": { "texture": "#copper", "uv": [ 0.0, 0.0, 13.0, 0.5 ], "glow": 128, "windMode": [-1,-1,-1,-1], "windData": [1,1,1,1] },
																																"up": { "texture": "#copper", "uv": [ 0.0, 0.0, 0.5, 13.0 ], "glow": 128, "windMode": [-1,-1,-1,-1], "windData": [1,1,1,1] },
																																"down": { "texture": "#copper", "uv": [ 0.0, 0.0, 0.5, 13.0 ], "glow": 128, "windMode": [-1,-1,-1,-1], "windData": [1,1,1,1] }
																															},
																															"children": [
																																{
																																	"name": "Cube19",
																																	"from": [ -1.5, 0.0, 0.0 ],
																																	"to": [ -1.0, 0.5, 0.5 ],
																																	"rotationOrigin": [ -3.0, 0.0, 0.0 ],
																																	"faces": {
																																		"north": { "texture": "#copper", "uv": [ 0.0, 0.0, 0.5, 0.5 ], "glow": 128 },
																																		"east": { "texture": "#copper", "uv": [ 0.0, 0.0, 0.5, 0.5 ], "glow": 128, "windMode": [-1,-1,-1,-1], "windData": [1,1,1,1] },
																																		"south": { "texture": "#copper", "uv": [ 0.0, 0.0, 0.5, 0.5 ], "glow": 128, "windMode": [-1,-1,-1,-1], "windData": [1,1,1,1] },
																																		"west": { "texture": "#copper", "uv": [ 0.0, 0.0, 0.5, 0.5 ], "glow": 128, "windMode": [-1,-1,-1,-1], "windData": [1,1,1,1] },
																																		"up": { "texture": "#copper", "uv": [ 0.0, 0.0, 0.5, 0.5 ], "glow": 128, "windMode": [-1,-1,-1,-1], "windData": [1,1,1,1] },
																																		"down": { "texture": "#copper", "uv": [ 0.0, 0.0, 0.5, 0.5 ], "glow": 128, "windMode": [-1,-1,-1,-1], "windData": [1,1,1,1] }
																																	},
																																	"children": [
																																		{
																																			"name": "Cube20",
																																			"from": [ -1.0, 0.0, 12.5 ],
																																			"to": [ -0.5, 0.5, 13.0 ],
																																			"rotationOrigin": [ -2.5, 0.0, 12.0 ],
																																			"faces": {
																																				"north": { "texture": "#copper", "uv": [ 0.0, 0.0, 0.5, 0.5 ], "glow": 128 },
																																				"east": { "texture": "#copper", "uv": [ 0.0, 0.0, 0.5, 0.5 ], "glow": 128, "windMode": [-1,-1,-1,-1], "windData": [1,1,1,1] },
																																				"south": { "texture": "#copper", "uv": [ 0.0, 0.0, 0.5, 0.5 ], "glow": 128, "windMode": [-1,-1,-1,-1], "windData": [1,1,1,1] },
																																				"west": { "texture": "#copper", "uv": [ 0.0, 0.0, 0.5, 0.5 ], "glow": 128, "windMode": [-1,-1,-1,-1], "windData": [1,1,1,1] },
																																				"up": { "texture": "#copper", "uv": [ 0.0, 0.0, 0.5, 0.5 ], "glow": 128, "windMode": [-1,-1,-1,-1], "windData": [1,1,1,1] },
																																				"down": { "texture": "#copper", "uv": [ 0.0, 0.0, 0.5, 0.5 ], "glow": 128, "windMode": [-1,-1,-1,-1], "windData": [1,1,1,1] }
																																			},
																																			"children": [
																																				{
																																					"name": "Cube21",
																																					"from": [ -0.5, 0.0, -12.5 ],
																																					"to": [ 0.0, 0.5, 0.5 ],
																																					"rotationOrigin": [ -0.5, 0.0, -12.5 ],
																																					"faces": {
																																						"north": { "texture": "#copper", "uv": [ 0.0, 0.0, 0.5, 0.5 ], "glow": 128 },
																																						"east": { "texture": "#copper", "uv": [ 0.0, 0.0, 13.0, 0.5 ], "glow": 128, "windMode": [-1,-1,-1,-1], "windData": [1,1,1,1] },
																																						"south": { "texture": "#copper", "uv": [ 0.0, 0.0, 0.5, 0.5 ], "glow": 128, "windMode": [-1,-1,-1,-1], "windData": [1,1,1,1] },
																																						"west": { "texture": "#copper", "uv": [ 0.0, 0.0, 13.0, 0.5 ], "glow": 128, "windMode": [-1,-1,-1,-1], "windData": [1,1,1,1] },
																																						"up": { "texture": "#copper", "uv": [ 0.0, 0.0, 0.5, 13.0 ], "glow": 128, "windMode": [-1,-1,-1,-1], "windData": [1,1,1,1] },
																																						"down": { "texture": "#copper", "uv": [ 0.0, 0.0, 0.5, 13.0 ], "glow": 128, "windMode": [-1,-1,-1,-1], "windData": [1,1,1,1] }
																																					},
																																					"children": [
																																						{
																																							"name": "Cube18",
																																							"from": [ 1.0, 0.0, 0.0 ],
																																							"to": [ 1.5, 0.5, 13.0 ],
																																							"rotationOrigin": [ 0.0, 0.0, -0.5 ],
																																							"faces": {
																																								"north": { "texture": "#copper", "uv": [ 0.0, 0.0, 0.5, 0.5 ], "glow": 128 },
																																								"east": { "texture": "#copper", "uv": [ 0.0, 0.0, 13.0, 0.5 ], "glow": 128, "windMode": [-1,-1,-1,-1], "windData": [1,1,1,1] },
																																								"south": { "texture": "#copper", "uv": [ 0.0, 0.0, 0.5, 0.5 ], "glow": 128, "windMode": [-1,-1,-1,-1], "windData": [1,1,1,1] },
																																								"west": { "texture": "#copper", "uv": [ 0.0, 0.0, 13.0, 0.5 ], "glow": 128, "windMode": [-1,-1,-1,-1], "windData": [1,1,1,1] },
																																								"up": { "texture": "#copper", "uv": [ 0.0, 0.0, 0.5, 13.0 ], "glow": 128, "windMode": [-1,-1,-1,-1], "windData": [1,1,1,1] },
																																								"down": { "texture": "#copper", "uv": [ 0.0, 0.0, 0.5, 13.0 ], "glow": 128, "windMode": [-1,-1,-1,-1], "windData": [1,1,1,1] }
																																							},
																																							"children": [
																																								{
																																									"name": "Cube23",
																																									"from": [ -1.5, 0.0, 0.0 ],
																																									"to": [ -1.0, 0.5, 0.5 ],
																																									"rotationOrigin": [ -3.0, 0.0, 0.0 ],
																																									"faces": {
																																										"north": { "texture": "#copper", "uv": [ 0.0, 0.0, 0.5, 0.5 ], "glow": 128 },
																																										"east": { "texture": "#copper", "uv": [ 0.0, 0.0, 0.5, 0.5 ], "glow": 128, "windMode": [-1,-1,-1,-1], "windData": [1,1,1,1] },
																																										"south": { "texture": "#copper", "uv": [ 0.0, 0.0, 0.5, 0.5 ], "glow": 128, "windMode": [-1,-1,-1,-1], "windData": [1,1,1,1] },
																																										"west": { "texture": "#copper", "uv": [ 0.0, 0.0, 0.5, 0.5 ], "glow": 128, "windMode": [-1,-1,-1,-1], "windData": [1,1,1,1] },
																																										"up": { "texture": "#copper", "uv": [ 0.0, 0.0, 0.5, 0.5 ], "glow": 128, "windMode": [-1,-1,-1,-1], "windData": [1,1,1,1] },
																																										"down": { "texture": "#copper", "uv": [ 0.0, 0.0, 0.5, 0.5 ], "glow": 128, "windMode": [-1,-1,-1,-1], "windData": [1,1,1,1] }
																																									},
																																									"children": [
																																										{
																																											"name": "Cube24",
																																											"from": [ -1.0, 0.0, 12.5 ],
																																											"to": [ -0.5, 0.5, 13.0 ],
																																											"rotationOrigin": [ -2.5, 0.0, 12.0 ],
																																											"faces": {
																																												"north": { "texture": "#copper", "uv": [ 0.0, 0.0, 0.5, 0.5 ], "glow": 128 },
																																												"east": { "texture": "#copper", "uv": [ 0.0, 0.0, 0.5, 0.5 ], "glow": 128, "windMode": [-1,-1,-1,-1], "windData": [1,1,1,1] },
																																												"south": { "texture": "#copper", "uv": [ 0.0, 0.0, 0.5, 0.5 ], "glow": 128, "windMode": [-1,-1,-1,-1], "windData": [1,1,1,1] },
																																												"west": { "texture": "#copper", "uv": [ 0.0, 0.0, 0.5, 0.5 ], "glow": 128, "windMode": [-1,-1,-1,-1], "windData": [1,1,1,1] },
																																												"up": { "texture": "#copper", "uv": [ 0.0, 0.0, 0.5, 0.5 ], "glow": 128, "windMode": [-1,-1,-1,-1], "windData": [1,1,1,1] },
																																												"down": { "texture": "#copper", "uv": [ 0.0, 0.0, 0.5, 0.5 ], "glow": 128, "windMode": [-1,-1,-1,-1], "windData": [1,1,1,1] }
																																											},
																																											"children": [
																																												{
																																													"name": "Cube25",
																																													"from": [ -0.5, 0.0, -12.5 ],
																																													"to": [ 0.0, 0.5, 0.5 ],
																																													"rotationOrigin": [ -0.5, 0.0, -12.5 ],
																																													"faces": {
																																														"north": { "texture": "#copper", "uv": [ 0.0, 0.0, 0.5, 0.5 ], "glow": 128 },
																																														"east": { "texture": "#copper", "uv": [ 0.0, 0.0, 13.0, 0.5 ], "glow": 128, "windMode": [-1,-1,-1,-1], "windData": [1,1,1,1] },
																																														"south": { "texture": "#copper", "uv": [ 0.0, 0.0, 0.5, 0.5 ], "glow": 128, "windMode": [-1,-1,-1,-1], "windData": [1,1,1,1] },
																																														"west": { "texture": "#copper", "uv": [ 0.0, 0.0, 13.0, 0.5 ], "glow": 128, "windMode": [-1,-1,-1,-1], "windData": [1,1,1,1] },
																																														"up": { "texture": "#copper", "uv": [ 0.0, 0.0, 0.5, 13.0 ], "glow": 128, "windMode": [-1,-1,-1,-1], "windData": [1,1,1,1] },
																																														"down": { "texture": "#copper", "uv": [ 0.0, 0.0, 0.5, 13.0 ], "glow": 128, "windMode": [-1,-1,-1,-1], "windData": [1,1,1,1] }
																																													},
																																													"children": [
																																														{
																																															"name": "Cube22",
																																															"from": [ 1.0, 0.0, 0.0 ],
																																															"to": [ 1.5, 0.5, 13.0 ],
																																															"rotationOrigin": [ 0.0, 0.0, -0.5 ],
																																															"faces": {
																																																"north": { "texture": "#copper", "uv": [ 0.0, 0.0, 0.5, 0.5 ], "glow": 128 },
																																																"east": { "texture": "#copper", "uv": [ 0.0, 0.0, 13.0, 0.5 ], "glow": 128, "windMode": [-1,-1,-1,-1], "windData": [1,1,1,1] },
																																																"south": { "texture": "#copper", "uv": [ 0.0, 0.0, 0.5, 0.5 ], "glow": 128, "windMode": [-1,-1,-1,-1], "windData": [1,1,1,1] },
																																																"west": { "texture": "#copper", "uv": [ 0.0, 0.0, 13.0, 0.5 ], "glow": 128, "windMode": [-1,-1,-1,-1], "windData": [1,1,1,1] },
																																																"up": { "texture": "#copper", "uv": [ 0.0, 0.0, 0.5, 13.0 ], "glow": 128, "windMode": [-1,-1,-1,-1], "windData": [1,1,1,1] },
																																																"down": { "texture": "#copper", "uv": [ 0.0, 0.0, 0.5, 13.0 ], "glow": 128, "windMode": [-1,-1,-1,-1], "windData": [1,1,1,1] }
																																															},
																																															"children": [
																																																{
																																																	"name": "Cube27",
																																																	"from": [ -1.5, 0.0, 0.0 ],
																																																	"to": [ -1.0, 0.5, 0.5 ],
																																																	"rotationOrigin": [ -3.0, 0.0, 0.0 ],
																																																	"faces": {
																																																		"north": { "texture": "#copper", "uv": [ 0.0, 0.0, 0.5, 0.5 ], "glow": 128 },
																																																		"east": { "texture": "#copper", "uv": [ 0.0, 0.0, 0.5, 0.5 ], "glow": 128, "windMode": [-1,-1,-1,-1], "windData": [1,1,1,1] },
																																																		"south": { "texture": "#copper", "uv": [ 0.0, 0.0, 0.5, 0.5 ], "glow": 128, "windMode": [-1,-1,-1,-1], "windData": [1,1,1,1] },
																																																		"west": { "texture": "#copper", "uv": [ 0.0, 0.0, 0.5, 0.5 ], "glow": 128, "windMode": [-1,-1,-1,-1], "windData": [1,1,1,1] },
																																																		"up": { "texture": "#copper", "uv": [ 0.0, 0.0, 0.5, 0.5 ], "glow": 128, "windMode": [-1,-1,-1,-1], "windData": [1,1,1,1] },
																																																		"down": { "texture": "#copper", "uv": [ 0.0, 0.0, 0.5, 0.5 ], "glow": 128, "windMode": [-1,-1,-1,-1], "windData": [1,1,1,1] }
																																																	},
																																																	"children": [
																																																		{
																																																			"name": "Cube26",
																																																			"from": [ -0.5, 0.0, 0.0 ],
																																																			"to": [ 0.0, 0.5, 13.8 ],
																																																			"rotationOrigin": [ -1.5, 0.0, -0.5 ],
																																																			"faces": {
																																																				"north": { "texture": "#copper", "uv": [ 0.0, 0.0, 0.5, 0.5 ], "glow": 128 },
																																																				"east": { "texture": "#copper", "uv": [ 0.0, 0.0, 13.5, 0.5 ], "glow": 128, "windMode": [-1,-1,-1,-1], "windData": [1,1,1,1] },
																																																				"south": { "texture": "#copper", "uv": [ 0.0, 0.0, 0.5, 0.5 ], "glow": 128, "windMode": [-1,-1,-1,-1], "windData": [1,1,1,1] },
																																																				"west": { "texture": "#copper", "uv": [ 0.0, 0.0, 13.5, 0.5 ], "glow": 128, "windMode": [-1,-1,-1,-1], "windData": [1,1,1,1] },
																																																				"up": { "texture": "#copper", "uv": [ 0.0, 0.0, 0.5, 13.5 ], "glow": 128, "windMode": [-1,-1,-1,-1], "windData": [1,1,1,1] },
																																																				"down": { "texture": "#copper", "uv": [ 0.0, 0.0, 0.5, 13.5 ], "glow": 128, "windMode": [-1,-1,-1,-1], "windData": [1,1,1,1] }
																																																			}
																																																		}
																																																	]
																																																}
																																															]
																																														}
																																													]
																																												}
																																											]
																																										}
																																									]
																																								}
																																							]
																																						}
																																					]
																																				}
																																			]
																																		}
																																	]
																																}
																															]
																														}
																													]
																												}
																											]
																										}
																									]
																								}
																							]
																						}
																					]
																				}
																			]
																		}
																	]
																}
															]
														}
													]
												}
											]
										}
									]
								}
							]
						}
					]
				}
			]
		}
	]}