{
  "version": 1,
  "patches": {
    "boolean": {
      "dressmakers:recipes/grid/clothing/all/*": {
        "0-21/enabled": "COMMON_CLOTHING"
      },
      "dressmakers:recipes/grid/clothing/class/*": {
        "0-21/enabled": "CLASS_CLOTHING"
      }
    }
  },
  "settings": {
    "boolean": {
      "CLASS_CLOTHING": {
        "name": "enable_class_clothing_recipes",
        "ingui": "dressmakers:setting_enable_class_clothing",
        "comment": "dressmakers:setting_enable_class_clothing_comment",
        "weight": 1,
        "default": true
      },
      "COMMON_CLOTHING": {
        "name": "enable_common_clothing_recipes",
        "ingui": "dressmakers:setting_enable_common_clothing",
        "comment": "dressmakers:setting_enable_common_clothing_comment",
        "weight": 2,
        "default": true
      }
    }
  },
  "formatting": [
    {
      "type": "separator",
      "weight": 0.1,
      "title": "dressmakers:settings_title_clothing_recipes"
    },
    {
      "type": "separator",
      "weight": 2.1,
      "title": "dressmakers:settings_title_mod_recipes"
    }
  ]
}
