[
  {
    "ingredientPattern": "A",
    "ingredients": {
      "A": {"type": "item", "code": "maltiezfirearms:pistol-plain", "quantity": 1}
    },
    "width": 1,
    "height": 1,
    "output": {"type": "item", "code": "maltiezfirearms:firearm-pistol-tinbronze"}
  },
  {
    "ingredientPattern": "A",
    "ingredients": {
      "A": {"type": "item", "code": "maltiezfirearms:arquebus-plain", "quantity": 1}
    },
    "width": 1,
    "height": 1,
    "output": {"type": "item", "code": "maltiezfirearms:firearm-arquebus-iron"}
  },
  {
    "ingredientPattern": "A",
    "ingredients": {
      "A": {"type": "item", "code": "maltiezfirearms:carbine", "quantity": 1}
    },
    "width": 1,
    "height": 1,
    "output": {"type": "item", "code": "maltiezfirearms:firearm-carbine-steel"}
  },
  {
    "ingredientPattern": "A",
    "ingredients": {
      "A": {"type": "item", "code": "maltiezfirearms:musket", "quantity": 1}
    },
    "width": 1,
    "height": 1,
    "output": {"type": "item", "code": "maltiezfirearms:firearm-musket-steel"}
  }
]