{
	"editor": {
		"collapsedPaths": "",
		"allAngles": false,
		"entityTextureMode": false
	},
	"textureWidth": 16,
	"textureHeight": 16,
	"textureSizes": {
	},
	"textures": {
		"frame": "frame",
		"frame-slab": "frame-slab",
		"smoky": "smoky",
		"surface": "surface"
	},
	"elements": [
		{
			"name": "originbottom",
			"from": [ 1.0, 0.0, 1.0 ],
			"to": [ 15.0, 1.0, 15.0 ],
			"rotationOrigin": [ 1.0, 0.0, 1.0 ],
			"faces": {
				"down": { "texture": "#surface", "uv": [ 0.0, 3.0, 16.0, 16.0 ], "autoUv": false }
			},
			"children": [
				{
					"name": "BRFence",
					"from": [ 14.0, 0.0, -1.0 ],
					"to": [ 15.0, 12.0, 15.0 ],
					"rotationOrigin": [ 14.0, 0.0, -1.0 ],
					"faces": {
						"east": { "texture": "#surface", "uv": [ 0.0, 3.0, 16.0, 15.0 ] },
						"south": { "texture": "#surface", "uv": [ 3.5, 3.5, 15.5, 4.5 ], "rotation": 90 },
						"west": { "texture": "#surface", "uv": [ 0.0, 3.0, 16.0, 15.0 ] },
						"down": { "texture": "#surface", "uv": [ 0.0, 6.5, 16.0, 7.5 ], "rotation": 270 }
					},
					"children": [
						{
							"name": "BRFence2",
							"from": [ 0.01, 12.1, 1.0 ],
							"to": [ 0.99, 15.98, 16.53 ],
							"rotationOrigin": [ 0.0, 16.0, 1.1 ],
							"rotationX": 14.95,
							"faces": {
								"east": { "texture": "#surface", "uv": [ 0.5, 3.0, 16.0, 6.5 ] },
								"west": { "texture": "#surface", "uv": [ 0.5, 3.0, 16.0, 6.5 ] },
								"up": { "texture": "#surface", "uv": [ 0.0, 7.5, 16.0, 8.5 ], "rotation": 270, "autoUv": false }
							}
						}
					]
				},
				{
					"name": "BBFence",
					"from": [ -1.0, 0.0, -1.0 ],
					"to": [ 15.0, 12.0, 0.0 ],
					"rotationOrigin": [ -1.0, 0.0, -1.0 ],
					"faces": {
						"north": { "texture": "#surface", "uv": [ 0.0, 4.0, 16.0, 16.0 ], "windMode": [-1,-1,-1,-1] },
						"south": { "texture": "#surface", "uv": [ 0.0, 4.0, 16.0, 16.0 ], "rotation": 180, "windMode": [-1,-1,-1,-1] },
						"down": { "texture": "#surface", "uv": [ 0.0, 3.0, 16.0, 4.0 ] }
					},
					"children": [
						{
							"name": "BBFence2",
							"from": [ 0.0, 12.0, 0.0 ],
							"to": [ 16.0, 16.0, 1.0 ],
							"rotationOrigin": [ 0.0, 12.0, 0.0 ],
							"faces": {
								"north": { "texture": "#surface", "uv": [ 0.0, 3.0, 16.0, 7.0 ], "windMode": [-1,-1,-1,-1] },
								"east": { "texture": "#surface", "uv": [ 12.0, 15.0, 16.0, 16.0 ], "rotation": 270, "windMode": [-1,-1,-1,-1], "windData": [0,0,0,0] },
								"south": { "texture": "#surface", "uv": [ 0.0, 12.0, 16.0, 16.0 ], "rotation": 180, "windMode": [-1,-1,-1,-1] },
								"west": { "texture": "#surface", "uv": [ 12.0, 3.0, 16.0, 4.0 ], "rotation": 270, "windMode": [-1,-1,-1,-1], "windData": [0,0,0,0] },
								"up": { "texture": "#surface", "uv": [ 0.0, 3.0, 16.0, 4.0 ], "windMode": [-1,-1,-1,-1] }
							}
						}
					]
				},
				{
					"name": "FFence",
					"from": [ 0.0, 0.0, 14.0 ],
					"to": [ 1.0, 3.0, 28.0 ],
					"rotationOrigin": [ 0.0, 0.0, 14.0 ],
					"rotationY": 90.0,
					"faces": {
						"west": { "texture": "#surface", "uv": [ 1.0, 5.0, 15.0, 8.0 ] }
					}
				},
				{
					"name": "MShelf",
					"from": [ 0.0, 3.0, 0.0 ],
					"to": [ 14.0, 4.0, 15.0 ],
					"rotationOrigin": [ 0.0, 3.0, 0.0 ],
					"faces": {
						"south": { "texture": "#surface", "uv": [ 0.0, 3.0, 14.0, 4.0 ], "windMode": [-1,-1,-1,-1] },
						"up": { "texture": "#surface", "uv": [ 0.0, 3.0, 16.0, 16.0 ], "autoUv": false, "windMode": [-1,-1,-1,-1] },
						"down": { "texture": "#surface", "uv": [ 0.0, 3.0, 16.0, 16.0 ], "autoUv": false, "windMode": [-1,-1,-1,-1] }
					}
				},
				{
					"name": "TShelf",
					"from": [ 0.0, 11.0, 0.0 ],
					"to": [ 14.0, 12.0, 15.53 ],
					"rotationOrigin": [ 0.0, 12.0, 0.0 ],
					"rotationX": 15.0,
					"faces": {
						"south": { "texture": "#surface", "uv": [ 0.0, 3.0, 14.0, 4.0 ], "windMode": [-1,-1,-1,-1] },
						"up": { "texture": "#surface", "uv": [ 0.0, 3.0, 16.0, 16.0 ], "autoUv": false, "windMode": [-1,-1,-1,-1] },
						"down": { "texture": "#surface", "uv": [ 0.0, 3.0, 16.0, 16.0 ], "autoUv": false, "windMode": [-1,-1,-1,-1] }
					}
				},
				{
					"name": "originglass",
					"from": [ 0.0, 0.0, 0.0 ],
					"to": [ 0.0, 0.0, 0.0 ],
					"rotationOrigin": [ 0.0, 0.0, 0.0 ],
					"rotationX": 15.0,
					"faces": {
					},
					"children": [
						{
							"name": "TGlass",
							"from": [ 0.0, 13.9719, -4.05 ],
							"to": [ 14.0, 14.9719, 11.0 ],
							"renderPass": 3,
							"rotationOrigin": [ 0.0, 14.9719, -4.0117 ],
							"faces": {
								"up": { "texture": "#smoky", "uv": [ 0.0, 0.0, 14.0, 15.0 ], "windMode": [-1,-1,-1,-1] }
							},
							"children": [
								{
									"name": "TGlassFrame",
									"from": [ 0.0, 0.01, 0.0 ],
									"to": [ 14.0, 1.01, 15.05 ],
									"renderPass": 1,
									"rotationOrigin": [ 0.0, 1.0, 0.0 ],
									"faces": {
										"up": { "texture": "#frame", "uv": [ 0.0, 0.0, 16.0, 16.0 ], "autoUv": false, "windMode": [-1,-1,-1,-1] }
									}
								}
							]
						},
						{
							"name": "FTGlass",
							"from": [ 0.0, 14.0219, 11.1283 ],
							"to": [ 14.0, 15.0219, 18.5283 ],
							"renderPass": 3,
							"rotationOrigin": [ 0.0, 14.8611, 11.0295 ],
							"rotationX": 75.0,
							"faces": {
								"up": { "texture": "#smoky", "uv": [ 0.0, 0.0, 14.0, 7.0 ], "windMode": [-1,-1,-1,-1] }
							},
							"children": [
								{
									"name": "FTGlassFrame",
									"from": [ 0.0, 0.01, 0.0 ],
									"to": [ 14.0, 1.01, 7.4 ],
									"renderPass": 1,
									"rotationOrigin": [ 0.0, 0.8392, -0.0988 ],
									"faces": {
										"up": { "texture": "#frame-slab", "uv": [ 0.0, 9.0, 16.0, 15.0 ], "autoUv": false, "windMode": [-1,-1,-1,-1] }
									}
								}
							]
						},
						{
							"name": "Divider",
							"from": [ 0.0, 14.7218, 10.9483 ],
							"to": [ 14.0, 15.2218, 11.4483 ],
							"rotationOrigin": [ 0.0, 14.7219, 10.9883 ],
							"faces": {
								"north": { "texture": "#surface", "uv": [ 1.0, 3.0, 15.0, 3.5 ] },
								"south": { "texture": "#surface", "uv": [ 1.0, 3.0, 15.0, 3.5 ] },
								"up": { "texture": "#surface", "uv": [ 1.0, 3.0, 15.0, 3.5 ] },
								"down": { "texture": "#surface", "uv": [ 1.0, 3.0, 15.0, 3.5 ] }
							}
						}
					]
				},
				{
					"name": "BLFence",
					"from": [ -1.0, 0.0, -1.0 ],
					"to": [ 0.0, 12.0, 15.0 ],
					"rotationOrigin": [ -1.0, 0.0, -1.0 ],
					"faces": {
						"east": { "texture": "#surface", "uv": [ 0.0, 3.0, 16.0, 15.0 ] },
						"south": { "texture": "#surface", "uv": [ 3.5, 3.5, 15.5, 4.5 ], "rotation": 90 },
						"west": { "texture": "#surface", "uv": [ 0.0, 3.0, 16.0, 15.0 ] },
						"down": { "texture": "#surface", "uv": [ 0.0, 6.5, 16.0, 7.5 ], "rotation": 270 }
					},
					"children": [
						{
							"name": "BLFence2",
							"from": [ 0.01, 12.1, 1.0 ],
							"to": [ 0.99, 15.98, 16.53 ],
							"rotationOrigin": [ 0.0, 16.0, 1.1 ],
							"rotationX": 14.95,
							"faces": {
								"east": { "texture": "#surface", "uv": [ 0.5, 3.0, 16.0, 6.5 ] },
								"west": { "texture": "#surface", "uv": [ 0.5, 3.0, 16.0, 6.5 ] },
								"up": { "texture": "#surface", "uv": [ 0.0, 7.5, 16.0, 8.5 ], "rotation": 270, "autoUv": false }
							}
						}
					]
				}
			]
		}
	]}