[
	{
	"code": "cloth-darkblue",
	"sealHours": 12,
	"ingredients": [
		{ "type": "item", "code": "game:dye-woad", "litres": 1, "consumeLitres": 1 },
		{ "type": "item", "code": "game:cloth-blue", "quantity": 1 }
	],
	"output": { "type": "item", "code": "tailorsdelight:cloth-darkblue", "stackSize": 1 }
	},

	{
	"code": "cloth-darkbrown",
	"sealHours": 12,
	"ingredients": [
		{ "type": "item", "code": "game:strongtanninportion", "litres": 1, "consumeLitres": 1 },
		{ "type": "item", "code": "game:cloth-brown", "quantity": 1 }
	],
	"output": { "type": "item", "code": "tailorsdelight:cloth-darkbrown", "stackSize": 1 }
	},

	{
	"code": "cloth-darkgreen",
	"sealHours": 8,
	"ingredients": [
		{ "type": "item", "code": "game:dye-black", "litres": 1, "consumeLitres": 1 },
		{ "type": "item", "code": "game:cloth-green", "quantity": 1 }
	],
	"output": { "type": "item", "code": "tailorsdelight:cloth-darkgreen", "stackSize": 1 }
	},

	{
	"code": "cloth-darkred",
	"sealHours": 12,
	"ingredients": [
		{ "type": "item", "code": "game:strongtanninportion", "litres": 1, "consumeLitres": 1 },
		{ "type": "item", "code": "game:cloth-red", "quantity": 1 }
	],
	"output": { "type": "item", "code": "tailorsdelight:cloth-darkred", "stackSize": 1 }
	}
]
