[
	{
	"code": "leatherbundle-scraped",
	"sealHours": 18,
	"ingredients": [
		{ "type": "item", "code": "game:dilutedboraxportion", "litres": 4, "consumeLitres": 4 },
		{ "type": "item", "code": "tailorsdelight:leatherbundle-raw" }
	],
	"output": { "type": "item", "code": "tailorsdelight:leatherbundle-scraped" }
	},

	{
	"code": "leatherbundle-scraped",
	"sealHours": 20,
	"ingredients": [
		{ "type": "item", "code": "game:limewaterportion", "litres": 4, "consumeLitres": 4 },
		{ "type": "item", "code": "tailorsdelight:leatherbundle-raw" }
	],
	"output": { "type": "item", "code": "tailorsdelight:leatherbundle-scraped" }
	},

	{
	"code": "leatherbundle-prepped",
	"sealHours": 72,
	"ingredients": [
		{ "type": "item", "code": "game:weaktanninportion", "litres": 4, "consumeLitres": 4 },
		{ "type": "item", "code": "tailorsdelight:leatherbundle-scraped" }
	],
	"output": { "type": "item", "code": "tailorsdelight:leatherbundle-prepped" }
	},

	{
	"code": "leatherbundle-plain",
	"sealHours": 108,
	"ingredients": [
		{ "type": "item", "code": "game:strongtanninportion", "litres": 4, "consumeLitres": 4 },
		{ "type": "item", "code": "tailorsdelight:leatherbundle-prepped" }
	],
	"output": { "type": "item", "code": "tailorsdelight:leatherbundle-plain" }
	}
]
