[
	{
		"code": "soakedhideborax",
		"sealHours": 36,
		"ingredients": [
			{ "type": "item", "code": "game:dilutedboraxportion", "litres": 3, "consumeLitres": 3 },
			{ "type": "item", "code": "tailorsdelight:hide-raw-aged-small" }
		],
		"output": { "type": "item", "code": "game:hide-soaked-small", "stackSize": 1 }
	},
	{
		"code": "soakedhideborax",
		"sealHours": 36,
		"ingredients": [
			{ "type": "item", "code": "game:dilutedboraxportion", "litres": 5, "consumeLitres": 5 },
			{ "type": "item", "code": "tailorsdelight:hide-raw-aged-medium" }
		],
		"output": { "type": "item", "code": "game:hide-soaked-medium", "stackSize": 1 }
	},
	{
		"code": "soakedhideborax",
		"sealHours": 36,
		"ingredients": [
			{ "type": "item", "code": "game:dilutedboraxportion", "litres": 8, "consumeLitres": 8 },
			{ "type": "item", "code": "tailorsdelight:hide-raw-aged-large" }
		],
		"output": { "type": "item", "code": "game:hide-soaked-large", "stackSize": 1 }
	},
	{
		"code": "soakedhideborax",
		"sealHours": 32,
		"ingredients": [
			{ "type": "item", "code": "game:dilutedboraxportion", "litres": 12, "consumeLitres": 12 },
			{ "type": "item", "code": "tailorsdelight:hide-raw-aged-huge" }
		],
		"output": { "type": "item", "code": "game:hide-soaked-huge", "stackSize": 1 }
	}
]
