﻿{
  "enabled": false,
  "ingredient": {
    "type": "item",
    "code": "game:ingot-brass"
  },
  "pattern": [
    [
      "#########",
      "#########",
      "#########",
      "#########",
      "#########",
      "#########",
      "#########",
      "#########",
      "#########"
    ],
    [
      "#########",
      "#########",
      "#########",
      "#########",
      "#########",
      "#########",
      "#########",
      "#########",
      "#########"
    ],
    [
      "_________",
      "_________",
      "_________",
      "_________",
      "___###___",
      "_________",
      "_________",
      "_________",
      "_________"
    ]
  ],
  "name": "Bell Top Most",
  "output": {
    "type": "block",
    "code": "churchbell-layer-brass-topmost"
  }
}