﻿{
  "enabled": false,
  "ingredient": {
    "type": "item",
    "code": "game:ingot-brass"
  },
  "pattern": [
    [
      "_____####_____",
      "__##########__",
      "__##########__",
      "__##########__",
      "__##########__"
    ],
    [
      "_____####_____",
      "__##########__",
      "__##########__",
      "__##########__",
      "__##########__"
    ]
  ],
  "name": "Bell Top Part",
  "output": {
    "type": "block",
    "code": "churchbell-part-top"
  }
}