{
  "version": 1,
  "patches": {
    "boolean": {
      "wool:patches/survival-entities-sheep-bighorn-shearable.json": {
        "0-4/enabled": "SHEEP_SHEARABLE"
      },
      "wool:patches/survival-entities-land-hooved-goat-shearable.json": {
        "0-2/enabled": "GOAT_SHEARABLE"
      },
      "wool:patches/survival-entities-land-gazelle-shearable.json": {
        "0-3/enabled": "GAZELLE_SHEARABLE"
      },
      "wool:patches/survival-entities-land-hooved-deer-shearable.json": {
        "0-4/enabled": "DEER_SHEARABLE"
      },
      "wool:patches/survival-entities-land-hooved-moose-shearable.json": {
        "0-8/enabled": "MOOSE_SHEARABLE"
      },
      "wool:patches/survival-entities-land-drifter.json": {
        "0-9/enabled": "DRIFTER_DROPS"
      },
      "wool:patches/survival-entities-land-bear.json": {
        "0-8/enabled": "ANIMAL_DROPS"
      },
      "wool:patches/survival-entities-land-fox.json": {
        "0-8/enabled": "ANIMAL_DROPS"
      },
      "wool:patches/survival-entities-land-hare.json": {
        "0-8/enabled": "ANIMAL_DROPS"
      },
      "wool:patches/survival-entities-land-wolf.json": {
        "0-8/enabled": "ANIMAL_DROPS"
      },
      "wool:patches/survival-entities-land-hooved-deer-drops.json": {
        "0-8/enabled": "DEER_DROPS"
      },
      "wool:patches/survival-entities-land-hooved-moose-drops.json": {
        "0-8/enabled": "DEER_DROPS"
      }
    }
  },
  "settings": {
    "boolean": {
      "SHEEP_SHEARABLE": {
        "name": "enable_sheep_shearable",
        "ingui": "wool:setting_enable_sheep_shearable",
        "comment": "wool:setting_enable_sheep_shearable_comment",
        "weight": 1,
        "default": true
      },
      "GOAT_SHEARABLE": {
        "name": "enable_goat_shearable",
        "ingui": "wool:setting_enable_goat_shearable",
        "comment": "wool:setting_enable_goat_shearable_comment",
        "weight": 2,
        "default": true
      },
      "GAZELLE_SHEARABLE": {
        "name": "enable_gazelle_shearable",
        "ingui": "wool:setting_enable_gazelle_shearable",
        "comment": "wool:setting_enable_gazelle_shearable_comment",
        "weight": 3,
        "default": true
      },
      "DEER_SHEARABLE": {
        "name": "enable_deer_shearable",
        "ingui": "wool:setting_enable_deer_shearable",
        "comment": "wool:setting_enable_deer_shearable_comment",
        "weight": 4,
        "default": true
      },
      "MOOSE_SHEARABLE": {
        "name": "enable_moose_shearable",
        "ingui": "wool:setting_enable_moose_shearable",
        "comment": "wool:setting_enable_moose_shearable_comment",
        "weight": 5,
        "default": true
      },

      "DRIFTER_DROPS": {
        "name": "enable_drifter_drops",
        "ingui": "wool:setting_enable_drifter_drops",
        "comment": "wool:setting_enable_drifter_drops_comment",
        "weight": 10,
        "default": true
      },
      "ANIMAL_DROPS": {
        "name": "enable_animal_drops",
        "ingui": "wool:setting_enable_animal_drops",
        "comment": "wool:setting_enable_animal_drops_comment",
        "weight": 11,
        "default": true
      },
      "DEER_DROPS": {
        "name": "enable_deer_drops",
        "ingui": "wool:setting_enable_deer_drops",
        "comment": "wool:setting_enable_deer_drops_comment",
        "weight": 12,
        "default": true
      }
    }
  },
  "formatting": [
    {
      "type": "separator",
      "weight": 0.1,
      "title": "wool:settings_shearable"
    },
    {
      "type": "separator",
      "weight": 9,
      "title": "wool:settings_drops"
    }
  ]
}
