{
	code: "swingwindow",
    class: "BlockTrapdoor",
    behaviors: [ 
        {name: "Lockable" },
        {name: "HorizontalOrientable", properties: { drop: { type:"block", code: "swingwindow-closed-{type}-east" } }}, 
        {
			name: "ExchangeOnInteract",
			properties: {
				exchangeStates: ["*-closed-*", "*-opened-*"],
				sound: "block/door",
				actionLangCode: "blockhelp-trapdoor-openclose"
			}
		} 
    ],
	variantgroups: [
		{ code: "state", states: ["closed", "opened"] },
        { code:"type", states: ["aged","acacia","baldcypress","birch","ebony","kapok","larch","maple","oak","pine","purpleheart","redwood","walnut"] },
        { code: "side", loadFromProperties: "abstract/horizontalorientation" }
	],
	shapeByType: {
		"*-north": {  base: "shapes/block/window1-{state}", rotateY: 180 },
		"*-east": { base: "shapes/block/window1-{state}", rotateY: 90 },
		"*-west": {  base: "shapes/block/window1-{state}", rotateY: 270 },
		"*-south": { base: "shapes/block/window1-{state}", rotateY: 0 }
	},
	drawtype: "json",
	"texturesbytype": {
        "swingwindow-closed-*":{
            "leaded": {base:"game:block/glass/leaded"},
            "acacia1":  {base:"game:block/wood/debarked/{type}"}
        },
        "swingwindow-opened-*":{
            "leaded": {base:"game:block/glass/leaded"},
            "acacia1":  {base:"game:block/wood/debarked/{type}"}
        }
	},
    creativeinventory: { "general": ["*-closed-{type}-east"], "decorative": ["*-closed-{type}-east"] },
	blockmaterial: "Wood",
	replaceable: 900,
	lightAbsorption: 1,
    sidesolid: {
		all: true
	},	
	sideopaque: {
		all: false
	},
    sideAo: { all: false },
	resistance: 3,
	
	
	collisionboxByType: {
		"*-closed-*": { x1: 0, y1: 0, z1: 0.45, x2: 1, y2: 1, z2: 0.55, 
			rotateYByType: {
				"*-north": 180,
				"*-east": 90,
				"*-south": 0,
				"*-west": 270
			}
		},
		"*-opened-*": { x1: 0, y1: 0, z1: 0.45, x2: 1, y2: 1, z2: 0.55,   
			rotateYByType: {
				"*-north": 180,
				"*-east": 90,
				"*-south": 0,
				"*-west": 270
			}
		}
	},
	selectionboxByType: {
		"*-closed-*": { x1: 0, y1: 0, z1: 0.45, x2: 1, y2: 1, z2: 0.55, 
			rotateYByType: {
				"*-north": 180,
				"*-east": 90,
				"*-south": 0,
				"*-west": 270
			}
		},
		"*-opened-*": { x1: 0, y1: 0, z1: 0.45, x2: 1, y2: 1, z2: 0.55, 
			rotateYByType: {
				"*-north": 180,
				"*-east": 90,
				"*-south": 0,
				"*-west": 270
			}
		}
	},
	combustibleProps: {
		burnTemperature: 600,
		burnDuration: 15
	},
	sounds: {
		"place": "game:block/planks.ogg",
		"hit": "game:block/glass.ogg",
		"break": "game:block/glass.ogg",
		"walk": "game:walk/wood1.ogg"
	}
}
