[
  {
    "ingredientPattern": "_T,_P",
    "ingredients": {
      "T": { "type": "block", "code": "game:table-*", "name": "type", "skipVariants": ["aged"] },
      "P": { "type": "item", "code": "game:plank-*" }
    },
    "width": 2,
    "height": 2,
    "recipeGroup": 1,
    "output": { "type": "block", "code": "tablewshelf-{type}-north" }
  },
  {
    "ingredientPattern": "M,S,T",
		"ingredients": {
			"T": { "type": "block", "code": "tablewshelf-normal-north" },
			"M": { "type": "block", "code": "game:polishedrockslab-whitemarble-down-free" },
			"S": { "type": "item", "code": "game:saw-*", "isTool": true, "allowedVariants": ["meteoriciron", "steel"]}
		},
    "width": 1,
    "height": 3,
    "output": { "type": "block", "code": "tablewshelf-whitemarble-north" }
  },
  {
    "ingredientPattern": "M,S,T",
		"ingredients": {
			"T": { "type": "block", "code": "tablewshelf-normal-north" },
			"M": { "type": "block", "code": "game:polishedrockslab-redmarble-down-free" },
			"S": { "type": "item", "code": "game:saw-*", "isTool": true, "allowedVariants": ["meteoriciron", "steel"]}
		},
    "width": 1,
    "height": 3,
    "output": { "type": "block", "code": "tablewshelf-redmarble-north" }
  },
  {
    "ingredientPattern": "M,S,T",
		"ingredients": {
			"T": { "type": "block", "code": "tablewshelf-normal-north" },
			"M": { "type": "block", "code": "game:polishedrockslab-greenmarble-down-free" },
			"S": { "type": "item", "code": "game:saw-*", "isTool": true, "allowedVariants": ["meteoriciron", "steel"]}
		},
    "width": 1,
    "height": 3,
    "output": { "type": "block", "code": "tablewshelf-greenmarble-north" }
  }
]
