[
  {
    "op": "addmerge",
    "path": "/attributes/basketCatchable",
    "value": false,
    "file": "game:entities/land/sheep-bighorn-female.json",
    "side": "Server"
  },

  {
    "op": "addmerge",
    "path": "/attributes/basketCatchable",
    "value": false,
    "file": "game:entities/land/sheep-bighorn-male.json",
    "side": "Server"
  },

  {
    "op": "addmerge",
    "comment": "Make sheep not only spawn up in the high mountains so player have a chance to domesticate them, 1.4 => 1.25",
    "path": "/server/spawnconditions/worldgen/minY",
    "value": 1.25,
    "file": "game:entities/land/sheep-bighorn-male.json",
    "side": "Server"
  },

  {
    "op": "addmerge",
    "comment": "Make sheep not only spawn up in the high mountains so player have a chance to domesticate them, 1.3 => 1.15",
    "path": "/server/spawnconditions/runtime/minY",
    "value": 1.15,
    "file": "game:entities/land/sheep-bighorn-male.json",
    "side": "Server"
  }
]
