[
  {
    "op": "addmerge",
    "comment": "in case it is not there yet",
    "path": "/behaviorConfigs",
    "enabled": true,
    "value": {},
    "file": "game:entities/land/drifter.json",
    "side": "Server"
  },

  {
    "op": "addmerge",
    "comment": "in case it is not there yet",
    "path": "/behaviorConfigs/harvestable",
    "enabled": true,
    "value": {},
    "file": "game:entities/land/drifter.json",
    "side": "Server"
  },

  {
    "op": "addmerge",
    "comment": "in case it is not there yet",
    "path": "/behaviorConfigs/harvestable/dropsByType",
    "enabled": true,
    "value": {
	"*-normal": [],
	"*-deep": [],
	"*-corrupt": [],
	"*-tainted": [],
	"*-nightmare": [],
	"*-double-headed": []
    },
    "file": "game:entities/land/drifter.json",
    "side": "Server"
  },

  {
    "op": "addeach",
    "comment": "because we add more than one drop type: wool: 1/4 as many as flax fibers, sticks 1/2 as flax fibers",
    "path": "/behaviorConfigs/harvestable/dropsByType/*-normal/-",
    "enabled": true,
    "value": [
	{ "type": "item", "code": "wool:fleece-generic-plain", "quantity": { "avg": 0.10, "var": 0 } },
	{ "type": "item", "code": "wool:fleece-generic-gray", "quantity": { "avg": 0.05, "var": 0 } },
	{ "type": "item", "code": "wool:fleece-generic-brown", "quantity": { "avg": 0.01, "var": 0 } },
	{ "type": "item", "code": "wool:fibers-generic-gray", "quantity": { "avg": 0.005, "var": 0 } },
	{ "type": "item", "code": "wool:fibers-generic-plain", "quantity": { "avg": 0.005, "var": 0 } },
	{ "type": "item", "code": "game:stick", "quantity": { "avg": 0.08, "var": 0 } }
    ],
    "file": "game:entities/land/drifter.json",
    "side": "Server"
  },

  {
    "op": "addeach",
    "path": "/behaviorConfigs/harvestable/dropsByType/*-deep/-",
    "enabled": true,
    "value": [
	{ "type": "item", "code": "wool:fleece-generic-plain", "quantity": { "avg": 0.24, "var": 0 } },
	{ "type": "item", "code": "wool:fleece-generic-gray", "quantity": { "avg": 0.11, "var": 0 } },
	{ "type": "item", "code": "wool:fleece-generic-brown", "quantity": { "avg": 0.05, "var": 0 } },
	{ "type": "item", "code": "wool:fleece-generic-black", "quantity": { "avg": 0.03, "var": 0 } },
	{ "type": "item", "code": "wool:fibers-generic-gray", "quantity": { "avg": 0.02, "var": 0 } },
	{ "type": "item", "code": "wool:fibers-generic-plain", "quantity": { "avg": 0.02, "var": 0 } }
    ],
    "file": "game:entities/land/drifter.json",
    "side": "Server"
  },

  {
    "op": "addeach",
    "path": "/behaviorConfigs/harvestable/dropsByType/*-tainted/-",
    "enabled": true,
    "value": [
	{ "type": "item", "code": "wool:fibers-generic-plain", "quantity": { "avg": 0.22, "var": 0 } },
	{ "type": "item", "code": "wool:fibers-generic-gray", "quantity": { "avg": 0.12, "var": 0 } },
	{ "type": "item", "code": "wool:fleece-generic-brown", "quantity": { "avg": 0.2, "var": 0 } },
	{ "type": "item", "code": "wool:fleece-generic-black", "quantity": { "avg": 0.16, "var": 0 } },
	{ "type": "item", "code": "wool:fleece-muskox-brown", "quantity": { "avg": 0.2, "var": 0 } },
	{ "type": "block", "code": "game:metal-scraps", "quantity": { "avg": 0.1, "var": 0 } }
    ],
    "file": "game:entities/land/drifter.json",
    "side": "Server"
  },

  {
    "op": "addeach",
    "path": "/behaviorConfigs/harvestable/dropsByType/*-corrupt/-",
    "enabled": true,
    "value": [
	{ "type": "item", "code": "wool:fibers-generic-plain", "quantity": { "avg": 0.2, "var": 0 } },
	{ "type": "item", "code": "wool:fibers-generic-gray", "quantity": { "avg": 0.1, "var": 0 } },
	{ "type": "item", "code": "wool:fibers-generic-brown", "quantity": { "avg": 0.25, "var": 0 } },
	{ "type": "item", "code": "wool:fibers-generic-black", "quantity": { "avg": 0.25, "var": 0 } },
	{ "type": "item", "code": "wool:fibers-muskox-brown", "quantity": { "avg": 0.2, "var": 0 } },
	{ "type": "block", "code": "game:metal-scraps", "quantity": { "avg": 0.2, "var": 0 } }
    ],
    "file": "game:entities/land/drifter.json",
    "side": "Server"
  },

  {
    "op": "addeach",
    "path": "/behaviorConfigs/harvestable/dropsByType/*-nightmare/-",
    "enabled": true,
    "value": [
	{ "type": "item", "code": "wool:fibers-generic-gray", "quantity": { "avg": 0.08, "var": 0 } },
	{ "type": "item", "code": "wool:fibers-generic-brown", "quantity": { "avg": 0.25, "var": 0 } },
	{ "type": "item", "code": "wool:fibers-generic-black", "quantity": { "avg": 0.25, "var": 0 } },
	{ "type": "item", "code": "wool:fibers-generic-yellow", "quantity": { "avg": 0.25, "var": 0 } },
	{ "type": "item", "code": "wool:fibers-muskox-brown", "quantity": { "avg": 0.25, "var": 0 } },
	{ "type": "block", "code": "game:metal-scraps", "quantity": { "avg": 0.3, "var": 0 } }
    ],
    "file": "game:entities/land/drifter.json",
    "side": "Server"
  },

  {
    "op": "addeach",
    "path": "/behaviorConfigs/harvestable/dropsByType/*-double-headed/-",
    "enabled": true,
    "value": [
	{ "type": "item", "code": "wool:fibers-generic-brown", "quantity": { "avg": 0.3, "var": 0 } },
	{ "type": "item", "code": "wool:fibers-generic-black", "quantity": { "avg": 0.4, "var": 0 } },
	{ "type": "item", "code": "wool:fibers-generic-yellow", "quantity": { "avg": 0.5, "var": 0 } },
	{ "type": "item", "code": "wool:fibers-muskox-brown", "quantity": { "avg": 0.3, "var": 0 } },
	{ "type": "block", "code": "game:metal-scraps", "quantity": { "avg": 0.1, "var": 0 } }
    ],
    "file": "game:entities/land/drifter.json",
    "side": "Server"
  }
]
