[
  {
    "op": "addmerge",
    "comment": "in case it is not there yet",
    "path": "/behaviorConfigs",
    "enabled": true,
    "value": {},
    "file": "game:entities/land/hooved/goat.json",
    "side": "Server"
  },

  {
    "op": "addmerge",
    "comment": "in case it is not there yet",
    "path": "/behaviorConfigs/harvestable",
    "enabled": true,
    "value": {},
    "file": "game:entities/land/hooved/goat.json",
    "side": "Server"
  },

  {
    "op": "addmerge",
    "comment": "in case it is not there yet",
    "path": "/behaviorConfigs/harvestable/drops",
    "enabled": true,
    "value": [],
    "file": "game:entities/land/hooved/goat.json",
    "side": "Server"
  },

  {
    "op": "addeach",
    "path": "/behaviorConfigs/harvestable/drops/-",
    "enabled": true,
    "value": [
	{ "type": "item", "code": "wool:fleece-angora-white",
		"quantityByType": {
			"*-angora-*-baby": { "avg": 4, "var": 1 },
			"*-angora-*": { "avg": 11, "var": 3 },
			"*": { "avg": 0, "var": 0 }
		}
	},
	{ "type": "item", "code": "wool:fleece-muskox-brown",
		"quantityByType": {
			"*-muskox-*-baby": { "avg": 3, "var": 1 },
			"*-muskox-*": { "avg": 18, "var": 4 },
			"*": { "avg": 0, "var": 0 }
		}
	},
	{ "type": "item", "code": "wool:fleece-generic-white",
		"quantityByType": {
			"*-valais-*-baby": { "avg": 2, "var": 1 },
			"*-valais-*": { "avg": 4, "var": 1 },
			"*": { "avg": 0, "var": 0 }
		}
	},
	{ "type": "item", "code": "wool:fleece-generic-plain",
		"quantityByType": {
			"*-mountain-*-baby": { "avg": 4, "var": 1 },
			"*-mountain-*": { "avg": 11, "var": 3 },
			"*-ibexnub-*-baby": { "avg": 2, "var": 1 },
			"*-takingold-*-baby": { "avg": 0, "var": 0 },
			"*-takingold-*": { "avg": 9, "var": 3},
			"*": { "avg": 0, "var": 0 }
		}
	},
	{ "type": "item", "code": "wool:fleece-generic-black",
		"quantityByType": {
			"*-valais-*-baby": { "avg": 2, "var": 1 },
			"*-valais-*": { "avg": 5, "var": 1 },
			"*": { "avg": 0, "var": 0 }
		}
	},
	{ "type": "item", "code": "wool:fleece-generic-brown",
		"quantityByType": {
			"*-nubian-*-baby": { "avg": 2, "var": 1 },
			"*-nubian-*": { "avg": 2, "var": 1.5 },
			"*-markhor-*-baby": { "avg": 2, "var": 1 },
			"*-markhor-*": { "avg": 6, "var": 1.5 },
			"*-turdag-*-baby": { "avg": 2, "var": 1 },
			"*-turdag-*": { "avg": 7, "var": 2 },
			"*-ibexnub-*-baby": { "avg": 0, "var": 0 },
			"*-ibexnub-*": { "avg": 4, "var": 1.5 },
			"*-ibexalp-*-baby": { "avg": 2, "var": 1 },
			"*-ibexalp-*": { "avg": 6, "var": 2 },
			"*": { "avg": 0, "var": 0 }
		}
	},
	{ "type": "item", "code": "wool:fleece-generic-yellow",
		"quantityByType": {
			"*-takingold-*-baby": { "avg": 0, "var": 0 },
			"*-takingold-*": { "avg": 6, "var": 2 },
			"*-sirohi-*-baby": { "avg": 0, "var": 0 },
			"*-sirohi-*": { "avg": 2, "var": 0.75 },
			"*": { "avg": 0, "var": 0 }
		}
	},
	{ "type": "item", "code": "wool:fleece-generic-gray",
		"quantityByType": {
			"*-takingold-*-baby": { "avg": 2, "var": 1 },
			"*": { "avg": 0, "var": 0 }
		}
	},
	{ "type": "item", "code": "wool:fleece-generic-redbrown",
		"quantityByType": {
			"*-sirohi-*-baby": { "avg": 2, "var": 1 },
			"*-sirohi-*": { "avg": 3, "var": 2 }
		}
	}
    ],
    "file": "game:entities/land/hooved/goat.json",
    "side": "Server"
  }
]
