[
  {
    "op": "addeach",
    "path": "/attributes/lootListByType/*-farming/-",
    "value": [
	    { "type": "item", "chance": 0.08,  "minQuantity": 1, "maxQuantity": 1, "codes": [ "wool:sack-wool-gray", "wool:sack-wool-brown" ] },
	    { "type": "item", "chance": 0.25,  "minQuantity": 2, "maxQuantity": 10, "codes": [ "wool:fibers-generic-plain", "wool:fibers-generic-brown", "wool:fibers-generic-gray" ] },
	    { "type": "item", "chance": 0.15,  "minQuantity": 2, "maxQuantity": 10, "codes": [ "wool:twine-wool-plain", "wool:twine-wool-brown", "wool:twine-wool-gray" ] },
	    { "type": "item", "chance": 0.35,  "minQuantity": 4, "maxQuantity": 12, "codes": [ "wool:fleece-generic-brown", "wool:fleece-generic-plain", "wool:twine-wool-gray" ] },
	    { "type": "item", "chance": 0.08,  "minQuantity": 4, "maxQuantity": 8, "codes": [ "wool:twine-wool-black" ] }
    ],
    "file": "game:blocktypes/clay/lootvessel.json",
    "side": "Server"
  },

  {
    "op": "addeach",
    "path": "/attributes/lootListByType/*-forage/-",
    "value": [
	    { "type": "item", "chance": 0.4,  "minQuantity": 2, "maxQuantity": 8, "codes": [ "wool:fibers-generic-plain", "wool:fibers-generic-gray" ] },
	    { "type": "item", "chance": 0.35,  "minQuantity": 6, "maxQuantity": 14, "codes": [ "wool:fleece-generic-brown", "wool:twine-wool-gray" ] }
    ],
    "file": "game:blocktypes/clay/lootvessel.json",
    "side": "Server"
  },

  {
    "op": "addeach",
    "path": "/attributes/lootListByType/*-arcticsupplies/-",
    "value": [
	    { "type": "item", "chance": 0.10,  "minQuantity": 1, "maxQuantity": 1, "codes": [ "wool:sack-wool-white" ] },
	    { "type": "item", "chance": 0.40,  "minQuantity": 4, "maxQuantity": 14, "codes": [ "wool:fibers-angora-white", "wool:fibers-muskox-brown" ] },
	    { "type": "item", "chance": 0.25,  "minQuantity": 2, "maxQuantity": 10, "codes": [ "wool:fibers-generic-plain", "wool:fibers-generic-brown", "wool:fibers-generic-gray" ] },
	    { "type": "item", "chance": 0.15,  "minQuantity": 2, "maxQuantity": 10, "codes": [ "wool:twine-wool-plain", "wool:twine-wool-brown", "wool:twine-wool-gray" ] },
	    { "type": "item", "chance": 0.10,  "minQuantity": 4, "maxQuantity": 8, "codes": [ "wool:twine-wool-black" ] },
	    { "type": "item", "chance": 0.35,  "minQuantity": 6, "maxQuantity": 16, "codes": [ "wool:fleece-angora-white", "wool:fleece-muskox-brown" ] }
    ],
    "file": "game:blocktypes/clay/lootvessel.json",
    "side": "Server"
  }
]
