[
  {
    "op": "addmerge",
    "comment": "in case it is not there yet",
    "path": "/behaviorConfigs",
    "enabled": true,
    "value": {},
    "file": "game:entities/land/wolf-male.json",
    "side": "Server"
  },

  {
    "op": "addmerge",
    "comment": "in case it is not there yet",
    "path": "/behaviorConfigs/harvestable",
    "enabled": true,
    "value": {},
    "file": "game:entities/land/wolf-male.json",
    "side": "Server"
  },

  {
    "op": "addmerge",
    "comment": "in case it is not there yet",
    "path": "/behaviorConfigs/harvestable/drops",
    "enabled": true,
    "value": [],
    "file": "game:entities/land/wolf-male.json",
    "side": "Server"
  },

  {
    "op": "addeach",
    "path": "/behaviorConfigs/harvestable/drops/-",
    "enabled": true,
    "value": [
	    { "type": "item", "code": "wool:fleece-generic-gray", "quantity": { "avg": 2, "var": 0.5 } },
	    { "type": "item", "code": "wool:fleece-generic-brown", "quantity": { "avg": 1, "var": 0.75 } },
	    { "type": "item", "code": "wool:fleece-generic-black", "quantity": { "avg": 0.4, "var": 0.4 } }
    ],
    "file": "game:entities/land/wolf-male.json",
    "side": "Server"
  },

  {
    "op": "addmerge",
    "comment": "in case it is not there yet",
    "path": "/behaviorConfigs",
    "enabled": true,
    "value": {},
    "file": "game:entities/land/wolf-female.json",
    "side": "Server"
  },

  {
    "op": "addmerge",
    "comment": "in case it is not there yet",
    "path": "/behaviorConfigs/harvestable",
    "enabled": true,
    "value": {},
    "file": "game:entities/land/wolf-female.json",
    "side": "Server"
  },

  {
    "op": "addmerge",
    "comment": "in case it is not there yet",
    "path": "/behaviorConfigs/harvestable/drops",
    "enabled": true,
    "value": [],
    "file": "game:entities/land/wolf-female.json",
    "side": "Server"
  },

  {
    "op": "addeach",
    "path": "/behaviorConfigs/harvestable/drops/-",
    "enabled": true,
    "value": [
	    { "type": "item", "code": "wool:fleece-generic-gray", "quantity": { "avg": 2, "var": 0.5 } },
	    { "type": "item", "code": "wool:fleece-generic-brown", "quantity": { "avg": 1, "var": 0.75 } },
	    { "type": "item", "code": "wool:fleece-generic-black", "quantity": { "avg": 0.4, "var": 0.4 } }
    ],
    "file": "game:entities/land/wolf-female.json",
    "side": "Server"
  }
]
