[
  {
    "file": "elephantidae:entities/land/elephantidae-carcass.json",
    "op": "addmerge",
    "path": "/attributesByType",
    "side": "Server",
    "value": {
      "*": {
        "biorealm": [
          "atlantic palearctic",
          "central palearctic",
          "eastern palearctic",
          "pacific palearctic",
          "atlantic afrotropic",
          "eastern afrotropic",
          "atlantic nearctic",
          "pacific nearctic"
        ]
      }
    },
    "dependsOn": [
      {
        "modid": "biomes"
      }
    ]
  },
  {
    "file": "elephantidae:entities/land/elephantidae.json",
    "op": "addmerge",
    "path": "/attributesByType",
    "side": "Server",
    "value": {
      "*-elephasmaximus-*": {
        "biorealm": [
          "central palearctic",
          "eastern palearctic",
          "pacific palearctic"
        ]
      },
      "*-loxodontaafricana-*": {
        "biorealm": [
          "atlantic afrotropic",
          "eastern afrotropic"
        ]
      },
      "*-loxodontacyclotis-*": {
        "biorealm": [
          "atlantic afrotropic"
        ]
      },
      "*-mammuthuscolumbi-*": {
        "biorealm": [
          "atlantic nearctic",
          "pacific nearctic"
        ]
      },
      "*-mammuthusexilis-*": {
        "biorealm": [
          "pacific nearctic"
        ]
      },
      "*-mammuthusprimigenius-*": {
        "biorealm": [
          "atlantic palearctic",
          "central palearctic",
          "eastern palearctic",
          "pacific palearctic",
          "atlantic nearctic",
          "pacific nearctic"
        ]
      },
      "*-palaeoloxodoncypriotes-*": {
        "biorealm": [
          "atlantic palearctic"
        ]
      }
    },
    "dependsOn": [
      {
        "modid": "biomes"
      }
    ]
  }
]