{
	"code": "spoon",
	"classByType": {
		"*-empty": "AOCBlockEmptySpoon",
		"*-meal": "AOCBlockSpoon"
	},
	"entityClassByType": {
		"*-meal": "AOCBlockEntitySpoon"
	},
	"behaviors": [
		{
			"name": "GroundStorable",
			"properties": {
				"layout": "Quadrants",
				"collisionBox": {
					"x1": 0,
					"y1": 0,
					"z1": 0,
					"x2": 1,
					"y2": 0.125,
					"z2": 1
				}
			}
		},
		{
			"name": "Unplaceable",
			"__comment": "The ground storable obsoletes this being a block. Should be an item, but is kept a block for backwards compatibility"
		},
		{ "name": "RightClickPickup" }
	],
	"variantgroups": [
		{
			"code": "type",
			"states": [ "empty", "meal" ]
		}
	],
	"attributes": {
		"groundStorageTransform": {
			"translation": {
				"x": 0,
				"y": -0.005,
				"z": 0.01
			},
			"rotation": {
				"x": 0,
				"y": -90,
				"z": -6
			}
		},
		"handbook": {
			"extraSectionsByType": {
				"*": [
					{
						"title": "artofcooking:block-handbooktitle-spoon",
						"text": "artofcooking:block-handbooktext-spoon"
					}
				]
			}
		}
	},
	"attributesByType": {
		"*-empty": {
			"shelvable": true,
			"mealContainer": true,
			"mealBlockCode": "artofcooking:spoon-meal",
			"servingCapacity": 0.1,
			"bowlContents": null
		},
		"*-meal": {
			"shelvable": true,
			"eatenBlock": "artofcooking:spoon-empty",
			"servingCapacity": 0.1,
			"handleCookingContainerInteract": true
		}
	},
	"shape": {
		"base": "artofcooking:block/wood/spoon-empty"
	},
	"doNotRenderAtLod2": true,
	"blockmaterial": "Wood",
	"creativeinventory": {
		"general": [ "spoon-empty" ],
		"decorative": [ "spoon-empty" ],
		"artofcooking": [ "spoon-empty" ]
	},
	"replaceable": 300,
	"resistance": 0.75,
	"maxStackSize": 1,
	"lightAbsorption": 0,
	"textures": {
		"transparent": { "base": "game:block/transparent" }
	},
	"texturesByType": {
		"*-honey": {
			"content": { "base": "game:block/liquid/honey" }
		},
		"*-milk": {
			"content": { "base": "game:block/food/dairy/milk" }
		}
	},
	"sounds": {
		"walk": "game:walk/stone"
	},
	"sideopaque": {
		"all": false
	},
	"sidesolid": {
		"all": false
	},
	"collisionbox": {
		"x1": 0.3125,
		"y1": 0,
		"z1": 0.3125,
		"x2": 0.6875,
		"y2": 0.125,
		"z2": 0.6875
	},
	"selectionbox": {
		"x1": 0.3125,
		"y1": 0,
		"z1": 0.3125,
		"x2": 0.6875,
		"y2": 0.125,
		"z2": 0.6875
	},
	"guiTransform": {
		"translation": {
			"x": 0,
			"y": 3,
			"z": 0
		},
		"origin": {
			"x": 0.5,
			"y": 0.0625,
			"z": 0.5
		},
		"scale": 3
	},
	"groundTransform": {
		"scale": 3.5
	},
	"tpHandTransform": {
		"translation": {
			"x": -1.32,
			"y": -0.75,
			"z": -0.6
		},
		"rotation": {
			"x": 90,
			"y": 0,
			"z": -90
		},
		"scale": 0.66
	},
	"fpHandTransform": {
		"translation": {
			"x": 0,
			"y": 0.4,
			"z": 0
		},
		"rotation": {
			"x": 0,
			"y": -14,
			"z": 0
		},
		"scale": 2
	}
}