[
    {
        "file": "laviosier:recipes/grid/boilingflask.json",
        "op": "add",
        "path": "/0/requiresTrait", 
        "value": "chemist"
    },
{
        "file": "laviosier:recipes/grid/components.json",
        "op": "add",
        "path": "/0/requiresTrait", 
        "value": "chemist"
    },
{
        "file": "laviosier:recipes/grid/components.json",
        "op": "add",
        "path": "/1/requiresTrait", 
        "value": "chemist"
    },
{
        "file": "laviosier:recipes/grid/components.json",
        "op": "add",
        "path": "/2/requiresTrait", 
        "value": "chemist"
    },
{
        "file": "laviosier:recipes/grid/components.json",
        "op": "add",
        "path": "/3/requiresTrait", 
        "value": "chemist"
    },
{
        "file": "laviosier:recipes/grid/dissolver.json",
        "op": "add",
        "path": "/0/requiresTrait", 
        "value": "chemist"
    },
{
        "file": "laviosier:recipes/grid/retortneck.json",
        "op": "add",
        "path": "/0/requiresTrait", 
        "value": "chemist"
    }
]