[
   { "file": "game:recipes/grid/tack.json", 
     "op": "add", 
     "path": "/0/requiresTrait", 
     "value": "rider"
} , { "file": "game:recipes/grid/tack.json", 
     "op": "add", 
     "path": "/1/requiresTrait", 
     "value": "rider"
    },
	{ "file": "game:recipes/grid/tack.json", 
     "op": "add", 
     "path": "/2/requiresTrait", 
     "value": "rider"
    } ,
	{ "file": "game:recipes/grid/tack.json", 
     "op": "add", 
     "path": "/3/requiresTrait", 
     "value": "rider"
} , { "file": "game:recipes/grid/tack.json", 
     "op": "add", 
     "path": "/4/requiresTrait", 
     "value": "rider"
    },
	{ "file": "game:recipes/grid/tack.json", 
     "op": "add", 
     "path": "/5/requiresTrait", 
     "value": "rider"
    } ,
	{ "file": "game:recipes/grid/tack.json", 
     "op": "add", 
     "path": "/6/requiresTrait", 
     "value": "rider"
} , { "file": "game:recipes/grid/tack.json", 
     "op": "add", 
     "path": "/7/requiresTrait", 
     "value": "rider"
    },
	{ "file": "game:recipes/grid/tack.json", 
     "op": "add", 
     "path": "/8/requiresTrait", 
     "value": "rider"
    }
    ]