{
	"editor": {
		"allAngles": false,
		"entityTextureMode": false
	},
	"textureWidth": 16,
	"textureHeight": 16,
	"textureSizes": {
	},
	"textures": {
		"surface": "surface"
	},
	"elements": [
		{
			"name": "Contents1",
			"from": [ 1.6, 0.5, 1.6 ],
			"to": [ 14.4, 1.0, 14.4 ],
			"rotationOrigin": [ 2.0, 1.0, 2.0 ],
			"faces": {
				"north": { "texture": "#surface", "uv": [ 0.0, 0.0, 12.5, 0.5 ] },
				"east": { "texture": "#surface", "uv": [ 0.0, 0.0, 12.5, 0.5 ] },
				"south": { "texture": "#surface", "uv": [ 0.0, 0.0, 12.5, 0.5 ] },
				"west": { "texture": "#surface", "uv": [ 0.0, 0.0, 12.5, 0.5 ] },
				"up": { "texture": "#surface", "uv": [ 0.0, 0.0, 12.5, 12.5 ] },
				"down": { "texture": "#surface", "uv": [ 0.0, 0.0, 12.5, 12.5 ] }
			},
			"children": [
				{
					"name": "Contents2",
					"from": [ 3.0, 0.5, 3.0 ],
					"to": [ 6.0, 0.65, 6.0 ],
					"rotationOrigin": [ 3.0, 0.0, 3.0 ],
					"faces": {
						"north": { "texture": "#surface", "uv": [ 0.0, 0.0, 3.0, 0.5 ] },
						"east": { "texture": "#surface", "uv": [ 0.0, 0.0, 3.0, 0.5 ] },
						"south": { "texture": "#surface", "uv": [ 0.0, 0.0, 3.0, 0.5 ] },
						"up": { "texture": "#surface", "uv": [ 0.0, 0.0, 3.0, 3.0 ] }
					}
				},
				{
					"name": "Contents3",
					"from": [ 6.0, 0.5, 3.0 ],
					"to": [ 10.0, 0.6, 6.0 ],
					"rotationOrigin": [ 6.0, 0.0, 3.0 ],
					"faces": {
						"north": { "texture": "#surface", "uv": [ 0.0, 0.0, 4.0, 0.5 ] },
						"east": { "texture": "#surface", "uv": [ 0.0, 0.0, 3.0, 0.5 ], "windMode": [-1,-1,-1,-1] },
						"west": { "texture": "#surface", "uv": [ 0.0, 0.0, 3.0, 0.5 ] },
						"up": { "texture": "#surface", "uv": [ 0.0, 0.0, 4.0, 3.0 ] }
					}
				},
				{
					"name": "Contents4",
					"from": [ 3.0, 0.5, 10.0 ],
					"to": [ 7.0, 0.65, 12.0 ],
					"rotationOrigin": [ 3.0, 0.0, 10.0 ],
					"faces": {
						"north": { "texture": "#surface", "uv": [ 0.0, 0.0, 4.0, 0.5 ] },
						"east": { "texture": "#surface", "uv": [ 0.0, 0.0, 2.0, 0.5 ], "windMode": [-1,-1,-1,-1] },
						"south": { "texture": "#surface", "uv": [ 0.0, 0.0, 4.0, 0.5 ] },
						"west": { "texture": "#surface", "uv": [ 0.0, 0.0, 2.0, 0.5 ] },
						"up": { "texture": "#surface", "uv": [ 0.0, 0.0, 4.0, 2.0 ] }
					}
				},
				{
					"name": "Contents5",
					"from": [ 5.0, 0.5, 6.0 ],
					"to": [ 9.0, 0.8, 10.0 ],
					"rotationOrigin": [ 5.0, 0.0, 6.0 ],
					"faces": {
						"north": { "texture": "#surface", "uv": [ 0.0, 0.0, 4.0, 0.5 ] },
						"east": { "texture": "#surface", "uv": [ 0.0, 0.0, 4.0, 0.5 ] },
						"south": { "texture": "#surface", "uv": [ 0.0, 0.0, 4.0, 0.5 ] },
						"west": { "texture": "#surface", "uv": [ 0.0, 0.0, 4.0, 0.5 ] },
						"up": { "texture": "#surface", "uv": [ 0.0, 0.0, 4.0, 4.0 ] }
					}
				},
				{
					"name": "Contents6",
					"from": [ 9.0, 0.5, 5.0 ],
					"to": [ 11.0, 0.55, 9.0 ],
					"rotationOrigin": [ 9.0, 0.0, 5.0 ],
					"faces": {
						"north": { "texture": "#surface", "uv": [ 0.0, 0.0, 2.0, 0.5 ] },
						"east": { "texture": "#surface", "uv": [ 0.0, 0.0, 4.0, 0.5 ] },
						"south": { "texture": "#surface", "uv": [ 0.0, 0.0, 2.0, 0.5 ] },
						"west": { "texture": "#surface", "uv": [ 0.0, 0.0, 4.0, 0.5 ] },
						"up": { "texture": "#surface", "uv": [ 0.0, 0.0, 2.0, 4.0 ] }
					}
				},
				{
					"name": "Contents7",
					"from": [ 2.0, 0.5, 0.0 ],
					"to": [ 10.0, 0.65, 1.0 ],
					"rotationOrigin": [ 2.0, 0.0, 0.0 ],
					"faces": {
						"north": { "texture": "#surface", "uv": [ 0.0, 0.0, 8.0, 0.5 ] },
						"east": { "texture": "#surface", "uv": [ 0.0, 0.0, 1.0, 0.5 ] },
						"south": { "texture": "#surface", "uv": [ 0.0, 0.0, 8.0, 0.5 ] },
						"west": { "texture": "#surface", "uv": [ 0.0, 0.0, 1.0, 0.5 ] },
						"up": { "texture": "#surface", "uv": [ 0.0, 0.0, 8.0, 1.0 ] }
					}
				},
				{
					"name": "Contents8",
					"from": [ 3.0, 0.5, 1.0 ],
					"to": [ 9.0, 0.62, 3.0 ],
					"rotationOrigin": [ 3.0, 0.0, 1.0 ],
					"faces": {
						"east": { "texture": "#surface", "uv": [ 0.0, 0.0, 2.0, 0.5 ] },
						"west": { "texture": "#surface", "uv": [ 0.0, 0.0, 2.0, 0.5 ] },
						"up": { "texture": "#surface", "uv": [ 0.0, 0.0, 6.0, 2.0 ] }
					}
				},
				{
					"name": "Contents9",
					"from": [ 1.0, 0.5, 3.0 ],
					"to": [ 3.0, 0.7, 10.0 ],
					"rotationOrigin": [ 1.0, 0.0, 3.0 ],
					"faces": {
						"north": { "texture": "#surface", "uv": [ 0.0, 0.0, 2.0, 0.5 ] },
						"east": { "texture": "#surface", "uv": [ 0.0, 0.0, 7.0, 0.5 ] },
						"south": { "texture": "#surface", "uv": [ 0.0, 0.0, 2.0, 0.5 ] },
						"west": { "texture": "#surface", "uv": [ 0.0, 0.0, 7.0, 0.5 ] },
						"up": { "texture": "#surface", "uv": [ 0.0, 0.0, 2.0, 7.0 ] }
					}
				},
				{
					"name": "Contents10",
					"from": [ 0.0, 0.5, 3.0 ],
					"to": [ 1.0, 0.6, 11.0 ],
					"rotationOrigin": [ 0.0, 0.0, 3.0 ],
					"faces": {
						"north": { "texture": "#surface", "uv": [ 0.0, 0.0, 1.0, 0.5 ], "windMode": [-1,-1,-1,-1] },
						"east": { "texture": "#surface", "uv": [ 0.0, 0.0, 8.0, 0.5 ], "windMode": [-1,-1,-1,-1] },
						"south": { "texture": "#surface", "uv": [ 0.0, 0.0, 1.0, 0.5 ] },
						"west": { "texture": "#surface", "uv": [ 0.0, 0.0, 8.0, 0.5 ] },
						"up": { "texture": "#surface", "uv": [ 0.0, 0.0, 1.0, 8.0 ] }
					}
				},
				{
					"name": "Contents11",
					"from": [ 11.0, 0.5, 5.0 ],
					"to": [ 12.8, 0.6, 12.0 ],
					"rotationOrigin": [ 11.0, 0.0, 5.0 ],
					"faces": {
						"north": { "texture": "#surface", "uv": [ 0.0, 0.0, 1.5, 0.5 ] },
						"east": { "texture": "#surface", "uv": [ 0.0, 0.0, 7.0, 0.5 ] },
						"south": { "texture": "#surface", "uv": [ 0.0, 0.0, 1.5, 0.5 ] },
						"west": { "texture": "#surface", "uv": [ 0.0, 0.0, 7.0, 0.5 ] },
						"up": { "texture": "#surface", "uv": [ 0.0, 0.0, 1.5, 7.0 ] }
					}
				}
			]
		}
	]}