{
	"editor": {
		"allAngles": false,
		"entityTextureMode": false
	},
	"textureWidth": 16,
	"textureHeight": 16,
	"textureSizes": {
	},
	"textures": {
		"ice": "game:block/liquid/ice/packedglacier1"
	},
	"elements": [
		{
			"name": "coolingCabinetContentCube",
			"from": [ 0.0, 0.0, 0.0 ],
			"to": [ 0.0, 0.0, 0.0 ],
			"faces": {
			},
			"children": [
				{
					"name": "part1",
					"from": [ 2.0, 2.0, 2.0 ],
					"to": [ 18.0, 3.0, 13.0 ],
					"rotationOrigin": [ 2.0, 2.0, 2.0 ],
					"faces": {
						"up": { "texture": "#ice", "uv": [ 0.0, 0.0, 16.0, 11.0 ] }
					},
					"children": [
						{
							"name": "Cube2",
							"from": [ 3.0, 1.0, 3.0 ],
							"to": [ 4.0, 2.0, 4.0 ],
							"rotationOrigin": [ 3.0, 1.0, 3.0 ],
							"rotationY": -45.0,
							"rotationZ": -45.0,
							"faces": {
								"north": { "texture": "#ice", "uv": [ 0.0, 0.0, 1.0, 1.0 ] },
								"east": { "texture": "#ice", "uv": [ 0.0, 0.0, 1.0, 1.0 ] },
								"south": { "texture": "#ice", "uv": [ 0.0, 0.0, 1.0, 1.0 ] },
								"west": { "texture": "#ice", "uv": [ 0.0, 0.0, 1.0, 1.0 ] },
								"up": { "texture": "#ice", "uv": [ 0.0, 0.0, 1.0, 1.0 ] }
							}
						},
						{
							"name": "Cube3",
							"from": [ 14.0, 1.0, 4.0 ],
							"to": [ 15.2, 2.2, 5.2 ],
							"rotationOrigin": [ 14.0, 1.0, 4.0 ],
							"rotationY": 22.5,
							"rotationZ": -45.0,
							"faces": {
								"north": { "texture": "#ice", "uv": [ 0.0, 0.0, 1.0, 1.0 ] },
								"east": { "texture": "#ice", "uv": [ 0.0, 0.0, 1.0, 1.0 ] },
								"south": { "texture": "#ice", "uv": [ 0.0, 0.0, 1.0, 1.0 ] },
								"west": { "texture": "#ice", "uv": [ 0.0, 0.0, 1.0, 1.0 ] },
								"up": { "texture": "#ice", "uv": [ 0.0, 0.0, 1.0, 1.0 ] }
							}
						},
						{
							"name": "Cube4",
							"from": [ 10.0, 1.0, 9.0 ],
							"to": [ 10.7, 1.7, 9.7 ],
							"rotationOrigin": [ 10.0, 1.0, 9.0 ],
							"rotationY": -90.0,
							"rotationZ": -22.5,
							"faces": {
								"north": { "texture": "#ice", "uv": [ 0.0, 0.0, 0.5, 0.5 ] },
								"east": { "texture": "#ice", "uv": [ 0.0, 0.0, 0.5, 0.5 ] },
								"south": { "texture": "#ice", "uv": [ 0.0, 0.0, 0.5, 0.5 ] },
								"west": { "texture": "#ice", "uv": [ 0.0, 0.0, 0.5, 0.5 ] },
								"up": { "texture": "#ice", "uv": [ 0.0, 0.0, 0.5, 0.5 ] }
							}
						},
						{
							"name": "Cube5",
							"from": [ 12.0, 0.6, 8.0 ],
							"to": [ 13.2, 1.8, 9.2 ],
							"rotationOrigin": [ 12.0, 0.6, 8.0 ],
							"rotationY": 22.5,
							"rotationZ": -22.5,
							"faces": {
								"north": { "texture": "#ice", "uv": [ 0.0, 0.0, 1.0, 1.0 ] },
								"east": { "texture": "#ice", "uv": [ 0.0, 0.0, 1.0, 1.0 ] },
								"south": { "texture": "#ice", "uv": [ 0.0, 0.0, 1.0, 1.0 ] },
								"west": { "texture": "#ice", "uv": [ 0.0, 0.0, 1.0, 1.0 ] },
								"up": { "texture": "#ice", "uv": [ 0.0, 0.0, 1.0, 1.0 ] }
							}
						},
						{
							"name": "Cube6",
							"from": [ 3.0, 0.6, 8.0 ],
							"to": [ 3.9, 1.5, 8.9 ],
							"rotationOrigin": [ 3.0, 0.6, 8.0 ],
							"rotationX": -22.5,
							"rotationY": 22.5,
							"faces": {
								"north": { "texture": "#ice", "uv": [ 0.0, 0.0, 0.5, 0.5 ] },
								"east": { "texture": "#ice", "uv": [ 0.0, 0.0, 0.5, 0.5 ] },
								"south": { "texture": "#ice", "uv": [ 0.0, 0.0, 0.5, 0.5 ] },
								"west": { "texture": "#ice", "uv": [ 0.0, 0.0, 0.5, 0.5 ] },
								"up": { "texture": "#ice", "uv": [ 0.0, 0.0, 0.5, 0.5 ] }
							}
						},
						{
							"name": "Cube7",
							"from": [ 7.0, 0.6, 5.0 ],
							"to": [ 7.7, 1.3, 5.7 ],
							"rotationOrigin": [ 7.0, 0.6, 5.0 ],
							"rotationX": -22.5,
							"rotationY": -22.5,
							"faces": {
								"north": { "texture": "#ice", "uv": [ 0.0, 0.0, 0.5, 0.5 ] },
								"east": { "texture": "#ice", "uv": [ 0.0, 0.0, 0.5, 0.5 ] },
								"south": { "texture": "#ice", "uv": [ 0.0, 0.0, 0.5, 0.5 ] },
								"west": { "texture": "#ice", "uv": [ 0.0, 0.0, 0.5, 0.5 ] },
								"up": { "texture": "#ice", "uv": [ 0.0, 0.0, 0.5, 0.5 ] }
							}
						}
					]
				},
				{
					"name": "part2",
					"from": [ 18.0, 2.0, 2.0 ],
					"to": [ 30.0, 3.0, 13.0 ],
					"rotationOrigin": [ 18.0, 2.0, 2.0 ],
					"faces": {
						"up": { "texture": "#ice", "uv": [ 0.0, 0.0, 12.0, 11.0 ] }
					},
					"children": [
						{
							"name": "Cube8",
							"from": [ 2.0, 0.6, 5.0 ],
							"to": [ 2.7, 1.3, 5.7 ],
							"rotationOrigin": [ 2.0, 0.6, 5.0 ],
							"rotationY": 22.5,
							"faces": {
								"north": { "texture": "#ice", "uv": [ 0.0, 0.0, 0.5, 0.5 ] },
								"east": { "texture": "#ice", "uv": [ 0.0, 0.0, 0.5, 0.5 ] },
								"south": { "texture": "#ice", "uv": [ 0.0, 0.0, 0.5, 0.5 ] },
								"west": { "texture": "#ice", "uv": [ 0.0, 0.0, 0.5, 0.5 ] },
								"up": { "texture": "#ice", "uv": [ 0.0, 0.0, 0.5, 0.5 ] }
							}
						},
						{
							"name": "Cube9",
							"from": [ 7.0, 0.6, 8.0 ],
							"to": [ 7.9, 1.5, 8.9 ],
							"rotationOrigin": [ 7.0, 0.6, 8.0 ],
							"rotationX": -22.5,
							"faces": {
								"north": { "texture": "#ice", "uv": [ 0.0, 0.0, 0.5, 0.5 ] },
								"east": { "texture": "#ice", "uv": [ 0.0, 0.0, 0.5, 0.5 ] },
								"south": { "texture": "#ice", "uv": [ 0.0, 0.0, 0.5, 0.5 ] },
								"west": { "texture": "#ice", "uv": [ 0.0, 0.0, 0.5, 0.5 ] },
								"up": { "texture": "#ice", "uv": [ 0.0, 0.0, 0.5, 0.5 ] }
							}
						},
						{
							"name": "Cube10",
							"from": [ 8.04, 0.52, 4.0 ],
							"to": [ 8.74, 1.22, 4.7 ],
							"rotationOrigin": [ 8.0, 2.0, 4.0 ],
							"rotationX": -180.0,
							"rotationY": -90.0,
							"rotationZ": 165.9637,
							"faces": {
								"north": { "texture": "#ice", "uv": [ 0.0, 0.0, 0.5, 0.5 ] },
								"east": { "texture": "#ice", "uv": [ 0.0, 0.0, 0.5, 0.5 ] },
								"south": { "texture": "#ice", "uv": [ 0.0, 0.0, 0.5, 0.5 ] },
								"west": { "texture": "#ice", "uv": [ 0.0, 0.0, 0.5, 0.5 ] },
								"up": { "texture": "#ice", "uv": [ 0.0, 0.0, 0.5, 0.5 ] }
							}
						},
						{
							"name": "Cube11",
							"from": [ 4.0, 1.0, 8.0 ],
							"to": [ 5.0, 2.0, 9.0 ],
							"rotationOrigin": [ 4.0, 1.0, 8.0 ],
							"rotationX": 0.0,
							"rotationY": -45.0,
							"rotationZ": -45.0,
							"faces": {
								"north": { "texture": "#ice", "uv": [ 0.0, 0.0, 1.0, 1.0 ] },
								"east": { "texture": "#ice", "uv": [ 0.0, 0.0, 1.0, 1.0 ] },
								"south": { "texture": "#ice", "uv": [ 0.0, 0.0, 1.0, 1.0 ] },
								"west": { "texture": "#ice", "uv": [ 0.0, 0.0, 1.0, 1.0 ] },
								"up": { "texture": "#ice", "uv": [ 0.0, 0.0, 1.0, 1.0 ] }
							}
						}
					]
				}
			]
		}
	]}