{
	"editor": {
		"collapsedPaths": "",
		"allAngles": false,
		"entityTextureMode": false
	},
	"textureWidth": 16,
	"textureHeight": 16,
	"textureSizes": {
	},
	"textures": {
		"rusty": "game:block/machine/statictranslocator/rusty",
		"rustyglow": "game:block/machine/statictranslocator/rustyglow",
		"pine": "game:block/wood/planks/pine1",
		"glass": "physicalmap_tk:item/goldglass",
		"gold": "game:block/metal/ingot/gold"
	},
	"elements": [
		{
			"name": "Bowl",
			"from": [ 0.0, 0.0, 0.0 ],
			"to": [ 0.0, 0.0, 0.0 ],
			"rotationOrigin": [ 8.0, 0.0, 8.0 ],
			"faces": {
			},
			"children": [
				{
					"name": "N1",
					"from": [ 6.0, 0.0, 5.0 ],
					"to": [ 10.0, 2.0, 6.0 ],
					"rotationOrigin": [ 8.0, 0.0, 8.0 ],
					"faces": {
						"north": { "texture": "#pine", "uv": [ 0.0, 0.0, 4.0, 2.0 ] },
						"east": { "texture": "#pine", "uv": [ 0.0, 0.0, 1.0, 2.0 ] },
						"south": { "texture": "#pine", "uv": [ 0.0, 0.0, 4.0, 2.0 ] },
						"west": { "texture": "#pine", "uv": [ 0.0, 0.0, 1.0, 2.0 ] },
						"up": { "texture": "#pine", "uv": [ 0.0, 0.0, 4.0, 1.0 ] },
						"down": { "texture": "#pine", "uv": [ 0.0, 0.0, 4.0, 1.0 ] }
					}
				},
				{
					"name": "W2",
					"from": [ 5.0, 0.0, 6.0 ],
					"to": [ 6.0, 2.0, 10.0 ],
					"rotationOrigin": [ 8.0, 0.0, 8.0 ],
					"faces": {
						"north": { "texture": "#pine", "uv": [ 0.0, 0.0, 1.0, 2.0 ] },
						"east": { "texture": "#pine", "uv": [ 0.0, 0.0, 4.0, 2.0 ] },
						"south": { "texture": "#pine", "uv": [ 0.0, 0.0, 1.0, 2.0 ] },
						"west": { "texture": "#pine", "uv": [ 0.0, 0.0, 4.0, 2.0 ] },
						"up": { "texture": "#pine", "uv": [ 0.0, 0.0, 1.0, 4.0 ] },
						"down": { "texture": "#pine", "uv": [ 0.0, 0.0, 1.0, 4.0 ] }
					}
				},
				{
					"name": "S3",
					"from": [ 6.0, 0.0, 10.0 ],
					"to": [ 10.0, 2.0, 11.0 ],
					"rotationOrigin": [ 8.0, 0.0, 8.0 ],
					"faces": {
						"north": { "texture": "#pine", "uv": [ 0.0, 0.0, 4.0, 2.0 ] },
						"east": { "texture": "#pine", "uv": [ 0.0, 0.0, 1.0, 2.0 ] },
						"south": { "texture": "#pine", "uv": [ 0.0, 0.0, 4.0, 2.0 ] },
						"west": { "texture": "#pine", "uv": [ 0.0, 0.0, 1.0, 2.0 ] },
						"up": { "texture": "#pine", "uv": [ 0.0, 0.0, 4.0, 1.0 ] },
						"down": { "texture": "#pine", "uv": [ 0.0, 0.0, 4.0, 1.0 ] }
					}
				},
				{
					"name": "E4",
					"from": [ 10.0, 0.0, 6.0 ],
					"to": [ 11.0, 2.0, 10.0 ],
					"rotationOrigin": [ 8.0, 0.0, 8.0 ],
					"faces": {
						"north": { "texture": "#pine", "uv": [ 0.0, 0.0, 1.0, 2.0 ] },
						"east": { "texture": "#pine", "uv": [ 0.0, 0.0, 4.0, 2.0 ] },
						"south": { "texture": "#pine", "uv": [ 0.0, 0.0, 1.0, 2.0 ] },
						"west": { "texture": "#pine", "uv": [ 0.0, 0.0, 4.0, 2.0 ] },
						"up": { "texture": "#pine", "uv": [ 0.0, 0.0, 1.0, 4.0 ] },
						"down": { "texture": "#pine", "uv": [ 0.0, 0.0, 1.0, 4.0 ] }
					}
				},
				{
					"name": "NW5",
					"from": [ 5.5, 0.19, 5.5 ],
					"to": [ 6.5, 1.99, 6.5 ],
					"rotationOrigin": [ 8.0, 0.0, 8.0 ],
					"faces": {
						"north": { "texture": "#pine", "uv": [ 0.0, 0.0, 1.0, 2.0 ] },
						"east": { "texture": "#pine", "uv": [ 0.0, 0.0, 1.0, 2.0 ] },
						"south": { "texture": "#pine", "uv": [ 0.0, 0.0, 1.0, 2.0 ] },
						"west": { "texture": "#pine", "uv": [ 0.0, 0.0, 1.0, 2.0 ] },
						"up": { "texture": "#pine", "uv": [ 0.0, 0.0, 1.0, 1.0 ] },
						"down": { "texture": "#pine", "uv": [ 0.0, 0.0, 1.0, 1.0 ] }
					}
				},
				{
					"name": "NE6",
					"from": [ 9.5, 0.19, 5.5 ],
					"to": [ 10.5, 1.99, 6.5 ],
					"rotationOrigin": [ 8.0, 0.0, 8.0 ],
					"faces": {
						"north": { "texture": "#pine", "uv": [ 0.0, 0.0, 1.0, 2.0 ] },
						"east": { "texture": "#pine", "uv": [ 0.0, 0.0, 1.0, 2.0 ] },
						"south": { "texture": "#pine", "uv": [ 0.0, 0.0, 1.0, 2.0 ] },
						"west": { "texture": "#pine", "uv": [ 0.0, 0.0, 1.0, 2.0 ] },
						"up": { "texture": "#pine", "uv": [ 0.0, 0.0, 1.0, 1.0 ] },
						"down": { "texture": "#pine", "uv": [ 0.0, 0.0, 1.0, 1.0 ] }
					}
				},
				{
					"name": "SW7",
					"from": [ 5.5, 0.19, 9.5 ],
					"to": [ 6.5, 1.99, 10.5 ],
					"rotationOrigin": [ 8.0, 0.0, 8.0 ],
					"faces": {
						"north": { "texture": "#pine", "uv": [ 0.0, 0.0, 1.0, 2.0 ] },
						"east": { "texture": "#pine", "uv": [ 0.0, 0.0, 1.0, 2.0 ] },
						"south": { "texture": "#pine", "uv": [ 0.0, 0.0, 1.0, 2.0 ] },
						"west": { "texture": "#pine", "uv": [ 0.0, 0.0, 1.0, 2.0 ] },
						"up": { "texture": "#pine", "uv": [ 0.0, 0.0, 1.0, 1.0 ] },
						"down": { "texture": "#pine", "uv": [ 0.0, 0.0, 1.0, 1.0 ] }
					}
				},
				{
					"name": "SE8",
					"from": [ 9.5, 0.19, 9.5 ],
					"to": [ 10.5, 1.99, 10.5 ],
					"rotationOrigin": [ 8.0, 0.0, 8.0 ],
					"faces": {
						"north": { "texture": "#pine", "uv": [ 0.0, 0.0, 1.0, 2.0 ] },
						"east": { "texture": "#pine", "uv": [ 0.0, 0.0, 1.0, 2.0 ] },
						"south": { "texture": "#pine", "uv": [ 0.0, 0.0, 1.0, 2.0 ] },
						"west": { "texture": "#pine", "uv": [ 0.0, 0.0, 1.0, 2.0 ] },
						"up": { "texture": "#pine", "uv": [ 0.0, 0.0, 1.0, 1.0 ] },
						"down": { "texture": "#pine", "uv": [ 0.0, 0.0, 1.0, 1.0 ] }
					}
				}
			]
		},
		{
			"name": "Arrow",
			"from": [ 0.0, 0.0, 0.0 ],
			"to": [ 0.0, 0.0, 0.0 ],
			"rotationOrigin": [ 8.0, 0.0, 8.0 ],
			"faces": {
			},
			"children": [
				{
					"name": "cube10",
					"from": [ 7.9, 1.4, 6.8 ],
					"to": [ 8.1, 1.7, 8.8 ],
					"rotationOrigin": [ 8.0, 0.0, 8.0 ],
					"faces": {
						"north": { "texture": "#rustyglow", "uv": [ 0.0, 0.0, 0.2, 0.2 ] },
						"east": { "texture": "#rustyglow", "uv": [ 0.0, 0.0, 2.0, 0.2 ] },
						"south": { "texture": "#rustyglow", "uv": [ 0.0, 0.0, 0.2, 0.2 ] },
						"west": { "texture": "#rustyglow", "uv": [ 0.0, 0.0, 2.0, 0.2 ] },
						"up": { "texture": "#rustyglow", "uv": [ 0.0, 0.0, 0.2, 2.0 ] }
					}
				},
				{
					"name": "cube11",
					"from": [ 7.5, 1.4, 7.2 ],
					"to": [ 7.7, 1.6, 8.8 ],
					"rotationOrigin": [ 8.0, 0.0, 8.0 ],
					"rotationY": -4.5,
					"faces": {
						"north": { "texture": "#rustyglow", "uv": [ 0.0, 0.0, 0.2, 0.2 ] },
						"east": { "texture": "#rustyglow", "uv": [ 0.0, 0.0, 1.6, 0.2 ] },
						"south": { "texture": "#rustyglow", "uv": [ 0.0, 0.0, 0.2, 0.2 ] },
						"west": { "texture": "#rustyglow", "uv": [ 0.0, 0.0, 1.6, 0.2 ] },
						"up": { "texture": "#rustyglow", "uv": [ 0.0, 0.0, 0.2, 1.6 ] }
					}
				},
				{
					"name": "cube12",
					"from": [ 8.3, 1.4, 7.2 ],
					"to": [ 8.5, 1.6, 8.8 ],
					"rotationOrigin": [ 8.0, 0.0, 8.0 ],
					"rotationY": 4.5,
					"faces": {
						"north": { "texture": "#rustyglow", "uv": [ 0.0, 0.0, 0.2, 0.2 ] },
						"east": { "texture": "#rustyglow", "uv": [ 0.0, 0.0, 1.6, 0.2 ] },
						"south": { "texture": "#rustyglow", "uv": [ 0.0, 0.0, 0.2, 0.2 ] },
						"west": { "texture": "#rustyglow", "uv": [ 0.0, 0.0, 1.6, 0.2 ] },
						"up": { "texture": "#rustyglow", "uv": [ 0.0, 0.0, 0.2, 1.6 ] }
					}
				},
				{
					"name": "cube13",
					"from": [ 8.4, 1.4, 7.3 ],
					"to": [ 8.6, 1.65, 8.7 ],
					"rotationOrigin": [ 8.0, 0.0, 8.0 ],
					"rotationY": -90.0,
					"faces": {
						"north": { "texture": "#rustyglow", "uv": [ 0.0, 0.0, 0.2, 0.2 ] },
						"east": { "texture": "#rustyglow", "uv": [ 0.0, 0.0, 1.4, 0.2 ] },
						"south": { "texture": "#rustyglow", "uv": [ 0.0, 0.0, 0.2, 0.2 ] },
						"west": { "texture": "#rustyglow", "uv": [ 0.0, 0.0, 1.4, 0.2 ] },
						"up": { "texture": "#rustyglow", "uv": [ 0.0, 0.0, 0.2, 1.4 ] }
					}
				},
				{
					"name": "cube14",
					"from": [ 7.9, 1.4, 7.3 ],
					"to": [ 8.1, 1.65, 8.7 ],
					"rotationOrigin": [ 8.0, 0.0, 8.0 ],
					"rotationY": -90.0,
					"faces": {
						"north": { "texture": "#rustyglow", "uv": [ 0.0, 0.0, 0.2, 0.2 ] },
						"east": { "texture": "#rustyglow", "uv": [ 0.0, 0.0, 1.4, 0.2 ] },
						"south": { "texture": "#rustyglow", "uv": [ 0.0, 0.0, 0.2, 0.2 ] },
						"west": { "texture": "#rustyglow", "uv": [ 0.0, 0.0, 1.4, 0.2 ] },
						"up": { "texture": "#rustyglow", "uv": [ 0.0, 0.0, 0.2, 1.4 ] }
					}
				},
				{
					"name": "cube15",
					"from": [ 7.4, 1.4, 7.3 ],
					"to": [ 7.6, 1.65, 8.7 ],
					"rotationOrigin": [ 8.0, 0.0, 8.0 ],
					"rotationY": -90.0,
					"faces": {
						"north": { "texture": "#rustyglow", "uv": [ 0.0, 0.0, 0.2, 0.2 ] },
						"east": { "texture": "#rustyglow", "uv": [ 0.0, 0.0, 1.4, 0.2 ] },
						"south": { "texture": "#rustyglow", "uv": [ 0.0, 0.0, 0.2, 0.2 ] },
						"west": { "texture": "#rustyglow", "uv": [ 0.0, 0.0, 1.4, 0.2 ] },
						"up": { "texture": "#rustyglow", "uv": [ 0.0, 0.0, 0.2, 1.4 ] }
					}
				}
			]
		},
		{
			"name": "Gear1",
			"from": [ 0.0, 0.0, 0.0 ],
			"to": [ 0.0, 0.0, 0.0 ],
			"rotationOrigin": [ 6.8, -0.4, 7.3 ],
			"faces": {
			},
			"children": [
				{
					"name": "cube16",
					"from": [ 6.4, 1.0, 6.7 ],
					"to": [ 6.6, 1.2, 7.9 ],
					"rotationOrigin": [ 6.8, -0.4, 7.3 ],
					"faces": {
						"north": { "texture": "#rusty", "uv": [ 0.0, 0.0, 0.2, 0.2 ] },
						"east": { "texture": "#rusty", "uv": [ 0.0, 0.0, 1.2, 0.2 ] },
						"south": { "texture": "#rusty", "uv": [ 0.0, 0.0, 0.2, 0.2 ] },
						"west": { "texture": "#rusty", "uv": [ 0.0, 0.0, 1.2, 0.2 ] },
						"up": { "texture": "#rusty", "uv": [ 0.0, 0.0, 0.2, 1.2 ] }
					}
				},
				{
					"name": "cube17",
					"from": [ 7.0, 1.0, 6.7 ],
					"to": [ 7.2, 1.2, 7.9 ],
					"rotationOrigin": [ 6.8, -0.4, 7.3 ],
					"faces": {
						"north": { "texture": "#rusty", "uv": [ 0.0, 0.0, 0.2, 0.2 ] },
						"east": { "texture": "#rusty", "uv": [ 0.0, 0.0, 1.2, 0.2 ] },
						"south": { "texture": "#rusty", "uv": [ 0.0, 0.0, 0.2, 0.2 ] },
						"west": { "texture": "#rusty", "uv": [ 0.0, 0.0, 1.2, 0.2 ] },
						"up": { "texture": "#rusty", "uv": [ 0.0, 0.0, 0.2, 1.2 ] }
					}
				},
				{
					"name": "cube18",
					"from": [ 6.4, 1.0, 6.7 ],
					"to": [ 6.6, 1.2, 7.9 ],
					"rotationOrigin": [ 6.8, -0.4, 7.3 ],
					"rotationY": -90.0,
					"faces": {
						"north": { "texture": "#rusty", "uv": [ 0.0, 0.0, 0.2, 0.2 ] },
						"east": { "texture": "#rusty", "uv": [ 0.0, 0.0, 1.2, 0.2 ] },
						"south": { "texture": "#rusty", "uv": [ 0.0, 0.0, 0.2, 0.2 ] },
						"west": { "texture": "#rusty", "uv": [ 0.0, 0.0, 1.2, 0.2 ] },
						"up": { "texture": "#rusty", "uv": [ 0.0, 0.0, 0.2, 1.2 ] }
					}
				},
				{
					"name": "cube19",
					"from": [ 7.0, 1.0, 6.7 ],
					"to": [ 7.2, 1.2, 7.9 ],
					"rotationOrigin": [ 6.8, -0.4, 7.3 ],
					"rotationY": -90.0,
					"faces": {
						"north": { "texture": "#rusty", "uv": [ 0.0, 0.0, 0.2, 0.2 ] },
						"east": { "texture": "#rusty", "uv": [ 0.0, 0.0, 1.2, 0.2 ] },
						"south": { "texture": "#rusty", "uv": [ 0.0, 0.0, 0.2, 0.2 ] },
						"west": { "texture": "#rusty", "uv": [ 0.0, 0.0, 1.2, 0.2 ] },
						"up": { "texture": "#rusty", "uv": [ 0.0, 0.0, 0.2, 1.2 ] }
					}
				}
			]
		},
		{
			"name": "Gear2",
			"from": [ 0.0, 0.0, 0.0 ],
			"to": [ 0.0, 0.0, 0.0 ],
			"rotationOrigin": [ 7.0, -0.4, 7.1 ],
			"faces": {
			},
			"children": [
				{
					"name": "cube20",
					"from": [ 8.8, 1.0, 7.2 ],
					"to": [ 9.0, 1.2, 8.4 ],
					"rotationOrigin": [ 9.2, -0.4, 7.8 ],
					"rotationY": 32.5,
					"faces": {
						"north": { "texture": "#rusty", "uv": [ 0.0, 0.0, 0.2, 0.2 ] },
						"east": { "texture": "#rusty", "uv": [ 0.0, 0.0, 1.2, 0.2 ] },
						"south": { "texture": "#rusty", "uv": [ 0.0, 0.0, 0.2, 0.2 ] },
						"west": { "texture": "#rusty", "uv": [ 0.0, 0.0, 1.2, 0.2 ] },
						"up": { "texture": "#rusty", "uv": [ 0.0, 0.0, 0.2, 1.2 ] }
					}
				},
				{
					"name": "cube21",
					"from": [ 9.4, 1.0, 7.2 ],
					"to": [ 9.6, 1.2, 8.4 ],
					"rotationOrigin": [ 9.2, -0.4, 7.8 ],
					"rotationY": 32.5,
					"faces": {
						"north": { "texture": "#rusty", "uv": [ 0.0, 0.0, 0.2, 0.2 ] },
						"east": { "texture": "#rusty", "uv": [ 0.0, 0.0, 1.2, 0.2 ] },
						"south": { "texture": "#rusty", "uv": [ 0.0, 0.0, 0.2, 0.2 ] },
						"west": { "texture": "#rusty", "uv": [ 0.0, 0.0, 1.2, 0.2 ] },
						"up": { "texture": "#rusty", "uv": [ 0.0, 0.0, 0.2, 1.2 ] }
					}
				},
				{
					"name": "cube22",
					"from": [ 8.8, 1.0, 7.2 ],
					"to": [ 9.0, 1.2, 8.4 ],
					"rotationOrigin": [ 9.2, -0.4, 7.8 ],
					"rotationY": -57.5,
					"faces": {
						"north": { "texture": "#rusty", "uv": [ 0.0, 0.0, 0.2, 0.2 ] },
						"east": { "texture": "#rusty", "uv": [ 0.0, 0.0, 1.2, 0.2 ] },
						"south": { "texture": "#rusty", "uv": [ 0.0, 0.0, 0.2, 0.2 ] },
						"west": { "texture": "#rusty", "uv": [ 0.0, 0.0, 1.2, 0.2 ] },
						"up": { "texture": "#rusty", "uv": [ 0.0, 0.0, 0.2, 1.2 ] }
					}
				},
				{
					"name": "cube23",
					"from": [ 9.4, 1.0, 7.2 ],
					"to": [ 9.6, 1.2, 8.4 ],
					"rotationOrigin": [ 9.2, -0.4, 7.8 ],
					"rotationY": -57.5,
					"faces": {
						"north": { "texture": "#rusty", "uv": [ 0.0, 0.0, 0.2, 0.2 ] },
						"east": { "texture": "#rusty", "uv": [ 0.0, 0.0, 1.2, 0.2 ] },
						"south": { "texture": "#rusty", "uv": [ 0.0, 0.0, 0.2, 0.2 ] },
						"west": { "texture": "#rusty", "uv": [ 0.0, 0.0, 1.2, 0.2 ] },
						"up": { "texture": "#rusty", "uv": [ 0.0, 0.0, 0.2, 1.2 ] }
					}
				}
			]
		},
		{
			"name": "Gear3",
			"from": [ 0.0, 0.0, 0.0 ],
			"to": [ 0.0, 0.0, 0.0 ],
			"rotationOrigin": [ 7.0, -0.4, 7.4 ],
			"faces": {
			},
			"children": [
				{
					"name": "cube24",
					"from": [ 7.2, 1.0, 8.6 ],
					"to": [ 7.4, 1.2, 9.8 ],
					"rotationOrigin": [ 7.6, -0.4, 9.2 ],
					"rotationY": -22.0,
					"faces": {
						"north": { "texture": "#rusty", "uv": [ 0.0, 0.0, 0.2, 0.2 ] },
						"east": { "texture": "#rusty", "uv": [ 0.0, 0.0, 1.2, 0.2 ] },
						"south": { "texture": "#rusty", "uv": [ 0.0, 0.0, 0.2, 0.2 ] },
						"west": { "texture": "#rusty", "uv": [ 0.0, 0.0, 1.2, 0.2 ] },
						"up": { "texture": "#rusty", "uv": [ 0.0, 0.0, 0.2, 1.2 ] }
					}
				},
				{
					"name": "cube25",
					"from": [ 7.8, 1.0, 8.6 ],
					"to": [ 8.0, 1.2, 9.8 ],
					"rotationOrigin": [ 7.6, -0.4, 9.2 ],
					"rotationY": -22.0,
					"faces": {
						"north": { "texture": "#rusty", "uv": [ 0.0, 0.0, 0.2, 0.2 ] },
						"east": { "texture": "#rusty", "uv": [ 0.0, 0.0, 1.2, 0.2 ] },
						"south": { "texture": "#rusty", "uv": [ 0.0, 0.0, 0.2, 0.2 ] },
						"west": { "texture": "#rusty", "uv": [ 0.0, 0.0, 1.2, 0.2 ] },
						"up": { "texture": "#rusty", "uv": [ 0.0, 0.0, 0.2, 1.2 ] }
					}
				},
				{
					"name": "cube26",
					"from": [ 7.2, 1.0, 8.6 ],
					"to": [ 7.4, 1.2, 9.8 ],
					"rotationOrigin": [ 7.6, -0.4, 9.2 ],
					"rotationX": -180.0,
					"rotationY": -68.0,
					"rotationZ": -180.0,
					"faces": {
						"north": { "texture": "#rusty", "uv": [ 0.0, 0.0, 0.2, 0.2 ] },
						"east": { "texture": "#rusty", "uv": [ 0.0, 0.0, 1.2, 0.2 ] },
						"south": { "texture": "#rusty", "uv": [ 0.0, 0.0, 0.2, 0.2 ] },
						"west": { "texture": "#rusty", "uv": [ 0.0, 0.0, 1.2, 0.2 ] },
						"up": { "texture": "#rusty", "uv": [ 0.0, 0.0, 0.2, 1.2 ] }
					}
				},
				{
					"name": "cube27",
					"from": [ 7.8, 1.0, 8.6 ],
					"to": [ 8.0, 1.2, 9.8 ],
					"rotationOrigin": [ 7.6, -0.4, 9.2 ],
					"rotationX": -180.0,
					"rotationY": -68.0,
					"rotationZ": -180.0,
					"faces": {
						"north": { "texture": "#rusty", "uv": [ 0.0, 0.0, 0.2, 0.2 ] },
						"east": { "texture": "#rusty", "uv": [ 0.0, 0.0, 1.2, 0.2 ] },
						"south": { "texture": "#rusty", "uv": [ 0.0, 0.0, 0.2, 0.2 ] },
						"west": { "texture": "#rusty", "uv": [ 0.0, 0.0, 1.2, 0.2 ] },
						"up": { "texture": "#rusty", "uv": [ 0.0, 0.0, 0.2, 1.2 ] }
					}
				}
			]
		},
		{
			"name": "Bowl0",
			"from": [ 6.0, 0.0, 6.0 ],
			"to": [ 10.0, 1.0, 10.0 ],
			"rotationOrigin": [ 8.0, 0.0, 8.0 ],
			"faces": {
				"up": { "texture": "#pine", "uv": [ 0.0, 0.0, 4.0, 4.0 ] },
				"down": { "texture": "#pine", "uv": [ 0.0, 0.0, 4.0, 4.0 ] }
			}
		},
		{
			"name": "Arrow9",
			"from": [ 7.8, 0.4, 7.8 ],
			"to": [ 8.2, 1.4, 8.2 ],
			"rotationOrigin": [ 8.0, 0.0, 8.0 ],
			"faces": {
				"north": { "texture": "#rusty", "uv": [ 0.0, 0.0, 0.4, 1.0 ] },
				"east": { "texture": "#rusty", "uv": [ 0.0, 0.0, 0.4, 1.0 ] },
				"south": { "texture": "#rusty", "uv": [ 0.0, 0.0, 0.4, 1.0 ] },
				"west": { "texture": "#rusty", "uv": [ 0.0, 0.0, 0.4, 1.0 ] },
				"up": { "texture": "#rusty", "uv": [ 0.0, 0.0, 0.4, 0.4 ] }
			}
		},
		{
			"name": "Glass",
			"from": [ 5.5, 2.01, 5.5 ],
			"to": [ 10.5, 2.5, 10.5 ],
			"rotationOrigin": [ 8.0, 0.0, 8.0 ],
			"faces": {
				"north": { "texture": "#gold", "uv": [ 0.0, 0.0, 5.0, 0.5 ] },
				"east": { "texture": "#gold", "uv": [ 0.0, 0.0, 5.0, 0.5 ] },
				"south": { "texture": "#gold", "uv": [ 0.0, 0.0, 5.0, 0.5 ] },
				"west": { "texture": "#gold", "uv": [ 0.0, 0.0, 5.0, 0.5 ] },
				"up": { "texture": "#glass", "uv": [ 0.0, 0.0, 5.0, 5.0 ] },
				"down": { "texture": "#glass", "uv": [ 0.0, 0.0, 5.0, 5.0 ] }
			}
		}
	]}