{
	"editor": {
		"allAngles": false,
		"entityTextureMode": false
	},
	"textureWidth": 16,
	"textureHeight": 16,
	"textureSizes": {
	},
	"textures": {
		"surface": "surface",
		"wood": "wood"
	},
	"elements": [
		{
			"name": "TShelf",
			"from": [ 1.0, 0.0, 1.0 ],
			"to": [ 15.0, 1.0, 16.0 ],
			"rotationOrigin": [ 1.0, 0.0, 1.0 ],
			"faces": {
				"south": { "texture": "#surface", "uv": [ 0.0, 3.0, 14.0, 4.0 ] },
				"up": { "texture": "#surface", "uv": [ 0.0, 3.0, 16.0, 16.0 ], "autoUv": false },
				"down": { "texture": "#surface", "uv": [ 0.0, 3.0, 16.0, 16.0 ], "autoUv": false }
			},
			"children": [
				{
					"name": "TBFence",
					"from": [ 0.0, 0.0, -1.0 ],
					"to": [ 14.0, 7.0, 0.0 ],
					"rotationOrigin": [ 0.0, 0.0, -1.0 ],
					"faces": {
						"north": { "texture": "#surface", "uv": [ 0.0, 3.0, 8.0, 16.0 ], "rotation": 90, "autoUv": false },
						"south": { "texture": "#surface", "uv": [ 8.0, 3.0, 16.0, 16.0 ], "rotation": 270, "autoUv": false, "windMode": [-1,-1,-1,-1] },
						"up": { "texture": "#surface", "uv": [ 15.0, 3.0, 16.0, 16.0 ], "rotation": 270, "autoUv": false },
						"down": { "texture": "#surface", "uv": [ 6.0, 3.0, 7.0, 16.0 ], "rotation": 90, "autoUv": false }
					}
				},
				{
					"name": "TRFence",
					"from": [ 14.0, 0.0, -1.0 ],
					"to": [ 15.0, 7.0, 7.0 ],
					"rotationOrigin": [ 14.0, 0.0, -1.0 ],
					"faces": {
						"north": { "texture": "#surface", "uv": [ 0.0, 13.0, 7.0, 14.0 ], "rotation": 90 },
						"east": { "texture": "#surface", "uv": [ 9.0, 3.0, 16.0, 11.0 ], "rotation": 270 },
						"south": { "texture": "#surface", "uv": [ 0.0, 3.0, 7.0, 4.0 ], "rotation": 90 },
						"west": { "texture": "#surface", "uv": [ 0.0, 3.0, 7.0, 11.0 ], "rotation": 90 },
						"up": { "texture": "#surface", "uv": [ 0.0, 5.5, 1.0, 13.5 ], "rotation": 180 },
						"down": { "texture": "#surface", "uv": [ 15.0, 5.5, 16.0, 13.5 ], "rotation": 180 }
					}
				},
				{
					"name": "TLBeam",
					"from": [ 0.0, 7.0, -1.0 ],
					"to": [ 2.0, 10.0, 0.0 ],
					"rotationOrigin": [ 0.0, 7.0, -1.0 ],
					"faces": {
						"north": { "texture": "#wood", "uv": [ 5.0, 13.0, 7.0, 16.0 ] },
						"east": { "texture": "#wood", "uv": [ 1.0, 8.0, 2.0, 11.0 ] },
						"south": { "texture": "#wood", "uv": [ 10.0, 13.0, 12.0, 16.0 ] },
						"west": { "texture": "#wood", "uv": [ 4.0, 10.0, 5.0, 13.0 ] },
						"up": { "texture": "#wood", "uv": [ 0.0, 8.0, 2.0, 9.0 ] }
					}
				},
				{
					"name": "TRBeam",
					"from": [ 12.0, 7.0, -1.0 ],
					"to": [ 14.0, 10.0, 0.0 ],
					"rotationOrigin": [ 12.0, 7.0, -1.0 ],
					"faces": {
						"north": { "texture": "#wood", "uv": [ 5.0, 13.0, 7.0, 16.0 ] },
						"east": { "texture": "#wood", "uv": [ 1.0, 8.0, 2.0, 11.0 ] },
						"south": { "texture": "#wood", "uv": [ 10.0, 13.0, 12.0, 16.0 ] },
						"west": { "texture": "#wood", "uv": [ 4.0, 10.0, 5.0, 13.0 ] },
						"up": { "texture": "#wood", "uv": [ 0.0, 8.0, 2.0, 9.0 ] }
					}
				},
				{
					"name": "TLFence",
					"from": [ -1.0, 0.0, -1.0 ],
					"to": [ 0.0, 7.0, 7.0 ],
					"rotationOrigin": [ -1.0, 0.0, -1.0 ],
					"faces": {
						"north": { "texture": "#surface", "uv": [ 0.0, 5.5, 7.0, 6.5 ], "rotation": 90 },
						"east": { "texture": "#surface", "uv": [ 9.0, 3.0, 16.0, 11.0 ], "rotation": 270, "windMode": [-1,-1,-1,-1] },
						"south": { "texture": "#surface", "uv": [ 0.0, 15.0, 7.0, 16.0 ], "rotation": 90 },
						"west": { "texture": "#surface", "uv": [ 0.0, 3.0, 7.0, 11.0 ], "rotation": 90 },
						"up": { "texture": "#surface", "uv": [ 15.0, 3.5, 16.0, 11.5 ], "rotation": 180 },
						"down": { "texture": "#surface", "uv": [ 0.0, 4.0, 1.0, 12.0 ], "rotation": 180 }
					}
				},
				{
					"name": "TLFence2",
					"from": [ -1.0, 0.0, 7.0 ],
					"to": [ 0.0, 2.0, 15.0 ],
					"rotationOrigin": [ -1.0, 0.0, 7.0 ],
					"faces": {
						"east": { "texture": "#surface", "uv": [ 14.0, 5.5, 16.0, 13.5 ], "rotation": 270, "windMode": [-1,-1,-1,-1] },
						"south": { "texture": "#surface", "uv": [ 0.0, 10.5, 2.0, 11.5 ], "rotation": 90 },
						"west": { "texture": "#surface", "uv": [ 0.0, 5.0, 2.0, 13.0 ], "rotation": 90 },
						"up": { "texture": "#surface", "uv": [ 15.0, 3.5, 16.0, 11.5 ], "rotation": 180 },
						"down": { "texture": "#surface", "uv": [ 0.0, 4.0, 1.0, 12.0 ], "rotation": 180 }
					}
				},
				{
					"name": "TRFence2",
					"from": [ 14.0, 0.0, 7.0 ],
					"to": [ 15.0, 2.0, 15.0 ],
					"rotationOrigin": [ 14.0, 0.0, 7.0 ],
					"faces": {
						"east": { "texture": "#surface", "uv": [ 14.0, 4.5, 16.0, 12.5 ], "rotation": 270 },
						"south": { "texture": "#surface", "uv": [ 0.0, 7.5, 2.0, 8.5 ], "rotation": 90 },
						"west": { "texture": "#surface", "uv": [ 0.0, 5.0, 2.0, 13.0 ], "rotation": 90 },
						"up": { "texture": "#surface", "uv": [ 0.0, 5.5, 1.0, 13.5 ], "rotation": 180 },
						"down": { "texture": "#surface", "uv": [ 15.0, 5.5, 16.0, 13.5 ], "rotation": 180 }
					}
				},
				{
					"name": "TShelf2",
					"from": [ 0.0, 5.0, 0.0 ],
					"to": [ 14.0, 6.0, 7.0 ],
					"rotationOrigin": [ 0.0, 5.0, 0.0 ],
					"faces": {
						"south": { "texture": "#surface", "uv": [ 0.0, 3.0, 14.0, 4.0 ] },
						"up": { "texture": "#surface", "uv": [ 0.0, 9.0, 16.0, 16.0 ], "autoUv": false },
						"down": { "texture": "#surface", "uv": [ 0.0, 9.0, 16.0, 16.0 ], "autoUv": false }
					}
				},
				{
					"name": "TShelf3",
					"from": [ 0.0, 1.0, 5.0 ],
					"to": [ 14.0, 5.0, 6.0 ],
					"rotationOrigin": [ 0.0, 1.0, 5.0 ],
					"faces": {
						"south": { "texture": "#surface", "uv": [ 0.0, 7.0, 16.0, 11.0 ], "autoUv": false }
					}
				}
			]
		}
	]}