{
	"editor": {
		"allAngles": false,
		"entityTextureMode": false
	},
	"textureWidth": 16,
	"textureHeight": 16,
	"textureSizes": {
	},
	"textures": {
		"surface": "surface",
		"wood": "wood"
	},
	"elements": [
		{
			"name": "BShelf",
			"from": [ 1.0, 0.0, 1.0 ],
			"to": [ 15.0, 1.0, 8.0 ],
			"rotationOrigin": [ 1.0, 0.0, 1.0 ],
			"faces": {
				"south": { "texture": "#surface", "uv": [ 0.0, 3.0, 14.0, 4.0 ] },
				"up": { "texture": "#surface", "uv": [ 0.0, 9.0, 16.0, 16.0 ], "autoUv": false },
				"down": { "texture": "#surface", "uv": [ 0.0, 9.0, 16.0, 16.0 ], "autoUv": false }
			},
			"children": [
				{
					"name": "RL25",
					"from": [ 0.0, 0.5, 0.5 ],
					"to": [ 6.75, 2.0, 0.7 ],
					"rotationOrigin": [ 0.0, 1.0, 1.0 ],
					"rotationX": -11.25,
					"faces": {
						"north": { "texture": "#surface", "uv": [ 0.0, 0.0, 6.5, 1.5 ] },
						"east": { "texture": "#surface", "uv": [ 0.0, 0.0, 0.5, 1.5 ] },
						"south": { "texture": "#surface", "uv": [ 6.0, 3.0, 12.5, 4.5 ] },
						"up": { "texture": "#surface", "uv": [ 0.0, 0.0, 6.5, 0.5 ] }
					},
					"children": [
						{
							"name": "RR25",
							"from": [ 7.25, 0.0, 0.0 ],
							"to": [ 14.0, 1.5, 0.2 ],
							"rotationOrigin": [ 7.0, 0.5, 0.0 ],
							"faces": {
								"north": { "texture": "#surface", "uv": [ 0.0, 0.0, 6.5, 1.5 ] },
								"south": { "texture": "#surface", "uv": [ 6.0, 3.0, 12.5, 4.5 ] },
								"west": { "texture": "#surface", "uv": [ 0.0, 0.0, 0.5, 1.5 ] },
								"up": { "texture": "#surface", "uv": [ 0.0, 0.0, 6.5, 0.5 ] }
							}
						}
					]
				},
				{
					"name": "BFence4",
					"from": [ 0.0, 0.0, -1.0 ],
					"to": [ 14.0, 2.0, 0.0 ],
					"rotationOrigin": [ 0.0, 0.0, -1.0 ],
					"faces": {
						"north": { "texture": "#surface", "uv": [ 14.0, 3.0, 16.0, 16.0 ], "rotation": 90, "autoUv": false },
						"south": { "texture": "#surface", "uv": [ 14.0, 3.0, 16.0, 16.0 ], "rotation": 270, "autoUv": false },
						"up": { "texture": "#surface", "uv": [ 15.0, 3.0, 16.0, 16.0 ], "rotation": 270, "autoUv": false },
						"down": { "texture": "#surface", "uv": [ 6.0, 3.0, 7.0, 16.0 ], "rotation": 90, "autoUv": false }
					}
				},
				{
					"name": "RFence4",
					"from": [ 14.0, 0.0, -1.0 ],
					"to": [ 15.0, 2.0, 7.0 ],
					"rotationOrigin": [ 14.0, 0.0, -1.0 ],
					"faces": {
						"north": { "texture": "#surface", "uv": [ 1.0, 15.0, 3.0, 16.0 ], "rotation": 90 },
						"east": { "texture": "#surface", "uv": [ 14.0, 3.0, 16.0, 11.0 ], "rotation": 270 },
						"south": { "texture": "#surface", "uv": [ 1.0, 3.0, 3.0, 4.0 ], "rotation": 90 },
						"west": { "texture": "#surface", "uv": [ 1.0, 3.0, 3.0, 11.0 ], "rotation": 90 },
						"up": { "texture": "#surface", "uv": [ 0.0, 3.0, 1.0, 11.0 ], "rotation": 180 },
						"down": { "texture": "#surface", "uv": [ 3.0, 3.0, 4.0, 11.0 ], "rotation": 180 }
					}
				},
				{
					"name": "LBeam4",
					"from": [ 0.0, 2.0, -1.0 ],
					"to": [ 2.0, 4.0, 0.0 ],
					"rotationOrigin": [ 0.0, 2.0, -1.0 ],
					"faces": {
						"north": { "texture": "#wood", "uv": [ 5.0, 13.0, 7.0, 15.0 ] },
						"east": { "texture": "#wood", "uv": [ 1.0, 8.0, 2.0, 10.0 ] },
						"south": { "texture": "#wood", "uv": [ 10.0, 13.0, 12.0, 15.0 ] },
						"west": { "texture": "#wood", "uv": [ 4.0, 10.0, 5.0, 12.0 ] }
					}
				},
				{
					"name": "RBeam4",
					"from": [ 12.0, 2.0, -1.0 ],
					"to": [ 14.0, 4.0, 0.0 ],
					"rotationOrigin": [ 12.0, 2.0, -1.0 ],
					"faces": {
						"north": { "texture": "#wood", "uv": [ 5.0, 13.0, 7.0, 15.0 ] },
						"east": { "texture": "#wood", "uv": [ 1.0, 8.0, 2.0, 10.0 ] },
						"south": { "texture": "#wood", "uv": [ 10.0, 13.0, 12.0, 15.0 ] },
						"west": { "texture": "#wood", "uv": [ 4.0, 10.0, 5.0, 12.0 ] }
					}
				},
				{
					"name": "LFence4",
					"from": [ -1.0, 0.0, -1.0 ],
					"to": [ 0.0, 2.0, 7.0 ],
					"rotationOrigin": [ -1.0, 0.0, -1.0 ],
					"faces": {
						"north": { "texture": "#surface", "uv": [ 1.0, 3.0, 3.0, 4.0 ], "rotation": 90 },
						"east": { "texture": "#surface", "uv": [ 0.0, 3.0, 2.0, 11.0 ], "rotation": 270 },
						"south": { "texture": "#surface", "uv": [ 1.0, 15.0, 3.0, 16.0 ], "rotation": 90 },
						"west": { "texture": "#surface", "uv": [ 12.0, 3.0, 14.0, 11.0 ], "rotation": 90 },
						"up": { "texture": "#surface", "uv": [ 15.0, 3.0, 16.0, 11.0 ], "rotation": 180 },
						"down": { "texture": "#surface", "uv": [ 3.0, 3.0, 4.0, 11.0 ], "rotation": 180 }
					}
				},
				{
					"name": "RL26",
					"from": [ 0.0, 0.5, 2.0 ],
					"to": [ 6.75, 2.0, 2.2 ],
					"rotationOrigin": [ 0.0, 1.0, 2.5 ],
					"rotationX": -11.25,
					"faces": {
						"north": { "texture": "#surface", "uv": [ 0.0, 0.0, 6.5, 1.5 ] },
						"east": { "texture": "#surface", "uv": [ 0.0, 0.0, 0.5, 1.5 ] },
						"south": { "texture": "#surface", "uv": [ 6.0, 3.0, 12.5, 4.5 ] },
						"up": { "texture": "#surface", "uv": [ 0.0, 0.0, 6.5, 0.5 ] }
					},
					"children": [
						{
							"name": "RR26",
							"from": [ 7.25, 0.0, 0.0 ],
							"to": [ 14.0, 1.5, 0.2 ],
							"rotationOrigin": [ 7.0, 0.5, 0.0 ],
							"faces": {
								"north": { "texture": "#surface", "uv": [ 0.0, 0.0, 6.5, 1.5 ] },
								"south": { "texture": "#surface", "uv": [ 6.0, 3.0, 12.5, 4.5 ] },
								"west": { "texture": "#surface", "uv": [ 0.0, 0.0, 0.5, 1.5 ] },
								"up": { "texture": "#surface", "uv": [ 0.0, 0.0, 6.5, 0.5 ] }
							}
						}
					]
				},
				{
					"name": "RL27",
					"from": [ 0.0, 0.5, 3.5 ],
					"to": [ 6.75, 2.0, 3.7 ],
					"rotationOrigin": [ 0.0, 1.0, 4.0 ],
					"rotationX": -11.25,
					"faces": {
						"north": { "texture": "#surface", "uv": [ 0.0, 0.0, 6.5, 1.5 ] },
						"east": { "texture": "#surface", "uv": [ 0.0, 0.0, 0.5, 1.5 ] },
						"south": { "texture": "#surface", "uv": [ 6.0, 3.0, 12.5, 4.5 ] },
						"up": { "texture": "#surface", "uv": [ 0.0, 0.0, 6.5, 0.5 ] }
					},
					"children": [
						{
							"name": "RR27",
							"from": [ 7.25, 0.0, 0.0 ],
							"to": [ 14.0, 1.5, 0.2 ],
							"rotationOrigin": [ 7.0, 0.5, 0.0 ],
							"faces": {
								"north": { "texture": "#surface", "uv": [ 0.0, 0.0, 6.5, 1.5 ] },
								"south": { "texture": "#surface", "uv": [ 6.0, 3.0, 12.5, 4.5 ] },
								"west": { "texture": "#surface", "uv": [ 0.0, 0.0, 0.5, 1.5 ] },
								"up": { "texture": "#surface", "uv": [ 0.0, 0.0, 6.5, 0.5 ] }
							}
						}
					]
				},
				{
					"name": "RL28",
					"from": [ 0.0, 0.5, 5.0 ],
					"to": [ 6.75, 2.0, 5.2 ],
					"rotationOrigin": [ 0.0, 1.0, 5.5 ],
					"rotationX": -11.25,
					"faces": {
						"north": { "texture": "#surface", "uv": [ 0.0, 0.0, 6.5, 1.5 ] },
						"east": { "texture": "#surface", "uv": [ 0.0, 0.0, 0.5, 1.5 ] },
						"south": { "texture": "#surface", "uv": [ 6.0, 3.0, 12.5, 4.5 ] },
						"up": { "texture": "#surface", "uv": [ 0.0, 0.0, 6.5, 0.5 ] }
					},
					"children": [
						{
							"name": "RR28",
							"from": [ 7.25, 0.0, 0.0 ],
							"to": [ 14.0, 1.5, 0.2 ],
							"rotationOrigin": [ 7.0, 0.5, 0.0 ],
							"faces": {
								"north": { "texture": "#surface", "uv": [ 0.0, 0.0, 6.5, 1.5 ] },
								"south": { "texture": "#surface", "uv": [ 6.0, 3.0, 12.5, 4.5 ] },
								"west": { "texture": "#surface", "uv": [ 0.0, 0.0, 0.5, 1.5 ] },
								"up": { "texture": "#surface", "uv": [ 0.0, 0.0, 6.5, 0.5 ] }
							}
						}
					]
				}
			]
		},
		{
			"name": "MBShelf",
			"from": [ 1.0, 4.0, 1.0 ],
			"to": [ 15.0, 5.0, 8.0 ],
			"rotationOrigin": [ 1.0, 4.0, 1.0 ],
			"faces": {
				"south": { "texture": "#surface", "uv": [ 0.0, 3.0, 14.0, 4.0 ] },
				"up": { "texture": "#surface", "uv": [ 0.0, 9.0, 16.0, 16.0 ], "autoUv": false },
				"down": { "texture": "#surface", "uv": [ 0.0, 9.0, 16.0, 16.0 ], "autoUv": false }
			},
			"children": [
				{
					"name": "RL29",
					"from": [ 0.0, 0.5, 0.5 ],
					"to": [ 6.75, 2.0, 0.7 ],
					"rotationOrigin": [ 0.0, 1.0, 1.0 ],
					"rotationX": -11.25,
					"faces": {
						"north": { "texture": "#surface", "uv": [ 0.0, 0.0, 6.5, 1.5 ] },
						"east": { "texture": "#surface", "uv": [ 0.0, 0.0, 0.5, 1.5 ] },
						"south": { "texture": "#surface", "uv": [ 6.0, 3.0, 12.5, 4.5 ] },
						"up": { "texture": "#surface", "uv": [ 0.0, 0.0, 6.5, 0.5 ] }
					},
					"children": [
						{
							"name": "RR29",
							"from": [ 7.25, 0.0, 0.0 ],
							"to": [ 14.0, 1.5, 0.2 ],
							"rotationOrigin": [ 7.0, 0.5, 0.0 ],
							"faces": {
								"north": { "texture": "#surface", "uv": [ 0.0, 0.0, 6.5, 1.5 ] },
								"south": { "texture": "#surface", "uv": [ 6.0, 3.0, 12.5, 4.5 ] },
								"west": { "texture": "#surface", "uv": [ 0.0, 0.0, 0.5, 1.5 ] },
								"up": { "texture": "#surface", "uv": [ 0.0, 0.0, 6.5, 0.5 ] }
							}
						}
					]
				},
				{
					"name": "BFence5",
					"from": [ 0.0, 0.0, -1.0 ],
					"to": [ 14.0, 2.0, 0.0 ],
					"rotationOrigin": [ 0.0, 0.0, -1.0 ],
					"faces": {
						"north": { "texture": "#surface", "uv": [ 14.0, 3.0, 16.0, 16.0 ], "rotation": 90, "autoUv": false },
						"south": { "texture": "#surface", "uv": [ 14.0, 3.0, 16.0, 16.0 ], "rotation": 270, "autoUv": false },
						"up": { "texture": "#surface", "uv": [ 15.0, 3.0, 16.0, 16.0 ], "rotation": 270, "autoUv": false },
						"down": { "texture": "#surface", "uv": [ 6.0, 3.0, 7.0, 16.0 ], "rotation": 90, "autoUv": false }
					}
				},
				{
					"name": "RFence5",
					"from": [ 14.0, 0.0, -1.0 ],
					"to": [ 15.0, 2.0, 7.0 ],
					"rotationOrigin": [ 14.0, 0.0, -1.0 ],
					"faces": {
						"north": { "texture": "#surface", "uv": [ 1.0, 15.0, 3.0, 16.0 ], "rotation": 90 },
						"east": { "texture": "#surface", "uv": [ 14.0, 3.0, 16.0, 11.0 ], "rotation": 270 },
						"south": { "texture": "#surface", "uv": [ 1.0, 3.0, 3.0, 4.0 ], "rotation": 90 },
						"west": { "texture": "#surface", "uv": [ 1.0, 3.0, 3.0, 11.0 ], "rotation": 90 },
						"up": { "texture": "#surface", "uv": [ 0.0, 3.0, 1.0, 11.0 ], "rotation": 180 },
						"down": { "texture": "#surface", "uv": [ 3.0, 3.0, 4.0, 11.0 ], "rotation": 180 }
					}
				},
				{
					"name": "LBeam5",
					"from": [ 0.0, 2.0, -1.0 ],
					"to": [ 2.0, 4.0, 0.0 ],
					"rotationOrigin": [ 0.0, 2.0, -1.0 ],
					"faces": {
						"north": { "texture": "#wood", "uv": [ 5.0, 13.0, 7.0, 15.0 ] },
						"east": { "texture": "#wood", "uv": [ 1.0, 8.0, 2.0, 10.0 ] },
						"south": { "texture": "#wood", "uv": [ 10.0, 13.0, 12.0, 15.0 ] },
						"west": { "texture": "#wood", "uv": [ 4.0, 10.0, 5.0, 12.0 ] }
					}
				},
				{
					"name": "RBeam5",
					"from": [ 12.0, 2.0, -1.0 ],
					"to": [ 14.0, 4.0, 0.0 ],
					"rotationOrigin": [ 12.0, 2.0, -1.0 ],
					"faces": {
						"north": { "texture": "#wood", "uv": [ 5.0, 13.0, 7.0, 15.0 ] },
						"east": { "texture": "#wood", "uv": [ 1.0, 8.0, 2.0, 10.0 ] },
						"south": { "texture": "#wood", "uv": [ 10.0, 13.0, 12.0, 15.0 ] },
						"west": { "texture": "#wood", "uv": [ 4.0, 10.0, 5.0, 12.0 ] }
					}
				},
				{
					"name": "LFence5",
					"from": [ -1.0, 0.0, -1.0 ],
					"to": [ 0.0, 2.0, 7.0 ],
					"rotationOrigin": [ -1.0, 0.0, -1.0 ],
					"faces": {
						"north": { "texture": "#surface", "uv": [ 1.0, 3.0, 3.0, 4.0 ], "rotation": 90 },
						"east": { "texture": "#surface", "uv": [ 0.0, 3.0, 2.0, 11.0 ], "rotation": 270 },
						"south": { "texture": "#surface", "uv": [ 1.0, 15.0, 3.0, 16.0 ], "rotation": 90 },
						"west": { "texture": "#surface", "uv": [ 12.0, 3.0, 14.0, 11.0 ], "rotation": 90 },
						"up": { "texture": "#surface", "uv": [ 15.0, 3.0, 16.0, 11.0 ], "rotation": 180 },
						"down": { "texture": "#surface", "uv": [ 3.0, 3.0, 4.0, 11.0 ], "rotation": 180 }
					}
				},
				{
					"name": "RL30",
					"from": [ 0.0, 0.5, 2.0 ],
					"to": [ 6.75, 2.0, 2.2 ],
					"rotationOrigin": [ 0.0, 1.0, 2.5 ],
					"rotationX": -11.25,
					"faces": {
						"north": { "texture": "#surface", "uv": [ 0.0, 0.0, 6.5, 1.5 ] },
						"east": { "texture": "#surface", "uv": [ 0.0, 0.0, 0.5, 1.5 ] },
						"south": { "texture": "#surface", "uv": [ 6.0, 3.0, 12.5, 4.5 ] },
						"up": { "texture": "#surface", "uv": [ 0.0, 0.0, 6.5, 0.5 ] }
					},
					"children": [
						{
							"name": "RR30",
							"from": [ 7.25, 0.0, 0.0 ],
							"to": [ 14.0, 1.5, 0.2 ],
							"rotationOrigin": [ 7.0, 0.5, 0.0 ],
							"faces": {
								"north": { "texture": "#surface", "uv": [ 0.0, 0.0, 6.5, 1.5 ] },
								"south": { "texture": "#surface", "uv": [ 6.0, 3.0, 12.5, 4.5 ] },
								"west": { "texture": "#surface", "uv": [ 0.0, 0.0, 0.5, 1.5 ] },
								"up": { "texture": "#surface", "uv": [ 0.0, 0.0, 6.5, 0.5 ] }
							}
						}
					]
				},
				{
					"name": "RL31",
					"from": [ 0.0, 0.5, 3.5 ],
					"to": [ 6.75, 2.0, 3.7 ],
					"rotationOrigin": [ 0.0, 1.0, 4.0 ],
					"rotationX": -11.25,
					"faces": {
						"north": { "texture": "#surface", "uv": [ 0.0, 0.0, 6.5, 1.5 ] },
						"east": { "texture": "#surface", "uv": [ 0.0, 0.0, 0.5, 1.5 ] },
						"south": { "texture": "#surface", "uv": [ 6.0, 3.0, 12.5, 4.5 ] },
						"up": { "texture": "#surface", "uv": [ 0.0, 0.0, 6.5, 0.5 ] }
					},
					"children": [
						{
							"name": "RR31",
							"from": [ 7.25, 0.0, 0.0 ],
							"to": [ 14.0, 1.5, 0.2 ],
							"rotationOrigin": [ 7.0, 0.5, 0.0 ],
							"faces": {
								"north": { "texture": "#surface", "uv": [ 0.0, 0.0, 6.5, 1.5 ] },
								"south": { "texture": "#surface", "uv": [ 6.0, 3.0, 12.5, 4.5 ] },
								"west": { "texture": "#surface", "uv": [ 0.0, 0.0, 0.5, 1.5 ] },
								"up": { "texture": "#surface", "uv": [ 0.0, 0.0, 6.5, 0.5 ] }
							}
						}
					]
				},
				{
					"name": "RL32",
					"from": [ 0.0, 0.5, 5.0 ],
					"to": [ 6.75, 2.0, 5.2 ],
					"rotationOrigin": [ 0.0, 1.0, 5.5 ],
					"rotationX": -11.25,
					"faces": {
						"north": { "texture": "#surface", "uv": [ 0.0, 0.0, 6.5, 1.5 ] },
						"east": { "texture": "#surface", "uv": [ 0.0, 0.0, 0.5, 1.5 ] },
						"south": { "texture": "#surface", "uv": [ 6.0, 3.0, 12.5, 4.5 ] },
						"up": { "texture": "#surface", "uv": [ 0.0, 0.0, 6.5, 0.5 ] }
					},
					"children": [
						{
							"name": "RR32",
							"from": [ 7.25, 0.0, 0.0 ],
							"to": [ 14.0, 1.5, 0.2 ],
							"rotationOrigin": [ 7.0, 0.5, 0.0 ],
							"faces": {
								"north": { "texture": "#surface", "uv": [ 0.0, 0.0, 6.5, 1.5 ] },
								"south": { "texture": "#surface", "uv": [ 6.0, 3.0, 12.5, 4.5 ] },
								"west": { "texture": "#surface", "uv": [ 0.0, 0.0, 0.5, 1.5 ] },
								"up": { "texture": "#surface", "uv": [ 0.0, 0.0, 6.5, 0.5 ] }
							}
						}
					]
				}
			]
		},
		{
			"name": "MUShelf",
			"from": [ 1.0, 8.0, 1.0 ],
			"to": [ 15.0, 9.0, 8.0 ],
			"rotationOrigin": [ 1.0, 8.0, 1.0 ],
			"faces": {
				"south": { "texture": "#surface", "uv": [ 0.0, 3.0, 14.0, 4.0 ] },
				"up": { "texture": "#surface", "uv": [ 0.0, 9.0, 16.0, 16.0 ], "autoUv": false },
				"down": { "texture": "#surface", "uv": [ 0.0, 9.0, 16.0, 16.0 ], "autoUv": false }
			},
			"children": [
				{
					"name": "RL33",
					"from": [ 0.0, 0.5, 0.5 ],
					"to": [ 6.75, 2.0, 0.7 ],
					"rotationOrigin": [ 0.0, 1.0, 1.0 ],
					"rotationX": -11.25,
					"faces": {
						"north": { "texture": "#surface", "uv": [ 0.0, 0.0, 6.5, 1.5 ] },
						"east": { "texture": "#surface", "uv": [ 0.0, 0.0, 0.5, 1.5 ] },
						"south": { "texture": "#surface", "uv": [ 6.0, 3.0, 12.5, 4.5 ] },
						"up": { "texture": "#surface", "uv": [ 0.0, 0.0, 6.5, 0.5 ] }
					},
					"children": [
						{
							"name": "RR33",
							"from": [ 7.25, 0.0, 0.0 ],
							"to": [ 14.0, 1.5, 0.2 ],
							"rotationOrigin": [ 7.0, 0.5, 0.0 ],
							"faces": {
								"north": { "texture": "#surface", "uv": [ 0.0, 0.0, 6.5, 1.5 ] },
								"south": { "texture": "#surface", "uv": [ 6.0, 3.0, 12.5, 4.5 ] },
								"west": { "texture": "#surface", "uv": [ 0.0, 0.0, 0.5, 1.5 ] },
								"up": { "texture": "#surface", "uv": [ 0.0, 0.0, 6.5, 0.5 ] }
							}
						}
					]
				},
				{
					"name": "BFence6",
					"from": [ 0.0, 0.0, -1.0 ],
					"to": [ 14.0, 2.0, 0.0 ],
					"rotationOrigin": [ 0.0, 0.0, -1.0 ],
					"faces": {
						"north": { "texture": "#surface", "uv": [ 14.0, 3.0, 16.0, 16.0 ], "rotation": 90, "autoUv": false },
						"south": { "texture": "#surface", "uv": [ 14.0, 3.0, 16.0, 16.0 ], "rotation": 270, "autoUv": false },
						"up": { "texture": "#surface", "uv": [ 15.0, 3.0, 16.0, 16.0 ], "rotation": 270, "autoUv": false },
						"down": { "texture": "#surface", "uv": [ 6.0, 3.0, 7.0, 16.0 ], "rotation": 90, "autoUv": false }
					}
				},
				{
					"name": "RFence6",
					"from": [ 14.0, 0.0, -1.0 ],
					"to": [ 15.0, 2.0, 7.0 ],
					"rotationOrigin": [ 14.0, 0.0, -1.0 ],
					"faces": {
						"north": { "texture": "#surface", "uv": [ 1.0, 15.0, 3.0, 16.0 ], "rotation": 90 },
						"east": { "texture": "#surface", "uv": [ 14.0, 3.0, 16.0, 11.0 ], "rotation": 270 },
						"south": { "texture": "#surface", "uv": [ 1.0, 3.0, 3.0, 4.0 ], "rotation": 90 },
						"west": { "texture": "#surface", "uv": [ 1.0, 3.0, 3.0, 11.0 ], "rotation": 90 },
						"up": { "texture": "#surface", "uv": [ 0.0, 3.0, 1.0, 11.0 ], "rotation": 180 },
						"down": { "texture": "#surface", "uv": [ 3.0, 3.0, 4.0, 11.0 ], "rotation": 180 }
					}
				},
				{
					"name": "LBeam6",
					"from": [ 0.0, 2.0, -1.0 ],
					"to": [ 2.0, 4.0, 0.0 ],
					"rotationOrigin": [ 0.0, 2.0, -1.0 ],
					"faces": {
						"north": { "texture": "#wood", "uv": [ 5.0, 13.0, 7.0, 15.0 ] },
						"east": { "texture": "#wood", "uv": [ 1.0, 8.0, 2.0, 10.0 ] },
						"south": { "texture": "#wood", "uv": [ 10.0, 13.0, 12.0, 15.0 ] },
						"west": { "texture": "#wood", "uv": [ 4.0, 10.0, 5.0, 12.0 ] }
					}
				},
				{
					"name": "RBeam6",
					"from": [ 12.0, 2.0, -1.0 ],
					"to": [ 14.0, 4.0, 0.0 ],
					"rotationOrigin": [ 12.0, 2.0, -1.0 ],
					"faces": {
						"north": { "texture": "#wood", "uv": [ 5.0, 13.0, 7.0, 15.0 ] },
						"east": { "texture": "#wood", "uv": [ 1.0, 8.0, 2.0, 10.0 ] },
						"south": { "texture": "#wood", "uv": [ 10.0, 13.0, 12.0, 15.0 ] },
						"west": { "texture": "#wood", "uv": [ 4.0, 10.0, 5.0, 12.0 ] }
					}
				},
				{
					"name": "LFence6",
					"from": [ -1.0, 0.0, -1.0 ],
					"to": [ 0.0, 2.0, 7.0 ],
					"rotationOrigin": [ -1.0, 0.0, -1.0 ],
					"faces": {
						"north": { "texture": "#surface", "uv": [ 1.0, 3.0, 3.0, 4.0 ], "rotation": 90 },
						"east": { "texture": "#surface", "uv": [ 0.0, 3.0, 2.0, 11.0 ], "rotation": 270 },
						"south": { "texture": "#surface", "uv": [ 1.0, 15.0, 3.0, 16.0 ], "rotation": 90 },
						"west": { "texture": "#surface", "uv": [ 12.0, 3.0, 14.0, 11.0 ], "rotation": 90 },
						"up": { "texture": "#surface", "uv": [ 15.0, 3.0, 16.0, 11.0 ], "rotation": 180 },
						"down": { "texture": "#surface", "uv": [ 3.0, 3.0, 4.0, 11.0 ], "rotation": 180 }
					}
				},
				{
					"name": "RL34",
					"from": [ 0.0, 0.5, 2.0 ],
					"to": [ 6.75, 2.0, 2.2 ],
					"rotationOrigin": [ 0.0, 1.0, 2.5 ],
					"rotationX": -11.25,
					"faces": {
						"north": { "texture": "#surface", "uv": [ 0.0, 0.0, 6.5, 1.5 ] },
						"east": { "texture": "#surface", "uv": [ 0.0, 0.0, 0.5, 1.5 ] },
						"south": { "texture": "#surface", "uv": [ 6.0, 3.0, 12.5, 4.5 ] },
						"up": { "texture": "#surface", "uv": [ 0.0, 0.0, 6.5, 0.5 ] }
					},
					"children": [
						{
							"name": "RR34",
							"from": [ 7.25, 0.0, 0.0 ],
							"to": [ 14.0, 1.5, 0.2 ],
							"rotationOrigin": [ 7.0, 0.5, 0.0 ],
							"faces": {
								"north": { "texture": "#surface", "uv": [ 0.0, 0.0, 6.5, 1.5 ] },
								"south": { "texture": "#surface", "uv": [ 6.0, 3.0, 12.5, 4.5 ] },
								"west": { "texture": "#surface", "uv": [ 0.0, 0.0, 0.5, 1.5 ] },
								"up": { "texture": "#surface", "uv": [ 0.0, 0.0, 6.5, 0.5 ] }
							}
						}
					]
				},
				{
					"name": "RL35",
					"from": [ 0.0, 0.5, 3.5 ],
					"to": [ 6.75, 2.0, 3.7 ],
					"rotationOrigin": [ 0.0, 1.0, 4.0 ],
					"rotationX": -11.25,
					"faces": {
						"north": { "texture": "#surface", "uv": [ 0.0, 0.0, 6.5, 1.5 ] },
						"east": { "texture": "#surface", "uv": [ 0.0, 0.0, 0.5, 1.5 ] },
						"south": { "texture": "#surface", "uv": [ 6.0, 3.0, 12.5, 4.5 ] },
						"up": { "texture": "#surface", "uv": [ 0.0, 0.0, 6.5, 0.5 ] }
					},
					"children": [
						{
							"name": "RR35",
							"from": [ 7.25, 0.0, 0.0 ],
							"to": [ 14.0, 1.5, 0.2 ],
							"rotationOrigin": [ 7.0, 0.5, 0.0 ],
							"faces": {
								"north": { "texture": "#surface", "uv": [ 0.0, 0.0, 6.5, 1.5 ] },
								"south": { "texture": "#surface", "uv": [ 6.0, 3.0, 12.5, 4.5 ] },
								"west": { "texture": "#surface", "uv": [ 0.0, 0.0, 0.5, 1.5 ] },
								"up": { "texture": "#surface", "uv": [ 0.0, 0.0, 6.5, 0.5 ] }
							}
						}
					]
				},
				{
					"name": "RL36",
					"from": [ 0.0, 0.5, 5.0 ],
					"to": [ 6.75, 2.0, 5.2 ],
					"rotationOrigin": [ 0.0, 1.0, 5.5 ],
					"rotationX": -11.25,
					"faces": {
						"north": { "texture": "#surface", "uv": [ 0.0, 0.0, 6.5, 1.5 ] },
						"east": { "texture": "#surface", "uv": [ 0.0, 0.0, 0.5, 1.5 ] },
						"south": { "texture": "#surface", "uv": [ 6.0, 3.0, 12.5, 4.5 ] },
						"up": { "texture": "#surface", "uv": [ 0.0, 0.0, 6.5, 0.5 ] }
					},
					"children": [
						{
							"name": "RR36",
							"from": [ 7.25, 0.0, 0.0 ],
							"to": [ 14.0, 1.5, 0.2 ],
							"rotationOrigin": [ 7.0, 0.5, 0.0 ],
							"faces": {
								"north": { "texture": "#surface", "uv": [ 0.0, 0.0, 6.5, 1.5 ] },
								"south": { "texture": "#surface", "uv": [ 6.0, 3.0, 12.5, 4.5 ] },
								"west": { "texture": "#surface", "uv": [ 0.0, 0.0, 0.5, 1.5 ] },
								"up": { "texture": "#surface", "uv": [ 0.0, 0.0, 6.5, 0.5 ] }
							}
						}
					]
				}
			]
		},
		{
			"name": "TShelf",
			"from": [ 1.0, 12.0, 1.0 ],
			"to": [ 15.0, 13.0, 8.0 ],
			"rotationOrigin": [ 1.0, 12.0, 1.0 ],
			"faces": {
				"south": { "texture": "#surface", "uv": [ 0.0, 3.0, 14.0, 4.0 ] },
				"up": { "texture": "#surface", "uv": [ 0.0, 9.0, 16.0, 16.0 ], "autoUv": false },
				"down": { "texture": "#surface", "uv": [ 0.0, 9.0, 16.0, 16.0 ], "autoUv": false }
			},
			"children": [
				{
					"name": "RL37",
					"from": [ 0.0, 0.5, 0.5 ],
					"to": [ 6.75, 2.0, 0.7 ],
					"rotationOrigin": [ 0.0, 1.0, 1.0 ],
					"rotationX": -11.25,
					"faces": {
						"north": { "texture": "#surface", "uv": [ 0.0, 0.0, 6.5, 1.5 ] },
						"east": { "texture": "#surface", "uv": [ 0.0, 0.0, 0.5, 1.5 ] },
						"south": { "texture": "#surface", "uv": [ 6.0, 3.0, 12.5, 4.5 ] },
						"up": { "texture": "#surface", "uv": [ 0.0, 0.0, 6.5, 0.5 ] }
					},
					"children": [
						{
							"name": "RR37",
							"from": [ 7.25, 0.0, 0.0 ],
							"to": [ 14.0, 1.5, 0.2 ],
							"rotationOrigin": [ 7.0, 0.5, 0.0 ],
							"faces": {
								"north": { "texture": "#surface", "uv": [ 0.0, 0.0, 6.5, 1.5 ] },
								"south": { "texture": "#surface", "uv": [ 6.0, 3.0, 12.5, 4.5 ] },
								"west": { "texture": "#surface", "uv": [ 0.0, 0.0, 0.5, 1.5 ] },
								"up": { "texture": "#surface", "uv": [ 0.0, 0.0, 6.5, 0.5 ] }
							}
						}
					]
				},
				{
					"name": "BFence7",
					"from": [ 0.0, 0.0, -1.0 ],
					"to": [ 14.0, 2.0, 0.0 ],
					"rotationOrigin": [ 0.0, 0.0, -1.0 ],
					"faces": {
						"north": { "texture": "#surface", "uv": [ 14.0, 3.0, 16.0, 16.0 ], "rotation": 90, "autoUv": false },
						"south": { "texture": "#surface", "uv": [ 14.0, 3.0, 16.0, 16.0 ], "rotation": 270, "autoUv": false },
						"up": { "texture": "#surface", "uv": [ 15.0, 3.0, 16.0, 16.0 ], "rotation": 270, "autoUv": false },
						"down": { "texture": "#surface", "uv": [ 6.0, 3.0, 7.0, 16.0 ], "rotation": 90, "autoUv": false }
					}
				},
				{
					"name": "RFence7",
					"from": [ 14.0, 0.0, -1.0 ],
					"to": [ 15.0, 2.0, 7.0 ],
					"rotationOrigin": [ 14.0, 0.0, -1.0 ],
					"faces": {
						"north": { "texture": "#surface", "uv": [ 1.0, 15.0, 3.0, 16.0 ], "rotation": 90 },
						"east": { "texture": "#surface", "uv": [ 14.0, 3.0, 16.0, 11.0 ], "rotation": 270 },
						"south": { "texture": "#surface", "uv": [ 1.0, 3.0, 3.0, 4.0 ], "rotation": 90 },
						"west": { "texture": "#surface", "uv": [ 1.0, 3.0, 3.0, 11.0 ], "rotation": 90 },
						"up": { "texture": "#surface", "uv": [ 0.0, 3.0, 1.0, 11.0 ], "rotation": 180 },
						"down": { "texture": "#surface", "uv": [ 3.0, 3.0, 4.0, 11.0 ], "rotation": 180 }
					}
				},
				{
					"name": "LBeam7",
					"from": [ 0.0, 2.0, -1.0 ],
					"to": [ 2.0, 4.0, 0.0 ],
					"rotationOrigin": [ 0.0, 2.0, -1.0 ],
					"faces": {
						"north": { "texture": "#wood", "uv": [ 5.0, 13.0, 7.0, 15.0 ] },
						"east": { "texture": "#wood", "uv": [ 1.0, 8.0, 2.0, 10.0 ] },
						"south": { "texture": "#wood", "uv": [ 10.0, 13.0, 12.0, 15.0 ] },
						"west": { "texture": "#wood", "uv": [ 4.0, 10.0, 5.0, 12.0 ] },
						"up": { "texture": "#wood", "uv": [ 4.0, 9.5, 6.0, 10.5 ], "windMode": [-1,-1,-1,-1], "windData": [1,1,1,1] }
					}
				},
				{
					"name": "RBeam7",
					"from": [ 12.0, 2.0, -1.0 ],
					"to": [ 14.0, 4.0, 0.0 ],
					"rotationOrigin": [ 12.0, 2.0, -1.0 ],
					"faces": {
						"north": { "texture": "#wood", "uv": [ 5.0, 13.0, 7.0, 15.0 ] },
						"east": { "texture": "#wood", "uv": [ 1.0, 8.0, 2.0, 10.0 ] },
						"south": { "texture": "#wood", "uv": [ 10.0, 13.0, 12.0, 15.0 ] },
						"west": { "texture": "#wood", "uv": [ 4.0, 10.0, 5.0, 12.0 ] },
						"up": { "texture": "#wood", "uv": [ 3.5, 9.0, 5.5, 10.0 ], "windMode": [-1,-1,-1,-1], "windData": [1,1,1,1] }
					}
				},
				{
					"name": "LFence7",
					"from": [ -1.0, 0.0, -1.0 ],
					"to": [ 0.0, 2.0, 7.0 ],
					"rotationOrigin": [ -1.0, 0.0, -1.0 ],
					"faces": {
						"north": { "texture": "#surface", "uv": [ 1.0, 3.0, 3.0, 4.0 ], "rotation": 90 },
						"east": { "texture": "#surface", "uv": [ 0.0, 3.0, 2.0, 11.0 ], "rotation": 270 },
						"south": { "texture": "#surface", "uv": [ 1.0, 15.0, 3.0, 16.0 ], "rotation": 90 },
						"west": { "texture": "#surface", "uv": [ 12.0, 3.0, 14.0, 11.0 ], "rotation": 90 },
						"up": { "texture": "#surface", "uv": [ 15.0, 3.0, 16.0, 11.0 ], "rotation": 180 },
						"down": { "texture": "#surface", "uv": [ 3.0, 3.0, 4.0, 11.0 ], "rotation": 180 }
					}
				},
				{
					"name": "RL38",
					"from": [ 0.0, 0.5, 2.0 ],
					"to": [ 6.75, 2.0, 2.2 ],
					"rotationOrigin": [ 0.0, 1.0, 2.5 ],
					"rotationX": -11.25,
					"faces": {
						"north": { "texture": "#surface", "uv": [ 0.0, 0.0, 6.5, 1.5 ] },
						"east": { "texture": "#surface", "uv": [ 0.0, 0.0, 0.5, 1.5 ] },
						"south": { "texture": "#surface", "uv": [ 6.0, 3.0, 12.5, 4.5 ] },
						"up": { "texture": "#surface", "uv": [ 0.0, 0.0, 6.5, 0.5 ] }
					},
					"children": [
						{
							"name": "RR38",
							"from": [ 7.25, 0.0, 0.0 ],
							"to": [ 14.0, 1.5, 0.2 ],
							"rotationOrigin": [ 7.0, 0.5, 0.0 ],
							"faces": {
								"north": { "texture": "#surface", "uv": [ 0.0, 0.0, 6.5, 1.5 ] },
								"south": { "texture": "#surface", "uv": [ 6.0, 3.0, 12.5, 4.5 ] },
								"west": { "texture": "#surface", "uv": [ 0.0, 0.0, 0.5, 1.5 ] },
								"up": { "texture": "#surface", "uv": [ 0.0, 0.0, 6.5, 0.5 ] }
							}
						}
					]
				},
				{
					"name": "RL39",
					"from": [ 0.0, 0.5, 3.5 ],
					"to": [ 6.75, 2.0, 3.7 ],
					"rotationOrigin": [ 0.0, 1.0, 4.0 ],
					"rotationX": -11.25,
					"faces": {
						"north": { "texture": "#surface", "uv": [ 0.0, 0.0, 6.5, 1.5 ] },
						"east": { "texture": "#surface", "uv": [ 0.0, 0.0, 0.5, 1.5 ] },
						"south": { "texture": "#surface", "uv": [ 6.0, 3.0, 12.5, 4.5 ] },
						"up": { "texture": "#surface", "uv": [ 0.0, 0.0, 6.5, 0.5 ] }
					},
					"children": [
						{
							"name": "RR39",
							"from": [ 7.25, 0.0, 0.0 ],
							"to": [ 14.0, 1.5, 0.2 ],
							"rotationOrigin": [ 7.0, 0.5, 0.0 ],
							"faces": {
								"north": { "texture": "#surface", "uv": [ 0.0, 0.0, 6.5, 1.5 ] },
								"south": { "texture": "#surface", "uv": [ 6.0, 3.0, 12.5, 4.5 ] },
								"west": { "texture": "#surface", "uv": [ 0.0, 0.0, 0.5, 1.5 ] },
								"up": { "texture": "#surface", "uv": [ 0.0, 0.0, 6.5, 0.5 ] }
							}
						}
					]
				},
				{
					"name": "RL40",
					"from": [ 0.0, 0.5, 5.0 ],
					"to": [ 6.75, 2.0, 5.2 ],
					"rotationOrigin": [ 0.0, 1.0, 5.5 ],
					"rotationX": -11.25,
					"faces": {
						"north": { "texture": "#surface", "uv": [ 0.0, 0.0, 6.5, 1.5 ] },
						"east": { "texture": "#surface", "uv": [ 0.0, 0.0, 0.5, 1.5 ] },
						"south": { "texture": "#surface", "uv": [ 6.0, 3.0, 12.5, 4.5 ] },
						"up": { "texture": "#surface", "uv": [ 0.0, 0.0, 6.5, 0.5 ] }
					},
					"children": [
						{
							"name": "RR40",
							"from": [ 7.25, 0.0, 0.0 ],
							"to": [ 14.0, 1.5, 0.2 ],
							"rotationOrigin": [ 7.0, 0.5, 0.0 ],
							"faces": {
								"north": { "texture": "#surface", "uv": [ 0.0, 0.0, 6.5, 1.5 ] },
								"south": { "texture": "#surface", "uv": [ 6.0, 3.0, 12.5, 4.5 ] },
								"west": { "texture": "#surface", "uv": [ 0.0, 0.0, 0.5, 1.5 ] },
								"up": { "texture": "#surface", "uv": [ 0.0, 0.0, 6.5, 0.5 ] }
							}
						}
					]
				}
			]
		}
	]}