[
  {
    "file": "foodshelves:recipes/grid/shelves/sushishelf.json",
    "op": "addmerge",
    "path": "/0",
    "value": {
      "ingredientPattern": "P_P,_S_",
      "ingredients": {
        "P": { "type": "item", "code": "game:plank-aged", "quantity": 2 },
        "S": { "type": "block", "code": "foodshelves:breadshelf-aged-east" }
      },
      "width": 3,
      "height": 2,
      "recipeGroup": 1,
      "output": { "type": "block", "code": "sushishelf-aged-east" }
    },
    "condition": { "when": "FoodShelves.ExpandedFoodsVariants", "isValue": "true" }
  },
  {
    "file": "foodshelves:recipes/grid/shelves/sushishelf.json",
    "op": "addmerge",
    "path": "/0",
    "value": {
      "ingredientPattern": "P_P,_S_",
      "ingredients": {
        "P": { "type": "item", "code": "game:plank-birch", "quantity": 2 },
        "S": { "type": "block", "code": "foodshelves:breadshelf-birch-east" }
      },
      "width": 3,
      "height": 2,
      "recipeGroup": 1,
      "output": { "type": "block", "code": "sushishelf-birch-east" }
    },
    "condition": { "when": "FoodShelves.ExpandedFoodsVariants", "isValue": "true" }
  },
  {
    "file": "foodshelves:recipes/grid/shelves/sushishelf.json",
    "op": "addmerge",
    "path": "/0",
    "value": {
      "ingredientPattern": "P_P,_S_",
      "ingredients": {
        "P": { "type": "item", "code": "game:plank-oak", "quantity": 2 },
        "S": { "type": "block", "code": "foodshelves:breadshelf-oak-east" }
      },
      "width": 3,
      "height": 2,
      "recipeGroup": 1,
      "output": { "type": "block", "code": "sushishelf-oak-east" }
    },
    "condition": { "when": "FoodShelves.ExpandedFoodsVariants", "isValue": "true" }
  },
  {
    "file": "foodshelves:recipes/grid/shelves/sushishelf.json",
    "op": "addmerge",
    "path": "/0",
    "value": {
      "ingredientPattern": "P_P,_S_",
      "ingredients": {
        "P": { "type": "item", "code": "game:plank-maple", "quantity": 2 },
        "S": { "type": "block", "code": "foodshelves:breadshelf-maple-east" }
      },
      "width": 3,
      "height": 2,
      "recipeGroup": 1,
      "output": { "type": "block", "code": "sushishelf-maple-east" }
    },
    "condition": { "when": "FoodShelves.ExpandedFoodsVariants", "isValue": "true" }
  },
  {
    "file": "foodshelves:recipes/grid/shelves/sushishelf.json",
    "op": "addmerge",
    "path": "/0",
    "value": {
      "ingredientPattern": "P_P,_S_",
      "ingredients": {
        "P": { "type": "item", "code": "game:plank-pine", "quantity": 2 },
        "S": { "type": "block", "code": "foodshelves:breadshelf-pine-east" }
      },
      "width": 3,
      "height": 2,
      "recipeGroup": 1,
      "output": { "type": "block", "code": "sushishelf-pine-east" }
    },
    "condition": { "when": "FoodShelves.ExpandedFoodsVariants", "isValue": "true" }
  },
  {
    "file": "foodshelves:recipes/grid/shelves/sushishelf.json",
    "op": "addmerge",
    "path": "/0",
    "value": {
      "ingredientPattern": "P_P,_S_",
      "ingredients": {
        "P": { "type": "item", "code": "game:plank-acacia", "quantity": 2 },
        "S": { "type": "block", "code": "foodshelves:breadshelf-acacia-east" }
      },
      "width": 3,
      "height": 2,
      "recipeGroup": 1,
      "output": { "type": "block", "code": "sushishelf-acacia-east" }
    },
    "condition": { "when": "FoodShelves.ExpandedFoodsVariants", "isValue": "true" }
  },
  {
    "file": "foodshelves:recipes/grid/shelves/sushishelf.json",
    "op": "addmerge",
    "path": "/0",
    "value": {
      "ingredientPattern": "P_P,_S_",
      "ingredients": {
        "P": { "type": "item", "code": "game:plank-kapok", "quantity": 2 },
        "S": { "type": "block", "code": "foodshelves:breadshelf-kapok-east" }
      },
      "width": 3,
      "height": 2,
      "recipeGroup": 1,
      "output": { "type": "block", "code": "sushishelf-kapok-east" }
    },
    "condition": { "when": "FoodShelves.ExpandedFoodsVariants", "isValue": "true" }
  },
  {
    "file": "foodshelves:recipes/grid/shelves/sushishelf.json",
    "op": "addmerge",
    "path": "/0",
    "value": {
      "ingredientPattern": "P_P,_S_",
      "ingredients": {
        "P": { "type": "item", "code": "game:plank-baldcypress", "quantity": 2 },
        "S": { "type": "block", "code": "foodshelves:breadshelf-baldcypress-east" }
      },
      "width": 3,
      "height": 2,
      "recipeGroup": 1,
      "output": { "type": "block", "code": "sushishelf-baldcypress-east" }
    },
    "condition": { "when": "FoodShelves.ExpandedFoodsVariants", "isValue": "true" }
  },
  {
    "file": "foodshelves:recipes/grid/shelves/sushishelf.json",
    "op": "addmerge",
    "path": "/0",
    "value": {
      "ingredientPattern": "P_P,_S_",
      "ingredients": {
        "P": { "type": "item", "code": "game:plank-larch", "quantity": 2 },
        "S": { "type": "block", "code": "foodshelves:breadshelf-larch-east" }
      },
      "width": 3,
      "height": 2,
      "recipeGroup": 1,
      "output": { "type": "block", "code": "sushishelf-larch-east" }
    },
    "condition": { "when": "FoodShelves.ExpandedFoodsVariants", "isValue": "true" }
  },
  {
    "file": "foodshelves:recipes/grid/shelves/sushishelf.json",
    "op": "addmerge",
    "path": "/0",
    "value": {
      "ingredientPattern": "P_P,_S_",
      "ingredients": {
        "P": { "type": "item", "code": "game:plank-redwood", "quantity": 2 },
        "S": { "type": "block", "code": "foodshelves:breadshelf-redwood-east" }
      },
      "width": 3,
      "height": 2,
      "recipeGroup": 1,
      "output": { "type": "block", "code": "sushishelf-redwood-east" }
    },
    "condition": { "when": "FoodShelves.ExpandedFoodsVariants", "isValue": "true" }
  },
  {
    "file": "foodshelves:recipes/grid/shelves/sushishelf.json",
    "op": "addmerge",
    "path": "/0",
    "value": {
      "ingredientPattern": "P_P,_S_",
      "ingredients": {
        "P": { "type": "item", "code": "game:plank-ebony", "quantity": 2 },
        "S": { "type": "block", "code": "foodshelves:breadshelf-ebony-east" }
      },
      "width": 3,
      "height": 2,
      "recipeGroup": 1,
      "output": { "type": "block", "code": "sushishelf-ebony-east" }
    },
    "condition": { "when": "FoodShelves.ExpandedFoodsVariants", "isValue": "true" }
  },
  {
    "file": "foodshelves:recipes/grid/shelves/sushishelf.json",
    "op": "addmerge",
    "path": "/0",
    "value": {
      "ingredientPattern": "P_P,_S_",
      "ingredients": {
        "P": { "type": "item", "code": "game:plank-walnut", "quantity": 2 },
        "S": { "type": "block", "code": "foodshelves:breadshelf-walnut-east" }
      },
      "width": 3,
      "height": 2,
      "recipeGroup": 1,
      "output": { "type": "block", "code": "sushishelf-walnut-east" }
    },
    "condition": { "when": "FoodShelves.ExpandedFoodsVariants", "isValue": "true" }
  },
  {
    "file": "foodshelves:recipes/grid/shelves/sushishelf.json",
    "op": "addmerge",
    "path": "/0",
    "value": {
      "ingredientPattern": "P_P,_S_",
      "ingredients": {
        "P": { "type": "item", "code": "game:plank-purpleheart", "quantity": 2 },
        "S": { "type": "block", "code": "foodshelves:breadshelf-purpleheart-east" }
      },
      "width": 3,
      "height": 2,
      "recipeGroup": 1,
      "output": { "type": "block", "code": "sushishelf-purpleheart-east" }
    },
    "condition": { "when": "FoodShelves.ExpandedFoodsVariants", "isValue": "true" }
  },
  {
    "file": "foodshelves:recipes/grid/shelves/sushishelf.json",
    "op": "addmerge",
    "path": "/0",
    "value": {
      "ingredientPattern": "__,_S",
      "ingredients": {
        "S": { "type": "block", "code": "foodshelves:sushishelf-*-east", "name": "type", "allowedVariants": [ "aged", "birch", "oak", "maple", "pine", "acacia", "kapok", "baldcypress", "larch", "redwood", "ebony", "walnut", "purpleheart" ] }
      },
      "width": 2,
      "height": 2,
      "recipeGroup": 2,
      "output": { "type": "block", "code": "sushishelf-short{type}-east", "quantity": 2 }
    },
    "condition": { "when": "FoodShelves.ExpandedFoodsVariants", "isValue": "true" }
  },
  {
    "file": "foodshelves:recipes/grid/shelves/sushishelf.json",
    "op": "addmerge",
    "path": "/0",
    "value": {
      "ingredientPattern": "__,_S",
      "ingredients": {
        "S": { "type": "block", "code": "foodshelves:sushishelf-short-east", "quantity": 2 }
      },
      "width": 2,
      "height": 2,
      "recipeGroup": 2,
      "output": { "type": "block", "code": "sushishelf-normal-east" }
    },
    "condition": { "when": "FoodShelves.ExpandedFoodsVariants", "isValue": "true" }
  },
  {
    "file": "foodshelves:recipes/grid/shelves/sushishelf.json",
    "op": "addmerge",
    "path": "/0",
    "value": {
      "ingredientPattern": "__,_S",
      "ingredients": {
        "S": { "type": "block", "code": "foodshelves:sushishelf-shortaged-east", "quantity": 2 }
      },
      "width": 2,
      "height": 2,
      "recipeGroup": 2,
      "output": { "type": "block", "code": "sushishelf-aged-east" }
    },
    "condition": { "when": "FoodShelves.ExpandedFoodsVariants", "isValue": "true" }
  },
  {
    "file": "foodshelves:recipes/grid/shelves/sushishelf.json",
    "op": "addmerge",
    "path": "/0",
    "value": {
      "ingredientPattern": "__,_S",
      "ingredients": {
        "S": { "type": "block", "code": "foodshelves:sushishelf-shortbirch-east", "quantity": 2 }
      },
      "width": 2,
      "height": 2,
      "recipeGroup": 2,
      "output": { "type": "block", "code": "sushishelf-birch-east" }
    },
    "condition": { "when": "FoodShelves.ExpandedFoodsVariants", "isValue": "true" }
  },
  {
    "file": "foodshelves:recipes/grid/shelves/sushishelf.json",
    "op": "addmerge",
    "path": "/0",
    "value": {
      "ingredientPattern": "__,_S",
      "ingredients": {
        "S": { "type": "block", "code": "foodshelves:sushishelf-shortoak-east", "quantity": 2 }
      },
      "width": 2,
      "height": 2,
      "recipeGroup": 2,
      "output": { "type": "block", "code": "sushishelf-oak-east" }
    },
    "condition": { "when": "FoodShelves.ExpandedFoodsVariants", "isValue": "true" }
  },
  {
    "file": "foodshelves:recipes/grid/shelves/sushishelf.json",
    "op": "addmerge",
    "path": "/0",
    "value": {
      "ingredientPattern": "__,_S",
      "ingredients": {
        "S": { "type": "block", "code": "foodshelves:sushishelf-shortmaple-east", "quantity": 2 }
      },
      "width": 2,
      "height": 2,
      "recipeGroup": 2,
      "output": { "type": "block", "code": "sushishelf-maple-east" }
    },
    "condition": { "when": "FoodShelves.ExpandedFoodsVariants", "isValue": "true" }
  },
  {
    "file": "foodshelves:recipes/grid/shelves/sushishelf.json",
    "op": "addmerge",
    "path": "/0",
    "value": {
      "ingredientPattern": "__,_S",
      "ingredients": {
        "S": { "type": "block", "code": "foodshelves:sushishelf-shortpine-east", "quantity": 2 }
      },
      "width": 2,
      "height": 2,
      "recipeGroup": 2,
      "output": { "type": "block", "code": "sushishelf-pine-east" }
    },
    "condition": { "when": "FoodShelves.ExpandedFoodsVariants", "isValue": "true" }
  },
  {
    "file": "foodshelves:recipes/grid/shelves/sushishelf.json",
    "op": "addmerge",
    "path": "/0",
    "value": {
      "ingredientPattern": "__,_S",
      "ingredients": {
        "S": { "type": "block", "code": "foodshelves:sushishelf-shortacacia-east", "quantity": 2 }
      },
      "width": 2,
      "height": 2,
      "recipeGroup": 2,
      "output": { "type": "block", "code": "sushishelf-acacia-east" }
    },
    "condition": { "when": "FoodShelves.ExpandedFoodsVariants", "isValue": "true" }
  },
  {
    "file": "foodshelves:recipes/grid/shelves/sushishelf.json",
    "op": "addmerge",
    "path": "/0",
    "value": {
      "ingredientPattern": "__,_S",
      "ingredients": {
        "S": { "type": "block", "code": "foodshelves:sushishelf-shortkapok-east", "quantity": 2 }
      },
      "width": 2,
      "height": 2,
      "recipeGroup": 2,
      "output": { "type": "block", "code": "sushishelf-kapok-east" }
    },
    "condition": { "when": "FoodShelves.ExpandedFoodsVariants", "isValue": "true" }
  },
  {
    "file": "foodshelves:recipes/grid/shelves/sushishelf.json",
    "op": "addmerge",
    "path": "/0",
    "value": {
      "ingredientPattern": "__,_S",
      "ingredients": {
        "S": { "type": "block", "code": "foodshelves:sushishelf-shortbaldcypress-east", "quantity": 2 }
      },
      "width": 2,
      "height": 2,
      "recipeGroup": 2,
      "output": { "type": "block", "code": "sushishelf-baldcypress-east" }
    },
    "condition": { "when": "FoodShelves.ExpandedFoodsVariants", "isValue": "true" }
  },
  {
    "file": "foodshelves:recipes/grid/shelves/sushishelf.json",
    "op": "addmerge",
    "path": "/0",
    "value": {
      "ingredientPattern": "__,_S",
      "ingredients": {
        "S": { "type": "block", "code": "foodshelves:sushishelf-shortlarch-east", "quantity": 2 }
      },
      "width": 2,
      "height": 2,
      "recipeGroup": 2,
      "output": { "type": "block", "code": "sushishelf-larch-east" }
    },
    "condition": { "when": "FoodShelves.ExpandedFoodsVariants", "isValue": "true" }
  },
  {
    "file": "foodshelves:recipes/grid/shelves/sushishelf.json",
    "op": "addmerge",
    "path": "/0",
    "value": {
      "ingredientPattern": "__,_S",
      "ingredients": {
        "S": { "type": "block", "code": "foodshelves:sushishelf-shortredwood-east", "quantity": 2 }
      },
      "width": 2,
      "height": 2,
      "recipeGroup": 2,
      "output": { "type": "block", "code": "sushishelf-redwood-east" }
    },
    "condition": { "when": "FoodShelves.ExpandedFoodsVariants", "isValue": "true" }
  },
  {
    "file": "foodshelves:recipes/grid/shelves/sushishelf.json",
    "op": "addmerge",
    "path": "/0",
    "value": {
      "ingredientPattern": "__,_S",
      "ingredients": {
        "S": { "type": "block", "code": "foodshelves:sushishelf-shortebony-east", "quantity": 2 }
      },
      "width": 2,
      "height": 2,
      "recipeGroup": 2,
      "output": { "type": "block", "code": "sushishelf-ebony-east" }
    },
    "condition": { "when": "FoodShelves.ExpandedFoodsVariants", "isValue": "true" }
  },
  {
    "file": "foodshelves:recipes/grid/shelves/sushishelf.json",
    "op": "addmerge",
    "path": "/0",
    "value": {
      "ingredientPattern": "__,_S",
      "ingredients": {
        "S": { "type": "block", "code": "foodshelves:sushishelf-shortwalnut-east", "quantity": 2 }
      },
      "width": 2,
      "height": 2,
      "recipeGroup": 2,
      "output": { "type": "block", "code": "sushishelf-walnut-east" }
    },
    "condition": { "when": "FoodShelves.ExpandedFoodsVariants", "isValue": "true" }
  },
  {
    "file": "foodshelves:recipes/grid/shelves/sushishelf.json",
    "op": "addmerge",
    "path": "/0",
    "value": {
      "ingredientPattern": "__,_S",
      "ingredients": {
        "S": { "type": "block", "code": "foodshelves:sushishelf-shortpurpleheart-east", "quantity": 2 }
      },
      "width": 2,
      "height": 2,
      "recipeGroup": 2,
      "output": { "type": "block", "code": "sushishelf-purpleheart-east" }
    },
    "condition": { "when": "FoodShelves.ExpandedFoodsVariants", "isValue": "true" }
  }
]