{
	"editor": {
		"allAngles": false,
		"entityTextureMode": false
	},
	"textureWidth": 16,
	"textureHeight": 16,
	"textureSizes": {
	},
	"textures": {
		"2": "game:block/plant/pumpkin/fruit/stage1-3",
		"0": "game:block/plant/pumpkin/fruit/stage3-side",
		"1": "game:block/plant/pumpkin/fruit/stage3-top"
	},
	"elements": [
		{
			"name": "Cube1",
			"from": [ 4.5, 0.0, 4.5 ],
			"to": [ 11.5, 7.0, 11.5 ],
			"rotationOrigin": [ 8.0, 0.0, 8.0 ],
			"faces": {
				"north": { "texture": "#0", "uv": [ 1.0, 8.0, 8.0, 15.0 ] },
				"east": { "texture": "#0", "uv": [ 1.0, 8.0, 8.0, 15.0 ], "rotation": 180 },
				"south": { "texture": "#0", "uv": [ 1.0, 8.0, 8.0, 15.0 ] },
				"west": { "texture": "#0", "uv": [ 1.0, 8.0, 8.0, 15.0 ], "rotation": 180 },
				"up": { "texture": "#1", "uv": [ 1.0, 8.0, 8.0, 15.0 ] },
				"down": { "texture": "#2", "uv": [ 7.0, 2.0, 14.0, 9.0 ] }
			}
		}
	]}