{
	"editor": {
		"allAngles": false,
		"entityTextureMode": false
	},
	"textureWidth": 16,
	"textureHeight": 16,
	"textureSizes": {
		"stage4-top": [16,16]
	},
	"textures": {
		"2": "game:block/plant/pumpkin/fruit/stage4-bottom",
		"0": "game:block/plant/pumpkin/fruit/stage4-side",
		"1": "game:block/plant/pumpkin/fruit/stage4-top"
	},
	"elements": [
		{
			"name": "Cube1",
			"from": [ 4.0, 0.0, 4.0 ],
			"to": [ 12.0, 8.0, 12.0 ],
			"rotationOrigin": [ 8.0, 0.0, 8.0 ],
			"faces": {
				"north": { "texture": "#0", "uv": [ 4.0, 8.0, 12.0, 16.0 ] },
				"east": { "texture": "#0", "uv": [ 4.0, 8.0, 12.0, 16.0 ], "rotation": 180 },
				"south": { "texture": "#0", "uv": [ 4.0, 8.0, 12.0, 16.0 ] },
				"west": { "texture": "#0", "uv": [ 4.0, 8.0, 12.0, 16.0 ], "rotation": 180 },
				"up": { "texture": "#1", "uv": [ 4.0, 4.0, 12.0, 12.0 ] },
				"down": { "texture": "#2", "uv": [ 4.0, 4.0, 12.0, 12.0 ] }
			}
		},
		{
			"name": "Cube2",
			"from": [ 7.5, 8.0, 7.5 ],
			"to": [ 8.5, 9.5, 8.5 ],
			"rotationOrigin": [ 7.5, 8.0, 7.5 ],
			"rotationX": 17.0,
			"rotationZ": -3.0,
			"faces": {
				"north": { "texture": "#1", "uv": [ 7.0, 7.5, 8.0, 9.0 ] },
				"east": { "texture": "#1", "uv": [ 8.0, 7.5, 9.0, 9.0 ] },
				"south": { "texture": "#1", "uv": [ 7.0, 7.5, 8.0, 9.0 ] },
				"west": { "texture": "#1", "uv": [ 8.0, 7.5, 9.0, 9.0 ] },
				"up": { "texture": "#1", "uv": [ 7.5, 7.5, 8.5, 8.5 ] }
			}
		}
	]}