{
	"editor": {
		"allAngles": false,
		"entityTextureMode": false
	},
	"textures": { },
	"elements": [
		{
			"name": "origin",
			"from": [ 0.0, 0.0, 0.0 ],
			"to": [ 0.0, 0.0, 0.0 ],
			"rotationOrigin": [ 8.0, 0.0, 8.0 ],
			"faces": { },
			"children": [
				{
					"name": "sheet1",
					"from": [ 6.5, 0.0, 5.5 ],
					"to": [ 11.5, 0.25, 12.5 ],
					"rotationOrigin": [ 8.0, 0.0, 9.0 ],
					"rotationY": 90.0,
					"faces": {
						"north": { "texture": "#null", "uv": [ 0.0, 4.0, 5.0, 4.5 ] },
						"east": { "texture": "#null", "uv": [ 3.0, 0.0, 10.0, 0.5 ] },
						"south": { "texture": "#null", "uv": [ 0.0, 8.0, 5.0, 8.5 ] },
						"west": { "texture": "#null", "uv": [ 3.5, 12.5, 10.5, 13.0 ] },
						"up": { "texture": "#null", "uv": [ 5.0, 1.0, 12.0, 6.0 ], "rotation": 90 },
						"down": { "texture": "#null", "uv": [ 5.0, 0.0, 12.0, 5.0 ], "rotation": 90 }
					}
				},
				{
					"name": "sheet2",
					"from": [ 6.5, 0.25, 5.5 ],
					"to": [ 11.0, 0.5, 12.5 ],
					"rotationOrigin": [ 8.0, 0.0, 9.0 ],
					"rotationY": 90.0,
					"faces": {
						"north": { "texture": "#null", "uv": [ 0.0, 10.0, 4.5, 10.5 ] },
						"east": { "texture": "#null", "uv": [ 5.0, 0.0, 12.0, 0.5 ] },
						"south": { "texture": "#null", "uv": [ 0.0, 10.5, 4.5, 11.0 ] },
						"west": { "texture": "#null", "uv": [ 3.5, 10.0, 10.5, 10.5 ] },
						"up": { "texture": "#null", "uv": [ 4.0, 0.0, 11.0, 4.5 ], "rotation": 270 }
					}
				}
			]
		}
	]
}
