[
  {
    "file": "foodshelves:recipes/grid/glassware/ceilingjar.json",
    "op": "addmerge",
    "path": "/0",
    "value": {
      "ingredientPattern": "PRP,SGS,P_P",
      "ingredients": {
        "P": { "type": "item", "code": "game:plank-*", "name": "wood" },
        "R": { "type": "item", "code": "game:rope" },
        "S": { "type": "item", "code": "game:stick" },
        "G": { "type": "item", "code": "game:glass-*" }
      },
      "width": 3,
      "height": 3,
      "recipeGroup": 1,
      "output": { "type": "block", "code": "ceilingjar-{wood}" }
    },
		"condition": { "when": "FoodShelves.EnableVariants", "isValue": "true" }
  }
]