[
	{
	"ingredientPattern": "_T_,TWT,_S_",
	"requiresTrait": "clothier",
	"ingredients": {
		"T": { "type": "item", "code": "wool:fibers-generic-*", "name": "color", "quantity": 2, "skipVariants": [ "redbrown", "lightbrown" ] },
		"W": { "type": "item", "code": "game:stick" },
		"S": { "type": "item", "code": "tailorsdelight:spindle-*", "isTool": true }
	},
	"recipeGroup": 2,
	"width": 3,
	"height": 3,
	"output": { "type": "item", "code": "wool:twine-wool-{color}", "quantity": 2 }
	},

	{
	"ingredientPattern": "_T_,TWT,_S_",
	"requiresTrait": "clothier",
	"ingredients": {
		"T": { "type": "item", "code": "wool:fibers-angora-white", "name": "color", "quantity": 2 },
		"W": { "type": "item", "code": "game:stick" },
		"S": { "type": "item", "code": "tailorsdelight:spindle-*", "isTool": true }
	},
	"recipeGroup": 2,
	"width": 3,
	"height": 3,
	"output": { "type": "item", "code": "wool:twine-wool-white", "quantity": 2 }
	},

	{
	"ingredientPattern": "_T_,TWT,_S_",
	"requiresTrait": "clothier",
	"ingredients": {
		"T": { "type": "item", "code": "wool:fibers-muskox-brown", "name": "color", "quantity": 2 },
		"W": { "type": "item", "code": "game:stick" },
		"S": { "type": "item", "code": "tailorsdelight:spindle-*", "isTool": true }
	},
	"recipeGroup": 2,
	"width": 3,
	"height": 3,
	"output": { "type": "item", "code": "wool:twine-wool-brown", "quantity": 2 }
	},

	{
	"ingredientPattern": "_B_,TWT,_S_",
	"requiresTrait": "clothier",
	"ingredients": {
		"T": { "type": "item", "code": "wool:fibers-generic-lightbrown", "name": "color", "quantity": 2 },
		"B": { "type": "item", "code": "wool:fibers-generic-redbrown", "name": "color", "quantity": 2 },
		"W": { "type": "item", "code": "game:stick" },
		"S": { "type": "item", "code": "tailorsdelight:spindle-*", "isTool": true }
	},
	"recipeGroup": 2,
	"width": 3,
	"height": 3,
	"output": { "type": "item", "code": "wool:twine-wool-brown", "quantity": 2 }
	},

	{
	"ingredientPattern": "_B_,TWT,_S_",
	"requiresTrait": "clothier",
	"ingredients": {
		"T": { "type": "item", "code": "wool:fibers-generic-lightbrown", "name": "color", "quantity": 2 },
		"B": { "type": "item", "code": "wool:fibers-generic-black", "name": "color", "quantity": 2 },
		"W": { "type": "item", "code": "game:stick" },
		"S": { "type": "item", "code": "tailorsdelight:spindle-*", "isTool": true }
	},
	"recipeGroup": 2,
	"width": 3,
	"height": 3,
	"output": { "type": "item", "code": "wool:twine-wool-brown", "quantity": 2 }
	}
]
