[{
	ingredientPattern: "WWW,WNW,WSW",
	ingredients: {
		"W": { type: "item", code: "game:plank-oak" },
		"N": { type: "item", code: "game:metalnailsandstrips-*" },
		"S": { type: "item", code: "game:saw-*", isTool: true  }
	},
	width: 3,
	height: 3,
	output: { 
        type: "block", 
        code: "nightstandfancy-east",
		attributes: { type: "oak" }
        }
},
{
	ingredientPattern: "WWW,WNW,WSW",
	ingredients: {
		"W": { type: "item", code: "game:plank-acacia" },
		"N": { type: "item", code: "game:metalnailsandstrips-*" },
		"S": { type: "item", code: "game:saw-*", isTool: true  }
	},
	width: 3,
	height: 3,
	output: { 
        type: "block", 
        code: "nightstandfancy-east",
		attributes: { type: "acacia" }
        }
},
{
	ingredientPattern: "WWW,WNW,WSW",
	ingredients: {
		"W": { type: "item", code: "game:plank-baldcypress" },
		"N": { type: "item", code: "game:metalnailsandstrips-*" },
		"S": { type: "item", code: "game:saw-*", isTool: true  }
	},
	width: 3,
	height: 3,
	output: { 
        type: "block", 
        code: "nightstandfancy-east",
		attributes: { type: "baldcypress" }
        }
},
{
	ingredientPattern: "WWW,WNW,WSW",
	ingredients: {
		"W": { type: "item", code: "game:plank-birch" },
		"N": { type: "item", code: "game:metalnailsandstrips-*" },
		"S": { type: "item", code: "game:saw-*", isTool: true  }
	},
	width: 3,
	height: 3,
	output: { 
        type: "block", 
        code: "nightstandfancy-east",
		attributes: { type: "birch" }
        }
},
{
	ingredientPattern: "WWW,WNW,WSW",
	ingredients: {
		"W": { type: "item", code: "game:plank-ebony" },
		"N": { type: "item", code: "game:metalnailsandstrips-*" },
		"S": { type: "item", code: "game:saw-*", isTool: true  }
	},
	width: 3,
	height: 3,
	output: { 
        type: "block", 
        code: "nightstandfancy-east",
		attributes: { type: "ebony" }
        }
},
{
	ingredientPattern: "WWW,WNW,WSW",
	ingredients: {
		"W": { type: "item", code: "game:plank-kapok" },
		"N": { type: "item", code: "game:metalnailsandstrips-*" },
		"S": { type: "item", code: "game:saw-*", isTool: true  }
	},
	width: 3,
	height: 3,
	output: { 
        type: "block", 
        code: "nightstandfancy-east",
		attributes: { type: "kapok" }
        }
},
{
	ingredientPattern: "WWW,WNW,WSW",
	ingredients: {
		"W": { type: "item", code: "game:plank-larch" },
		"N": { type: "item", code: "game:metalnailsandstrips-*" },
		"S": { type: "item", code: "game:saw-*", isTool: true  }
	},
	width: 3,
	height: 3,
	output: { 
        type: "block", 
        code: "nightstandfancy-east",
		attributes: { type: "larch" }
        }
},
{
	ingredientPattern: "WWW,WNW,WSW",
	ingredients: {
		"W": { type: "item", code: "game:plank-maple" },
		"N": { type: "item", code: "game:metalnailsandstrips-*" },
		"S": { type: "item", code: "game:saw-*", isTool: true  }
	},
	width: 3,
	height: 3,
	output: { 
        type: "block", 
        code: "nightstandfancy-east",
		attributes: { type: "maple" }
        }
},
{
	ingredientPattern: "WWW,WNW,WSW",
	ingredients: {
		"W": { type: "item", code: "game:plank-pine" },
		"N": { type: "item", code: "game:metalnailsandstrips-*" },
		"S": { type: "item", code: "game:saw-*", isTool: true  }
	},
	width: 3,
	height: 3,
	output: { 
        type: "block", 
        code: "nightstandfancy-east",
		attributes: { type: "pine" }
        }
},
{
	ingredientPattern: "WWW,WNW,WSW",
	ingredients: {
		"W": { type: "item", code: "game:plank-purpleheart" },
		"N": { type: "item", code: "game:metalnailsandstrips-*" },
		"S": { type: "item", code: "game:saw-*", isTool: true  }
	},
	width: 3,
	height: 3,
	output: { 
        type: "block", 
        code: "nightstandfancy-east",
		attributes: { type: "purpleheart" } 
        }
},
{
	ingredientPattern: "WWW,WNW,WSW",
	ingredients: {
		"W": { type: "item", code: "game:plank-redwood" },
		"N": { type: "item", code: "game:metalnailsandstrips-*" },
		"S": { type: "item", code: "game:saw-*", isTool: true  }
	},
	width: 3,
	height: 3,
	output: { 
        type: "block", 
        code: "nightstandfancy-east",
		attributes: { type: "redwood" }
        }
},
{
	ingredientPattern: "WWW,WNW,WSW",
	ingredients: {
		"W": { type: "item", code: "game:plank-walnut" },
		"N": { type: "item", code: "game:metalnailsandstrips-*" },
		"S": { type: "item", code: "game:saw-*", isTool: true  }
	},
	width: 3,
	height: 3,
	output: { 
        type: "block", 
        code: "nightstandfancy-east",
		attributes: { type: "walnut" }
        }
},
{
	ingredientPattern: "WWW,WNW,WSW",
	ingredients: {
		"W": { type: "item", code: "game:plank-aged" },
		"N": { type: "item", code: "game:metalnailsandstrips-*" },
		"S": { type: "item", code: "game:saw-*", isTool: true  }
	},
	width: 3,
	height: 3,
	output: { 
        type: "block", 
        code: "nightstandfancy-east",
		attributes: { type: "aged" }
        }
}
]