{
    "code": "dice",
    "class": "TabletopGames.ItemDice",
    "maxStackSize": 1,
    "attributes": {
        "handbook": { "groupBy": ["tabletopgames:dice"] },
        "groundStorageTransform": { "translation": { "x": 0, "y": 0.5, "z": 0.1 }, "rotation": { "x": -90, "y": -145, "z": 0 }, "origin": { "x": 0.5, "y": 0, "z": 0.5 }, "scale": 1.25 },
        "onBackgammonTransform": { "translation": { "x": -1.52, "y": -1.02, "z": 0 }, "rotation": { "x": -90, "y": 0, "z": 0 }, "origin": { "x": 0.5, "y": 0, "z": 0.5 }, "scale": 0.4 },
        "name": {
            "type-*": ["tabletopgames:item-dice-{type}"]
        },
        "description": {
            "type-*::wood-*": [["tabletopgames:itemdesc-dice-dots", "{dot}"], "<br>", "tabletopgames:itemdesc-dice-{type}", "<br>", "blockmaterial-Wood", ": ", "material-{wood}"],
            "type-*::stone-*": [["tabletopgames:itemdesc-dice-dots", "{dot}"], "<br>", "tabletopgames:itemdesc-dice-{type}", "<br>", "blockmaterial-Stone", ": ", "rock-{stone}"]
        },
        "containedDescription": {
            "type-*": ["tabletopgames:item-dice-{type}", "<br>", ["tabletopgames:itemdesc-dice-dots", "{dot}"]]
        },
        "shape": {
            "type-classic_cube::dot-1": { "base": "tabletopgames:item/dice/cube", "rotateX": 180, "rotateY": 180, "rotateZ": 0 },
            "type-classic_cube::dot-2": { "base": "tabletopgames:item/dice/cube", "rotateX": 0, "rotateY": 270, "rotateZ": 270 },
            "type-classic_cube::dot-3": { "base": "tabletopgames:item/dice/cube", "rotateX": 270, "rotateY": 0, "rotateZ": 180 },
            "type-classic_cube::dot-4": { "base": "tabletopgames:item/dice/cube", "rotateX": 90, "rotateY": 0, "rotateZ": 0 },
            "type-classic_cube::dot-5": { "base": "tabletopgames:item/dice/cube", "rotateX": 90, "rotateY": 90, "rotateZ": 0 },
            "type-classic_cube::dot-6": { "base": "tabletopgames:item/dice/cube" },

            "type-doubling_cube::dot-2": { "base": "tabletopgames:item/dice/cube", "rotateX": 180, "rotateY": 180, "rotateZ": 0 },
            "type-doubling_cube::dot-4": { "base": "tabletopgames:item/dice/cube", "rotateX": 0, "rotateY": 270, "rotateZ": 270 },
            "type-doubling_cube::dot-8": { "base": "tabletopgames:item/dice/cube", "rotateX": 270, "rotateY": 0, "rotateZ": 180 },
            "type-doubling_cube::dot-16": { "base": "tabletopgames:item/dice/cube", "rotateX": 90, "rotateY": 0, "rotateZ": 0 },
            "type-doubling_cube::dot-32": { "base": "tabletopgames:item/dice/cube", "rotateX": 90, "rotateY": 90, "rotateZ": 0 },
            "type-doubling_cube::dot-64": { "base": "tabletopgames:item/dice/cube" },

            "type-d4::dot-1": { "base": "tabletopgames:item/dice/d4" },
            "type-d4::dot-2": { "base": "tabletopgames:item/dice/d4", "rotateX": 90, "rotateY": 160, "rotateZ": 100 },
            "type-d4::dot-3": { "base": "tabletopgames:item/dice/d4", "rotateX": 135, "rotateY": 52, "rotateZ": -30 },
            "type-d4::dot-4": { "base": "tabletopgames:item/dice/d4", "rotateX": 60, "rotateY": -50, "rotateZ": -60 },

            "type-d6::dot-1": { "base": "tabletopgames:item/dice/cube", "rotateX": 180, "rotateY": 180, "rotateZ": 0 },
            "type-d6::dot-2": { "base": "tabletopgames:item/dice/cube", "rotateX": 0, "rotateY": 270, "rotateZ": 270 },
            "type-d6::dot-3": { "base": "tabletopgames:item/dice/cube", "rotateX": 270, "rotateY": 0, "rotateZ": 180 },
            "type-d6::dot-4": { "base": "tabletopgames:item/dice/cube", "rotateX": 90, "rotateY": 0, "rotateZ": 0 },
            "type-d6::dot-5": { "base": "tabletopgames:item/dice/cube", "rotateX": 90, "rotateY": 90, "rotateZ": 0 },
            "type-d6::dot-6": { "base": "tabletopgames:item/dice/cube" },

            "type-d8::dot-1": { "base": "tabletopgames:item/dice/d8", "rotateX": 0, "rotateY": 180, "rotateZ": 180 },
            "type-d8::dot-2": { "base": "tabletopgames:item/dice/d8", "rotateX": 150, "rotateY": 200, "rotateZ": 100 },
            "type-d8::dot-3": { "base": "tabletopgames:item/dice/d8", "rotateX": 120, "rotateY": 0, "rotateZ": 180 },
            "type-d8::dot-4": { "base": "tabletopgames:item/dice/d8", "rotateX": 330, "rotateY": 30, "rotateZ": 90 },
            "type-d8::dot-5": { "base": "tabletopgames:item/dice/d8", "rotateX": 150, "rotateY": 30, "rotateZ": 90 },
            "type-d8::dot-6": { "base": "tabletopgames:item/dice/d8", "rotateX": 120, "rotateY": 180, "rotateZ": 0 },
            "type-d8::dot-7": { "base": "tabletopgames:item/dice/d8", "rotateX": -24, "rotateY": 210, "rotateZ": 90 },
            "type-d8::dot-8": { "base": "tabletopgames:item/dice/d8" },

            "type-d12::dot-1": { "base": "tabletopgames:item/dice/d12", "rotateX": 0, "rotateY": 180, "rotateZ": 180 },
            "type-d12::dot-2": { "base": "tabletopgames:item/dice/d12", "rotateX": 96, "rotateY": -73, "rotateZ": 160 },
            "type-d12::dot-3": { "base": "tabletopgames:item/dice/d12", "rotateX": 102, "rotateY": -38, "rotateZ": -24 },
            "type-d12::dot-4": { "base": "tabletopgames:item/dice/d12", "rotateX": 110, "rotateY": -10, "rotateZ": 160 },
            "type-d12::dot-5": { "base": "tabletopgames:item/dice/d12", "rotateX": 121, "rotateY": 36, "rotateZ": -7 },
            "type-d12::dot-6": { "base": "tabletopgames:item/dice/d12", "rotateX": -41, "rotateY": 118, "rotateZ": -26 },
            "type-d12::dot-7": { "base": "tabletopgames:item/dice/d12", "rotateX": -70, "rotateY": 71, "rotateZ": -172 },
            "type-d12::dot-8": { "base": "tabletopgames:item/dice/d12", "rotateX": 107, "rotateY": 140, "rotateZ": -167 },
            "type-d12::dot-9": { "base": "tabletopgames:item/dice/d12", "rotateX": -65, "rotateY": 3, "rotateZ": -166 },
            "type-d12::dot-10": { "base": "tabletopgames:item/dice/d12", "rotateX": 120, "rotateY": 206, "rotateZ": -167 },
            "type-d12::dot-11": { "base": "tabletopgames:item/dice/d12", "rotateX": -23, "rotateY": 297, "rotateZ": -135 },
            "type-d12::dot-12": { "base": "tabletopgames:item/dice/d12" },

            "type-d20::dot-1": { "base": "tabletopgames:item/dice/d20", "rotateX": 180, "rotateY": 0, "rotateZ": 0 },
            "type-d20::dot-2": { "base": "tabletopgames:item/dice/d20", "rotateX": -40, "rotateY": 45, "rotateZ": 75 },
            "type-d20::dot-3": { "base": "tabletopgames:item/dice/d20", "rotateX": 105, "rotateY": -15, "rotateZ": 30 },
            "type-d20::dot-4": { "base": "tabletopgames:item/dice/d20", "rotateX": 270, "rotateY": -25, "rotateZ": 210 },
            "type-d20::dot-5": { "base": "tabletopgames:item/dice/d20", "rotateX": 225, "rotateY": -20, "rotateZ": -30 },
            "type-d20::dot-6": { "base": "tabletopgames:item/dice/d20", "rotateX": -195, "rotateY": 45, "rotateZ": 120 },
            "type-d20::dot-7": { "base": "tabletopgames:item/dice/d20", "rotateX": 140, "rotateY": -42, "rotateZ": -70 },
            "type-d20::dot-8": { "base": "tabletopgames:item/dice/d20", "rotateX": 60, "rotateY": -45, "rotateZ": 45 },
            "type-d20::dot-9": { "base": "tabletopgames:item/dice/d20", "rotateX": -7, "rotateY": -42, "rotateZ": 249 },
            "type-d20::dot-10": { "base": "tabletopgames:item/dice/d20", "rotateX": 40, "rotateY": 20, "rotateZ": 30 },
            "type-d20::dot-11": { "base": "tabletopgames:item/dice/d20", "rotateX": 260, "rotateY": -45, "rotateZ": 130 },
            "type-d20::dot-12": { "base": "tabletopgames:item/dice/d20", "rotateX": 0, "rotateY": -15, "rotateZ": 70 },
            "type-d20::dot-13": { "base": "tabletopgames:item/dice/d20", "rotateX": 230, "rotateY": -44, "rotateZ": 44 },
            "type-d20::dot-14": { "base": "tabletopgames:item/dice/d20", "rotateX": -60, "rotateY": 60, "rotateZ": 10 },
            "type-d20::dot-15": { "base": "tabletopgames:item/dice/d20", "rotateX": -10, "rotateY": -75, "rotateZ": 105 },
            "type-d20::dot-16": { "base": "tabletopgames:item/dice/d20", "rotateX": 120, "rotateY": -15, "rotateZ": 105 },
            "type-d20::dot-17": { "base": "tabletopgames:item/dice/d20", "rotateX": 70, "rotateY": 10, "rotateZ": 90 },
            "type-d20::dot-18": { "base": "tabletopgames:item/dice/d20", "rotateX": 240, "rotateY": -14, "rotateZ": -90 },
            "type-d20::dot-19": { "base": "tabletopgames:item/dice/d20", "rotateX": 110, "rotateY": -60, "rotateZ": -30 },
            "type-d20::dot-20": { "base": "tabletopgames:item/dice/d20" }
        },
        "textures": {
            "type-classic_cube::wood-*": {
                "material": { "base": "game:block/wood/debarked/{wood}" },
                "dot-1": { "base": "tabletopgames:block/board/{color}32", "blendedOverlays": [{ "base": "tabletopgames:item/dice/dots/dice-1", "blendMode": "OverlayCutout" }] },
                "dot-2": { "base": "tabletopgames:block/board/{color}32", "blendedOverlays": [{ "base": "tabletopgames:item/dice/dots/dice-2", "blendMode": "OverlayCutout" }] },
                "dot-3": { "base": "tabletopgames:block/board/{color}32", "blendedOverlays": [{ "base": "tabletopgames:item/dice/dots/dice-3", "blendMode": "OverlayCutout" }] },
                "dot-4": { "base": "tabletopgames:block/board/{color}32", "blendedOverlays": [{ "base": "tabletopgames:item/dice/dots/dice-4", "blendMode": "OverlayCutout" }] },
                "dot-5": { "base": "tabletopgames:block/board/{color}32", "blendedOverlays": [{ "base": "tabletopgames:item/dice/dots/dice-5", "blendMode": "OverlayCutout" }] },
                "dot-6": { "base": "tabletopgames:block/board/{color}32", "blendedOverlays": [{ "base": "tabletopgames:item/dice/dots/dice-6", "blendMode": "OverlayCutout" }] }
            },
            "type-classic_cube::stone-*": {
                "material": { "base": "game:block/stone/rock/{stone}1" },
                "dot-1": { "base": "tabletopgames:block/board/{color}32", "blendedOverlays": [{ "base": "tabletopgames:item/dice/dots/dice-1", "blendMode": "OverlayCutout" }] },
                "dot-2": { "base": "tabletopgames:block/board/{color}32", "blendedOverlays": [{ "base": "tabletopgames:item/dice/dots/dice-2", "blendMode": "OverlayCutout" }] },
                "dot-3": { "base": "tabletopgames:block/board/{color}32", "blendedOverlays": [{ "base": "tabletopgames:item/dice/dots/dice-3", "blendMode": "OverlayCutout" }] },
                "dot-4": { "base": "tabletopgames:block/board/{color}32", "blendedOverlays": [{ "base": "tabletopgames:item/dice/dots/dice-4", "blendMode": "OverlayCutout" }] },
                "dot-5": { "base": "tabletopgames:block/board/{color}32", "blendedOverlays": [{ "base": "tabletopgames:item/dice/dots/dice-5", "blendMode": "OverlayCutout" }] },
                "dot-6": { "base": "tabletopgames:block/board/{color}32", "blendedOverlays": [{ "base": "tabletopgames:item/dice/dots/dice-6", "blendMode": "OverlayCutout" }] }
            },
            "type-doubling_cube::wood-*": {
                "material": { "base": "game:block/wood/debarked/{wood}" },
                "dot-1": { "base": "tabletopgames:block/board/{color}32", "blendedOverlays": [{ "base": "tabletopgames:item/dice/numbers/dice-2", "blendMode": "OverlayCutout" }] },
                "dot-2": { "base": "tabletopgames:block/board/{color}32", "blendedOverlays": [{ "base": "tabletopgames:item/dice/numbers/dice-4", "blendMode": "OverlayCutout" }] },
                "dot-3": { "base": "tabletopgames:block/board/{color}32", "blendedOverlays": [{ "base": "tabletopgames:item/dice/numbers/dice-8", "blendMode": "OverlayCutout" }] },
                "dot-4": { "base": "tabletopgames:block/board/{color}32", "blendedOverlays": [{ "base": "tabletopgames:item/dice/numbers/dice-16", "blendMode": "OverlayCutout" }] },
                "dot-5": { "base": "tabletopgames:block/board/{color}32", "blendedOverlays": [{ "base": "tabletopgames:item/dice/numbers/dice-32", "blendMode": "OverlayCutout" }] },
                "dot-6": { "base": "tabletopgames:block/board/{color}32", "blendedOverlays": [{ "base": "tabletopgames:item/dice/numbers/dice-64", "blendMode": "OverlayCutout" }] }
            },
            "type-doubling_cube::stone-*": {
                "material": { "base": "game:block/stone/rock/{stone}1" },
                "dot-1": { "base": "tabletopgames:block/board/{color}32", "blendedOverlays": [{ "base": "tabletopgames:item/dice/numbers/dice-2", "blendMode": "OverlayCutout" }] },
                "dot-2": { "base": "tabletopgames:block/board/{color}32", "blendedOverlays": [{ "base": "tabletopgames:item/dice/numbers/dice-4", "blendMode": "OverlayCutout" }] },
                "dot-3": { "base": "tabletopgames:block/board/{color}32", "blendedOverlays": [{ "base": "tabletopgames:item/dice/numbers/dice-8", "blendMode": "OverlayCutout" }] },
                "dot-4": { "base": "tabletopgames:block/board/{color}32", "blendedOverlays": [{ "base": "tabletopgames:item/dice/numbers/dice-16", "blendMode": "OverlayCutout" }] },
                "dot-5": { "base": "tabletopgames:block/board/{color}32", "blendedOverlays": [{ "base": "tabletopgames:item/dice/numbers/dice-32", "blendMode": "OverlayCutout" }] },
                "dot-6": { "base": "tabletopgames:block/board/{color}32", "blendedOverlays": [{ "base": "tabletopgames:item/dice/numbers/dice-64", "blendMode": "OverlayCutout" }] }
            },

            "type-d4::wood-*": {
                "material": { "base": "game:block/wood/debarked/{wood}" },
                "dot-1": { "base": "tabletopgames:block/board/{color}32", "blendedOverlays": [{ "base": "tabletopgames:item/dice/numbers/dice-1", "blendMode": "OverlayCutout" }] },
                "dot-2": { "base": "tabletopgames:block/board/{color}32", "blendedOverlays": [{ "base": "tabletopgames:item/dice/numbers/dice-2", "blendMode": "OverlayCutout" }] },
                "dot-3": { "base": "tabletopgames:block/board/{color}32", "blendedOverlays": [{ "base": "tabletopgames:item/dice/numbers/dice-3", "blendMode": "OverlayCutout" }] },
                "dot-4": { "base": "tabletopgames:block/board/{color}32", "blendedOverlays": [{ "base": "tabletopgames:item/dice/numbers/dice-4", "blendMode": "OverlayCutout" }] }
            },
            "type-d4::stone-*": {
                "material": { "base": "game:block/stone/rock/{stone}1" },
                "dot-1": { "base": "tabletopgames:block/board/{color}32", "blendedOverlays": [{ "base": "tabletopgames:item/dice/numbers/dice-1", "blendMode": "OverlayCutout" }] },
                "dot-2": { "base": "tabletopgames:block/board/{color}32", "blendedOverlays": [{ "base": "tabletopgames:item/dice/numbers/dice-2", "blendMode": "OverlayCutout" }] },
                "dot-3": { "base": "tabletopgames:block/board/{color}32", "blendedOverlays": [{ "base": "tabletopgames:item/dice/numbers/dice-3", "blendMode": "OverlayCutout" }] },
                "dot-4": { "base": "tabletopgames:block/board/{color}32", "blendedOverlays": [{ "base": "tabletopgames:item/dice/numbers/dice-4", "blendMode": "OverlayCutout" }] }
            },

            "type-d6::wood-*": {
                "material": { "base": "game:block/wood/debarked/{wood}" },
                "dot-1": { "base": "tabletopgames:block/board/{color}32", "blendedOverlays": [{ "base": "tabletopgames:item/dice/numbers/dice-1", "blendMode": "OverlayCutout" }] },
                "dot-2": { "base": "tabletopgames:block/board/{color}32", "blendedOverlays": [{ "base": "tabletopgames:item/dice/numbers/dice-2", "blendMode": "OverlayCutout" }] },
                "dot-3": { "base": "tabletopgames:block/board/{color}32", "blendedOverlays": [{ "base": "tabletopgames:item/dice/numbers/dice-3", "blendMode": "OverlayCutout" }] },
                "dot-4": { "base": "tabletopgames:block/board/{color}32", "blendedOverlays": [{ "base": "tabletopgames:item/dice/numbers/dice-4", "blendMode": "OverlayCutout" }] },
                "dot-5": { "base": "tabletopgames:block/board/{color}32", "blendedOverlays": [{ "base": "tabletopgames:item/dice/numbers/dice-5", "blendMode": "OverlayCutout" }] },
                "dot-6": { "base": "tabletopgames:block/board/{color}32", "blendedOverlays": [{ "base": "tabletopgames:item/dice/numbers/dice-6", "blendMode": "OverlayCutout" }] }
            },
            "type-d6::stone-*": {
                "material": { "base": "game:block/stone/rock/{stone}1" },
                "dot-1": { "base": "tabletopgames:block/board/{color}32", "blendedOverlays": [{ "base": "tabletopgames:item/dice/numbers/dice-1", "blendMode": "OverlayCutout" }] },
                "dot-2": { "base": "tabletopgames:block/board/{color}32", "blendedOverlays": [{ "base": "tabletopgames:item/dice/numbers/dice-2", "blendMode": "OverlayCutout" }] },
                "dot-3": { "base": "tabletopgames:block/board/{color}32", "blendedOverlays": [{ "base": "tabletopgames:item/dice/numbers/dice-3", "blendMode": "OverlayCutout" }] },
                "dot-4": { "base": "tabletopgames:block/board/{color}32", "blendedOverlays": [{ "base": "tabletopgames:item/dice/numbers/dice-4", "blendMode": "OverlayCutout" }] },
                "dot-5": { "base": "tabletopgames:block/board/{color}32", "blendedOverlays": [{ "base": "tabletopgames:item/dice/numbers/dice-5", "blendMode": "OverlayCutout" }] },
                "dot-6": { "base": "tabletopgames:block/board/{color}32", "blendedOverlays": [{ "base": "tabletopgames:item/dice/numbers/dice-6", "blendMode": "OverlayCutout" }] }
            },

            "type-d8::wood-*": {
                "material": { "base": "game:block/wood/debarked/{wood}" },
                "dot-1": { "base": "tabletopgames:block/board/{color}32", "blendedOverlays": [{ "base": "tabletopgames:item/dice/numbers/dice-1", "blendMode": "OverlayCutout" }] },
                "dot-2": { "base": "tabletopgames:block/board/{color}32", "blendedOverlays": [{ "base": "tabletopgames:item/dice/numbers/dice-2", "blendMode": "OverlayCutout" }] },
                "dot-3": { "base": "tabletopgames:block/board/{color}32", "blendedOverlays": [{ "base": "tabletopgames:item/dice/numbers/dice-3", "blendMode": "OverlayCutout" }] },
                "dot-4": { "base": "tabletopgames:block/board/{color}32", "blendedOverlays": [{ "base": "tabletopgames:item/dice/numbers/dice-4", "blendMode": "OverlayCutout" }] },
                "dot-5": { "base": "tabletopgames:block/board/{color}32", "blendedOverlays": [{ "base": "tabletopgames:item/dice/numbers/dice-5", "blendMode": "OverlayCutout" }] },
                "dot-6": { "base": "tabletopgames:block/board/{color}32", "blendedOverlays": [{ "base": "tabletopgames:item/dice/numbers/dice-6", "blendMode": "OverlayCutout" }] },
                "dot-7": { "base": "tabletopgames:block/board/{color}32", "blendedOverlays": [{ "base": "tabletopgames:item/dice/numbers/dice-7", "blendMode": "OverlayCutout" }] },
                "dot-8": { "base": "tabletopgames:block/board/{color}32", "blendedOverlays": [{ "base": "tabletopgames:item/dice/numbers/dice-8", "blendMode": "OverlayCutout" }] }
            },
            "type-d8::stone-*": {
                "material": { "base": "game:block/stone/rock/{stone}1" },
                "dot-1": { "base": "tabletopgames:block/board/{color}32", "blendedOverlays": [{ "base": "tabletopgames:item/dice/numbers/dice-1", "blendMode": "OverlayCutout" }] },
                "dot-2": { "base": "tabletopgames:block/board/{color}32", "blendedOverlays": [{ "base": "tabletopgames:item/dice/numbers/dice-2", "blendMode": "OverlayCutout" }] },
                "dot-3": { "base": "tabletopgames:block/board/{color}32", "blendedOverlays": [{ "base": "tabletopgames:item/dice/numbers/dice-3", "blendMode": "OverlayCutout" }] },
                "dot-4": { "base": "tabletopgames:block/board/{color}32", "blendedOverlays": [{ "base": "tabletopgames:item/dice/numbers/dice-4", "blendMode": "OverlayCutout" }] },
                "dot-5": { "base": "tabletopgames:block/board/{color}32", "blendedOverlays": [{ "base": "tabletopgames:item/dice/numbers/dice-5", "blendMode": "OverlayCutout" }] },
                "dot-6": { "base": "tabletopgames:block/board/{color}32", "blendedOverlays": [{ "base": "tabletopgames:item/dice/numbers/dice-6", "blendMode": "OverlayCutout" }] },
                "dot-7": { "base": "tabletopgames:block/board/{color}32", "blendedOverlays": [{ "base": "tabletopgames:item/dice/numbers/dice-7", "blendMode": "OverlayCutout" }] },
                "dot-8": { "base": "tabletopgames:block/board/{color}32", "blendedOverlays": [{ "base": "tabletopgames:item/dice/numbers/dice-8", "blendMode": "OverlayCutout" }] }
            },

            "type-d12::wood-*": {
                "material": { "base": "game:block/wood/debarked/{wood}" },
                "dot-1": { "base": "tabletopgames:block/board/{color}32", "blendedOverlays": [{ "base": "tabletopgames:item/dice/numbers/dice-1", "blendMode": "OverlayCutout" }] },
                "dot-2": { "base": "tabletopgames:block/board/{color}32", "blendedOverlays": [{ "base": "tabletopgames:item/dice/numbers/dice-2", "blendMode": "OverlayCutout" }] },
                "dot-3": { "base": "tabletopgames:block/board/{color}32", "blendedOverlays": [{ "base": "tabletopgames:item/dice/numbers/dice-3", "blendMode": "OverlayCutout" }] },
                "dot-4": { "base": "tabletopgames:block/board/{color}32", "blendedOverlays": [{ "base": "tabletopgames:item/dice/numbers/dice-4", "blendMode": "OverlayCutout" }] },
                "dot-5": { "base": "tabletopgames:block/board/{color}32", "blendedOverlays": [{ "base": "tabletopgames:item/dice/numbers/dice-5", "blendMode": "OverlayCutout" }] },
                "dot-6": { "base": "tabletopgames:block/board/{color}32", "blendedOverlays": [{ "base": "tabletopgames:item/dice/numbers/dice-6", "blendMode": "OverlayCutout" }] },
                "dot-7": { "base": "tabletopgames:block/board/{color}32", "blendedOverlays": [{ "base": "tabletopgames:item/dice/numbers/dice-7", "blendMode": "OverlayCutout" }] },
                "dot-8": { "base": "tabletopgames:block/board/{color}32", "blendedOverlays": [{ "base": "tabletopgames:item/dice/numbers/dice-8", "blendMode": "OverlayCutout" }] },
                "dot-9": { "base": "tabletopgames:block/board/{color}32", "blendedOverlays": [{ "base": "tabletopgames:item/dice/numbers/dice-9", "blendMode": "OverlayCutout" }] },
                "dot-10": { "base": "tabletopgames:block/board/{color}32", "blendedOverlays": [{ "base": "tabletopgames:item/dice/numbers/dice-10", "blendMode": "OverlayCutout" }] },
                "dot-11": { "base": "tabletopgames:block/board/{color}32", "blendedOverlays": [{ "base": "tabletopgames:item/dice/numbers/dice-11", "blendMode": "OverlayCutout" }] },
                "dot-12": { "base": "tabletopgames:block/board/{color}32", "blendedOverlays": [{ "base": "tabletopgames:item/dice/numbers/dice-12", "blendMode": "OverlayCutout" }] }
            },
            "type-d12::stone-*": {
                "material": { "base": "game:block/stone/rock/{stone}1" },
                "dot-1": { "base": "tabletopgames:block/board/{color}32", "blendedOverlays": [{ "base": "tabletopgames:item/dice/numbers/dice-1", "blendMode": "OverlayCutout" }] },
                "dot-2": { "base": "tabletopgames:block/board/{color}32", "blendedOverlays": [{ "base": "tabletopgames:item/dice/numbers/dice-2", "blendMode": "OverlayCutout" }] },
                "dot-3": { "base": "tabletopgames:block/board/{color}32", "blendedOverlays": [{ "base": "tabletopgames:item/dice/numbers/dice-3", "blendMode": "OverlayCutout" }] },
                "dot-4": { "base": "tabletopgames:block/board/{color}32", "blendedOverlays": [{ "base": "tabletopgames:item/dice/numbers/dice-4", "blendMode": "OverlayCutout" }] },
                "dot-5": { "base": "tabletopgames:block/board/{color}32", "blendedOverlays": [{ "base": "tabletopgames:item/dice/numbers/dice-5", "blendMode": "OverlayCutout" }] },
                "dot-6": { "base": "tabletopgames:block/board/{color}32", "blendedOverlays": [{ "base": "tabletopgames:item/dice/numbers/dice-6", "blendMode": "OverlayCutout" }] },
                "dot-7": { "base": "tabletopgames:block/board/{color}32", "blendedOverlays": [{ "base": "tabletopgames:item/dice/numbers/dice-7", "blendMode": "OverlayCutout" }] },
                "dot-8": { "base": "tabletopgames:block/board/{color}32", "blendedOverlays": [{ "base": "tabletopgames:item/dice/numbers/dice-8", "blendMode": "OverlayCutout" }] },
                "dot-9": { "base": "tabletopgames:block/board/{color}32", "blendedOverlays": [{ "base": "tabletopgames:item/dice/numbers/dice-9", "blendMode": "OverlayCutout" }] },
                "dot-10": { "base": "tabletopgames:block/board/{color}32", "blendedOverlays": [{ "base": "tabletopgames:item/dice/numbers/dice-10", "blendMode": "OverlayCutout" }] },
                "dot-11": { "base": "tabletopgames:block/board/{color}32", "blendedOverlays": [{ "base": "tabletopgames:item/dice/numbers/dice-11", "blendMode": "OverlayCutout" }] },
                "dot-12": { "base": "tabletopgames:block/board/{color}32", "blendedOverlays": [{ "base": "tabletopgames:item/dice/numbers/dice-12", "blendMode": "OverlayCutout" }] }
            },

            "type-d20::wood-*": {
                "material": { "base": "game:block/wood/debarked/{wood}" },
                "dot-1": { "base": "tabletopgames:block/board/{color}32", "blendedOverlays": [{ "base": "tabletopgames:item/dice/numbers/dice-1", "blendMode": "OverlayCutout" }] },
                "dot-2": { "base": "tabletopgames:block/board/{color}32", "blendedOverlays": [{ "base": "tabletopgames:item/dice/numbers/dice-2", "blendMode": "OverlayCutout" }] },
                "dot-3": { "base": "tabletopgames:block/board/{color}32", "blendedOverlays": [{ "base": "tabletopgames:item/dice/numbers/dice-3", "blendMode": "OverlayCutout" }] },
                "dot-4": { "base": "tabletopgames:block/board/{color}32", "blendedOverlays": [{ "base": "tabletopgames:item/dice/numbers/dice-4", "blendMode": "OverlayCutout" }] },
                "dot-5": { "base": "tabletopgames:block/board/{color}32", "blendedOverlays": [{ "base": "tabletopgames:item/dice/numbers/dice-5", "blendMode": "OverlayCutout" }] },
                "dot-6": { "base": "tabletopgames:block/board/{color}32", "blendedOverlays": [{ "base": "tabletopgames:item/dice/numbers/dice-6", "blendMode": "OverlayCutout" }] },
                "dot-7": { "base": "tabletopgames:block/board/{color}32", "blendedOverlays": [{ "base": "tabletopgames:item/dice/numbers/dice-7", "blendMode": "OverlayCutout" }] },
                "dot-8": { "base": "tabletopgames:block/board/{color}32", "blendedOverlays": [{ "base": "tabletopgames:item/dice/numbers/dice-8", "blendMode": "OverlayCutout" }] },
                "dot-9": { "base": "tabletopgames:block/board/{color}32", "blendedOverlays": [{ "base": "tabletopgames:item/dice/numbers/dice-9", "blendMode": "OverlayCutout" }] },
                "dot-10": { "base": "tabletopgames:block/board/{color}32", "blendedOverlays": [{ "base": "tabletopgames:item/dice/numbers/dice-10", "blendMode": "OverlayCutout" }] },
                "dot-11": { "base": "tabletopgames:block/board/{color}32", "blendedOverlays": [{ "base": "tabletopgames:item/dice/numbers/dice-11", "blendMode": "OverlayCutout" }] },
                "dot-12": { "base": "tabletopgames:block/board/{color}32", "blendedOverlays": [{ "base": "tabletopgames:item/dice/numbers/dice-12", "blendMode": "OverlayCutout" }] },
                "dot-13": { "base": "tabletopgames:block/board/{color}32", "blendedOverlays": [{ "base": "tabletopgames:item/dice/numbers/dice-13", "blendMode": "OverlayCutout" }] },
                "dot-14": { "base": "tabletopgames:block/board/{color}32", "blendedOverlays": [{ "base": "tabletopgames:item/dice/numbers/dice-14", "blendMode": "OverlayCutout" }] },
                "dot-15": { "base": "tabletopgames:block/board/{color}32", "blendedOverlays": [{ "base": "tabletopgames:item/dice/numbers/dice-15", "blendMode": "OverlayCutout" }] },
                "dot-16": { "base": "tabletopgames:block/board/{color}32", "blendedOverlays": [{ "base": "tabletopgames:item/dice/numbers/dice-16", "blendMode": "OverlayCutout" }] },
                "dot-17": { "base": "tabletopgames:block/board/{color}32", "blendedOverlays": [{ "base": "tabletopgames:item/dice/numbers/dice-17", "blendMode": "OverlayCutout" }] },
                "dot-18": { "base": "tabletopgames:block/board/{color}32", "blendedOverlays": [{ "base": "tabletopgames:item/dice/numbers/dice-18", "blendMode": "OverlayCutout" }] },
                "dot-19": { "base": "tabletopgames:block/board/{color}32", "blendedOverlays": [{ "base": "tabletopgames:item/dice/numbers/dice-19", "blendMode": "OverlayCutout" }] },
                "dot-20": { "base": "tabletopgames:block/board/{color}32", "blendedOverlays": [{ "base": "tabletopgames:item/dice/numbers/dice-20", "blendMode": "OverlayCutout" }] }
            },
            "type-d20::stone-*": {
                "material": { "base": "game:block/stone/rock/{stone}1" },
                "dot-1": { "base": "tabletopgames:block/board/{color}32", "blendedOverlays": [{ "base": "tabletopgames:item/dice/numbers/dice-1", "blendMode": "OverlayCutout" }] },
                "dot-2": { "base": "tabletopgames:block/board/{color}32", "blendedOverlays": [{ "base": "tabletopgames:item/dice/numbers/dice-2", "blendMode": "OverlayCutout" }] },
                "dot-3": { "base": "tabletopgames:block/board/{color}32", "blendedOverlays": [{ "base": "tabletopgames:item/dice/numbers/dice-3", "blendMode": "OverlayCutout" }] },
                "dot-4": { "base": "tabletopgames:block/board/{color}32", "blendedOverlays": [{ "base": "tabletopgames:item/dice/numbers/dice-4", "blendMode": "OverlayCutout" }] },
                "dot-5": { "base": "tabletopgames:block/board/{color}32", "blendedOverlays": [{ "base": "tabletopgames:item/dice/numbers/dice-5", "blendMode": "OverlayCutout" }] },
                "dot-6": { "base": "tabletopgames:block/board/{color}32", "blendedOverlays": [{ "base": "tabletopgames:item/dice/numbers/dice-6", "blendMode": "OverlayCutout" }] },
                "dot-7": { "base": "tabletopgames:block/board/{color}32", "blendedOverlays": [{ "base": "tabletopgames:item/dice/numbers/dice-7", "blendMode": "OverlayCutout" }] },
                "dot-8": { "base": "tabletopgames:block/board/{color}32", "blendedOverlays": [{ "base": "tabletopgames:item/dice/numbers/dice-8", "blendMode": "OverlayCutout" }] },
                "dot-9": { "base": "tabletopgames:block/board/{color}32", "blendedOverlays": [{ "base": "tabletopgames:item/dice/numbers/dice-9", "blendMode": "OverlayCutout" }] },
                "dot-10": { "base": "tabletopgames:block/board/{color}32", "blendedOverlays": [{ "base": "tabletopgames:item/dice/numbers/dice-10", "blendMode": "OverlayCutout" }] },
                "dot-11": { "base": "tabletopgames:block/board/{color}32", "blendedOverlays": [{ "base": "tabletopgames:item/dice/numbers/dice-11", "blendMode": "OverlayCutout" }] },
                "dot-12": { "base": "tabletopgames:block/board/{color}32", "blendedOverlays": [{ "base": "tabletopgames:item/dice/numbers/dice-12", "blendMode": "OverlayCutout" }] },
                "dot-13": { "base": "tabletopgames:block/board/{color}32", "blendedOverlays": [{ "base": "tabletopgames:item/dice/numbers/dice-13", "blendMode": "OverlayCutout" }] },
                "dot-14": { "base": "tabletopgames:block/board/{color}32", "blendedOverlays": [{ "base": "tabletopgames:item/dice/numbers/dice-14", "blendMode": "OverlayCutout" }] },
                "dot-15": { "base": "tabletopgames:block/board/{color}32", "blendedOverlays": [{ "base": "tabletopgames:item/dice/numbers/dice-15", "blendMode": "OverlayCutout" }] },
                "dot-16": { "base": "tabletopgames:block/board/{color}32", "blendedOverlays": [{ "base": "tabletopgames:item/dice/numbers/dice-16", "blendMode": "OverlayCutout" }] },
                "dot-17": { "base": "tabletopgames:block/board/{color}32", "blendedOverlays": [{ "base": "tabletopgames:item/dice/numbers/dice-17", "blendMode": "OverlayCutout" }] },
                "dot-18": { "base": "tabletopgames:block/board/{color}32", "blendedOverlays": [{ "base": "tabletopgames:item/dice/numbers/dice-18", "blendMode": "OverlayCutout" }] },
                "dot-19": { "base": "tabletopgames:block/board/{color}32", "blendedOverlays": [{ "base": "tabletopgames:item/dice/numbers/dice-19", "blendMode": "OverlayCutout" }] },
                "dot-20": { "base": "tabletopgames:block/board/{color}32", "blendedOverlays": [{ "base": "tabletopgames:item/dice/numbers/dice-20", "blendMode": "OverlayCutout" }] }
            }
        },
        "GuiTransformBy": {
            "type-d20": {
                "rotate": false,
                "translation": { "x": 3, "y": 0, "z": 0 },
                "rotation": { "x": 135, "y": 35, "z": 0 },
                "origin": { "x": 0.5, "y": 0.4, "z": 0.5 },
                "scaleXyz": { "x": -2, "y": 2, "z": 2 }
            }
        },
        "tabletopTags": {
            "tags": ["dice"]
        },
        "rotateWhenPlacedOnBoard": true
    },
    "behaviors": [
        { "name": "GroundStorable", "properties": { "layout": "Quadrants", "collisionBox": { "x1": 0, "y1": 0, "z1": 0, "x2": 1, "y2": 0.125, "z2": 1 } } },
        {
            "name": "TabletopGames.AdvancedToolModes",
            "properties": {
                "textures": {
                    "paintbrush": "paintbrush",
                    "dice": "dice"
                },
                "toolModes": {
                    "type-classic_cube": [
                        {
                            "name": "tabletopgames:toolmode-sinkslot-pigment-dice-changedotcolor",
                            "isSinkSlot": true,
                            "iconTexture": "paintbrush",
                            "slotParams": [
                                { "triggerBy": { "type": "item", "code": "game:charcoal" }, "setVariants": { "color": "carbonblack" }, "consumeIngredient": false },
                                { "triggerBy": { "type": "item", "code": "game:ore-bituminouscoal" }, "setVariants": { "color": "carbonblack" }, "consumeIngredient": false },
                                { "triggerBy": { "type": "item", "code": "game:coke" }, "setVariants": { "color": "cokeblack" }, "consumeIngredient": false },
                                { "triggerBy": { "type": "item", "code": "game:stone-chalk" }, "setVariants": { "color": "chalkwhite" }, "consumeIngredient": false },
                                { "triggerBy": { "type": "item", "code": "game:stone-limestone" }, "setVariants": { "color": "limewhite" }, "consumeIngredient": false },
                                { "triggerBy": { "type": "item", "code": "game:nugget-malachite" }, "setVariants": { "color": "verdigris" }, "consumeIngredient": false },
                                { "triggerBy": { "type": "item", "code": "game:ore-lapislazuli" }, "setVariants": { "color": "ultramarine" }, "consumeIngredient": false },
                                { "triggerBy": { "type": "item", "code": "game:ore-cinnabar" }, "setVariants": { "color": "cinnabar" }, "consumeIngredient": false }
                            ]
                        },
                        { "name": "tabletopgames:toolmode-dice-reset", "iconTexture": "dice", "setVariants": { "dot": "6" } },

                        { "linebreak": true, "setVariants": { "type": "doubling_cube", "dot": "64" } },
                        { "setVariants": { "type": "d4", "dot": "1" } },
                        { "setVariants": { "type": "d6", "dot": "6" } },
                        { "setVariants": { "type": "d8", "dot": "8" } },
                        { "setVariants": { "type": "d12", "dot": "12" } },
                        { "setVariants": { "type": "d20", "dot": "20" } }
                    ],
                    "type-doubling_cube": [
                        {
                            "name": "tabletopgames:toolmode-sinkslot-pigment-dice-changedotcolor",
                            "isSinkSlot": true,
                            "iconTexture": "paintbrush",
                            "slotParams": [
                                { "triggerBy": { "type": "item", "code": "game:charcoal" }, "setVariants": { "color": "carbonblack" }, "consumeIngredient": false },
                                { "triggerBy": { "type": "item", "code": "game:ore-bituminouscoal" }, "setVariants": { "color": "carbonblack" }, "consumeIngredient": false },
                                { "triggerBy": { "type": "item", "code": "game:coke" }, "setVariants": { "color": "cokeblack" }, "consumeIngredient": false },
                                { "triggerBy": { "type": "item", "code": "game:stone-chalk" }, "setVariants": { "color": "chalkwhite" }, "consumeIngredient": false },
                                { "triggerBy": { "type": "item", "code": "game:stone-limestone" }, "setVariants": { "color": "limewhite" }, "consumeIngredient": false },
                                { "triggerBy": { "type": "item", "code": "game:nugget-malachite" }, "setVariants": { "color": "verdigris" }, "consumeIngredient": false },
                                { "triggerBy": { "type": "item", "code": "game:ore-lapislazuli" }, "setVariants": { "color": "ultramarine" }, "consumeIngredient": false },
                                { "triggerBy": { "type": "item", "code": "game:ore-cinnabar" }, "setVariants": { "color": "cinnabar" }, "consumeIngredient": false }
                            ]
                        },
                        { "name": "tabletopgames:toolmode-dice-reset", "iconTexture": "dice", "setVariants": { "dot": "64" } },

                        { "linebreak": true, "setVariants": { "type": "classic_cube", "dot": "6" } },
                        { "setVariants": { "type": "d4", "dot": "1" } },
                        { "setVariants": { "type": "d6", "dot": "6" } },
                        { "setVariants": { "type": "d8", "dot": "8" } },
                        { "setVariants": { "type": "d12", "dot": "12" } },
                        { "setVariants": { "type": "d20", "dot": "20" } }
                    ],
                    "type-d4": [
                        {
                            "name": "tabletopgames:toolmode-sinkslot-pigment-dice-changedotcolor",
                            "isSinkSlot": true,
                            "iconTexture": "paintbrush",
                            "slotParams": [
                                { "triggerBy": { "type": "item", "code": "game:charcoal" }, "setVariants": { "color": "carbonblack" }, "consumeIngredient": false },
                                { "triggerBy": { "type": "item", "code": "game:ore-bituminouscoal" }, "setVariants": { "color": "carbonblack" }, "consumeIngredient": false },
                                { "triggerBy": { "type": "item", "code": "game:coke" }, "setVariants": { "color": "cokeblack" }, "consumeIngredient": false },
                                { "triggerBy": { "type": "item", "code": "game:stone-chalk" }, "setVariants": { "color": "chalkwhite" }, "consumeIngredient": false },
                                { "triggerBy": { "type": "item", "code": "game:stone-limestone" }, "setVariants": { "color": "limewhite" }, "consumeIngredient": false },
                                { "triggerBy": { "type": "item", "code": "game:nugget-malachite" }, "setVariants": { "color": "verdigris" }, "consumeIngredient": false },
                                { "triggerBy": { "type": "item", "code": "game:ore-lapislazuli" }, "setVariants": { "color": "ultramarine" }, "consumeIngredient": false },
                                { "triggerBy": { "type": "item", "code": "game:ore-cinnabar" }, "setVariants": { "color": "cinnabar" }, "consumeIngredient": false }
                            ]
                        },
                        { "name": "tabletopgames:toolmode-dice-reset", "iconTexture": "dice", "setVariants": { "dot": "1" } },

                        { "linebreak": true, "setVariants": { "type": "classic_cube", "dot": "6" } },
                        { "setVariants": { "type": "doubling_cube", "dot": "64" } },
                        { "setVariants": { "type": "d6", "dot": "6" } },
                        { "setVariants": { "type": "d8", "dot": "8" } },
                        { "setVariants": { "type": "d12", "dot": "12" } },
                        { "setVariants": { "type": "d20", "dot": "20" } }
                    ],
                    "type-d6": [
                        {
                            "name": "tabletopgames:toolmode-sinkslot-pigment-dice-changedotcolor",
                            "isSinkSlot": true,
                            "iconTexture": "paintbrush",
                            "slotParams": [
                                { "triggerBy": { "type": "item", "code": "game:charcoal" }, "setVariants": { "color": "carbonblack" }, "consumeIngredient": false },
                                { "triggerBy": { "type": "item", "code": "game:ore-bituminouscoal" }, "setVariants": { "color": "carbonblack" }, "consumeIngredient": false },
                                { "triggerBy": { "type": "item", "code": "game:coke" }, "setVariants": { "color": "cokeblack" }, "consumeIngredient": false },
                                { "triggerBy": { "type": "item", "code": "game:stone-chalk" }, "setVariants": { "color": "chalkwhite" }, "consumeIngredient": false },
                                { "triggerBy": { "type": "item", "code": "game:stone-limestone" }, "setVariants": { "color": "limewhite" }, "consumeIngredient": false },
                                { "triggerBy": { "type": "item", "code": "game:nugget-malachite" }, "setVariants": { "color": "verdigris" }, "consumeIngredient": false },
                                { "triggerBy": { "type": "item", "code": "game:ore-lapislazuli" }, "setVariants": { "color": "ultramarine" }, "consumeIngredient": false },
                                { "triggerBy": { "type": "item", "code": "game:ore-cinnabar" }, "setVariants": { "color": "cinnabar" }, "consumeIngredient": false }
                            ]
                        },
                        { "name": "tabletopgames:toolmode-dice-reset", "iconTexture": "dice", "setVariants": { "dot": "6" } },

                        { "linebreak": true, "setVariants": { "type": "classic_cube", "dot": "6" } },
                        { "setVariants": { "type": "doubling_cube", "dot": "64" } },
                        { "setVariants": { "type": "d4", "dot": "1" } },
                        { "setVariants": { "type": "d8", "dot": "8" } },
                        { "setVariants": { "type": "d12", "dot": "12" } },
                        { "setVariants": { "type": "d20", "dot": "20" } }
                    ],
                    "type-d8": [
                        {
                            "name": "tabletopgames:toolmode-sinkslot-pigment-dice-changedotcolor",
                            "isSinkSlot": true,
                            "iconTexture": "paintbrush",
                            "slotParams": [
                                { "triggerBy": { "type": "item", "code": "game:charcoal" }, "setVariants": { "color": "carbonblack" }, "consumeIngredient": false },
                                { "triggerBy": { "type": "item", "code": "game:ore-bituminouscoal" }, "setVariants": { "color": "carbonblack" }, "consumeIngredient": false },
                                { "triggerBy": { "type": "item", "code": "game:coke" }, "setVariants": { "color": "cokeblack" }, "consumeIngredient": false },
                                { "triggerBy": { "type": "item", "code": "game:stone-chalk" }, "setVariants": { "color": "chalkwhite" }, "consumeIngredient": false },
                                { "triggerBy": { "type": "item", "code": "game:stone-limestone" }, "setVariants": { "color": "limewhite" }, "consumeIngredient": false },
                                { "triggerBy": { "type": "item", "code": "game:nugget-malachite" }, "setVariants": { "color": "verdigris" }, "consumeIngredient": false },
                                { "triggerBy": { "type": "item", "code": "game:ore-lapislazuli" }, "setVariants": { "color": "ultramarine" }, "consumeIngredient": false },
                                { "triggerBy": { "type": "item", "code": "game:ore-cinnabar" }, "setVariants": { "color": "cinnabar" }, "consumeIngredient": false }
                            ]
                        },
                        { "name": "tabletopgames:toolmode-dice-reset", "iconTexture": "dice", "setVariants": { "dot": "8" } },

                        { "linebreak": true, "setVariants": { "type": "classic_cube", "dot": "6" } },
                        { "setVariants": { "type": "doubling_cube", "dot": "64" } },
                        { "setVariants": { "type": "d4", "dot": "1" } },
                        { "setVariants": { "type": "d6", "dot": "6" } },
                        { "setVariants": { "type": "d12", "dot": "12" } },
                        { "setVariants": { "type": "d20", "dot": "20" } }
                    ],
                    "type-d12": [
                        {
                            "name": "tabletopgames:toolmode-sinkslot-pigment-dice-changedotcolor",
                            "isSinkSlot": true,
                            "iconTexture": "paintbrush",
                            "slotParams": [
                                { "triggerBy": { "type": "item", "code": "game:charcoal" }, "setVariants": { "color": "carbonblack" }, "consumeIngredient": false },
                                { "triggerBy": { "type": "item", "code": "game:ore-bituminouscoal" }, "setVariants": { "color": "carbonblack" }, "consumeIngredient": false },
                                { "triggerBy": { "type": "item", "code": "game:coke" }, "setVariants": { "color": "cokeblack" }, "consumeIngredient": false },
                                { "triggerBy": { "type": "item", "code": "game:stone-chalk" }, "setVariants": { "color": "chalkwhite" }, "consumeIngredient": false },
                                { "triggerBy": { "type": "item", "code": "game:stone-limestone" }, "setVariants": { "color": "limewhite" }, "consumeIngredient": false },
                                { "triggerBy": { "type": "item", "code": "game:nugget-malachite" }, "setVariants": { "color": "verdigris" }, "consumeIngredient": false },
                                { "triggerBy": { "type": "item", "code": "game:ore-lapislazuli" }, "setVariants": { "color": "ultramarine" }, "consumeIngredient": false },
                                { "triggerBy": { "type": "item", "code": "game:ore-cinnabar" }, "setVariants": { "color": "cinnabar" }, "consumeIngredient": false }
                            ]
                        },
                        { "name": "tabletopgames:toolmode-dice-reset", "iconTexture": "dice", "setVariants": { "dot": "12" } },

                        { "linebreak": true, "setVariants": { "type": "classic_cube", "dot": "6" } },
                        { "setVariants": { "type": "doubling_cube", "dot": "64" } },
                        { "setVariants": { "type": "d4", "dot": "1" } },
                        { "setVariants": { "type": "d6", "dot": "6" } },
                        { "setVariants": { "type": "d8", "dot": "8" } },
                        { "setVariants": { "type": "d20", "dot": "20" } }
                    ],
                    "type-d20": [
                        {
                            "name": "tabletopgames:toolmode-sinkslot-pigment-dice-changedotcolor",
                            "isSinkSlot": true,
                            "iconTexture": "paintbrush",
                            "slotParams": [
                                { "triggerBy": { "type": "item", "code": "game:charcoal" }, "setVariants": { "color": "carbonblack" }, "consumeIngredient": false },
                                { "triggerBy": { "type": "item", "code": "game:ore-bituminouscoal" }, "setVariants": { "color": "carbonblack" }, "consumeIngredient": false },
                                { "triggerBy": { "type": "item", "code": "game:coke" }, "setVariants": { "color": "cokeblack" }, "consumeIngredient": false },
                                { "triggerBy": { "type": "item", "code": "game:stone-chalk" }, "setVariants": { "color": "chalkwhite" }, "consumeIngredient": false },
                                { "triggerBy": { "type": "item", "code": "game:stone-limestone" }, "setVariants": { "color": "limewhite" }, "consumeIngredient": false },
                                { "triggerBy": { "type": "item", "code": "game:nugget-malachite" }, "setVariants": { "color": "verdigris" }, "consumeIngredient": false },
                                { "triggerBy": { "type": "item", "code": "game:ore-lapislazuli" }, "setVariants": { "color": "ultramarine" }, "consumeIngredient": false },
                                { "triggerBy": { "type": "item", "code": "game:ore-cinnabar" }, "setVariants": { "color": "cinnabar" }, "consumeIngredient": false }
                            ]
                        },
                        { "name": "tabletopgames:toolmode-dice-reset", "iconTexture": "dice", "setVariants": { "dot": "20" } },

                        { "linebreak": true, "setVariants": { "type": "classic_cube", "dot": "6" } },
                        { "setVariants": { "type": "doubling_cube", "dot": "64" } },
                        { "setVariants": { "type": "d4", "dot": "1" } },
                        { "setVariants": { "type": "d6", "dot": "6" } },
                        { "setVariants": { "type": "d8", "dot": "8" } },
                        { "setVariants": { "type": "d12", "dot": "12" } }
                    ]
                }
            }
        },
        {
            "name": "TabletopGames.RandomizeInSlot",
            "properties": {
                "targetVariant": {
                    "type-*": "dot"
                },
                "possibleVariantValues": {
                    "type-classic_cube": ["1", "2", "3", "4", "5", "6"],
                    "type-doubling_cube": ["2", "4", "8", "16", "32", "64"],
                    "type-d4": ["1", "2", "3", "4"],
                    "type-d6": ["1", "2", "3", "4", "5", "6"],
                    "type-d8": ["1", "2", "3", "4", "5", "6", "7", "8"],
                    "type-d12": ["1", "2", "3", "4", "5", "6", "7", "8", "9", "10", "11", "12"],
                    "type-d20": ["1", "2", "3", "4", "5", "6", "7", "8", "9", "10", "11", "12", "13", "14", "15", "16", "17", "18", "19", "20"]
                }
            }
        }
    ],
    "creativeinventoryStacks": [
        {
            "tabs": ["tabletopgames", "general", "items"],
            "stacks": [
                { "type": "item", "code": "dice", "attributes": { "types": { "type": "classic_cube", "dot": "6", "stone": "basalt", "color": "chalkwhite" } } },
                { "type": "item", "code": "dice", "attributes": { "types": { "type": "doubling_cube", "dot": "64", "stone": "basalt", "color": "chalkwhite" } } },
                { "type": "item", "code": "dice", "attributes": { "types": { "type": "d4", "dot": "1", "stone": "basalt", "color": "chalkwhite" } } },
                { "type": "item", "code": "dice", "attributes": { "types": { "type": "d6", "dot": "6", "stone": "basalt", "color": "chalkwhite" } } },
                { "type": "item", "code": "dice", "attributes": { "types": { "type": "d8", "dot": "8", "stone": "basalt", "color": "chalkwhite" } } },
                { "type": "item", "code": "dice", "attributes": { "types": { "type": "d12", "dot": "12", "stone": "basalt", "color": "chalkwhite" } } },
                { "type": "item", "code": "dice", "attributes": { "types": { "type": "d20", "dot": "20", "stone": "basalt", "color": "chalkwhite" } } }
            ]
        }
    ],
    "guiTransform": {
        "translation": { "x": 3, "y": 0, "z": 0 },
        "rotation": { "x": 135, "y": 35, "z": 0 },
        "origin": { "x": 0.5, "y": 0.2, "z": 0.5 },
        "scaleXyz": { "x": -2.7, "y": 2.7, "z": 2.7 }
    },
    "groundTransform": {
        "translation": { "x": 0, "y": 0, "z": 0 },
        "rotation": { "x": 0, "y": 0, "z": 0 },
        "origin": { "x": 0.5, "y": 0, "z": 0.5299 },
        "scale": 2
    },
    "tpHandTransform": {
        "translation": { "x": -2.6, "y": -0.9, "z": -2 },
        "rotation": { "x": -90, "y": 0, "z": -90 },
        "origin": { "x": 0.5, "y": 0.26666668, "z": 0.5 },
        "scale": 0.25
    }
}
