[
	{
		"ingredientPattern": "HAR,WPD,FC_",
		"ingredients": {
			"H": { "type": "item", "code": "game:hammer-*", "isTool": true, "toolDurabilityCost": 50 },
			"A": { "type": "block", "code": "game:woodenaxle-*" },
			"C": { "type": "item", "code": "engineparts-burned-chamber" },
			"W": { "type": "item", "code": "engineparts-burned-workpiston" },
			"D": { "type": "item", "code": "engineparts-burned-displacerpiston" },
			"R": { "type": "item", "code": "game:resin" },
			"F": { "type": "item", "code": "game:fat" },
			"P": { "type": "item", "code": "game:metalplate-copper" }
		},
		"width": 3,
		"height": 3,
		"output": { "type": "block", "code": "stirlingengineburner-cold-north", "quantity": 1 }
	}
]