{
  "code": "seedshelf",
  "class": "FoodShelves.BlockSeedShelf",
  "entityclass": "FoodShelves.BlockEntitySeedShelf",
  "creativeinventory": { "general": ["*-east"], "decorative": ["*-east"], "foodshelves": ["*-east"] },
  "variantgroups": [
    { "code": "type", "states": ["normal", "short", "veryshort"] },
    { "code": "side", "loadFromProperties": "abstract/horizontalorientation" }
  ],
  "attributes": {
    "handbook": {
      "groupBy": [ "seedshelf-*" ],
      "extraSections": [
        {
          "title": "foodshelves:blockdesc-canhold-title",
          "text": "foodshelves:blockdesc-seedshelf-text"
        }
      ]
    },
    "inventoryClassName": "seedshelf",
    "attributeTransformCode": "onSeedShelfTransform"
  },
  "behaviors": [
    { "name": "HorizontalAttachable", "properties": { "dropBlockFace": "east" } }
  ],
  "shapeByType": {
    "*-veryshort*": {
      "base": "block/wood/shelves/seedshelfveryshort",
      "rotateYByType": { "*-north": 0, "*-east": 270, "*-west": 90, "*-south": 180 }
    },
    "*-short*": {
      "base": "block/wood/shelves/seedshelfshort",
      "rotateYByType": { "*-north": 0, "*-east": 270, "*-west": 90, "*-south": 180 }
    },
    "*": {
      "base": "block/wood/shelves/seedshelf",
      "rotateYByType": { "*-north": 0, "*-east": 270, "*-west": 90, "*-south": 180 }
    }
  },
  "textures": {
    "wood": { "base": "game:block/wood/shelf/wood" },
    "surface": { "base": "game:block/wood/shelf/surface" }
  },
  "heldTpIdleAnimation": "holdunderarm",
  "blockmaterial": "Wood",
  "lightAbsorption": 0,
  "faceCullMode": "NeverCull",
  "emitSideAo": { "all": false },
  "sidesolid": { "all": false },
  "sideopaque": { "all": false },
  "replaceable": 999,
  "resistance": 1.5,
  "combustiblePropsByType": {
    "*-veryshort*": {
      "burnTemperature": 700,
      "burnDuration": 18
    },
    "*-short*": {
      "burnTemperature": 700,
      "burnDuration": 36
    },
    "*": {
      "burnTemperature": 700,
      "burnDuration": 72
    }
  },
  "tpHandTransform": {
	  "translation": { "x": -0.8, "y": -0.68, "z": -0.41 },
	  "rotation": { "x": 99, "y": -10, "z": -6 },
	  "scale": 0.5
  },
  "sounds": {
    "place": "game:block/planks",
    "hit": "game:block/planks",
    "break": "game:block/planks"
  },
  "materialDensity": 400,
  "collisionboxByType": {
    "*-veryshort*": { "x1": 0.6875, "y1": 0, "z1": 0, "x2": 0.875, "y2": 1, "z2": 1, "rotateYByType": { "*-north": 90, "*-east": 0, "*-west": 180, "*-south": 270 } },
    "*-short*": { "x1": 0.5, "y1": 0, "z1": 0, "x2": 0.875, "y2": 1, "z2": 1, "rotateYByType": { "*-north": 90, "*-east": 0, "*-west": 180, "*-south": 270 } },
    "*": { "x1": 0.125, "y1": 0, "z1": 0, "x2": 0.875, "y2": 1, "z2": 1, "rotateYByType": { "*-north": 90, "*-east": 0, "*-west": 180, "*-south": 270 } }
  },
  "selectionBoxesByType": {
    "*-veryshort*": [
	    { "x1": 0.6875, "y1": 0, "z1": 0.1075, "x2": 0.9375, "y2": 0.3125, "z2": 0.375, "rotateYByType": { "*-north": 90, "*-east": 0, "*-west": 180, "*-south": 270 } },
	    { "x1": 0.6875, "y1": 0, "z1": 0.375, "x2": 0.9375, "y2": 0.3125, "z2": 0.625, "rotateYByType": { "*-north": 90, "*-east": 0, "*-west": 180, "*-south": 270 } },
	    { "x1": 0.6875, "y1": 0, "z1": 0.625, "x2": 0.9375, "y2": 0.3125, "z2": 0.8925, "rotateYByType": { "*-north": 90, "*-east": 0, "*-west": 180, "*-south": 270 } },
	
	    { "x1": 0.6875, "y1": 0.3125, "z1": 0.1075, "x2": 0.9375, "y2": 0.625, "z2": 0.375, "rotateYByType": { "*-north": 90, "*-east": 0, "*-west": 180, "*-south": 270 } },
	    { "x1": 0.6875, "y1": 0.3125, "z1": 0.375, "x2": 0.9375, "y2": 0.625, "z2": 0.625, "rotateYByType": { "*-north": 90, "*-east": 0, "*-west": 180, "*-south": 270 } },
	    { "x1": 0.6875, "y1": 0.3125, "z1": 0.625, "x2": 0.9375, "y2": 0.625, "z2": 0.8925, "rotateYByType": { "*-north": 90, "*-east": 0, "*-west": 180, "*-south": 270 } },
	
	    { "x1": 0.6875, "y1": 0.625, "z1": 0.1075, "x2": 0.9375, "y2": 1, "z2": 0.375, "rotateYByType": { "*-north": 90, "*-east": 0, "*-west": 180, "*-south": 270 } },
	    { "x1": 0.6875, "y1": 0.625, "z1": 0.375, "x2": 0.9375, "y2": 1, "z2": 0.625, "rotateYByType": { "*-north": 90, "*-east": 0, "*-west": 180, "*-south": 270 } },
	    { "x1": 0.6875, "y1": 0.625, "z1": 0.625, "x2": 0.9375, "y2": 1, "z2": 0.8925, "rotateYByType": { "*-north": 90, "*-east": 0, "*-west": 180, "*-south": 270 } }
    ],
    "*-short*": [
	    { "x1": 0.5, "y1": 0, "z1": 0.1075, "x2": 0.9375, "y2": 0.3125, "z2": 0.375, "rotateYByType": { "*-north": 90, "*-east": 0, "*-west": 180, "*-south": 270 } },
	    { "x1": 0.5, "y1": 0, "z1": 0.375, "x2": 0.9375, "y2": 0.3125, "z2": 0.625, "rotateYByType": { "*-north": 90, "*-east": 0, "*-west": 180, "*-south": 270 } },
	    { "x1": 0.5, "y1": 0, "z1": 0.625, "x2": 0.9375, "y2": 0.3125, "z2": 0.8925, "rotateYByType": { "*-north": 90, "*-east": 0, "*-west": 180, "*-south": 270 } },
	
	    { "x1": 0.5, "y1": 0.3125, "z1": 0.1075, "x2": 0.9375, "y2": 0.625, "z2": 0.375, "rotateYByType": { "*-north": 90, "*-east": 0, "*-west": 180, "*-south": 270 } },
	    { "x1": 0.5, "y1": 0.3125, "z1": 0.375, "x2": 0.9375, "y2": 0.625, "z2": 0.625, "rotateYByType": { "*-north": 90, "*-east": 0, "*-west": 180, "*-south": 270 } },
	    { "x1": 0.5, "y1": 0.3125, "z1": 0.625, "x2": 0.9375, "y2": 0.625, "z2": 0.8925, "rotateYByType": { "*-north": 90, "*-east": 0, "*-west": 180, "*-south": 270 } },
	
	    { "x1": 0.5, "y1": 0.625, "z1": 0.1075, "x2": 0.9375, "y2": 1, "z2": 0.375, "rotateYByType": { "*-north": 90, "*-east": 0, "*-west": 180, "*-south": 270 } },
	    { "x1": 0.5, "y1": 0.625, "z1": 0.375, "x2": 0.9375, "y2": 1, "z2": 0.625, "rotateYByType": { "*-north": 90, "*-east": 0, "*-west": 180, "*-south": 270 } },
	    { "x1": 0.5, "y1": 0.625, "z1": 0.625, "x2": 0.9375, "y2": 1, "z2": 0.8925, "rotateYByType": { "*-north": 90, "*-east": 0, "*-west": 180, "*-south": 270 } }
    ],
    "*": [
	    { "x1": 0.125, "y1": 0, "z1": 0.1075, "x2": 0.9375, "y2": 0.3125, "z2": 0.375, "rotateYByType": { "*-north": 90, "*-east": 0, "*-west": 180, "*-south": 270 } },
	    { "x1": 0.125, "y1": 0, "z1": 0.375, "x2": 0.9375, "y2": 0.3125, "z2": 0.625, "rotateYByType": { "*-north": 90, "*-east": 0, "*-west": 180, "*-south": 270 } },
	    { "x1": 0.125, "y1": 0, "z1": 0.625, "x2": 0.9375, "y2": 0.3125, "z2": 0.8925, "rotateYByType": { "*-north": 90, "*-east": 0, "*-west": 180, "*-south": 270 } },
	
	    { "x1": 0.125, "y1": 0.3125, "z1": 0.1075, "x2": 0.9375, "y2": 0.625, "z2": 0.375, "rotateYByType": { "*-north": 90, "*-east": 0, "*-west": 180, "*-south": 270 } },
	    { "x1": 0.125, "y1": 0.3125, "z1": 0.375, "x2": 0.9375, "y2": 0.625, "z2": 0.625, "rotateYByType": { "*-north": 90, "*-east": 0, "*-west": 180, "*-south": 270 } },
	    { "x1": 0.125, "y1": 0.3125, "z1": 0.625, "x2": 0.9375, "y2": 0.625, "z2": 0.8925, "rotateYByType": { "*-north": 90, "*-east": 0, "*-west": 180, "*-south": 270 } },
	
	    { "x1": 0.125, "y1": 0.625, "z1": 0.1075, "x2": 0.9375, "y2": 1, "z2": 0.375, "rotateYByType": { "*-north": 90, "*-east": 0, "*-west": 180, "*-south": 270 } },
	    { "x1": 0.125, "y1": 0.625, "z1": 0.375, "x2": 0.9375, "y2": 1, "z2": 0.625, "rotateYByType": { "*-north": 90, "*-east": 0, "*-west": 180, "*-south": 270 } },
	    { "x1": 0.125, "y1": 0.625, "z1": 0.625, "x2": 0.9375, "y2": 1, "z2": 0.8925, "rotateYByType": { "*-north": 90, "*-east": 0, "*-west": 180, "*-south": 270 } }
    ]
  }
}
