[
	{
	"code": "nadiyan_leather",
	"perishableProps": {
		"type": "None",
		"freshHours": { "avg": 72 },
		"transitionHours": { "avg": 72 },
		"transitionRatio": 1,
		"transitionedStack": { "type": "item", "code": "tailorsdelight:leather-nadiyan" }
	},
	"shape": { "base": "block/food/meal/liquid" },
	"ingredients": [
		{
		"code": "chromite", "minQuantity": 1, "maxQuantity": 1, "portionSizeLitres": 0.5,
		"validStacks": [ { "type": "item", "code": "game:dilutedchromiteportion", "shapeElement": "game:bowl/water" } ]
		},
		{
		"code": "tannin", "minQuantity": 1, "maxQuantity": 1, "portionSizeLitres": 0.5,
		"validStacks": [ { "type": "item", "code": "game:weaktanninportion", "shapeElement": "game:bowl/water" } ]
		},
		{
		"code": "lead", "minQuantity": 1, "maxQuantity": 1,
		"validStacks": [ { "type": "item", "code": "em:powdered-metal-lead", "quantity": 1 } ]
		},
		{
		"code": "leather", "minQuantity": 1, "maxQuantity": 1,
		"validStacks": [ { "type": "item", "code": "game:leather-normal-plain", "quantity": 1 } ]
		}
	],
	"cooksInto": { "type": "Item", "code": "tailorsdelight:leather-nadiyan", "quantity": 1 }
	}
]
