[
  {
    "__comment": "This recipe looks odd, because the sealing happens in code in BlockCrock.cs",
    "ingredientPattern": "C,F",
    "ingredients": {
      "C": {
        "type": "block",
        "code": "pewter:crock-*-east",
        "name": "metal",
        "allowedVariants": [ "pewter" ]
      },
      "F": {
        "type": "item",
        "code": "game:fat"
      }
    },
    "width": 1,
    "height": 2,
    "shapeless": true,
    "output": {
      "type": "block",
      "code": "pewter:crock-{metal}-east",
      "quantity": 1
    }
  },
  {
    "ingredientPattern": "C,F",
    "ingredients": {
      "C": {
        "type": "block",
        "code": "pewter:crock-*-east",
        "name": "metal",
        "allowedVariants": [ "pewter" ]
      },
      "F": {
        "type": "item",
        "code": "game:beeswax"
      }
    },
    "width": 1,
    "height": 2,
    "shapeless": true,
    "output": {
      "type": "block",
      "code": "pewter:crock-{metal}-east",
      "quantity": 1
    }
  }

]