{
    code: "nightstandfancy",
	class: "BlockGenericTypedContainer",
	entityclass: "GenericTypedContainer",
	attributes: {
		humanoidTraversalCost: 100,
		partialAttachable: true,
		inventoryClassName: "chest",
		defaultType: "oak",
		types: ["acacia",
			"baldcypress",
			"birch",
			"ebony",
			"kapok",
			"larch",
			"maple",
			"oak",
			"pine",
			"purpleheart",
			"redwood",
			"walnut",
			"aged"
		],
		rotatatableInterval: {"acacia": "22.5degnot45deg",
			"baldcypress": "22.5degnot45deg",
			"birch": "22.5degnot45deg",
			"ebony": "22.5degnot45deg",
			"kapok": "22.5degnot45deg",
			"larch": "22.5degnot45deg",
			"maple": "22.5degnot45deg",
			"oak": "22.5degnot45deg",
			"pine": "22.5degnot45deg",
			"purpleheart": "22.5degnot45deg",
			"redwood": "22.5degnot45deg",
			"walnut": "22.5degnot45deg",
			"aged": "22.5degnot45deg"},
		drop: {"acacia": true,
			"baldcypress": true,
			"birch": true,
			"ebony": true,
			"kapok": true,
			"larch": true,
			"maple": true,
			"oak": true,
			"pine": true,
			"purpleheart": true,
			"redwood": true,
			"walnut": true,
			"aged": true},
		quantitySlots: {"acacia": 16,
			"baldcypress": 16,
			"birch": 16,
			"ebony": 16,
			"kapok": 16,
			"larch": 16,
			"maple": 16,
			"oak": 16,
			"pine": 16,
			"purpleheart": 16,
			"redwood": 16,
			"walnut": 16,
			"aged": 16},
		dialogTitleLangCode: {"*": "chestcontents"},
		storageType: {"acacia": 189,
			"baldcypress": 189,
			"birch": 189,
			"ebony": 189,
			"kapok": 189,
			"larch": 189,
			"maple": 189,
			"oak": 189,
			"pine": 189,
			"purpleheart": 189,
			"redwood": 189,
			"walnut": 189,
			"aged": 189},
		retrieveOnly: {"*": false},
		shape: {"acacia": "shapes/block/nightstandfancy",
			"baldcypress": "shapes/block/nightstandfancy",
			"birch": "shapes/block/nightstandfancy",
			"ebony": "shapes/block/nightstandfancy",
			"kapok": "shapes/block/nightstandfancy",
			"larch": "shapes/block/nightstandfancy",
			"maple": "shapes/block/nightstandfancy",
			"oak": "shapes/block/nightstandfancy",
			"pine": "shapes/block/nightstandfancy",
			"purpleheart": "shapes/block/nightstandfancy",
			"redwood": "shapes/block/nightstandfancy",
			"walnut": "shapes/block/nightstandfancy",
			"aged": "shapes/block/nightstandfancy"},
		openSound: {"*":"sounds/block/largechestopen"},
		closeSound: {"*":"sounds/block/largechestclose"},
		variantByGroup: "side",
		variantByGroupInventory: null
		},

	behaviors: [{name: "Lockable" }, {name: "Container"}],
	variantgroups: [
		{ code:"side", loadFromProperties: "abstract/horizontalorientation" },
	],
	creativeinventoryStacksByType: {
		"*-east": [
			{
				tabs: [ "general", "decorative" ],
				stacks: [
					{ type: "block", code: "nightstandfancy-east", attributes: { type: "oak" } },
					{ type: "block", code: "nightstandfancy-east", attributes: { type: "acacia" } },
					{ type: "block", code: "nightstandfancy-east", attributes: { type: "baldcypress" } },
					{ type: "block", code: "nightstandfancy-east", attributes: { type: "birch" } },
					{ type: "block", code: "nightstandfancy-east", attributes: { type: "ebony" } },
					{ type: "block", code: "nightstandfancy-east", attributes: { type: "kapok" } },
					{ type: "block", code: "nightstandfancy-east", attributes: { type: "larch" } },
					{ type: "block", code: "nightstandfancy-east", attributes: { type: "maple" } },
					{ type: "block", code: "nightstandfancy-east", attributes: { type: "pine" } },
					{ type: "block", code: "nightstandfancy-east", attributes: { type: "purpleheart" } },
					{ type: "block", code: "nightstandfancy-east", attributes: { type: "redwood" } },
					{ type: "block", code: "nightstandfancy-east", attributes: { type: "walnut" } },
					{ type: "block", code: "nightstandfancy-east", attributes: { type: "aged" } }
				]
			}
		]
	},
	drawtype: "json",
	shapeByType: {
		"*-north": {  base: "shapes/block/nightstandfancy", rotateY: 0 },
		"*-east": { base: "shapes/block/nightstandfancy", rotateY: 90 },
		"*-west": {  base: "shapes/block/nightstandfancy", rotateY: 180 },
		"*-south": { base: "shapes/block/nightstandfancy", rotateY: 270 }
	},
	shapeInventory: { base: "shapes/block/nightstandfancy", rotateY: 270 },
	texturesbytype: {
		"nightstandfancy-*":{
			"molybdochalkos": {base:"game:block/metal/ingot/tinbronze"},
            "oak-h": {base:"game:block/wood/bark/oak-h"},
            "oak": {base:"game:block/wood/debarked/oak"},

            "oak-molybdochalkos": {base:"game:block/metal/ingot/tinbronze"},
            "oak-oak-h": {base:"game:block/wood/bark/oak-h"},
            "oak-oak": {base:"game:block/wood/debarked/oak"},

			"acacia-molybdochalkos": {base:"game:block/metal/ingot/molybdochalkos"},
            "acacia-oak-h": {base:"game:block/wood/bark/acacia-h"},
            "acacia-oak": {base:"game:block/wood/debarked/acacia"},
			
			"baldcypress-molybdochalkos": {base:"game:block/metal/ingot/molybdochalkos"},
            "baldcypress-oak-h": {base:"game:block/wood/bark/baldcypress-h"},
            "baldcypress-oak": {base:"game:block/wood/debarked/baldcypress"},
			
			"birch-molybdochalkos": {base:"game:block/metal/ingot/molybdochalkos"},
            "birch-oak-h": {base:"game:block/wood/bark/birch-h"},
            "birch-oak": {base:"game:block/wood/debarked/birch"},

			"ebony-molybdochalkos": {base:"game:block/metal/ingot/gold"},
            "ebony-oak-h": {base:"game:block/wood/bark/ebony-h"},
            "ebony-oak": {base:"game:block/wood/debarked/ebony"},
			
			"kapok-molybdochalkos": {base:"game:block/metal/ingot/tinbronze"},
            "kapok-oak-h": {base:"game:block/wood/bark/kapok-h"},
            "kapok-oak": {base:"game:block/wood/debarked/kapok"},
			
			"larch-molybdochalkos": {base:"game:block/metal/ingot/tinbronze"},
            "larch-oak-h": {base:"game:block/wood/bark/larch-h"},
            "larch-oak": {base:"game:block/wood/debarked/larch"},
			
			"maple-molybdochalkos": {base:"game:block/metal/ingot/tinbronze"},
            "maple-oak-h": {base:"game:block/wood/bark/maple-h"},
            "maple-oak": {base:"game:block/wood/debarked/maple"},
			
			"pine-molybdochalkos": {base:"game:block/metal/ingot/molybdochalkos"},
            "pine-oak-h": {base:"game:block/wood/bark/pine-h"},
            "pine-oak": {base:"game:block/wood/debarked/pine"},
			
			"purpleheart-molybdochalkos": {base:"game:block/metal/ingot/gold"},
            "purpleheart-oak-h": {base:"game:block/wood/bark/purpleheart-h"},
            "purpleheart-oak": {base:"game:block/wood/debarked/purpleheart"},
			
			"redwood-molybdochalkos": {base:"game:block/metal/ingot/molybdochalkos"},
            "redwood-oak-h": {base:"game:block/wood/bark/redwood-h"},
            "redwood-oak": {base:"game:block/wood/debarked/redwood"},

			"walnut-molybdochalkos": {base:"game:block/metal/ingot/tinbronze"},
            "walnut-oak-h": {base:"game:block/wood/bark/walnut-h"},
            "walnut-oak": {base:"game:block/wood/debarked/walnut"},

			"aged-molybdochalkos": {base:"game:block/metal/ingot/platinum"},
            "aged-oak-h": {base:"game:block/wood/bark/aged-h"},
            "aged-oak": {base:"game:block/wood/debarked/aged"}
        }
	},
	blockmaterial: "Wood",
	replaceable: 900,
	resistance: 1.5,
	lightAbsorption: 1,
	sideAo: { all: false },
	sidesolid: {
		all: false
	},
	handbook: {
		include: true},
	sideopaque: {
		all: false
	},
	sounds: {
		"place": "game:block/planks",
		"hit": "game:block/planks",
		"break": "game:block/planks",
		"walk": "game:walk/wood"
	},
	collisionbox: {
		x1: 0.0625, y1: 0, z1: 0.0625, x2: 0.9375, y2: 0.8125, z2: 0.9375
	},
	selectionbox: {
		x1: 0.0625, y1: 0, z1: 0.0625, x2: 0.9375, y2: 0.8125, z2: 0.9375
	}
}