{
	code: "wardrobe",
	behaviors: [
		{name: "Lockable"},
		{name: "HorizontalOrientable"}
	],	
	variantgroups: [
        { code: "side", loadFromProperties: "abstract/horizontalorientation" }
	],
	attributesByType: {
		"*north*": {reinforcable: true, height: 1, facing: 4},
		"*south*": {reinforcable: true, height: 1, facing: 3},
		"*east*": {reinforcable: true, height: 1, facing: 2},
		"*west*": {reinforcable: true, height: 1, facing: 1}
	},
	class: "blockwardrobe",
	entityClass: "blockentitykevindisplay",
	creativeinventoryByType: {
		"*": { "general": ["*-east"], "decorative": ["*-east"] }
	},
	shapeByType: {
		"*north*": { base: "block/wardrobe", rotateY: 0 },
		"*east*": { base: "block/wardrobe", rotateY: 270 },
		"*west*": { base: "block/wardrobe", rotateY: 90 },
		"*south*": { base: "block/wardrobe", rotateY: 180 },
	},
	drawtype: "json",
	blockmaterial: "Wood",
	replaceable: 600,
	resistance: 3,
	lightAbsorption: 0,
	heldTpIdleAnimation: "holdbothhandslarge", heldRightReadyAnimation: "heldblockready", heldTpUseAnimation: "twohandplaceblock",
	sounds: {
		"place": "game:block/planks",
		"break": "game:block/planks",
		"hit": "game:block/planks",
		"walk": "game:walk/planks",
	},
	"texturesbytype": {
		"*":{
			"molybdochalkos": {base: "game:block/metal/ingot/molybdochalkos"},
			"oak": {base: "game:block/wood/debarked/oak"}
        }		
	},
	collisionSelectionBoxes: [
		{ x1: 0.75, y1: 0.5, z1: 0.25, x2: 1, y2: 1, z2: 0.75,
		rotateYByType: {
			"*-north": 0,
			"*-east": 270,
			"*-west": 90,
			"*-south": 180,
		} },
		{ x1: 0.5, y1: 0.5, z1: 0.25, x2: 0.75, y2: 1, z2: 0.75,
		rotateYByType: {
			"*-north": 0,
			"*-east": 270,
			"*-west": 90,
			"*-south": 180,
		} },
		{ x1: 0.25, y1: 0.5, z1: 0.25, x2: 0.5, y2: 1, z2: 0.75,
		rotateYByType: {
			"*-north": 0,
			"*-east": 270,
			"*-west": 90,
			"*-south": 180,
		} },
		{ x1: 0, y1: 0.5, z1: 0.25, x2: 0.25, y2: 1, z2: 0.75,
		rotateYByType: {
			"*-north": 0,
			"*-east": 270,
			"*-west": 90,
			"*-south": 180,
		} },
	],
	sideopaque: { all: false },
	sideao: { all: true },
	emitsideao: { all: false },
	sidesolid: { all: false },
	tpHandTransform: {
		translation: { x: -1.34, y: -0.39, z: -0.53 },
		rotation: { x: 8, y: 14, z: -81 },
		origin: { x: 0.5, y: 0.25, z: 0.5 },
		scale: 0.5
	}
}