{
	"editor": {
		"allAngles": false,
		"entityTextureMode": false
	},
	"textureWidth": 16,
	"textureHeight": 16,
	"textureSizes": {
		"copper": [16,16]
	},
	"textures": {
		"mat": "game:block/metal/sheet-plain/copper1",
		"floor": "game:block/metal/sheet-plain/copper1"
	},
	"elements": [
		{
			"name": "Bowl 1 floor",
			"from": [ 6.0, 0.0, 6.0 ],
			"to": [ 10.0, 0.5, 10.0 ],
			"rotationOrigin": [ -0.5, 0.0, -0.5 ],
			"faces": {
				"up": { "texture": "#floor", "uv": [ 6.0, 3.5, 10.0, 7.5 ] },
				"down": { "texture": "#floor", "uv": [ 6.0, 3.5, 10.0, 7.5 ] }
			}
		},
		{
			"name": "N 1",
			"from": [ 5.5, 0.0, 5.5 ],
			"to": [ 10.5, 2.0, 6.0 ],
			"rotationOrigin": [ 6.5, 0.0, 6.5 ],
			"faces": {
				"north": { "texture": "#mat", "uv": [ 6.0, 5.0, 11.0, 7.0 ] },
				"east": { "texture": "#mat", "uv": [ 9.0, 6.0, 9.5, 8.0 ] },
				"south": { "texture": "#mat", "uv": [ 4.0, 7.0, 9.0, 9.0 ] },
				"west": { "texture": "#mat", "uv": [ 9.5, 2.0, 10.0, 4.0 ] },
				"down": { "texture": "#mat", "uv": [ 2.0, 10.0, 7.0, 10.5 ] }
			}
		},
		{
			"name": "S 1",
			"from": [ 5.5, 0.0, 10.0 ],
			"to": [ 10.5, 2.0, 10.5 ],
			"rotationOrigin": [ 6.5, 0.0, 7.0 ],
			"faces": {
				"north": { "texture": "#mat", "uv": [ 6.0, 10.0, 11.0, 12.0 ] },
				"east": { "texture": "#mat", "uv": [ 7.5, 7.0, 8.0, 9.0 ] },
				"south": { "texture": "#mat", "uv": [ 10.0, 3.0, 15.0, 5.0 ] },
				"west": { "texture": "#mat", "uv": [ 9.5, 5.0, 10.0, 7.0 ] },
				"down": { "texture": "#mat", "uv": [ 7.0, 6.0, 12.0, 6.5 ] }
			}
		},
		{
			"name": "W 1",
			"from": [ 5.5, 0.0, 6.0 ],
			"to": [ 6.0, 2.0, 10.0 ],
			"rotationOrigin": [ 6.5, 0.0, 6.0 ],
			"faces": {
				"east": { "texture": "#mat", "uv": [ 10.0, 2.0, 14.0, 4.0 ] },
				"west": { "texture": "#mat", "uv": [ 4.0, 10.0, 8.0, 12.0 ] },
				"down": { "texture": "#mat", "uv": [ 14.0, 12.0, 14.5, 16.0 ] }
			}
		},
		{
			"name": "E 1",
			"from": [ 10.0, 0.0, 6.0 ],
			"to": [ 10.5, 2.0, 10.0 ],
			"rotationOrigin": [ 7.0, 0.0, 6.0 ],
			"faces": {
				"east": { "texture": "#mat", "uv": [ 1.0, 6.0, 5.0, 8.0 ] },
				"west": { "texture": "#mat", "uv": [ 6.0, 4.0, 10.0, 6.0 ] },
				"down": { "texture": "#mat", "uv": [ 1.0, 7.0, 1.5, 11.0 ] }
			}
		},
		{
			"name": "N 2",
			"from": [ 5.5, 1.5, 5.0 ],
			"to": [ 10.5, 2.0, 6.0 ],
			"rotationOrigin": [ 8.0, 2.0, 6.0 ],
			"rotationX": 22.5,
			"faces": {
				"north": { "texture": "#mat", "uv": [ 2.0, 14.0, 7.0, 14.5 ] },
				"east": { "texture": "#mat", "uv": [ 6.0, 11.5, 7.0, 12.0 ] },
				"west": { "texture": "#mat", "uv": [ 3.5, 7.5, 4.5, 8.0 ] },
				"up": { "texture": "#mat", "uv": [ 6.5, 7.5, 11.5, 8.5 ] },
				"down": { "texture": "#mat", "uv": [ 3.5, 7.5, 8.5, 8.5 ] }
			}
		},
		{
			"name": "N 3",
			"from": [ 10.0, 1.5, 5.4999 ],
			"to": [ 11.0, 2.0, 10.4999 ],
			"rotationOrigin": [ 10.0, 2.0, 5.9999 ],
			"rotationZ": 22.5,
			"faces": {
				"north": { "texture": "#mat", "uv": [ 13.5, 7.5, 14.5, 8.0 ] },
				"east": { "texture": "#mat", "uv": [ 4.5, 11.0, 9.5, 11.5 ] },
				"south": { "texture": "#mat", "uv": [ 10.5, 9.0, 11.5, 9.5 ] },
				"up": { "texture": "#mat", "uv": [ 2.5, 3.5, 3.5, 8.5 ] },
				"down": { "texture": "#mat", "uv": [ 1.5, 5.0, 2.5, 10.0 ] }
			}
		},
		{
			"name": "N 4",
			"from": [ 5.5, 1.5, 10.0 ],
			"to": [ 10.5, 2.0, 11.0 ],
			"rotationOrigin": [ 8.0, 2.0, 10.0 ],
			"rotationX": -22.5,
			"faces": {
				"east": { "texture": "#mat", "uv": [ 14.5, 8.0, 15.5, 8.5 ] },
				"south": { "texture": "#mat", "uv": [ 0.5, 15.0, 5.5, 15.5 ] },
				"west": { "texture": "#mat", "uv": [ 10.5, 14.0, 11.5, 14.5 ] },
				"up": { "texture": "#mat", "uv": [ 7.0, 0.0, 12.0, 1.0 ] },
				"down": { "texture": "#mat", "uv": [ 4.0, 4.5, 9.0, 5.5 ] }
			}
		},
		{
			"name": "N 5",
			"from": [ 5.0, 1.5, 5.5 ],
			"to": [ 6.0, 2.0, 10.5 ],
			"rotationOrigin": [ 6.0, 2.0, 5.9999 ],
			"rotationZ": -22.5,
			"faces": {
				"north": { "texture": "#mat", "uv": [ 3.5, 5.5, 4.5, 6.0 ] },
				"south": { "texture": "#mat", "uv": [ 1.5, 13.5, 2.5, 14.0 ] },
				"west": { "texture": "#mat", "uv": [ 9.0, 8.0, 14.0, 8.5 ] },
				"up": { "texture": "#mat", "uv": [ 7.0, 7.0, 8.0, 12.0 ] },
				"down": { "texture": "#mat", "uv": [ 3.5, 8.0, 4.5, 13.0 ] }
			}
		}
	]}