{
	"editor": {
		"allAngles": false,
		"entityTextureMode": false
	},
	"textureWidth": 16,
	"textureHeight": 16,
	"textureSizes": {
		"copper4": [16,16],
		"copper": [16,16]
	},
	"textures": {
		"copper": "game:block/metal/lantern/copper"
	},
	"elements": [
		{
			"name": "lid",
			"from": [ 5.5, 0.0, 5.5 ],
			"to": [ 8.0, 0.5, 8.0 ],
			"rotationOrigin": [ 8.0, 1.3, 5.5 ],
			"faces": {
				"north": { "texture": "#copper", "uv": [ 0.0, 0.0, 2.5, 0.5 ] },
				"east": { "texture": "#copper", "uv": [ 0.0, 0.0, 2.5, 0.5 ] },
				"south": { "texture": "#copper", "uv": [ 0.0, 0.0, 2.5, 0.5 ] },
				"west": { "texture": "#copper", "uv": [ 0.0, 0.0, 2.5, 0.5 ] },
				"up": { "texture": "#copper", "uv": [ 0.0, 0.0, 2.5, 2.5 ] },
				"down": { "texture": "#copper", "uv": [ 13.5, 0.0, 16.0, 2.5 ] }
			},
			"children": [
				{
					"name": "lid2",
					"from": [ 2.5, 0.0, 0.0 ],
					"to": [ 5.0, 0.5, 2.5 ],
					"rotationOrigin": [ 5.0, 0.0, 0.0 ],
					"faces": {
						"north": { "texture": "#copper", "uv": [ 13.5, 0.0, 16.0, 0.5 ] },
						"east": { "texture": "#copper", "uv": [ 13.5, 0.0, 16.0, 0.5 ] },
						"south": { "texture": "#copper", "uv": [ 13.5, 0.0, 16.0, 0.5 ] },
						"west": { "texture": "#copper", "uv": [ 13.5, 0.0, 16.0, 0.5 ] },
						"up": { "texture": "#copper", "uv": [ 13.5, 0.0, 16.0, 2.5 ] },
						"down": { "texture": "#copper", "uv": [ 0.0, 0.0, 2.5, 2.5 ] }
					}
				},
				{
					"name": "lid3",
					"from": [ 2.5, 0.0, 2.5 ],
					"to": [ 5.0, 0.5, 5.0 ],
					"rotationOrigin": [ 5.0, 0.0, 2.5 ],
					"faces": {
						"north": { "texture": "#copper", "uv": [ 0.0, 15.5, 2.5, 16.0 ] },
						"east": { "texture": "#copper", "uv": [ 0.0, 15.5, 2.5, 16.0 ] },
						"south": { "texture": "#copper", "uv": [ 0.0, 15.5, 2.5, 16.0 ] },
						"west": { "texture": "#copper", "uv": [ 0.0, 15.5, 2.5, 16.0 ] },
						"up": { "texture": "#copper", "uv": [ 13.5, 13.5, 16.0, 16.0 ] },
						"down": { "texture": "#copper", "uv": [ 0.0, 13.5, 2.5, 16.0 ] }
					}
				},
				{
					"name": "lid4",
					"from": [ 0.0, 0.0, 2.5 ],
					"to": [ 2.5, 0.5, 5.0 ],
					"rotationOrigin": [ 2.5, 0.0, 2.5 ],
					"faces": {
						"north": { "texture": "#copper", "uv": [ 13.5, 15.5, 16.0, 16.0 ] },
						"east": { "texture": "#copper", "uv": [ 13.5, 15.5, 16.0, 16.0 ] },
						"south": { "texture": "#copper", "uv": [ 13.5, 15.5, 16.0, 16.0 ] },
						"west": { "texture": "#copper", "uv": [ 13.5, 15.5, 16.0, 16.0 ] },
						"up": { "texture": "#copper", "uv": [ 0.0, 13.5, 2.5, 16.0 ] },
						"down": { "texture": "#copper", "uv": [ 13.5, 13.5, 16.0, 16.0 ] }
					}
				},
				{
					"name": "Cube2",
					"from": [ 2.0, 0.5, 2.0 ],
					"to": [ 3.0, 1.0, 3.0 ],
					"rotationOrigin": [ 2.0, 0.5, 2.0 ],
					"faces": {
						"north": { "texture": "#copper", "uv": [ 0.0, 0.0, 1.0, 0.5 ] },
						"east": { "texture": "#copper", "uv": [ 3.0, 0.0, 4.0, 0.5 ] },
						"south": { "texture": "#copper", "uv": [ 1.0, 0.0, 2.0, 0.5 ] },
						"west": { "texture": "#copper", "uv": [ 2.0, 0.0, 3.0, 0.5 ] },
						"up": { "texture": "#copper", "uv": [ 0.0, 3.0, 1.0, 4.0 ] }
					}
				}
			]
		}
	]}