{
	"editor": {
		"allAngles": false,
		"entityTextureMode": false
	},
	"textureWidth": 16,
	"textureHeight": 16,
	"textureSizes": {
		"copper4": [16,16],
		"copper": [16,16]
	},
	"textures": {
		"copper4": "game:block/metal/sheet-plain/copper4"
	},
	"elements": [
		{
			"name": "floor",
			"from": [ 4.5, 0.0, 4.5 ],
			"to": [ 11.5, 0.5, 11.5 ],
			"rotationOrigin": [ 7.5, 0.0, 7.5 ],
			"faces": {
				"north": { "texture": "#copper4", "uv": [ 1.0, 15.0, 8.0, 15.5 ] },
				"east": { "texture": "#copper4", "uv": [ 5.0, 15.0, 12.0, 15.5 ] },
				"south": { "texture": "#copper4", "uv": [ 8.0, 15.0, 15.0, 15.5 ] },
				"west": { "texture": "#copper4", "uv": [ 9.0, 15.0, 16.0, 15.5 ] },
				"up": { "texture": "#copper4", "uv": [ 4.0, 2.0, 11.0, 9.0 ] },
				"down": { "texture": "#copper4", "uv": [ 9.0, 3.0, 16.0, 10.0 ] }
			},
			"children": [
				{
					"name": "E",
					"from": [ 7.0, 0.5, 0.0 ],
					"to": [ 7.5, 5.0, 7.0 ],
					"rotationOrigin": [ 1.5, 0.0, -0.5 ],
					"faces": {
						"east": { "texture": "#copper4", "uv": [ 0.0, 11.0, 7.0, 15.5 ] },
						"west": { "texture": "#copper4", "uv": [ 2.0, 4.0, 9.0, 8.5 ] },
						"up": { "texture": "#copper4", "uv": [ 7.0, 6.0, 14.0, 6.5 ], "rotation": 90 },
						"down": { "texture": "#copper4", "uv": [ 5.0, 14.0, 12.0, 14.5 ], "rotation": 90 }
					}
				},
				{
					"name": "W",
					"from": [ -0.5, 0.5, 0.0 ],
					"to": [ 0.0, 5.0, 7.0 ],
					"rotationOrigin": [ 0.0, 0.0, -0.5 ],
					"faces": {
						"east": { "texture": "#copper4", "uv": [ 6.0, 3.0, 13.0, 7.5 ] },
						"west": { "texture": "#copper4", "uv": [ 7.0, 11.0, 14.0, 15.5 ] },
						"up": { "texture": "#copper4", "uv": [ 7.0, 3.0, 14.0, 3.5 ], "rotation": 90 },
						"down": { "texture": "#copper4", "uv": [ 2.0, 14.0, 9.0, 14.5 ], "rotation": 90 }
					}
				},
				{
					"name": "S",
					"from": [ -0.5, 0.5, 7.0 ],
					"to": [ 7.5, 5.0, 7.5 ],
					"rotationOrigin": [ 0.0, 0.0, 1.5 ],
					"faces": {
						"north": { "texture": "#copper4", "uv": [ 2.0, 5.0, 10.0, 9.5 ] },
						"east": { "texture": "#copper4", "uv": [ 7.0, 11.0, 7.5, 15.5 ] },
						"south": { "texture": "#copper4", "uv": [ 8.0, 11.0, 16.0, 15.5 ] },
						"west": { "texture": "#copper4", "uv": [ 5.0, 11.0, 5.5, 15.5 ] },
						"up": { "texture": "#copper4", "uv": [ 7.0, 5.0, 15.0, 5.5 ] },
						"down": { "texture": "#copper4", "uv": [ 3.0, 14.0, 11.0, 14.5 ] }
					}
				},
				{
					"name": "N",
					"from": [ -0.5, 0.5, -0.5 ],
					"to": [ 7.5, 5.0, 0.0 ],
					"faces": {
						"north": { "texture": "#copper4", "uv": [ 0.0, 11.0, 8.0, 15.5 ] },
						"east": { "texture": "#copper4", "uv": [ 7.0, 11.0, 7.5, 15.5 ] },
						"south": { "texture": "#copper4", "uv": [ 8.0, 2.0, 16.0, 6.5 ] },
						"west": { "texture": "#copper4", "uv": [ 2.0, 11.0, 2.5, 15.5 ] },
						"up": { "texture": "#copper4", "uv": [ 6.0, 5.0, 14.0, 5.5 ] },
						"down": { "texture": "#copper4", "uv": [ 5.0, 14.0, 13.0, 14.5 ] }
					}
				},
				{
					"name": "N neck2",
					"from": [ 0.0, 4.5, 5.5 ],
					"to": [ 7.0, 5.5, 7.0 ],
					"rotationOrigin": [ 0.0, 0.0, 5.5 ],
					"faces": {
						"north": { "texture": "#copper4", "uv": [ 0.0, 0.0, 7.0, 1.0 ] },
						"east": { "texture": "#copper4", "uv": [ 5.0, 0.0, 6.5, 1.0 ] },
						"south": { "texture": "#copper4", "uv": [ 6.0, 0.0, 13.0, 1.0 ] },
						"west": { "texture": "#copper4", "uv": [ 0.0, 0.0, 1.5, 1.0 ] },
						"up": { "texture": "#copper4", "uv": [ 3.0, 5.0, 10.0, 6.5 ] },
						"down": { "texture": "#copper4", "uv": [ 3.0, 3.0, 10.0, 4.5 ] }
					}
				},
				{
					"name": "S neck2",
					"from": [ 0.0, 4.5, 0.0 ],
					"to": [ 7.0, 5.5, 1.5 ],
					"rotationOrigin": [ 0.0, 0.0, -5.0 ],
					"faces": {
						"north": { "texture": "#copper4", "uv": [ 0.0, 0.0, 7.0, 1.0 ] },
						"east": { "texture": "#copper4", "uv": [ 13.0, 0.0, 14.5, 1.0 ] },
						"south": { "texture": "#copper4", "uv": [ 6.0, 0.0, 13.0, 1.0 ] },
						"west": { "texture": "#copper4", "uv": [ 5.0, 0.0, 6.5, 1.0 ] },
						"up": { "texture": "#copper4", "uv": [ 6.0, 5.0, 13.0, 6.5 ] },
						"down": { "texture": "#copper4", "uv": [ 3.0, 3.0, 10.0, 4.5 ] }
					}
				},
				{
					"name": "E neck2",
					"from": [ 0.0, 4.5, 1.5 ],
					"to": [ 1.5, 5.5, 5.5 ],
					"rotationOrigin": [ -5.0, 0.0, 0.5 ],
					"faces": {
						"east": { "texture": "#copper4", "uv": [ 7.0, 0.0, 11.0, 1.0 ] },
						"west": { "texture": "#copper4", "uv": [ 8.0, 0.0, 12.0, 1.0 ] },
						"up": { "texture": "#copper4", "uv": [ 9.0, 3.0, 10.5, 7.0 ] },
						"down": { "texture": "#copper4", "uv": [ 3.0, 3.0, 4.5, 7.0 ] }
					}
				},
				{
					"name": "W neck2",
					"from": [ 5.5, 4.5, 1.5 ],
					"to": [ 7.0, 5.5, 5.5 ],
					"rotationOrigin": [ 5.5, 0.0, 0.5 ],
					"faces": {
						"east": { "texture": "#copper4", "uv": [ 7.0, 0.0, 11.0, 1.0 ] },
						"west": { "texture": "#copper4", "uv": [ 7.0, 0.0, 11.0, 1.0 ] },
						"up": { "texture": "#copper4", "uv": [ 3.0, 5.0, 4.5, 9.0 ] },
						"down": { "texture": "#copper4", "uv": [ 3.0, 3.0, 4.5, 7.0 ] }
					}
				},
				{
					"name": "S neck3",
					"from": [ 0.0, 5.5, 5.0 ],
					"to": [ 0.5, 7.0, 5.5 ],
					"rotationOrigin": [ 0.5, 5.5, 0.0 ],
					"rotationZ": 20.0,
					"faces": {
						"north": { "texture": "#copper4", "uv": [ 0.0, 0.0, 0.5, 1.5 ] },
						"east": { "texture": "#copper4", "uv": [ 13.0, 0.0, 13.5, 1.5 ] },
						"south": { "texture": "#copper4", "uv": [ 6.0, 0.0, 6.5, 1.5 ] },
						"west": { "texture": "#copper4", "uv": [ 5.0, 0.0, 5.5, 1.5 ] },
						"up": { "texture": "#copper4", "uv": [ 6.0, 5.0, 6.5, 5.5 ] },
						"down": { "texture": "#copper4", "uv": [ 3.0, 3.0, 3.5, 3.5 ] }
					},
					"children": [
						{
							"name": "N neck3",
							"from": [ 0.0, 0.0, -3.5 ],
							"to": [ 0.5, 1.5, -3.0 ],
							"rotationOrigin": [ 0.0, -4.5, -3.5 ],
							"faces": {
								"north": { "texture": "#copper4", "uv": [ 0.0, 0.0, 0.5, 1.5 ] },
								"east": { "texture": "#copper4", "uv": [ 5.0, 0.0, 5.5, 1.5 ] },
								"south": { "texture": "#copper4", "uv": [ 6.0, 0.0, 6.5, 1.5 ] },
								"west": { "texture": "#copper4", "uv": [ 0.0, 0.0, 0.5, 1.5 ] },
								"up": { "texture": "#copper4", "uv": [ 3.0, 5.0, 3.5, 5.5 ] },
								"down": { "texture": "#copper4", "uv": [ 3.0, 3.0, 3.5, 3.5 ] }
							}
						},
						{
							"name": "N neck4",
							"from": [ 0.0, 1.0, -3.0 ],
							"to": [ 0.5, 1.5, 0.0 ],
							"rotationOrigin": [ 0.0, -3.5, -3.0 ],
							"faces": {
								"north": { "texture": "#copper4", "uv": [ 0.0, 0.0, 0.5, 0.5 ] },
								"east": { "texture": "#copper4", "uv": [ 5.0, 0.0, 8.0, 0.5 ] },
								"south": { "texture": "#copper4", "uv": [ 6.0, 0.0, 6.5, 0.5 ] },
								"west": { "texture": "#copper4", "uv": [ 0.0, 0.0, 3.0, 0.5 ] },
								"up": { "texture": "#copper4", "uv": [ 3.0, 5.0, 3.5, 8.0 ] },
								"down": { "texture": "#copper4", "uv": [ 3.0, 3.0, 3.5, 6.0 ] }
							}
						}
					]
				},
				{
					"name": "S neck4",
					"from": [ 6.0, 5.5, 12.0 ],
					"to": [ 6.5, 7.0, 12.5 ],
					"rotationOrigin": [ 6.5, 5.5, 7.0 ],
					"rotationX": 180.0,
					"rotationZ": 200.0,
					"faces": {
						"north": { "texture": "#copper4", "uv": [ 0.0, 0.0, 0.5, 1.5 ] },
						"east": { "texture": "#copper4", "uv": [ 13.0, 0.0, 13.5, 1.5 ] },
						"south": { "texture": "#copper4", "uv": [ 6.0, 0.0, 6.5, 1.5 ] },
						"west": { "texture": "#copper4", "uv": [ 5.0, 0.0, 5.5, 1.5 ] },
						"up": { "texture": "#copper4", "uv": [ 6.0, 5.0, 6.5, 5.5 ] },
						"down": { "texture": "#copper4", "uv": [ 3.0, 3.0, 3.5, 3.5 ] }
					},
					"children": [
						{
							"name": "N neck5",
							"from": [ 0.0, 0.0, -3.5 ],
							"to": [ 0.5, 1.5, -3.0 ],
							"rotationOrigin": [ 0.0, -4.5, -3.5 ],
							"faces": {
								"north": { "texture": "#copper4", "uv": [ 0.0, 0.0, 0.5, 1.5 ] },
								"east": { "texture": "#copper4", "uv": [ 5.0, 0.0, 5.5, 1.5 ] },
								"south": { "texture": "#copper4", "uv": [ 6.0, 0.0, 6.5, 1.5 ] },
								"west": { "texture": "#copper4", "uv": [ 0.0, 0.0, 0.5, 1.5 ] },
								"up": { "texture": "#copper4", "uv": [ 3.0, 5.0, 3.5, 5.5 ] },
								"down": { "texture": "#copper4", "uv": [ 3.0, 3.0, 3.5, 3.5 ] }
							}
						},
						{
							"name": "N neck6",
							"from": [ 0.0, 1.0, -3.0 ],
							"to": [ 0.5, 1.5, 0.0 ],
							"rotationOrigin": [ 0.0, -3.5, -3.0 ],
							"faces": {
								"north": { "texture": "#copper4", "uv": [ 0.0, 0.0, 0.5, 0.5 ] },
								"east": { "texture": "#copper4", "uv": [ 5.0, 0.0, 8.0, 0.5 ] },
								"south": { "texture": "#copper4", "uv": [ 6.0, 0.0, 6.5, 0.5 ] },
								"west": { "texture": "#copper4", "uv": [ 0.0, 0.0, 3.0, 0.5 ] },
								"up": { "texture": "#copper4", "uv": [ 3.0, 5.0, 3.5, 8.0 ] },
								"down": { "texture": "#copper4", "uv": [ 3.0, 3.0, 3.5, 6.0 ] }
							}
						}
					]
				},
				{
					"name": "E neck",
					"from": [ 6.0, 5.5, 1.0 ],
					"to": [ 6.5, 6.0, 6.0 ],
					"rotationOrigin": [ 1.0, 1.0, 0.0 ],
					"faces": {
						"east": { "texture": "#copper4", "uv": [ 7.0, 0.0, 12.0, 0.5 ] },
						"west": { "texture": "#copper4", "uv": [ 8.0, 0.0, 13.0, 0.5 ] },
						"up": { "texture": "#copper4", "uv": [ 9.0, 3.0, 9.5, 8.0 ] },
						"down": { "texture": "#copper4", "uv": [ 3.0, 3.0, 3.5, 8.0 ] }
					}
				},
				{
					"name": "W neck",
					"from": [ 0.5, 5.5, 1.0 ],
					"to": [ 1.0, 6.0, 6.0 ],
					"rotationOrigin": [ 0.5, 1.0, 0.0 ],
					"faces": {
						"east": { "texture": "#copper4", "uv": [ 7.0, 0.0, 12.0, 0.5 ] },
						"west": { "texture": "#copper4", "uv": [ 7.0, 0.0, 12.0, 0.5 ] },
						"up": { "texture": "#copper4", "uv": [ 3.0, 5.0, 3.5, 10.0 ] },
						"down": { "texture": "#copper4", "uv": [ 3.0, 3.0, 3.5, 8.0 ] }
					}
				},
				{
					"name": "S neck",
					"from": [ 0.5, 5.5, 6.0 ],
					"to": [ 6.5, 6.0, 6.5 ],
					"rotationOrigin": [ 0.5, 1.0, 1.0 ],
					"faces": {
						"north": { "texture": "#copper4", "uv": [ 0.0, 0.0, 6.0, 0.5 ] },
						"east": { "texture": "#copper4", "uv": [ 13.0, 0.0, 13.5, 0.5 ] },
						"south": { "texture": "#copper4", "uv": [ 6.0, 0.0, 12.0, 0.5 ] },
						"west": { "texture": "#copper4", "uv": [ 5.0, 0.0, 5.5, 0.5 ] },
						"up": { "texture": "#copper4", "uv": [ 6.0, 5.0, 12.0, 5.5 ] },
						"down": { "texture": "#copper4", "uv": [ 3.0, 3.0, 9.0, 3.5 ] }
					}
				},
				{
					"name": "N neck",
					"from": [ 0.5, 5.5, 0.5 ],
					"to": [ 6.5, 6.0, 1.0 ],
					"rotationOrigin": [ 0.5, 1.0, 0.5 ],
					"faces": {
						"north": { "texture": "#copper4", "uv": [ 0.0, 0.0, 6.0, 0.5 ] },
						"east": { "texture": "#copper4", "uv": [ 5.0, 0.0, 5.5, 0.5 ] },
						"south": { "texture": "#copper4", "uv": [ 6.0, 0.0, 12.0, 0.5 ] },
						"west": { "texture": "#copper4", "uv": [ 0.0, 0.0, 0.5, 0.5 ] },
						"up": { "texture": "#copper4", "uv": [ 3.0, 5.0, 9.0, 5.5 ] },
						"down": { "texture": "#copper4", "uv": [ 3.0, 3.0, 9.0, 3.5 ] }
					}
				},
				{
					"name": "E2",
					"from": [ 6.5, 0.5, 0.0 ],
					"to": [ 7.0, 1.0, 7.0 ],
					"rotationOrigin": [ 1.0, 0.0, -0.5 ],
					"faces": {
						"west": { "texture": "#copper4", "uv": [ 2.0, 4.0, 9.0, 4.5 ] },
						"up": { "texture": "#copper4", "uv": [ 7.0, 6.0, 14.0, 6.5 ], "rotation": 90 }
					}
				},
				{
					"name": "W2",
					"from": [ 0.2, 0.5, 0.0 ],
					"to": [ 0.7, 1.0, 7.0 ],
					"rotationOrigin": [ 0.7, 0.0, -0.5 ],
					"faces": {
						"east": { "texture": "#copper4", "uv": [ 6.0, 3.0, 13.0, 3.5 ] },
						"up": { "texture": "#copper4", "uv": [ 7.0, 3.0, 14.0, 3.5 ], "rotation": 90 }
					}
				},
				{
					"name": "S2",
					"from": [ 0.5, 0.5, 6.5 ],
					"to": [ 6.5, 1.0, 7.0 ],
					"rotationOrigin": [ 1.0, 0.0, 1.0 ],
					"faces": {
						"north": { "texture": "#copper4", "uv": [ 2.0, 5.0, 8.0, 5.5 ] },
						"up": { "texture": "#copper4", "uv": [ 7.0, 5.0, 13.0, 5.5 ] }
					}
				},
				{
					"name": "N2",
					"from": [ 0.5, 0.5, 0.0 ],
					"to": [ 6.5, 1.0, 0.5 ],
					"rotationOrigin": [ 1.0, 0.0, 0.5 ],
					"faces": {
						"south": { "texture": "#copper4", "uv": [ 8.0, 2.0, 14.0, 2.5 ] },
						"up": { "texture": "#copper4", "uv": [ 6.0, 5.0, 12.0, 5.5 ] }
					}
				}
			]
		}
	]}