[
  {
    "op": "add",
    "path": "/server/behaviors/6/drops/-",
    "value": { "type": "item", "code": "wool:fleece-generic-lightbrown",
		"quantityByType": {
			"*-guemal-*-baby": { "avg": 1, "var": 0.75 },
			"*-guemal-*-adult": { "avg": 5, "var": 2 },
			"*-whitetail-*-baby": { "avg": 1, "var": 0.75 },
			"*-whitetail-*-adult": { "avg": 5, "var": 2 },
			"*-fallow-*-adult": { "avg": 4, "var": 2 },
			"*-pudu-*-baby": { "avg": 1, "var": 0.75 },
			"*-pudu-*-adult": { "avg": 4, "var": 2 },
			"*-taruca-*-baby": { "avg": 1, "var": 0.75 },
			"*-taruca-*-adult": { "avg": 6, "var": 2 },
			"*-pampas-*-baby": { "avg": 1, "var": 0.75 },
			"*-pampas-*-adult": { "avg": 4, "var": 1 },
			"*-water-*-baby": { "avg": 1, "var": 0.75 },
			"*-water-*-adult": { "avg": 4, "var": 1 },
			"*-elk-*-adult": { "avg": 13, "var": 3 },
			"*": { "avg": 0, "var": 0 }
		}
    },
    "file": "game:entities/land/hooved/deer.json",
    "side": "Server"
  },

  {
    "op": "add",
    "path": "/server/behaviors/6/drops/-",
    "value": { "type": "item", "code": "wool:fleece-generic-redbrown",
		"quantityByType": {
			"*-fallow-*-baby": { "avg": 1, "var": 0.75 },
			"*-marsh-*-baby": { "avg": 1, "var": 0.75 },
			"*-marsh-*-adult": { "avg": 6, "var": 1 },
			"*-redbrocket-*-baby": { "avg": 1, "var": 0.75 },
			"*-redbrocket-*-adult": { "avg": 6, "var": 1 },
			"*-chital-*-baby": { "avg": 1, "var": 0.75 },
			"*-chital-*-adult": { "avg": 6, "var": 1 },
			"*-elk-*-baby": { "avg": 3, "var": 1 },
			"*": { "avg": 0, "var": 0 }
		}
    },
    "file": "game:entities/land/hooved/deer.json",
    "side": "Server"
  }
]
