[
  {
    "op": "addeach",
    "comment": "because we add more than one drop type: wool: 1/4 as many as flax fibers, sticks 1/2 as flax fibers",
    "path": "/server/behaviors/9/dropsByType/*-normal/-",
    "value": [
	{ "type": "item", "code": "wool:fleece-generic-plain", "quantity": { "avg": 0.12, "var": 0 } },
	{ "type": "item", "code": "wool:fleece-generic-gray", "quantity": { "avg": 0.06, "var": 0 } },
	{ "type": "item", "code": "wool:fleece-generic-brown", "quantity": { "avg": 0.01, "var": 0 } },
	{ "type": "item", "code": "wool:fibers-generic-gray", "quantity": { "avg": 0.005, "var": 0 } },
	{ "type": "item", "code": "wool:fibers-generic-plain", "quantity": { "avg": 0.005, "var": 0 } },
	{ "type": "item", "code": "game:stick", "quantity": { "avg": 0.08, "var": 0 } }
    ],
    "file": "game:entities/land/drifter.json",
    "side": "Server"
  },

  {
    "op": "addeach",
    "path": "/server/behaviors/9/dropsByType/*-deep/-",
    "value": [
	{ "type": "item", "code": "wool:fleece-generic-plain", "quantity": { "avg": 0.26, "var": 0 } },
	{ "type": "item", "code": "wool:fleece-generic-gray", "quantity": { "avg": 0.13, "var": 0 } },
	{ "type": "item", "code": "wool:fleece-generic-brown", "quantity": { "avg": 0.06, "var": 0 } },
	{ "type": "item", "code": "wool:fleece-generic-black", "quantity": { "avg": 0.03, "var": 0 } },
	{ "type": "item", "code": "wool:fibers-generic-gray", "quantity": { "avg": 0.02, "var": 0 } },
	{ "type": "item", "code": "wool:fibers-generic-plain", "quantity": { "avg": 0.02, "var": 0 } }
    ],
    "file": "game:entities/land/drifter.json",
    "side": "Server"
  },

  {
    "op": "addeach",
    "path": "/server/behaviors/9/dropsByType/*-tainted/-",
    "value": [
	{ "type": "item", "code": "wool:fibers-generic-plain", "quantity": { "avg": 0.22, "var": 0 } },
	{ "type": "item", "code": "wool:fibers-generic-gray", "quantity": { "avg": 0.12, "var": 0 } },
	{ "type": "item", "code": "wool:fleece-generic-brown", "quantity": { "avg": 0.2, "var": 0 } },
	{ "type": "item", "code": "wool:fleece-generic-black", "quantity": { "avg": 0.16, "var": 0 } },
	{ "type": "item", "code": "wool:fleece-muskox-brown", "quantity": { "avg": 0.2, "var": 0 } },
	{ "type": "block", "code": "game:metal-scraps", "quantity": { "avg": 0.1, "var": 0 } }
    ],
    "file": "game:entities/land/drifter.json",
    "side": "Server"
  },

  {
    "op": "addeach",
    "path": "/server/behaviors/9/dropsByType/*-corrupt/-",
    "value": [
	{ "type": "item", "code": "wool:fibers-generic-plain", "quantity": { "avg": 0.2, "var": 0 } },
	{ "type": "item", "code": "wool:fibers-generic-gray", "quantity": { "avg": 0.1, "var": 0 } },
	{ "type": "item", "code": "wool:fibers-generic-brown", "quantity": { "avg": 0.25, "var": 0 } },
	{ "type": "item", "code": "wool:fibers-generic-black", "quantity": { "avg": 0.25, "var": 0 } },
	{ "type": "item", "code": "wool:fibers-muskox-brown", "quantity": { "avg": 0.2, "var": 0 } },
	{ "type": "block", "code": "game:metal-scraps", "quantity": { "avg": 0.2, "var": 0 } }
    ],
    "file": "game:entities/land/drifter.json",
    "side": "Server"
  },

  {
    "op": "addeach",
    "path": "/server/behaviors/9/dropsByType/*-nightmare/-",
    "value": [
	{ "type": "item", "code": "wool:fibers-generic-gray", "quantity": { "avg": 0.08, "var": 0 } },
	{ "type": "item", "code": "wool:fibers-generic-brown", "quantity": { "avg": 0.25, "var": 0 } },
	{ "type": "item", "code": "wool:fibers-generic-black", "quantity": { "avg": 0.25, "var": 0 } },
	{ "type": "item", "code": "wool:fibers-generic-yellow", "quantity": { "avg": 0.25, "var": 0 } },
	{ "type": "item", "code": "wool:fibers-muskox-brown", "quantity": { "avg": 0.25, "var": 0 } },
	{ "type": "block", "code": "game:metal-scraps", "quantity": { "avg": 0.3, "var": 0 } }
    ],
    "file": "game:entities/land/drifter.json",
    "side": "Server"
  },

  {
    "op": "addeach",
    "path": "/server/behaviors/9/dropsByType/*-double-headed/-",
    "value": [
	{ "type": "item", "code": "wool:fibers-generic-brown", "quantity": { "avg": 0.3, "var": 0 } },
	{ "type": "item", "code": "wool:fibers-generic-black", "quantity": { "avg": 0.4, "var": 0 } },
	{ "type": "item", "code": "wool:fibers-generic-yellow", "quantity": { "avg": 0.5, "var": 0 } },
	{ "type": "item", "code": "wool:fibers-muskox-brown", "quantity": { "avg": 0.3, "var": 0 } },
	{ "type": "block", "code": "game:metal-scraps", "quantity": { "avg": 0.1, "var": 0 } }
    ],
    "file": "game:entities/land/drifter.json",
    "side": "Server"
  }
]
