[
  {
    "op": "addeach",
    "path": "/server/behaviors/6/drops/-",
    "value": [
	    { "type": "item", "code": "wool:fleece-generic-gray", "quantity": { "avg": 2, "var": 0.5 } },
	    { "type": "item", "code": "wool:fleece-generic-brown", "quantity": { "avg": 1, "var": 0.75 } },
	    { "type": "item", "code": "wool:fleece-generic-black", "quantity": { "avg": 0.4, "var": 0.4 } }
    ],
    "file": "game:entities/land/wolf-male.json",
    "side": "Server"
  },

  {
    "op": "addeach",
    "path": "/server/behaviors/6/drops/-",
    "value": [
	    { "type": "item", "code": "wool:fleece-generic-gray", "quantity": { "avg": 2, "var": 0.5 } },
	    { "type": "item", "code": "wool:fleece-generic-brown", "quantity": { "avg": 1, "var": 0.75 } },
	    { "type": "item", "code": "wool:fleece-generic-black", "quantity": { "avg": 0.4, "var": 0.4 } }
    ],
    "file": "game:entities/land/wolf-female.json",
    "side": "Server"
  }
]
