[
  {
    "op": "replace",
    "comment": "With so many items added, the selection becomes quite narrow, so allow them to sell more at the same time",
    "path": "/selling/maxItems",
    "value": 10,
    "file": "game:config/tradelists/trader-commodities.json",
    "side": "Server"
  },
  {
    "op": "addeach",
    "path": "/selling/list/-",
    "value": [
	{ "code": "wool:fleece-angora-white",  "type": "item", "stacksize": 8, "stock": { "avg": 3, "var": 1 }, "price": { "avg": 4, "var": 0.75 } },
	{ "code": "wool:fleece-generic-plain", "type": "item", "stacksize": 8, "stock": { "avg": 4, "var": 1 }, "price": { "avg": 2, "var": 0.75 } },
	{ "code": "wool:fleece-generic-black", "type": "item", "stacksize": 10, "stock": { "avg": 4, "var": 1 }, "price": { "avg": 3, "var": 0.75 } },
	{ "code": "wool:fleece-generic-brown", "type": "item", "stacksize": 10, "stock": { "avg": 4, "var": 1 }, "price": { "avg": 3, "var": 0.75 } },
	{ "code": "wool:fleece-generic-gray",  "type": "item", "stacksize": 10, "stock": { "avg": 4, "var": 1 }, "price": { "avg": 3, "var": 0.75 } },
	{ "code": "wool:fleece-generic-white",  "type": "item", "stacksize": 8, "stock": { "avg": 3, "var": 1 }, "price": { "avg": 4, "var": 0.75 } },
	{ "code": "wool:twine-wool-plain", "type": "item", "stacksize": 8, "stock": { "avg": 3, "var": 1 }, "price": { "avg": 3, "var": 0.75 } },
	{ "code": "wool:wool-plain", "type": "block", "stacksize": 2, "stock": { "avg": 3, "var": 1 }, "price": { "avg": 4, "var": 0.75 } }
    ],
    "file": "game:config/tradelists/trader-commodities.json",
    "side": "Server"
  }
]
