[
  {
    "op": "add",
    "path": "/server/behaviors/6/drops/-",
    "value": { "type": "item", "code": "wool:fleece-generic-brown",
		"quantityByType": {
			"*-female-adult": { "avg": 12, "var": 3 },
			"*-male-adult": { "avg": 13, "var": 3 },
			"*": { "avg": 0, "var": 0 }
		}
    },
    "file": "game:entities/land/hooved/moose.json",
    "side": "Server"
  },

  {
    "op": "add",
    "path": "/server/behaviors/6/drops/-",
    "value": { "type": "item", "code": "wool:fleece-generic-lightbrown",
		"quantityByType": {
			"*-baby": { "avg": 4, "var": 1 },
			"*": { "avg": 0, "var": 0 }
		}
    },
    "file": "game:entities/land/hooved/moose.json",
    "side": "Server"
  }
]
