[
  {
    "op": "add",
    "path": "/server/behaviors/6/drops/-",
    "value": { "type": "item", "code": "wool:fleece-generic-plain", "quantity": { "avg": 15, "var": 3 } },
    "file": "game:entities/land/sheep-bighorn-female.json",
    "side": "Server"
  },

  {
    "op": "add",
    "path": "/server/behaviors/6/drops/-",
    "value": { "type": "item", "code": "wool:fleece-generic-plain", "quantity": { "avg": 5, "var": 1 } },
    "file": "game:entities/land/sheep-bighorn-lamb.json",
    "side": "Server"
  },

  {
    "op": "add",
    "path": "/server/behaviors/6/drops/-",
    "value": { "type": "item", "code": "wool:fleece-generic-gray", "quantity": { "avg": 17, "var": 3 } },
    "file": "game:entities/land/sheep-bighorn-male.json",
    "side": "Server"
  },

  {
    "op": "addmerge",
    "path": "/attributes/basketCatchable",
    "value": false,
    "file": "game:entities/land/sheep-bighorn-female.json",
    "side": "Server"
  },

  {
    "op": "addmerge",
    "path": "/attributes/basketCatchable",
    "value": false,
    "file": "game:entities/land/sheep-bighorn-male.json",
    "side": "Server"
  },

  {
    "op": "addmerge",
    "comment": "Make sheep not only spawn up in the high mountains so player have a chance to domesticate them, 1.4 => 1.25",
    "path": "/server/spawnconditions/worldgen/minY",
    "value": 1.25,
    "file": "game:entities/land/sheep-bighorn-male.json",
    "side": "Server"
  },

  {
    "op": "addmerge",
    "comment": "Make sheep not only spawn up in the high mountains so player have a chance to domesticate them, 1.3 => 1.15",
    "path": "/server/spawnconditions/runtime/minY",
    "value": 1.15,
    "file": "game:entities/land/sheep-bighorn-male.json",
    "side": "Server"
  }
]
