[
  {
    "op": "addeach",
    "path": "/server/behaviors/6/drops/-",
    "value": [
	    { "type": "item", "code": "wool:fleece-generic-white",
		"quantityByType": {
			"@^fox-(male|female)-arctic": { "avg": 4, "var": 1 },
			"fox-pup-arctic": { "avg": 1, "var": 1 },
			"*": { "avg": 0, "var": 0 } } },
	    { "type": "item", "code": "wool:fleece-generic-redbrown",
		"quantityByType": {
			"@^fox-(male|female)-red": { "avg": 3, "var": 1 },
			"fox-pup-red": { "avg": 1, "var": 1 },
			"*": { "avg": 0, "var": 0 } } }
    ],
    "file": "game:entities/land/fox.json",
    "side": "Server"
  }
]
