[
  {
    "op": "addeach",
    "path": "/server/behaviors/6/drops/-",
    "value": [
	    { "type": "item", "code": "wool:fleece-generic-white",
		"quantityByType": {
			"*-polar": { "avg": 18, "var": 3 },
			"*-panda": { "avg": 7, "var": 2 },
			"*": { "avg": 0, "var": 0 } } },
	    { "type": "item", "code": "wool:fleece-generic-redbrown",
		"quantityByType": {
			"*-brown": { "avg": 17, "var": 3 },
			"*": { "avg": 0, "var": 0 } } },
	    { "type": "item", "code": "wool:fleece-generic-black",
		"quantityByType": {
			"*-black": { "avg": 13, "var": 3 },
			"*-sun": { "avg": 7, "var": 2 },
			"*-panda": { "avg": 5, "var": 1 },
			"*": { "avg": 0, "var": 0 } } }
    ],
    "file": "game:entities/land/bear.json",
    "side": "Server"
  }
]
