[
  {
    "op": "add",
    "path": "/client/behaviors/-",
    "value": {
	"code": "shearable",
	"enabledByType": {
		"goat-angora-*-adult": true,
		"goat-ibexalp-*-adult": true,
		"goat-ibexnub-*-adult": true,
		"goat-nubian-*-adult": true,
		"goat-markhor-*-adult": true,
		"goat-mountain-*-adult": true,
		"goat-muskox-*-adult": true,
		"goat-sirohi-*-adult": true,
		"goat-takingold-*-adult": true,
		"goat-turdag-*-adult": true,
		"goat-valais-*-adult": true,
		"*": false
	},
	"hoursPerUnitByType" : {
		"goat-angora-*-adult": 26,
		"goat-muskox-*-adult": 28,
		"goat-takingold-*-adult": 26,
		"goat-mountain-*-adult": 24,
		"goat-markhor-*-adult": 28,
		"goat-sirohi-*-adult": 52,
		"goat-nubian-*-adult": 48,
		"*": 42
	},
	"hoursPerUnitGenerationalReduction" : 0.5,
	"hoursPerUnitMaxReduction" : 8.0,
	"maxGenBonusByType" : {
		"goat-muskox-*-adult": 10,
		"goat-angora-*-adult": 10,
		"goat-mountain-*-adult": 10,
		"goat-turdag-*-adult": 8,
		"goat-sirohi-*-adult": 5,
		"goat-takingold-*-adult": 10,
		"*": 6
	},
	"generationalMaxGrowthBonus" : 2,
	"generationalScratchChanceReduction" : 0.05,
	"minQuantityByType": {
		"goat-angora-*-adult": 6,
		"goat-ibexalp-*-adult": 4,
		"goat-ibexnub-*-adult": 3,
		"goat-markhor-*-adult": 4,
		"goat-mountain-*-adult": 7,
		"goat-muskox-*-adult": 10,
		"goat-nubian-*-adult": 3,
		"goat-sirohi-*-adult": 2,
		"goat-turdag-*-adult": 6,
		"goat-takingold-*-adult": 8,
		"goat-valais-*-adult": 3,
		"*": 0
	},
	"maxQuantityByType": {
		"goat-angora-*-adult": 12,
		"goat-ibexalp-*-adult": 8,
		"goat-ibexnub-*-adult": 5,
		"goat-markhor-*-adult": 8,
		"goat-mountain-*-adult": 14,
		"goat-muskox-*-adult": 20,
		"goat-nubian-*-adult": 5,
		"goat-sirohi-*-adult": 4,
		"goat-turdag-*-adult": 10,
		"goat-takingold-*-adult": 15,
		"goat-valais-*-adult": 6,
		"*": 0
	},
	"minGen": 3,
	"shearsBonusByType": {
		"goat-muskox-*-adult": 4,
		"goat-angora-*-adult": 4,
		"goat-mountain-*-adult": 4,
		"goat-turdag-*-adult": 4,
		"goat-takingold-*-adult": 4,
		"*": 2
	},
	"scratchChance": 0.35,
	"dropByType": {
		"goat-angora-*-adult": "wool:fleece-mohair-plain",
		"goat-ibexnub-*-adult": "wool:fleece-generic-brown",
		"goat-ibexalp-*-adult": "wool:fleece-generic-brown",
		"goat-nubian-*-adult": "wool:fleece-generic-yellow",
		"goat-markhor-*-adult": "wool:fleece-generic-brown",
		"goat-mountain-*-adult": "wool:fleece-generic-plain",
		"goat-muskox-*-adult": "wool:fleece-muskox-brown",
		"goat-turdag-*-adult": "wool:fleece-generic-brown",
		"goat-takingold-*-adult": "wool:fleece-generic-yellow",
		"goat-sirohi-*-adult": "wool:fleece-generic-brown",
		"goat-valais-*-adult": "wool:fleece-generic-black",
		"*": null
	},
	"dropSecondByType": {
		"goat-valais-*-adult": "wool:fleece-generic-plain",
		"*": null
	},
	"dropSecondPercentageByType": {
		"goat-valais-*-adult": 0.45,
		"*": 0.0
	},
	"shearSound": "game:sounds/player/scrape.ogg"
    },
    "file": "game:entities/land/hooved/goat.json",
    "side": "Server"
  },

  {
    "op": "add",
    "path": "/server/behaviors/-",
    "value": {
	"code": "shearable",
	"enabledByType": {
		"goat-angora-*-adult": true,
		"goat-ibexalp-*-adult": true,
		"goat-ibexnub-*-adult": true,
		"goat-nubian-*-adult": true,
		"goat-markhor-*-adult": true,
		"goat-mountain-*-adult": true,
		"goat-muskox-*-adult": true,
		"goat-sirohi-*-adult": true,
		"goat-takingold-*-adult": true,
		"goat-turdag-*-adult": true,
		"goat-valais-*-adult": true,
		"*": false
	},
	"hoursPerUnitByType" : {
		"goat-angora-*-adult": 26,
		"goat-muskox-*-adult": 28,
		"goat-takingold-*-adult": 26,
		"goat-mountain-*-adult": 24,
		"goat-markhor-*-adult": 28,
		"goat-sirohi-*-adult": 52,
		"goat-nubian-*-adult": 48,
		"*": 42
	},
	"hoursPerUnitGenerationalReduction" : 0.5,
	"hoursPerUnitMaxReduction" : 8.0,
	"maxGenBonusByType" : {
		"goat-muskox-*-adult": 10,
		"goat-angora-*-adult": 10,
		"goat-mountain-*-adult": 10,
		"goat-turdag-*-adult": 8,
		"goat-sirohi-*-adult": 5,
		"goat-takingold-*-adult": 10,
		"*": 6
	},
	"generationalMaxGrowthBonus" : 2,
	"generationalScratchChanceReduction" : 0.05,
	"minQuantityByType": {
		"goat-angora-*-adult": 6,
		"goat-ibexalp-*-adult": 4,
		"goat-ibexnub-*-adult": 3,
		"goat-markhor-*-adult": 4,
		"goat-mountain-*-adult": 7,
		"goat-muskox-*-adult": 10,
		"goat-nubian-*-adult": 3,
		"goat-sirohi-*-adult": 2,
		"goat-turdag-*-adult": 6,
		"goat-takingold-*-adult": 8,
		"goat-valais-*-adult": 3,
		"*": 0
	},
	"maxQuantityByType": {
		"goat-angora-*-adult": 12,
		"goat-ibexalp-*-adult": 8,
		"goat-ibexnub-*-adult": 5,
		"goat-markhor-*-adult": 8,
		"goat-mountain-*-adult": 14,
		"goat-muskox-*-adult": 20,
		"goat-nubian-*-adult": 5,
		"goat-sirohi-*-adult": 4,
		"goat-turdag-*-adult": 10,
		"goat-takingold-*-adult": 15,
		"goat-valais-*-adult": 6,
		"*": 0
	},
	"minGen": 3,
	"shearsBonusByType": {
		"goat-muskox-*-adult": 4,
		"goat-angora-*-adult": 4,
		"goat-mountain-*-adult": 4,
		"goat-turdag-*-adult": 4,
		"goat-takingold-*-adult": 4,
		"*": 2
	},
	"scratchChance": 0.35,
	"dropByType": {
		"goat-angora-*-adult": "wool:fleece-mohair-plain",
		"goat-ibexnub-*-adult": "wool:fleece-generic-brown",
		"goat-ibexalp-*-adult": "wool:fleece-generic-brown",
		"goat-nubian-*-adult": "wool:fleece-generic-yellow",
		"goat-markhor-*-adult": "wool:fleece-generic-brown",
		"goat-mountain-*-adult": "wool:fleece-generic-plain",
		"goat-muskox-*-adult": "wool:fleece-muskox-brown",
		"goat-turdag-*-adult": "wool:fleece-generic-brown",
		"goat-takingold-*-adult": "wool:fleece-generic-yellow",
		"goat-sirohi-*-adult": "wool:fleece-generic-brown",
		"goat-valais-*-adult": "wool:fleece-generic-black",
		"*": null
	},
	"dropSecondByType": {
		"goat-valais-*-adult": "wool:fleece-generic-plain",
		"*": null
	},
	"dropSecondPercentageByType": {
		"goat-valais-*-adult": 0.45,
		"*": 0.0
	},
	"shearSound": "game:sounds/player/scrape.ogg"
    },
    "file": "game:entities/land/hooved/goat.json",
    "side": "Server"
  }
]
