[
  {
    "op": "add",
    "path": "/server/behaviors/6/drops/-",
    "value": { "type": "item", "code": "wool:fleece-generic-plain",
		"quantityByType": {
			"*-calf": { "avg": 2, "var": 1 },
			"*-male": { "avg": 4, "var": 2 },
			"*-female": { "avg": 5, "var": 2 },
			"*": { "avg": 0, "var": 0 }
		}
    },
    "file": "game:entities/land/gazelle.json",
    "side": "Server"
  },

  {
    "op": "add",
    "path": "/server/behaviors/6/drops/-",
    "value": { "type": "item", "code": "wool:fleece-generic-yellow",
		"quantityByType": {
			"*-calf": { "avg": 1, "var": 1 },
			"*-male": { "avg": 3, "var": 1 },
			"*-female": { "avg": 4, "var": 1.25 },
			"*": { "avg": 0, "var": 0 }
		}
    },
    "file": "game:entities/land/gazelle.json",
    "side": "Server"
  }
]
