[
  {
    "op": "add",
    "path": "/client/behaviors/-",
    "value": {
	"code": "shearable",
	"enabledByType": {
		"deer-whitetail-*-adult": true,
		"deer-redbrocket-*-adult": true,
		"deer-marsh-*-adult": true,
		"deer-caribou-*-adult": true,
		"deer-water-*-adult": true,
		"deer-pudu-*-adult": true,
		"deer-elk-*-adult": true,
		"deer-taruca-*-adult": true,
		"deer-chital-*-adult": true,
		"deer-guemal-*-adult": true,
		"deer-pampas-*-adult": true,
		"deer-fallow-*-adult": true,
		"*": false
	},
	"hoursPerUnitByType" : {
		"deer-elk-*-adult": 36,
		"*": 42
	},
	"hoursPerUnitGenerationalReduction" : 0.5,
	"hoursPerUnitMaxReduction" : 8.0,
	"maxGenBonusByType" : {
		"deer-elk-*-adult": 8,
		"*": 4
	},
	"generationalMaxGrowthBonus" : 2,
	"generationalScratchChanceReduction" : 0.05,
	"minQuantityByType": {
		"deer-elk-*-adult": 8,
		"deer-guemal-*-adult": 5,
		"deer-whitetail-*-adult": 5,
		"deer-taruca-*-adult": 6,
		"*": 4
	},
	"maxQuantityByType": {
		"deer-elk-*-adult": 13,
		"deer-guemal-*-adult": 7,
		"deer-whitetail-*-adult": 7,
		"deer-taruca-*-adult": 8,
		"*": 6
	},
	"minGen": 3,
	"shearsBonusByType": {
		"deer-elk-*-adult": 4,
		"*": 2
	},
	"scratchChance": 0.45,
	"dropByType": {
		"deer-marsh-*-adult": "wool:fleece-generic-redbrown",
		"deer-redbrocket-*-adult": "wool:fleece-generic-redbrown",
		"deer-chital-*-adult": "wool:fleece-generic-redbrown",
		"*": "wool:fleece-generic-lightbrown"
	},
	"shearSound": "game:sounds/player/scrape.ogg"
    },
    "file": "game:entities/land/hooved/deer.json",
    "side": "Server"
  },

  {
    "op": "add",
    "path": "/server/behaviors/-",
    "value": {
	"code": "shearable",
	"enabledByType": {
		"deer-whitetail-*-adult": true,
		"deer-redbrocket-*-adult": true,
		"deer-marsh-*-adult": true,
		"deer-caribou-*-adult": true,
		"deer-water-*-adult": true,
		"deer-pudu-*-adult": true,
		"deer-elk-*-adult": true,
		"deer-taruca-*-adult": true,
		"deer-chital-*-adult": true,
		"deer-guemal-*-adult": true,
		"deer-pampas-*-adult": true,
		"deer-fallow-*-adult": true,
		"*": false
	},
	"hoursPerUnitByType" : {
		"deer-elk-*-adult": 54,
		"*": 42
	},
	"hoursPerUnitGenerationalReduction" : 0.5,
	"hoursPerUnitMaxReduction" : 8.0,
	"maxGenBonusByType" : {
		"deer-elk-*-adult": 8,
		"*": 4
	},
	"generationalMaxGrowthBonus" : 2,
	"generationalScratchChanceReduction" : 0.05,
	"minQuantityByType": {
		"deer-elk-*-adult": 8,
		"deer-guemal-*-adult": 5,
		"deer-whitetail-*-adult": 5,
		"deer-taruca-*-adult": 6,
		"*": 4
	},
	"maxQuantityByType": {
		"deer-elk-*-adult": 13,
		"deer-guemal-*-adult": 7,
		"deer-whitetail-*-adult": 7,
		"deer-taruca-*-adult": 8,
		"*": 6
	},
	"minGen": 3,
	"shearsBonusByType": {
		"deer-elk-*-adult": 4,
		"*": 2
	},
	"scratchChance": 0.45,
	"dropByType": {
		"deer-marsh-*-adult": "wool:fleece-generic-redbrown",
		"deer-redbrocket-*-adult": "wool:fleece-generic-redbrown",
		"deer-chital-*-adult": "wool:fleece-generic-redbrown",
		"*": "wool:fleece-generic-lightbrown"
	},
	"shearSound": "game:sounds/player/scrape.ogg"
    },
    "file": "game:entities/land/hooved/deer.json",
    "side": "Server"
  },

  {
    "op": "add",
    "path": "/client/behaviors/-",
    "value": { "code": "multiply", "enabledByType": { "deer-*-female-adult": true, "*": false } },
    "file": "game:entities/land/hooved/deer.json",
    "side": "Server"
  },

  {
    "op": "add",
    "path": "/server/behaviors/-",
    "value": {
	"code": "multiply",
	"enabledByType": { "deer-*-female-adult": true, "deer-*": false },
	"spawnEntityCodesByType": { "deer-*-female-adult": [ { "code":"deer-{type}-male-baby"}, {"code": "deer-{type}-female-baby"} ] },
	"requiresNearbyEntityCodeByType": { "deer-*-female-adult": "deer-{type}-male-adult" },
	"requiresNearbyEntityRange": 6,
	"spawnQuantityMin": 1,
	"spawnQuantityMax": 1,
	"pregnancyDays": 27,
	"multiplyCooldownDaysMin": 8,
	"multiplyCooldownDaysMax": 22,
	"portionsEatenForMultiply": 10
    },
    "file": "game:entities/land/hooved/deer.json",
    "side": "Server"
  }
]
