[
  {
    "op": "add",
    "path": "/server/behaviors/6/drops/-",
    "value": { "type": "item", "code": "wool:fleece-angora-white",
		"quantityByType": {
			"*-angora-*-baby": { "avg": 4, "var": 1 },
			"*-angora-*": { "avg": 14, "var": 3 },
			"*": { "avg": 0, "var": 0 }
		}
    },
    "file": "game:entities/land/hooved/goat.json",
    "side": "Server"
  },

  {
    "op": "add",
    "path": "/server/behaviors/6/drops/-",
    "value": { "type": "item", "code": "wool:fleece-muskox-brown",
		"quantityByType": {
			"*-muskox-*-baby": { "avg": 3, "var": 1 },
			"*-muskox-*": { "avg": 22, "var": 4 },
			"*": { "avg": 0, "var": 0 }
		}
    },
    "file": "game:entities/land/hooved/goat.json",
    "side": "Server"
  },

  {
    "op": "add",
    "path": "/server/behaviors/6/drops/-",
    "value": { "type": "item", "code": "wool:fleece-generic-white",
		"quantityByType": {
			"*-valais-*-baby": { "avg": 2, "var": 1 },
			"*-valais-*": { "avg": 6, "var": 2 },
			"*": { "avg": 0, "var": 0 }
		}
    },
    "file": "game:entities/land/hooved/goat.json",
    "side": "Server"
  },

  {
    "op": "add",
    "path": "/server/behaviors/6/drops/-",
    "value": { "type": "item", "code": "wool:fleece-generic-plain",
		"quantityByType": {
			"*-mountain-*-baby": { "avg": 4, "var": 1 },
			"*-mountain-*": { "avg": 15, "var": 3 },
			"*-ibexnub-*-baby": { "avg": 2, "var": 1 },
			"*-takingold-*-baby": { "avg": 0, "var": 0 },
			"*-takingold-*": { "avg": 14, "var": 4 },
			"*": { "avg": 0, "var": 0 }
		}
    },
    "file": "game:entities/land/hooved/goat.json",
    "side": "Server"
  },

  {
    "op": "add",
    "path": "/server/behaviors/6/drops/-",
    "value": { "type": "item", "code": "wool:fleece-generic-black",
		"quantityByType": {
			"*-valais-*-baby": { "avg": 2, "var": 1 },
			"*-valais-*": { "avg": 6, "var": 2 },
			"*": { "avg": 0, "var": 0 }
		}
    },
    "file": "game:entities/land/hooved/goat.json",
    "side": "Server"
  },

  {
    "op": "add",
    "path": "/server/behaviors/6/drops/-",
    "value": { "type": "item", "code": "wool:fleece-generic-brown",
		"quantityByType": {
			"*-sirohi-*-baby": { "avg": 2, "var": 1 },
			"*-sirohi-*": { "avg": 4, "var": 2 },
			"*-nubian-*-baby": { "avg": 2, "var": 1 },
			"*-nubian-*": { "avg": 3, "var": 1.5 },
			"*-markhor-*-baby": { "avg": 2, "var": 1 },
			"*-markhor-*": { "avg": 7, "var": 1.5 },
			"*-turdag-*-baby": { "avg": 2, "var": 1 },
			"*-turdag-*": { "avg": 11, "var": 3 },
			"*-ibexnub-*-baby": { "avg": 0, "var": 0 },
			"*-ibexnub-*": { "avg": 5, "var": 1.5 },
			"*-ibexalp-*-baby": { "avg": 2, "var": 1 },
			"*-ibexalp-*": { "avg": 8, "var": 2 },
			"*": { "avg": 0, "var": 0 }
		}
    },
    "file": "game:entities/land/hooved/goat.json",
    "side": "Server"
  },

  {
    "op": "add",
    "path": "/server/behaviors/6/drops/-",
    "value": { "type": "item", "code": "wool:fleece-generic-yellow",
		"quantityByType": {
			"*-takingold-*-baby": { "avg": 0, "var": 0 },
			"*-takingold-*": { "avg": 8, "var": 2 },
			"*-sirohi-*-baby": { "avg": 0, "var": 0 },
			"*-sirohi-*": { "avg": 2, "var": 0.75 },
			"*": { "avg": 0, "var": 0 }
		}
    },
    "file": "game:entities/land/hooved/goat.json",
    "side": "Server"
  },

  {
    "op": "add",
    "path": "/server/behaviors/6/drops/-",
    "value": { "type": "item", "code": "wool:fleece-generic-gray",
		"quantityByType": {
			"*-takingold-*-baby": { "avg": 4, "var": 1 },
			"*": { "avg": 0, "var": 0 }
		}
    },
    "file": "game:entities/land/hooved/goat.json",
    "side": "Server"
  }
]
