[
  {
    "op": "addmerge",
    "path": "/attributes/warmthByType/",
    "value": {
	"*-heavy-tool-belt": 0.1,
	"*-fancy-royal-belt": 0.1,
	"*-prince-waistband": 0.1,
	"*-jailor-belt": 0.1,
	"*-peasant-strap": 0.1,
	"*-merchant-belt": 0.1,
	"*-messenger-belt": 0.1,
	"*-clockmaker-belt": 0.1,
	"*-scribe": 0.2,
	"*-blackguard-belt": 0.1,
	"*-squire-belt": 0.1,
	"*-sturdy-belt": 0.1,
	"*-sturdy-leather-belt": 0.1,
	"*-alchemist": 0.1
    },
    "file": "game:itemtypes/wearable/seraph/waist.json",
    "side": "Server"
  }
]
