{
  "ingredientPattern": "PH,B_",
  "ingredients": {
    "P": {
      "type": "item",
      "code": "game:metalplate-blackbronze",
      "quantity": 1
    },
    "H": {
      "type": "item",
      "code": "game:hammer-*",
      "isTool": true,
      "toolDurabilityCost": 2
    },
    "B": {
      "type": "item",
      "code": "game:metalbit-blackbronze",
      "quantity": 1
    }
  },
  "width": 2,
  "height": 2,
  "output": {
    "type": "item",
    "code": "royalhornhead"
  }
}