{
  "code": "trait-manual",
  "class": "traitacquirer.ItemTraitManual",
  "maxstacksize": 1,
  "behaviors": [
    {
      "name": "GroundStorable",
      "properties": {
        "layout": "Quadrants",
        "collisionBox": {
          "x1": 0,
          "y1": 0,
          "z1": 0,
          "x2": 1,
          "y2": 0.125,
          "z2": 1
        }
      }
    }
  ],
  "attributesByType": {
    "*-clockmaker": {
      "traitdata": {
        "add": [ "tinkerer", "technical" ],
        "remove": []
      }
    },
    "*-hunter": {
      "traitdata": {
        "add": [ "bowyer" ],
        "remove": []
      }
    },
	"*-steelworker": {
      "traitdata": {
        "add": [ "steelworker" ],
        "remove": []
      }
    },
	"*-shipbuilder": {
      "traitdata": {
        "add": [ "shipbuilder" ],
        "remove": []
      }
    },
	"*-rider": {
      "traitdata": {
        "add": [ "rider" ],
        "remove": []
      }
    },
	"*-bricker": {
      "traitdata": {
        "add": [ "bricker" ],
        "remove": []
      }
    },
	"*-blastingpowdener": {
      "traitdata": {
        "add": [ "blastingpowdener" ],
        "remove": []
      }
    },
    "*-malefactor": {
      "traitdata": {
        "add": [ "improviser" ],
        "remove": []
      }
    },
    "*-blackguard": {
      "traitdata": {
        "add": [ "merciless" ],
        "remove": []
      }
    },
    "*-tailor": {
      "traitdata": {
        "add": [ "clothier" ],
        "remove": []
      }
    },
"*-windmillman": {
      "traitdata": {
        "add": [ "windmillman" ],
        "remove": []
      }
},
"*-gunner": {
      "traitdata": {
        "add": [ "gunner" ],
        "remove": []
      }
},
"*-crossbowman": {
      "traitdata": {
        "add": [ "crossbowman" ],
        "remove": []
      }
    }
  },
  "attributes": {
    "displaycaseable": true,
    "bookshelveableByType": {
      "*": true
    },
    "shelvable": true,
    "readable": true,
    "editable": false,
    "maxPageCount": 1,
    "groundStorageTransformByType": {
      "*": {
        "translation": {
          "x": 0.12,
          "y": 0,
          "z": -0.04
        },
        "rotation": {
          "x": 0,
          "y": 35,
          "z": 90
        },
        "origin": {
          "x": 0.5,
          "y": 0.05,
          "z": 0.5
        }
      }
    }
  },
  "variantgroups": [
    {
      "code": "type",
      "states": [ "book" ]
    },
    {
      "code": "class",
      "states": ["clockmaker","hunter","malefactor","blackguard","tailor","steelworker","shipbuilder","rider","bricker","blastingpowdener", "crossbowman", "windmillman", "gunner"]
    }
  ],
  "shapeByType": {
    "*-clockmaker": {
      "base": "{class}-{type}"
    },
    "*": {
      "base": "game:block/clutter/bookshelves/small-normal"
    }
  },
  "texturesByType": {
    "*-clockmaker": {
      "cover": { "base": "game:item/lore/aged-brickred" }
    },
    "*-hunter": {
      "cover": { "base": "game:item/lore/normal-darkgreen" }
    },
    "*-malefactor": {
      "cover": { "base": "game:item/lore/rotten-brown" }
    },
    "*-blackguard": {
      "cover": { "base": "game:item/lore/normal-darkgray" }
    },
    "*-tailor": {
      "cover": { "base": "game:item/lore/normal-orangebrown" }
    },
	 "*-*": {
      "cover": { "base": "game:item/lore/normal-orangebrown" }
    },
    "*": {
      "all": {"base": "game:item/lore/{type}"}
    }
  },
  "creativeinventory": {
    "general": [ "*" ],
    "items": [ "*" ], "traitacquirer": ["*"]
  },
  "guiTransformByType": {
    "*": {
      "translation": {
        "x": 0,
        "y": 0,
        "z": 0
      },
      "rotation": {
        "x": -180,
        "y": 123,
        "z": 33
      },
      "origin": {
        "x": 0.48,
        "y": 0.21,
        "z": 0.5
      },
      "scaleXyz": {
        "x": -3.23,
        "y": 3.23,
        "z": 3.23
      }
    }
  },
  "fpHandTransformByType": {
    "*": {
      "translation": {
        "x": 0,
        "y": 0.2,
        "z": 0
      },
      "rotation": {
        "x": -14,
        "y": -152,
        "z": 28
      },
      "origin": {
        "x": 0.5,
        "y": 0.1,
        "z": 0.5
      },
      "scale": 2.07
    }
  },
  "tpHandTransformByType": {
    "*": {
      "translation": {
        "x": -0.79,
        "y": -0.36,
        "z": -0.73
      },
      "rotation": {
        "x": 0,
        "y": -84,
        "z": 7
      },
      "origin": {
        "x": 0.5,
        "y": 0.1,
        "z": 0.5
      },
      "scale": 0.67
    }
  },
  "groundTransformByType": {
    "*": {
      "translation": {
        "x": 0,
        "y": 0,
        "z": 0
      },
      "rotation": {
        "x": 0,
        "y": 0,
        "z": 90
      },
      "origin": {
        "x": 0.41,
        "y": 0,
        "z": 0.5
      },
      "scale": 3.4
    }
  }
}
