{
        "code": "ash",
	"enabled": false,
	"variantgroups": [
		{ "code": "category", "states": [ "organic", "inorganic" ] },
		{ "code": "type", "states": [ "plant", "wood", "sludge", "rock" ] }
	],
	"skipVariants": [ "ash-organic-rock", "ash-inorganic-plant", "ash-inorganic-wood", "ash-inorganic-sludge" ],
	"attributes": {
		"inContainerTexture": { "base": "em:item/resource/ash/{category}/incontainer/{type}" },
		"displaycaseable": true,
		"shelvable": true,
		"dissolveInWater": true,
		"onDisplayTransform": {
			"translation": { "x": 0.05, "y": 0, "z": 0 },
			"origin": { "x": 0.5, "y": 0, "z": 0.5 },
			"scale": 0.65
		}
	},
	"attributesByType": {
		"ash-organic-sludge": {
			"handbook": { "extraSections": [ { "title": "handbook-item-usage", "text": "handbook-item-usage-ash-{category}-{type}" } ] },
			"displaycaseable": false,
			"shelvable": false,
			"dissolveInWater": false
		},
		"ash-inorganic-rock": {
			"handbook": { "extraSections": [ { "title": "handbook-item-usage", "text": "handbook-item-usage-ash-{category}-{type}" } ] },
			"fertilizerProps": { "n": 30, "p": 30, "k": 0 },
			"fertilizerTextureCode": "saltpeter"
		},
		"ash-*": {
			"handbook": { "extraSections": [ { "title": "handbook-item-usage", "text": "handbook-item-usage-ash-{category}-{type}" } ] }
		}
	},
	"combustiblePropsByType": {
		"ash-organic-sludge": {
			"meltingPoint": 700,
			"meltingDuration": 95,
			"smeltedRatio": 2,
			"smeltingType": "convert",
			"smeltedStack": { "type": "item", "code": "game:potash", "stacksize": 1 },
			"requiresContainer": false
		}
	},
	"replaceable": 900,
	"resistance": 1,
	"emitSideAo": { "all": false },
	"textures": { "all": { "base": "em:item/resource/ash/{category}/incontainer/{type}" } },
        "shapeByType": {
		"*": { "base": "em:item/resource/powdered" }
	},
        "creativeinventoryByType": {
		"*": { "general": ["*"], "items": ["*"] }
	},
        "maxstacksize": 64,
        "materialDensity": 500,
	"heldTpIdleAnimation": "holdbothhands",
	"tpHandTransform": {
		"translation": { "x": -1.67, "y": -1.25, "z": -0.8 },
		"rotation": { "x": 70, "y": 11, "z": -65 },
		"scale": 0.41
        },
	"guiTransform": {
		"translation": { "x": -2, "y": 1, "z": -25 },
                "rotation": { "x": 158, "y": 28, "z": 3 },
		"origin": { "x": 0.29, "y": -0.05, "z": 0.8 },
		"scale": 2.5
        }
}
