[
	{
	"ingredientPattern": "_H_,_C_,FQI",
	"ingredients": {
		"H": { "type": "item", "code": "game:hammer-*", "isTool": true },
		"C": { "type": "item", "code": "game:chisel-*", "isTool": true },
		"F": { "type": "item", "code": "game:feather" },
		"I": { "type": "block", "code": "game:bowl-fired" },
		"Q": { "type": "item", "code": "game:clearquartz" }
	},
	"attributes": {
		"liquidContainerProps": { "requiresContent": { "type": "item", "code": "wildcrafttree:dye-walnut" }, "requiresLitres": 0.25, "consumeContainer": false }
	},
	"width": 3,
	"height": 3,
	"output": { "type": "item", "code": "game:inkandquill" }
	},

	{
	"ingredientPattern": "_H_,_C_,IQF",
	"ingredients": {
		"H": { "type": "item", "code": "game:hammer-*", "isTool": true },
		"C": { "type": "item", "code": "game:chisel-*", "isTool": true },
		"F": { "type": "item", "code": "game:feather" },
		"I": { "type": "block", "code": "game:bowl-fired" },
		"Q": { "type": "item", "code": "game:clearquartz" }
	},
	"attributes": {
		"liquidContainerProps": { "requiresContent": { "type": "item", "code": "wildcrafttree:dye-walnut" }, "requiresLitres": 0.25, "consumeContainer": false }
	},
	"recipeGroup": 2,
	"width": 3,
	"height": 3,
	"output": { "type": "item", "code": "game:inkandquill" }
	}
]
