{"GameVersion":"1.20.0","SizeX":5,"SizeY":7,"SizeZ":10,"BlockCodes":{"9700":"game:supportbeam-veryagedrotten","8613":"game:meta-underground","6179":"game:rock-granite","2966":"game:cobblestone-granite","9493":"game:agedstonebricks-granite","8606":"game:clutter","9624":"game:debarkedlog-veryaged-ns","9625":"game:debarkedlog-veryagedrotten-ns","2596":"game:slantedroofingtip-agedthatch-free","3240":"game:stonepath-free","9639":"game:debarkedlog-veryaged-we","632":"game:lootvessel-food","9640":"game:debarkedlog-veryagedrotten-we"},"ItemCodes":{},"Indices":[2102272,1025,2049,3073,4097,5121,1049601,1050625,1051649,1052673,1053697,2097153,2098177,2100225,2101249,2102273,3149825,4195329,4199425,5245953,5246977,5248001,6296577,1026,2050,3074,4098,5122,6146,7170,1049602,1050626,1051650,1052674,1053698,1054722,1055746,2098178,2099202,2100226,2101250,2102274,2103298,2104322,3147778,3149826,3152898,5243906,2051,3075,4099,5123,6147,7171,8195,1050627,1051651,1052675,1053699,1054723,1055747,1056771,2098179,2099203,2100227,2102275,2103299,2104323,2105347,2106371,3147779,3148803,3149827,3150851,4198403,5243907,6292483,1028,2052,3076,4100,5124,1049604,1050628,1051652,1052676,1053700,2098180,2099204,2100228,2101252,2102276,3146756,3147780,3148804,3149828,3150852,4199428,5243908,5244932,5245956,6293508],"BlockIds":[8613,6179,6179,6179,6179,6179,6179,6179,6179,6179,6179,8613,2966,9493,2966,6179,8606,9700,9700,9624,9624,9625,2596,6179,6179,6179,6179,6179,6179,6179,6179,6179,6179,6179,6179,6179,6179,9493,2966,2966,9493,2966,3240,3240,8606,8606,8606,9639,6179,6179,6179,6179,6179,6179,6179,6179,6179,6179,6179,6179,6179,6179,8613,2966,9493,9493,8613,3240,3240,8613,9700,632,9640,2596,8606,9639,2596,6179,6179,6179,6179,6179,6179,6179,6179,6179,6179,9493,9493,9493,9493,9493,9700,8606,8606,9640,9700,9700,9625,9624,9625,2596],"DecorIndices":[],"DecorIds":[],"BlockEntities":{"3149825":"!<d@[F*M0)#64c-E,TfC$31&+!<d@[F*_KT#64o6@VfsmCI<#NAHu^]F`__:EWlSfH#R=#FDl)6/R`m8\":&scFCB9&=9&=$!!EUFATMNNDJ*csgCHk?\":&scFCB9&=o\\O&!!rsADes6$@ru9m!!E[MAT2'lE`7'gFCbFP!!!-,De<U&ATV#S!!!!%#B+3dF(KGrz\":&jWAohO*=o\\O&!!!","4195329":"!<d@[F*M0)#64c-E,TfC$NL/,!<d@[F*_BQ#64o6@VfsmCI<#NAK#W4E,]`9FCJfiD(TpBEd;)+ARoh\"FED)3#R+[K@;U(4!\"((\\%h/L=!'_1u!.[9S!!!!`&e>EO!.[6J!!%Pa*<6'>58`HS+9`*\"$4dRG!.[6J!!%O6*<6'>58\"J9\"98Ed'`\\5a^E!:STKj@T9-=BF-OL@n!!!!`'`\\5a590_(5X,kl%0-Cd58=.u!43aH!!#5#j@^U!!!","4199425":"!<d@[F*M0)#64c-E,TfC$NL/,!<d@[F*_NU#64o6@VfsmCI<#NAK#W4E,]`9FCJfiD(TpBEd;)+ARoh\"FED)3#R+[K@;U'7!\"((\\%h/L=!'_1u!.[9S!!#8K&e>EO!.[6J!!%Pa*<6()58`HS+9_`","3147778":"!<d@[F*M3*#64c-E,TfC$31&+!<d@[F*_ER#64o6@VfsmCI<#NAHu^]F`__:EWlSfH#R='Ecki#Ch52BDf9/A\":&scFCB9&=9&=$!!EUFATMNNDJ*csgCME?\":&scFCB9&=o\\O&!!rsADes6$@ru9m!!E[MAT2'lE`7'gFCbFP!!!-,De<U&ATV#S!!!!%#B+3dF(KGrz\":&jWAohO*=o\\O&!!!","3149826":"!<d@[F*M3*#64c-E,TfC$31&+!<d@[F*_KT#64o6@VfsmCI<#NAHu^]F`__:EWlSfH#R='Ecki#Ch52BDf9/B\":&scFCB9&=9&=$!!EUFATMNNDJ*csz\":&scFCB9&=o\\O&!!rsADes6$@ru9m!!E[MAT2'lE`7'gFCbFP!!!-,De<U&ATV#S!!!!%#B+3dF(KGrz\":&jWAohO*=o\\O&!!!","3152898":"!<d@[F*M3*#64c-E,TfC$31&+!<d@[F*_TW#64o6@VfsmCI<#NAHu^]F`__:EWlSfH#R='Ecki#Ch52BDf9/C\":&scFCB9&=9&=$!!EUFATMNNDJ*csjNEk(\":&scFCB9&=o\\O&!!rsADes6$@ru9m!!E[MAT2'lE`7'gFCbFP!!!-,De<U&ATV#S!!!!%#B+3dF(KGrz\":&jWAohO*=o\\O&!!!","3147779":"!<d@[F*M6+#64c-E,TfC$31&+!<d@[F*_ER#64o6@VfsmCI<#NAK#W4E,]`9FCJfiD(TpBEd;)+ARoh\"FED)3#R+[K@;U'2!\"'nW$4Qt8J3FtR!.[6G%h/L=TKa0;XD5'^!<<,7)!\"=4\"98","4198403":"!<d@[F*M6+#64c-E,TfC$NL/,!<d@[F*_KT#64o6@VfsmCI<#NAHu^]F`__:EWlSfH#R=0E+s-\"/U),OA9Vs4CM@[!FDl)6Es)_gDffE0AQSp4!!!-.D.Rd%6#L=OA`V#M^]Xm_DffE0AQf'6!!!<3@rH1\"ARfgnA,l`?Eb02uBl[-o@<?&\\!!!!%#B+3dF(KGqz\":&jWAohO*=TAF%!!EOFAnH*qFBSYE!!!!","3146756":"!<d@[F*M9,#64c-E,TfC$31&+!<d@[F*_BQ#64o6@VfsmCI<#NAK#W4E,]`9FCJfiD(TpBEd;)+ARoh\"FED)3#R+[K@;U'7!\"((\\%h/L=!'_1u!.[9S!!#8K&e>EO!!#4u!!!!a*<6()58`HS+9_`","3147780":"!<d@[F*M9,#64c-E,TfC$31&+!<d@[F*_ER#64o6@VfsmCI<#NAHu^]F`__:EWlSfH#R='Ecki#Ch52BDf9/B\":&scFCB9&=9&=$!!EUFATMNNDJ*csjNEk(\":&scFCB9&=o\\O&!!rsADes6$@ru9m!!E[MAT2'lE`7'gFCbFP!!!-,De<U&ATV#S!!!!%#B+3dF(KGrz\":&jWAohO*=o\\O&!!!","3148804":"!<d@[F*M9,#64c-E,TfC$31&+!<d@[F*_HS#64o6@VfsmCI<#NAHu^]F`__:EWlSfH#R=1F(f-$AhA4FDe+'1EbfB,B68'1Ci]^aEc6&.FCePS!!!!%$#O6pBL-NKCh;\\N(;L%XEc6&.FCeVU!!!!*$\"ImiCh7*uARkcD$Z]ft@;0a\\FCB9&z\":&jWAohO*=9&=$!!EOFAnH*qFBJSD!!!-,De<U&ATV)Uz","3150852":"!<d@[F*M9,#64c-E,TfC$31&+!<d@[F*_NU#64o6@VfsmCI<#NAK#W4E,]`9FCJfiD(TpBEd;)+ARoh\"FED)3#R+[K@;U'2!\"'nW$4Qt85X-7h!'ia]%h8@7s#q1ss8P;(!!#j2)!\"=4\"98","4199428":"!<d@[F*M9,#64c-E,TfC$NL/,!<d@[F*_NU#64o6@VfsmCI<#NAK#W4E,]`9FCJfiD(TpBEd;)+ARoh\"FED)3#R+[K@;U'7!\"((\\%h/L=!'_1u!.[9S!!#8K&e>EO!'ia`!!%Pa*<6()58`HS+9_`"},"Entities":[],"ReplaceMode":2,"EntranceRotation":-1,"OriginalPos":{"X":506198,"Z":515419,"InternalY":3}}