{"GameVersion":"1.20.0","SizeX":8,"SizeY":7,"SizeZ":7,"BlockCodes":{"6179":"game:rock-granite","3240":"game:stonepath-free","8613":"game:meta-underground","2966":"game:cobblestone-granite","9493":"game:agedstonebricks-granite","8606":"game:clutter","631":"game:lootvessel-seed","8109":"game:chest-east","9610":"game:debarkedlog-veryagedrotten-ud","9609":"game:debarkedlog-veryaged-ud"},"ItemCodes":{"269":"game:stackrandomizer-ore","3814":"game:stackrandomizer-backpack","3638":"game:stackrandomizer-buildingblocks","275":"game:stackrandomizer-resource"},"Indices":[1024,3072,4096,1049600,1051648,1052672,2098176,2099200,2100224,2101248,1,1025,2049,3073,4097,6145,1048577,1049601,1050625,1051649,1052673,1054721,2097153,2098177,2099201,2100225,2101249,2102273,2103297,3148801,3151873,1026,2050,3074,4098,5122,6146,1049602,1050626,1051650,1052674,1053698,1054722,2097154,2098178,2099202,2100226,2101250,2102274,2103298,3146754,3147778,3148802,3149826,4197378,5245954,3,1027,2051,3075,4099,5123,1048579,1049603,1050627,1051651,1052675,1053699,2097155,2098179,2099203,2100227,2101251,2102275,3146755,3147779,3148803,3149827,3150851,4196355,4197379,5245955,6294531,4,1028,2052,3076,4100,5124,1048580,1049604,1050628,1051652,1052676,1053700,2097156,2098180,2099204,2100228,2101252,2102276,3147780,3148804,2053,3077,5125,1050629,1051653,1053701,2098181,2099205,2100229,2102277,2103301,3147781,2054,3078,1050630,1051654,2099206,2100230,2100231],"BlockIds":[6179,6179,6179,6179,6179,6179,3240,8613,3240,3240,6179,6179,6179,6179,6179,6179,6179,6179,6179,6179,6179,6179,3240,8613,2966,2966,9493,8613,3240,8606,8606,6179,6179,6179,6179,6179,6179,6179,6179,6179,6179,6179,6179,8613,9493,9493,9493,631,2966,3240,8109,8606,9610,8606,9609,8606,6179,6179,6179,6179,6179,6179,6179,6179,6179,6179,6179,6179,3240,9493,2966,9493,2966,9493,8606,9610,9610,8606,8606,8606,9609,9610,8606,6179,6179,6179,6179,6179,6179,6179,6179,6179,6179,6179,6179,3240,2966,9493,2966,9493,3240,8606,8606,6179,6179,6179,6179,6179,6179,8613,9493,9493,3240,8613,8606,6179,6179,6179,6179,3240,3240,8613],"DecorIndices":[],"DecorIds":[],"BlockEntities":{"3148801":"!<d@[F*Io\"#64c-E,TfC$31&+!<d@[F*_NU#64o6@VfsmCI<#NAHu^]F`__:EWlSfH#R='Ecki#Ch52BDf9/@\":&scFCB9&=9&=$!!EUFATMNNDJ*csgCME@\":&scFCB9&=o\\O&!!rsADes6$@ru9m!!E[MAT2'lE`7'gFCbFP!!!-,De<U&ATV#S!!!!%#B+3dF(KGrz\":&jWAohO*=o\\O&!!!","3151873":"!<d@[F*Io\"#64c-E,TfC$31&+!<d@[F*_WX#64o6@VfsmCI<#NAHu^]F`__:EWlSfH#R='Ecki#Ch52BDf9/C\":&scFCB9&=9&=$!!EUFATMNNDJ*csgCMCi\":&scFCB9&=o\\O&!!rsADes6$@ru9m!!E[MAT2'lE`7'gFCbFP!!!-,De<U&ATV#S!!!!%#B+3dF(KGrz\":&jWAohO*=o\\O&!!!","3146754":"!<d@[F*Ir##64c-E,TfC$31&+!<d@[F*_HS#64o6@VfsmCI<#NAI;p\\ATMrFARTY%\"po!]G%GQ5DfU+(#'\"^#Dfg%'!!!!'\"`nKuFE7Zf0E;+R!!!H/!!!$\"!!!-0FDl80CdVlEDI[7qor(%S#6?OZ!<<*\"jph@k!<<*\"\":K<iFCAuQBOPdgAH2^\\4obfg1&q=T!!\"ne!!!$\"!!!-0FDl80CdVlEDI[5X!!#4`#6?U\\!<<*\"'*/(5!<<*\"\":K<iFCAuQBOPdgA^/Fm4obQ_\"Uo!]E^FS\\@r\"GMA7Z*XBOu7,/S/@3F9MehH#R=&B5_TsASs).B4YTV$#O6pBL-NKCh;$nqnE+","3147778":"!<d@[F*Ir##64c-E,TfC$31&+!<d@[F*_KT#64o6@VfsmCI<#NAHu^]F`__:EWlSfH#R='Ecki#Ch52BDf9/B\":&scFCB9&=9&=$!!EUFATMNNDJ*csgCHk@\":&scFCB9&=o\\O&!!rsADes6$@ru9m!!E[MAT2'lE`7'gFCbFP!!!-,De<U&ATV#S!!!!%#B+3dF(KGrz\":&jWAohO*=o\\O&!!!","3149826":"!<d@[F*Ir##64c-E,TfC$31&+!<d@[F*_QV#64o6@VfsmCI<#NAHu^]F`__:EWlSfH#R='Ecki#Ch52BDf9/A\":&scFCB9&=9&=$!!EUFATMNNDJ*csgCME?\":&scFCB9&=o\\O&!!rsADes6$@ru9m!!E[MAT2'lE`7'gFCbFP!!!-,De<U&ATV#S!!!!%#B+3dF(KGrz\":&jWAohO*=o\\O&!!!","5245954":"!<d@[F*Ir##64c-E,TfC$ig8-!<d@[F*_NU#64o6@VfsmCI<#NAHu^]F`__:EWlSfH#R='Ecki#Ch52BDf9/B\":&scFCB9&=9&=$!!EUFATMNNDJ*csjNA=S\":&scFCB9&=o\\O&!!rsADes6$@ru9m!!E[MAT2'lE`7'gFCbFP!!!-,De<U&ATV#S!!!!%#B+3dF(KGrz\":&jWAohO*=o\\O&!!!","3146755":"!<d@[F*Iu$#64c-E,TfC$31&+!<d@[F*_HS#64o6@VfsmCI<#NAHu^]F`__:EWlSfH#R='Ecki#Ch52BDf9/@\":&scFCB9&=9&=$!!EUFATMNNDJ*csi9`0_\":&scFCB9&=o\\O&!!rsADes6$@ru9m!!E[MAT2'lE`7'gFCbFP!!!-,De<U&ATV#S!!!!%#B+3dF(KGrz\":&jWAohO*=o\\O&!!!","3149827":"!<d@[F*Iu$#64c-E,TfC$31&+!<d@[F*_QV#64o6@VfsmCI<#NAHu^]F`__:EWlSfH#R='Ecki#Ch52BDf9/C\":&scFCB9&=9&=$!!EUFATMNNDJ*csjNEk(\":&scFCB9&=o\\O&!!rsADes6$@ru9m!!E[MAT2'lE`7'gFCbFP!!!-,De<U&ATV#S!!!!%#B+3dF(KGrz\":&jWAohO*=o\\O&!!!","3150851":"!<d@[F*Iu$#64c-E,TfC$31&+!<d@[F*_TW#64o6@VfsmCI<#NAHu^]F`__:EWlSfH#R='Ecki#Ch52BDf9/A\":&scFCB9&=9&=$!!EUFATMNNDJ*csgCHk?\":&scFCB9&=o\\O&!!rsADes6$@ru9m!!E[MAT2'lE`7'gFCbFP!!!-,De<U&ATV#S!!!!%#B+3dF(KGrz\":&jWAohO*=o\\O&!!!","4196355":"!<d@[F*Iu$#64c-E,TfC$NL/,!<d@[F*_KT#64o6@VfsmCI<#NAHu^]F`__:EWlSfH#R='Ecki#Ch52BDf9/B\":&scFCB9&=9&=$!!EUFATMNNDJ*csdSp$-\":&scFCB9&=o\\O&!!rsADes6$@ru9m!!E[MAT2'lE`7'gFCbFP!!!-,De<U&ATV#S!!!!%#B+3dF(KGrz\":&jWAohO*=o\\O&!!!","6294531":"!<d@[F*Iu$#64c-E,TfC%0-A.!<d@[F*_NU#64o6@VfsmCI<#NAHu^]F`__:EWlSfH#R=&E+s-\"/RiX9ATKU0#BFa)@<?'_z\":8pVF(djWB5D/;m4Z6X#BFa)@<?'az#mk*[Ci!ZmFCet_\":K6]E+*I$;flGiAH2]1!!EOFAnH*qFBAMC!!!-,De<U&ATV&T!!!!%#B+3dF(KGsz!!","3147780":"!<d@[F*J#%#64c-E,TfC$31&+!<d@[F*_KT#64o6@VfsmCI<#NAHu^]F`__:EWlSfH#R='Ecki#Ch52BDf9/A\":&scFCB9&=9&=$!!EUFATMNNDJ*csjNA<(\":&scFCB9&=o\\O&!!rsADes6$@ru9m!!E[MAT2'lE`7'gFCbFP!!!-,De<U&ATV#S!!!!%#B+3dF(KGrz\":&jWAohO*=o\\O&!!!","3148804":"!<d@[F*J#%#64c-E,TfC$31&+!<d@[F*_NU#64o6@VfsmCI<#NAHu^]F`__:EWlSfH#R='Ecki#Ch52BDf9/C\":&scFCB9&=9&=$!!EUFATMNNDJ*csjNA<(\":&scFCB9&=o\\O&!!rsADes6$@ru9m!!E[MAT2'lE`7'gFCbFP!!!-,De<U&ATV#S!!!!%#B+3dF(KGrz\":&jWAohO*=o\\O&!!!","3147781":"!<d@[F*J&&#64c-E,TfC$31&+!<d@[F*_KT#64o6@VfsmCI<#NAHu^]F`__:EWlSfH#R='Ecki#Ch52BDf9/@\":&scFCB9&=9&=$!!EUFATMNNDJ*csgCMCi\":&scFCB9&=o\\O&!!rsADes6$@ru9m!!E[MAT2'lE`7'gFCbFP!!!-,De<U&ATV#S!!!!%#B+3dF(KGrz\":&jWAohO*=o\\O&!!!"},"Entities":[],"ReplaceMode":2,"EntranceRotation":-1,"OriginalPos":{"X":506105,"Z":515419,"InternalY":3}}