{"GameVersion":"1.20.0","SizeX":5,"SizeY":5,"SizeZ":8,"BlockCodes":{"8613":"game:meta-underground","6179":"game:rock-granite","9493":"game:agedstonebricks-granite","9655":"game:planks-rottenebony-ns","8606":"game:clutter","2966":"game:cobblestone-granite","3240":"game:stonepath-free","8607":"game:coalpile","9670":"game:planks-rottenebony-we","411":"game:drycarcass-humanoid1","8109":"game:chest-east","9685":"game:planks-rottenebony-ud","9449":"game:attachingplant-mold","9459":"game:oxidation-rust-normal"},"ItemCodes":{"351":"game:charcoal","272":"game:stackrandomizer-seed","275":"game:stackrandomizer-resource","271":"game:stackrandomizer-ingot","279":"game:stackrandomizer-gear"},"Indices":[2100224,2049,3073,1050625,1051649,2099201,2100225,3148801,4197377,1026,2050,3074,4098,5122,6146,1049602,1050626,1051650,1052674,1053698,1054722,2098178,2099202,2100226,2101250,2102274,2103298,2104322,3146754,3149826,1027,2051,3075,4099,5123,1049603,1050627,1051651,1052675,1053699,2097155,2098179,2099203,2100227,2101251,2102275,3146755,3147779,3148803,3150851,4195331,1028,3076,4100,1049604,1051652,1052676,2098180,2099204,2100228,2101252,2102276,3146756,3148804,3149828,4195332],"BlockIds":[8613,6179,6179,6179,6179,9493,9493,9655,8606,6179,6179,6179,6179,6179,6179,6179,6179,6179,6179,6179,6179,2966,2966,2966,2966,2966,3240,8613,8606,8607,6179,6179,6179,6179,6179,6179,6179,6179,6179,6179,8613,9493,9493,2966,9493,2966,9670,8606,411,8606,8109,6179,6179,6179,6179,6179,6179,9493,8613,2966,9493,8613,9670,8606,9685,8607],"DecorIndices":[2099201,3148801,3148801,2099202,2100226,2101250,2102274,2100227,2101251,3146755,3146755,3146755,3146755,2098180,3146756,3149828,3149828],"DecorIds":[67118313,50341097,33563891,67118323,67118313,33563891,67118323,67118313,67118313,9459,33563881,50341107,67118313,33563881,33563891,67118313,50341107],"BlockEntities":{"4197377":"!<d@[F*Jt@#64c-E,TfC$NL/,!<d@[F*_NU#64o6@VfsmCI<#NAHu^]F`__:EWlSfH#R='Ecki#Ch52BDf9/A\":&scFCB9&=9&=$!!EUFATMNNDJ*csgCMCi\":&scFCB9&=o\\O&!!rsADes6$@ru9m!!E[MAT2'lE`7'gFCbFP!!!-,De<U&ATV#S!!!!%#B+3dF(KGrz\":&jWAohO*=o\\O&!!!","3146754":"!<d@[F*K\"A#64c-E,TfC$31&+!<d@[F*_HS#64o6@VfsmCI<#NAHu^]F`__:EWlSfH#R='Ecki#Ch52BDf9/@\":&scFCB9&=9&=$!!EUFATMNNDJ*csz\":&scFCB9&=o\\O&!!rsADes6$@ru9m!!E[MAT2'lE`7'gFCbFP!!!-,De<U&ATV#S!!!!%#B+3dF(KGrz\":&jWAohO*=o\\O&!!!","3149826":"!<d@[F*K\"A#64c-E,TfC$31&+!<d@[F*_QV#64o6@VfsmCI<#NAI)da@;KmsCh3eWBl8**DKKf;Gl\\+hF)5c:Erc7@!!WUJCi=E:#6?LY!<<*\"?NC-,!<<*\"!!!!*#@_grDJ=!$!!<jM@<6NiBk(pXDffE(88iWkErZ1?z!!rsGF$jk]@:F%a!!!","3147779":"!<d@[F*K%B#64c-E,TfC$31&+!<d@[F*_KT#64o6@VfsmCI<#NAHu^]F`__:EWlSfH#R=0@V'('@V'(%AmoReGqF&ZBl7Km0a%`%DffE0AQSp4!!!-.D.Rd%6#L=OA_Ra;^'\"[]DffE0AQf'6!!!<3@rH1\"ARfgnA,l`?Eb02uBl[-o@<?&\\!!!!%#B+3dF(KGqz\":&jWAohO*=TAF%!!EOFAnH*qFBSYE!!!!","3148803":"!<d@[F*K%B#64c-E,TfC$31&+!<d@[F*_NU#64o6@VfsmCI<#NAJAZqH\"19'@psG\"/SK9D@;^!tA2+0\"FE1f-F(o`1Df/*aF`MOsAS-#az!:[`*'Pq3!F@0_Q@r\"AP<,ZkeCd_]WF#+;Fe(XD&5QC","3150851":"!<d@[F*K%B#64c-E,TfC$31&+!<d@[F*_TW#64o6@VfsmCI<#NAHu^]F`__:EWlSfH#R='Ecki#Ch52BDf9/B\":&scFCB9&=9&=$!!EUFATMNNDJ*csgCMCi\":&scFCB9&=o\\O&!!rsADes6$@ru9m!!E[MAT2'lE`7'gFCbFP!!!-,De<U&ATV#S!!!!%#B+3dF(KGrz\":&jWAohO*=o\\O&!!!","4195331":"!<d@[F*K%B#64c-E,TfC$NL/,!<d@[F*_HS#64o6@VfsmCI<#NAI;p\\ATMrFARTY%\"po!]G%GQ5DfU+(#'\"^#Dfg%'!!!!'\"`nKuFE7Zf0E;+R!!!Q2!!!$\"!!!-0FDl80CdVlEDI[8&bY12##6?OZ!<<*\"'*/(5!<<*\"!!`N[!!*'\"!\"T)1!!*'\"!!E[ODffE(6YKnG@q>W?J3Er<!Aa]V!!!!8!<<*#!!!!%$Zp</@;J;E@;]Rd_tBrl!!!!&$taEu6>URMCI<#NAI;p\\ATMrFARTY%\"U&pmE+K;nGAJj>B4YTV$#O6pBL-NKCh;?3aZ]\\","3148804":"!<d@[F*K(C#64c-E,TfC$31&+!<d@[F*_NU#64o6@VfsmCI<#NAHu^]F`__:EWlSfH#R='Ecki#Ch52BDf9/A\":&scFCB9&=9&=$!!EUFATMNNDJ*csgCME@\":&scFCB9&=o\\O&!!rsADes6$@ru9m!!E[MAT2'lE`7'gFCbFP!!!-,De<U&ATV#S!!!!%#B+3dF(KGrz\":&jWAohO*=o\\O&!!!","4195332":"!<d@[F*K(C#64c-E,TfC$NL/,!<d@[F*_HS#64o6@VfsmCI<#NAI)da@;KmsCh3eWBl8**DKKf;Gl\\+hF)5c:Erc7@!!WUJCi=E:#6?LY!<<*\"?NC-,!<<*\"!!!!*#@_grDJ=!$!!<jM@<6NiBk(pXDffE(88iWkErZ1?z!!rsGF$jk]@:F%a!!!"},"Entities":[],"ReplaceMode":2,"EntranceRotation":-1,"OriginalPos":{"X":506136,"Z":515419,"InternalY":3}}