{"GameVersion":"1.20.0","SizeX":7,"SizeY":7,"SizeZ":6,"BlockCodes":{"9698":"game:supportbeam-aged","2035":"game:hay-aged-ns","0":"game:air","9449":"game:attachingplant-mold","2037":"game:hay-aged-we","2033":"game:hay-aged-ud","8613":"game:meta-underground","6179":"game:rock-granite","2647":"game:forestfloor-6","9493":"game:agedstonebricks-granite","2645":"game:forestfloor-4","2336":"game:slantedroofing-agedthatch-south-free","456":"game:chiseledblock","2642":"game:forestfloor-1","2643":"game:forestfloor-2","2316":"game:slantedroofing-agedthatch-north-free","8606":"game:clutter","2326":"game:slantedroofing-agedthatch-east-free","2966":"game:cobblestone-granite","633":"game:lootvessel-forage"},"ItemCodes":{},"Indices":[2100224,5243904,1025,2049,3073,4097,1049601,1050625,1051649,1052673,2098177,2099201,2100225,2101249,3146753,3148801,3149825,4195329,5243905,5244929,6293505,6294529,1026,2050,3074,4098,1049602,1050626,1051650,1052674,2098178,2099202,2100226,2101250,2102274,3147778,3149826,3150850,4198402,5243906,5245954,5246978,6293506,6294530,1027,2051,3075,4099,1049603,1050627,1051651,1052675,2097155,2098179,2099203,2100227,2101251,2102275,3147779,3148803,4195331,4198403,5243907,5246979,6293507,6294531,1028,2052,3076,4100,1049604,1050628,1051652,1052676,2097156,2098180,2099204,2100228,2101252,3147780,3148804,4195332,5243908,5245956,5246980,6293508,6294532,1029,2053,3077,4101,1049605,1050629,1051653,1052677,2098181,2099205,2100229,2101253,3146757,3147781,3148805,3149829,4196357,5243909,5244933,5246981,6293509,6294533,2099206,2100230,5246982],"BlockIds":[8613,9698,6179,6179,6179,6179,6179,6179,6179,6179,2647,9493,2647,2645,9698,9698,9698,9698,2336,9698,456,456,6179,6179,6179,6179,6179,6179,6179,6179,2647,2645,2642,2643,2647,456,9698,456,9698,2336,9698,456,2336,2316,6179,6179,6179,6179,6179,6179,6179,6179,8613,2645,2642,9493,2645,8613,8606,2326,9698,9698,456,2316,2336,456,6179,6179,6179,6179,6179,6179,6179,6179,2647,2643,2642,2966,2647,8606,2316,9698,2336,9698,2316,456,456,6179,6179,6179,6179,6179,6179,6179,6179,2647,2645,2643,2645,9698,456,633,9698,9698,2336,9698,2316,2336,2316,8613,2647,9698],"DecorIndices":[],"DecorIds":[],"BlockEntities":{"5243904":"!<d@[F*Q`T#64c-E,TfC$ig8-!<d@[F*_NU#64o6@VfsmCI<#NAIrp*E,]`9FCJfiD(T1/ARl&M@V&tbF!L_m+pnYd!!%O6*<6'>58\"J9!!'f\"'mcrrZlK,H!'_=[9-=<:","3146753":"!<d@[F*QcU#64c-E,TfC$31&+!<d@[F*_NU#64o6@VfsmCI<#NAIrp*E,]`9FCJfiD(T1/ARl&M@V&tbF!L_m+pnYd!!!!`*<6'>58\"J9!!!!`'`\\465TKh)!'_=[9-=?;","3148801":"!<d@[F*QcU#64c-E,TfC$31&+!<d@[F*_TW#64o6@VfsmCI<#NAIrp*E,]`9FCJfiD(T1/ARl&M@V&tbF!L_m+pnYd!!#8K*<6()58\"J9!!%O6'aa$MZ5ioFTKa:Q9-=?;","3149825":"!<d@[F*QcU#64c-E,TfC$31&+!<d@[F*_WX#64o6@VfsmCI<#NAIrp*E,]`9FCJfiD(T1/ARl&M@V&tbF!L_m+pnYd!!!!`*<6'>58\"J9!!!!`'`\\5a590_(!'_=[9-=?;","4195329":"!<d@[F*QcU#64c-E,TfC$NL/,!<d@[F*_NU#64o6@VfsmCI<#NAIrp*E,]`9FCJfiD(T1/ARl&M@V&tbF\"%(r-OL@n!!!!`'`\\5a590_(J3FSV%K6>,4r\"%t!'hP)!!#8$i_(Bt!!","5244929":"!<d@[F*QcU#64c-E,TfC$ig8-!<d@[F*_QV#64o6@VfsmCI<#NAIrp*E,]`9FCJfiD(T1/ARl&M@V&tbF!L_m+pnhi!!!!`'`\\5a590_(J3OYR%KHJ.4rs\\'^HWRp9-=B<","6293505":"!<d@[F*QcU#64c-E,TfC%0-A.!<d@[F*_QV#64o6@VfsmCI<#NAIW-_Bldj%ARo7dDe!Pj$Zg3(G@Pc)DeWa'!WW3#[/Be$I/(/N$P@#lDfor.;f6Mt6ZljVBk28ezYcn*.4R`=Zn8J@8$#O*mATDKnCi]UW!!)Tq!!!B4A7]7hE_0e_\"onW'zzzkp-6/zkp-6/!=34I@rHBcDfbsZ!!!$*Ec6&.FD5Z2!2'Jq$O:0a@W,skEruCB!/1:I!(d%^!)30s!!ipCD/\")jBk1d@DZKh<#RPQdA7\\\\XCh[D\\!!!98F(o/r6#:CVF*(?!Ch[D\\!!!0/@VfsmCJJ;TAIq.?ARloS@<itD7ri$ZF\"%J5@<Q'nCe\\>[ATDKnCf,=`DKKT7Bk;>dz&-)\\1","6294529":"!<d@[F*QcU#64c-E,TfC%0-A.!<d@[F*_TW#64o6@VfsmCI<#NAIW-_Bldj%ARo7dDe!Pj$Zg3(G@Pc)DeWa'\"TSN&\\F;Q[]_$ONFDs/=GdMYpI/(/N$P@#lDfor.;f6Mt6ZljVBk28fz0^o&FFRT89\\F9J,r9s[o$#O*mATDKnCi]UW!!)Zs!!!B4A7]7hE_0e_\"onW'zzkp-6/kp-6/zz!=34I@rHBcDfbsZ!!!$*Ec6&.FD5Z2!2'Jq$O:0a@W,skEs;UE!(?<8!!r(8!(ca+!/U,+!)30s!0$Ps!!ipCD/\")jBk1d@DZKh<#RPQdA7\\\\XCh[D\\!!!98F(o/r6#:CVF*(?!Ch[D\\!!!0/@VfsmCJJ;TAIq.?ARloS@<itD7ri$ZF\"%J5@<Q'nCe\\>[ATDKnCf,=`DKKT7Bk;>dz&-)\\1","3147778":"!<d@[F*QfV#64c-E,TfC$31&+!<d@[F*_QV#64o6@VfsmCI<#NAIW-_Bldj%ARo7dDe!Pj$Zg3(G@Pc)DeWa'!WW3#1iRL934*`,$P@#lDfor.;f6Mt6ZljVBk28fz0^o&Fq!\\7hn1XhNoPad<$#O*mATDKnCi]UW!!)No!!!B4A7]7hE_0e_\"onW'zzzzkp-6/z!=34I@rHBcDfbsZ!!!$*Ec6&.FD5Z2!2'Jq$O:0a@W,skErl=A!!I7^!!orQ!!ipCD/\")jBk1d@DZKh<#RPQdA7\\\\XCh[D\\!!!98F(o/r6#:CVF*(?!Ch[D\\!!!0/@VfsmCJJ;TAIq.?ARloS@<itD7ri$ZF\"%J5@<Q'nCe\\>[ATDKnCf,=`DKKT7Bk;>dz&-)\\1","3149826":"!<d@[F*QfV#64c-E,TfC$31&+!<d@[F*_WX#64o6@VfsmCI<#NAIrp*E,]`9FCJfiD(T1/ARl&M@V&tbF!L_m+pnYd!!%O6*<6'>58\"J9r;V71'uN$\\ZQ9)GIm4e09-=?;","3150850":"!<d@[F*QfV#64c-E,TfC$31&+!<d@[F*_ZY#64o6@VfsmCI<#NAIW-_Bldj%ARo7dDe!Pj$Zg3(G@Pc)DeWa'!WW3#0JG9_1j$&($P@#lDfor.;f6Mt6ZljVBk28fz2\"1JJn1XhGr9s[loWS<'$#O*mATDKnCi]UW!!)No!!!B4A7]7hE_0e_\"onW'zzzkp-6/zz!=34I@rHBcDfbsZ!!!$*Ec6&.FD5Z2!2'Jq$O:0a@W,skErl=A!!\"]/!!IDM!!ipCD/\")jBk1d@DZKh<#RPQdA7\\\\XCh[D\\!!!98F(o/r6#:CVF*(?!Ch[D\\!!!0/@VfsmCJJ;TAIq.?ARloS@<itD7ri$ZF\"%J5@<Q'nCe\\>[ATDKnCf,=`DKKT7Bk;>dz&-)\\1","4198402":"!<d@[F*QfV#64c-E,TfC$NL/,!<d@[F*_WX#64o6@VfsmCI<#NAIrp*E,]`9FCJfiD(T1/ARl&M@V&tbF\"%(r-OL@n!!!!`'`\\5a590_(5X,kl%K6>,4r\"%t!'hP)!._g$i_(Bt!!","5245954":"!<d@[F*QfV#64c-E,TfC$ig8-!<d@[F*_TW#64o6@VfsmCI<#NAIrp*E,]`9FCJfiD(T1/ARl&M@V&tbEutAh*=<,_!!!!`'`\\5a58\";4rr<!^*<6)T^DPs'+9_`","5246978":"!<d@[F*QfV#64c-E,TfC$ig8-!<d@[F*_WX#64o6@VfsmCI<#NAIW-_Bldj%ARo7dDe!Pj$Zg3(G@Pc)DeWa'\"98E%]_$ONFL65lGjmWlH2+iK$P@#lDfor.;f6Mt6ZljVBk28fzE%h7m2\"1JJM!tBNr9s[o$#O*mATDKnCi]UW!!)Zs!!!B4A7]7hE_0e_\"onW'zzzkp-6/zz!=34I@rHBcDfbsZ!!!$*Ec6&.FD5Z2!2'Jq$O:0a@W,skEs2OD!(?I'!(cT<!(cmo!\"AL@!0$Ps!!ipCD/\")jBk1d@DZKh<#RPQdA7\\\\XCh[D\\!!!98F(o/r6#:CVF*(?!Ch[D\\!!!0/@VfsmCJJ;TAIq.?ARloS@<itD7ri$ZF\"%J5@<Q'nCe\\>[ATDKnCf,=`DKKT7Bk;>dz&-)\\1","3147779":"!<d@[F*QiW#64c-E,TfC$31&+!<d@[F*_QV#64o6@VfsmCI<#NAHu^]F`__:EWlSfH#R=\"@Wc0rATT[1#BFa)@<?'_z\":8pVF(djWB5D/-;u=<4#BFa)@<?'az#mk*[Ci!ZmFCet_\":K6]E+*I$;flGiAH2]1!!EOFAnH*qFBAMC!!!-,De<U&ATV&T!!!!%#B+3dF(KGsz!!","4195331":"!<d@[F*QiW#64c-E,TfC$NL/,!<d@[F*_NU#64o6@VfsmCI<#NAIrp*E,]`9FCJfiD(T1/ARl&M@V&tbF\"%(r-OL@n!!!!`'`\\5a590_(!'_),%K?D-4r\"%t!'hP)!!#8$i_(Bt!!","4198403":"!<d@[F*QiW#64c-E,TfC$NL/,!<d@[F*_WX#64o6@VfsmCI<#NAIrp*E,]`9FCJfiD(T1/ARl&M@V&tbF\"%(r-OL@n!!!!`'`\\5a590_(5X,kl%K6>,4r\"%t!'hP)!._g$i_(Bt!!","5243907":"!<d@[F*QiW#64c-E,TfC$ig8-!<d@[F*_NU#64o6@VfsmCI<#NAIW-_Bldj%ARo7dDe!Pj$Zg3(G@Pc)DeWa'\"onW'YW05pE'3jpFSN<FI.VU_IJig>0JmhN$P@#lDfor.;f6Mt6ZljVBk28ezn1XhFZu?!KbjYT?$#O*mATDKnCi]UW!!)Zs!!!B4A7]7hE_0e_\"onW'kp-6/zzzzz!=34I@rHBcDfbsZ!!!$*Ec6&.FD5Z2!2'Jq$O:0a@W,skEsMaG!!\"j^!'p=g!'i[@!.[&@!!IPQ!\"AY/!)3$/!)3=b!!ipCD/\")jBk1d@DZKh<#RPQdA7\\\\XCh[D\\!!!98F(o/r6#:CVF*(?!Ch[D\\!!!0/@VfsmCJJ;TAIq.?ARloS@<itD7ri$ZF\"%J5@<Q'nCe\\>[ATDKnCf,=`DKKT7Bk;>dz&-)\\1","6294531":"!<d@[F*QiW#64c-E,TfC%0-A.!<d@[F*_TW#64o6@VfsmCI<#NAIW-_Bldj%ARo7dDe!Pj$Zg3(G@Pc)DeWa'\"98E%Ycp1hYr$e-FED^,I.0&p$P@#lDfor.;f6Mt6ZljVBk28ez\"RlBlq!\\7hoPad<$#O*mATDKnCi]UW!!)Tq!!!B4A7]7hE_0e_\"onW'zzkp-6/zzz!=34I@rHBcDfbsZ!!!$*Ec6&.FD5Z2!2'Jq$O:0a@W,skEs2OD!!$t\"!'kXM!.ZnQ!(cT<!/Rj@!!ipCD/\")jBk1d@DZKh<#RPQdA7\\\\XCh[D\\!!!98F(o/r6#:CVF*(?!Ch[D\\!!!0/@VfsmCJJ;TAIq.?ARloS@<itD7ri$ZF\"%J5@<Q'nCe\\>[ATDKnCf,=`DKKT7Bk;>dz&-)\\1","3147780":"!<d@[F*QlX#64c-E,TfC$31&+!<d@[F*_QV#64o6@VfsmCI<#NAHu^]F`__:EWlSfH#R=(@q]:bE\\2<SBl7Km1B[r'DffE0AQSp4!!!-.D.Rd%6#L=OA_Ra;^'\"[]DffE0AQf'6!!!<3@rH1\"ARfgnA,l`?Eb02uBl[-o@<?&\\!!!!%#B+3dF(KGqz\":&jWAohO*=TAF%!!EOFAnH*qFBSYE!!!!","4195332":"!<d@[F*QlX#64c-E,TfC$NL/,!<d@[F*_NU#64o6@VfsmCI<#NAIrp*E,]`9FCJfiD(T1/ARl&M@V&tbF\"%(r-OL@n!!!!`'`\\5a590_(J3FSV%K6>,4r\"%t!'hP)!!#8$i_(Bt!!","5245956":"!<d@[F*QlX#64c-E,TfC$ig8-!<d@[F*_TW#64o6@VfsmCI<#NAIrp*E,]`9FCJfiD(T1/ARl&M@V&tbEutAh*=<,_!!!!`'`\\5a58\";4rr<!^*<6)T58`BQ+9_`","6293508":"!<d@[F*QlX#64c-E,TfC%0-A.!<d@[F*_QV#64o6@VfsmCI<#NAIW-_Bldj%ARo7dDe!Pj$Zg3(G@Pc)DeWa'!rr<$\\GZ4(E.%B[I/(/N$P@#lDfor.;f6Mt6ZljVBk28dzYcn*9n8J@8$#O*mATDKnCi]UW!!)Tq!!!B4A7]7hE_0e_\"onW'kp-6/zzzkp-6/z!=34I@rHBcDfbsZ!!!$*Ec6&.FD5Z2!2'Jq$O:0a@W,skEs)IC!'pJV!!rMo!/URM!)30s!!ipCD/\")jBk1d@DZKh<#RPQdA7\\\\XCh[D\\!!!98F(o/r6#:CVF*(?!Ch[D\\!!!0/@VfsmCJJ;TAIq.?ARloS@<itD7ri$ZF\"%J5@<Q'nCe\\>[ATDKnCf,=`DKKT7Bk;>dz&-)\\1","6294532":"!<d@[F*QlX#64c-E,TfC%0-A.!<d@[F*_TW#64o6@VfsmCI<#NAIW-_Bldj%ARo7dDe!Pj$Zg3(G@Pc)DeWa'!rr<$r9uoN['2Ul\\Fb+J$P@#lDfor.;f6Mt6ZljVBk28ez0^o&FFRT89q!\\7k$#O*mATDKnCi]UW!!)Zs!!!B4A7]7hE_0e_\"onW'zzkp-6/zkp-6/z!=34I@rHBcDfbsZ!!!$*Ec6&.FD5Z2!2'Jq$O:0a@W,skEs2OD!(?<<!/U8o!\"A?Q!)3$/!6jps!!ipCD/\")jBk1d@DZKh<#RPQdA7\\\\XCh[D\\!!!98F(o/r6#:CVF*(?!Ch[D\\!!!0/@VfsmCJJ;TAIq.?ARloS@<itD7ri$ZF\"%J5@<Q'nCe\\>[ATDKnCf,=`DKKT7Bk;>dz&-)\\1","3146757":"!<d@[F*QoY#64c-E,TfC$31&+!<d@[F*_NU#64o6@VfsmCI<#NAIrp*E,]`9FCJfiD(T1/ARl&M@V&tbF!L_m+pnYd!!!!`*<6'>58\"J9!!!!`'`\\465TKh)!'_=[9-=?;","3147781":"!<d@[F*QoY#64c-E,TfC$31&+!<d@[F*_QV#64o6@VfsmCI<#NAIW-_Bldj%ARo7dDe!Pj$#O*mATDKnCi]UW!!)No!!!B4A7]7hE_0e_\"onW'zkp-6/zzkp-6/z!=34I@rHBcDfbsZ!!!$*Ec6&.FD5Z2!2'Jq$O:0a@W,skEs2OD!!'\\'!!IPQ!(;5/!!oeb!\"AY/!!ipCD/\")jBk1d@DZKh<#RPQdA7\\\\XCh[D\\!!!98F(o/r6#:CVF*(?!Ch[D\\!!!0/@VfsmCJJ;TAIq.?ARloS@<itD7ri$ZF\"%J5@<Q'nCe\\>[ATDKnCf,=`DKKT7Bk;>dz&-)\\1","3149829":"!<d@[F*QoY#64c-E,TfC$31&+!<d@[F*_WX#64o6@VfsmCI<#NAIrp*E,]`9FCJfiD(T1/ARl&M@V&tbF!L_m+pnYd!!!!`*<6'>58\"J9!!!!`'`\\465TKh)!'_=[9-=?;","4196357":"!<d@[F*QoY#64c-E,TfC$NL/,!<d@[F*_QV#64o6@VfsmCI<#NAIrp*E,]`9FCJfiD(T1/ARl&M@V&tbF\"%(r-OL@n!!!!`'`\\5a590_(!5B-W%K?D-4r\"%t!'hP)!.[9Ni_(Bq!!","5244933":"!<d@[F*QoY#64c-E,TfC$ig8-!<d@[F*_QV#64o6@VfsmCI<#NAIrp*E,]`9FCJfiD(T1/ARl&M@V&tbF!L_m+pnhi!!!!`'`\\5a590_(J3OYR%K?D-4rjV'+@$e'9-=B<","5246982":"!<d@[F*QrZ#64c-E,TfC$ig8-!<d@[F*_WX#64o6@VfsmCI<#NAIrp*E,]`9FCJfiD(T1/ARl&M@V&tbEutAh*=;rj!!!!`&e>EO!+<SWXfs(X*<H4+58`BQ+9;H"},"Entities":[],"ReplaceMode":2,"EntranceRotation":-1,"OriginalPos":{"X":506074,"Z":515419,"InternalY":3}}