﻿{
  "ingredient": {
    "type": "item",
    "code": "game:clay-*",
    "name": "type",
    "allowedVariants": [ "blue", "fire" ]
  },
  "pattern": [
    [
      "#########",
      "#########",
      "#########",
      "#########",
      "#########",
      "#########",
      "#########",
      "#########",
      "#########"
    ],
    [
        "#########",
        "#########",
        "####_####",
        "###___###",
        "##__#__##",
        "###___###",
        "####_####",
        "#########",
        "#########"
    ],
    [
        "#########",
        "#########",
        "####_####",
        "###___###",
        "##__#__##",
        "###___###",
        "####_####",
        "#########",
        "#########"
    ],
    [
        "#########",
        "#########",
        "####_####",
        "###___###",
        "##__#__##",
        "###___###",
        "####_####",
        "#########",
        "#########"
    ],
    [
        "#########",
        "#########",
        "###___###",
        "##_____##",
        "##__#__##",
        "##_____##",
        "###___###",
        "#########",
        "#########"
    ]

  ],
  "name": "Royal horn head mold",
    "output": {
        "type": "block",
        "code": "royalhornheadmold-raw-royalhornhead"
    }
}