{
	"editor": {
		"allAngles": false,
		"entityTextureMode": false
	},
	"textureWidth": 16,
	"textureHeight": 16,
	"textureSizes": {
	},
	"textures": {
	},
	"elements": [
		{
			"name": "carrot",
			"from": [ 7.6, 4.0, 7.6 ],
			"to": [ 8.4, 5.5, 8.4 ],
			"rotationOrigin": [ 8.0, 3.0, 8.1 ],
			"faces": {
				"north": { "texture": "#bulb2", "uv": [ 11.0, 4.5, 11.5, 6.0 ], "rotation": 180 },
				"east": { "texture": "#bulb2", "uv": [ 1.0, 4.5, 1.5, 6.0 ], "rotation": 180 },
				"south": { "texture": "#bulb2", "uv": [ 0.0, 4.5, 0.5, 6.0 ], "rotation": 180 },
				"west": { "texture": "#bulb2", "uv": [ 6.5, 4.5, 7.0, 6.0 ], "rotation": 180 },
				"up": { "texture": "#bulb2", "uv": [ 9.5, 6.0, 10.0, 6.5 ] },
				"down": { "texture": "#bulb2", "uv": [ 4.5, 6.5, 5.0, 7.0 ], "windMode": [-1,-1,-1,-1] }
			},
			"children": [
				{
					"name": "carrot top",
					"from": [ 0.15, 1.5, 0.15 ],
					"to": [ 0.7, 2.0, 0.7 ],
					"rotationOrigin": [ -0.35, 0.0, -0.35 ],
					"faces": {
						"north": { "texture": "#bulb2", "uv": [ 13.0, 7.0, 13.5, 7.5 ] },
						"east": { "texture": "#bulb2", "uv": [ 2.0, 7.0, 2.5, 7.5 ] },
						"south": { "texture": "#bulb2", "uv": [ 8.5, 7.0, 9.0, 7.5 ] },
						"west": { "texture": "#bulb2", "uv": [ 3.0, 7.0, 3.5, 7.5 ] },
						"up": { "texture": "#bulb2", "uv": [ 7.0, 7.0, 7.5, 7.5 ] }
					}
				},
				{
					"name": "s 1",
					"from": [ -6.05, 0.5, 0.45 ],
					"to": [ 6.95, 13.5, 0.45 ],
					"shade": false,
					"rotationOrigin": [ 0.45, -2.5, 0.45 ],
					"faces": {
						"south": { "texture": "#s5", "uv": [ 1.5, 3.0, 14.5, 16.0 ] }
					}
				},
				{
					"name": "e 1",
					"from": [ 0.45, 0.5, -6.05 ],
					"to": [ 0.45, 13.5, 6.95 ],
					"shade": false,
					"rotationOrigin": [ 0.45, -2.5, 0.55 ],
					"faces": {
						"east": { "texture": "#e5", "uv": [ 1.5, 3.0, 14.5, 16.0 ] }
					}
				},
				{
					"name": "carrot middle",
					"from": [ 0.12, -0.5, 0.12 ],
					"to": [ 0.67, 0.0, 0.67 ],
					"rotationOrigin": [ -0.35, 1.0, -0.35 ],
					"faces": {
						"north": { "texture": "#bulb2", "uv": [ 12.0, 6.0, 12.5, 6.5 ], "rotation": 90 },
						"east": { "texture": "#bulb2", "uv": [ 5.0, 6.0, 5.5, 6.5 ], "rotation": 90 },
						"south": { "texture": "#bulb2", "uv": [ 4.0, 4.0, 4.5, 4.5 ], "rotation": 90 },
						"west": { "texture": "#bulb2", "uv": [ 3.0, 6.0, 3.5, 6.5 ], "rotation": 90 },
						"down": { "texture": "#bulb2", "uv": [ 9.0, 7.0, 9.5, 7.5 ], "windMode": [-1,-1,-1,-1] }
					}
				},
				{
					"name": "carrot tip",
					"from": [ 0.15, -1.5, 0.15 ],
					"to": [ 0.65, -0.5, 0.65 ],
					"rotationOrigin": [ -0.35, 1.0, -0.35 ],
					"faces": {
						"north": { "texture": "#bulb2", "uv": [ 12.0, 6.0, 12.5, 7.0 ] },
						"east": { "texture": "#bulb2", "uv": [ 5.0, 6.0, 5.5, 7.0 ] },
						"south": { "texture": "#bulb2", "uv": [ 4.0, 4.0, 4.5, 5.0 ] },
						"west": { "texture": "#bulb2", "uv": [ 3.0, 6.0, 3.5, 7.0 ] },
						"down": { "texture": "#bulb2", "uv": [ 9.0, 7.0, 9.5, 7.5 ], "windMode": [-1,-1,-1,-1] }
					}
				}
			]
		}
	]}