[
	{
	"ingredientPattern": "LBL,FTF,ATN",
	"requiresTrait": "clothier",
	"ingredients": {
		"T": { "type": "item", "code": "tailorsdelight:leatherbundle-darkbrown" },
		"L": { "type": "item", "code": "tailorsdelight:leatherbundle-pelt" },
		"A": { "type": "item", "code": "tailorsdelight:awl-*", "isTool": true },
		"N": { "type": "item", "code": "tailorsdelight:needle-*" },
		"B": { "type": "item", "code": "tailorsdelight:buttons-*", "name": "button", "allowedVariants": [ "mixed", "horn", "zinc" ] },
		"F": { "type": "item", "code": "tailorsdelight:twine-black", "quantity": 2 }
	},
	"width": 3,
	"height": 3,
	"output": { "type": "item", "code": "game:clothes-upperbodyover-malefactor-tunic" }
	},
	{
	"ingredientPattern": "LBL,FTF,ATN",
	"requiresTrait": "improviser",
	"ingredients": {
		"T": { "type": "item", "code": "tailorsdelight:leather-darkbrown", "quantity": 3 },
		"L": { "type": "item", "code": "game:leather-normal-plain", "quantity": 3 },
		"A": { "type": "item", "code": "tailorsdelight:awl-*", "isTool": true },
		"N": { "type": "item", "code": "tailorsdelight:needle-*" },
		"B": { "type": "item", "code": "tailorsdelight:buttons-*", "name": "button", "allowedVariants": [ "mixed", "horn", "zinc" ] },
		"F": { "type": "item", "code": "tailorsdelight:twine-black", "quantity": 3 }
	},
	"recipeGroup": 2,
	"width": 3,
	"height": 3,
	"output": { "type": "item", "code": "game:clothes-upperbodyover-malefactor-tunic" }
	},

	{
	"ingredientPattern": "BAB,FPF,_P_",
	"requiresTrait": "clothier",
	"ingredients": {
		"P": { "type": "item", "code": "tailorsdelight:leatherbundle-pelt" },
		"B": { "type": "item", "code": "game:cloth-brown" },
		"A": { "type": "item", "code": "tailorsdelight:awl-*", "isTool": true },
		"F": { "type": "item", "code": "game:flaxtwine", "quantity": 2 }
	},
	"width": 3,
	"height": 3,
	"output": { "type": "item", "code": "game:clothes-upperbodyover-huntsmans-tunic" }
	},
	{
	"ingredientPattern": "BAB,FPF,_P_",
	"requiresTrait": "bowyer",
	"ingredients": {
		"P": { "type": "item", "code": "tailorsdelight:leatherbundle-pelt" },
		"B": { "type": "item", "code": "game:cloth-brown" },
		"A": { "type": "item", "code": "tailorsdelight:awl-*", "isTool": true },
		"F": { "type": "item", "code": "game:flaxtwine", "quantity": 3 }
	},
	"recipeGroup": 2,
	"width": 3,
	"height": 3,
	"output": { "type": "item", "code": "game:clothes-upperbodyover-hunter-coat" }
	},

	{
	"ingredientPattern": "BNB,FPF,_P_",
	"requiresTrait": "clothier",
	"ingredients": {
		"P": { "type": "item", "code": "game:cloth-gray" },
		"B": { "type": "item", "code": "game:cloth-brown" },
		"N": { "type": "item", "code": "tailorsdelight:needle-*" },
		"F": { "type": "item", "code": "tailorsdelight:twine-black", "quantity": 2 }
	},
	"width": 3,
	"height": 3,
	"output": { "type": "item", "code": "game:clothes-upperbodyover-hunter-coat" }
	},
	{
	"ingredientPattern": "BNB,FPF,_P_",
	"requiresTrait": "bowyer",
	"ingredients": {
		"P": { "type": "item", "code": "game:cloth-gray" },
		"B": { "type": "item", "code": "game:cloth-brown" },
		"N": { "type": "item", "code": "tailorsdelight:needle-*" },
		"F": { "type": "item", "code": "tailorsdelight:twine-black", "quantity": 3 }
	},
	"recipeGroup": 2,
	"width": 3,
	"height": 3,
	"output": { "type": "item", "code": "game:clothes-upperbodyover-huntsmans-tunic" }
	},

	{
	"ingredientPattern": "GBG,TGT,_N_",
	"requiresTrait": "clothier",
	"ingredients": {
		"B": { "type": "item", "code": "game:cloth-blue" },
		"G": { "type": "item", "code": "game:cloth-gray" },
		"N": { "type": "item", "code": "tailorsdelight:needle-*" },
		"T": { "type": "item", "code": "tailorsdelight:twine-brown", "quantity": 4 }
	},
	"width": 3,
	"height": 3,
	"output": { "type": "item", "code": "game:clothes-upperbodyover-clockmaker-tunic" }
	},
	{
	"ingredientPattern": "GBG,TGT,_N_",
	"requiresTrait": "tinkerer",
	"ingredients": {
		"B": { "type": "item", "code": "game:cloth-blue" },
		"G": { "type": "item", "code": "game:cloth-gray" },
		"N": { "type": "item", "code": "tailorsdelight:needle-*" },
		"T": { "type": "item", "code": "tailorsdelight:twine-brown", "quantity": 6 }
	},
	"recipeGroup": 2,
	"width": 3,
	"height": 3,
	"output": { "type": "item", "code": "game:clothes-upperbodyover-clockmaker-tunic" }
	},

	{
	"ingredientPattern": "GTG,GSG,YBY",
	"requiresTrait": "clothier",
	"ingredients": {
		"G": { "type": "item", "code": "game:cloth-green" },
		"B": { "type": "item", "code": "tailorsdelight:buttons-*", "name": "buttons", "allowedVariants": [ "bone", "horn" ] },
		"S": { "type": "item", "code": "game:sewingkit" },
		"T": { "type": "item", "code": "tailorsdelight:twine-gray", "quantity": 3 },
		"Y": { "type": "item", "code": "tailorsdelight:twine-yellow", "quantity": 2 }
	},
	"width": 3,
	"height": 3,
	"output": { "type": "item", "code": "game:clothes-upperbodyover-tailor-jacket" }
	}
]
