{
  "code": "bellmold",
  "classByType": {
    "bellmold-raw-*": "Block",
    "bellmold-burned-*": "BlockToolMold"
  },
  "behaviorsByType": {
    "*-raw-*": [
      {
        "name": "GroundStorable",
        "properties": { "layout": "SingleCenter" }
      },
      {
        "name": "Unplaceable",
        "__comment": "The ground storable obsoletes this being a block. Should be an item, but is kept a block for backwards compatibility"
      },
      { "name": "RightClickPickup" }
    ],
    "*": [ { "name": "UnstableFalling" } ]
  },
  "variantgroups": [
    {
      "code": "materialtype",
      "states": [ "raw", "burned" ]
    },
    {
      "code": "layer",
      "states": [ "part-brass-bottom", "part-brass-middle", "part-brass-top", "layer-brass-topmost" ]
    }
  ],
  "attributesByType": {
    "bellmold-burned-part-brass-bottom": {
      "requiredUnits": 300,
      "fillHeight": 2,
      "fillQuadsByLevel": [
        {
          "x1": 2,
          "z1": 2,
          "x2": 14,
          "z2": 8
        }
      ],
      "moldrackable": true,
      "onmoldrackTransform": { "rotation": { "z": 90 } },
      "drop": {
        "type": "Block",
        "code": "churchbell-{layer}",
        "quantity": 1
      }
    },
    "bellmold-burned-part-brass-middle": {
      "requiredUnits": 300,
      "fillHeight": 2,
      "fillQuadsByLevel": [
        {
          "x1": 2,
          "z1": 2,
          "x2": 14,
          "z2": 10
        }
      ],
      "moldrackable": true,
      "onmoldrackTransform": { "rotation": { "z": 90 } },
      "drop": {
        "type": "Block",
        "code": "churchbell-{layer}",
        "quantity": 1
      }
    },
    "bellmold-burned-part-brass-top": {
      "requiredUnits": 300,
      "fillHeight": 2,
      "fillQuadsByLevel": [
        {
          "x1": 3,
          "z1": 2,
          "x2": 12,
          "z2": 14
        }
      ],
      "moldrackable": true,
      "onmoldrackTransform": { "rotation": { "z": 90 } },
      "drop": {
        "type": "Block",
        "code": "churchbell-{layer}",
        "quantity": 1
      }
    },
    "bellmold-burned-layer-brass-topmost": {
      "requiredUnits": 300,
      "fillHeight": 2,
      "fillQuadsByLevel": [
        {
          "x1": 4,
          "z1": 4,
          "x2": 13,
          "z2": 12
        }
      ],
      "moldrackable": true,
      "onmoldrackTransform": { "rotation": { "z": 90 } },
      "drop": {
        "type": "Block",
        "code": "churchbell-{layer}",
        "quantity": 1
      }
    }
  },
  "entityClassByType": {
    "bellmold-burned-*": "ToolMold"
  },
  "combustiblePropsByType": {
    "bellmold-raw-*": {
      "meltingPoint": 650,
      "meltingDuration": 45,
      "smeltedRatio": 1,
      "smeltingType": "fire",
      "smeltedStack": {
        "type": "block",
        "code": "bellmold-burned-{layer}"
      },
      "requiresContainer": false
    }
  },
  "blockmaterial": "Ceramic",
  "creativeinventory": {
    "general": [ "*" ],
    "construction": [ "*" ]
  },
  "replaceable": 700,
  "resistance": 1.5,
  "maxStackSize": 8,
  "lightAbsorption": 0,
  "texturesByType": {
    "bellmold-raw-*": { "all": { "base": "game:block/clay/blueclay" } },
    "bellmold-burned-*": {
      "all": { "base": "game:block/clay/ceramic" }
    }
  },
  "shapeByType": {

    "bellmold-*-part-*-bottom": { "base": "block/clay/mold/bellmold-part-bottom" },
    "bellmold-*-part-*-middle": { "base": "block/clay/mold/bellmold-part-middle" },
    "bellmold-*-part-*-top": { "base": "block/clay/mold/bellmold-part-top" },
    "bellmold-*-layer-*-topmost": { "base": "block/clay/mold/bellmold-layer-topmost" }
  },
  "sounds": {
    "walk": "game:walk/stone"
  },
  "collisionboxByType": {
    "*-anvil": {
      "x1": 0.0625,
      "y1": 0,
      "z1": 0.0625,
      "x2": 0.9375,
      "y2": 0.6875,
      "z2": 0.9375
    },
    "*": {
      "x1": 0,
      "y1": 0,
      "z1": 0,
      "x2": 1,
      "y2": 0.1875,
      "z2": 1
    }
  },
  "selectionboxByType": {
    "*-anvil": {
      "x1": 0,
      "y1": 0,
      "z1": 0,
      "x2": 1,
      "y2": 0.6875,
      "z2": 1
    },
    "*": {
      "x1": 0,
      "y1": 0,
      "z1": 0,
      "x2": 1,
      "y2": 0.1875,
      "z2": 1
    }
  },
  "sideopaque": {
    "all": false
  },
  "sidesolid": {
    "all": false
  },
  "guiTransformByType": {
    "*": {
      "translation": {
        "x": 0,
        "y": 3,
        "z": 0
      },
      "origin": {
        "x": 0.5,
        "y": 0.0625,
        "z": 0.5
      },
      "scale": 1.33
    }
  },
  "tpHandTransformByType": {
    "*": {
      "translation": {
        "x": -1,
        "y": 0.2,
        "z": -0.9
      },
      "rotation": {
        "x": -87,
        "y": 9,
        "z": 4
      },
      "origin": {
        "x": 0.5,
        "y": 0.125,
        "z": 0.5
      },
      "scale": 0.5
    }
  },
  "fpHandTransformByType": {
    "*": {
      "translation": {
        "x": -0.3,
        "y": 0,
        "z": 0.5
      },
      "rotation": {
        "x": 16,
        "y": -51,
        "z": 91
      },
      "origin": {
        "x": 0.5,
        "y": 0.125,
        "z": 0.5
      }
    }
  },
  "groundTransform": {
    "translation": {
      "x": 0,
      "y": 0,
      "z": 0
    },
    "rotation": {
      "x": 0,
      "y": -45,
      "z": 0
    },
    "origin": {
      "x": 0.5,
      "y": 0,
      "z": 0.5
    },
    "scale": 1
  }
}
