[
  {
    "op": "replace",
    "comment": "miner tunic",
    "compatibility": [ "wool", "tailorsdelight" ],
    "path": "/5/ingredients/N/code",
    "value": "tailorsdelight:needle-*",
    "file": "wool:recipes/grid/clothing/wool/upperbodyover.json",
    "side": "Server"
  },

  {
    "op": "replace",
    "comment": "spice merchant coat",
    "compatibility": [ "wool", "tailorsdelight" ],
    "path": "/9/ingredients/N",
    "value": { "type": "item", "code": "tailorsdelight:buttons-gold" },
    "file": "wool:recipes/grid/clothing/wool/upperbodyover.json",
    "side": "Server"
  }
]
