[
  {
    "op": "replace",
    "comment": "peasent shirt",
    "compatibility": [ "wool", "tailorsdelight" ],
    "path": "/2/ingredientPattern",
    "value": "CBC,NC_",
    "file": "wool:recipes/grid/clothing/wool/upperbody.json",
    "dependsOn": [ { "modid": "wool" } ],
    "side": "Server"
  },
  {
    "op": "add",
    "compatibility": [ "wool", "tailorsdelight" ],
    "path": "/2/ingredients/N",
    "value": { "type": "item", "code": "tailorsdelight:needle-*" },
    "file": "wool:recipes/grid/clothing/wool/upperbody.json",
    "dependsOn": [ { "modid": "wool" } ],
    "side": "Server"
  },
  {
    "op": "add",
    "compatibility": [ "wool", "tailorsdelight" ],
    "path": "/2/ingredients/B",
    "value": { "type": "item", "code": "tailorsdelight:buttons-mixed" },
    "file": "wool:recipes/grid/clothing/wool/upperbody.json",
    "dependsOn": [ { "modid": "wool" } ],
    "side": "Server"
  },

  {
    "op": "replace",
    "comment": "survivor shirt",
    "compatibility": [ "wool", "tailorsdelight" ],
    "path": "/3/ingredientPattern",
    "value": "PNB,BRP,TET",
    "file": "wool:recipes/grid/clothing/wool/upperbody.json",
    "dependsOn": [ { "modid": "wool" } ],
    "side": "Server"
  },
  {
    "op": "add",
    "compatibility": [ "wool", "tailorsdelight" ],
    "path": "/3/ingredients/N",
    "value": { "type": "item", "code": "tailorsdelight:needle-*" },
    "file": "wool:recipes/grid/clothing/wool/upperbody.json",
    "dependsOn": [ { "modid": "wool" } ],
    "side": "Server"
  },

  {
    "op": "replace",
    "comment": "homespun shirt",
    "compatibility": [ "wool", "tailorsdelight" ],
    "path": "/7/ingredients/N",
    "value": { "type": "item", "code": "tailorsdelight:needle-*" },
    "file": "wool:recipes/grid/clothing/wool/upperbody.json",
    "dependsOn": [ { "modid": "wool" } ],
    "side": "Server"
  },

  {
    "op": "replace",
    "comment": "merchant shirt",
    "compatibility": [ "wool", "tailorsdelight" ],
    "path": "/8/ingredients/O",
    "value": { "type": "item", "code": "tailorsdelight:buttons-silver" },
    "file": "wool:recipes/grid/clothing/wool/upperbody.json",
    "dependsOn": [ { "modid": "wool" } ],
    "side": "Server"
  },

  {
    "op": "replace",
    "comment": "merchant shirt",
    "compatibility": [ "wool", "tailorsdelight" ],
    "path": "/8/ingredients/O",
    "value": { "type": "item", "code": "tailorsdelight:buttons-silver" },
    "file": "wool:recipes/grid/clothing/wool/upperbody.json",
    "dependsOn": [ { "modid": "wool" } ],
    "side": "Server"
  }
]
