{
	"editor": {
		"allAngles": false,
		"entityTextureMode": false
	},
	"textureWidth": 16,
	"textureHeight": 16,
	"textureSizes": {
	},
	"textures": {
		"egg": "game:block/wood/henbox/egg"
	},
	"elements": [
		{
			"name": "Cube1",
			"from": [ 7.0, 0.0, 7.0 ],
			"to": [ 9.0, 1.0, 9.0 ],
			"rotationOrigin": [ 8.0, 0.0, 7.0 ],
			"rotationY": -22.5,
			"faces": {
				"north": { "texture": "#egg", "uv": [ 14.0, 1.0, 16.0, 2.0 ] },
				"south": { "texture": "#egg", "uv": [ 12.0, 0.0, 14.0, 1.0 ] },
				"west": { "texture": "#egg", "uv": [ 11.0, 2.0, 13.0, 3.0 ] },
				"up": { "texture": "#egg", "uv": [ 13.0, 0.0, 15.0, 2.0 ] },
				"down": { "texture": "#egg", "uv": [ 14.0, 0.0, 16.0, 2.0 ] }
			}
		},
		{
			"name": "Cube2",
			"from": [ 7.0, 0.0, 7.0 ],
			"to": [ 9.0, 1.0, 9.0 ],
			"rotationOrigin": [ 8.0, 0.0, 7.0 ],
			"rotationY": 22.5,
			"faces": {
				"north": { "texture": "#egg", "uv": [ 12.0, 3.0, 14.0, 4.0 ] },
				"east": { "texture": "#egg", "uv": [ 14.0, 3.0, 16.0, 4.0 ] },
				"south": { "texture": "#egg", "uv": [ 14.0, 1.0, 16.0, 2.0 ] },
				"up": { "texture": "#egg", "uv": [ 14.0, 0.0, 16.0, 2.0 ] },
				"down": { "texture": "#egg", "uv": [ 13.0, 0.0, 15.0, 2.0 ] }
			}
		}
	]}