{
  "code": "ceilingjar",
  "class": "FoodShelves.BlockCeilingJar",
  "entityclass": "FoodShelves.BlockEntityCeilingJar",
  "creativeinventory": { "general": ["*"], "decorative": ["*"], "foodshelves": ["*"] },
  "variantgroups": [
    { "code": "type", "states": ["normal"] }
  ],
  "attributes": {
    "handbook": {
      "groupBy": [ "ceilingjar-*" ],
      "extraSections": [
        {
          "title": "foodshelves:blockdesc-canhold-title",
          "text": "foodshelves:blockdesc-liquidystuff-text"
        }
      ]
    },
    "inventoryClassName": "ceilingjar",
    "attributeTransformCode": "onCeilingJarTransform"
  },
  "behaviors": [
    { "name": "FoodShelves.CeilingAttachable" }
  ],
  "shape": {
    "base": "block/wood/glassware/ceilingjar"
  },
  "textures": {
    "frame": { "base": "game:block/glass/frame" },
    "smoky": { "base": "game:block/glass/smoky" },
    "surface": { "base": "game:block/wood/shelf/surface" },
    "rope": { "base": "game:item/resource/rope" }
  },
  "heldTpIdleAnimation": "holdbothhandslarge",
  "heldRightReadyAnimation": "heldblockready", 
  "heldTpUseAnimation": "twohandplaceblock",
  "blockmaterial": "Wood",
  "lightAbsorption": 1,
  "maxStackSize": 4,
  "faceCullMode": "NeverCull",
  "drawtype": "json",
  "emitSideAo": { "all": false },
  "sideao": { "all": true },
  "sidesolid": {
	  "up": true,
	  "all": false
  },
  "sideopaque": {
	  "up": true,
	  "all": false
  },
  "replaceable": 999,
  "resistance": 1.5,
  "tpHandTransform": {
	  "translation": { "x": -0.9, "y": -1, "z": -0.55 },
	  "rotation": { "x": -2, "y": 25, "z": -78 },
    "scale": 0.5
  },
  "sounds": {
    "place": "game:block/planks",
    "hit": "game:block/planks",
    "break": "game:block/planks"
  },
  "materialDensity": 400,
  "collisionSelectionBoxes": [ 
    { "x1": 0, "y1": 0, "z1": 0, "x2": 1, "y2": 1, "z2": 1 }
  ]
}
