{
    "code": "backgammonboard",
    "class": "TabletopGames.BlockBoard",
    "entityClass": "TabletopGames.Board",
    "maxStackSize": 1,
    "attributes": {
        "handbook": { "groupBy": ["tabletopgames:backgammonboard"] },
        "canChisel": false,
        "moldrackable": true,
        "shelvable": true,
        "antlermountable": true,
        "onmoldrackTransform": { "translation": { "x": 0, "y": 0.08, "z": 0 }, "rotation": { "x": 0, "y": 0, "z": 85 }, "scale": 0.9 },
        "onshelfTransform": { "rotation": { "x": 0, "y": 18, "z": 0 }, "origin": { "x": 0.5, "y": 0, "z": 0.5 }, "scale": 0.3 },
        "onAntlerMountTransform": { "translation": { "x": 0.1, "y": 0, "z": 0 }, "rotation": { "x": 0, "y": 0, "z": -90 } },
        "name": {
            "*": ["tabletopgames:block-backgammonboard-{size}"]
        },
        "description": {
            "stone-*": ["blockmaterial-Stone", ": ", "rock-{stone}"],
            "wood-*": ["blockmaterial-Wood", ": ", "material-{wood}"]
        },
        "tabletopTags": {
            "size-classic": {
                "tagsPerSlot": {
                    "@^(12[0-9]|13[0-5])$": ["tabletopBoard", "dice"],
                    "*": ["tabletopBoard", "backgammon"]
                },
                "tagsIgnoredPerSlot": {
                    "*": ["tabletopBoard"]
                }
            }
        },
        "shape": {
            "size-classic::stone-*": { "base": "tabletopgames:block/board/backgammon/12x16-stone" },
            "size-classic::wood-*": { "base": "tabletopgames:block/board/backgammon/12x16-wood" }
        },
        "textures": {
            "*": {
                "color1-triangle": {
                    "base": "tabletopgames:block/board/{color}32",
                    "blendedOverlays": [{ "base": "tabletopgames:block/board/backgammon/triangle", "blendMode": "OverlayCutout" }]
                },
                "color2-triangle": {
                    "base": "tabletopgames:block/board/{color2}32",
                    "blendedOverlays": [{ "base": "tabletopgames:block/board/backgammon/triangle", "blendMode": "OverlayCutout" }]
                },
                "maincolor": { "base": "tabletopgames:block/board/{color}32" },
                "overlay-dice": {
                    "base": "tabletopgames:block/board/{color}32",
                    "blendedOverlays": [{ "base": "tabletopgames:block/board/backgammon/diceslot-overlay", "blendMode": "OverlayCutout" }]
                },
                "stone": { "base": "game:block/stone/rock/{stone}1" },
                "wood": { "base": "game:block/wood/debarked/{wood}" }
            }
        },
        "boardData": {
            "size-classic": {
                "quantitySlots": 136,
                "attributeTransformCode": "onBackgammonTransform",
                "slotTypes": {
                    "@^(12[0-9]|13[0-5])$": "random",
                    "*": "normal"
                },
                "slotsHitBoxes": [
                    // PLAYER 1 INNER
                    { "index": "0", "x1": 0.8941, "y1": 0, "z1": 0.7659, "x2": 0.956, "y2": 0.0313, "z2": 0.825 },
                    { "index": "1", "x1": 0.8941, "y1": 0, "z1": 0.7068, "x2": 0.956, "y2": 0.0313, "z2": 0.7659 },
                    { "index": "2", "x1": 0.8941, "y1": 0, "z1": 0.6477, "x2": 0.956, "y2": 0.0313, "z2": 0.7068 },
                    { "index": "3", "x1": 0.8941, "y1": 0, "z1": 0.5886, "x2": 0.956, "y2": 0.0313, "z2": 0.6477 },
                    { "index": "4", "x1": 0.8941, "y1": 0, "z1": 0.5295, "x2": 0.956, "y2": 0.0313, "z2": 0.5886 },
                    { "index": "5", "x1": 0.8322, "y1": 0, "z1": 0.7659, "x2": 0.8941, "y2": 0.0313, "z2": 0.825 },
                    { "index": "6", "x1": 0.8322, "y1": 0, "z1": 0.7068, "x2": 0.8941, "y2": 0.0313, "z2": 0.7659 },
                    { "index": "7", "x1": 0.8322, "y1": 0, "z1": 0.6477, "x2": 0.8941, "y2": 0.0313, "z2": 0.7068 },
                    { "index": "8", "x1": 0.8322, "y1": 0, "z1": 0.5886, "x2": 0.8941, "y2": 0.0313, "z2": 0.6477 },
                    { "index": "9", "x1": 0.8322, "y1": 0, "z1": 0.5295, "x2": 0.8941, "y2": 0.0313, "z2": 0.5886 },
                    { "index": "10", "x1": 0.7703, "y1": 0, "z1": 0.7659, "x2": 0.8322, "y2": 0.0313, "z2": 0.825 },
                    { "index": "11", "x1": 0.7703, "y1": 0, "z1": 0.7068, "x2": 0.8322, "y2": 0.0313, "z2": 0.7659 },
                    { "index": "12", "x1": 0.7703, "y1": 0, "z1": 0.6477, "x2": 0.8322, "y2": 0.0313, "z2": 0.7068 },
                    { "index": "13", "x1": 0.7703, "y1": 0, "z1": 0.5886, "x2": 0.8322, "y2": 0.0313, "z2": 0.6477 },
                    { "index": "14", "x1": 0.7703, "y1": 0, "z1": 0.5295, "x2": 0.8322, "y2": 0.0313, "z2": 0.5886 },
                    { "index": "15", "x1": 0.7084, "y1": 0, "z1": 0.7659, "x2": 0.7703, "y2": 0.0313, "z2": 0.825 },
                    { "index": "16", "x1": 0.7084, "y1": 0, "z1": 0.7068, "x2": 0.7703, "y2": 0.0313, "z2": 0.7659 },
                    { "index": "17", "x1": 0.7084, "y1": 0, "z1": 0.6477, "x2": 0.7703, "y2": 0.0313, "z2": 0.7068 },
                    { "index": "18", "x1": 0.7084, "y1": 0, "z1": 0.5886, "x2": 0.7703, "y2": 0.0313, "z2": 0.6477 },
                    { "index": "19", "x1": 0.7084, "y1": 0, "z1": 0.5295, "x2": 0.7703, "y2": 0.0313, "z2": 0.5886 },
                    { "index": "20", "x1": 0.6465, "y1": 0, "z1": 0.7659, "x2": 0.7084, "y2": 0.0313, "z2": 0.825 },
                    { "index": "21", "x1": 0.6465, "y1": 0, "z1": 0.7068, "x2": 0.7084, "y2": 0.0313, "z2": 0.7659 },
                    { "index": "22", "x1": 0.6465, "y1": 0, "z1": 0.6477, "x2": 0.7084, "y2": 0.0313, "z2": 0.7068 },
                    { "index": "23", "x1": 0.6465, "y1": 0, "z1": 0.5886, "x2": 0.7084, "y2": 0.0313, "z2": 0.6477 },
                    { "index": "24", "x1": 0.6465, "y1": 0, "z1": 0.5295, "x2": 0.7084, "y2": 0.0313, "z2": 0.5886 },
                    { "index": "25", "x1": 0.5845, "y1": 0, "z1": 0.7659, "x2": 0.6465, "y2": 0.0313, "z2": 0.825 },
                    { "index": "26", "x1": 0.5845, "y1": 0, "z1": 0.7068, "x2": 0.6465, "y2": 0.0313, "z2": 0.7659 },
                    { "index": "27", "x1": 0.5845, "y1": 0, "z1": 0.6477, "x2": 0.6465, "y2": 0.0313, "z2": 0.7068 },
                    { "index": "28", "x1": 0.5845, "y1": 0, "z1": 0.5886, "x2": 0.6465, "y2": 0.0313, "z2": 0.6477 },
                    { "index": "29", "x1": 0.5845, "y1": 0, "z1": 0.5295, "x2": 0.6465, "y2": 0.0313, "z2": 0.5886 },

                    // PLAYER 1 OUTER
                    { "index": "30", "x1": 0.3535, "y1": 0, "z1": 0.7659, "x2": 0.4155, "y2": 0.0313, "z2": 0.825 },
                    { "index": "31", "x1": 0.3535, "y1": 0, "z1": 0.7068, "x2": 0.4155, "y2": 0.0313, "z2": 0.7659 },
                    { "index": "32", "x1": 0.3535, "y1": 0, "z1": 0.6477, "x2": 0.4155, "y2": 0.0313, "z2": 0.7068 },
                    { "index": "33", "x1": 0.3535, "y1": 0, "z1": 0.5886, "x2": 0.4155, "y2": 0.0313, "z2": 0.6477 },
                    { "index": "34", "x1": 0.3535, "y1": 0, "z1": 0.5295, "x2": 0.4155, "y2": 0.0313, "z2": 0.5886 },
                    { "index": "35", "x1": 0.2916, "y1": 0, "z1": 0.7659, "x2": 0.3535, "y2": 0.0313, "z2": 0.825 },
                    { "index": "36", "x1": 0.2916, "y1": 0, "z1": 0.7068, "x2": 0.3535, "y2": 0.0313, "z2": 0.7659 },
                    { "index": "37", "x1": 0.2916, "y1": 0, "z1": 0.6477, "x2": 0.3535, "y2": 0.0313, "z2": 0.7068 },
                    { "index": "38", "x1": 0.2916, "y1": 0, "z1": 0.5886, "x2": 0.3535, "y2": 0.0313, "z2": 0.6477 },
                    { "index": "39", "x1": 0.2916, "y1": 0, "z1": 0.5295, "x2": 0.3535, "y2": 0.0313, "z2": 0.5886 },
                    { "index": "40", "x1": 0.2297, "y1": 0, "z1": 0.7659, "x2": 0.2916, "y2": 0.0313, "z2": 0.825 },
                    { "index": "41", "x1": 0.2297, "y1": 0, "z1": 0.7068, "x2": 0.2916, "y2": 0.0313, "z2": 0.7659 },
                    { "index": "42", "x1": 0.2297, "y1": 0, "z1": 0.6477, "x2": 0.2916, "y2": 0.0313, "z2": 0.7068 },
                    { "index": "43", "x1": 0.2297, "y1": 0, "z1": 0.5886, "x2": 0.2916, "y2": 0.0313, "z2": 0.6477 },
                    { "index": "44", "x1": 0.2297, "y1": 0, "z1": 0.5295, "x2": 0.2916, "y2": 0.0313, "z2": 0.5886 },
                    { "index": "45", "x1": 0.1678, "y1": 0, "z1": 0.7659, "x2": 0.2297, "y2": 0.0313, "z2": 0.825 },
                    { "index": "46", "x1": 0.1678, "y1": 0, "z1": 0.7068, "x2": 0.2297, "y2": 0.0313, "z2": 0.7659 },
                    { "index": "47", "x1": 0.1678, "y1": 0, "z1": 0.6477, "x2": 0.2297, "y2": 0.0313, "z2": 0.7068 },
                    { "index": "48", "x1": 0.1678, "y1": 0, "z1": 0.5886, "x2": 0.2297, "y2": 0.0313, "z2": 0.6477 },
                    { "index": "49", "x1": 0.1678, "y1": 0, "z1": 0.5295, "x2": 0.2297, "y2": 0.0313, "z2": 0.5886 },
                    { "index": "50", "x1": 0.1059, "y1": 0, "z1": 0.7659, "x2": 0.1678, "y2": 0.0313, "z2": 0.825 },
                    { "index": "51", "x1": 0.1059, "y1": 0, "z1": 0.7068, "x2": 0.1678, "y2": 0.0313, "z2": 0.7659 },
                    { "index": "52", "x1": 0.1059, "y1": 0, "z1": 0.6477, "x2": 0.1678, "y2": 0.0313, "z2": 0.7068 },
                    { "index": "53", "x1": 0.1059, "y1": 0, "z1": 0.5886, "x2": 0.1678, "y2": 0.0313, "z2": 0.6477 },
                    { "index": "54", "x1": 0.1059, "y1": 0, "z1": 0.5295, "x2": 0.1678, "y2": 0.0313, "z2": 0.5886 },
                    { "index": "55", "x1": 0.044, "y1": 0, "z1": 0.7659, "x2": 0.1059, "y2": 0.0313, "z2": 0.825 },
                    { "index": "56", "x1": 0.044, "y1": 0, "z1": 0.7068, "x2": 0.1059, "y2": 0.0313, "z2": 0.7659 },
                    { "index": "57", "x1": 0.044, "y1": 0, "z1": 0.6477, "x2": 0.1059, "y2": 0.0313, "z2": 0.7068 },
                    { "index": "58", "x1": 0.044, "y1": 0, "z1": 0.5886, "x2": 0.1059, "y2": 0.0313, "z2": 0.6477 },
                    { "index": "59", "x1": 0.044, "y1": 0, "z1": 0.5295, "x2": 0.1059, "y2": 0.0313, "z2": 0.5886 },

                    // PLAYER 2 OUTER
                    { "index": "60", "x1": 0.044, "y1": 0, "z1": 0.175, "x2": 0.1059, "y2": 0.0313, "z2": 0.2341 },
                    { "index": "61", "x1": 0.044, "y1": 0, "z1": 0.2341, "x2": 0.1059, "y2": 0.0313, "z2": 0.2932 },
                    { "index": "62", "x1": 0.044, "y1": 0, "z1": 0.2932, "x2": 0.1059, "y2": 0.0313, "z2": 0.3523 },
                    { "index": "63", "x1": 0.044, "y1": 0, "z1": 0.3523, "x2": 0.1059, "y2": 0.0313, "z2": 0.4114 },
                    { "index": "64", "x1": 0.044, "y1": 0, "z1": 0.4114, "x2": 0.1059, "y2": 0.0313, "z2": 0.4705 },
                    { "index": "65", "x1": 0.1059, "y1": 0, "z1": 0.175, "x2": 0.1678, "y2": 0.0313, "z2": 0.2341 },
                    { "index": "66", "x1": 0.1059, "y1": 0, "z1": 0.2341, "x2": 0.1678, "y2": 0.0313, "z2": 0.2932 },
                    { "index": "67", "x1": 0.1059, "y1": 0, "z1": 0.2932, "x2": 0.1678, "y2": 0.0313, "z2": 0.3523 },
                    { "index": "68", "x1": 0.1059, "y1": 0, "z1": 0.3523, "x2": 0.1678, "y2": 0.0313, "z2": 0.4114 },
                    { "index": "69", "x1": 0.1059, "y1": 0, "z1": 0.4114, "x2": 0.1678, "y2": 0.0313, "z2": 0.4705 },
                    { "index": "70", "x1": 0.1678, "y1": 0, "z1": 0.175, "x2": 0.2297, "y2": 0.0313, "z2": 0.2341 },
                    { "index": "71", "x1": 0.1678, "y1": 0, "z1": 0.2341, "x2": 0.2297, "y2": 0.0313, "z2": 0.2932 },
                    { "index": "72", "x1": 0.1678, "y1": 0, "z1": 0.2932, "x2": 0.2297, "y2": 0.0313, "z2": 0.3523 },
                    { "index": "73", "x1": 0.1678, "y1": 0, "z1": 0.3523, "x2": 0.2297, "y2": 0.0313, "z2": 0.4114 },
                    { "index": "74", "x1": 0.1678, "y1": 0, "z1": 0.4114, "x2": 0.2297, "y2": 0.0313, "z2": 0.4705 },
                    { "index": "75", "x1": 0.2297, "y1": 0, "z1": 0.175, "x2": 0.2916, "y2": 0.0313, "z2": 0.2341 },
                    { "index": "76", "x1": 0.2297, "y1": 0, "z1": 0.2341, "x2": 0.2916, "y2": 0.0313, "z2": 0.2932 },
                    { "index": "77", "x1": 0.2297, "y1": 0, "z1": 0.2932, "x2": 0.2916, "y2": 0.0313, "z2": 0.3523 },
                    { "index": "78", "x1": 0.2297, "y1": 0, "z1": 0.3523, "x2": 0.2916, "y2": 0.0313, "z2": 0.4114 },
                    { "index": "79", "x1": 0.2297, "y1": 0, "z1": 0.4114, "x2": 0.2916, "y2": 0.0313, "z2": 0.4705 },
                    { "index": "80", "x1": 0.2916, "y1": 0, "z1": 0.175, "x2": 0.3535, "y2": 0.0313, "z2": 0.2341 },
                    { "index": "81", "x1": 0.2916, "y1": 0, "z1": 0.2341, "x2": 0.3535, "y2": 0.0313, "z2": 0.2932 },
                    { "index": "82", "x1": 0.2916, "y1": 0, "z1": 0.2932, "x2": 0.3535, "y2": 0.0313, "z2": 0.3523 },
                    { "index": "83", "x1": 0.2916, "y1": 0, "z1": 0.3523, "x2": 0.3535, "y2": 0.0313, "z2": 0.4114 },
                    { "index": "84", "x1": 0.2916, "y1": 0, "z1": 0.4114, "x2": 0.3535, "y2": 0.0313, "z2": 0.4705 },
                    { "index": "85", "x1": 0.3535, "y1": 0, "z1": 0.175, "x2": 0.4155, "y2": 0.0313, "z2": 0.2341 },
                    { "index": "86", "x1": 0.3535, "y1": 0, "z1": 0.2341, "x2": 0.4155, "y2": 0.0313, "z2": 0.2932 },
                    { "index": "87", "x1": 0.3535, "y1": 0, "z1": 0.2932, "x2": 0.4155, "y2": 0.0313, "z2": 0.3523 },
                    { "index": "88", "x1": 0.3535, "y1": 0, "z1": 0.3523, "x2": 0.4155, "y2": 0.0313, "z2": 0.4114 },
                    { "index": "89", "x1": 0.3535, "y1": 0, "z1": 0.4114, "x2": 0.4155, "y2": 0.0313, "z2": 0.4705 },

                    // PLAYER 2 INNER
                    { "index": "90", "x1": 0.5845, "y1": 0, "z1": 0.175, "x2": 0.6465, "y2": 0.0313, "z2": 0.2341 },
                    { "index": "91", "x1": 0.5845, "y1": 0, "z1": 0.2341, "x2": 0.6465, "y2": 0.0313, "z2": 0.2932 },
                    { "index": "92", "x1": 0.5845, "y1": 0, "z1": 0.2932, "x2": 0.6465, "y2": 0.0313, "z2": 0.3523 },
                    { "index": "93", "x1": 0.5845, "y1": 0, "z1": 0.3523, "x2": 0.6465, "y2": 0.0313, "z2": 0.4114 },
                    { "index": "94", "x1": 0.5845, "y1": 0, "z1": 0.4114, "x2": 0.6465, "y2": 0.0313, "z2": 0.4705 },
                    { "index": "95", "x1": 0.6465, "y1": 0, "z1": 0.175, "x2": 0.7084, "y2": 0.0313, "z2": 0.2341 },
                    { "index": "96", "x1": 0.6465, "y1": 0, "z1": 0.2341, "x2": 0.7084, "y2": 0.0313, "z2": 0.2932 },
                    { "index": "97", "x1": 0.6465, "y1": 0, "z1": 0.2932, "x2": 0.7084, "y2": 0.0313, "z2": 0.3523 },
                    { "index": "98", "x1": 0.6465, "y1": 0, "z1": 0.3523, "x2": 0.7084, "y2": 0.0313, "z2": 0.4114 },
                    { "index": "99", "x1": 0.6465, "y1": 0, "z1": 0.4114, "x2": 0.7084, "y2": 0.0313, "z2": 0.4705 },
                    { "index": "100", "x1": 0.7084, "y1": 0, "z1": 0.175, "x2": 0.7703, "y2": 0.0313, "z2": 0.2341 },
                    { "index": "101", "x1": 0.7084, "y1": 0, "z1": 0.2341, "x2": 0.7703, "y2": 0.0313, "z2": 0.2932 },
                    { "index": "102", "x1": 0.7084, "y1": 0, "z1": 0.2932, "x2": 0.7703, "y2": 0.0313, "z2": 0.3523 },
                    { "index": "103", "x1": 0.7084, "y1": 0, "z1": 0.3523, "x2": 0.7703, "y2": 0.0313, "z2": 0.4114 },
                    { "index": "104", "x1": 0.7084, "y1": 0, "z1": 0.4114, "x2": 0.7703, "y2": 0.0313, "z2": 0.4705 },
                    { "index": "105", "x1": 0.7703, "y1": 0, "z1": 0.175, "x2": 0.8322, "y2": 0.0313, "z2": 0.2341 },
                    { "index": "106", "x1": 0.7703, "y1": 0, "z1": 0.2341, "x2": 0.8322, "y2": 0.0313, "z2": 0.2932 },
                    { "index": "107", "x1": 0.7703, "y1": 0, "z1": 0.2932, "x2": 0.8322, "y2": 0.0313, "z2": 0.3523 },
                    { "index": "108", "x1": 0.7703, "y1": 0, "z1": 0.3523, "x2": 0.8322, "y2": 0.0313, "z2": 0.4114 },
                    { "index": "109", "x1": 0.7703, "y1": 0, "z1": 0.4114, "x2": 0.8322, "y2": 0.0313, "z2": 0.4705 },
                    { "index": "110", "x1": 0.8322, "y1": 0, "z1": 0.175, "x2": 0.8941, "y2": 0.0313, "z2": 0.2341 },
                    { "index": "111", "x1": 0.8322, "y1": 0, "z1": 0.2341, "x2": 0.8941, "y2": 0.0313, "z2": 0.2932 },
                    { "index": "112", "x1": 0.8322, "y1": 0, "z1": 0.2932, "x2": 0.8941, "y2": 0.0313, "z2": 0.3523 },
                    { "index": "113", "x1": 0.8322, "y1": 0, "z1": 0.3523, "x2": 0.8941, "y2": 0.0313, "z2": 0.4114 },
                    { "index": "114", "x1": 0.8322, "y1": 0, "z1": 0.4114, "x2": 0.8941, "y2": 0.0313, "z2": 0.4705 },
                    { "index": "115", "x1": 0.8941, "y1": 0, "z1": 0.175, "x2": 0.956, "y2": 0.0313, "z2": 0.2341 },
                    { "index": "116", "x1": 0.8941, "y1": 0, "z1": 0.2341, "x2": 0.956, "y2": 0.0313, "z2": 0.2932 },
                    { "index": "117", "x1": 0.8941, "y1": 0, "z1": 0.2932, "x2": 0.956, "y2": 0.0313, "z2": 0.3523 },
                    { "index": "118", "x1": 0.8941, "y1": 0, "z1": 0.3523, "x2": 0.956, "y2": 0.0313, "z2": 0.4114 },
                    { "index": "119", "x1": 0.8941, "y1": 0, "z1": 0.4114, "x2": 0.956, "y2": 0.0313, "z2": 0.4705 },

                    // DICE SLOTS
                    { "index": "120", "x1": 0.4167, "y1": 0, "z1": 0.1667, "x2": 0.5, "y2": 0.0313, "z2": 0.25 },
                    { "index": "121", "x1": 0.5, "y1": 0, "z1": 0.1667, "x2": 0.5833, "y2": 0.0313, "z2": 0.25 },
                    { "index": "122", "x1": 0.4167, "y1": 0, "z1": 0.25, "x2": 0.5, "y2": 0.0313, "z2": 0.3333 },
                    { "index": "123", "x1": 0.5, "y1": 0, "z1": 0.25, "x2": 0.5833, "y2": 0.0313, "z2": 0.3333 },
                    { "index": "124", "x1": 0.4167, "y1": 0, "z1": 0.3333, "x2": 0.5, "y2": 0.0313, "z2": 0.4167 },
                    { "index": "125", "x1": 0.5, "y1": 0, "z1": 0.3333, "x2": 0.5833, "y2": 0.0313, "z2": 0.4167 },
                    { "index": "126", "x1": 0.4167, "y1": 0, "z1": 0.4167, "x2": 0.5, "y2": 0.0313, "z2": 0.5 },
                    { "index": "127", "x1": 0.5, "y1": 0, "z1": 0.4167, "x2": 0.5833, "y2": 0.0313, "z2": 0.5 },
                    { "index": "128", "x1": 0.4167, "y1": 0, "z1": 0.5, "x2": 0.5, "y2": 0.0313, "z2": 0.5833 },
                    { "index": "129", "x1": 0.5, "y1": 0, "z1": 0.5, "x2": 0.5833, "y2": 0.0313, "z2": 0.5833 },
                    { "index": "130", "x1": 0.4167, "y1": 0, "z1": 0.5833, "x2": 0.5, "y2": 0.0313, "z2": 0.6667 },
                    { "index": "131", "x1": 0.5, "y1": 0, "z1": 0.5833, "x2": 0.5833, "y2": 0.0313, "z2": 0.6667 },
                    { "index": "132", "x1": 0.4167, "y1": 0, "z1": 0.6667, "x2": 0.5, "y2": 0.0313, "z2": 0.75 },
                    { "index": "133", "x1": 0.5, "y1": 0, "z1": 0.6667, "x2": 0.5833, "y2": 0.0313, "z2": 0.75 },
                    { "index": "134", "x1": 0.4167, "y1": 0, "z1": 0.75, "x2": 0.5, "y2": 0.0313, "z2": 0.8333 },
                    { "index": "135", "x1": 0.5, "y1": 0, "z1": 0.75, "x2": 0.5833, "y2": 0.0313, "z2": 0.8333 }
                ]
            }
        },
        "extraSelectionBoxes": {
            "*": [{ "x1": 0, "y1": 0, "z1": 0.125, "x2": 1, "y2": 0.03, "z2": 0.875 }]
        }
    },
    "entityBehaviors": [{ "name": "TabletopGames.BoardPreviewRenderer" }],
    "behaviors": [
        { "name": "Unstable" },
        {
            "name": "GroundStorable",
            "properties": {
                "layout": "SingleCenter",
                "selectionBox": { "x1": 0, "y1": 0, "z1": 0, "x2": 1, "y2": 0.0625, "z2": 1 },
                "collisionBox": { "x1": 0, "y1": 0, "z1": 0, "x2": 0, "y2": 0, "z2": 0 }
            }
        },
        {
            "name": "TabletopGames.AdvancedToolModes",
            "properties": {
                "textures": {
                    "paintbrush": "paintbrush"
                },
                "toolModes": {
                    "*": [
                        {
                            "name": "tabletopgames:toolmode-sinkslot-pigment-backgammon-changeprimarycolor",
                            "isSinkSlot": true,
                            "iconTexture": "paintbrush",
                            "slotParams": [
                                { "triggerBy": { "type": "item", "code": "game:charcoal" }, "setVariants": { "color": "carbonblack" }, "consumeIngredient": false },
                                { "triggerBy": { "type": "item", "code": "game:ore-bituminouscoal" }, "setVariants": { "color": "carbonblack" }, "consumeIngredient": false },
                                { "triggerBy": { "type": "item", "code": "game:coke" }, "setVariants": { "color": "cokeblack" }, "consumeIngredient": false },
                                { "triggerBy": { "type": "item", "code": "game:stone-chalk" }, "setVariants": { "color": "chalkwhite" }, "consumeIngredient": false },
                                { "triggerBy": { "type": "item", "code": "game:stone-limestone" }, "setVariants": { "color": "limewhite" }, "consumeIngredient": false },
                                { "triggerBy": { "type": "item", "code": "game:nugget-malachite" }, "setVariants": { "color": "verdigris" }, "consumeIngredient": false },
                                { "triggerBy": { "type": "item", "code": "game:ore-lapislazuli" }, "setVariants": { "color": "ultramarine" }, "consumeIngredient": false },
                                { "triggerBy": { "type": "item", "code": "game:ore-cinnabar" }, "setVariants": { "color": "cinnabar" }, "consumeIngredient": false }
                            ]
                        },

                        {
                            "name": "tabletopgames:toolmode-sinkslot-pigment-backgammon-changesecondarycolor",
                            "isSinkSlot": true,
                            "iconTexture": "paintbrush",
                            "slotParams": [
                                { "triggerBy": { "type": "item", "code": "game:charcoal" }, "setVariants": { "color2": "carbonblack" }, "consumeIngredient": false },
                                { "triggerBy": { "type": "item", "code": "game:ore-bituminouscoal" }, "setVariants": { "color2": "carbonblack" }, "consumeIngredient": false },
                                { "triggerBy": { "type": "item", "code": "game:coke" }, "setVariants": { "color2": "cokeblack" }, "consumeIngredient": false },
                                { "triggerBy": { "type": "item", "code": "game:stone-chalk" }, "setVariants": { "color2": "chalkwhite" }, "consumeIngredient": false },
                                { "triggerBy": { "type": "item", "code": "game:stone-limestone" }, "setVariants": { "color2": "limewhite" }, "consumeIngredient": false },
                                { "triggerBy": { "type": "item", "code": "game:nugget-malachite" }, "setVariants": { "color2": "verdigris" }, "consumeIngredient": false },
                                { "triggerBy": { "type": "item", "code": "game:ore-lapislazuli" }, "setVariants": { "color2": "ultramarine" }, "consumeIngredient": false },
                                { "triggerBy": { "type": "item", "code": "game:ore-cinnabar" }, "setVariants": { "color2": "cinnabar" }, "consumeIngredient": false }
                            ]
                        },

                        { "setVariants": { "size": "9x9" }, "convertTo": { "type": "block", "code": "tabletopgames:goboard" }, "copyAttributes": true, "linebreak": true },
                        { "setVariants": { "size": "13x13" }, "convertTo": { "type": "block", "code": "tabletopgames:goboard" }, "copyAttributes": true },
                        { "setVariants": { "size": "15x15" }, "convertTo": { "type": "block", "code": "tabletopgames:goboard" }, "copyAttributes": true },
                        { "setVariants": { "size": "17x17" }, "convertTo": { "type": "block", "code": "tabletopgames:goboard" }, "copyAttributes": true },
                        { "setVariants": { "size": "19x19" }, "convertTo": { "type": "block", "code": "tabletopgames:goboard" }, "copyAttributes": true },

                        { "setVariants": { "size": "three" }, "convertTo": { "type": "block", "code": "tabletopgames:morrisboard" }, "copyAttributes": true, "linebreak": true },
                        { "setVariants": { "size": "six" }, "convertTo": { "type": "block", "code": "tabletopgames:morrisboard" }, "copyAttributes": true },
                        { "setVariants": { "size": "nine" }, "convertTo": { "type": "block", "code": "tabletopgames:morrisboard" }, "copyAttributes": true },
                        { "setVariants": { "size": "twelve" }, "convertTo": { "type": "block", "code": "tabletopgames:morrisboard" }, "copyAttributes": true },

                        { "setVariants": { "size": "9x9" }, "convertTo": { "type": "block", "code": "tabletopgames:shogiboard" }, "copyAttributes": true, "linebreak": true },
                        { "setVariants": { "size": "4x4_lstand" }, "convertTo": { "type": "block", "code": "tabletopgames:shogiboard" }, "copyAttributes": true },
                        { "setVariants": { "size": "4x4_rstand" }, "convertTo": { "type": "block", "code": "tabletopgames:shogiboard" }, "copyAttributes": true }
                    ]
                }
            }
        }
    ],
    "creativeinventoryStacks": [
        {
            "tabs": ["tabletopgames", "general", "decorative"],
            "stacks": [
                { "type": "block", "code": "backgammonboard", "attributes": { "types": { "size": "classic", "stone": "granite", "color": "carbonblack", "color2": "chalkwhite" } } },
                { "type": "block", "code": "backgammonboard", "attributes": { "types": { "size": "classic", "wood": "oak", "color": "carbonblack", "color2": "chalkwhite" } } }
            ]
        }
    ],
    "blockmaterial": "Wood",
    "lightAbsorption": 0,
    "sidesolid": { "all": false },
    "sideopaque": { "all": false },
    "sounds": {
        "place": "game:block/planks",
        "hit": "game:block/planks",
        "break": "game:block/planks",
        "walk": "game:walk/wood"
    },
    "heldTpIdleAnimation": "holdbothhandslarge",
    "heldTpUseAnimation": "twohandplaceblock",
    "guiTransform": {
        "rotation": { "x": -35, "y": -30, "z": 0 },
        "origin": { "x": 0.5, "y": 0, "z": 0.5 },
        "scale": 1.6
    },
    "groundTransform": {
        "translation": { "x": 0, "y": 0, "z": 0 },
        "rotation": { "x": 0, "y": -45, "z": 0 },
        "origin": { "x": 0.5, "y": 0, "z": 0.5 },
        "scale": 5
    },
    "tpHandTransform": {
        "translation": { "x": -1.1, "y": 0, "z": -0.6 },
        "rotation": { "x": -80, "y": 0, "z": -100 },
        "origin": { "x": 0.5, "y": 0, "z": 0.5 },
        "scale": 0.5
    },
    "collisionBox": { "x1": 0, "y1": 0, "z1": 0, "x2": 1, "y2": 0.03125, "z2": 1 }
}
