{
    "code": "chessboard",
    "class": "TabletopGames.BlockBoard",
    "entityClass": "TabletopGames.Board",
    "maxStackSize": 1,
    "attributes": {
        "handbook": { "groupBy": ["tabletopgames:chessboard"] },
        "canChisel": false,
        "moldrackable": true,
        "shelvable": true,
        "antlermountable": true,
        "onmoldrackTransform": { "translation": { "x": 0, "y": 0.08, "z": 0 }, "rotation": { "x": 0, "y": 0, "z": 85 }, "scale": 0.9 },
        "onshelfTransform": { "rotation": { "x": 0, "y": 18, "z": 0 }, "origin": { "x": 0.5, "y": -0, "z": 0.5 }, "scale": 0.3 },
        "onAntlerMountTransform": { "translation": { "x": 0.1, "y": 0, "z": 0 }, "rotation": { "x": 0, "y": 0, "z": -90 } },
        "name": {
            "*": ["tabletopgames:block-chessboard", " (", "tabletopgames:dimension-{size}", ")"]
        },
        "description": {
            "wood-*::primarywood-*::secondarywood-*": ["tabletopgames:trivia-chessboard", "blockmaterial-Wood", ": ", "material-{wood}", "\n", "blockmaterial-Wood", ": ", "material-{primarywood}", "\n", "blockmaterial-Wood", ": ", "material-{secondarywood}"],
            "wood-*::primarystone-*::secondarystone-*": ["tabletopgames:trivia-chessboard", "blockmaterial-Wood", ": ", "material-{wood}", "\n", "blockmaterial-Stone", ": ", "rock-{primarystone}", "\n", "blockmaterial-Stone", ": ", "rock-{secondarystone}"],
            "wood-*::primarywood-*::secondarystone-*": ["tabletopgames:trivia-chessboard", "blockmaterial-Wood", ": ", "material-{wood}", "\n", "blockmaterial-Wood", ": ", "material-{primarywood}", "\n", "blockmaterial-Stone", ": ", "rock-{secondarystone}"],
            "wood-*::primarystone-*::secondarywood-*": ["tabletopgames:trivia-chessboard", "blockmaterial-Wood", ": ", "material-{wood}", "\n", "blockmaterial-Stone", ": ", "rock-{primarystone}", "\n", "blockmaterial-Wood", ": ", "material-{secondarywood}"],

            "stone-*::primarywood-*::secondarywood-*": ["tabletopgames:trivia-chessboard", "blockmaterial-Stone", ": ", "material-{stone}", "\n", "blockmaterial-Wood", ": ", "material-{primarywood}", "\n", "blockmaterial-Wood", ": ", "material-{secondarywood}"],
            "stone-*::primarystone-*::secondarystone-*": ["tabletopgames:trivia-chessboard", "blockmaterial-Stone", ": ", "material-{stone}", "\n", "blockmaterial-Stone", ": ", "rock-{primarystone}", "\n", "blockmaterial-Stone", ": ", "rock-{secondarystone}"],
            "stone-*::primarywood-*::secondarystone-*": ["tabletopgames:trivia-chessboard", "blockmaterial-Stone", ": ", "material-{stone}", "\n", "blockmaterial-Wood", ": ", "material-{primarywood}", "\n", "blockmaterial-Stone", ": ", "rock-{secondarystone}"],
            "stone-*::primarystone-*::secondarywood-*": ["tabletopgames:trivia-chessboard", "blockmaterial-Stone", ": ", "material-{stone}", "\n", "blockmaterial-Stone", ": ", "rock-{primarystone}", "\n", "blockmaterial-Wood", ": ", "material-{secondarywood}"]
        },
        "tabletopTags": {
            "*": {
                "tagsPerSlot": {
                    "*": ["tabletopBoard", "chess", "go", "omok"]
                },
                "tagsIgnoredPerSlot": {
                    "*": ["tabletopBoard"]
                }
            }
        },
        "shape": {
            "wood-*::primarywood-*::secondarywood-*": { "base": "tabletopgames:block/board/chess/wood-primarywood-secondarywood" },
            "wood-*::primarystone-*::secondarystone-*": { "base": "tabletopgames:block/board/chess/wood-primarystone-secondarystone" },
            "wood-*::primarywood-*::secondarystone-*": { "base": "tabletopgames:block/board/chess/wood-primarywood-secondarystone" },
            "wood-*::primarystone-*::secondarywood-*": { "base": "tabletopgames:block/board/chess/wood-primarystone-secondarywood" },

            "stone-*::primarywood-*::secondarywood-*": { "base": "tabletopgames:block/board/chess/stone-primarywood-secondarywood" },
            "stone-*::primarystone-*::secondarystone-*": { "base": "tabletopgames:block/board/chess/stone-primarystone-secondarystone" },
            "stone-*::primarywood-*::secondarystone-*": { "base": "tabletopgames:block/board/chess/stone-primarywood-secondarystone" },
            "stone-*::primarystone-*::secondarywood-*": { "base": "tabletopgames:block/board/chess/stone-primarystone-secondarywood" }
        },
        "textures": {
            "@(size-5x5|size-7x7)": {
                "wood": { "base": "game:block/wood/debarked/{wood}" },
                "stone": { "base": "game:block/stone/rock/{stone}1" },
                "wood-up": { "base": "game:block/transparent" },
                "stone-up": { "base": "game:block/transparent" },
                "primarystone": { "base": "game:block/stone/rock/{primarystone}1", "blendedOverlays": [{ "base": "tabletopgames:block/board/chess/{size}-r", "blendMode": "OverlayCutout" }] },
                "secondarystone": { "base": "game:block/stone/rock/{secondarystone}1", "blendedOverlays": [{ "base": "tabletopgames:block/board/chess/{size}", "blendMode": "OverlayCutout" }] },
                "primarywood": { "base": "game:block/wood/debarked/{primarywood}", "blendedOverlays": [{ "base": "tabletopgames:block/board/chess/{size}-r", "blendMode": "OverlayCutout" }] },
                "secondarywood": { "base": "game:block/wood/debarked/{secondarywood}", "blendedOverlays": [{ "base": "tabletopgames:block/board/chess/{size}", "blendMode": "OverlayCutout" }] }
            },
            "*": {
                "wood": { "base": "game:block/wood/debarked/{wood}" },
                "stone": { "base": "game:block/stone/rock/{stone}1" },
                "wood-up": { "base": "game:block/transparent" },
                "stone-up": { "base": "game:block/transparent" },
                "primarystone": { "base": "game:block/stone/rock/{primarystone}1", "rotation": 90, "blendedOverlays": [{ "base": "tabletopgames:block/board/chess/{size}", "blendMode": "OverlayCutout" }] },
                "secondarystone": { "base": "game:block/stone/rock/{secondarystone}1", "blendedOverlays": [{ "base": "tabletopgames:block/board/chess/{size}", "blendMode": "OverlayCutout" }] },
                "primarywood": { "base": "game:block/wood/debarked/{primarywood}", "rotation": 90, "blendedOverlays": [{ "base": "tabletopgames:block/board/chess/{size}", "blendMode": "OverlayCutout" }] },
                "secondarywood": { "base": "game:block/wood/debarked/{secondarywood}", "blendedOverlays": [{ "base": "tabletopgames:block/board/chess/{size}", "blendMode": "OverlayCutout" }] }
            }
        },
        "boardData": {
            "size-5x5": {
                "size": { "x": 5, "y": 5 },
                "slotYRange": { "x": 0, "y": 0.5 },
                "quantitySlots": 25,
                "attributeTransformCode": "onChessboardTransform"
            },
            "size-6x6": {
                "size": { "x": 6, "y": 6 },
                "slotYRange": { "x": 0, "y": 0.5 },
                "quantitySlots": 36,
                "attributeTransformCode": "onChessboardTransform"
            },
            "size-7x7": {
                "size": { "x": 7, "y": 7 },
                "slotYRange": { "x": 0, "y": 0.5 },
                "quantitySlots": 49,
                "attributeTransformCode": "onChessboardTransform"
            },
            "size-8x8": {
                "size": { "x": 8, "y": 8 },
                "slotYRange": { "x": 0, "y": 0.5 },
                "quantitySlots": 64,
                "attributeTransformCode": "onChessboardTransform"
            },
            "size-10x10": {
                "size": { "x": 10, "y": 10 },
                "slotYRange": { "x": 0, "y": 0.5 },
                "quantitySlots": 100,
                "attributeTransformCode": "onChessboardTransform"
            }
        }
    },
    "entityBehaviors": [{ "name": "TabletopGames.BoardPreviewRenderer" }],
    "behaviors": [
        { "name": "Unstable" },
        {
            "name": "GroundStorable",
            "properties": {
                "layout": "SingleCenter",
                "selectionBox": { "x1": 0, "y1": 0, "z1": 0, "x2": 1, "y2": 0.0625, "z2": 1 },
                "collisionBox": { "x1": 0, "y1": 0, "z1": 0, "x2": 0, "y2": 0, "z2": 0 }
            }
        },
        {
            "name": "TabletopGames.AdvancedToolModes",
            "properties": {
                "toolModes": {
                    "*": [
                        //
                        { "setVariants": { "size": "5x5" } },
                        { "setVariants": { "size": "6x6" } },
                        { "setVariants": { "size": "7x7" } },
                        { "setVariants": { "size": "8x8" } },
                        { "setVariants": { "size": "10x10" } }
                    ]
                }
            }
        }
    ],
    "creativeinventoryStacks": [
        {
            "tabs": ["tabletopgames", "general", "decorative"],
            "stacks": [
                { "type": "block", "code": "chessboard", "attributes": { "types": { "size": "5x5", "wood": "oak", "primarystone": "basalt", "secondarystone": "chalk" } } },
                { "type": "block", "code": "chessboard", "attributes": { "types": { "size": "6x6", "wood": "oak", "primarystone": "basalt", "secondarystone": "chalk" } } },
                { "type": "block", "code": "chessboard", "attributes": { "types": { "size": "7x7", "wood": "oak", "primarystone": "basalt", "secondarystone": "chalk" } } },
                { "type": "block", "code": "chessboard", "attributes": { "types": { "size": "8x8", "wood": "oak", "primarystone": "basalt", "secondarystone": "chalk" } } },
                { "type": "block", "code": "chessboard", "attributes": { "types": { "size": "10x10", "wood": "oak", "primarystone": "basalt", "secondarystone": "chalk" } } }
            ]
        }
    ],
    "blockmaterial": "Wood",
    "lightAbsorption": 0,
    "sidesolid": { "all": false },
    "sideopaque": { "all": false },
    "sounds": {
        "place": "game:block/planks",
        "hit": "game:block/planks",
        "break": "game:block/planks",
        "walk": "game:walk/wood"
    },
    "heldTpIdleAnimation": "holdbothhandslarge",
    "heldTpUseAnimation": "twohandplaceblock",
    "guiTransform": {
        "rotation": { "x": -35, "y": -30, "z": 0 },
        "origin": { "x": 0.5, "y": 0, "z": 0.5 },
        "scale": 1.6
    },
    "groundTransform": {
        "translation": { "x": 0, "y": 0, "z": 0 },
        "rotation": { "x": 0, "y": -45, "z": 0 },
        "origin": { "x": 0.5, "y": 0, "z": 0.5 },
        "scale": 5
    },
    "tpHandTransform": {
        "translation": { "x": -1.1, "y": 0, "z": -0.6 },
        "rotation": { "x": -80, "y": 0, "z": -100 },
        "origin": { "x": 0.5, "y": 0, "z": 0.5 },
        "scale": 0.5
    },
    "collisionBox": { "x1": 0, "y1": 0, "z1": 0, "x2": 1, "y2": 0.03125, "z2": 1 }
}
