{
    "code": "goboard",
    "class": "TabletopGames.BlockBoard",
    "entityClass": "TabletopGames.Board",
    "maxStackSize": 1,
    "attributes": {
        "handbook": { "groupBy": ["tabletopgames:goboard"] },
        "canChisel": false,
        "moldrackable": true,
        "shelvable": true,
        "antlermountable": true,
        "onmoldrackTransform": { "translation": { "x": 0, "y": 0.08, "z": 0 }, "rotation": { "x": 0, "y": 0, "z": 85 }, "scale": 0.9 },
        "onshelfTransform": { "rotation": { "x": 0, "y": 18, "z": 0 }, "origin": { "x": 0.5, "y": -0, "z": 0.5 }, "scale": 0.3 },
        "onAntlerMountTransform": { "translation": { "x": 0.1, "y": 0, "z": 0 }, "rotation": { "x": 0, "y": 0, "z": -90 } },
        "name": {
            "*": ["tabletopgames:block-goboard", " (", "tabletopgames:dimension-{size}", ")"]
        },
        "description": {
            "stone-*": ["tabletopgames:trivia-goboard-{size}", "blockmaterial-Stone", ": ", "rock-{stone}"],
            "wood-*": ["tabletopgames:trivia-goboard-{size}", "blockmaterial-Wood", ": ", "material-{wood}"]
        },
        "tabletopTags": {
            "*": {
                "tagsPerSlot": {
                    "*": ["tabletopBoard", "go", "omok"]
                },
                "tagsIgnoredPerSlot": {
                    "*": ["tabletopBoard"]
                }
            }
        },
        "shape": {
            "*": { "base": "tabletopgames:block/board/go/{size}" }
        },
        "textures": {
            "stone-*": {
                "material": { "base": "game:block/stone/rock/{stone}1" },
                "overlay": { "base": "tabletopgames:block/board/go/{size}/{size}-{color}" }
            },
            "wood-*": {
                "material": { "base": "game:block/wood/debarked/{wood}" },
                "overlay": { "base": "tabletopgames:block/board/go/{size}/{size}-{color}" }
            }
        },
        "boardData": {
            "size-9x9": {
                "size": { "x": 9, "y": 9 },
                "slotYRange": { "x": 0, "y": 0.5 },
                "padding": { "x": 0.125, "y": 0.125, "z": 0.125, "w": 0.125 },
                "quantitySlots": 81,
                "attributeTransformCode": "onGoboard9x9Transform"
            },
            "size-13x13": {
                "size": { "x": 13, "y": 13 },
                "slotYRange": { "x": 0, "y": 0.5 },
                "padding": { "x": 0.075, "y": 0.075, "z": 0.075, "w": 0.075 },
                "quantitySlots": 169,
                "attributeTransformCode": "onGoboard13x13Transform"
            },
            "size-15x15": {
                "size": { "x": 15, "y": 15 },
                "slotYRange": { "x": 0, "y": 0.5 },
                "padding": { "x": 0.0125, "y": 0.0125, "z": 0.0125, "w": 0.0125 },
                "quantitySlots": 225,
                "attributeTransformCode": "onGoboard19x19Transform"
            },
            "size-17x17": {
                "size": { "x": 17, "y": 17 },
                "slotYRange": { "x": 0, "y": 0.5 },
                "padding": { "x": 0.0125, "y": 0.0125, "z": 0.0125, "w": 0.0125 },
                "quantitySlots": 289,
                "attributeTransformCode": "onGoboard19x19Transform"
            },
            "size-19x19": {
                "size": { "x": 19, "y": 19 },
                "slotYRange": { "x": 0, "y": 0.5 },
                "padding": { "x": 0.0125, "y": 0.0125, "z": 0.0125, "w": 0.0125 },
                "quantitySlots": 361,
                "attributeTransformCode": "onGoboard19x19Transform"
            }
        }
    },
    "entityBehaviors": [{ "name": "TabletopGames.BoardPreviewRenderer" }],
    "behaviors": [
        { "name": "Unstable" },
        {
            "name": "GroundStorable",
            "properties": {
                "layout": "SingleCenter",
                "selectionBox": { "x1": 0, "y1": 0, "z1": 0, "x2": 1, "y2": 0.0625, "z2": 1 },
                "collisionBox": { "x1": 0, "y1": 0, "z1": 0, "x2": 0, "y2": 0, "z2": 0 }
            }
        },
        {
            "name": "TabletopGames.AdvancedToolModes",
            "properties": {
                "textures": {
                    "paintbrush": "paintbrush"
                },
                "toolModes": {
                    "*": [
                        {
                            "name": "tabletopgames:toolmode-sinkslot-pigment-changeboardlinescolor",
                            "isSinkSlot": true,
                            "iconTexture": "paintbrush",
                            "slotParams": [
                                { "triggerBy": { "type": "item", "code": "game:charcoal" }, "setVariants": { "color": "carbonblack" }, "consumeIngredient": false },
                                { "triggerBy": { "type": "item", "code": "game:ore-bituminouscoal" }, "setVariants": { "color": "carbonblack" }, "consumeIngredient": false },
                                { "triggerBy": { "type": "item", "code": "game:coke" }, "setVariants": { "color": "cokeblack" }, "consumeIngredient": false },
                                { "triggerBy": { "type": "item", "code": "game:stone-chalk" }, "setVariants": { "color": "chalkwhite" }, "consumeIngredient": false },
                                { "triggerBy": { "type": "item", "code": "game:stone-limestone" }, "setVariants": { "color": "limewhite" }, "consumeIngredient": false },
                                { "triggerBy": { "type": "item", "code": "game:nugget-malachite" }, "setVariants": { "color": "verdigris" }, "consumeIngredient": false },
                                { "triggerBy": { "type": "item", "code": "game:ore-lapislazuli" }, "setVariants": { "color": "ultramarine" }, "consumeIngredient": false },
                                { "triggerBy": { "type": "item", "code": "game:ore-cinnabar" }, "setVariants": { "color": "cinnabar" }, "consumeIngredient": false }
                            ]
                        },

                        { "setVariants": { "size": "9x9" }, "linebreak": true },
                        { "setVariants": { "size": "13x13" } },
                        { "setVariants": { "size": "15x15" } },
                        { "setVariants": { "size": "17x17" } },
                        { "setVariants": { "size": "19x19" } },

                        { "setVariants": { "size": "three" }, "convertTo": { "type": "block", "code": "tabletopgames:morrisboard" }, "copyAttributes": true, "linebreak": true },
                        { "setVariants": { "size": "six" }, "convertTo": { "type": "block", "code": "tabletopgames:morrisboard" }, "copyAttributes": true },
                        { "setVariants": { "size": "nine" }, "convertTo": { "type": "block", "code": "tabletopgames:morrisboard" }, "copyAttributes": true },
                        { "setVariants": { "size": "twelve" }, "convertTo": { "type": "block", "code": "tabletopgames:morrisboard" }, "copyAttributes": true },

                        { "setVariants": { "size": "9x9" }, "convertTo": { "type": "block", "code": "tabletopgames:shogiboard" }, "copyAttributes": true, "linebreak": true },
                        { "setVariants": { "size": "4x4_lstand" }, "convertTo": { "type": "block", "code": "tabletopgames:shogiboard" }, "copyAttributes": true },
                        { "setVariants": { "size": "4x4_rstand" }, "convertTo": { "type": "block", "code": "tabletopgames:shogiboard" }, "copyAttributes": true },

                        // giving second color for free to avoid missing textures
                        { "setVariants": { "size": "classic", "color2": "chalkwhite" }, "convertTo": { "type": "block", "code": "tabletopgames:backgammonboard" }, "copyAttributes": true, "linebreak": true }
                    ]
                }
            }
        },
        {
            "name": "TabletopGames.ContainedTransform",
            "properties": {
                "extraTransforms": {
                    "onmoldrackTransform": {
                        "size-9x9": { "translation": { "x": 0, "y": -0.04, "z": 0 }, "rotation": { "x": 0, "y": 0, "z": 85 }, "scale": 0.9 },
                        "size-13x13": { "translation": { "x": 0, "y": 0.02, "z": 0 }, "rotation": { "x": 0, "y": 0, "z": 85 }, "scale": 0.9 }
                    }
                }
            }
        }
    ],
    "creativeinventoryStacks": [
        {
            "tabs": ["tabletopgames", "general", "decorative"],
            "stacks": [
                { "type": "block", "code": "goboard", "attributes": { "types": { "size": "9x9", "wood": "birch", "color": "carbonblack" } } },
                { "type": "block", "code": "goboard", "attributes": { "types": { "size": "13x13", "wood": "birch", "color": "carbonblack" } } },
                { "type": "block", "code": "goboard", "attributes": { "types": { "size": "15x15", "wood": "birch", "color": "carbonblack" } } },
                { "type": "block", "code": "goboard", "attributes": { "types": { "size": "17x17", "wood": "birch", "color": "carbonblack" } } },
                { "type": "block", "code": "goboard", "attributes": { "types": { "size": "19x19", "wood": "birch", "color": "carbonblack" } } }
            ]
        }
    ],
    "blockmaterial": "Wood",
    "lightAbsorption": 0,
    "sidesolid": { "all": false },
    "sideopaque": { "all": false },
    "sounds": {
        "place": "game:block/planks",
        "hit": "game:block/planks",
        "break": "game:block/planks",
        "walk": "game:walk/wood"
    },
    "heldTpIdleAnimation": "holdbothhandslarge",
    "heldTpUseAnimation": "twohandplaceblock",
    "guiTransform": {
        "rotation": { "x": -35, "y": -30, "z": 0 },
        "origin": { "x": 0.5, "y": 0, "z": 0.5 },
        "scale": 1.6
    },
    "groundTransform": {
        "translation": { "x": 0, "y": 0, "z": 0 },
        "rotation": { "x": 0, "y": -45, "z": 0 },
        "origin": { "x": 0.5, "y": 0, "z": 0.5 },
        "scale": 5
    },
    "tpHandTransform": {
        "translation": { "x": -1.1, "y": 0, "z": -0.6 },
        "rotation": { "x": -80, "y": 0, "z": -100 },
        "origin": { "x": 0.5, "y": 0, "z": 0.5 },
        "scale": 0.5
    },
    "collisionBox": { "x1": 0, "y1": 0, "z1": 0, "x2": 1, "y2": 0.03125, "z2": 1 }
}
