{
    "code": "shogiboard",
    "class": "TabletopGames.BlockBoard",
    "entityClass": "TabletopGames.Board",
    "maxStackSize": 1,
    "attributes": {
        "handbook": { "groupBy": ["tabletopgames:shogiboard"] },
        "canChisel": false,
        "moldrackable": true,
        "shelvable": true,
        "antlermountable": true,
        "onmoldrackTransform": { "translation": { "x": 0, "y": 0.08, "z": -0 }, "rotation": { "x": 0, "y": 0, "z": 85 }, "scale": 0.9 },
        "onshelfTransform": { "rotation": { "x": 0, "y": 18, "z": 0 }, "origin": { "x": 0.5, "y": -0, "z": 0.5 }, "scale": 0.3 },
        "onAntlerMountTransform": { "translation": { "x": 0.1, "y": 0, "z": 0 }, "rotation": { "x": 0, "y": 0, "z": -90 } },
        "name": {
            "@size-(.*stand)": ["tabletopgames:block-shogistand-{size}"],
            "*": ["tabletopgames:block-shogiboard", " (", "tabletopgames:dimension-{size}", ")"]
        },
        "description": {
            "@size-(.*stand)::stone-*": ["tabletopgames:trivia-shogistand", "blockmaterial-Stone", ": ", "rock-{stone}"],
            "@size-(.*stand)::wood-*": ["tabletopgames:trivia-shogistand", "blockmaterial-Wood", ": ", "material-{wood}"],
            "stone-*": ["tabletopgames:trivia-shogiboard", "blockmaterial-Stone", ": ", "rock-{stone}"],
            "wood-*": ["tabletopgames:trivia-shogiboard", "blockmaterial-Wood", ": ", "material-{wood}"]
        },
        "tabletopTags": {
            "*": {
                "tagsPerSlot": {
                    "*": ["tabletopBoard", "shogi"]
                },
                "tagsIgnoredPerSlot": {
                    "*": ["tabletopBoard"]
                }
            }
        },
        "shape": {
            "@size-(.*stand)": { "base": "tabletopgames:block/board/shogistand/{size}" },
            "*": { "base": "tabletopgames:block/board/16x16-overlay" }
        },
        "textures": {
            "stone-*": {
                "material": { "base": "game:block/stone/rock/{stone}1" },
                "overlay": { "base": "tabletopgames:block/board/shogi/{size}-{color}" }
            },
            "wood-*": {
                "material": { "base": "game:block/wood/debarked/{wood}" },
                "overlay": { "base": "tabletopgames:block/board/shogi/{size}-{color}" }
            }
        },
        "boardData": {
            "size-9x9": {
                "size": { "x": 9, "y": 9 },
                "slotYRange": { "x": 0, "y": 0.5 },
                "padding": { "x": 0.0125, "y": 0.0125, "z": 0.0125, "w": 0.0125 },
                "quantitySlots": 81,
                "attributeTransformCode": "onShogiTransform"
            },
            "size-4x4_lstand": {
                "size": { "x": 4, "y": 4 },
                "slotYRange": { "x": 0, "y": 1 },
                "padding": { "x": 0.03125, "y": 0.53125, "z": 0.53125, "w": 0.03125 },
                "quantitySlots": 16,
                "attributeTransformCode": "onShogiTransform"
            },
            "size-4x4_rstand": {
                "size": { "x": 4, "y": 4 },
                "slotYRange": { "x": 0, "y": 1 },
                "padding": { "x": 0.53125, "y": 0.53125, "z": 0.03125, "w": 0.03125 },
                "quantitySlots": 16,
                "attributeTransformCode": "onShogiTransform"
            }
        }
    },
    "entityBehaviors": [{ "name": "TabletopGames.BoardPreviewRenderer" }],
    "behaviors": [
        { "name": "Unstable" },
        {
            "name": "GroundStorable",
            "properties": {
                "layout": "SingleCenter",
                "selectionBox": { "x1": 0, "y1": 0, "z1": 0, "x2": 1, "y2": 0.0625, "z2": 1 },
                "collisionBox": { "x1": 0, "y1": 0, "z1": 0, "x2": 0, "y2": 0, "z2": 0 }
            }
        },
        {
            "name": "TabletopGames.AdvancedToolModes",
            "properties": {
                "textures": {
                    "paintbrush": "paintbrush"
                },
                "toolModes": {
                    "*": [
                        {
                            "name": "tabletopgames:toolmode-sinkslot-pigment-changeboardlinescolor",
                            "isSinkSlot": true,
                            "iconTexture": "paintbrush",
                            "slotParams": [
                                { "triggerBy": { "type": "item", "code": "game:charcoal" }, "setVariants": { "color": "carbonblack" }, "consumeIngredient": false },
                                { "triggerBy": { "type": "item", "code": "game:ore-bituminouscoal" }, "setVariants": { "color": "carbonblack" }, "consumeIngredient": false },
                                { "triggerBy": { "type": "item", "code": "game:coke" }, "setVariants": { "color": "cokeblack" }, "consumeIngredient": false },
                                { "triggerBy": { "type": "item", "code": "game:stone-chalk" }, "setVariants": { "color": "chalkwhite" }, "consumeIngredient": false },
                                { "triggerBy": { "type": "item", "code": "game:stone-limestone" }, "setVariants": { "color": "limewhite" }, "consumeIngredient": false },
                                { "triggerBy": { "type": "item", "code": "game:nugget-malachite" }, "setVariants": { "color": "verdigris" }, "consumeIngredient": false },
                                { "triggerBy": { "type": "item", "code": "game:ore-lapislazuli" }, "setVariants": { "color": "ultramarine" }, "consumeIngredient": false },
                                { "triggerBy": { "type": "item", "code": "game:ore-cinnabar" }, "setVariants": { "color": "cinnabar" }, "consumeIngredient": false }
                            ]
                        },

                        { "setVariants": { "size": "9x9" }, "convertTo": { "type": "block", "code": "tabletopgames:goboard" }, "copyAttributes": true, "linebreak": true },
                        { "setVariants": { "size": "13x13" }, "convertTo": { "type": "block", "code": "tabletopgames:goboard" }, "copyAttributes": true },
                        { "setVariants": { "size": "15x15" }, "convertTo": { "type": "block", "code": "tabletopgames:goboard" }, "copyAttributes": true },
                        { "setVariants": { "size": "17x17" }, "convertTo": { "type": "block", "code": "tabletopgames:goboard" }, "copyAttributes": true },
                        { "setVariants": { "size": "19x19" }, "convertTo": { "type": "block", "code": "tabletopgames:goboard" }, "copyAttributes": true },

                        { "setVariants": { "size": "three" }, "convertTo": { "type": "block", "code": "tabletopgames:morrisboard" }, "copyAttributes": true, "linebreak": true },
                        { "setVariants": { "size": "six" }, "convertTo": { "type": "block", "code": "tabletopgames:morrisboard" }, "copyAttributes": true },
                        { "setVariants": { "size": "nine" }, "convertTo": { "type": "block", "code": "tabletopgames:morrisboard" }, "copyAttributes": true },
                        { "setVariants": { "size": "twelve" }, "convertTo": { "type": "block", "code": "tabletopgames:morrisboard" }, "copyAttributes": true },

                        { "setVariants": { "size": "4x4_lstand" }, "convertTo": { "type": "block", "code": "tabletopgames:shogiboard" }, "copyAttributes": true, "linebreak": true },
                        { "setVariants": { "size": "4x4_rstand" }, "convertTo": { "type": "block", "code": "tabletopgames:shogiboard" }, "copyAttributes": true },

                        // giving second color for free to avoid missing textures
                        { "setVariants": { "size": "classic", "color2": "chalkwhite" }, "convertTo": { "type": "block", "code": "tabletopgames:backgammonboard" }, "copyAttributes": true, "linebreak": true }
                    ]
                }
            }
        },
        {
            "name": "TabletopGames.ContainedTransform",
            "properties": {
                "transforms": {
                    "guiTransform": {
                        "size-4x4_lstand": { "rotation": { "x": -35, "y": -30, "z": 0 }, "origin": { "x": 0.25, "y": -0, "z": 0.75 }, "scale": 3 },
                        "size-4x4_rstand": { "rotation": { "x": -35, "y": -30, "z": 0 }, "origin": { "x": 0.75, "y": -0, "z": 0.75 }, "scale": 3 }
                    },
                    "tphandTransform": {
                        "size-4x4_lstand": { "translation": { "x": -0.8, "y": 0, "z": -1.25 }, "rotation": { "x": 90, "y": 0, "z": -90 }, "origin": { "x": 0.75, "y": 0, "z": 0.75 }, "scale": 1 },
                        "size-4x4_rstand": { "translation": { "x": -0.8, "y": 0, "z": -0.75 }, "rotation": { "x": 90, "y": 0, "z": -90 }, "origin": { "x": 0.75, "y": 0, "z": 0.75 }, "scale": 1 }
                    }
                },
                "extraTransforms": {
                    "onmoldrackTransform": {
                        "size-4x4_lstand": { "translation": { "x": 0.745, "y": 0.29, "z": 0 }, "rotation": { "x": 0, "y": 0, "z": 85 }, "origin": { "x": 0.25, "y": 0, "z": 0.75 }, "scale": 0.9 },
                        "size-4x4_rstand": { "translation": { "x": 0.245, "y": 0.29, "z": 0 }, "rotation": { "x": 0, "y": 0, "z": 85 }, "origin": { "x": 0.75, "y": 0, "z": 0.75 }, "scale": 0.9 }
                    }
                }
            }
        }
    ],
    "creativeinventoryStacks": [
        {
            "tabs": ["tabletopgames", "general", "decorative"],
            "stacks": [
                { "type": "block", "code": "shogiboard", "attributes": { "types": { "size": "9x9", "wood": "oak", "color": "carbonblack" } } },
                { "type": "block", "code": "shogiboard", "attributes": { "types": { "size": "4x4_lstand", "wood": "oak", "color": "carbonblack" } } },
                { "type": "block", "code": "shogiboard", "attributes": { "types": { "size": "4x4_rstand", "wood": "oak", "color": "carbonblack" } } }
            ]
        }
    ],
    "blockmaterial": "Wood",
    "lightAbsorption": 0,
    "sidesolid": { "all": false },
    "sideopaque": { "all": false },
    "sounds": {
        "place": "game:block/planks",
        "hit": "game:block/planks",
        "break": "game:block/planks",
        "walk": "game:walk/wood"
    },
    "heldTpIdleAnimation": "holdbothhandslarge",
    "heldTpUseAnimation": "twohandplaceblock",
    "guiTransform": {
        "rotation": { "x": -35, "y": -30, "z": 0 },
        "origin": { "x": 0.5, "y": 0, "z": 0.5 },
        "scale": 1.6
    },
    "groundTransform": {
        "translation": { "x": 0, "y": 0, "z": 0 },
        "rotation": { "x": 0, "y": -45, "z": 0 },
        "origin": { "x": 0.5, "y": 0, "z": 0.5 },
        "scale": 5
    },
    "tpHandTransform": {
        "translation": { "x": -1.1, "y": 0, "z": -0.6 },
        "rotation": { "x": -80, "y": 0, "z": -100 },
        "origin": { "x": 0.5, "y": 0, "z": 0.5 },
        "scale": 0.5
    },
    "collisionBox": { "x1": 0, "y1": 0, "z1": 0, "x2": 1, "y2": 0.03125, "z2": 1 }
}
