{
	"editor": {
		"allAngles": false,
		"entityTextureMode": false
	},
	"textureWidth": 16,
	"textureHeight": 16,
	"textureSizes": {
	},
	"textures": {
		
	},
	"elements": [
		{
			"name": "center",
			"from": [ 3.5, 0.1, 3.5 ],
			"to": [ 8.0, 0.1, 8.0 ],
			"rotationOrigin": [ 3.0, 0.0, 3.0 ],
			"faces": {
				"up": { "texture": "#sauerkraut", "uv": [ 1.0, 1.0, 5.5, 5.5 ] }
			},
			"children": [
				{
					"name": "main",
					"from": [ 3.5, 0.0, 3.5 ],
					"to": [ 5.5, 1.5, 5.5 ],
					"rotationOrigin": [ 3.0, 0.0, 3.0 ],
					"faces": {
						"north": { "texture": "#sauerkraut", "uv": [ 3.5, 5.5, 5.5, 7.0 ] },
						"east": { "texture": "#sauerkraut", "uv": [ 6.0, 7.0, 8.0, 8.5 ] },
						"south": { "texture": "#sauerkraut", "uv": [ 4.5, 7.0, 6.5, 8.5 ] },
						"west": { "texture": "#sauerkraut", "uv": [ 4.5, 7.5, 6.5, 9.0 ] },
						"up": { "texture": "#sauerkraut", "uv": [ 4.0, 4.0, 6.0, 6.0 ] }
					}
				},
				{
					"name": "w",
					"from": [ 0.9, 0.0, 3.5 ],
					"to": [ 3.9, 0.0, 5.5 ],
					"rotationOrigin": [ 0.9, 0.0, 3.5 ],
					"rotationZ": 30.0,
					"faces": {
						"up": { "texture": "#sauerkraut", "uv": [ 1.0, 4.5, 4.0, 6.5 ] }
					}
				},
				{
					"name": "e",
					"from": [ 5.5, 1.5, 3.5 ],
					"to": [ 8.5, 1.5, 5.5 ],
					"rotationOrigin": [ 5.5, 1.5, 3.5 ],
					"rotationZ": -30.0,
					"faces": {
						"up": { "texture": "#sauerkraut", "uv": [ 11.0, 5.0, 14.0, 7.0 ] }
					}
				},
				{
					"name": "s",
					"from": [ 3.5, 1.5, 5.5 ],
					"to": [ 5.5, 1.5, 8.5 ],
					"rotationOrigin": [ 3.5, 1.5, 5.5 ],
					"rotationX": 30.0,
					"faces": {
						"up": { "texture": "#sauerkraut", "uv": [ 5.5, 11.0, 7.5, 14.0 ] }
					}
				},
				{
					"name": "n",
					"from": [ 3.5, 0.0, 0.9 ],
					"to": [ 5.5, 0.0, 3.9 ],
					"rotationOrigin": [ 3.5, 0.0, 0.9 ],
					"rotationX": -30.0,
					"faces": {
						"up": { "texture": "#sauerkraut", "uv": [ 4.5, 0.5, 6.5, 3.5 ] }
					}
				},
				{
					"name": "ne",
					"from": [ 4.4, 1.5, 3.3 ],
					"to": [ 7.4, 1.5, 5.3 ],
					"rotationOrigin": [ 4.4, 1.5, 3.3 ],
					"rotationY": 45.0,
					"rotationZ": -30.0,
					"faces": {
						"up": { "texture": "#sauerkraut", "uv": [ 11.5, 6.0, 14.5, 8.0 ] }
					}
				},
				{
					"name": "se",
					"from": [ 5.8, 1.5, 4.4 ],
					"to": [ 8.8, 1.5, 6.4 ],
					"rotationOrigin": [ 5.8, 1.5, 4.4 ],
					"rotationY": -45.0,
					"rotationZ": -30.0,
					"faces": {
						"up": { "texture": "#sauerkraut", "uv": [ 10.0, 1.5, 13.0, 3.5 ] }
					}
				},
				{
					"name": "nw",
					"from": [ 2.8, 0.0, 1.4 ],
					"to": [ 5.8, 0.0, 3.4 ],
					"rotationOrigin": [ 2.8, 0.0, 1.4 ],
					"rotationY": -45.0,
					"rotationZ": 30.0,
					"faces": {
						"up": { "texture": "#sauerkraut", "uv": [ 2.5, 2.0, 5.5, 4.0 ] }
					}
				},
				{
					"name": "sw",
					"from": [ 1.4, 0.0, 6.2 ],
					"to": [ 4.4, 0.0, 8.2 ],
					"rotationOrigin": [ 1.4, 0.0, 6.2 ],
					"rotationY": 45.0,
					"rotationZ": 30.0,
					"faces": {
						"up": { "texture": "#sauerkraut", "uv": [ 2.0, 9.5, 5.0, 11.5 ] }
					}
				}
			]
		},
		{
			"name": "center2",
			"from": [ 8.0, 0.1, 3.5 ],
			"to": [ 12.5, 0.1, 8.0 ],
			"rotationOrigin": [ 8.0, 0.0, 3.0 ],
			"faces": {
				"up": { "texture": "#sauerkraut", "uv": [ 10.5, 1.0, 15.0, 5.5 ] }
			}
		},
		{
			"name": "center3",
			"from": [ 8.0, 0.1, 8.0 ],
			"to": [ 12.5, 0.1, 12.5 ],
			"rotationOrigin": [ 8.0, 0.0, 8.0 ],
			"faces": {
				"up": { "texture": "#sauerkraut", "uv": [ 10.5, 10.5, 15.0, 15.0 ] }
			}
		},
		{
			"name": "center4",
			"from": [ 3.5, 0.1, 8.0 ],
			"to": [ 8.0, 0.1, 12.5 ],
			"rotationOrigin": [ 3.0, 0.0, 8.0 ],
			"faces": {
				"up": { "texture": "#sauerkraut", "uv": [ 1.0, 10.5, 5.5, 15.0 ] }
			}
		}
	]}