{
	"code": "agedgrass",
	"shape": { "base": "game:item/resource/haybundle" },
	"attributes": {
		"placeSound": "game:block/plant"
	},
	"creativeinventory": {
		"general": [ "*" ],
		"items": [ "*" ],
		"artofgrowing": [ "*" ]
	},
	"textures": {
		"bundle": { "base": "artofgrowing:block/plant/aged/bundle" }
	},
	"behaviorsByType": {
		"*": [
			{
				"name": "AOGHayStorable",
				"properties": {
					"layout": "Stacking",
					"placeRemoveSound": "game:sounds/block/plant",
					"stackingModel": "artofgrowing:block/haystorage",
					"stackingTextures": {
						"normal-top": "game:block/hay/aged-top",
						"straw1": "artofgrowing:block/plant/aged/straw1"
					},
					"modelItemsToStackSizeRatio": 1.125,
					"stackingCapacity": 128,
					"maxStackingHeight": 1,
					"collisionBox": {
						"x1": 0,
						"y1": 0,
						"z1": 0,
						"x2": 1,
						"y2": 0.0625,
						"z2": 1
					},
					"cbScaleYByLayer": 0.125,
					"transferQuantity": 1,
					"bulkTransferQuantity": 8,
					"dropUse": 8,
					"canDrop": "Block",
					"dropBlock": "game:hay-aged-ud"
				}
			}
		]
	},
	"maxstacksize": 64,
	"materialDensity": 258,
	"combustibleProps": {
		"burnTemperature": 600,
		"burnDuration": 4
	},
	"guiTransform": {
		"translation": {
			"x": 0,
			"y": 0,
			"z": 0
		},
		"rotation": {
			"x": -53,
			"y": -38,
			"z": 31
		},
		"origin": {
			"x": 0.46,
			"y": 0.2,
			"z": 0.5
		},
		"scale": 1.77
	},
	"fpHandTransform": {
		"rotation": {
			"x": 84,
			"y": 92,
			"z": -30
		},
		"origin": {
			"x": 0.5,
			"y": 0.3,
			"z": 0.6
		},
		"scale": 1.31
	},
	"tpHandTransform": {
		"translation": {
			"x": -1.01,
			"y": -0.22,
			"z": -0.89
		},
		"rotation": {
			"x": -90,
			"y": -14,
			"z": -6
		},
		"origin": {
			"x": 0.5,
			"y": 0.1,
			"z": 0.5
		},
		"scale": 0.44
	},
	"groundTransform": {
		"translation": {
			"x": 0,
			"y": 0,
			"z": 0
		},
		"rotation": {
			"x": 90,
			"y": 0,
			"z": 0
		},
		"origin": {
			"x": 0.5,
			"y": 0.5,
			"z": 0.61
		},
		"scale": 3.5
	}
}