{
	"code": "grass",
	"shape": { "base": "game:item/resource/haybundle" },
	"attributes": {
		"foodTags": [ "grass" ],
		"placeSound": "game:block/plant"
	},
	"creativeinventory": {
		"general": [ "*" ],
		"items": [ "*" ],
		"artofgrowing": [ "*" ]
	},
	"textures": {
		"bundle": { "base": "artofgrowing:block/plant/grass/bundle" }
	},
	"behaviorsByType": {
		"*": [
			{
				"name": "AOGHayStorable",
				"properties": {
					"layout": "Stacking",
					"placeRemoveSound": "game:sounds/block/plant",
					"stackingModel": "artofgrowing:block/haystorage",
					"stackingTextures": {
						"normal-top": "artofgrowing:block/plant/grass/normal-top-grass",
						"straw1": "artofgrowing:block/plant/grass/straw1-grass"
					},
					"modelItemsToStackSizeRatio": 1.125,
					"stackingCapacity": 128,
					"maxStackingHeight": 1,
					"collisionBox": {
						"x1": 0,
						"y1": 0,
						"z1": 0,
						"x2": 1,
						"y2": 0.0625,
						"z2": 1
					},
					"cbScaleYByLayer": 0.125,
					"transferQuantity": 1,
					"bulkTransferQuantity": 8
				}
			}
		]
	},
	"maxstacksize": 64,
	"materialDensity": 258,
	"combustibleProps": {
		"burnTemperature": 600,
		"burnDuration": 4,
		"meltingPoint": 50,
		"meltingDuration": 10,
		"smeltedRatio": 1,
		"smeltingType": "convert",
		"smeltedStack": {
			"type": "item",
			"code": "game:drygrass"
		},
		"requiresContainer": false
	},
	"transitionableProps": [
		{
			"type": "Dry",
			"freshHours": { "avg": 0 },
			"transitionHours": {
				"avg": 48,
				"var": 1
			},
			"transitionedStack": {
				"type": "item",
				"code": "game:drygrass"
			},
			"transitionRatio": 1
		}
	],
	"guiTransform": {
		"translation": {
			"x": 0,
			"y": 0,
			"z": 0
		},
		"rotation": {
			"x": -53,
			"y": -38,
			"z": 31
		},
		"origin": {
			"x": 0.46,
			"y": 0.2,
			"z": 0.5
		},
		"scale": 1.77
	},
	"fpHandTransform": {
		"rotation": {
			"x": 84,
			"y": 92,
			"z": -30
		},
		"origin": {
			"x": 0.5,
			"y": 0.3,
			"z": 0.6
		},
		"scale": 1.31
	},
	"tpHandTransform": {
		"translation": {
			"x": -1.01,
			"y": -0.22,
			"z": -0.89
		},
		"rotation": {
			"x": -90,
			"y": -14,
			"z": -6
		},
		"origin": {
			"x": 0.5,
			"y": 0.1,
			"z": 0.5
		},
		"scale": 0.44
	},
	"groundTransform": {
		"translation": {
			"x": 0,
			"y": 0,
			"z": 0
		},
		"rotation": {
			"x": 90,
			"y": 0,
			"z": 0
		},
		"origin": {
			"x": 0.5,
			"y": 0.5,
			"z": 0.61
		},
		"scale": 3.5
	}
}