[
	{
	"name": "nadiyan-seashell-bracelet",
	"ingredientPattern": "_B_,SAT,_L_",
	"requiresTrait": "clothier",
	"ingredients": {
		"B": { "type": "item", "code": "tailorsdelight:buttons-shells" },
		"L": { "type": "item", "code": "tailorsdelight:leather-darkbrown" },
		"S": { "type": "item", "code": "game:shears-*", "isTool": true },
		"A": { "type": "item", "code": "tailorsdelight:awl-*", "isTool": true },
		"T": { "type": "item", "code": "tailorsdelight:twine-brown" }
	},
	"width": 3,
	"height": 3,
	"output": { "type": "item", "code": "game:clothes-nadiya-arm-seashell-bracelet" }
	}
]
