[
	{
	"name": "nadiyan-blacksmith-gloves",
	"ingredientPattern": "ACS,FLT",
	"requiresTrait": "clothier",
	"ingredients": {
		"C": { "type": "item", "code": "tailorsdelight:leatherbundle-nadiyan" },
		"S": { "type": "item", "code": "game:shears-*" },
		"L": { "type": "item", "code": "tailorsdelight:leatherbundle-sturdy" },
		"A": { "type": "item", "code": "tailorsdelight:awl-*", "isTool": true },
		"T": { "type": "item", "code": "tailorsdelight:twine-gray", "quantity": 2 },
		"F": { "type": "item", "code": "game:fat" }
	},
	"width": 3,
	"height": 2,
	"output": { "type": "item", "code": "game:clothes-nadiya-hand-blacksmith" }
	},

	{
	"name": "nadiyan-alchemist-gloves",
	"ingredientPattern": "ACS,TFT",
	"requiresTrait": "clothier",
	"ingredients": {
		"C": { "type": "item", "code": "tailorsdelight:leatherbundle-nadiyan" },
		"S": { "type": "item", "code": "game:shears-*" },
		"A": { "type": "item", "code": "tailorsdelight:awl-*", "isTool": true },
		"T": { "type": "item", "code": "tailorsdelight:twine-black" },
		"F": { "type": "item", "code": "game:fat" }
	},
	"width": 3,
	"height": 2,
	"output": { "type": "item", "code": "game:clothes-nadiya-hand-alchemist" }
	},

	{
	"name": "nadiyan-barber-gloves",
	"ingredientPattern": "ACS,FCT",
	"requiresTrait": "clothier",
	"ingredients": {
		"C": { "type": "item", "code": "tailorsdelight:leatherbundle-white" },
		"S": { "type": "item", "code": "game:shears-*" },
		"A": { "type": "item", "code": "tailorsdelight:awl-*", "isTool": true },
		"T": { "type": "item", "code": "tailorsdelight:twine-gray" },
		"F": { "type": "item", "code": "game:fat" }
	},
	"width": 3,
	"height": 2,
	"output": { "type": "item", "code": "game:clothes-nadiya-hand-barber" }
	},

	{
	"name": "nadiyan-beekeper-gloves",
	"ingredientPattern": "ACS,T_T",
	"requiresTrait": "clothier",
	"ingredients": {
		"C": { "type": "item", "code": "tailorsdelight:leatherbundle-nadiyan" },
		"S": { "type": "item", "code": "game:shears-*" },
		"A": { "type": "item", "code": "tailorsdelight:awl-*", "isTool": true },
		"T": { "type": "item", "code": "tailorsdelight:twine-brown" }
	},
	"width": 3,
	"height": 2,
	"output": { "type": "item", "code": "game:clothes-nadiya-hand-beekeeper" }
	},

	{
	"name": "nadiyan-fisher-gloves",
	"ingredientPattern": "ACS,T_T",
	"requiresTrait": "clothier",
	"ingredients": {
		"C": { "type": "item", "code": "tailorsdelight:leatherbundle-nadiyan" },
		"S": { "type": "item", "code": "game:shears-*" },
		"A": { "type": "item", "code": "tailorsdelight:awl-*", "isTool": true },
		"T": { "type": "item", "code": "tailorsdelight:twine-black" }
	},
	"width": 3,
	"height": 2,
	"output": { "type": "item", "code": "game:clothes-nadiya-hand-fisher" }
	},

	{
	"name": "nadiyan-gloves",
	"ingredientPattern": "ACS,TPT",
	"requiresTrait": "clothier",
	"ingredients": {
		"C": { "type": "item", "code": "tailorsdelight:leatherbundle-nadiyan" },
		"S": { "type": "item", "code": "game:shears-*" },
		"A": { "type": "item", "code": "tailorsdelight:awl-*", "isTool": true },
		"T": { "type": "item", "code": "game:flaxtwine" },
		"P": { "type": "item", "code": "game:cloth-brown" }
	},
	"width": 3,
	"height": 2,
	"output": { "type": "item", "code": "game:clothes-nadiya-hand-gloves" }
	},

	{
	"name": "nadiyan-hunter-gloves",
	"ingredientPattern": "BSB,PTP,_N_",
	"requiresTrait": "clothier",
	"ingredients": {
		"B": { "type": "item", "code": "tailorsdelight:cloth-darkblue" },
		"S": { "type": "item", "code": "game:shears-*" },
		"P": { "type": "item", "code": "game:cloth-plain" },
		"N": { "type": "item", "code": "tailorsdelight:needle-*" },
		"T": { "type": "item", "code": "tailorsdelight:twine-brown" }
	},
	"width": 3,
	"height": 3,
	"output": { "type": "item", "code": "game:clothes-nadiya-hand-hunter" }
	},

	{
	"name": "nadiyan-pristine-miner-gloves",
	"ingredientPattern": "BSB,PTP,_N_",
	"requiresTrait": "clothier",
	"ingredients": {
		"B": { "type": "item", "code": "tailorsdelight:cloth-darkblue" },
		"S": { "type": "item", "code": "game:shears-*" },
		"P": { "type": "item", "code": "game:cloth-brown" },
		"N": { "type": "item", "code": "tailorsdelight:needle-*" },
		"T": { "type": "item", "code": "tailorsdelight:twine-gray" }
	},
	"width": 3,
	"height": 3,
	"output": { "type": "item", "code": "game:clothes-nadiya-hand-miner-clean" }
	},

	{
	"name": "nadiyan-peasant-gloves brown",
	"ingredientPattern": "BSB,PTP,PNP",
	"requiresTrait": "clothier",
	"ingredients": {
		"B": { "type": "item", "code": "tailorsdelight:twine-brown" },
		"S": { "type": "item", "code": "game:shears-*" },
		"P": { "type": "item", "code": "game:cloth-brown" },
		"N": { "type": "item", "code": "tailorsdelight:needle-*" },
		"T": { "type": "item", "code": "tailorsdelight:twine-gray" }
	},
	"width": 3,
	"height": 3,
	"output": { "type": "item", "code": "game:clothes-nadiya-hand-peasant1" }
	},

	{
	"name": "nadiyan-peasant-gloves beige",
	"ingredientPattern": "BSB,PTG,GNP",
	"requiresTrait": "clothier",
	"ingredients": {
		"B": { "type": "item", "code": "tailorsdelight:twine-brown" },
		"S": { "type": "item", "code": "game:shears-*" },
		"P": { "type": "item", "code": "game:cloth-brown" },
		"G": { "type": "item", "code": "game:cloth-plain" },
		"N": { "type": "item", "code": "tailorsdelight:needle-*" },
		"T": { "type": "item", "code": "tailorsdelight:twine-gray" }
	},
	"width": 3,
	"height": 3,
	"output": { "type": "item", "code": "game:clothes-nadiya-hand-peasant2" }
	},

	{
	"name": "nadiyan-shepherd-gloves",
	"ingredientPattern": "ACS,TPT",
	"requiresTrait": "clothier",
	"ingredients": {
		"C": { "type": "item", "code": "game:cloth-gray" },
		"S": { "type": "item", "code": "game:shears-*" },
		"A": { "type": "item", "code": "tailorsdelight:awl-*", "isTool": true },
		"T": { "type": "item", "code": "tailorsdelight:twine-blue" },
		"P": { "type": "item", "code": "game:cloth-brown" }
	},
	"width": 3,
	"height": 2,
	"output": { "type": "item", "code": "game:clothes-nadiya-hand-shepherd" }
	}
]
