{
    "code": "chiseledpiece",
    "class": "TabletopGames.ItemChiseledPiece",
    "maxStackSize": 64,
    "attributes": {
        "groundStorageTransform": { "translation": { "x": 0, "y": 0.5, "z": 0.09 }, "rotation": { "x": -90, "y": 0, "z": 0 }, "origin": { "x": 0.5, "y": 0, "z": 0.5 }, "scale": 0.5 },
        "onMorrisTransform": { "translation": { "x": -1.515, "y": -1.515, "z": -0.11 }, "rotation": { "x": -90, "y": 0, "z": 0 }, "scale": 0.2 },
        "onChessboardTransform": { "translation": { "x": -1.515, "y": -1.515, "z": -0.11 }, "rotation": { "x": -90, "y": 0, "z": 0 }, "scale": 0.25 },
        "onGoboard9x9Transform": { "translation": { "x": -1.515, "y": -1.515, "z": -0.06 }, "rotation": { "x": -90, "y": 0, "z": 0 }, "scale": 0.125 },
        "onGoboard13x13Transform": { "translation": { "x": -1.515, "y": -1.515, "z": -0.06 }, "rotation": { "x": -90, "y": 0, "z": 0 }, "scale": 0.125 },
        "onGoboard19x19Transform": { "translation": { "x": -1.515, "y": -1.515, "z": -0.06 }, "rotation": { "x": -90, "y": 0, "z": 0 }, "scale": 0.125 },
        "onShogiTransform": { "translation": { "x": -1.515, "y": -1.515, "z": -0.11 }, "rotation": { "x": -90, "y": 0, "z": 0 }, "scale": 0.25 },
        "onBackgammonTransform": { "translation": { "x": -1.515, "y": -1.515, "z": -0.06 }, "rotation": { "x": -90, "y": 0, "z": 0 }, "scale": 0.125 },
        "onChiseledBoardTransform": { "translation": { "x": -1.515, "y": -1.515, "z": -0.11 }, "rotation": { "x": -90, "y": 0, "z": 0 }, "scale": 0.25 },
        "rotateWhenPlacedOnBoard": true
    },
    "behaviors": [
        {
            "name": "GroundStorable",
            "properties": {
                "layout": "Quadrants",
                "selectionBox": { "x1": 0, "y1": 0, "z1": 0, "x2": 1, "y2": 0.0625, "z2": 1 },
                "collisionBox": { "x1": 0, "y1": 0, "z1": 0, "x2": 0, "y2": 0, "z2": 0 }
            }
        },
        { "name": "TabletopGames.PieceTags", "properties": { "tabletopTags": { "tags": ["boardPiece", "chiseledPiece", "backgammon", "chess", "go", "omok", "morris", "shogi"] } } },
        { "name": "TabletopGames.ChiseledPieceToolModes" }
    ],
    "guiTransform": {
        "rotation": { "x": 158, "y": -45, "z": 0 },
        "origin": { "x": 0.5, "y": 0.5, "z": 0.5 }
    },
    "groundTransform": {
        "translation": { "x": 0, "y": 0, "z": 0 },
        "rotation": { "x": 0, "y": 0, "z": 0 },
        "origin": { "x": 0.5, "y": 0, "z": 0.5299 },
        "scale": 0.75
    },
    "tpHandTransform": {
        "translation": { "x": -5, "y": -2, "z": -4 },
        "rotation": { "x": -90, "y": 0, "z": -90 },
        "origin": { "x": 0.5, "y": 0.2666, "z": 0.5 },
        "scale": 0.125
    }
}
