{
  "version": 2,
  "patches": {
  "float": {
      "em:patches/dye/sealing/*": {
        "0-21/value": "DYE_SEALHOURS"
      },
      "em:patches/dye/woad/*": {
        "0-21/value": "0.5 * DYE_SEALHOURS"
      },
      "em:patches/dye/grass/*": {
        "0-21/value": "1.5 * DYE_SEALHOURS"
      },
      "em:compatibility/wildcraftfruit/patches/dye/*": {
        "0-21/value": "DYE_SEALHOURS"
      },
      "em:compatibility/wildcrafttree/patches/dye/*": {
        "0-21/value": "DYE_SEALHOURS"
      }
    },
  "boolean": {
      "em:recipes/barrel/curing/*": {
        "0-4/enabled": "SALTPETER_CURING"
      }
    }
  },
  "settings": {
    "float": {
      "DYE_SEALHOURS": {
	"name": "dye_seal_hour_factor",
	"ingui": "em:setting_dye_seal_hour_factor",
	"comment": "em:dye_seal_hour_factor_comment",
	"weight": 1,
	"default": 62.0,
	"range": { "min": 2, "max": 240, "step": 2 }
      }
    },
    "boolean": {
      "SALTPETER_CURING": {
	"name": "saltpeter_curing",
	"ingui": "em:setting_saltpeter_curing",
	"comment": "em:saltpeter_curing",
	"weight": 1.1,
	"default": false
      }
    }
  },
  "formatting": [
    {
      "type": "separator",
      "weight": 0.1,
      "title": "em:settings_title"
    }
  ]
}
