[
  {
    "op": "addmerge",
    "path": "/grindingPropsByType",
    "value": {
	"powder-charcoal": { "groundStack": { "type": "item", "code": "em:powdered-ore-coal", "stacksize": 2 }, "hardnessTier": 1 }
    },
    "file": "game:itemtypes/resource/crushed/powder.json",
    "side": "Server"
  },

  {
    "op": "addmerge",
    "path": "/maxstacksizeByType",
    "value": {
	"powder-cinnabar": 128,
	"powder-lapislazuli": 128,
	"powder-sylvite": 128,
	"powder-sulfur": 128,
	"powder-borax": 128,
	"*": 64
    },
    "file": "game:itemtypes/resource/crushed/powder.json",
    "side": "Server"
  }
]
