{
	"ingredient": { "type": "item", "code": "game:clay-*", "name": "type", "allowedVariants": ["blue", "fire"] },
	"pattern": [[
		"##############",
		"##############",
		"##############",
		"##############",
		"##############",
		"##############",
		"##############",
		"##############",
		"##############",
		"##############",
		"##############",
		"##############",
		"##############",
		"##############"
		],
		[
		"##############",
		"#_#_#_#_#_#_##",
		"##_#_#_#_#_#_#",
		"##############",
		"##_#_#_#_#_#_#",
		"##_#_#_#_#_#_#",
		"##_#_#_#_#_#_#",
		"##_#_#_#_#_#_#",
		"##############",
		"#__##__##__###",
		"#__##__##__###",
		"###__##__##__#",
		"###__##__##__#",
		"##############"
	]],
	"name": "Buttons & Clasps",
	"output": { "type": "block", "code": "tailorsdelight:mold-raw-buttons" }
}
