{
	"ingredient": {
		"type": "item",
		"code": "game:clay-*",
		"name": "type",
		"allowedVariants": [ "blue", "fire", "red" ]
	},
	"pattern": [
		[
			"#######",
			"#######",
			"#######",
			"#######",
			"#######",
			"#######",
			"#######"
		],
		[
			"#######",
			"#_____#",
			"#_###_#",
			"#_###_#",
			"#_###_#",
			"#_____#",
			"#######"
		],
		[
			"#######",
			"#_____#",
			"#_____#",
			"#_____#",
			"#_____#",
			"#_____#",
			"#######"
		]
	],
	"name": "Bowlmold",
	"output": {
		"type": "block",
		"code": "toolmold-raw-bowl"
	}
}