{
	"ingredient": {
		"type": "item",
		"code": "game:clay-*",
		"name": "type",
		"allowedVariants": [ "blue", "fire", "red" ]
	},
	"pattern": [
		[
			"##########",
			"##########",
			"##########",
			"##########",
			"##########",
			"##########",
			"##########",
			"##########",
			"##########",
			"##########"
		],
		[
			"##########",
			"#________#",
			"#_######_#",
			"#_######_#",
			"#_######_#",
			"#_######_#",
			"#_######_#",
			"#_######_#",
			"#________#",
			"##########"
		],
		[
			"##########",
			"#________#",
			"#_######_#",
			"#_######_#",
			"#_######_#",
			"#_######_#",
			"#_######_#",
			"#_######_#",
			"#________#",
			"##########"
		],
		[
			"##########",
			"#________#",
			"#_######_#",
			"#_######_#",
			"#_######_#",
			"#_######_#",
			"#_######_#",
			"#_######_#",
			"#________#",
			"##########"
		],
		[
			"##########",
			"#________#",
			"#_######_#",
			"#_######_#",
			"#_######_#",
			"#_######_#",
			"#_######_#",
			"#_######_#",
			"#________#",
			"##########"
		],
		[
			"##########",
			"#________#",
			"#_######_#",
			"#_######_#",
			"#_######_#",
			"#_######_#",
			"#_######_#",
			"#_######_#",
			"#________#",
			"##########"
		],
		[
			"##########",
			"#________#",
			"#_######_#",
			"#_######_#",
			"#_######_#",
			"#_######_#",
			"#_######_#",
			"#_######_#",
			"#________#",
			"##########"
		],
		[
			"##########",
			"#________#",
			"#________#",
			"#________#",
			"#________#",
			"#________#",
			"#________#",
			"#________#",
			"#________#",
			"##########"
		]
	],
	"name": "Potmold",
	"output": {
		"type": "block",
		"code": "toolmold-raw-pot"
	}
}