﻿[
 {
   file: "expandedfoods:recipes/kneading/trailmixvegetarian.json",
    "side": "server",
    op: "addeach", 
    path: "/0/ingredients/2/inputs/-", 
    value: [{ type: "item", code: "expandedfoods:wilddryfruit-*",  quantity: 3 }, { type: "item", code: "expandedfoods:wilddehydratedfruit-*",  quantity: 3 }],
    dependsOn: [{ "modid": "wildcraftfruit" }]
 },
 {
   file: "expandedfoods:recipes/kneading/trailmixvegetarian.json",
    "side": "server",
    op: "addeach", 
    path: "/1/ingredients/2/inputs/-", 
    value: [{ type: "item", code: "expandedfoods:wilddryfruit-*",  quantity: 3 }, { type: "item", code: "expandedfoods:wilddehydratedfruit-*",  quantity: 3 }],
    dependsOn: [{ "modid": "wildcraftfruit" }]
 },
 {
   file: "expandedfoods:recipes/kneading/trailmixvegetarian.json",
    "side": "server",
    op: "addeach", 
    path: "/2/ingredients/2/inputs/-", 
    value: [{ type: "item", code: "expandedfoods:wilddryfruit-*",  quantity: 3 }, { type: "item", code: "expandedfoods:wilddehydratedfruit-*",  quantity: 3 }],
    dependsOn: [{ "modid": "wildcraftfruit" }]
 },
 {
   file: "expandedfoods:recipes/kneading/trailmixvegetarian.json",
    "side": "server",
    op: "addeach", 
    path: "/3/ingredients/2/inputs/-", 
    value: [{ type: "item", code: "expandedfoods:wilddryfruit-*",  quantity: 3 }, { type: "item", code: "expandedfoods:wilddehydratedfruit-*",  quantity: 3 }],
    dependsOn: [{ "modid": "wildcraftfruit" }]
 },
 {
   file: "expandedfoods:recipes/kneading/trailmixvegetarian.json",
    "side": "server",
    op: "addeach", 
    path: "/4/ingredients/2/inputs/-", 
    value: [{ type: "item", code: "expandedfoods:wilddryfruit-*",  quantity: 3 }, { type: "item", code: "expandedfoods:wilddehydratedfruit-*",  quantity: 3 }],
    dependsOn: [{ "modid": "wildcraftfruit" }]
 },
 {
   file: "expandedfoods:recipes/kneading/trailmixvegetarian.json",
    "side": "server",
    op: "addeach", 
    path: "/5/ingredients/2/inputs/-", 
    value: [{ type: "item", code: "expandedfoods:wilddryfruit-*",  quantity: 3 }, { type: "item", code: "expandedfoods:wilddehydratedfruit-*",  quantity: 3 }],
    dependsOn: [{ "modid": "wildcraftfruit" }]
 },
 {
   file: "expandedfoods:recipes/kneading/trailmixvegetarian.json",
    "side": "server",
    op: "addeach", 
    path: "/6/ingredients/2/inputs/-", 
    value: [{ type: "item", code: "expandedfoods:wilddryfruit-*",  quantity: 3 }, { type: "item", code: "expandedfoods:wilddehydratedfruit-*",  quantity: 3 }],
    dependsOn: [{ "modid": "wildcraftfruit" }]
 },
 {
   file: "expandedfoods:recipes/kneading/trailmixvegetarian.json",
    "side": "server",
    op: "addeach", 
    path: "/6/ingredients/4/inputs/-", 
    value: [{ type: "item", code: "expandedfoods:wilddryfruit-*",  quantity: 3 }, { type: "item", code: "expandedfoods:wilddehydratedfruit-*",  quantity: 3 }],
    dependsOn: [{ "modid": "wildcraftfruit" }]
 },
 {
   file: "expandedfoods:recipes/kneading/trailmixvegetarian.json",
    "side": "server",
    op: "addeach", 
    path: "/6/ingredients/5/inputs/-", 
    value: [{ type: "item", code: "expandedfoods:wilddryfruit-*",  quantity: 3 }, { type: "item", code: "expandedfoods:wilddehydratedfruit-*",  quantity: 3 }],
    dependsOn: [{ "modid": "wildcraftfruit" }]
 },
 {
   file: "expandedfoods:recipes/kneading/trailmixvegetarian.json",
    "side": "server",
    op: "addeach", 
    path: "/7/ingredients/2/inputs/-", 
    value: [{ type: "item", code: "expandedfoods:wilddryfruit-*",  quantity: 3 }, { type: "item", code: "expandedfoods:wilddehydratedfruit-*",  quantity: 3 }],
    dependsOn: [{ "modid": "wildcraftfruit" }]
 },
 {
   file: "expandedfoods:recipes/kneading/trailmixvegetarian.json",
    "side": "server",
    op: "addeach", 
    path: "/7/ingredients/4/inputs/-", 
    value: [{ type: "item", code: "expandedfoods:wilddryfruit-*",  quantity: 3 }, { type: "item", code: "expandedfoods:wilddehydratedfruit-*",  quantity: 3 }],
    dependsOn: [{ "modid": "wildcraftfruit" }]
 },
]