{
	"editor": {
		"allAngles": false,
		"entityTextureMode": false
	},
	"textureWidth": 16,
	"textureHeight": 16,
	"textureSizes": {
	},
	"textures": {
		"silversolder": "game:block/metal/ingot/silversolder",
		"blackbronze": "game:block/metal/lantern/blackbronze",
		"plain2": "game:block/stone/quartz/full/plain2"
	},
	"elements": [
		{
			"name": "Stand",
			"from": [ 4.0, 0.0, 4.0 ],
			"to": [ 12.0, 0.8, 12.0 ],
			"rotationOrigin": [ 8.0, 0.0, 8.0 ],
			"faces": {
				"north": { "texture": "#blackbronze", "uv": [ 0.0, 0.0, 16.0, 1.5 ], "autoUv": false },
				"east": { "texture": "#blackbronze", "uv": [ 0.0, 0.0, 16.0, 1.5 ], "autoUv": false },
				"south": { "texture": "#blackbronze", "uv": [ 0.0, 0.0, 16.0, 1.5 ], "autoUv": false },
				"west": { "texture": "#blackbronze", "uv": [ 0.0, 0.0, 16.0, 1.5 ], "autoUv": false },
				"up": { "texture": "#blackbronze", "uv": [ 0.0, 0.0, 16.0, 16.0 ], "autoUv": false },
				"down": { "texture": "#blackbronze", "uv": [ 0.0, 0.0, 16.0, 16.0 ], "autoUv": false }
			},
			"children": [
				{
					"name": "Middle",
					"from": [ 3.2, 0.8, 3.2 ],
					"to": [ 4.8, 4.0, 4.8 ],
					"rotationOrigin": [ 4.0, 0.8, 4.0 ],
					"rotationY": -22.5,
					"faces": {
						"north": { "texture": "#blackbronze", "uv": [ 5.5, 3.0, 8.0, 9.0 ], "autoUv": false },
						"east": { "texture": "#blackbronze", "uv": [ 6.0, 4.5, 8.5, 10.0 ], "autoUv": false },
						"south": { "texture": "#blackbronze", "uv": [ 6.0, 4.5, 9.0, 11.0 ], "autoUv": false },
						"west": { "texture": "#blackbronze", "uv": [ 8.5, 5.0, 11.0, 10.5 ], "autoUv": false },
						"up": { "texture": "#blackbronze", "uv": [ 4.0, 3.5, 5.5, 5.0 ], "autoUv": false },
						"down": { "texture": "#blackbronze", "uv": [ 6.0, 3.5, 7.5, 5.0 ], "autoUv": false }
					}
				},
				{
					"name": "Bell",
					"from": [ 1.2, 3.6, 1.2 ],
					"to": [ 6.8, 4.4, 6.8 ],
					"rotationOrigin": [ 4.0, 4.0, 4.0 ],
					"faces": {
						"north": { "texture": "#plain2", "uv": [ 0.0, 0.0, 1.0, 0.5 ], "autoUv": false },
						"east": { "texture": "#plain2", "uv": [ 0.0, 0.0, 1.0, 0.5 ], "autoUv": false },
						"south": { "texture": "#plain2", "uv": [ 0.0, 0.0, 1.0, 0.5 ], "autoUv": false },
						"west": { "texture": "#plain2", "uv": [ 0.0, 0.0, 1.0, 0.5 ], "autoUv": false },
						"up": { "texture": "#plain2", "uv": [ 0.0, 0.0, 1.0, 1.0 ], "autoUv": false },
						"down": { "texture": "#plain2", "uv": [ 0.0, 0.0, 1.0, 1.0 ], "autoUv": false }
					},
					"children": [
						{
							"name": "Bellside1",
							"from": [ 2.4, 0.0, 0.0 ],
							"to": [ 5.6, 0.8, 5.6 ],
							"rotationOrigin": [ 5.6, 0.8, 2.8 ],
							"rotationX": -180.0,
							"rotationZ": -112.5,
							"faces": {
								"north": { "texture": "#plain2", "uv": [ 3.5, 5.0, 4.5, 6.0 ], "autoUv": false },
								"east": { "texture": "#plain2", "uv": [ 3.5, 5.0, 4.5, 6.0 ], "autoUv": false },
								"south": { "texture": "#plain2", "uv": [ 3.5, 5.0, 4.5, 6.0 ], "autoUv": false },
								"west": { "texture": "#plain2", "uv": [ 3.5, 3.0, 4.5, 4.0 ], "autoUv": false },
								"up": { "texture": "#plain2", "uv": [ 0.0, 0.0, 1.0, 1.0 ], "autoUv": false },
								"down": { "texture": "#plain2", "uv": [ 0.0, 0.0, 1.0, 1.0 ], "autoUv": false }
							},
							"children": [
								{
									"name": "Bellside2",
									"from": [ 2.1432, -5.1736, 0.0 ],
									"to": [ 5.3432, -4.3736, 5.6 ],
									"rotationOrigin": [ 5.3432, -4.3736, 2.8 ],
									"rotationX": -180.0,
									"rotationZ": -45.0,
									"faces": {
										"north": { "texture": "#plain2", "uv": [ 0.0, 0.0, 1.0, 1.0 ], "autoUv": false },
										"east": { "texture": "#plain2", "uv": [ 0.0, 0.0, 1.0, 1.0 ], "autoUv": false },
										"south": { "texture": "#plain2", "uv": [ 0.0, 0.0, 1.0, 1.0 ], "autoUv": false },
										"west": { "texture": "#plain2", "uv": [ 0.0, 0.0, 1.0, 1.0 ], "autoUv": false },
										"up": { "texture": "#plain2", "uv": [ 0.0, 0.0, 1.0, 1.0 ], "autoUv": false },
										"down": { "texture": "#plain2", "uv": [ 0.0, 0.0, 1.0, 1.0 ], "autoUv": false }
									}
								},
								{
									"name": "Bellside3",
									"from": [ 1.0716, -2.5868, -2.8 ],
									"to": [ 4.2716, -1.7868, 2.8 ],
									"rotationOrigin": [ 4.2716, -1.7868, 0.0 ],
									"rotationX": -90.0,
									"rotationY": -22.5,
									"rotationZ": -22.5,
									"faces": {
										"north": { "texture": "#plain2", "uv": [ 0.0, 0.0, 1.0, 1.0 ], "autoUv": false },
										"east": { "texture": "#plain2", "uv": [ 0.0, 0.0, 1.0, 1.0 ], "autoUv": false },
										"south": { "texture": "#plain2", "uv": [ 0.0, 0.0, 1.0, 1.0 ], "autoUv": false },
										"west": { "texture": "#plain2", "uv": [ 0.0, 0.0, 1.0, 1.0 ], "autoUv": false },
										"up": { "texture": "#plain2", "uv": [ 0.0, 0.0, 1.0, 1.0 ], "autoUv": false },
										"down": { "texture": "#plain2", "uv": [ 0.0, 0.0, 1.0, 1.0 ], "autoUv": false }
									},
									"children": [
										{
											"name": "Bellside4",
											"from": [ 2.1432, -5.1736, 0.0 ],
											"to": [ 5.3432, -4.3736, 5.6 ],
											"rotationOrigin": [ 5.3432, -4.3736, 2.8 ],
											"rotationX": -180.0,
											"rotationZ": -45.0,
											"faces": {
												"north": { "texture": "#plain2", "uv": [ 0.0, 0.0, 1.0, 1.0 ], "autoUv": false },
												"east": { "texture": "#plain2", "uv": [ 0.0, 0.0, 1.0, 1.0 ], "autoUv": false },
												"south": { "texture": "#plain2", "uv": [ 0.0, 0.0, 1.0, 1.0 ], "autoUv": false },
												"west": { "texture": "#plain2", "uv": [ 0.0, 0.0, 1.0, 1.0 ], "autoUv": false },
												"up": { "texture": "#plain2", "uv": [ 0.0, 0.0, 1.0, 1.0 ], "autoUv": false },
												"down": { "texture": "#plain2", "uv": [ 0.0, 0.0, 1.0, 1.0 ], "autoUv": false }
											}
										}
									]
								}
							]
						},
						{
							"name": "Button",
							"from": [ 2.48, 0.8, 2.48 ],
							"to": [ 3.12, 1.2, 3.12 ],
							"rotationOrigin": [ 2.8, 0.8, 2.8 ],
							"faces": {
								"north": { "texture": "#silversolder", "uv": [ 0.0, 0.0, 1.0, 1.0 ], "autoUv": false },
								"east": { "texture": "#silversolder", "uv": [ 0.0, 0.0, 1.0, 1.0 ], "autoUv": false },
								"south": { "texture": "#silversolder", "uv": [ 0.0, 0.0, 1.0, 1.0 ], "autoUv": false },
								"west": { "texture": "#silversolder", "uv": [ 0.0, 0.0, 1.0, 1.0 ], "autoUv": false },
								"up": { "texture": "#silversolder", "uv": [ 0.0, 0.0, 1.0, 1.0 ], "autoUv": false },
								"down": { "texture": "#silversolder", "uv": [ 0.0, 0.0, 1.0, 1.0 ], "autoUv": false }
							}
						},
						{
							"name": "Button1",
							"from": [ 2.32, 1.2, 2.32 ],
							"to": [ 3.28, 1.6, 3.28 ],
							"rotationOrigin": [ 2.8, 0.8, 2.8 ],
							"faces": {
								"north": { "texture": "#silversolder", "uv": [ 0.0, 0.0, 1.0, 1.0 ], "autoUv": false },
								"east": { "texture": "#silversolder", "uv": [ 0.0, 0.0, 1.0, 1.0 ], "autoUv": false },
								"south": { "texture": "#silversolder", "uv": [ 0.0, 0.0, 1.0, 1.0 ], "autoUv": false },
								"west": { "texture": "#silversolder", "uv": [ 0.0, 0.0, 1.0, 1.0 ], "autoUv": false },
								"up": { "texture": "#silversolder", "uv": [ 0.0, 0.0, 1.0, 1.0 ], "autoUv": false },
								"down": { "texture": "#silversolder", "uv": [ 0.0, 0.0, 1.0, 1.0 ], "autoUv": false }
							}
						}
					]
				}
			]
		}
	]}