[   
	{
		"code": "nizirens",
		"traits": ["nomads", "swordsmens", "frail"],
		"gear": [
			{ "type": "item", "code": "clothes-nadiya-upperbody-hunter" },
			{ "type": "item", "code": "clothes-nadiya-lowerbody-hunter" },
			{ "type": "item", "code": "clothes-nadiya-foot-hunter" },
			{ "type": "item", "code": "clothes-nadiya-face-hunter" },
			{ "type": "item", "code": "clothes-nadiya-hand-hunter" }
			
		]
	},
	{
		"code": "non",
		"traits": ["frail"],
		"gear": [
			{ "type": "item", "code": "clothes-nadiya-hand-hunter" }
			
		]
	},
	{
		"code": "weldors",
		"traits": ["miners", "swordsmens", "heavyset"],
		"gear": [
			{ "type": "item", "code": "clothes-upperbody-hunter-shirt" },
			{ "type": "item", "code": "clothes-lowerbody-forlorn-pants" },
			{ "type": "item", "code": "clothes-foot-miner" }
			
		]
	},
	{
		"code": "dzairies",
		"traits": ["ontheruinsofcivization", "trained", "endurance", "demanding", "unsuitableformining"],
		"gear": [
			{ "type": "item", "code": "clothes-nadiya-upperbody-tailor" },
			{ "type": "item", "code": "clothes-upperbodyover-travelers-earthrobe" },
			{ "type": "item", "code": "clothes-nadiya-lowerbody-*" },
			{ "type": "item", "code": "clothes-foot-nadiya-guard" },
			{ "type": "item", "code": "clothes-nadiya-face-barber" },
			{ "type": "item", "code": "clothes-nadiya-lowerbody-hunter" },
			{ "type": "item", "code": "clothes-nadiya-hand-winter2" }
			
		]
	},
	{
		"code": "gahaes",
		"traits": ["archers", "numble", "weak"],
		"gear": [
			{ "type": "item", "code": "clothes-upperbody-tailor-blouse" },
			{ "type": "item", "code": "clothes-upperbodyover-cobalt-mantle" },
			{ "type": "item", "code": "clothes-shoulder-hunter-poncho" },
			{ "type": "item", "code": "clothes-lowerbody-hunter-leggings" },
			{ "type": "item", "code": "clothes-foot-hunter-boots" }
	    
		]
	}
	
	
	 
]