[   {
		"code": "precise",
		"type": "positive",
		"attributes": 
		{
			"mechanicalsDamage": 0.25
		}
	},
	{
		"code": "technical",
		"type": "positive",
		"attributes": 
		{"temporalGearTLRepairCost": -1 }
		
	},
	{
		"code": "soldier",
		"type": "positive",
		"attributes":
		{
			"meleeWeaponsDamage": 0.3,
			"armorDurabilityLoss": -0.15,
			"armorWalkSpeedAffectedness": -0.25
		}
	},
	{
		"code": "hardy",
		"type": "positive",
		"attributes": 
		{
			"miningSpeedMul": 0.1,
			"maxhealthExtraPoints": 5
		}
	},
	{
		"code": "clothier",
		"type": "positive",
		"attributes": 
		{
		}
	},
	{
		"code": "mender",
		"type": "positive",
		"attributes": 
		{
			"armorDurabilityLoss": -0.1
		}
	},
	{
		"code": "merciless",
		"type": "positive",
		"attributes": 
		{
		}
	},
	{
	    "code": "farsighted",
		"type": "negative",
		"attributes": 
		{
			"meleeWeaponsDamage": -0.15
		}
	},
	{
		"code": "claustrophobic",
		"type": "negative",
		"attributes": 
		{
			"oreDropRate": -0.15,
			"miningSpeedMul": -0.1
		}
	},
	{
		"code": "nervous",
		"type": "negative",
		"attributes": 
		{
			"meleeWeaponsDamage": -0.15
		}
	},
	{
		"code": "ravenous",
		"type": "negative",
		"attributes": 
		{
			"hungerrate": 0.15
		}
	},
	{
		"code": "nearsighted",
		"type": "negative",
		"attributes": 
		{
			"rangedWeaponsDamage": -0.15
		}
	},
	{
		"code": "heavyhanded",
		"type": "negative",
		"attributes": 
		{
			"vesselContentsDropRate": -0.1,
			"forageDropRate": -0.15,
			"wildCropDropRate": -0.2
		}
	},
	{
		"code": "kind",
		"type": "negative",
		"attributes": 
		{
			"animalLootDropRate": -0.1,
			"animalHarvestingTime": 0.25
		}
	},
	{
		"code": "civil",
		"type": "negative",
		"attributes": 
		{
			"forageDropRate": -0.1
		}
	},
	{
		"code": "nomads",
		"type": "positive",
		"attributes": 
		{ 
		"walkspeed": 0.20,
		}
	},
	{
		"code": "swordsmens",
		"type": "positive",
		"attributes": 
		{
			"meleeWeaponsDamage": 0.2
		}
	},
	{
		"code": "frail",
		"type": "negative",
		"attributes": 
		{ 
		    "hungerrate": 0.1,
		    "maxhealthExtraPoints": -3,
			"bowDrawingStrength": -0.1
		}
	},
	{
		"code": "miners",
		"type": "positive",
		"attributes": 
		{
			"oreDropRate": 0.2,
			"miningSpeedMul": 0.15
		}
	},	
	{
		"code": "heavyset",
		"type": "negative",
		"attributes": 
		{
			"walkspeed": -0.1,
			"rangedWeaponsDamage": -0.15,
		   "hungerrate": 0.15 
		}
	},
	{
		"code": "ontheruinsofcivization",
		"type": "positive",
		"attributes": 
		{
			"forageDropRate": 0.2,
			"vesselContentsDropRate": 0.2,
			"rustyGearDropRate": 0.2,
			"wholeVesselLootChance": 0.2
		}
	},
	{
		"code": "scientists",
		"type": "positive",
		"attributes": 
		{
		}
	},
	{
		"code": "warinepts",
		"type": "negative",
		"attributes": 
		{
			"oreDropRate": -0.1,
			"meleeWeaponsDamage": -0.1,
			"rangedWeaponsDamage": -0.15
	    }
	},  
	{
		"code": "weak",
		"type": "negative",
		"attributes": 
		{
		     "maxhealthExtraPoints": -4,
			 "meleeWeaponsDamage": -0.15,
			 "armorDurabilityLoss": 0.15
		}
	},
	{
		"code": "numble",
		"type": "positive",
		"attributes": 
		{
			"hungerrate": -0.15
		}
	},
	{
		"code": "archers",
		"type": "positive",
		"attributes": 
		{
			"animalLootDropRate":  0.15,
			"rangedWeaponsDamage": 0.25
		}	
	},
	{
		"code": "improviser",
		"type": "positive",
		"attributes": 
		{
		}
	},		
	{
		"code": "blastingpowdener",
		"type": "positive",
		"attributes": 
		{
		}
	},
	{
		"code": "clothier",
		"type": "positive",
		"attributes": {
		}
	},
	{
		"code": "bowyer",
		"type": "positive",
		"attributes": {
		}
	},
	{
		"code": "bricker",
		"type": "positive",
		"attributes": 
		{
		}
	},
    {
		"code": "steelworker",
		"type": "positive",
		"attributes": 
		{
		}
	},
	{
		"code": "trained",
		"type": "positive",
		"attributes": 
		{"rangedWeaponsDamage": 0.1 ,
		 "meleeWeaponsDamage": 0.25
		}
	},
	{
		"code": "endurance",
		"type": "positive",
		"attributes": 
		{"maxhealthExtraPoints": 2.5 ,
		 "walkspeed": 0.05
		}
	},
	{
		"code": "demanding",
		"type": "negative",
		"attributes": 
		{"hungerrate": 0.15
		}
	},
	{
		"code": "unsuitableformining",
		"type": "negative",
		"attributes": 
		{"oreDropRate": -0.25,
		 "miningSpeedMul": -0.25
		}
	},
    {
		"code": "rider",
		"type": "positive",
		"attributes": 
		{
		}
	},	
{
		"code": "crossbowman",
		"type": "positive",
		"attributes": 
		{
		}
	},	
	{
		"code": "tinkerer",
		"type": "positive",
		"attributes": 
		{
		}
},
	{
		"code": "gunner",
		"type": "positive",
		"attributes": 
		{
		}
},
	{
		"code": "fieldgunner",
		"type": "positive",
		"attributes": 
		{
		}
},
{
		"code": "grenademan",
		"type": "positive",
		"attributes": 
		{
		}
},
{
		"code": "windmillman",
		"type": "positive",
		"attributes": 
		{
		}
	}
]