{
	"editor": {
		"collapsedPaths": ",Root/origin/handle 1/handle tip3,Root/origin/handle 1/handle tip4,Root/origin/handle 1/handle tip5,Root/origin/handle 1/handle tip6",
		"allAngles": false,
		"entityTextureMode": true
	},
	"textureWidth": 16,
	"textureHeight": 16,
	"textureSizes": {
	},
	"textures": {
		"handle": "game:item/tool/material/handle",
		"string": "game:item/tool/material/string"
	},
	"elements": [
		{
			"name": "origin",
			"from": [ 25.0, 0.5, 8.0 ],
			"to": [ 25.0, 0.5, 8.0 ],
			"uv": [ 999.0, 999.0 ],
			"rotationOrigin": [ 8.0, 0.0, 8.0 ],
			"faces": {
			},
			"children": [
				{
					"name": "handle 1",
					"from": [ -21.0, -0.5, -0.5 ],
					"to": [ -5.0, 1.0, 1.0 ],
					"uv": [ 0.0, 0.5 ],
					"rotationOrigin": [ -20.5, 0.0, 0.0 ],
					"faces": {
						"north": { "texture": "#handle", "uv": [ 0.0, 5.5, 16.0, 7.0 ] },
						"east": { "texture": "#handle", "uv": [ 0.5, 0.5, 2.0, 2.0 ] },
						"south": { "texture": "#handle", "uv": [ 0.0, 10.5, 16.0, 12.0 ] },
						"up": { "texture": "#handle", "uv": [ 0.0, 4.5, 16.0, 6.0 ] },
						"down": { "texture": "#handle", "uv": [ 0.0, 5.0, 16.0, 6.5 ] }
					},
					"children": [
						{
							"name": "handle 2",
							"from": [ -11.0, 0.0, 0.0 ],
							"to": [ 0.0, 1.5, 1.5 ],
							"uv": [ 1.0, 2.5 ],
							"rotationOrigin": [ -10.5, 0.5, 0.5 ],
							"faces": {
								"north": { "texture": "#handle", "uv": [ 1.0, 8.5, 12.0, 10.0 ] },
								"south": { "texture": "#handle", "uv": [ 3.0, 5.0, 14.0, 6.5 ] },
								"west": { "texture": "#handle", "uv": [ 11.0, 10.0, 12.5, 11.5 ] },
								"up": { "texture": "#handle", "uv": [ 4.5, 2.5, 15.5, 4.0 ] },
								"down": { "texture": "#handle", "uv": [ 2.0, 5.0, 13.0, 6.5 ] }
							}
						},
						{
							"name": "handle tip",
							"from": [ 16.0, 0.0, 0.0 ],
							"to": [ 18.0, 1.5, 1.0 ],
							"uv": [ 1.0, 0.5 ],
							"rotationOrigin": [ 16.5, 0.5, 0.5 ],
							"faces": {
								"north": { "texture": "#handle", "uv": [ 1.0, 8.5, 3.0, 10.0 ] },
								"east": { "texture": "#handle", "uv": [ 3.5, 0.5, 4.5, 2.0 ] },
								"south": { "texture": "#handle", "uv": [ 3.0, 5.0, 5.0, 6.5 ] },
								"west": { "texture": "#handle", "uv": [ 11.0, 10.0, 12.0, 11.5 ] },
								"up": { "texture": "#handle", "uv": [ 12.0, 3.5, 14.0, 4.5 ] },
								"down": { "texture": "#handle", "uv": [ 8.0, 5.0, 10.0, 6.0 ] }
							}
						},
						{
							"name": "handle tip31",
							"from": [ 18.0, 0.0, 0.5 ],
							"to": [ 18.5, 1.5, 1.0 ],
							"uv": [ 1.0, 0.5 ],
							"rotationOrigin": [ 18.5, 0.5, 1.0 ],
							"faces": {
								"north": { "texture": "#handle", "uv": [ 1.0, 8.5, 1.5, 10.0 ] },
								"east": { "texture": "#handle", "uv": [ 3.5, 0.5, 4.0, 2.0 ] },
								"south": { "texture": "#handle", "uv": [ 3.0, 5.0, 3.5, 6.5 ] },
								"west": { "texture": "#handle", "uv": [ 11.0, 10.0, 11.5, 11.5 ] },
								"up": { "texture": "#handle", "uv": [ 9.0, 4.5, 9.5, 5.0 ] },
								"down": { "texture": "#handle", "uv": [ 8.0, 5.0, 8.5, 5.5 ] }
							}
						},
						{
							"name": "handle tip32",
							"from": [ 16.0, 0.0, 1.0 ],
							"to": [ 17.5, 1.5, 1.5 ],
							"uv": [ 1.0, 0.5 ],
							"rotationOrigin": [ 16.5, 0.5, 1.5 ],
							"faces": {
								"north": { "texture": "#handle", "uv": [ 1.0, 8.5, 2.5, 10.0 ] },
								"east": { "texture": "#handle", "uv": [ 3.5, 0.5, 4.0, 2.0 ] },
								"south": { "texture": "#handle", "uv": [ 3.0, 5.0, 4.5, 6.5 ] },
								"west": { "texture": "#handle", "uv": [ 11.0, 10.0, 11.5, 11.5 ] },
								"up": { "texture": "#handle", "uv": [ 9.0, 4.5, 10.5, 5.0 ] },
								"down": { "texture": "#handle", "uv": [ 8.0, 5.0, 9.5, 5.5 ] }
							}
						},
						{
							"name": "handle tip2",
							"from": [ 17.2, 0.2, -3.3 ],
							"to": [ 18.2, 1.2, 4.7 ],
							"uv": [ 1.0, 0.5 ],
							"rotationOrigin": [ 17.7, 0.7, -2.8 ],
							"rotationZ": 45.0,
							"faces": {
								"north": { "texture": "#handle", "uv": [ 10.5, 0.0, 11.5, 1.0 ] },
								"east": { "texture": "#handle", "uv": [ 0.0, 5.5, 8.0, 6.5 ] },
								"south": { "texture": "#handle", "uv": [ 9.0, 8.0, 10.0, 9.0 ] },
								"west": { "texture": "#handle", "uv": [ 7.5, 6.0, 15.5, 7.0 ] },
								"up": { "texture": "#handle", "uv": [ 8.5, 7.0, 9.5, 15.0 ] },
								"down": { "texture": "#handle", "uv": [ 11.0, 4.5, 12.0, 12.5 ] }
							},
							"children": [
								{
									"name": "string 34",
									"from": [ -0.2, -0.2, 0.4 ],
									"to": [ 1.2, 1.2, 1.8 ],
									"uv": [ 8.0, 3.0 ],
									"rotationOrigin": [ -0.2, -0.2, 0.4 ],
									"faces": {
										"north": { "texture": "#string", "uv": [ 8.0, 4.0, 9.0, 5.0 ], "rotation": 90 },
										"east": { "texture": "#string", "uv": [ 9.0, 4.0, 10.0, 5.0 ] },
										"south": { "texture": "#string", "uv": [ 10.0, 4.0, 11.0, 5.0 ], "rotation": 90 },
										"west": { "texture": "#string", "uv": [ 11.0, 4.0, 12.0, 5.0 ] },
										"up": { "texture": "#string", "uv": [ 8.0, 3.0, 9.0, 4.0 ], "rotation": 90 },
										"down": { "texture": "#string", "uv": [ 9.0, 3.0, 10.0, 4.0 ], "rotation": 90 }
									}
								},
								{
									"name": "string 35",
									"from": [ -0.2, -0.2, 2.7 ],
									"to": [ 1.2, 1.2, 5.5 ],
									"uv": [ 4.5, 3.0 ],
									"rotationOrigin": [ -0.2, -0.2, 2.7 ],
									"faces": {
										"north": { "texture": "#string", "uv": [ 4.5, 4.0, 5.5, 5.0 ], "rotation": 90 },
										"east": { "texture": "#string", "uv": [ 5.5, 4.0, 8.0, 5.0 ] },
										"south": { "texture": "#string", "uv": [ 8.0, 4.0, 9.0, 5.0 ], "rotation": 90 },
										"west": { "texture": "#string", "uv": [ 9.0, 4.0, 11.5, 5.0 ] },
										"up": { "texture": "#string", "uv": [ 4.5, 3.0, 7.0, 4.0 ], "rotation": 90 },
										"down": { "texture": "#string", "uv": [ 7.0, 3.0, 9.5, 4.0 ], "rotation": 90 }
									}
								},
								{
									"name": "string 36",
									"from": [ -0.2, -0.2, 6.0 ],
									"to": [ 1.2, 1.2, 7.4 ],
									"uv": [ 11.5, 2.0 ],
									"rotationOrigin": [ -0.2, -0.2, 6.0 ],
									"faces": {
										"north": { "texture": "#string", "uv": [ 11.5, 3.0, 12.5, 4.0 ], "rotation": 90 },
										"east": { "texture": "#string", "uv": [ 12.5, 3.0, 13.5, 4.0 ] },
										"south": { "texture": "#string", "uv": [ 13.5, 3.0, 14.5, 4.0 ], "rotation": 90 },
										"west": { "texture": "#string", "uv": [ 14.5, 3.0, 15.5, 4.0 ] },
										"up": { "texture": "#string", "uv": [ 11.5, 2.0, 12.5, 3.0 ], "rotation": 90 },
										"down": { "texture": "#string", "uv": [ 12.5, 2.0, 13.5, 3.0 ], "rotation": 90 }
									}
								},
								{
									"name": "handle tip3",
									"from": [ -1.4142, 0.2828, 0.6 ],
									"to": [ 5.5858, 1.2828, 1.6 ],
									"uv": [ 0.5, 0.5 ],
									"rotationOrigin": [ -0.9142, 0.7828, 1.1 ],
									"rotationX": 7.1071,
									"rotationY": 7.053,
									"rotationZ": -32.4386,
									"faces": {
										"north": { "texture": "#handle", "uv": [ 1.0, 9.0, 8.0, 10.0 ] },
										"east": { "texture": "#handle", "uv": [ 13.0, 5.0, 14.0, 6.0 ] },
										"south": { "texture": "#handle", "uv": [ 8.5, 3.0, 15.5, 4.0 ] },
										"west": { "texture": "#handle", "uv": [ 1.5, 6.0, 2.5, 7.0 ] },
										"up": { "texture": "#handle", "uv": [ 8.0, 8.0, 15.0, 9.0 ] },
										"down": { "texture": "#handle", "uv": [ 6.0, 4.5, 13.0, 5.5 ] }
									},
									"children": [
										{
											"name": "string 33",
											"from": [ 0.9, -0.2, -0.2 ],
											"to": [ 2.7, 1.2, 1.2 ],
											"uv": [ 0.0, 0.0 ],
											"rotationOrigin": [ 0.9, -0.2, -0.2 ],
											"faces": {
												"north": { "texture": "#string", "uv": [ 1.5, 2.0, 2.5, 3.5 ], "rotation": 90 },
												"east": { "texture": "#string", "uv": [ 0.5, 0.5, 1.5, 1.5 ] },
												"south": { "texture": "#string", "uv": [ 0.0, 0.5, 1.0, 2.0 ], "rotation": 90 },
												"west": { "texture": "#string", "uv": [ 7.5, 1.0, 8.5, 2.0 ] },
												"up": { "texture": "#string", "uv": [ 3.0, 4.0, 4.0, 5.5 ], "rotation": 90 },
												"down": { "texture": "#string", "uv": [ 8.0, 0.5, 9.0, 2.0 ], "rotation": 90 }
											}
										}
									]
								},
								{
									"name": "handle tip4",
									"from": [ -1.2728, 0.1414, 6.5 ],
									"to": [ 5.7272, 1.1414, 7.5 ],
									"uv": [ 0.5, 0.5 ],
									"rotationOrigin": [ -0.7728, 0.6414, 7.0 ],
									"rotationX": -6.3902,
									"rotationY": -6.3508,
									"rotationZ": -32.3549,
									"faces": {
										"north": { "texture": "#handle", "uv": [ 4.0, 12.5, 11.0, 13.5 ] },
										"east": { "texture": "#handle", "uv": [ 12.0, 10.0, 13.0, 11.0 ] },
										"south": { "texture": "#handle", "uv": [ 4.5, 11.5, 11.5, 12.5 ] },
										"west": { "texture": "#handle", "uv": [ 0.5, 11.5, 1.5, 12.5 ] },
										"up": { "texture": "#handle", "uv": [ 6.0, 7.0, 13.0, 8.0 ] },
										"down": { "texture": "#handle", "uv": [ 0.0, 14.5, 7.0, 15.5 ] }
									},
									"children": [
										{
											"name": "string 32",
											"from": [ 0.7, -0.2, -0.2 ],
											"to": [ 2.5, 1.2, 1.2 ],
											"uv": [ 10.5, 3.0 ],
											"rotationOrigin": [ 0.7, -0.2, -0.2 ],
											"faces": {
												"north": { "texture": "#string", "uv": [ 10.5, 4.5, 11.5, 6.0 ], "rotation": 90 },
												"east": { "texture": "#string", "uv": [ 11.5, 4.5, 12.5, 5.5 ] },
												"south": { "texture": "#string", "uv": [ 12.5, 4.5, 13.5, 6.0 ], "rotation": 90 },
												"west": { "texture": "#string", "uv": [ 13.5, 4.5, 14.5, 5.5 ] },
												"up": { "texture": "#string", "uv": [ 10.5, 3.0, 11.5, 4.5 ], "rotation": 90 },
												"down": { "texture": "#string", "uv": [ 11.5, 3.0, 12.5, 4.5 ], "rotation": 90 }
											}
										}
									]
								},
								{
									"name": "handle tip5",
									"from": [ -0.8485, -0.2828, 4.6 ],
									"to": [ 6.1515, 0.7172, 5.6 ],
									"uv": [ 0.5, 0.5 ],
									"rotationOrigin": [ -0.3485, 0.2172, 5.1 ],
									"rotationX": -2.8307,
									"rotationY": -2.8273,
									"rotationZ": -32.0699,
									"faces": {
										"north": { "texture": "#handle", "uv": [ 7.5, 1.5, 14.5, 2.5 ] },
										"east": { "texture": "#handle", "uv": [ 14.0, 14.0, 15.0, 15.0 ] },
										"south": { "texture": "#handle", "uv": [ 8.5, 13.0, 15.5, 14.0 ] },
										"west": { "texture": "#handle", "uv": [ 8.5, 0.0, 9.5, 1.0 ] },
										"up": { "texture": "#handle", "uv": [ 4.0, 1.0, 11.0, 2.0 ] },
										"down": { "texture": "#handle", "uv": [ 0.5, 1.0, 7.5, 2.0 ] }
									},
									"children": [
										{
											"name": "string 31",
											"from": [ 0.2, -0.2, -0.2 ],
											"to": [ 2.0, 1.2, 1.2 ],
											"uv": [ 10.5, 2.5 ],
											"rotationOrigin": [ 0.2, -0.2, -0.2 ],
											"faces": {
												"north": { "texture": "#string", "uv": [ 10.5, 4.0, 11.5, 5.5 ], "rotation": 90 },
												"east": { "texture": "#string", "uv": [ 11.5, 4.0, 12.5, 5.0 ] },
												"south": { "texture": "#string", "uv": [ 12.5, 4.0, 13.5, 5.5 ], "rotation": 90 },
												"west": { "texture": "#string", "uv": [ 13.5, 4.0, 14.5, 5.0 ] },
												"up": { "texture": "#string", "uv": [ 10.5, 2.5, 11.5, 4.0 ], "rotation": 90 },
												"down": { "texture": "#string", "uv": [ 11.5, 2.5, 12.5, 4.0 ], "rotation": 90 }
											}
										}
									]
								},
								{
									"name": "handle tip6",
									"from": [ -0.9192, -0.2121, 2.4 ],
									"to": [ 6.0808, 0.7879, 3.4 ],
									"uv": [ 0.5, 0.5 ],
									"rotationOrigin": [ -0.4192, 0.2879, 2.9 ],
									"rotationX": 2.1223,
									"rotationY": 2.1208,
									"rotationZ": -32.0393,
									"faces": {
										"north": { "texture": "#handle", "uv": [ 6.5, 5.0, 13.5, 6.0 ] },
										"east": { "texture": "#handle", "uv": [ 11.5, 10.5, 12.5, 11.5 ] },
										"south": { "texture": "#handle", "uv": [ 7.0, 8.5, 14.0, 9.5 ] },
										"west": { "texture": "#handle", "uv": [ 4.5, 7.0, 5.5, 8.0 ] },
										"up": { "texture": "#handle", "uv": [ 0.0, 2.0, 7.0, 3.0 ] },
										"down": { "texture": "#handle", "uv": [ 3.5, 12.0, 10.5, 13.0 ] }
									},
									"children": [
										{
											"name": "string 30",
											"from": [ 0.2, -0.2, -0.2 ],
											"to": [ 2.0, 1.2, 1.2 ],
											"uv": [ 11.5, 1.0 ],
											"rotationOrigin": [ 0.2, -0.2, -0.2 ],
											"faces": {
												"north": { "texture": "#string", "uv": [ 11.5, 2.5, 12.5, 4.0 ], "rotation": 90 },
												"east": { "texture": "#string", "uv": [ 12.5, 2.5, 13.5, 3.5 ] },
												"south": { "texture": "#string", "uv": [ 13.5, 2.5, 14.5, 4.0 ], "rotation": 90 },
												"west": { "texture": "#string", "uv": [ 14.5, 2.5, 15.5, 3.5 ] },
												"up": { "texture": "#string", "uv": [ 11.5, 1.0, 12.5, 2.5 ], "rotation": 90 },
												"down": { "texture": "#string", "uv": [ 12.5, 1.0, 13.5, 2.5 ], "rotation": 90 }
											}
										}
									]
								}
							]
						}
					]
				},
				{
					"name": "string 3",
					"from": [ -6.0, -0.6, -1.0 ],
					"to": [ -5.5, 1.1, 2.0 ],
					"uv": [ 0.0, 0.0 ],
					"rotationOrigin": [ -6.0, -0.6, 0.5 ],
					"rotationY": 40.0,
					"faces": {
						"north": { "texture": "#string", "uv": [ 8.5, 0.5, 10.0, 1.0 ], "rotation": 90 },
						"east": { "texture": "#string", "uv": [ 0.0, 0.0, 3.0, 1.5 ] },
						"south": { "texture": "#string", "uv": [ 10.0, 2.0, 11.5, 2.5 ], "rotation": 90 },
						"west": { "texture": "#string", "uv": [ 2.0, 2.5, 5.0, 4.0 ] },
						"up": { "texture": "#string", "uv": [ 0.0, 0.5, 0.5, 3.5 ] },
						"down": { "texture": "#string", "uv": [ 0.0, 0.0, 0.5, 3.0 ] }
					}
				},
				{
					"name": "string 4",
					"from": [ -5.7, -0.6, -1.5 ],
					"to": [ -5.2, 1.2, 1.5 ],
					"uv": [ 0.0, 0.0 ],
					"rotationOrigin": [ -5.7, -0.6, 0.0 ],
					"rotationX": 2.0,
					"rotationY": -48.0,
					"faces": {
						"north": { "texture": "#string", "uv": [ 0.0, 0.5, 1.5, 1.0 ], "rotation": 90 },
						"east": { "texture": "#string", "uv": [ 0.0, 0.0, 3.0, 1.5 ] },
						"south": { "texture": "#string", "uv": [ 2.0, 0.5, 3.5, 1.0 ], "rotation": 90 },
						"west": { "texture": "#string", "uv": [ 0.0, 4.0, 3.0, 5.5 ] },
						"up": { "texture": "#string", "uv": [ 5.0, 1.5, 8.0, 2.0 ], "rotation": 90 },
						"down": { "texture": "#string", "uv": [ 6.5, 1.5, 9.5, 2.0 ], "rotation": 90 }
					}
				},
				{
					"name": "string 5",
					"from": [ -3.4, -0.6, -0.7 ],
					"to": [ -2.9, 1.2, 1.3 ],
					"uv": [ 0.0, 0.0 ],
					"rotationOrigin": [ -3.4, -0.6, 0.8 ],
					"rotationX": 1.0,
					"rotationY": 24.0,
					"faces": {
						"north": { "texture": "#string", "uv": [ 1.0, 0.5, 2.5, 1.0 ], "rotation": 90 },
						"east": { "texture": "#string", "uv": [ 0.0, 2.0, 2.0, 3.5 ] },
						"south": { "texture": "#string", "uv": [ 0.0, 2.5, 1.5, 3.0 ], "rotation": 90 },
						"west": { "texture": "#string", "uv": [ 2.0, 2.5, 4.0, 4.0 ] },
						"up": { "texture": "#string", "uv": [ 7.0, 0.0, 9.0, 0.5 ], "rotation": 90 },
						"down": { "texture": "#string", "uv": [ 2.5, 2.0, 4.5, 2.5 ], "rotation": 90 }
					}
				},
				{
					"name": "string 2",
					"from": [ -4.7, -0.6, -0.9 ],
					"to": [ -4.2, 1.2, 1.3 ],
					"uv": [ 3.0, 0.5 ],
					"rotationOrigin": [ -4.7, -0.6, 0.6 ],
					"rotationX": 2.0,
					"rotationY": -17.0,
					"faces": {
						"north": { "texture": "#string", "uv": [ 5.0, 5.5, 6.5, 6.0 ], "rotation": 90 },
						"east": { "texture": "#string", "uv": [ 6.0, 2.0, 8.0, 3.5 ] },
						"south": { "texture": "#string", "uv": [ 10.0, 2.5, 11.5, 3.0 ], "rotation": 90 },
						"west": { "texture": "#string", "uv": [ 3.0, 6.0, 5.0, 7.5 ] },
						"up": { "texture": "#string", "uv": [ 5.0, 0.5, 7.0, 1.0 ], "rotation": 90 },
						"down": { "texture": "#string", "uv": [ 8.5, 0.5, 10.5, 1.0 ], "rotation": 90 }
					}
				},
				{
					"name": "string 1",
					"from": [ -7.0, -0.6, -0.7 ],
					"to": [ -6.5, 1.2, 1.1 ],
					"uv": [ 0.0, 0.0 ],
					"rotationOrigin": [ -7.0, -0.6, 0.8 ],
					"rotationX": 1.0,
					"faces": {
						"north": { "texture": "#string", "uv": [ 3.0, 4.5, 4.5, 5.0 ], "rotation": 90 },
						"east": { "texture": "#string", "uv": [ 1.0, 3.0, 2.5, 4.5 ] },
						"south": { "texture": "#string", "uv": [ 0.0, 7.5, 1.5, 8.0 ], "rotation": 90 },
						"west": { "texture": "#string", "uv": [ 3.0, 5.5, 4.5, 7.0 ] },
						"up": { "texture": "#string", "uv": [ 5.5, 0.0, 7.0, 0.5 ], "rotation": 90 },
						"down": { "texture": "#string", "uv": [ 5.5, 2.0, 7.0, 2.5 ], "rotation": 90 }
					}
				},
				{
					"name": "string 18",
					"from": [ -31.6, -0.65, -0.7 ],
					"to": [ -31.1, 1.15, 1.1 ],
					"uv": [ 0.0, 0.0 ],
					"rotationOrigin": [ -31.6, -0.6, 0.8 ],
					"rotationX": 1.0,
					"faces": {
						"north": { "texture": "#string", "uv": [ 1.0, 0.5, 2.5, 1.0 ], "rotation": 90 },
						"east": { "texture": "#string", "uv": [ 0.0, 2.0, 1.5, 3.5 ] },
						"south": { "texture": "#string", "uv": [ 0.0, 2.5, 1.5, 3.0 ], "rotation": 90 },
						"west": { "texture": "#string", "uv": [ 2.0, 2.5, 3.5, 4.0 ] },
						"up": { "texture": "#string", "uv": [ 4.5, 0.0, 6.0, 0.5 ], "rotation": 90 },
						"down": { "texture": "#string", "uv": [ 2.5, 2.0, 4.0, 2.5 ], "rotation": 90 }
					}
				},
				{
					"name": "string 22",
					"from": [ -30.8, -0.65, -0.9 ],
					"to": [ -30.3, 1.15, 1.1 ],
					"uv": [ 0.0, 0.0 ],
					"rotationOrigin": [ -30.8, -0.6, 0.6 ],
					"rotationX": 2.0,
					"rotationY": -32.0,
					"faces": {
						"north": { "texture": "#string", "uv": [ 0.0, 0.5, 1.5, 1.0 ], "rotation": 90 },
						"east": { "texture": "#string", "uv": [ 0.0, 0.0, 2.0, 1.5 ] },
						"south": { "texture": "#string", "uv": [ 2.0, 0.5, 3.5, 1.0 ], "rotation": 90 },
						"west": { "texture": "#string", "uv": [ 0.0, 4.0, 2.0, 5.5 ] },
						"up": { "texture": "#string", "uv": [ 5.0, 1.5, 7.0, 2.0 ], "rotation": 90 },
						"down": { "texture": "#string", "uv": [ 6.5, 1.5, 8.5, 2.0 ], "rotation": 90 }
					}
				},
				{
					"name": "string 23",
					"from": [ -29.2, -0.65, -0.7 ],
					"to": [ -28.7, 1.15, 1.3 ],
					"uv": [ 3.0, 0.5 ],
					"rotationOrigin": [ -29.2, -0.6, 0.8 ],
					"rotationX": 2.0,
					"rotationY": 28.0,
					"faces": {
						"north": { "texture": "#string", "uv": [ 5.0, 5.5, 6.5, 6.0 ], "rotation": 90 },
						"east": { "texture": "#string", "uv": [ 6.0, 2.0, 8.0, 3.5 ] },
						"south": { "texture": "#string", "uv": [ 10.0, 2.5, 11.5, 3.0 ], "rotation": 90 },
						"west": { "texture": "#string", "uv": [ 3.0, 6.0, 5.0, 7.5 ] },
						"up": { "texture": "#string", "uv": [ 5.0, 0.5, 7.0, 1.0 ], "rotation": 90 },
						"down": { "texture": "#string", "uv": [ 8.5, 0.5, 10.5, 1.0 ], "rotation": 90 }
					}
				},
				{
					"name": "string 24",
					"from": [ -28.8, -0.6, -0.7 ],
					"to": [ -28.3, 1.2, 1.1 ],
					"uv": [ 0.0, 0.0 ],
					"rotationOrigin": [ -28.9, -0.6, 0.8 ],
					"rotationX": 1.0,
					"rotationY": -11.0,
					"faces": {
						"north": { "texture": "#string", "uv": [ 1.0, 0.5, 2.5, 1.0 ], "rotation": 90 },
						"east": { "texture": "#string", "uv": [ 0.0, 2.0, 1.5, 3.5 ] },
						"south": { "texture": "#string", "uv": [ 0.0, 2.5, 1.5, 3.0 ], "rotation": 90 },
						"west": { "texture": "#string", "uv": [ 2.0, 2.5, 3.5, 4.0 ] },
						"up": { "texture": "#string", "uv": [ 4.5, 0.0, 6.0, 0.5 ], "rotation": 90 },
						"down": { "texture": "#string", "uv": [ 2.5, 2.0, 4.0, 2.5 ], "rotation": 90 }
					}
				},
				{
					"name": "string 25",
					"from": [ -28.0, -0.63, -0.7 ],
					"to": [ -27.5, 1.13, 1.3 ],
					"uv": [ 0.0, 0.0 ],
					"rotationOrigin": [ -28.0, -0.6, 0.8 ],
					"rotationY": 3.0,
					"faces": {
						"north": { "texture": "#string", "uv": [ 8.5, 0.5, 10.0, 1.0 ], "rotation": 90 },
						"east": { "texture": "#string", "uv": [ 0.0, 0.0, 2.0, 1.5 ] },
						"south": { "texture": "#string", "uv": [ 1.0, 0.5, 2.5, 1.0 ], "rotation": 90 },
						"west": { "texture": "#string", "uv": [ 2.0, 2.5, 4.0, 4.0 ] },
						"up": { "texture": "#string", "uv": [ 0.0, 0.0, 0.5, 2.0 ] },
						"down": { "texture": "#string", "uv": [ 0.0, 0.0, 0.5, 2.0 ] }
					}
				},
				{
					"name": "string 28",
					"from": [ -4.9, -0.6, -0.7 ],
					"to": [ -4.4, 1.1, 1.4 ],
					"uv": [ 0.0, 0.0 ],
					"rotationOrigin": [ -4.9, -0.6, 0.8 ],
					"rotationY": 12.0,
					"faces": {
						"north": { "texture": "#string", "uv": [ 8.5, 0.5, 10.0, 1.0 ], "rotation": 90 },
						"east": { "texture": "#string", "uv": [ 0.0, 0.0, 2.0, 1.5 ] },
						"south": { "texture": "#string", "uv": [ 1.0, 0.5, 2.5, 1.0 ], "rotation": 90 },
						"west": { "texture": "#string", "uv": [ 2.0, 2.5, 4.0, 4.0 ] },
						"up": { "texture": "#string", "uv": [ 0.0, 0.0, 0.5, 2.0 ] },
						"down": { "texture": "#string", "uv": [ 0.0, 0.0, 0.5, 2.0 ] }
					}
				},
				{
					"name": "string 29",
					"from": [ -3.7, -0.6, -0.9 ],
					"to": [ -3.2, 1.2, 1.1 ],
					"uv": [ 0.0, 0.0 ],
					"rotationOrigin": [ -3.7, -0.6, 0.6 ],
					"rotationY": -22.0,
					"faces": {
						"north": { "texture": "#string", "uv": [ 1.0, 0.5, 2.5, 1.0 ], "rotation": 90 },
						"east": { "texture": "#string", "uv": [ 0.0, 2.0, 2.0, 3.5 ] },
						"south": { "texture": "#string", "uv": [ 0.0, 2.5, 1.5, 3.0 ], "rotation": 90 },
						"west": { "texture": "#string", "uv": [ 2.0, 2.5, 4.0, 4.0 ] },
						"up": { "texture": "#string", "uv": [ 9.0, 0.0, 11.0, 0.5 ], "rotation": 90 },
						"down": { "texture": "#string", "uv": [ 2.5, 2.0, 4.5, 2.5 ], "rotation": 90 }
					}
				}
			]
		}
	]}