{
  "ingredient": {
    "type": "item",
    "code": "game:ingot-*",
    "name": "metal",
    "allowedVariants": [ "bismuthbronze", "tinbronze", "blackbronze", "iron", "meteoriciron", "steel", "gold", "copper" ]
  },
  "pattern": [
    [
      "#########",
      "________#",
      "#######_#",
      "#_____#_#",
      "#_###_#_#",
      "#_##__#_#",
      "#_#####_#",
      "#_______#",
      "#########"
    ]
  ],
  "name": "Strap",
  "output": {
    "type": "item",
    "code": "canjewelry:canstrap-{metal}",
    "quantity": 2
  }
}