{
  "ingredient": {
    "type": "item",
    "code": "game:ingot-*",
    "name": "metal",
    "allowedVariants": [ "bismuthbronze", "tinbronze", "blackbronze", "iron", "meteoriciron", "steel", "gold", "copper" ]
  },
  "pattern": [
    [
      "_________",
      "_________",
      "_________",
      "#_______#",
      "#_______#",
      "#_______#",
      "#_______#",
      "#_______#",
      "#########"
    ],
    [
      "_________",
      "_________",
      "_________",
      "#_______#",
      "_________",
      "#_______#",
      "#_______#",
      "#_______#",
      "##__#__##"
    ]
  ],
  "name": "cantiara",
  "output": {
    "type": "item",
    "code": "canjewelry:cantiara-normal-tiara",
    "quantity": 1,
    "attributes": {
      "carcassus": "{metal}",
      "gem_1": "none",
      "gem_2": "none",
      "gem_3": "none"
    }
  }
}