{
	"editor": {
		"collapsedPaths": "Root/origin2",
		"allAngles": false,
		"entityTextureMode": false
	},
	"textureWidth": 16,
	"textureHeight": 16,
	"textures": {
		"1normal-side": "artofgrowing:block/thatch/normal-side",
		"1normal-top": "artofgrowing:block/thatch/normal-top"
	},
	"elements": [
		{
			"name": "origin",
			"from": [ 0.0, 0.0, 0.0 ],
			"to": [ 0.0, 0.0, 0.0 ],
			"rotationOrigin": [ 8.0, 0.0, 8.0 ],
			"faces": {
			},
			"children": [
				{
					"name": "contents",
					"from": [ 5.0, 4.0, 4.0 ],
					"to": [ 16.0, 4.5, 12.0 ],
					"rotationOrigin": [ 5.0, 4.0, 4.0 ],
					"faces": {
						"east": { "texture": "#1normal-side", "uv": [ 2.0, 0.0, 10.0, 0.5 ] },
						"up": { "texture": "#1normal-top", "uv": [ 0.0, 0.0, 11.0, 8.0 ] }
					}
				}
			]
		}
	]}