{
	"editor": {
		"allAngles": false,
		"entityTextureMode": false
	},
	"textureWidth": 16,
	"textureHeight": 16,
	"textureSizes": {
	},
	"textures": {
		"s": "crop/turnip/s4",
		"bulb": "crop/turnip/bulb",
		"e": "crop/turnip/e4"
	},
	"elements": [
		{
			"name": "turnip 1",
			"from": [ 3.5, 0.0, 6.5 ], 
			"to": [ 5.5, 0.5, 8.5 ], 
			"rotationOrigin": [ 4.5, 0.0, 7.5 ],
			"rotationY": 22.5,
			"faces": {
				"north": { "texture": "#bulb", "uv": [ 4.0, 15.0, 6.0, 15.5 ], "windMode": [0,0,0,0] },
				"east": { "texture": "#bulb", "uv": [ 11.0, 15.0, 13.0, 15.5 ], "windMode": [0,0,0,0] },
				"south": { "texture": "#bulb", "uv": [ 7.0, 15.0, 9.0, 15.5 ], "windMode": [0,0,0,0] },
				"west": { "texture": "#bulb", "uv": [ 10.0, 15.0, 12.0, 15.5 ], "windMode": [0,0,0,0] },
				"up": { "texture": "#bulb", "uv": [ 8.0, 6.0, 10.0, 8.0 ], "windMode": [0,0,0,0] },
				"down": { "texture": "#bulb", "uv": [ 4.0, 3.0, 6.0, 5.0 ], "enabled": false }
			},
			"children": [
				{
					"name": "s 1",
					"from": [ -4.5, 0.0, 1.0 ], 
					"to": [ 6.5, 8.0, 1.0 ], 
					"shade": false,
					"rotationOrigin": [ 1.0, 0.0, 1.0 ],
					"faces": {
						"north": { "texture": "#leaves-we-4", "uv": [ 0.0, 0.0, 11.0, 8.0 ], "enabled": false },
						"east": { "texture": "#null", "uv": [ 0.0, 0.0, 0.5, 8.0 ], "enabled": false },
						"south": { "texture": "#s", "uv": [ 2.5, 7.0, 13.5, 15.0 ], "windMode": [0,0,2,2] },
						"west": { "texture": "#null", "uv": [ 0.0, 0.0, 0.5, 8.0 ], "enabled": false },
						"up": { "texture": "#null", "uv": [ 0.0, 0.0, 11.0, 0.5 ], "enabled": false },
						"down": { "texture": "#null", "uv": [ 0.0, 0.0, 11.0, 0.5 ], "enabled": false }
					}
				},
				{
					"name": "e 1",
					"from": [ 1.0, 0.0, -5.0 ], 
					"to": [ 1.0, 8.0, 6.0 ], 
					"shade": false,
					"rotationOrigin": [ 1.0, 0.0, 1.0 ],
					"faces": {
						"north": { "texture": "#null", "uv": [ 0.0, 0.0, 0.5, 8.0 ], "enabled": false },
						"east": { "texture": "#e", "uv": [ 3.0, 7.0, 14.0, 15.0 ], "windMode": [0,2,2,0] },
						"south": { "texture": "#null", "uv": [ 0.0, 0.0, 0.5, 8.0 ], "enabled": false },
						"west": { "texture": "#null", "uv": [ 0.0, 0.0, 11.0, 8.0 ], "enabled": false },
						"up": { "texture": "#null", "uv": [ 0.0, 0.0, 0.5, 11.0 ], "enabled": false },
						"down": { "texture": "#null", "uv": [ 0.0, 0.0, 0.5, 11.0 ], "enabled": false }
					}
				}
			]
		},
		{
			"name": "turnip 2",
			"from": [ 10.5, 0.0, 7.5 ], 
			"to": [ 12.5, 0.5, 9.5 ], 
			"rotationOrigin": [ 11.5, 0.0, 8.5 ],
			"rotationY": -45.0,
			"faces": {
				"north": { "texture": "#bulb", "uv": [ 1.0, 14.5, 3.0, 15.0 ], "windMode": [0,0,0,0] },
				"east": { "texture": "#bulb", "uv": [ 6.0, 14.5, 8.0, 15.0 ], "windMode": [0,0,0,0] },
				"south": { "texture": "#bulb", "uv": [ 11.0, 14.5, 13.0, 15.0 ], "windMode": [0,0,0,0] },
				"west": { "texture": "#bulb", "uv": [ 1.0, 14.5, 3.0, 15.0 ], "windMode": [0,0,0,0] },
				"up": { "texture": "#bulb", "uv": [ 8.0, 4.0, 10.0, 6.0 ], "windMode": [0,0,0,0] },
				"down": { "texture": "#bulb", "uv": [ 4.0, 3.0, 6.0, 5.0 ], "enabled": false }
			},
			"children": [
				{
					"name": "s 2",
					"from": [ -3.7, 0.5, 1.0 ], 
					"to": [ 7.3, 8.5, 1.0 ], 
					"shade": false,
					"rotationOrigin": [ 1.0, 0.0, 1.0 ],
					"faces": {
						"north": { "texture": "#null", "uv": [ 0.0, 0.0, 11.0, 8.0 ], "enabled": false },
						"east": { "texture": "#null", "uv": [ 0.0, 0.0, 0.5, 8.0 ], "enabled": false },
						"south": { "texture": "#s", "uv": [ 3.5, 7.0, 14.5, 15.0 ], "windMode": [0,0,2,2] },
						"west": { "texture": "#null", "uv": [ 0.0, 0.0, 0.5, 8.0 ], "enabled": false },
						"up": { "texture": "#null", "uv": [ 0.0, 0.0, 11.0, 0.5 ], "enabled": false },
						"down": { "texture": "#null", "uv": [ 0.0, 0.0, 11.0, 0.5 ], "enabled": false }
					}
				},
				{
					"name": "e 2",
					"from": [ 1.0, 0.5, -3.7 ], 
					"to": [ 1.0, 8.5, 7.3 ], 
					"shade": false,
					"rotationOrigin": [ 1.0, 0.0, 1.0 ],
					"faces": {
						"north": { "texture": "#null", "uv": [ 0.0, 0.0, 0.5, 8.0 ], "enabled": false },
						"east": { "texture": "#e", "uv": [ 1.5, 7.0, 12.5, 15.0 ], "windMode": [0,2,2,0] },
						"south": { "texture": "#null", "uv": [ 0.0, 0.0, 0.5, 8.0 ], "enabled": false },
						"west": { "texture": "#null", "uv": [ 0.0, 0.0, 11.0, 8.0 ], "enabled": false },
						"up": { "texture": "#null", "uv": [ 0.0, 0.0, 0.5, 11.0 ], "enabled": false },
						"down": { "texture": "#null", "uv": [ 0.0, 0.0, 0.5, 11.0 ], "enabled": false }
					}
				},
				{
					"name": "tip",
					"from": [ 0.5, 0.5, 0.5 ], 
					"to": [ 1.5, 1.0, 1.5 ], 
					"faces": {
						"north": { "texture": "#bulb", "uv": [ 10.0, 6.0, 11.0, 6.5 ], "windMode": [0,0,0,0] },
						"east": { "texture": "#bulb", "uv": [ 8.0, 7.0, 9.0, 7.5 ], "windMode": [0,0,0,0] },
						"south": { "texture": "#bulb", "uv": [ 5.0, 7.0, 6.0, 7.5 ], "windMode": [0,0,0,0] },
						"west": { "texture": "#bulb", "uv": [ 7.0, 7.0, 8.0, 7.5 ], "windMode": [0,0,0,0] },
						"up": { "texture": "#bulb", "uv": [ 7.0, 6.0, 8.0, 7.0 ], "windMode": [0,0,0,0] },
						"down": { "texture": "#bulb", "uv": [ 0.0, 0.0, 1.0, 1.0 ], "enabled": false }
					}
				}
			]
		}
	]}