{
	"editor": {
		"allAngles": false,
		"entityTextureMode": false
	},
	"textureWidth": 16,
	"textureHeight": 16,
	"textureSizes": {
	},
	"textures": {
	},
	"elements": [
		{
			"name": "parsnip 1",
			"from": [ 2.35, 0.0, 7.35 ],
			"to": [ 3.65, 1.5, 8.65 ],
			"rotationOrigin": [ 3.0, 0.0, 8.0 ],
			"rotationY": -22.5,
			"faces": {
				"north": { "texture": "#bulb", "uv": [ 4.0, 14.0, 5.0, 15.5 ], "windMode": [0,0,0,0] },
				"east": { "texture": "#bulb", "uv": [ 9.0, 14.0, 10.0, 15.5 ], "windMode": [0,0,0,0] },
				"south": { "texture": "#bulb", "uv": [ 2.0, 14.0, 3.0, 15.5 ], "windMode": [0,0,0,0] },
				"west": { "texture": "#bulb", "uv": [ 9.0, 14.0, 10.0, 15.5 ], "windMode": [0,0,0,0] },
				"up": { "texture": "#bulb", "uv": [ 4.0, 7.0, 5.0, 8.0 ], "windMode": [0,0,0,0] }
			}
		},
		{
			"name": "parsnip 2",
			"from": [ 7.85, 0.0, 6.35 ],
			"to": [ 9.15, 1.0, 7.65 ],
			"rotationOrigin": [ 8.5, 0.0, 7.0 ],
			"rotationY": 22.5,
			"faces": {
				"north": { "texture": "#bulb", "uv": [ 4.0, 15.0, 5.0, 16.0 ], "windMode": [0,0,0,0] },
				"east": { "texture": "#bulb", "uv": [ 8.0, 15.0, 9.0, 16.0 ], "windMode": [0,0,0,0] },
				"south": { "texture": "#bulb", "uv": [ 3.0, 15.0, 4.0, 16.0 ], "windMode": [0,0,0,0] },
				"west": { "texture": "#bulb", "uv": [ 8.0, 15.0, 9.0, 16.0 ], "windMode": [0,0,0,0] },
				"up": { "texture": "#bulb", "uv": [ 14.0, 11.0, 15.0, 12.0 ], "windMode": [0,0,0,0] }
			}
		},
		{
			"name": "parsnip 3",
			"from": [ 13.35, 0.0, 7.85 ],
			"to": [ 14.65, 1.5, 9.15 ],
			"rotationOrigin": [ 14.0, 0.0, 8.5 ],
			"rotationY": -45.0,
			"faces": {
				"north": { "texture": "#bulb", "uv": [ 12.0, 14.0, 13.0, 15.5 ], "windMode": [0,0,0,0] },
				"east": { "texture": "#bulb", "uv": [ 5.0, 14.0, 6.0, 15.5 ], "windMode": [0,0,0,0] },
				"south": { "texture": "#bulb", "uv": [ 3.0, 14.0, 4.0, 15.5 ], "windMode": [0,0,0,0] },
				"west": { "texture": "#bulb", "uv": [ 0.0, 14.0, 1.0, 15.5 ], "windMode": [0,0,0,0] },
				"up": { "texture": "#bulb", "uv": [ 13.0, 8.0, 14.0, 9.0 ], "windMode": [0,0,0,0] }
			}
		},
		{
			"name": "parsnip 1 top",
			"from": [ 2.9588, 1.5, 7.1934 ],
			"to": [ 3.9588, 2.0, 8.1934 ],
			"rotationOrigin": [ 2.4588, 0.0, 6.6934 ],
			"rotationY": -22.5,
			"faces": {
				"north": { "texture": "#bulb", "uv": [ 6.0, 12.0, 7.0, 12.5 ], "windMode": [0,0,0,0] },
				"east": { "texture": "#bulb", "uv": [ 5.0, 9.0, 6.0, 9.5 ], "windMode": [0,0,0,0] },
				"south": { "texture": "#bulb", "uv": [ 4.0, 8.0, 5.0, 8.5 ], "windMode": [0,0,0,0] },
				"west": { "texture": "#bulb", "uv": [ 5.0, 9.0, 6.0, 9.5 ], "windMode": [0,0,0,0] },
				"up": { "texture": "#bulb", "uv": [ 13.0, 11.0, 14.0, 12.0 ], "windMode": [0,0,0,0] }
			}
		},
		{
			"name": "s 1",
			"from": [ -3.5, 0.0, 8.0 ],
			"to": [ 9.5, 16.0, 8.0 ],
			"shade": false,
			"rotationOrigin": [ 3.0, 0.0, 8.0 ],
			"rotationY": -22.5,
			"faces": {
				"south": { "texture": "#s", "uv": [ 1.5, 0.0, 14.5, 16.0 ], "windMode": [0,0,2,2] }
			}
		},
		{
			"name": "e 1",
			"from": [ 3.0, 0.0, 1.5 ],
			"to": [ 3.0, 16.0, 14.5 ],
			"shade": false,
			"rotationOrigin": [ 3.0, 0.0, 8.0 ],
			"rotationY": -22.5,
			"faces": {
				"east": { "texture": "#e", "uv": [ 1.5, 0.0, 14.5, 16.0 ], "windMode": [0,2,2,0] }
			}
		},
		{
			"name": "parsnip 2 top",
			"from": [ 7.6934, 1.0, 6.9588 ],
			"to": [ 8.6934, 1.5, 7.9588 ],
			"rotationOrigin": [ 7.1934, 0.0, 6.4588 ],
			"rotationY": 22.5,
			"faces": {
				"north": { "texture": "#bulb", "uv": [ 6.0, 6.0, 7.0, 6.5 ], "windMode": [0,0,0,0] },
				"east": { "texture": "#bulb", "uv": [ 9.0, 6.0, 10.0, 6.5 ], "windMode": [0,0,0,0] },
				"south": { "texture": "#bulb", "uv": [ 8.0, 6.0, 9.0, 6.5 ], "windMode": [0,0,0,0] },
				"west": { "texture": "#bulb", "uv": [ 5.0, 6.0, 6.0, 6.5 ], "windMode": [0,0,0,0] },
				"up": { "texture": "#bulb", "uv": [ 7.0, 4.0, 8.0, 5.0 ], "windMode": [0,0,0,0] }
			}
		},
		{
			"name": "s 2",
			"from": [ 2.1533, 0.0, 6.7706 ],
			"to": [ 15.1533, 16.0, 6.7706 ],
			"shade": false,
			"rotationOrigin": [ 9.1533, 0.0, 7.2706 ],
			"rotationY": 22.5,
			"faces": {
				"south": { "texture": "#s", "uv": [ 1.5, 0.0, 14.5, 16.0 ], "windMode": [0,0,2,2] }
			}
		},
		{
			"name": "e 2",
			"from": [ 8.6533, 0.0, 0.2706 ],
			"to": [ 8.6533, 16.0, 13.2706 ],
			"shade": false,
			"rotationOrigin": [ 9.1533, 0.0, 7.2706 ],
			"rotationY": 22.5,
			"faces": {
				"east": { "texture": "#e", "uv": [ 1.5, 0.0, 14.5, 16.0 ], "windMode": [0,2,2,0] }
			}
		},
		{
			"name": "parsnip 3 top",
			"from": [ 14.5, 1.5, 7.5858 ],
			"to": [ 15.5, 2.0, 8.5858 ],
			"rotationOrigin": [ 14.0, 0.0, 7.0858 ],
			"rotationY": -45.0,
			"faces": {
				"north": { "texture": "#bulb", "uv": [ 6.0, 12.0, 7.0, 12.5 ], "windMode": [0,0,0,0] },
				"east": { "texture": "#bulb", "uv": [ 5.0, 9.0, 6.0, 9.5 ], "windMode": [0,0,0,0] },
				"south": { "texture": "#bulb", "uv": [ 4.0, 8.0, 5.0, 8.5 ], "windMode": [0,0,0,0] },
				"west": { "texture": "#bulb", "uv": [ 5.0, 9.0, 6.0, 9.5 ], "windMode": [0,0,0,0] },
				"up": { "texture": "#bulb", "uv": [ 13.0, 11.0, 14.0, 12.0 ], "windMode": [0,0,0,0] }
			}
		},
		{
			"name": "s 3",
			"from": [ 7.5, 0.0, 8.5 ],
			"to": [ 20.5, 16.0, 8.5 ],
			"shade": false,
			"rotationOrigin": [ 14.0, 0.0, 8.5 ],
			"rotationY": -45.0,
			"faces": {
				"south": { "texture": "#s", "uv": [ 1.5, 0.0, 14.5, 16.0 ], "windMode": [0,0,2,2] }
			}
		},
		{
			"name": "e 3",
			"from": [ 14.0, 0.0, 2.0 ],
			"to": [ 14.0, 16.0, 15.0 ],
			"shade": false,
			"rotationOrigin": [ 14.0, 0.0, 8.5 ],
			"rotationY": -45.0,
			"faces": {
				"east": { "texture": "#e", "uv": [ 1.5, 0.0, 14.5, 16.0 ], "windMode": [0,2,2,0] }
			}
		}
	]}