[
    {
        "op": "addeach",
        "path": "/server/behaviors/9/aitasks/0/entityCodes/-",
        "value": [
            "dog-wolf-male",
            "dog-wolf-female",
            "dog-hunting-male",
            "dog-hunting-female"
        ],
        "file": "game:entities/land/pig-wild-male.json"
    },
    {
        "op": "addeach",
        "path": "/server/behaviors/9/aitasks/1/entityCodes/-",
        "value": [
            "dog-wolf-male",
            "dog-wolf-female",
            "dog-hunting-male",
            "dog-hunting-female"
        ],
        "file": "game:entities/land/pig-wild-male.json"
    },
    {
        "op": "addeach",
        "path": "/server/behaviors/9/aitasks/2/entityCodes/-",
        "value": [
            "dog-wolf-male",
            "dog-wolf-female",
            "dog-hunting-male",
            "dog-hunting-female"
        ],
        "file": "game:entities/land/pig-wild-male.json"
    },
    {
        "op": "add",
        "path": "/server/behaviors/9/aitasks/-",
        "value": {
            "code": "stayclosetoshepherd",
            "priority": 1.4,
            "movespeed": 0.03,
            "maxDistance": 7,
            "searchRange": 10,
            "animation": "Run",
            "animationSpeed": 5
        },
        "file": "game:entities/land/pig-wild-male.json"
    }
]