{
  "code": "cangemcuttingtable",
  "class": "BlockGemCuttingTable",
  "behaviors": [
    {
      "name": "UnstableFalling",
      "impactDamageMul": 20
    }
  ],
  "attributes": {
    "__comment": "Note: variantgroups inside attributes. Used to generate all variants for the creative inventory dynamically, and for valid recipe checking",
    "variantGroups": {
      "metal": [ "tinbronze", "bismuthbronze", "blackbronze", "gold", "silver", "iron", "meteoriciron", "steel" ],
      "stone": [ "andesite", "chalk", "chert", "conglomerate", "limestone", "claystone", "granite", "sandstone", "shale", "basalt", "peridotite", "phyllite", "slate", "bauxite" ]
    }
  },
  "entityClass": "BEGemCuttingTable",
  "enabled": true,
  "heldTpIdleAnimation": "holdunderarm",

  "shapeByType": {
    "@anvil-(iron|meteoriciron|steel)": {
      "base": "game:block/metal/anvil/iron"
    },
    "*": {
      "base": "canjewelry:block/gemcuttingtable"
    }
  },
  "creativeinventory": {
    "general": [ "*" ],
    "decorative": [ "*" ]
  },
  "blockmaterial": "Metal",
  "replaceable": 100,
  "resistance": 2,
  "lightAbsorption": 0,
  "maxStackSize": 1,
  "textures": {
    "granite": { "base": "game:block/stone/polishedrock/granite" },
    "all": { "base": "game:block/metal/anvil/{metal}" },
    "ironbloom": { "base": "game:item/resource/ironbloom" },
    "blistersteel": { "base": "game:block/metal/ingot/blistersteel" },
    "iron": { "base": "game:block/metal/ingot/iron" }
  },
  "sidesolid": {
    "all": false
  },
  "sideopaque": {
    "all": false
  },
  "__comment": "defined for both angles",
  "collisionSelectionBoxesByType": {
    "*": [
      {
        "x1": 0,
        "y1": 0,
        "z1": 0,
        "x2": 1,
        "y2": 0.125,
        "z2": 1
      },
      {
        "x1": 0.3125,
        "y1": 0,
        "z1": 0,
        "x2": 0.6875,
        "y2": 0.625,
        "z2": 1
      }
    ]
  },
  "sounds": {
    "place": "game:block/anvil",
    "break": "game:block/anvil",
    "hit": "game:block/anvil",
    "walk": "game:walk/stone*"
  },
  "tpHandTransform": {
    "translation": {
      "x": -0.9,
      "y": -0.3,
      "z": -0.5
    },
    "rotation": {
      "x": 0,
      "y": 0,
      "z": -110
    },
    "scale": 0.6
  },
  "guiTransform": {
    "rotation": {
      "x": -20,
      "y": -41,
      "z": 0
    },
    "origin": {
      "x": 0.46,
      "y": 0.34,
      "z": 0.5
    },
    "scale": 1.48
  },
  "groundTransform": {
    "origin": {
      "x": 0.5,
      "y": 0,
      "z": 0.5
    },
    "scale": 2
  },
  "fpHandTransform": {
    "rotation": {
      "x": 12,
      "y": -22,
      "z": 0
    },
    "origin": {
      "x": 0.5,
      "y": 0.3,
      "z": 0.5
    }
  }
}