﻿{
  "editor": {
    "allAngles": true,
    "singleTexture": false
  },
  "textureWidth": 16,
  "textureHeight": 16,
  "textures": {

  },
  "elements": [
    {
      "name": "origin",
      "from": [ 6.8, -0.5, 6.4 ],
      "to": [ 6.8, -0.5, 6.4 ],
      "rotationOrigin": [ 8.0, 0.0, 8.0 ],
      "faces": {
        "north": {
          "texture": "#native",
          "uv": [ 6.0, 6.0, 6.5, 6.5 ],
          "enabled": false
        },
        "east": {
          "texture": "#native",
          "uv": [ 8.0, 8.0, 8.5, 8.5 ],
          "enabled": false
        },
        "south": {
          "texture": "#native",
          "uv": [ 5.0, 8.0, 5.5, 8.5 ],
          "enabled": false
        },
        "west": {
          "texture": "#native",
          "uv": [ 7.0, 7.0, 7.5, 7.5 ],
          "enabled": false
        },
        "up": {
          "texture": "#native",
          "uv": [ 0.0, 12.0, 0.5, 12.5 ],
          "enabled": false
        },
        "down": {
          "texture": "#native",
          "uv": [ 5.0, 6.0, 5.5, 6.5 ],
          "enabled": false
        }
      },
      "children": [
        {
          "name": "Cube1",
          "from": [ 0.2, 0.5, 0.9 ],
          "to": [ 1.8, 1.3, 2.4 ],
          "rotationOrigin": [ 0.0, 0.0, 0.0 ],
          "rotationY": 11.0,
          "faces": {
            "north": {
              "texture": "#gem",
              "uv": [ 7.5, 7.5, 9.0, 8.0 ]
            },
            "east": {
              "texture": "#gem",
              "uv": [ 8.0, 9.0, 9.5, 9.5 ]
            },
            "south": {
              "texture": "#gem",
              "uv": [ 7.5, 7.5, 9.0, 8.0 ]
            },
            "west": {
              "texture": "#gem",
              "uv": [ 7.0, 10.0, 8.5, 10.5 ]
            },
            "up": {
              "texture": "#gem",
              "uv": [ 7.5, 10.0, 9.0, 11.5 ]
            },
            "down": {
              "texture": "#gem",
              "uv": [ 6.5, 7.0, 8.0, 8.5 ]
            }
          }
        },
        {
          "name": "Cube5",
          "from": [ 0.8, 0.8, 1.2 ],
          "to": [ 1.5, 2.3, 1.9 ],
          "rotationOrigin": [ 0.0, 0.0, 0.0 ],
          "rotationY": 19.0,
          "rotationZ": -8.0,
          "faces": {
            "north": {
              "texture": "#gem",
              "uv": [ 8.5, 6.5, 9.0, 8.0 ]
            },
            "east": {
              "texture": "#gem",
              "uv": [ 14.0, 11.0, 14.5, 12.5 ]
            },
            "south": {
              "texture": "#gem",
              "uv": [ 7.5, 8.0, 8.0, 9.5 ]
            },
            "west": {
              "texture": "#gem",
              "uv": [ 8.0, 6.0, 8.5, 7.5 ]
            },
            "up": {
              "texture": "#gem",
              "uv": [ 4.5, 6.5, 5.0, 7.0 ]
            },
            "down": {
              "texture": "#gem",
              "uv": [ 3.5, 6.5, 4.0, 7.0 ]
            }
          }
        },
        {
          "name": "Cube6",
          "from": [ 1.2, 1.5, 0.0 ],
          "to": [ 2.1, 2.5, 0.9 ],
          "rotationOrigin": [ 0.0, 0.0, 0.0 ],
          "rotationX": 8.0,
          "rotationY": -42.0,
          "rotationZ": -17.0,
          "faces": {
            "north": {
              "texture": "#gem",
              "uv": [ 8.5, 11.0, 9.0, 12.0 ]
            },
            "east": {
              "texture": "#gem",
              "uv": [ 7.5, 7.5, 8.0, 8.5 ]
            },
            "south": {
              "texture": "#gem",
              "uv": [ 7.0, 10.0, 7.5, 11.0 ]
            },
            "west": {
              "texture": "#gem",
              "uv": [ 9.5, 8.5, 10.0, 9.5 ]
            },
            "up": {
              "texture": "#gem",
              "uv": [ 7.0, 12.0, 7.5, 12.5 ]
            },
            "down": {
              "texture": "#gem",
              "uv": [ 8.5, 8.0, 9.0, 8.5 ]
            }
          }
        },
        {
          "name": "Cube7",
          "from": [ 0.8, 0.6, 0.1 ],
          "to": [ 1.8, 1.4, 1.0 ],
          "rotationOrigin": [ 0.0, -0.1, -0.1 ],
          "rotationY": -22.0,
          "rotationZ": 8.0,
          "faces": {
            "north": {
              "texture": "#gem",
              "uv": [ 4.0, 9.5, 5.0, 10.0 ]
            },
            "east": {
              "texture": "#gem",
              "uv": [ 8.0, 7.5, 8.5, 8.0 ]
            },
            "south": {
              "texture": "#gem",
              "uv": [ 10.0, 7.0, 11.0, 7.5 ]
            },
            "west": {
              "texture": "#gem",
              "uv": [ 8.0, 7.5, 8.5, 8.0 ]
            },
            "up": {
              "texture": "#gem",
              "uv": [ 7.5, 9.5, 8.5, 10.0 ]
            },
            "down": {
              "texture": "#gem",
              "uv": [ 7.0, 5.0, 8.0, 5.5 ]
            }
          }
        },
        {
          "name": "Cube8",
          "from": [ 0.8, 0.4, 0.8 ],
          "to": [ 1.8, 1.7, 1.8 ],
          "rotationOrigin": [ 0.0, 0.0, 0.0 ],
          "rotationY": -8.0,
          "rotationZ": 11.0,
          "faces": {
            "north": {
              "texture": "#gem",
              "uv": [ 7.0, 6.0, 8.0, 7.0 ]
            },
            "east": {
              "texture": "#gem",
              "uv": [ 8.5, 7.0, 9.5, 8.0 ]
            },
            "south": {
              "texture": "#gem",
              "uv": [ 7.5, 5.5, 8.5, 6.5 ]
            },
            "west": {
              "texture": "#gem",
              "uv": [ 7.0, 4.5, 8.0, 5.5 ]
            },
            "up": {
              "texture": "#gem",
              "uv": [ 4.0, 9.0, 5.0, 10.0 ]
            },
            "down": {
              "texture": "#gem",
              "uv": [ 7.0, 7.0, 8.0, 8.0 ]
            }
          }
        },
        {
          "name": "Cube9",
          "from": [ 0.8, 0.4, 0.9 ],
          "to": [ 1.6, 2.6, 1.6 ],
          "faces": {
            "north": {
              "texture": "#gem",
              "uv": [ 7.5, 5.0, 8.0, 7.0 ]
            },
            "east": {
              "texture": "#gem",
              "uv": [ 11.0, 4.5, 11.5, 6.5 ]
            },
            "south": {
              "texture": "#gem",
              "uv": [ 7.5, 7.0, 8.0, 9.0 ]
            },
            "west": {
              "texture": "#gem",
              "uv": [ 7.5, 4.0, 8.0, 6.0 ]
            },
            "up": {
              "texture": "#gem",
              "uv": [ 4.5, 6.0, 5.0, 6.5 ]
            },
            "down": {
              "texture": "#gem",
              "uv": [ 5.0, 5.0, 5.5, 5.5 ]
            }
          }
        }
      ]
    }
  ]
}