{
	"code": "twine",
	"behaviors": [ { "name": "GroundStorable", "properties": { "layout": "Quadrants", "collisionBox": { "x1": 0, "y1": 0, "z1": 0, "x2": 1, "y2": 0.1, "z2": 1 } } } ],
	"attributes": {
		"handbook": {
			"groupBy": [ "twine-*" ],
			"extraSectionsbyType": {
				"twine-wool-plain": [ { "title": "game:handbook-item-usage", "text": "wool:handbook-item-twine-plain" } ],
				"twine-wool-mordant": [ { "title": "game:handbook-item-usage", "text": "wool:handbook-item-twine-mordant" } ],
				"*": [ { "title": "game:handbook-item-usage", "text": "wool:handbook-item-twine" } ]
			}
		},
		"inContainerTextureByType": {
				"twine-wool-plain": { "base": "game:block/cloth/linen/normal1", "blendedOverlays": [ { "base": "game:item/resource/fibers", "blendMode": "Overlay" } ] },
				"@^twine-wool-dark.*": { "base": "wool:block/cloth/wool/{color}", "blendedOverlays": [ { "base": "game:item/resource/fibers", "blendMode": "Overlay" } ] },
				"*": { "base": "game:block/cloth/linen/{color}", "blendedOverlays": [ { "base": "game:item/resource/fibers", "blendMode": "Overlay" } ] }
		},
		"displaycaseable": true,
		"shelvable": true,
		"clothingRepairStrengthByType": {
			"twine-wool-plain": 0.08,
			"*": 0
		},
		"displaycaseable": true,
		"shelvable": true,
		"scrollrackable": true,
		"onDisplayTransform": {
			"rotation": { "x": 0, "y": -90, "z": 0 },
			"origin": { "x": 0.5, "y": 0, "z": 0.5 },
			"scale": 0.55
		},
		"groundStorageTransform": {
			"translation": { "x": -0.01, "y": -0.226, "z": 0 },
			"rotation": { "x": 0, "y": -40, "z": 0 },
			"scale": 0.55
		},
		"onscrollrackTransform": {
			"translation": { "x": -0.47, "y": -0.48, "z": 0.34 },
			"rotation": { "x": -45, "y": 0, "z": 0 },
			"origin": { "x": 0.5, "y": 0.5, "z": 0.5 },
			"scale": 0.55
		},
		"onShelfTransform": {
			"translation": { "x": 0, "y": -0.25, "z": 0 },
			"rotation": { "x": 0, "y": -40, "z": 0 },
			"scale": 0.5
		}
	},
	"variantgroups": [
		{ "code": "material", "states": [ "wool" ] },
		{ "code": "color", "states": [ "mordant", "plain", "black", "blue", "brown", "gray", "green", "orange", "pink", "purple", "red", "white", "yellow", "darkblue", "darkbrown", "darkgreen", "darkred" ] }
	],
	"creativeinventory": { "general": ["*"], "items": ["*"] },
	"shape": { "base": "game:item/resource/flaxtwine" },
	"texturesByType": {
		"twine-wool-plain": { "linen": { "base": "game:block/cloth/linen/normal1" }, "kapok": { "base": "game:block/wood/debarked/birch" } },
		"@^twine-wool-dark.*": { "linen": { "base": "wool:block/cloth/wool/{color}" }, "kapok": { "base": "game:block/wood/debarked/birch" } },
		"*": { "linen": { "base": "game:block/cloth/linen/{color}" }, "kapok": { "base": "game:block/wood/debarked/birch" } }
	},
	"maxstacksize": 32,
	"materialDensity": 210,
	"blockmaterial": "Cloth",
	"doNotRenderAtLod2": true,
	"combustibleProps": {
		"burnTemperature": 250,
		"burnDuration": 7
	},
	"guiTransform": {
		"rotation": { "x": 1, "y": 43, "z": -37 },
		"origin": { "x": 0.5, "y": 0.1, "z": 0.5 },
		"scaleXyz":{ "x": -2.41, "y": 2.41, "z": 2.41 }
	},
	"tpHandTransform": {
		"translation": { "x": -1, "y": -1, "z": -1.3 },
		"rotation": { "x": -93, "y": -3, "z": -5 },
		"scale": 0.51
	},
	"groundTransform": {
		"translation": { "x": 0, "y": 0, "z": 0 },
		"rotation": { "x": 0, "y": 0, "z": 0 },
		"origin": { "x": 0.3, "y": 0.0, "z": 0.5299 },
		"scale": 4
	}
}
