{
	"editor": {
		"collapsedPaths": "Root/food,Root/food/contents/contents4,Root/food/contents/contents2",
		"allAngles": true,
		"entityTextureMode": false
	},
	"textureWidth": 16,
	"textureHeight": 16,
	"textureSizes": {
		"raw-cabbage": [16,16]
	},
	"textures": {
	},
	"elements": [
		{
			"name": "origin",
			"from": [ -0.7, 0.2, 2.0 ],
			"to": [ -0.7, 0.2, 2.0 ],
			"rotationOrigin": [ 7.3, 0.2, 10.0 ],
			"faces": {
			},
			"children": [
				{
					"name": "cab1",
					"from": [ 2.8, 0.3, 4.7 ],
					"to": [ 5.8, 3.3, 7.7 ],
					"rotationOrigin": [ 4.3, 1.8, 6.2 ],
					"rotationX": 28.0,
					"rotationY": 45.0,
					"faces": {
						"north": { "texture": "#raw-cabbage", "uv": [ 11.5, 7.5, 14.5, 10.5 ] },
						"east": { "texture": "#raw-cabbage", "uv": [ 2.5, 3.5, 5.5, 6.5 ] },
						"south": { "texture": "#raw-cabbage", "uv": [ 0.5, 1.0, 3.5, 4.0 ] },
						"west": { "texture": "#raw-cabbage", "uv": [ 6.5, 3.5, 9.5, 6.5 ] },
						"up": { "texture": "#raw-cabbage", "uv": [ 9.5, 4.0, 12.5, 7.0 ] }
					}
				},
				{
					"name": "cab2",
					"from": [ 6.8, 0.4, 8.7 ],
					"to": [ 9.8, 2.4, 11.7 ],
					"rotationOrigin": [ 8.3, 1.9, 10.2 ],
					"rotationX": -33.0,
					"rotationY": -44.0,
					"faces": {
						"north": { "texture": "#raw-cabbage", "uv": [ 3.5, 5.0, 6.5, 7.0 ] },
						"east": { "texture": "#raw-cabbage", "uv": [ 4.0, 11.5, 7.0, 13.5 ] },
						"south": { "texture": "#raw-cabbage", "uv": [ 2.0, 13.5, 5.0, 15.5 ] },
						"west": { "texture": "#raw-cabbage", "uv": [ 8.5, 0.5, 11.5, 2.5 ] },
						"up": { "texture": "#raw-cabbage", "uv": [ 4.5, 3.0, 7.5, 6.0 ] }
					}
				},
				{
					"name": "cab3",
					"from": [ 6.5, 0.4, 3.7 ],
					"to": [ 9.5, 2.4, 6.7 ],
					"rotationOrigin": [ 8.0, 1.9, 5.2 ],
					"rotationX": 28.0,
					"rotationY": 61.0,
					"faces": {
						"north": { "texture": "#raw-cabbage", "uv": [ 7.0, 0.0, 10.0, 2.0 ] },
						"east": { "texture": "#raw-cabbage", "uv": [ 10.0, 10.5, 13.0, 12.5 ] },
						"south": { "texture": "#raw-cabbage", "uv": [ 3.5, 10.5, 6.5, 12.5 ] },
						"west": { "texture": "#raw-cabbage", "uv": [ 1.5, 4.5, 4.5, 6.5 ] },
						"up": { "texture": "#raw-cabbage", "uv": [ 8.5, 1.5, 11.5, 4.5 ] }
					}
				},
				{
					"name": "cab4",
					"from": [ 9.5, 1.1, 7.1 ],
					"to": [ 12.5, 3.1, 10.1 ],
					"rotationOrigin": [ 11.0, 2.6, 8.6 ],
					"rotationX": -6.0,
					"rotationY": 61.0,
					"faces": {
						"north": { "texture": "#raw-cabbage", "uv": [ 4.5, 13.0, 7.5, 15.0 ] },
						"east": { "texture": "#raw-cabbage", "uv": [ 10.5, 13.0, 13.5, 15.0 ] },
						"south": { "texture": "#raw-cabbage", "uv": [ 0.5, 3.5, 3.5, 5.5 ] },
						"west": { "texture": "#raw-cabbage", "uv": [ 9.5, 0.5, 12.5, 2.5 ] },
						"up": { "texture": "#raw-cabbage", "uv": [ 12.0, 7.5, 15.0, 10.5 ] }
					}
				},
				{
					"name": "cab5",
					"from": [ 3.5, 1.1, 8.1 ],
					"to": [ 6.5, 3.1, 11.1 ],
					"rotationOrigin": [ 5.0, 2.6, 9.6 ],
					"rotationX": -28.0,
					"rotationY": -50.0,
					"rotationZ": -50.0,
					"faces": {
						"north": { "texture": "#raw-cabbage", "uv": [ 0.5, 4.5, 3.5, 6.5 ] },
						"east": { "texture": "#raw-cabbage", "uv": [ 1.0, 11.0, 4.0, 13.0 ] },
						"south": { "texture": "#raw-cabbage", "uv": [ 3.0, 2.0, 6.0, 4.0 ] },
						"west": { "texture": "#raw-cabbage", "uv": [ 3.5, 9.5, 6.5, 11.5 ] },
						"up": { "texture": "#raw-cabbage", "uv": [ 2.5, 8.5, 5.5, 11.5 ] }
					}
				},
				{
					"name": "cab6",
					"from": [ 6.6, 0.9, 6.4 ],
					"to": [ 8.6, 2.9, 8.4 ],
					"rotationOrigin": [ 7.7, 2.4, 7.4 ],
					"rotationX": -28.0,
					"rotationZ": 47.0,
					"faces": {
						"north": { "texture": "#raw-cabbage", "uv": [ 5.0, 9.5, 7.0, 11.5 ] },
						"east": { "texture": "#raw-cabbage", "uv": [ 12.0, 7.0, 14.0, 9.0 ] },
						"south": { "texture": "#raw-cabbage", "uv": [ 5.5, 6.5, 7.5, 8.5 ] },
						"west": { "texture": "#raw-cabbage", "uv": [ 0.5, 7.0, 2.5, 9.0 ] },
						"up": { "texture": "#raw-cabbage", "uv": [ 13.0, 10.0, 15.0, 12.0 ] }
					}
				},
				{
					"name": "cab7",
					"from": [ 9.4, 0.9, 4.9 ],
					"to": [ 11.4, 2.9, 6.9 ],
					"rotationOrigin": [ 10.5, 2.4, 5.9 ],
					"rotationX": 152.0,
					"rotationY": 75.0,
					"rotationZ": -133.0,
					"faces": {
						"north": { "texture": "#raw-cabbage", "uv": [ 3.0, 7.5, 5.0, 9.5 ] },
						"east": { "texture": "#raw-cabbage", "uv": [ 3.5, 13.0, 5.5, 15.0 ] },
						"south": { "texture": "#raw-cabbage", "uv": [ 6.0, 9.0, 8.0, 11.0 ] },
						"west": { "texture": "#raw-cabbage", "uv": [ 12.5, 1.0, 14.5, 3.0 ] },
						"up": { "texture": "#raw-cabbage", "uv": [ 2.5, 11.5, 4.5, 13.5 ] }
					}
				},
				{
					"name": "origin2",
					"from": [ 1.4, 0.0, -3.8 ],
					"to": [ 1.4, 0.0, -3.8 ],
					"rotationOrigin": [ 9.4, 0.0, 4.2 ],
					"rotationX": -180.0,
					"rotationY": 0.0,
					"rotationZ": -180.0,
					"faces": {
					},
					"children": [
						{
							"name": "cab8",
							"from": [ 2.8, 0.3, 4.7 ],
							"to": [ 5.8, 3.3, 7.7 ],
							"rotationOrigin": [ 4.3, 1.8, 6.2 ],
							"rotationX": 28.0,
							"rotationY": 45.0,
							"faces": {
								"north": { "texture": "#raw-cabbage", "uv": [ 5.0, 1.5, 8.0, 4.5 ] },
								"east": { "texture": "#raw-cabbage", "uv": [ 0.0, 10.5, 3.0, 13.5 ] },
								"south": { "texture": "#raw-cabbage", "uv": [ 10.0, 9.5, 13.0, 12.5 ] },
								"west": { "texture": "#raw-cabbage", "uv": [ 6.5, 4.5, 9.5, 7.5 ] },
								"up": { "texture": "#raw-cabbage", "uv": [ 4.5, 8.5, 7.5, 11.5 ] }
							}
						},
						{
							"name": "cab9",
							"from": [ 7.4, 0.4, 8.7 ],
							"to": [ 10.4, 2.4, 11.7 ],
							"rotationOrigin": [ 8.9, 1.9, 10.2 ],
							"rotationX": -33.0,
							"rotationY": -44.0,
							"faces": {
								"north": { "texture": "#raw-cabbage", "uv": [ 10.0, 6.0, 13.0, 8.0 ] },
								"east": { "texture": "#raw-cabbage", "uv": [ 4.0, 10.5, 7.0, 12.5 ] },
								"south": { "texture": "#raw-cabbage", "uv": [ 10.0, 0.5, 13.0, 2.5 ] },
								"west": { "texture": "#raw-cabbage", "uv": [ 11.5, 5.5, 14.5, 7.5 ] },
								"up": { "texture": "#raw-cabbage", "uv": [ 3.0, 9.0, 6.0, 12.0 ] }
							}
						},
						{
							"name": "cab10",
							"from": [ 5.5, 0.4, 7.5 ],
							"to": [ 8.5, 2.4, 10.5 ],
							"rotationOrigin": [ 7.0, 1.9, 9.0 ],
							"rotationX": 28.0,
							"rotationY": 61.0,
							"faces": {
								"north": { "texture": "#raw-cabbage", "uv": [ 12.5, 8.5, 15.5, 10.5 ] },
								"east": { "texture": "#raw-cabbage", "uv": [ 5.0, 5.0, 8.0, 7.0 ] },
								"south": { "texture": "#raw-cabbage", "uv": [ 1.5, 12.5, 4.5, 14.5 ] },
								"west": { "texture": "#raw-cabbage", "uv": [ 5.0, 9.5, 8.0, 11.5 ] },
								"up": { "texture": "#raw-cabbage", "uv": [ 10.0, 4.0, 13.0, 7.0 ] }
							}
						},
						{
							"name": "cab11",
							"from": [ 11.4, 1.1, 8.5 ],
							"to": [ 14.4, 3.1, 11.5 ],
							"rotationOrigin": [ 12.9, 2.6, 10.0 ],
							"rotationX": -6.0,
							"rotationY": 61.0,
							"faces": {
								"north": { "texture": "#raw-cabbage", "uv": [ 7.5, 6.0, 10.5, 8.0 ] },
								"east": { "texture": "#raw-cabbage", "uv": [ 11.0, 8.0, 14.0, 10.0 ] },
								"south": { "texture": "#raw-cabbage", "uv": [ 5.0, 10.5, 8.0, 12.5 ] },
								"west": { "texture": "#raw-cabbage", "uv": [ 9.0, 7.5, 12.0, 9.5 ] },
								"up": { "texture": "#raw-cabbage", "uv": [ 1.0, 2.0, 4.0, 5.0 ] }
							}
						},
						{
							"name": "cab12",
							"from": [ 3.4, 1.1, 8.8 ],
							"to": [ 6.4, 3.1, 11.8 ],
							"rotationOrigin": [ 4.9, 2.6, 10.3 ],
							"rotationX": -28.0,
							"rotationY": -50.0,
							"rotationZ": -50.0,
							"faces": {
								"north": { "texture": "#raw-cabbage", "uv": [ 5.5, 12.0, 8.5, 14.0 ] },
								"east": { "texture": "#raw-cabbage", "uv": [ 5.5, 7.0, 8.5, 9.0 ] },
								"south": { "texture": "#raw-cabbage", "uv": [ 3.0, 11.5, 6.0, 13.5 ] },
								"west": { "texture": "#raw-cabbage", "uv": [ 10.0, 2.0, 13.0, 4.0 ] },
								"up": { "texture": "#raw-cabbage", "uv": [ 7.5, 5.0, 10.5, 8.0 ] }
							}
						},
						{
							"name": "cab13",
							"from": [ 2.8, 0.9, 1.0 ],
							"to": [ 4.8, 2.9, 3.0 ],
							"rotationOrigin": [ 3.9, 2.4, 2.0 ],
							"rotationX": -28.0,
							"rotationZ": 47.0,
							"faces": {
								"north": { "texture": "#raw-cabbage", "uv": [ 12.5, 12.5, 14.5, 14.5 ] },
								"east": { "texture": "#raw-cabbage", "uv": [ 1.5, 7.5, 3.5, 9.5 ] },
								"south": { "texture": "#raw-cabbage", "uv": [ 11.5, 1.5, 13.5, 3.5 ] },
								"west": { "texture": "#raw-cabbage", "uv": [ 8.0, 5.0, 10.0, 7.0 ] },
								"up": { "texture": "#raw-cabbage", "uv": [ 1.5, 5.5, 3.5, 7.5 ] }
							}
						},
						{
							"name": "cab14",
							"from": [ 10.6, 0.9, 7.1 ],
							"to": [ 12.6, 2.9, 9.1 ],
							"rotationOrigin": [ 11.7, 2.4, 8.1 ],
							"rotationX": 152.0,
							"rotationY": 75.0,
							"rotationZ": -133.0,
							"faces": {
								"north": { "texture": "#raw-cabbage", "uv": [ 5.5, 12.0, 7.5, 14.0 ] },
								"east": { "texture": "#raw-cabbage", "uv": [ 12.5, 6.5, 14.5, 8.5 ] },
								"south": { "texture": "#raw-cabbage", "uv": [ 1.0, 5.5, 3.0, 7.5 ] },
								"west": { "texture": "#raw-cabbage", "uv": [ 9.0, 11.5, 11.0, 13.5 ] },
								"up": { "texture": "#raw-cabbage", "uv": [ 10.0, 6.0, 12.0, 8.0 ] }
							}
						}
					]
				}
			]
		},
		{
			"name": "food",
			"from": [ 0.0, 0.0, 0.0 ],
			"to": [ 1.0, 1.0, 1.0 ],
			"faces": {
			},
			"children": [
				{
					"name": "contents",
					"from": [ 3.3, 1.0, 1.8 ],
					"to": [ 12.8, 2.0, 14.3 ],
					"rotationOrigin": [ 1.3, 1.0, -0.2 ],
					"faces": {
						"up": { "texture": "#raw-cabbage", "uv": [ 1.5, 0.0, 11.0, 12.5 ], "windMode": [-1,-1,-1,-1] }
					},
					"children": [
						{
							"name": "contents2",
							"from": [ 9.5, 0.0, 0.5 ],
							"to": [ 10.5, 1.0, 12.0 ],
							"rotationOrigin": [ 7.5, 0.0, -1.5 ],
							"faces": {
								"up": { "texture": "#raw-cabbage", "uv": [ 11.0, 0.5, 12.0, 12.0 ] }
							},
							"children": [
								{
									"name": "contents3",
									"from": [ 1.0, 0.0, 1.0 ],
									"to": [ 1.5, 1.0, 10.5 ],
									"rotationOrigin": [ -1.0, 0.0, -1.0 ],
									"faces": {
										"up": { "texture": "#raw-cabbage", "uv": [ 12.0, 1.5, 12.5, 11.0 ] }
									}
								}
							]
						},
						{
							"name": "contents4",
							"from": [ -1.0, 0.0, 0.5 ],
							"to": [ 0.0, 1.0, 12.0 ],
							"rotationOrigin": [ -3.0, 0.0, -1.5 ],
							"faces": {
								"up": { "texture": "#raw-cabbage", "uv": [ 0.5, 0.5, 1.5, 12.0 ] }
							},
							"children": [
								{
									"name": "contents5",
									"from": [ -0.5, 0.0, 1.0 ],
									"to": [ 0.0, 1.0, 10.5 ],
									"rotationOrigin": [ -2.5, 0.0, -1.0 ],
									"faces": {
										"up": { "texture": "#raw-cabbage", "uv": [ 0.0, 1.5, 0.5, 11.0 ] }
									}
								}
							]
						}
					]
				}
			]
		}
	]}