{
	"editor": {
		"collapsedPaths": "Root/origin,Root/food/contents,Root/origin2",
		"allAngles": true,
		"entityTextureMode": false
	},
	"textureWidth": 16,
	"textureHeight": 16,
	"textureSizes": {
		"raw-carrot": [16,16]
	},
	"textures": {
	},
	"elements": [
		{
			"name": "origin",
			"from": [ 0.0, 0.2, 0.0 ],
			"to": [ 0.0, 0.2, 0.0 ],
			"rotationOrigin": [ 8.0, 0.2, 8.0 ],
			"faces": {
			},
			"children": [
				{
					"name": "veg1",
					"from": [ 5.3, 1.7, 3.6 ],
					"to": [ 8.3, 2.7, 4.6 ],
					"rotationOrigin": [ 5.3, 1.7, 4.1 ],
					"rotationX": 47.0,
					"faces": {
						"north": { "texture": "#raw-carrot", "uv": [ 10.0, 2.5, 13.0, 3.5 ] },
						"east": { "texture": "#raw-carrot", "uv": [ 8.0, 8.0, 9.0, 9.0 ] },
						"west": { "texture": "#raw-carrot", "uv": [ 3.0, 2.5, 4.0, 3.5 ] },
						"up": { "texture": "#raw-carrot", "uv": [ 5.5, 1.5, 8.5, 2.5 ] }
					}
				},
				{
					"name": "veg2",
					"from": [ 9.6, 1.7, 3.7 ],
					"to": [ 12.6, 2.7, 4.7 ],
					"rotationOrigin": [ 9.6, 1.7, 4.2 ],
					"rotationY": -55.0,
					"rotationZ": -6.0,
					"faces": {
						"north": { "texture": "#raw-carrot", "uv": [ 11.0, 5.5, 14.0, 6.5 ] },
						"east": { "texture": "#raw-carrot", "uv": [ 13.5, 1.5, 14.5, 2.5 ] },
						"south": { "texture": "#raw-carrot", "uv": [ 3.0, 6.0, 6.0, 7.0 ] },
						"west": { "texture": "#raw-carrot", "uv": [ 11.0, 0.0, 12.0, 1.0 ] },
						"up": { "texture": "#raw-carrot", "uv": [ 5.0, 6.5, 8.0, 7.5 ] }
					}
				},
				{
					"name": "veg5",
					"from": [ 6.3, 1.7, 5.6 ],
					"to": [ 7.3, 2.7, 8.6 ],
					"rotationOrigin": [ 6.3, 1.7, 6.1 ],
					"rotationY": -55.0,
					"rotationZ": -36.0,
					"faces": {
						"north": { "texture": "#raw-carrot", "uv": [ 14.5, 10.5, 15.5, 11.5 ] },
						"south": { "texture": "#raw-carrot", "uv": [ 10.5, 4.5, 11.5, 5.5 ] },
						"west": { "texture": "#raw-carrot", "uv": [ 0.0, 6.0, 3.0, 7.0 ] },
						"up": { "texture": "#raw-carrot", "uv": [ 12.5, 8.0, 13.5, 11.0 ] }
					}
				},
				{
					"name": "veg3",
					"from": [ 12.8, 1.5, 2.4 ],
					"to": [ 13.8, 2.5, 5.4 ],
					"rotationOrigin": [ 12.8, 1.5, 2.9 ],
					"rotationX": 180.0,
					"rotationY": -61.0,
					"rotationZ": 144.0,
					"faces": {
						"north": { "texture": "#raw-carrot", "uv": [ 8.0, 1.0, 9.0, 2.0 ] },
						"south": { "texture": "#raw-carrot", "uv": [ 5.5, 9.0, 6.5, 10.0 ] },
						"west": { "texture": "#raw-carrot", "uv": [ 1.0, 10.0, 4.0, 11.0 ] },
						"up": { "texture": "#raw-carrot", "uv": [ 8.5, 3.0, 9.5, 6.0 ] }
					}
				},
				{
					"name": "veg4",
					"from": [ 11.8, 1.7, 7.6 ],
					"to": [ 14.8, 2.7, 8.6 ],
					"rotationOrigin": [ 11.8, 1.7, 8.1 ],
					"rotationX": -3.0,
					"rotationY": 61.0,
					"rotationZ": -14.0,
					"faces": {
						"north": { "texture": "#raw-carrot", "uv": [ 12.0, 3.5, 15.0, 4.5 ] },
						"south": { "texture": "#raw-carrot", "uv": [ 11.5, 4.5, 14.5, 5.5 ] },
						"west": { "texture": "#raw-carrot", "uv": [ 14.0, 4.5, 15.0, 5.5 ] },
						"up": { "texture": "#raw-carrot", "uv": [ 4.5, 12.5, 7.5, 13.5 ] }
					}
				},
				{
					"name": "veg6",
					"from": [ 7.4, 1.7, 8.2 ],
					"to": [ 10.4, 2.7, 9.2 ],
					"rotationOrigin": [ 7.4, 1.7, 8.7 ],
					"rotationY": 3.0,
					"rotationZ": -14.0,
					"faces": {
						"north": { "texture": "#raw-carrot", "uv": [ 7.0, 1.0, 10.0, 2.0 ] },
						"south": { "texture": "#raw-carrot", "uv": [ 12.5, 3.5, 15.5, 4.5 ] },
						"west": { "texture": "#raw-carrot", "uv": [ 13.0, 11.5, 14.0, 12.5 ] },
						"up": { "texture": "#raw-carrot", "uv": [ 12.0, 3.0, 15.0, 4.0 ] }
					}
				},
				{
					"name": "veg7",
					"from": [ 11.3, 1.7, 4.0 ],
					"to": [ 12.3, 2.7, 5.5 ],
					"rotationOrigin": [ 11.8, 1.7, 4.0 ],
					"rotationX": 30.0,
					"rotationZ": -6.0,
					"faces": {
						"north": { "texture": "#raw-carrot", "uv": [ 7.0, 14.0, 8.0, 15.0 ] },
						"east": { "texture": "#raw-carrot", "uv": [ 3.0, 11.5, 4.5, 12.5 ] },
						"west": { "texture": "#raw-carrot", "uv": [ 8.0, 2.0, 9.5, 3.0 ] },
						"up": { "texture": "#raw-carrot", "uv": [ 4.0, 14.0, 5.0, 15.5 ] }
					}
				},
				{
					"name": "veg8",
					"from": [ 7.3, 1.6, 2.0 ],
					"to": [ 8.3, 2.6, 3.5 ],
					"rotationOrigin": [ 7.8, 1.6, 2.0 ],
					"rotationX": 38.0,
					"rotationY": 50.0,
					"rotationZ": -6.0,
					"faces": {
						"north": { "texture": "#raw-carrot", "uv": [ 5.5, 7.5, 6.5, 8.5 ] },
						"east": { "texture": "#raw-carrot", "uv": [ 14.0, 8.5, 15.5, 9.5 ] },
						"west": { "texture": "#raw-carrot", "uv": [ 3.5, 3.5, 5.0, 4.5 ] },
						"up": { "texture": "#raw-carrot", "uv": [ 5.0, 3.5, 6.0, 5.0 ] }
					}
				},
				{
					"name": "veg9",
					"from": [ 8.3, 1.2, 6.0 ],
					"to": [ 9.8, 2.2, 7.0 ],
					"rotationOrigin": [ 8.8, 1.2, 6.5 ],
					"rotationX": -28.0,
					"rotationY": -53.0,
					"faces": {
						"north": { "texture": "#raw-carrot", "uv": [ 6.5, 12.0, 8.0, 13.0 ] },
						"east": { "texture": "#raw-carrot", "uv": [ 7.5, 2.5, 8.5, 3.5 ] },
						"south": { "texture": "#raw-carrot", "uv": [ 14.0, 14.0, 15.5, 15.0 ] },
						"up": { "texture": "#raw-carrot", "uv": [ 0.5, 11.5, 2.0, 12.5 ] }
					}
				},
				{
					"name": "veg10",
					"from": [ 12.6, 1.2, 8.0 ],
					"to": [ 14.1, 2.2, 9.0 ],
					"rotationOrigin": [ 13.1, 1.2, 8.5 ],
					"rotationX": -147.0,
					"rotationY": 58.0,
					"rotationZ": -180.0,
					"faces": {
						"north": { "texture": "#raw-carrot", "uv": [ 8.0, 3.5, 9.5, 4.5 ] },
						"east": { "texture": "#raw-carrot", "uv": [ 7.5, 8.5, 8.5, 9.5 ] },
						"south": { "texture": "#raw-carrot", "uv": [ 2.5, 10.5, 4.0, 11.5 ] },
						"up": { "texture": "#raw-carrot", "uv": [ 0.5, 14.5, 2.0, 15.5 ] }
					}
				},
				{
					"name": "veg11",
					"from": [ 5.3, 1.6, 2.0 ],
					"to": [ 6.3, 2.6, 3.5 ],
					"rotationOrigin": [ 5.8, 1.6, 2.0 ],
					"rotationX": 38.0,
					"rotationY": -47.0,
					"rotationZ": -6.0,
					"faces": {
						"north": { "texture": "#raw-carrot", "uv": [ 5.0, 9.5, 6.0, 10.5 ] },
						"west": { "texture": "#raw-carrot", "uv": [ 11.5, 4.0, 13.0, 5.0 ] },
						"up": { "texture": "#raw-carrot", "uv": [ 10.5, 13.0, 11.5, 14.5 ] }
					}
				},
				{
					"name": "veg12",
					"from": [ 13.8, 1.7, 11.3 ],
					"to": [ 16.8, 2.7, 12.3 ],
					"rotationOrigin": [ 13.8, 1.7, 11.8 ],
					"rotationX": 133.0,
					"rotationZ": 180.0,
					"faces": {
						"north": { "texture": "#raw-carrot", "uv": [ 7.0, 7.5, 10.0, 8.5 ] },
						"east": { "texture": "#raw-carrot", "uv": [ 3.5, 4.5, 4.5, 5.5 ] },
						"west": { "texture": "#raw-carrot", "uv": [ 0.5, 14.5, 1.5, 15.5 ] },
						"up": { "texture": "#raw-carrot", "uv": [ 6.5, 12.5, 9.5, 13.5 ] }
					}
				},
				{
					"name": "veg13",
					"from": [ 7.5, 1.7, 12.2 ],
					"to": [ 10.5, 2.7, 13.2 ],
					"rotationOrigin": [ 7.5, 1.7, 12.7 ],
					"rotationX": -180.0,
					"rotationY": 55.0,
					"rotationZ": 174.0,
					"faces": {
						"north": { "texture": "#raw-carrot", "uv": [ 6.5, 0.0, 9.5, 1.0 ] },
						"east": { "texture": "#raw-carrot", "uv": [ 8.5, 6.5, 9.5, 7.5 ] },
						"south": { "texture": "#raw-carrot", "uv": [ 2.5, 1.5, 5.5, 2.5 ] },
						"west": { "texture": "#raw-carrot", "uv": [ 0.0, 11.0, 1.0, 12.0 ] },
						"up": { "texture": "#raw-carrot", "uv": [ 5.0, 6.5, 8.0, 7.5 ] }
					}
				},
				{
					"name": "veg14",
					"from": [ 8.8, 1.7, 11.3 ],
					"to": [ 9.8, 2.7, 14.3 ],
					"rotationOrigin": [ 8.8, 1.7, 11.8 ],
					"rotationX": -180.0,
					"rotationY": 55.0,
					"rotationZ": 144.0,
					"faces": {
						"north": { "texture": "#raw-carrot", "uv": [ 1.5, 1.0, 2.5, 2.0 ] },
						"south": { "texture": "#raw-carrot", "uv": [ 5.5, 9.5, 6.5, 10.5 ] },
						"west": { "texture": "#raw-carrot", "uv": [ 5.5, 4.0, 8.5, 5.0 ] },
						"up": { "texture": "#raw-carrot", "uv": [ 12.0, 2.0, 13.0, 5.0 ] }
					}
				},
				{
					"name": "veg15",
					"from": [ 3.3, 1.5, 12.5 ],
					"to": [ 4.3, 2.5, 15.5 ],
					"rotationOrigin": [ 3.3, 1.5, 13.0 ],
					"rotationY": 61.0,
					"rotationZ": -36.0,
					"faces": {
						"north": { "texture": "#raw-carrot", "uv": [ 1.0, 9.5, 2.0, 10.5 ] },
						"south": { "texture": "#raw-carrot", "uv": [ 5.5, 8.0, 6.5, 9.0 ] },
						"west": { "texture": "#raw-carrot", "uv": [ 8.5, 12.0, 11.5, 13.0 ] },
						"up": { "texture": "#raw-carrot", "uv": [ 11.5, 12.0, 12.5, 15.0 ] }
					}
				},
				{
					"name": "veg16",
					"from": [ 4.3, 1.7, 7.3 ],
					"to": [ 7.3, 2.7, 8.3 ],
					"rotationOrigin": [ 4.3, 1.7, 7.8 ],
					"rotationX": -177.0,
					"rotationY": -61.0,
					"rotationZ": 166.0,
					"faces": {
						"north": { "texture": "#raw-carrot", "uv": [ 10.0, 11.0, 13.0, 12.0 ] },
						"south": { "texture": "#raw-carrot", "uv": [ 0.5, 2.5, 3.5, 3.5 ] },
						"west": { "texture": "#raw-carrot", "uv": [ 9.5, 9.0, 10.5, 10.0 ] },
						"up": { "texture": "#raw-carrot", "uv": [ 6.5, 12.5, 9.5, 13.5 ] }
					}
				},
				{
					"name": "veg17",
					"from": [ 5.1, 1.7, 4.3 ],
					"to": [ 8.1, 2.7, 5.3 ],
					"rotationOrigin": [ 5.1, 1.7, 4.8 ],
					"rotationX": -180.0,
					"rotationY": -3.0,
					"rotationZ": 166.0,
					"faces": {
						"north": { "texture": "#raw-carrot", "uv": [ 12.5, 11.0, 15.5, 12.0 ] },
						"south": { "texture": "#raw-carrot", "uv": [ 10.5, 0.0, 13.5, 1.0 ] },
						"west": { "texture": "#raw-carrot", "uv": [ 12.5, 14.0, 13.5, 15.0 ] },
						"up": { "texture": "#raw-carrot", "uv": [ 1.5, 5.0, 4.5, 6.0 ] }
					}
				},
				{
					"name": "veg18",
					"from": [ 3.8, 1.7, 11.9 ],
					"to": [ 4.8, 2.7, 13.4 ],
					"rotationOrigin": [ 4.3, 1.7, 11.9 ],
					"rotationX": 150.0,
					"rotationZ": 174.0,
					"faces": {
						"north": { "texture": "#raw-carrot", "uv": [ 8.0, 9.5, 9.0, 10.5 ] },
						"east": { "texture": "#raw-carrot", "uv": [ 11.5, 8.0, 13.0, 9.0 ] },
						"west": { "texture": "#raw-carrot", "uv": [ 12.0, 2.5, 13.5, 3.5 ] },
						"up": { "texture": "#raw-carrot", "uv": [ 9.0, 2.0, 10.0, 3.5 ] }
					}
				},
				{
					"name": "veg19",
					"from": [ 7.8, 1.6, 13.9 ],
					"to": [ 8.8, 2.6, 15.4 ],
					"rotationOrigin": [ 8.3, 1.6, 13.9 ],
					"rotationX": 142.0,
					"rotationY": -50.0,
					"rotationZ": 174.0,
					"faces": {
						"north": { "texture": "#raw-carrot", "uv": [ 0.5, 3.5, 1.5, 4.5 ] },
						"east": { "texture": "#raw-carrot", "uv": [ 2.0, 9.5, 3.5, 10.5 ] },
						"west": { "texture": "#raw-carrot", "uv": [ 4.0, 10.5, 5.5, 11.5 ] },
						"up": { "texture": "#raw-carrot", "uv": [ 4.5, 9.5, 5.5, 11.0 ] }
					}
				},
				{
					"name": "veg20",
					"from": [ 5.6, 1.2, 8.8 ],
					"to": [ 7.1, 2.2, 9.8 ],
					"rotationOrigin": [ 6.1, 1.2, 9.3 ],
					"rotationX": -152.0,
					"rotationY": 53.0,
					"rotationZ": -180.0,
					"faces": {
						"north": { "texture": "#raw-carrot", "uv": [ 9.0, 1.0, 10.5, 2.0 ] },
						"east": { "texture": "#raw-carrot", "uv": [ 10.0, 13.0, 11.0, 14.0 ] },
						"south": { "texture": "#raw-carrot", "uv": [ 10.0, 7.0, 11.5, 8.0 ] },
						"up": { "texture": "#raw-carrot", "uv": [ 12.5, 11.5, 14.0, 12.5 ] }
					}
				},
				{
					"name": "veg21",
					"from": [ 2.5, 1.2, 6.9 ],
					"to": [ 4.0, 2.2, 7.9 ],
					"rotationOrigin": [ 3.0, 1.2, 7.4 ],
					"rotationX": -33.0,
					"rotationY": -58.0,
					"faces": {
						"north": { "texture": "#raw-carrot", "uv": [ 14.0, 11.0, 15.5, 12.0 ] },
						"east": { "texture": "#raw-carrot", "uv": [ 7.5, 2.5, 8.5, 3.5 ] },
						"south": { "texture": "#raw-carrot", "uv": [ 0.5, 4.0, 2.0, 5.0 ] },
						"up": { "texture": "#raw-carrot", "uv": [ 2.0, 11.5, 3.5, 12.5 ] }
					}
				},
				{
					"name": "veg22",
					"from": [ 9.8, 1.6, 13.9 ],
					"to": [ 10.8, 2.6, 15.4 ],
					"rotationOrigin": [ 10.3, 1.6, 13.9 ],
					"rotationX": 142.0,
					"rotationY": 47.0,
					"rotationZ": 174.0,
					"faces": {
						"north": { "texture": "#raw-carrot", "uv": [ 12.5, 1.0, 13.5, 2.0 ] },
						"west": { "texture": "#raw-carrot", "uv": [ 8.0, 7.0, 9.5, 8.0 ] },
						"up": { "texture": "#raw-carrot", "uv": [ 6.5, 0.5, 7.5, 2.0 ] }
					}
				}
			]
		},
		{
			"name": "food",
			"from": [ 0.0, 0.0, 0.0 ],
			"to": [ 1.0, 1.0, 1.0 ],
			"faces": {
			},
			"children": [
				{
					"name": "contents",
					"from": [ 3.3, 1.0, 1.8 ],
					"to": [ 12.8, 2.0, 14.3 ],
					"rotationOrigin": [ 1.3, 1.0, -0.2 ],
					"faces": {
						"up": { "texture": "#raw-carrot", "uv": [ 1.5, 0.0, 11.0, 12.5 ], "windMode": [-1,-1,-1,-1] }
					},
					"children": [
						{
							"name": "contents2",
							"from": [ 9.5, 0.0, 0.5 ],
							"to": [ 10.5, 1.0, 12.0 ],
							"rotationOrigin": [ 7.5, 0.0, -1.5 ],
							"faces": {
								"up": { "texture": "#raw-carrot", "uv": [ 11.0, 0.5, 12.0, 12.0 ] }
							},
							"children": [
								{
									"name": "contents3",
									"from": [ 1.0, 0.0, 1.0 ],
									"to": [ 1.5, 1.0, 10.5 ],
									"rotationOrigin": [ -1.0, 0.0, -1.0 ],
									"faces": {
										"up": { "texture": "#raw-carrot", "uv": [ 12.0, 1.5, 12.5, 11.0 ] }
									}
								}
							]
						},
						{
							"name": "contents4",
							"from": [ -1.0, 0.0, 0.5 ],
							"to": [ 0.0, 1.0, 12.0 ],
							"rotationOrigin": [ -3.0, 0.0, -1.5 ],
							"faces": {
								"up": { "texture": "#raw-carrot", "uv": [ 0.5, 0.5, 1.5, 12.0 ] }
							},
							"children": [
								{
									"name": "contents5",
									"from": [ -0.5, 0.0, 1.0 ],
									"to": [ 0.0, 1.0, 10.5 ],
									"rotationOrigin": [ -2.5, 0.0, -1.0 ],
									"faces": {
										"up": { "texture": "#raw-carrot", "uv": [ 0.0, 1.5, 0.5, 11.0 ] }
									}
								}
							]
						}
					]
				}
			]
		},
		{
			"name": "origin2",
			"from": [ 0.0, 0.8, 0.0 ],
			"to": [ 0.0, 0.8, 0.0 ],
			"rotationOrigin": [ 8.0, 0.8, 8.0 ],
			"rotationY": 80.0,
			"faces": {
			},
			"children": [
				{
					"name": "veg23",
					"from": [ 5.3, 1.7, 3.6 ],
					"to": [ 8.3, 2.7, 4.6 ],
					"rotationOrigin": [ 5.3, 1.7, 4.1 ],
					"rotationX": 47.0,
					"faces": {
						"north": { "texture": "#raw-carrot", "uv": [ 11.0, 2.5, 14.0, 3.5 ] },
						"east": { "texture": "#raw-carrot", "uv": [ 10.0, 4.5, 11.0, 5.5 ], "windMode": [-1,-1,-1,-1] },
						"south": { "texture": "#raw-carrot", "uv": [ 2.0, 0.5, 5.0, 1.5 ], "windMode": [-1,-1,-1,-1] },
						"west": { "texture": "#raw-carrot", "uv": [ 12.0, 11.5, 13.0, 12.5 ], "windMode": [-1,-1,-1,-1] },
						"up": { "texture": "#raw-carrot", "uv": [ 6.0, 10.5, 9.0, 11.5 ], "windMode": [-1,-1,-1,-1] },
						"down": { "texture": "#raw-carrot", "uv": [ 7.5, 7.5, 10.5, 8.5 ], "windMode": [-1,-1,-1,-1] }
					}
				},
				{
					"name": "veg24",
					"from": [ 9.6, 1.7, 3.7 ],
					"to": [ 12.6, 2.7, 4.7 ],
					"rotationOrigin": [ 9.6, 1.7, 4.2 ],
					"rotationY": -55.0,
					"rotationZ": -6.0,
					"faces": {
						"north": { "texture": "#raw-carrot", "uv": [ 2.5, 13.5, 5.5, 14.5 ] },
						"east": { "texture": "#raw-carrot", "uv": [ 3.5, 10.0, 4.5, 11.0 ] },
						"south": { "texture": "#raw-carrot", "uv": [ 3.0, 11.0, 6.0, 12.0 ] },
						"west": { "texture": "#raw-carrot", "uv": [ 9.0, 6.5, 10.0, 7.5 ] },
						"up": { "texture": "#raw-carrot", "uv": [ 2.0, 12.5, 5.0, 13.5 ] },
						"down": { "texture": "#raw-carrot", "uv": [ 1.5, 12.0, 4.5, 13.0 ], "windMode": [-1,-1,-1,-1] }
					}
				},
				{
					"name": "veg25",
					"from": [ 6.3, 1.7, 5.6 ],
					"to": [ 7.3, 2.7, 8.6 ],
					"rotationOrigin": [ 6.3, 1.7, 6.1 ],
					"rotationY": -55.0,
					"rotationZ": -36.0,
					"faces": {
						"north": { "texture": "#raw-carrot", "uv": [ 7.0, 6.0, 8.0, 7.0 ] },
						"east": { "texture": "#raw-carrot", "uv": [ 7.0, 11.5, 10.0, 12.5 ], "windMode": [-1,-1,-1,-1] },
						"south": { "texture": "#raw-carrot", "uv": [ 0.5, 9.0, 1.5, 10.0 ], "windMode": [-1,-1,-1,-1] },
						"west": { "texture": "#raw-carrot", "uv": [ 3.5, 9.5, 6.5, 10.5 ], "windMode": [-1,-1,-1,-1] },
						"up": { "texture": "#raw-carrot", "uv": [ 12.0, 7.0, 13.0, 10.0 ] },
						"down": { "texture": "#raw-carrot", "uv": [ 2.0, 10.0, 3.0, 13.0 ], "windMode": [-1,-1,-1,-1] }
					}
				},
				{
					"name": "veg26",
					"from": [ 12.8, 1.5, 2.4 ],
					"to": [ 13.8, 2.5, 5.4 ],
					"rotationOrigin": [ 12.8, 1.5, 2.9 ],
					"rotationX": 180.0,
					"rotationY": -61.0,
					"rotationZ": 144.0,
					"faces": {
						"north": { "texture": "#raw-carrot", "uv": [ 10.0, 6.0, 11.0, 7.0 ] },
						"east": { "texture": "#raw-carrot", "uv": [ 11.0, 10.0, 14.0, 11.0 ], "windMode": [-1,-1,-1,-1] },
						"south": { "texture": "#raw-carrot", "uv": [ 2.5, 14.5, 3.5, 15.5 ] },
						"west": { "texture": "#raw-carrot", "uv": [ 7.5, 14.0, 10.5, 15.0 ] },
						"up": { "texture": "#raw-carrot", "uv": [ 1.0, 1.0, 2.0, 4.0 ] },
						"down": { "texture": "#raw-carrot", "uv": [ 0.5, 2.0, 1.5, 5.0 ], "windMode": [-1,-1,-1,-1] }
					}
				},
				{
					"name": "veg27",
					"from": [ 11.8, 1.7, 7.6 ],
					"to": [ 14.8, 2.7, 8.6 ],
					"rotationOrigin": [ 11.8, 1.7, 8.1 ],
					"rotationX": -3.0,
					"rotationY": 61.0,
					"rotationZ": -14.0,
					"faces": {
						"north": { "texture": "#raw-carrot", "uv": [ 8.5, 6.0, 11.5, 7.0 ], "windMode": [-1,-1,-1,-1] },
						"east": { "texture": "#raw-carrot", "uv": [ 3.0, 1.5, 4.0, 2.5 ], "windMode": [-1,-1,-1,-1] },
						"south": { "texture": "#raw-carrot", "uv": [ 9.5, 8.5, 12.5, 9.5 ], "windMode": [-1,-1,-1,-1] },
						"west": { "texture": "#raw-carrot", "uv": [ 5.5, 9.5, 6.5, 10.5 ], "windMode": [-1,-1,-1,-1] },
						"up": { "texture": "#raw-carrot", "uv": [ 4.0, 14.5, 7.0, 15.5 ], "windMode": [-1,-1,-1,-1] },
						"down": { "texture": "#raw-carrot", "uv": [ 2.0, 11.0, 5.0, 12.0 ], "windMode": [-1,-1,-1,-1] }
					}
				},
				{
					"name": "veg28",
					"from": [ 7.4, 1.7, 8.2 ],
					"to": [ 10.4, 2.7, 9.2 ],
					"rotationOrigin": [ 7.4, 1.7, 8.7 ],
					"rotationY": 3.0,
					"rotationZ": -14.0,
					"faces": {
						"north": { "texture": "#raw-carrot", "uv": [ 0.0, 4.0, 3.0, 5.0 ] },
						"east": { "texture": "#raw-carrot", "uv": [ 0.0, 11.5, 1.0, 12.5 ], "windMode": [-1,-1,-1,-1] },
						"south": { "texture": "#raw-carrot", "uv": [ 6.0, 6.5, 9.0, 7.5 ], "windMode": [-1,-1,-1,-1] },
						"west": { "texture": "#raw-carrot", "uv": [ 9.5, 0.5, 10.5, 1.5 ], "windMode": [-1,-1,-1,-1] },
						"up": { "texture": "#raw-carrot", "uv": [ 4.0, 9.0, 7.0, 10.0 ], "windMode": [-1,-1,-1,-1] },
						"down": { "texture": "#raw-carrot", "uv": [ 8.5, 8.0, 11.5, 9.0 ], "windMode": [-1,-1,-1,-1] }
					}
				},
				{
					"name": "veg29",
					"from": [ 11.3, 1.7, 4.0 ],
					"to": [ 12.3, 2.7, 5.5 ],
					"rotationOrigin": [ 11.8, 1.7, 4.0 ],
					"rotationX": 30.0,
					"rotationZ": -6.0,
					"faces": {
						"north": { "texture": "#raw-carrot", "uv": [ 4.5, 0.0, 5.5, 1.0 ] },
						"east": { "texture": "#raw-carrot", "uv": [ 14.0, 7.0, 15.5, 8.0 ], "windMode": [-1,-1,-1,-1] },
						"south": { "texture": "#raw-carrot", "uv": [ 2.0, 9.5, 3.0, 10.5 ], "windMode": [-1,-1,-1,-1] },
						"west": { "texture": "#raw-carrot", "uv": [ 11.0, 8.0, 12.5, 9.0 ], "windMode": [-1,-1,-1,-1] },
						"up": { "texture": "#raw-carrot", "uv": [ 0.5, 6.0, 1.5, 7.5 ], "windMode": [-1,-1,-1,-1] },
						"down": { "texture": "#raw-carrot", "uv": [ 6.0, 7.5, 7.0, 9.0 ], "windMode": [-1,-1,-1,-1] }
					}
				},
				{
					"name": "veg30",
					"from": [ 7.3, 1.6, 2.0 ],
					"to": [ 8.3, 2.6, 3.5 ],
					"rotationOrigin": [ 7.8, 1.6, 2.0 ],
					"rotationX": 38.0,
					"rotationY": 50.0,
					"rotationZ": -6.0,
					"faces": {
						"north": { "texture": "#raw-carrot", "uv": [ 9.0, 0.0, 10.0, 1.0 ] },
						"east": { "texture": "#raw-carrot", "uv": [ 10.0, 11.5, 11.5, 12.5 ], "windMode": [-1,-1,-1,-1] },
						"south": { "texture": "#raw-carrot", "uv": [ 2.5, 11.0, 3.5, 12.0 ], "windMode": [-1,-1,-1,-1] },
						"west": { "texture": "#raw-carrot", "uv": [ 13.0, 8.0, 14.5, 9.0 ] },
						"up": { "texture": "#raw-carrot", "uv": [ 14.5, 1.5, 15.5, 3.0 ] },
						"down": { "texture": "#raw-carrot", "uv": [ 0.5, 9.5, 1.5, 11.0 ], "windMode": [-1,-1,-1,-1] }
					}
				},
				{
					"name": "veg31",
					"from": [ 8.3, 1.2, 6.0 ],
					"to": [ 9.8, 2.2, 7.0 ],
					"rotationOrigin": [ 8.8, 1.2, 6.5 ],
					"rotationX": -28.0,
					"rotationY": -53.0,
					"faces": {
						"north": { "texture": "#raw-carrot", "uv": [ 4.0, 11.5, 5.5, 12.5 ] },
						"east": { "texture": "#raw-carrot", "uv": [ 8.5, 8.0, 9.5, 9.0 ], "windMode": [-1,-1,-1,-1] },
						"south": { "texture": "#raw-carrot", "uv": [ 7.5, 9.0, 9.0, 10.0 ], "windMode": [-1,-1,-1,-1] },
						"west": { "texture": "#raw-carrot", "uv": [ 9.0, 7.0, 10.0, 8.0 ], "windMode": [-1,-1,-1,-1] },
						"up": { "texture": "#raw-carrot", "uv": [ 1.0, 0.5, 2.5, 1.5 ] },
						"down": { "texture": "#raw-carrot", "uv": [ 0.0, 13.0, 1.5, 14.0 ], "windMode": [-1,-1,-1,-1] }
					}
				},
				{
					"name": "veg32",
					"from": [ 12.6, 1.2, 8.0 ],
					"to": [ 14.1, 2.2, 9.0 ],
					"rotationOrigin": [ 13.1, 1.2, 8.5 ],
					"rotationX": -147.0,
					"rotationY": 58.0,
					"rotationZ": -180.0,
					"faces": {
						"north": { "texture": "#raw-carrot", "uv": [ 5.0, 1.5, 6.5, 2.5 ] },
						"east": { "texture": "#raw-carrot", "uv": [ 12.0, 8.5, 13.0, 9.5 ], "windMode": [-1,-1,-1,-1] },
						"south": { "texture": "#raw-carrot", "uv": [ 0.0, 1.0, 1.5, 2.0 ], "windMode": [-1,-1,-1,-1] },
						"west": { "texture": "#raw-carrot", "uv": [ 2.5, 3.0, 3.5, 4.0 ], "windMode": [-1,-1,-1,-1] },
						"up": { "texture": "#raw-carrot", "uv": [ 8.0, 6.0, 9.5, 7.0 ] },
						"down": { "texture": "#raw-carrot", "uv": [ 4.0, 9.5, 5.5, 10.5 ], "windMode": [-1,-1,-1,-1] }
					}
				},
				{
					"name": "veg33",
					"from": [ 5.3, 1.6, 2.0 ],
					"to": [ 6.3, 2.6, 3.5 ],
					"rotationOrigin": [ 5.8, 1.6, 2.0 ],
					"rotationX": 38.0,
					"rotationY": -47.0,
					"rotationZ": -6.0,
					"faces": {
						"north": { "texture": "#raw-carrot", "uv": [ 3.5, 1.5, 4.5, 2.5 ] },
						"east": { "texture": "#raw-carrot", "uv": [ 6.5, 2.5, 8.0, 3.5 ], "windMode": [-1,-1,-1,-1] },
						"south": { "texture": "#raw-carrot", "uv": [ 5.5, 3.0, 6.5, 4.0 ], "windMode": [-1,-1,-1,-1] },
						"west": { "texture": "#raw-carrot", "uv": [ 1.0, 3.5, 2.5, 4.5 ] },
						"up": { "texture": "#raw-carrot", "uv": [ 5.0, 9.5, 6.0, 11.0 ] },
						"down": { "texture": "#raw-carrot", "uv": [ 8.5, 5.5, 9.5, 7.0 ], "windMode": [-1,-1,-1,-1] }
					}
				},
				{
					"name": "veg34",
					"from": [ 13.8, 1.7, 11.3 ],
					"to": [ 16.8, 2.7, 12.3 ],
					"rotationOrigin": [ 13.8, 1.7, 11.8 ],
					"rotationX": 133.0,
					"rotationZ": 180.0,
					"faces": {
						"north": { "texture": "#raw-carrot", "uv": [ 12.5, 5.0, 15.5, 6.0 ] },
						"east": { "texture": "#raw-carrot", "uv": [ 14.5, 7.5, 15.5, 8.5 ], "windMode": [-1,-1,-1,-1] },
						"south": { "texture": "#raw-carrot", "uv": [ 4.0, 4.0, 7.0, 5.0 ], "windMode": [-1,-1,-1,-1] },
						"west": { "texture": "#raw-carrot", "uv": [ 14.0, 4.5, 15.0, 5.5 ] },
						"up": { "texture": "#raw-carrot", "uv": [ 3.0, 1.5, 6.0, 2.5 ] },
						"down": { "texture": "#raw-carrot", "uv": [ 3.0, 7.0, 6.0, 8.0 ], "windMode": [-1,-1,-1,-1] }
					}
				},
				{
					"name": "veg35",
					"from": [ 7.5, 1.7, 12.2 ],
					"to": [ 10.5, 2.7, 13.2 ],
					"rotationOrigin": [ 7.5, 1.7, 12.7 ],
					"rotationX": -180.0,
					"rotationY": 55.0,
					"rotationZ": 174.0,
					"faces": {
						"north": { "texture": "#raw-carrot", "uv": [ 12.5, 9.0, 15.5, 10.0 ] },
						"east": { "texture": "#raw-carrot", "uv": [ 9.5, 9.0, 10.5, 10.0 ], "windMode": [-1,-1,-1,-1] },
						"south": { "texture": "#raw-carrot", "uv": [ 6.5, 3.0, 9.5, 4.0 ], "windMode": [-1,-1,-1,-1] },
						"west": { "texture": "#raw-carrot", "uv": [ 14.0, 5.5, 15.0, 6.5 ], "windMode": [-1,-1,-1,-1] },
						"up": { "texture": "#raw-carrot", "uv": [ 8.0, 0.0, 11.0, 1.0 ], "windMode": [-1,-1,-1,-1] },
						"down": { "texture": "#raw-carrot", "uv": [ 11.5, 11.5, 14.5, 12.5 ], "windMode": [-1,-1,-1,-1] }
					}
				},
				{
					"name": "veg36",
					"from": [ 8.8, 1.7, 11.3 ],
					"to": [ 9.8, 2.7, 14.3 ],
					"rotationOrigin": [ 8.8, 1.7, 11.8 ],
					"rotationX": -180.0,
					"rotationY": 55.0,
					"rotationZ": 144.0,
					"faces": {
						"north": { "texture": "#raw-carrot", "uv": [ 13.0, 14.5, 14.0, 15.5 ] },
						"east": { "texture": "#raw-carrot", "uv": [ 11.0, 4.0, 14.0, 5.0 ], "windMode": [-1,-1,-1,-1] },
						"south": { "texture": "#raw-carrot", "uv": [ 2.0, 3.5, 3.0, 4.5 ] },
						"west": { "texture": "#raw-carrot", "uv": [ 7.5, 2.5, 10.5, 3.5 ] },
						"up": { "texture": "#raw-carrot", "uv": [ 6.5, 3.5, 7.5, 6.5 ] },
						"down": { "texture": "#raw-carrot", "uv": [ 6.5, 12.0, 7.5, 15.0 ], "windMode": [-1,-1,-1,-1] }
					}
				},
				{
					"name": "veg37",
					"from": [ 3.3, 1.5, 12.5 ],
					"to": [ 4.3, 2.5, 15.5 ],
					"rotationOrigin": [ 3.3, 1.5, 13.0 ],
					"rotationY": 61.0,
					"rotationZ": -36.0,
					"faces": {
						"north": { "texture": "#raw-carrot", "uv": [ 2.0, 5.0, 3.0, 6.0 ] },
						"east": { "texture": "#raw-carrot", "uv": [ 6.5, 4.5, 9.5, 5.5 ], "windMode": [-1,-1,-1,-1] },
						"south": { "texture": "#raw-carrot", "uv": [ 1.5, 6.0, 2.5, 7.0 ] },
						"west": { "texture": "#raw-carrot", "uv": [ 11.5, 9.0, 14.5, 10.0 ] },
						"up": { "texture": "#raw-carrot", "uv": [ 7.0, 11.5, 8.0, 14.5 ] },
						"down": { "texture": "#raw-carrot", "uv": [ 1.5, 6.0, 2.5, 9.0 ], "windMode": [-1,-1,-1,-1] }
					}
				},
				{
					"name": "veg38",
					"from": [ 4.3, 1.7, 7.3 ],
					"to": [ 7.3, 2.7, 8.3 ],
					"rotationOrigin": [ 4.3, 1.7, 7.8 ],
					"rotationX": -177.0,
					"rotationY": -61.0,
					"rotationZ": 166.0,
					"faces": {
						"north": { "texture": "#raw-carrot", "uv": [ 0.0, 12.5, 3.0, 13.5 ] },
						"east": { "texture": "#raw-carrot", "uv": [ 6.5, 10.0, 7.5, 11.0 ], "windMode": [-1,-1,-1,-1] },
						"south": { "texture": "#raw-carrot", "uv": [ 10.5, 7.5, 13.5, 8.5 ], "windMode": [-1,-1,-1,-1] },
						"west": { "texture": "#raw-carrot", "uv": [ 7.5, 8.5, 8.5, 9.5 ] },
						"up": { "texture": "#raw-carrot", "uv": [ 7.0, 6.5, 10.0, 7.5 ] },
						"down": { "texture": "#raw-carrot", "uv": [ 1.5, 12.5, 4.5, 13.5 ], "windMode": [-1,-1,-1,-1] }
					}
				},
				{
					"name": "veg39",
					"from": [ 5.1, 1.7, 4.3 ],
					"to": [ 8.1, 2.7, 5.3 ],
					"rotationOrigin": [ 5.1, 1.7, 4.8 ],
					"rotationX": -180.0,
					"rotationY": -3.0,
					"rotationZ": 166.0,
					"faces": {
						"north": { "texture": "#raw-carrot", "uv": [ 8.0, 13.0, 11.0, 14.0 ] },
						"east": { "texture": "#raw-carrot", "uv": [ 5.0, 11.5, 6.0, 12.5 ], "windMode": [-1,-1,-1,-1] },
						"south": { "texture": "#raw-carrot", "uv": [ 7.0, 6.0, 10.0, 7.0 ] },
						"west": { "texture": "#raw-carrot", "uv": [ 1.0, 9.5, 2.0, 10.5 ] },
						"up": { "texture": "#raw-carrot", "uv": [ 8.5, 12.5, 11.5, 13.5 ] },
						"down": { "texture": "#raw-carrot", "uv": [ 12.5, 11.5, 15.5, 12.5 ], "windMode": [-1,-1,-1,-1] }
					}
				},
				{
					"name": "veg40",
					"from": [ 3.8, 1.7, 11.9 ],
					"to": [ 4.8, 2.7, 13.4 ],
					"rotationOrigin": [ 4.3, 1.7, 11.9 ],
					"rotationX": 150.0,
					"rotationZ": 174.0,
					"faces": {
						"north": { "texture": "#raw-carrot", "uv": [ 8.5, 12.0, 9.5, 13.0 ] },
						"east": { "texture": "#raw-carrot", "uv": [ 7.0, 3.5, 8.5, 4.5 ], "windMode": [-1,-1,-1,-1] },
						"south": { "texture": "#raw-carrot", "uv": [ 13.5, 1.5, 14.5, 2.5 ], "windMode": [-1,-1,-1,-1] },
						"west": { "texture": "#raw-carrot", "uv": [ 14.0, 6.0, 15.5, 7.0 ] },
						"up": { "texture": "#raw-carrot", "uv": [ 9.5, 7.0, 10.5, 8.5 ] },
						"down": { "texture": "#raw-carrot", "uv": [ 7.5, 2.5, 8.5, 4.0 ], "windMode": [-1,-1,-1,-1] }
					}
				},
				{
					"name": "veg41",
					"from": [ 7.8, 1.6, 13.9 ],
					"to": [ 8.8, 2.6, 15.4 ],
					"rotationOrigin": [ 8.3, 1.6, 13.9 ],
					"rotationX": 142.0,
					"rotationY": -50.0,
					"rotationZ": 174.0,
					"faces": {
						"north": { "texture": "#raw-carrot", "uv": [ 10.5, 13.5, 11.5, 14.5 ] },
						"east": { "texture": "#raw-carrot", "uv": [ 0.5, 9.5, 2.0, 10.5 ], "windMode": [-1,-1,-1,-1] },
						"south": { "texture": "#raw-carrot", "uv": [ 0.5, 7.5, 1.5, 8.5 ], "windMode": [-1,-1,-1,-1] },
						"west": { "texture": "#raw-carrot", "uv": [ 0.0, 11.0, 1.5, 12.0 ] },
						"up": { "texture": "#raw-carrot", "uv": [ 9.0, 10.0, 10.0, 11.5 ] },
						"down": { "texture": "#raw-carrot", "uv": [ 13.5, 14.0, 14.5, 15.5 ], "windMode": [-1,-1,-1,-1] }
					}
				},
				{
					"name": "veg42",
					"from": [ 5.6, 1.2, 8.8 ],
					"to": [ 7.1, 2.2, 9.8 ],
					"rotationOrigin": [ 6.1, 1.2, 9.3 ],
					"rotationX": -152.0,
					"rotationY": 53.0,
					"rotationZ": -180.0,
					"faces": {
						"north": { "texture": "#raw-carrot", "uv": [ 3.0, 13.5, 4.5, 14.5 ] },
						"east": { "texture": "#raw-carrot", "uv": [ 12.5, 13.5, 13.5, 14.5 ], "windMode": [-1,-1,-1,-1] },
						"south": { "texture": "#raw-carrot", "uv": [ 1.5, 8.0, 3.0, 9.0 ], "windMode": [-1,-1,-1,-1] },
						"west": { "texture": "#raw-carrot", "uv": [ 13.0, 13.0, 14.0, 14.0 ], "windMode": [-1,-1,-1,-1] },
						"up": { "texture": "#raw-carrot", "uv": [ 13.0, 6.0, 14.5, 7.0 ] },
						"down": { "texture": "#raw-carrot", "uv": [ 7.5, 3.5, 9.0, 4.5 ], "windMode": [-1,-1,-1,-1] }
					}
				},
				{
					"name": "veg43",
					"from": [ 2.5, 1.2, 6.9 ],
					"to": [ 4.0, 2.2, 7.9 ],
					"rotationOrigin": [ 3.0, 1.2, 7.4 ],
					"rotationX": -33.0,
					"rotationY": -58.0,
					"faces": {
						"north": { "texture": "#raw-carrot", "uv": [ 12.0, 3.0, 13.5, 4.0 ] },
						"east": { "texture": "#raw-carrot", "uv": [ 14.5, 9.5, 15.5, 10.5 ], "windMode": [-1,-1,-1,-1] },
						"south": { "texture": "#raw-carrot", "uv": [ 9.0, 3.0, 10.5, 4.0 ], "windMode": [-1,-1,-1,-1] },
						"west": { "texture": "#raw-carrot", "uv": [ 0.0, 6.0, 1.0, 7.0 ], "windMode": [-1,-1,-1,-1] },
						"up": { "texture": "#raw-carrot", "uv": [ 3.5, 7.5, 5.0, 8.5 ] },
						"down": { "texture": "#raw-carrot", "uv": [ 6.0, 8.5, 7.5, 9.5 ], "windMode": [-1,-1,-1,-1] }
					}
				},
				{
					"name": "veg44",
					"from": [ 9.8, 1.6, 13.9 ],
					"to": [ 10.8, 2.6, 15.4 ],
					"rotationOrigin": [ 10.3, 1.6, 13.9 ],
					"rotationX": 142.0,
					"rotationY": 47.0,
					"rotationZ": 174.0,
					"faces": {
						"north": { "texture": "#raw-carrot", "uv": [ 14.0, 10.5, 15.0, 11.5 ] },
						"east": { "texture": "#raw-carrot", "uv": [ 7.5, 1.0, 9.0, 2.0 ], "windMode": [-1,-1,-1,-1] },
						"south": { "texture": "#raw-carrot", "uv": [ 5.0, 0.0, 6.0, 1.0 ], "windMode": [-1,-1,-1,-1] },
						"west": { "texture": "#raw-carrot", "uv": [ 6.0, 3.0, 7.5, 4.0 ] },
						"up": { "texture": "#raw-carrot", "uv": [ 0.5, 14.0, 1.5, 15.5 ] },
						"down": { "texture": "#raw-carrot", "uv": [ 3.5, 3.0, 4.5, 4.5 ], "windMode": [-1,-1,-1,-1] }
					}
				}
			]
		}
	]}