{
	"editor": {
		"collapsedPaths": "Root/food,Root/origin3",
		"allAngles": true,
		"entityTextureMode": false
	},
	"textureWidth": 16,
	"textureHeight": 16,
	"textureSizes": {
		"raw-onion": [16,16]
	},
	"textures": {
	},
	"elements": [
		{
			"name": "origin",
			"from": [ 0.0, 0.2, 0.0 ],
			"to": [ 0.0, 0.2, 0.0 ],
			"rotationOrigin": [ 8.0, 0.2, 8.0 ],
			"faces": {
			},
			"children": [
				{
					"name": "veg1",
					"from": [ 3.2, 1.5, 2.4 ],
					"to": [ 5.2, 3.0, 4.4 ],
					"rotationOrigin": [ 4.2, 1.5, 3.4 ],
					"rotationY": -45.0,
					"rotationZ": -22.5,
					"faces": {
						"north": { "texture": "#raw-onion", "uv": [ 13.0, 10.5, 14.5, 12.5 ], "rotation": 90 },
						"east": { "texture": "#raw-onion", "uv": [ 2.0, 10.0, 3.5, 12.0 ], "rotation": 90 },
						"south": { "texture": "#raw-onion", "uv": [ 14.0, 10.5, 15.5, 12.5 ], "rotation": 90 },
						"west": { "texture": "#raw-onion", "uv": [ 13.0, 2.0, 14.5, 4.0 ], "rotation": 90 },
						"up": { "texture": "#raw-onion", "uv": [ 0.5, 4.0, 2.5, 6.0 ] }
					}
				},
				{
					"name": "veg2",
					"from": [ 8.8, 1.0, 7.7 ],
					"to": [ 10.8, 3.0, 9.7 ],
					"rotationOrigin": [ 9.8, 1.0, 8.7 ],
					"rotationY": 3.0,
					"rotationZ": 28.0,
					"faces": {
						"north": { "texture": "#raw-onion", "uv": [ 12.5, 10.5, 14.5, 12.5 ], "rotation": 90 },
						"east": { "texture": "#raw-onion", "uv": [ 3.5, 4.0, 5.5, 6.0 ], "rotation": 90 },
						"south": { "texture": "#raw-onion", "uv": [ 11.0, 11.5, 13.0, 13.5 ], "rotation": 90 },
						"west": { "texture": "#raw-onion", "uv": [ 10.0, 5.0, 12.0, 7.0 ], "rotation": 90 },
						"up": { "texture": "#raw-onion", "uv": [ 2.5, 6.0, 4.5, 8.0 ] }
					}
				},
				{
					"name": "veg3",
					"from": [ 7.8, 1.4, 2.2 ],
					"to": [ 9.8, 2.4, 4.2 ],
					"rotationOrigin": [ 8.8, 1.4, 3.2 ],
					"rotationY": 36.0,
					"rotationZ": 8.0,
					"faces": {
						"north": { "texture": "#raw-onion", "uv": [ 9.0, 12.0, 10.0, 14.0 ], "rotation": 90 },
						"east": { "texture": "#raw-onion", "uv": [ 7.0, 2.0, 8.0, 4.0 ], "rotation": 90 },
						"south": { "texture": "#raw-onion", "uv": [ 0.0, 10.5, 1.0, 12.5 ], "rotation": 90 },
						"west": { "texture": "#raw-onion", "uv": [ 4.0, 4.5, 5.0, 6.5 ], "rotation": 90 },
						"up": { "texture": "#raw-onion", "uv": [ 5.0, 8.0, 7.0, 10.0 ] }
					}
				},
				{
					"name": "veg5",
					"from": [ 6.2, 1.0, 4.7 ],
					"to": [ 8.2, 2.5, 6.7 ],
					"rotationOrigin": [ 7.2, 1.0, 5.7 ],
					"rotationY": 44.0,
					"faces": {
						"north": { "texture": "#raw-onion", "uv": [ 7.0, 8.5, 8.5, 10.5 ], "rotation": 90 },
						"east": { "texture": "#raw-onion", "uv": [ 9.5, 7.0, 11.0, 9.0 ], "rotation": 90 },
						"south": { "texture": "#raw-onion", "uv": [ 4.0, 10.0, 5.5, 12.0 ], "rotation": 90 },
						"west": { "texture": "#raw-onion", "uv": [ 8.0, 7.0, 9.5, 9.0 ], "rotation": 90 },
						"up": { "texture": "#raw-onion", "uv": [ 13.0, 5.5, 15.0, 7.5 ] }
					}
				},
				{
					"name": "veg6",
					"from": [ 2.7, 1.4, 5.7 ],
					"to": [ 4.7, 2.4, 7.7 ],
					"rotationOrigin": [ 3.7, 1.4, 6.7 ],
					"rotationX": 8.0,
					"rotationY": 11.0,
					"rotationZ": 8.0,
					"faces": {
						"north": { "texture": "#raw-onion", "uv": [ 8.5, 4.5, 9.5, 6.5 ], "rotation": 90 },
						"east": { "texture": "#raw-onion", "uv": [ 10.5, 4.5, 11.5, 6.5 ], "rotation": 90 },
						"south": { "texture": "#raw-onion", "uv": [ 12.0, 13.0, 13.0, 15.0 ], "rotation": 90 },
						"west": { "texture": "#raw-onion", "uv": [ 14.5, 13.0, 15.5, 15.0 ], "rotation": 90 },
						"up": { "texture": "#raw-onion", "uv": [ 11.5, 12.5, 13.5, 14.5 ] }
					}
				},
				{
					"name": "veg7",
					"from": [ 5.3, 1.4, 8.7 ],
					"to": [ 7.3, 2.4, 10.7 ],
					"rotationOrigin": [ 6.3, 1.4, 9.7 ],
					"rotationY": 78.0,
					"rotationZ": -42.0,
					"faces": {
						"north": { "texture": "#raw-onion", "uv": [ 7.5, 7.0, 8.5, 9.0 ], "rotation": 90 },
						"east": { "texture": "#raw-onion", "uv": [ 4.0, 4.0, 5.0, 6.0 ], "rotation": 90 },
						"south": { "texture": "#raw-onion", "uv": [ 12.5, 4.5, 13.5, 6.5 ], "rotation": 90 },
						"west": { "texture": "#raw-onion", "uv": [ 2.5, 7.0, 3.5, 9.0 ], "rotation": 90 },
						"up": { "texture": "#raw-onion", "uv": [ 13.5, 9.0, 15.5, 11.0 ] }
					}
				},
				{
					"name": "veg8",
					"from": [ 10.4, 1.2, 2.9 ],
					"to": [ 12.4, 2.7, 4.9 ],
					"rotationOrigin": [ 11.4, 1.2, 3.9 ],
					"rotationX": 12.0,
					"rotationY": 35.0,
					"rotationZ": 28.0,
					"faces": {
						"north": { "texture": "#raw-onion", "uv": [ 2.5, 4.5, 4.0, 6.5 ], "rotation": 90 },
						"east": { "texture": "#raw-onion", "uv": [ 6.0, 12.5, 7.5, 14.5 ], "rotation": 90 },
						"south": { "texture": "#raw-onion", "uv": [ 2.0, 7.0, 3.5, 9.0 ], "rotation": 90 },
						"west": { "texture": "#raw-onion", "uv": [ 1.5, 11.5, 3.0, 13.5 ], "rotation": 90 },
						"up": { "texture": "#raw-onion", "uv": [ 9.5, 2.5, 11.5, 4.5 ] }
					}
				},
				{
					"name": "origin2",
					"from": [ 0.0, 0.0, 0.0 ],
					"to": [ 0.0, 0.0, 0.0 ],
					"rotationOrigin": [ 8.0, 0.0, 8.0 ],
					"rotationX": -180.0,
					"rotationZ": 180.0,
					"faces": {
					},
					"children": [
						{
							"name": "veg4",
							"from": [ 3.2, 1.5, 2.4 ],
							"to": [ 5.2, 3.0, 4.4 ],
							"rotationOrigin": [ 4.2, 1.5, 3.4 ],
							"rotationY": -45.0,
							"rotationZ": -22.5,
							"faces": {
								"north": { "texture": "#raw-onion", "uv": [ 11.0, 7.0, 12.5, 9.0 ], "rotation": 90 },
								"east": { "texture": "#raw-onion", "uv": [ 6.5, 10.5, 8.0, 12.5 ], "rotation": 90 },
								"south": { "texture": "#raw-onion", "uv": [ 14.0, 1.0, 15.5, 3.0 ], "rotation": 90 },
								"west": { "texture": "#raw-onion", "uv": [ 2.5, 4.0, 4.0, 6.0 ], "rotation": 90 },
								"up": { "texture": "#raw-onion", "uv": [ 9.0, 11.5, 11.0, 13.5 ] }
							}
						},
						{
							"name": "veg9",
							"from": [ 2.8, 1.0, 8.3 ],
							"to": [ 4.8, 3.0, 10.3 ],
							"rotationOrigin": [ 3.8, 1.0, 9.3 ],
							"rotationY": 3.0,
							"rotationZ": 28.0,
							"faces": {
								"north": { "texture": "#raw-onion", "uv": [ 9.5, 11.0, 11.5, 13.0 ], "rotation": 90 },
								"east": { "texture": "#raw-onion", "uv": [ 8.5, 12.0, 10.5, 14.0 ], "rotation": 90 },
								"south": { "texture": "#raw-onion", "uv": [ 4.0, 3.0, 6.0, 5.0 ], "rotation": 90 },
								"west": { "texture": "#raw-onion", "uv": [ 11.5, 9.0, 13.5, 11.0 ], "rotation": 90 },
								"up": { "texture": "#raw-onion", "uv": [ 1.0, 12.5, 3.0, 14.5 ] }
							}
						},
						{
							"name": "veg10",
							"from": [ 6.8, 1.4, 2.1 ],
							"to": [ 8.8, 2.4, 4.1 ],
							"rotationOrigin": [ 7.8, 1.4, 3.1 ],
							"rotationY": 36.0,
							"rotationZ": 8.0,
							"faces": {
								"north": { "texture": "#raw-onion", "uv": [ 1.5, 9.5, 2.5, 11.5 ], "rotation": 90 },
								"east": { "texture": "#raw-onion", "uv": [ 8.0, 11.5, 9.0, 13.5 ], "rotation": 90 },
								"south": { "texture": "#raw-onion", "uv": [ 2.5, 2.5, 3.5, 4.5 ], "rotation": 90 },
								"west": { "texture": "#raw-onion", "uv": [ 2.0, 13.5, 3.0, 15.5 ], "rotation": 90 },
								"up": { "texture": "#raw-onion", "uv": [ 9.0, 6.0, 11.0, 8.0 ] }
							}
						},
						{
							"name": "veg11",
							"from": [ 10.1, 1.0, 2.7 ],
							"to": [ 12.1, 2.5, 4.7 ],
							"rotationOrigin": [ 11.1, 1.0, 3.7 ],
							"rotationY": 44.0,
							"faces": {
								"north": { "texture": "#raw-onion", "uv": [ 10.5, 13.5, 12.0, 15.5 ], "rotation": 90 },
								"east": { "texture": "#raw-onion", "uv": [ 2.0, 7.0, 3.5, 9.0 ], "rotation": 90 },
								"south": { "texture": "#raw-onion", "uv": [ 1.5, 3.5, 3.0, 5.5 ], "rotation": 90 },
								"west": { "texture": "#raw-onion", "uv": [ 1.5, 9.5, 3.0, 11.5 ], "rotation": 90 },
								"up": { "texture": "#raw-onion", "uv": [ 8.5, 11.5, 10.5, 13.5 ] }
							}
						},
						{
							"name": "veg12",
							"from": [ 2.7, 1.4, 5.7 ],
							"to": [ 4.7, 2.4, 7.7 ],
							"rotationOrigin": [ 3.7, 1.4, 6.7 ],
							"rotationX": 8.0,
							"rotationY": 11.0,
							"rotationZ": 8.0,
							"faces": {
								"north": { "texture": "#raw-onion", "uv": [ 0.5, 3.0, 1.5, 5.0 ], "rotation": 90 },
								"east": { "texture": "#raw-onion", "uv": [ 6.5, 3.5, 7.5, 5.5 ], "rotation": 90 },
								"south": { "texture": "#raw-onion", "uv": [ 6.5, 4.5, 7.5, 6.5 ], "rotation": 90 },
								"west": { "texture": "#raw-onion", "uv": [ 9.5, 10.5, 10.5, 12.5 ], "rotation": 90 },
								"up": { "texture": "#raw-onion", "uv": [ 13.0, 1.0, 15.0, 3.0 ] }
							}
						},
						{
							"name": "veg13",
							"from": [ 5.0, 1.4, 8.8 ],
							"to": [ 7.0, 2.4, 10.8 ],
							"rotationOrigin": [ 6.0, 1.4, 9.8 ],
							"rotationY": 78.0,
							"rotationZ": -42.0,
							"faces": {
								"north": { "texture": "#raw-onion", "uv": [ 3.5, 2.5, 4.5, 4.5 ], "rotation": 90 },
								"east": { "texture": "#raw-onion", "uv": [ 5.0, 0.0, 6.0, 2.0 ], "rotation": 90 },
								"south": { "texture": "#raw-onion", "uv": [ 1.5, 5.0, 2.5, 7.0 ], "rotation": 90 },
								"west": { "texture": "#raw-onion", "uv": [ 3.0, 12.5, 4.0, 14.5 ], "rotation": 90 },
								"up": { "texture": "#raw-onion", "uv": [ 5.5, 0.5, 7.5, 2.5 ] }
							}
						},
						{
							"name": "veg14",
							"from": [ 12.1, 1.2, 4.7 ],
							"to": [ 14.1, 2.7, 6.7 ],
							"rotationOrigin": [ 13.1, 1.2, 5.7 ],
							"rotationX": 12.0,
							"rotationY": 35.0,
							"rotationZ": 28.0,
							"faces": {
								"north": { "texture": "#raw-onion", "uv": [ 1.5, 7.0, 3.0, 9.0 ], "rotation": 90 },
								"east": { "texture": "#raw-onion", "uv": [ 3.0, 6.5, 4.5, 8.5 ], "rotation": 90 },
								"south": { "texture": "#raw-onion", "uv": [ 3.5, 1.5, 5.0, 3.5 ], "rotation": 90 },
								"west": { "texture": "#raw-onion", "uv": [ 12.0, 8.5, 13.5, 10.5 ], "rotation": 90 },
								"up": { "texture": "#raw-onion", "uv": [ 1.5, 1.5, 3.5, 3.5 ] }
							}
						}
					]
				}
			]
		},
		{
			"name": "food",
			"from": [ 0.0, 0.0, 0.0 ],
			"to": [ 1.0, 1.0, 1.0 ],
			"faces": {
			},
			"children": [
				{
					"name": "contents",
					"from": [ 3.3, 1.0, 1.8 ],
					"to": [ 12.8, 2.0, 14.3 ],
					"rotationOrigin": [ 1.3, 1.0, -0.2 ],
					"faces": {
						"up": { "texture": "#raw-onion", "uv": [ 1.5, 0.0, 11.0, 12.5 ], "windMode": [-1,-1,-1,-1] }
					},
					"children": [
						{
							"name": "contents2",
							"from": [ 9.5, 0.0, 0.5 ],
							"to": [ 10.5, 1.0, 12.0 ],
							"rotationOrigin": [ 7.5, 0.0, -1.5 ],
							"faces": {
								"up": { "texture": "#raw-onion", "uv": [ 11.0, 0.5, 12.0, 12.0 ] }
							},
							"children": [
								{
									"name": "contents3",
									"from": [ 1.0, 0.0, 1.0 ],
									"to": [ 1.5, 1.0, 10.5 ],
									"rotationOrigin": [ -1.0, 0.0, -1.0 ],
									"faces": {
										"up": { "texture": "#raw-onion", "uv": [ 12.0, 1.5, 12.5, 11.0 ] }
									}
								}
							]
						},
						{
							"name": "contents4",
							"from": [ -1.0, 0.0, 0.5 ],
							"to": [ 0.0, 1.0, 12.0 ],
							"rotationOrigin": [ -3.0, 0.0, -1.5 ],
							"faces": {
								"up": { "texture": "#raw-onion", "uv": [ 0.5, 0.5, 1.5, 12.0 ] }
							},
							"children": [
								{
									"name": "contents5",
									"from": [ -0.5, 0.0, 1.0 ],
									"to": [ 0.0, 1.0, 10.5 ],
									"rotationOrigin": [ -2.5, 0.0, -1.0 ],
									"faces": {
										"up": { "texture": "#raw-onion", "uv": [ 0.0, 1.5, 0.5, 11.0 ] }
									}
								}
							]
						}
					]
				}
			]
		},
		{
			"name": "origin3",
			"from": [ 0.0, 0.9, 0.0 ],
			"to": [ 0.0, 0.9, 0.0 ],
			"rotationOrigin": [ 8.0, 0.9, 8.0 ],
			"rotationY": -85.0,
			"faces": {
			},
			"children": [
				{
					"name": "veg15",
					"from": [ 3.1, 1.5, 1.6 ],
					"to": [ 5.1, 3.0, 3.6 ],
					"rotationOrigin": [ 4.1, 1.5, 2.6 ],
					"rotationY": -45.0,
					"rotationZ": -22.5,
					"faces": {
						"north": { "texture": "#raw-onion", "uv": [ 1.5, 10.0, 3.0, 12.0 ], "rotation": 90 },
						"east": { "texture": "#raw-onion", "uv": [ 5.5, 8.5, 7.0, 10.5 ], "rotation": 90 },
						"south": { "texture": "#raw-onion", "uv": [ 10.0, 3.5, 11.5, 5.5 ], "rotation": 90 },
						"west": { "texture": "#raw-onion", "uv": [ 14.0, 3.5, 15.5, 5.5 ], "rotation": 90 },
						"up": { "texture": "#raw-onion", "uv": [ 2.5, 0.5, 4.5, 2.5 ] },
						"down": { "texture": "#raw-onion", "uv": [ 6.0, 12.5, 8.0, 14.5 ], "windMode": [-1,-1,-1,-1] }
					}
				},
				{
					"name": "veg16",
					"from": [ 7.6, 1.0, 7.7 ],
					"to": [ 9.6, 3.0, 9.7 ],
					"rotationOrigin": [ 8.6, 1.0, 8.7 ],
					"rotationY": 3.0,
					"rotationZ": 28.0,
					"faces": {
						"north": { "texture": "#raw-onion", "uv": [ 2.0, 4.0, 4.0, 6.0 ], "rotation": 90 },
						"east": { "texture": "#raw-onion", "uv": [ 13.0, 9.0, 15.0, 11.0 ], "rotation": 90 },
						"south": { "texture": "#raw-onion", "uv": [ 4.5, 3.5, 6.5, 5.5 ], "rotation": 90 },
						"west": { "texture": "#raw-onion", "uv": [ 9.5, 6.5, 11.5, 8.5 ], "rotation": 90 },
						"up": { "texture": "#raw-onion", "uv": [ 6.5, 1.0, 8.5, 3.0 ] },
						"down": { "texture": "#raw-onion", "uv": [ 6.0, 0.0, 8.0, 2.0 ], "windMode": [-1,-1,-1,-1] }
					}
				},
				{
					"name": "veg17",
					"from": [ 7.8, 1.4, 2.2 ],
					"to": [ 9.8, 2.4, 4.2 ],
					"rotationOrigin": [ 8.8, 1.4, 3.2 ],
					"rotationY": 36.0,
					"rotationZ": 8.0,
					"faces": {
						"north": { "texture": "#raw-onion", "uv": [ 14.5, 4.5, 15.5, 6.5 ], "rotation": 90 },
						"east": { "texture": "#raw-onion", "uv": [ 0.5, 2.0, 1.5, 4.0 ], "rotation": 90 },
						"south": { "texture": "#raw-onion", "uv": [ 13.0, 4.5, 14.0, 6.5 ], "rotation": 90 },
						"west": { "texture": "#raw-onion", "uv": [ 8.0, 9.0, 9.0, 11.0 ], "rotation": 90 },
						"up": { "texture": "#raw-onion", "uv": [ 4.0, 12.5, 6.0, 14.5 ] },
						"down": { "texture": "#raw-onion", "uv": [ 5.5, 5.0, 7.5, 7.0 ], "windMode": [-1,-1,-1,-1] }
					}
				},
				{
					"name": "veg18",
					"from": [ 6.2, 1.0, 4.7 ],
					"to": [ 8.2, 2.5, 6.7 ],
					"rotationOrigin": [ 7.2, 1.0, 5.7 ],
					"rotationY": 44.0,
					"faces": {
						"north": { "texture": "#raw-onion", "uv": [ 7.5, 7.5, 9.0, 9.5 ], "rotation": 90 },
						"east": { "texture": "#raw-onion", "uv": [ 4.0, 4.5, 5.5, 6.5 ], "rotation": 90 },
						"south": { "texture": "#raw-onion", "uv": [ 10.0, 7.0, 11.5, 9.0 ], "rotation": 90 },
						"west": { "texture": "#raw-onion", "uv": [ 11.0, 6.0, 12.5, 8.0 ], "rotation": 90 },
						"up": { "texture": "#raw-onion", "uv": [ 8.0, 3.0, 10.0, 5.0 ] },
						"down": { "texture": "#raw-onion", "uv": [ 1.5, 9.0, 3.5, 11.0 ], "windMode": [-1,-1,-1,-1] }
					}
				},
				{
					"name": "veg19",
					"from": [ 4.3, 1.4, 5.9 ],
					"to": [ 6.3, 2.4, 7.9 ],
					"rotationOrigin": [ 5.3, 1.4, 6.9 ],
					"rotationX": 8.0,
					"rotationY": 11.0,
					"rotationZ": 8.0,
					"faces": {
						"north": { "texture": "#raw-onion", "uv": [ 2.0, 11.0, 3.0, 13.0 ], "rotation": 90 },
						"east": { "texture": "#raw-onion", "uv": [ 14.5, 12.0, 15.5, 14.0 ], "rotation": 90 },
						"south": { "texture": "#raw-onion", "uv": [ 9.5, 3.0, 10.5, 5.0 ], "rotation": 90 },
						"west": { "texture": "#raw-onion", "uv": [ 2.5, 3.0, 3.5, 5.0 ], "rotation": 90 },
						"up": { "texture": "#raw-onion", "uv": [ 13.5, 1.0, 15.5, 3.0 ] },
						"down": { "texture": "#raw-onion", "uv": [ 4.5, 5.0, 6.5, 7.0 ], "windMode": [-1,-1,-1,-1] }
					}
				},
				{
					"name": "veg20",
					"from": [ 5.7, 1.4, 9.7 ],
					"to": [ 7.7, 2.4, 11.7 ],
					"rotationOrigin": [ 6.7, 1.4, 10.7 ],
					"rotationY": 78.0,
					"rotationZ": -42.0,
					"faces": {
						"north": { "texture": "#raw-onion", "uv": [ 7.0, 8.0, 8.0, 10.0 ], "rotation": 90 },
						"east": { "texture": "#raw-onion", "uv": [ 3.0, 10.5, 4.0, 12.5 ], "rotation": 90 },
						"south": { "texture": "#raw-onion", "uv": [ 10.5, 9.5, 11.5, 11.5 ], "rotation": 90 },
						"west": { "texture": "#raw-onion", "uv": [ 1.5, 8.0, 2.5, 10.0 ], "rotation": 90 },
						"up": { "texture": "#raw-onion", "uv": [ 12.5, 4.0, 14.5, 6.0 ] },
						"down": { "texture": "#raw-onion", "uv": [ 0.0, 13.5, 2.0, 15.5 ], "windMode": [-1,-1,-1,-1] }
					}
				},
				{
					"name": "veg21",
					"from": [ 10.1, 1.2, 2.1 ],
					"to": [ 12.1, 2.7, 4.1 ],
					"rotationOrigin": [ 11.1, 1.2, 3.1 ],
					"rotationX": 12.0,
					"rotationY": 35.0,
					"rotationZ": 28.0,
					"faces": {
						"north": { "texture": "#raw-onion", "uv": [ 3.5, 13.5, 5.0, 15.5 ], "rotation": 90 },
						"east": { "texture": "#raw-onion", "uv": [ 0.5, 13.5, 2.0, 15.5 ], "rotation": 90 },
						"south": { "texture": "#raw-onion", "uv": [ 11.5, 6.0, 13.0, 8.0 ], "rotation": 90 },
						"west": { "texture": "#raw-onion", "uv": [ 3.0, 8.0, 4.5, 10.0 ], "rotation": 90 },
						"up": { "texture": "#raw-onion", "uv": [ 9.5, 0.5, 11.5, 2.5 ] },
						"down": { "texture": "#raw-onion", "uv": [ 3.5, 8.0, 5.5, 10.0 ], "windMode": [-1,-1,-1,-1] }
					}
				},
				{
					"name": "origin4",
					"from": [ 0.0, 0.0, 0.0 ],
					"to": [ 0.0, 0.0, 0.0 ],
					"rotationOrigin": [ 8.0, 0.0, 8.0 ],
					"rotationX": -180.0,
					"rotationZ": 180.0,
					"faces": {
					},
					"children": [
						{
							"name": "veg22",
							"from": [ 4.1, 1.5, 3.7 ],
							"to": [ 6.1, 3.0, 5.7 ],
							"rotationOrigin": [ 5.1, 1.5, 4.7 ],
							"rotationY": -45.0,
							"rotationZ": -22.5,
							"faces": {
								"north": { "texture": "#raw-onion", "uv": [ 6.5, 9.5, 8.0, 11.5 ], "rotation": 90 },
								"east": { "texture": "#raw-onion", "uv": [ 3.5, 13.5, 5.0, 15.5 ], "rotation": 90 },
								"south": { "texture": "#raw-onion", "uv": [ 5.0, 7.5, 6.5, 9.5 ], "rotation": 90 },
								"west": { "texture": "#raw-onion", "uv": [ 0.5, 5.5, 2.0, 7.5 ], "rotation": 90 },
								"up": { "texture": "#raw-onion", "uv": [ 10.0, 11.0, 12.0, 13.0 ] },
								"down": { "texture": "#raw-onion", "uv": [ 2.0, 8.0, 4.0, 10.0 ], "windMode": [-1,-1,-1,-1] }
							}
						},
						{
							"name": "veg23",
							"from": [ 2.8, 1.0, 8.3 ],
							"to": [ 4.8, 3.0, 10.3 ],
							"rotationOrigin": [ 3.8, 1.0, 9.3 ],
							"rotationY": 3.0,
							"rotationZ": 28.0,
							"faces": {
								"north": { "texture": "#raw-onion", "uv": [ 9.0, 6.0, 11.0, 8.0 ], "rotation": 90 },
								"east": { "texture": "#raw-onion", "uv": [ 4.5, 8.0, 6.5, 10.0 ], "rotation": 90 },
								"south": { "texture": "#raw-onion", "uv": [ 13.0, 9.0, 15.0, 11.0 ], "rotation": 90 },
								"west": { "texture": "#raw-onion", "uv": [ 3.0, 5.0, 5.0, 7.0 ], "rotation": 90 },
								"up": { "texture": "#raw-onion", "uv": [ 2.0, 6.5, 4.0, 8.5 ] },
								"down": { "texture": "#raw-onion", "uv": [ 0.5, 0.5, 2.5, 2.5 ], "windMode": [-1,-1,-1,-1] }
							}
						},
						{
							"name": "veg24",
							"from": [ 6.8, 1.4, 3.0 ],
							"to": [ 8.8, 2.4, 5.0 ],
							"rotationOrigin": [ 7.8, 1.4, 4.0 ],
							"rotationY": 36.0,
							"rotationZ": 8.0,
							"faces": {
								"north": { "texture": "#raw-onion", "uv": [ 9.5, 6.5, 10.5, 8.5 ], "rotation": 90 },
								"east": { "texture": "#raw-onion", "uv": [ 9.0, 13.5, 10.0, 15.5 ], "rotation": 90 },
								"south": { "texture": "#raw-onion", "uv": [ 5.0, 5.0, 6.0, 7.0 ], "rotation": 90 },
								"west": { "texture": "#raw-onion", "uv": [ 4.0, 6.5, 5.0, 8.5 ], "rotation": 90 },
								"up": { "texture": "#raw-onion", "uv": [ 9.0, 0.0, 11.0, 2.0 ] },
								"down": { "texture": "#raw-onion", "uv": [ 10.5, 10.5, 12.5, 12.5 ], "windMode": [-1,-1,-1,-1] }
							}
						},
						{
							"name": "veg25",
							"from": [ 9.8, 1.0, 2.7 ],
							"to": [ 11.8, 2.5, 4.7 ],
							"rotationOrigin": [ 10.8, 1.0, 3.7 ],
							"rotationY": 44.0,
							"faces": {
								"north": { "texture": "#raw-onion", "uv": [ 4.5, 8.5, 6.0, 10.5 ], "rotation": 90 },
								"east": { "texture": "#raw-onion", "uv": [ 11.5, 12.0, 13.0, 14.0 ], "rotation": 90 },
								"south": { "texture": "#raw-onion", "uv": [ 12.0, 6.0, 13.5, 8.0 ], "rotation": 90 },
								"west": { "texture": "#raw-onion", "uv": [ 9.0, 5.0, 10.5, 7.0 ], "rotation": 90 },
								"up": { "texture": "#raw-onion", "uv": [ 11.5, 9.0, 13.5, 11.0 ] },
								"down": { "texture": "#raw-onion", "uv": [ 13.5, 4.0, 15.5, 6.0 ], "windMode": [-1,-1,-1,-1] }
							}
						},
						{
							"name": "veg26",
							"from": [ 2.7, 1.4, 5.7 ],
							"to": [ 4.7, 2.4, 7.7 ],
							"rotationOrigin": [ 3.7, 1.4, 6.7 ],
							"rotationX": 8.0,
							"rotationY": 11.0,
							"rotationZ": 8.0,
							"faces": {
								"north": { "texture": "#raw-onion", "uv": [ 7.0, 3.5, 8.0, 5.5 ], "rotation": 90 },
								"east": { "texture": "#raw-onion", "uv": [ 4.0, 12.0, 5.0, 14.0 ], "rotation": 90 },
								"south": { "texture": "#raw-onion", "uv": [ 3.5, 7.0, 4.5, 9.0 ], "rotation": 90 },
								"west": { "texture": "#raw-onion", "uv": [ 1.5, 0.5, 2.5, 2.5 ], "rotation": 90 },
								"up": { "texture": "#raw-onion", "uv": [ 7.5, 9.0, 9.5, 11.0 ] },
								"down": { "texture": "#raw-onion", "uv": [ 9.5, 9.0, 11.5, 11.0 ], "windMode": [-1,-1,-1,-1] }
							}
						},
						{
							"name": "veg27",
							"from": [ 4.7, 1.4, 9.3 ],
							"to": [ 6.7, 2.4, 11.3 ],
							"rotationOrigin": [ 5.7, 1.4, 10.3 ],
							"rotationY": 78.0,
							"rotationZ": -42.0,
							"faces": {
								"north": { "texture": "#raw-onion", "uv": [ 11.0, 12.5, 12.0, 14.5 ], "rotation": 90 },
								"east": { "texture": "#raw-onion", "uv": [ 8.5, 5.0, 9.5, 7.0 ], "rotation": 90 },
								"south": { "texture": "#raw-onion", "uv": [ 6.0, 8.5, 7.0, 10.5 ], "rotation": 90 },
								"west": { "texture": "#raw-onion", "uv": [ 14.0, 13.0, 15.0, 15.0 ], "rotation": 90 },
								"up": { "texture": "#raw-onion", "uv": [ 0.0, 9.0, 2.0, 11.0 ] },
								"down": { "texture": "#raw-onion", "uv": [ 2.0, 13.5, 4.0, 15.5 ], "windMode": [-1,-1,-1,-1] }
							}
						},
						{
							"name": "veg28",
							"from": [ 11.8, 1.2, 5.3 ],
							"to": [ 13.8, 2.7, 7.3 ],
							"rotationOrigin": [ 12.8, 1.2, 6.3 ],
							"rotationX": 12.0,
							"rotationY": 35.0,
							"rotationZ": 28.0,
							"faces": {
								"north": { "texture": "#raw-onion", "uv": [ 1.5, 10.5, 3.0, 12.5 ], "rotation": 90 },
								"east": { "texture": "#raw-onion", "uv": [ 9.0, 2.5, 10.5, 4.5 ], "rotation": 90 },
								"south": { "texture": "#raw-onion", "uv": [ 1.0, 6.5, 2.5, 8.5 ], "rotation": 90 },
								"west": { "texture": "#raw-onion", "uv": [ 1.5, 1.0, 3.0, 3.0 ], "rotation": 90 },
								"up": { "texture": "#raw-onion", "uv": [ 5.5, 8.0, 7.5, 10.0 ] },
								"down": { "texture": "#raw-onion", "uv": [ 7.5, 10.0, 9.5, 12.0 ], "windMode": [-1,-1,-1,-1] }
							}
						}
					]
				}
			]
		}
	]}