[
	{
	"ingredientPattern": "BT,BW",
	"ingredients": {
		"B": { "type": "item", "code": "game:blastingpowder", "quantity": 4 },
		"T": { "type": "item", "code": "wool:twine-wool-plain" },
		"W": { "type": "block", "code": "wool:wool-plain" }
	},
	"recipeGroup": 2,
	"width": 2,
	"height": 2,
	"output": { "type": "block", "code": "primitivesurvival:rockblastingbomb", "quantity": 8 }
	},

	{
	"ingredientPattern": "BT,BW",
	"ingredients": {
		"B": { "type": "item", "code": "game:blastingpowder", "quantity": 4 },
		"T": { "type": "item", "code": "game:flaxtwine" },
		"W": { "type": "block", "code": "wool:wool-plain" }
	},
	"recipeGroup": 2,
	"width": 2,
	"height": 2,
	"output": { "type": "block", "code": "primitivesurvival:rockblastingbomb", "quantity": 8 }
	}
]
