[
	{
	"ingredientPattern": "BRB,KT_,BRB",
	"requiresTrait": "clothier",
	"ingredients": {
		"R": { "type": "item", "code": "wool:fibers-generic-redbrown", "quantity": 4 },
		"B": { "type": "item", "code": "wool:fibers-muskox-brown", "quantity": 8 },
		"T": { "type": "item", "code": "wool:twine-wool-black", "quantity": 2 },
		"K": { "type": "item", "code": "wool:kneedle-*", "isTool": true, "toolDurabilityCost": 2 }
	},
	"width": 3,
	"height": 3,
	"output": { "type": "item", "code": "game:hoovedwearables-blanket-wool" }
	}
]
