{
	"code": "hayfork",
	"damagedby": [ "blockbreaking" ],
	"class": "AOGHayfork",
	"variantgroups": [
		{
			"code": "material",
			"states": [
				"wooden",
				"copper",
				"tinbronze",
				"bismuthbronze",
				"blackbronze",
				"gold",
				"silver",
				"iron",
				"meteoriciron",
				"steel"
			]
		}
	],
	"attributes": {
		"handbook": {
			"groupBy": [ "hayfork-*" ]
		},
		"rackable": true,
		"toolrackTransform": {
			"rotation": {
				"y": 1,
				"z": -1
			},
			"translation": {
				"x": -0.47,
				"y": 0.6
			},
			"scale": 1.25
		},
		"groundStorageTransformByType": {
			"hayfork-wooden": {
				"translation": {
					"x": 0,
					"y": 0.55,
					"z": -0.135
				},
				"rotation": {
					"x": 13,
					"y": 88,
					"z": -87
				},
				"scale": 0.88
			},
			"*": {
				"translation": {
					"x": 0,
					"y": 0.65,
					"z": -0.16
				},
				"rotation": {
					"x": 13,
					"y": 88,
					"z": -87
				},
				"scale": 0.88
			}
		}
	},
	"behaviors": [
		{
			"name": "GroundStorable",
			"properties": {
				"layout": "WallHalves",
				"wallOffY": 2,
				"ctrlKey": true,
				"selectionBox": {
					"x1": 0,
					"y1": 0,
					"z1": 0,
					"x2": 1,
					"y2": 0.1,
					"z2": 1
				},
				"collisionBox": {
					"x1": 0,
					"y1": 0,
					"z1": 0,
					"x2": 0,
					"y2": 0,
					"z2": 0
				}
			}
		}
	],
	"shapeByType": {
		"hayfork-wooden": { "base": "item/tool/hayfork-wood" },
		"hayfork-*": { "base": "item/tool/hayfork-metal" }
	},
	"heldTpIdleAnimation": "shovelidle",
	"heldRightReadyAnimation": "shovelready",
	"heldTpHitAnimation": "shoveldig",
	"heldTpUseAnimation": "interactStaticLong",
	"texturesByType": {
		"*": {
			"material": { "base": "game:block/metal/ingot/{material}" }
		}
	},
	"attackpowerbytype": {
		"hayfork-wooden": 0.75,
		"hayfork-copper": 1.25,
		"hayfork-gold": 1.5,
		"hayfork-silver": 1.5,
		"hayfork-bismuthbronze": 1.5,
		"hayfork-tinbronze": 1.75,
		"hayfork-blackbronze": 2,
		"hayfork-iron": 2.25,
		"hayfork-meteoriciron": 2.35,
		"hayfork-steel": 2.5
	},
	"durabilitybytype": {
		"hayfork-wooden": 60,
		"hayfork-gold": 150,
		"hayfork-silver": 187,
		"hayfork-copper": 450,
		"hayfork-blackbronze": 900,
		"hayfork-bismuthbronze": 750,
		"hayfork-tinbronze": 600,
		"hayfork-iron": 1350,
		"hayfork-meteoriciron": 1800,
		"hayfork-steel": 3400
	},
	"creativeinventory": {
		"general": [ "*" ],
		"items": [ "*" ],
		"tools": [ "*" ],
		"artofgrowing": [ "*" ]
	},
	"fpHandTransform": {
		"translation": {
			"x": 0.046875,
			"y": -0.2,
			"z": 0
		},
		"rotation": {
			"x": -15,
			"y": 15,
			"z": 100
		},
		"scale": 2
	},
	"guiTransformByType": {
		"@shovel-(copper|tinbronze|bismuthbronze|blackbronze|gold|silver|iron|meteoriciron|steel)": {
			"translation": {
				"x": 0,
				"y": 0,
				"z": 0
			},
			"rotation": {
				"x": -113,
				"y": -147,
				"z": 139
			},
			"origin": {
				"x": 0.8,
				"y": 0.7,
				"z": 0.8
			}
		},
		"*": {
			"translation": {
				"x": 7,
				"y": 0,
				"z": 1
			},
			"rotation": {
				"x": -112,
				"y": -147,
				"z": 139
			},
			"origin": {
				"x": 0.9,
				"y": 0.7,
				"z": 0.7
			},
			"scale": 1.18
		}
	},
	"groundTransform": {
		"translation": {
			"x": 0,
			"y": 0,
			"z": 0
		},
		"rotation": {
			"x": 0,
			"y": 0,
			"z": 0
		},
		"origin": {
			"x": 0.5,
			"y": 0,
			"z": 0.5
		},
		"scale": 3.6
	},
	"tpHandTransform": {
		"translation": {
			"x": -1.69,
			"y": -0.29,
			"z": -0.6
		},
		"rotation": {
			"x": 0,
			"y": 0,
			"z": -10
		},
		"origin": {
			"x": 0.55,
			"y": 0.5,
			"z": 0.5
		},
		"scale": 0.8
	}
}