{
	"code": "ridge",
	"storageFlags": 257,
	"attributes": {
		"handbook": {
			"groupBy": [ "ridge-*" ],
			"extraSections": [
				{
					"title": "artofgrowing:item-handbooktitle-use",
					"text": "artofgrowing:item-handbooktext-ridge"
				}
			]
		},
		"rackable": true,
		"toolrackTransform": {
			"translation": {
				"x": 0,
				"y": 0.61,
				"z": 0
			},
			"rotation": {
				"x": 5,
				"y": 180,
				"z": -1
			},
			"scale": 1.25
		},
		"groundStorageTransform": {
			"translation": {
				"x": 0,
				"y": -0.06,
				"z": 0.015
			},
			"rotation": {
				"x": 26,
				"y": 88,
				"z": -87
			},
			"scale": 0.88
		}
	},
	"behaviors": [
		{
			"name": "GroundStorable",
			"properties": {
				"layout": "WallHalves",
				"wallOffY": 1,
				"sprintKey": true,
				"selectionBox": {
					"x1": 0,
					"y1": 0,
					"z1": 0,
					"x2": 1,
					"y2": 0.1,
					"z2": 1
				},
				"collisionBox": {
					"x1": 0,
					"y1": 0,
					"z1": 0,
					"x2": 0,
					"y2": 0,
					"z2": 0
				}
			}
		}
	],
	"variantgroups": [
		{
			"code": "material",
			"states": [ "wooden" ]
		},
		{
			"code": "wood",
			"states": [ "aged" ],
			"loadFromProperties": "block/wood"
		}
	],
	"shape": { "base": "item/tool/ridge-{material}" },
	"creativeinventory": {
		"general": [ "*" ],
		"items": [ "*" ],
		"tools": [ "*" ],
		"artofgrowing": [ "*" ]
	},
	"textures": {
		"oak": { "base": "game:block/wood/debarked/{wood}" }
	},
	"guiTransform": {
		"translation": {
			"x": 0,
			"y": 0,
			"z": 0
		},
		"rotation": {
			"x": -21,
			"y": 122,
			"z": -56
		},
		"origin": {
			"x": 0.66,
			"y": 0,
			"z": 0.46
		},
		"scale": 2.92
	},
	"fpHandTransform": {
		"translation": {
			"x": -0.1,
			"y": 0.2,
			"z": 0
		},
		"rotation": {
			"x": 90,
			"y": 99,
			"z": -42
		},
		"origin": {
			"x": 0.5,
			"y": 0,
			"z": 0.5
		},
		"scale": 2.15
	},
	"groundTransform": {
		"translation": {
			"x": 0,
			"y": 0,
			"z": 0
		},
		"rotation": {
			"x": 0,
			"y": 0,
			"z": 0
		},
		"origin": {
			"x": 0.5,
			"y": 0,
			"z": 0.5
		},
		"scale": 4.31
	},
	"tpHandTransform": {
		"translation": {
			"x": -0.7,
			"y": 0,
			"z": -0.7
		},
		"rotation": {
			"x": 20,
			"y": 40,
			"z": -60
		},
		"origin": {
			"x": 0.5,
			"y": 0,
			"z": 0.5
		},
		"scale": 0.76
	},
	"durabilitybytype": {
		"*": 300
	}
}