{
	"editor": {
		"allAngles": true,
		"entityTextureMode": false
	},
	"textureWidth": 16,
	"textureHeight": 16,
	"textureSizes": {
	},
	"textures": {
		"middle9": "game:block/plant/crop/cabbage/middle9",
		"cabbage": "game:block/plant/crop/cabbage/cabbage",
		"top": "game:block/plant/crop/cabbage/top",
		"bottom9": "game:block/plant/crop/cabbage/bottom9"
	},
	"elements": [
		{
			"name": "cabbage",
			"from": [ 6.5, 0.0, 6.5 ], 
			"to": [ 9.5, 2.0, 9.5 ], 
			"rotationOrigin": [ 8.0, 0.0, 8.0 ],
			"faces": {
				"north": { "texture": "#cabbage", "uv": [ 6.0, 3.0, 9.0, 5.0 ], "windMode": [0,0,0,0] },
				"east": { "texture": "#cabbage", "uv": [ 0.0, 3.0, 3.0, 5.0 ], "windMode": [0,0,0,0] },
				"south": { "texture": "#cabbage", "uv": [ 6.5, 11.0, 9.5, 13.0 ], "windMode": [0,0,0,0] },
				"west": { "texture": "#cabbage", "uv": [ 0.0, 11.0, 3.0, 13.0 ], "windMode": [0,0,0,0] },
				"up": { "texture": "#cabbage", "uv": [ 6.0, 2.0, 9.0, 5.0 ], "windMode": [0,0,0,0] },
				"down": { "texture": "#cabbage", "uv": [ 6.0, 2.0, 9.0, 5.0 ], "windMode": [0,0,0,0] }
			},
			"children": [
				{
					"name": "large S",
					"from": [ -5.5, 0.0, 3.0 ], 
					"to": [ 8.5, 7.0, 3.0 ], 
					"rotationOrigin": [ 1.5, 0.0, 3.0 ],
					"rotationX": 45.0,
					"faces": {
						"north": { "texture": "#middle9", "uv": [ 1.0, 1.0, 15.0, 8.0 ], "windMode": [0,7,7,0] },
						"east": { "texture": "#null", "uv": [ 0.0, 0.0, 0.5, 7.0 ], "enabled": false },
						"south": { "texture": "#middle9", "uv": [ 1.0, 1.0, 15.0, 8.0 ], "enabled": false },
						"west": { "texture": "#null", "uv": [ 0.0, 0.0, 0.5, 7.0 ], "enabled": false },
						"up": { "texture": "#null", "uv": [ 0.0, 0.0, 14.0, 0.5 ], "enabled": false },
						"down": { "texture": "#cabbage", "uv": [ 0.0, 0.0, 14.0, 0.5 ], "enabled": false }
					}
				},
				{
					"name": "large W",
					"from": [ 0.0, 0.0, -5.5 ], 
					"to": [ 0.0, 7.0, 8.5 ], 
					"rotationOrigin": [ 0.0, 0.0, 1.5 ],
					"rotationZ": 45.0,
					"faces": {
						"north": { "texture": "#cabbage", "uv": [ 0.0, 0.0, 0.5, 7.0 ], "enabled": false },
						"east": { "texture": "#middle9", "uv": [ 1.0, 1.0, 15.0, 8.0 ], "windMode": [0,7,7,0] },
						"south": { "texture": "#null", "uv": [ 0.0, 0.0, 0.5, 7.0 ], "enabled": false },
						"west": { "texture": "#middle9", "uv": [ 1.0, 1.0, 15.0, 8.0 ], "enabled": false },
						"up": { "texture": "#null", "uv": [ 0.0, 0.0, 0.5, 14.0 ], "enabled": false },
						"down": { "texture": "#cabbage", "uv": [ 0.0, 0.0, 0.5, 14.0 ], "enabled": false }
					}
				},
				{
					"name": "large N",
					"from": [ -5.5, 0.0, 0.0 ], 
					"to": [ 8.5, 7.0, 0.0 ], 
					"rotationOrigin": [ 1.5, 0.0, 0.0 ],
					"rotationX": -45.0,
					"faces": {
						"north": { "texture": "#middle9", "uv": [ 1.0, 1.0, 15.0, 8.0 ], "enabled": false },
						"east": { "texture": "#null", "uv": [ 0.0, 0.0, 0.5, 7.0 ], "enabled": false },
						"south": { "texture": "#middle9", "uv": [ 1.0, 1.0, 15.0, 8.0 ], "windMode": [0,0,7,7] },
						"west": { "texture": "#null", "uv": [ 0.0, 0.0, 0.5, 7.0 ], "enabled": false },
						"up": { "texture": "#null", "uv": [ 0.0, 0.0, 14.0, 0.5 ], "enabled": false },
						"down": { "texture": "#cabbage", "uv": [ 0.0, 0.0, 14.0, 0.5 ], "enabled": false }
					}
				},
				{
					"name": "large E",
					"from": [ 3.0, 0.0, -5.5 ], 
					"to": [ 3.0, 7.0, 8.5 ], 
					"rotationOrigin": [ 3.0, 0.0, 1.5 ],
					"rotationZ": -45.0,
					"faces": {
						"north": { "texture": "#cabbage", "uv": [ 0.0, 0.0, 0.5, 7.0 ], "enabled": false },
						"east": { "texture": "#middle9", "uv": [ 1.0, 1.0, 15.0, 8.0 ], "enabled": false },
						"south": { "texture": "#null", "uv": [ 0.0, 0.0, 0.5, 7.0 ], "enabled": false },
						"west": { "texture": "#middle9", "uv": [ 1.0, 1.0, 15.0, 8.0 ], "windMode": [0,0,7,7] },
						"up": { "texture": "#null", "uv": [ 0.0, 0.0, 0.5, 14.0 ], "enabled": false },
						"down": { "texture": "#cabbage", "uv": [ 0.0, 0.0, 0.5, 14.0 ], "enabled": false }
					}
				},
				{
					"name": "top",
					"from": [ 0.5, 2.0, 0.5 ], 
					"to": [ 2.5, 2.5, 2.5 ], 
					"faces": {
						"north": { "texture": "#cabbage", "uv": [ 0.0, 0.0, 2.0, 0.5 ], "windMode": [0,0,0,0] },
						"east": { "texture": "#cabbage", "uv": [ 0.0, 0.0, 2.0, 0.5 ], "windMode": [0,0,0,0] },
						"south": { "texture": "#cabbage", "uv": [ 0.0, 0.0, 2.0, 0.5 ], "windMode": [0,0,0,0] },
						"west": { "texture": "#cabbage", "uv": [ 0.0, 0.0, 2.0, 0.5 ], "windMode": [0,0,0,0] },
						"up": { "texture": "#top", "uv": [ 8.5, 7.5, 10.5, 9.5 ], "windMode": [0,0,0,0] },
						"down": { "texture": "#cabbage", "uv": [ 0.0, 0.0, 2.0, 2.0 ], "enabled": false }
					}
				},
				{
					"name": "medium 1",
					"from": [ -4.0, 0.5, 2.3 ], 
					"to": [ 10.0, 7.5, 2.3 ], 
					"rotationOrigin": [ 3.0, 0.5, 2.3 ],
					"rotationX": 32.0,
					"rotationY": 45.0,
					"rotationZ": -22.5,
					"faces": {
						"north": { "texture": "#middle9", "uv": [ 1.0, 9.0, 15.0, 16.0 ], "enabled": false },
						"east": { "texture": "#middle9", "uv": [ 0.0, 0.0, 0.5, 7.0 ], "enabled": false },
						"south": { "texture": "#middle9", "uv": [ 1.0, 9.0, 15.0, 16.0 ], "windMode": [0,0,7,7] },
						"west": { "texture": "#middle9", "uv": [ 0.0, 0.0, 0.5, 7.0 ], "enabled": false },
						"up": { "texture": "#middle9", "uv": [ 0.0, 0.0, 14.0, 0.5 ], "enabled": false },
						"down": { "texture": "#middle9", "uv": [ 0.0, 0.0, 14.0, 0.5 ], "enabled": false }
					}
				},
				{
					"name": "medium 2",
					"from": [ -6.4, 0.5, 0.0 ], 
					"to": [ 7.6, 7.5, 0.0 ], 
					"rotationOrigin": [ 0.6, 0.5, 0.0 ],
					"rotationX": -32.0,
					"rotationY": 45.0,
					"rotationZ": 22.5,
					"faces": {
						"north": { "texture": "#middle9", "uv": [ 1.0, 9.0, 15.0, 16.0 ], "enabled": false },
						"east": { "texture": "#middle9", "uv": [ 0.0, 0.0, 0.5, 7.0 ], "enabled": false },
						"south": { "texture": "#middle9", "uv": [ 1.0, 9.0, 15.0, 16.0 ], "windMode": [0,0,7,7] },
						"west": { "texture": "#middle9", "uv": [ 0.0, 0.0, 0.5, 7.0 ], "enabled": false },
						"up": { "texture": "#middle9", "uv": [ 0.0, 0.0, 14.0, 0.5 ], "enabled": false },
						"down": { "texture": "#middle9", "uv": [ 0.0, 0.0, 14.0, 0.5 ], "enabled": false }
					}
				},
				{
					"name": "medium 3",
					"from": [ -4.0, 0.5, 0.7 ], 
					"to": [ 10.0, 7.5, 0.7 ], 
					"rotationOrigin": [ 3.0, 0.5, 0.7 ],
					"rotationX": -32.0,
					"rotationY": -40.0,
					"rotationZ": -22.5,
					"faces": {
						"north": { "texture": "#middle9", "uv": [ 1.0, 9.0, 15.0, 16.0 ], "enabled": false, "autoUv": false },
						"east": { "texture": "#middle9", "uv": [ 0.0, 0.0, 0.5, 7.0 ], "enabled": false },
						"south": { "texture": "#middle9", "uv": [ 1.0, 9.0, 15.0, 16.0 ], "windMode": [0,0,7,7] },
						"west": { "texture": "#middle9", "uv": [ 0.0, 0.0, 0.5, 7.0 ], "enabled": false },
						"up": { "texture": "#middle9", "uv": [ 0.0, 0.0, 14.0, 0.5 ], "enabled": false },
						"down": { "texture": "#middle9", "uv": [ 0.0, 0.0, 14.0, 0.5 ], "enabled": false }
					}
				},
				{
					"name": "medium 4",
					"from": [ -6.2, 0.5, 3.0 ], 
					"to": [ 7.8, 7.5, 3.0 ], 
					"rotationOrigin": [ 0.8, 0.5, 3.0 ],
					"rotationX": 32.0,
					"rotationY": -40.0,
					"rotationZ": 23.5,
					"faces": {
						"north": { "texture": "#middle9", "uv": [ 1.0, 9.0, 15.0, 16.0 ], "enabled": false },
						"east": { "texture": "#middle9", "uv": [ 0.0, 0.0, 0.5, 7.0 ], "enabled": false },
						"south": { "texture": "#middle9", "uv": [ 1.0, 9.0, 15.0, 16.0 ], "windMode": [0,0,7,7] },
						"west": { "texture": "#middle9", "uv": [ 0.0, 0.0, 0.5, 7.0 ], "enabled": false },
						"up": { "texture": "#middle9", "uv": [ 0.0, 0.0, 14.0, 0.5 ], "enabled": false },
						"down": { "texture": "#middle9", "uv": [ 0.0, 0.0, 14.0, 0.5 ], "enabled": false }
					}
				},
				{
					"name": "small W",
					"from": [ 0.0, 2.0, 0.5 ], 
					"to": [ 0.0, 4.0, 2.5 ], 
					"rotationOrigin": [ 0.0, 2.0, 1.5 ],
					"rotationZ": -30.0,
					"faces": {
						"north": { "texture": "#middle9", "uv": [ 0.0, 0.0, 0.5, 2.0 ], "enabled": false, "windMode": [0,-1,-1,-1] },
						"east": { "texture": "#middle9", "uv": [ 7.0, 12.0, 9.0, 14.0 ], "windMode": [0,0,0,0] },
						"south": { "texture": "#null", "uv": [ 0.0, 0.0, 0.5, 2.0 ], "enabled": false },
						"west": { "texture": "#middle9", "uv": [ 7.0, 12.0, 9.0, 14.0 ], "enabled": false },
						"up": { "texture": "#null", "uv": [ 0.0, 0.0, 0.5, 2.0 ], "enabled": false },
						"down": { "texture": "#null", "uv": [ 0.0, 0.0, 0.5, 2.0 ], "enabled": false }
					}
				},
				{
					"name": "small E",
					"from": [ 3.0, 2.0, 0.5 ], 
					"to": [ 3.0, 4.0, 2.5 ], 
					"rotationOrigin": [ 3.0, 2.0, 1.5 ],
					"rotationZ": 30.0,
					"faces": {
						"north": { "texture": "#null", "uv": [ 0.0, 0.0, 0.5, 2.0 ], "enabled": false, "windMode": [0,-1,-1,-1] },
						"east": { "texture": "#middle9", "uv": [ 7.0, 12.0, 9.0, 14.0 ], "enabled": false },
						"south": { "texture": "#null", "uv": [ 0.0, 0.0, 0.5, 2.0 ], "enabled": false },
						"west": { "texture": "#middle9", "uv": [ 7.0, 12.0, 9.0, 14.0 ], "windMode": [0,0,0,0] },
						"up": { "texture": "#cabbage", "uv": [ 0.0, 0.0, 0.5, 2.0 ], "enabled": false },
						"down": { "texture": "#null", "uv": [ 0.0, 0.0, 0.5, 2.0 ], "enabled": false }
					}
				},
				{
					"name": "small N",
					"from": [ 0.5, 2.0, 0.0 ], 
					"to": [ 2.5, 4.0, 0.0 ], 
					"rotationOrigin": [ 1.5, 2.0, 0.0 ],
					"rotationX": 30.0,
					"faces": {
						"north": { "texture": "#middle9", "uv": [ 7.0, 12.0, 9.0, 14.0 ], "enabled": false },
						"east": { "texture": "#null", "uv": [ 0.0, 0.0, 0.5, 2.0 ], "enabled": false },
						"south": { "texture": "#middle9", "uv": [ 7.0, 12.0, 9.0, 14.0 ], "windMode": [0,0,0,0] },
						"west": { "texture": "#null", "uv": [ 0.0, 0.0, 0.5, 2.0 ], "enabled": false },
						"up": { "texture": "#null", "uv": [ 0.0, 0.0, 2.0, 0.5 ], "enabled": false },
						"down": { "texture": "#null", "uv": [ 0.0, 0.0, 2.0, 0.5 ], "enabled": false }
					}
				},
				{
					"name": "small S",
					"from": [ 0.5, 2.0, 3.0 ], 
					"to": [ 2.5, 4.0, 3.0 ], 
					"rotationOrigin": [ 1.5, 2.0, 3.0 ],
					"rotationX": -30.0,
					"faces": {
						"north": { "texture": "#middle9", "uv": [ 7.0, 12.0, 9.0, 14.0 ], "windMode": [0,0,0,0] },
						"east": { "texture": "#null", "uv": [ 0.0, 0.0, 0.5, 2.0 ], "enabled": false },
						"south": { "texture": "#middle9", "uv": [ 7.0, 12.0, 9.0, 14.0 ], "enabled": false },
						"west": { "texture": "#null", "uv": [ 0.0, 0.0, 0.5, 2.0 ], "enabled": false },
						"up": { "texture": "#null", "uv": [ 0.0, 0.0, 2.0, 0.5 ], "enabled": false },
						"down": { "texture": "#null", "uv": [ 0.0, 0.0, 2.0, 0.5 ], "enabled": false }
					}
				},
				{
					"name": "large S19",
					"from": [ -4.5, 0.0, 2.5 ], 
					"to": [ 9.5, 7.0, 2.5 ], 
					"rotationOrigin": [ 2.5, 0.0, 2.5 ],
					"rotationX": 80.0,
					"rotationY": 10.0,
					"rotationZ": -40.0,
					"faces": {
						"north": { "texture": "#bottom9", "uv": [ 1.0, 1.0, 15.0, 8.0 ], "windMode": [0,7,7,0] },
						"east": { "texture": "#null", "uv": [ 0.0, 0.0, 0.5, 7.0 ], "enabled": false },
						"south": { "texture": "#bottom9", "uv": [ 1.0, 1.0, 15.0, 8.0 ], "enabled": false },
						"west": { "texture": "#null", "uv": [ 0.0, 0.0, 0.5, 7.0 ], "enabled": false },
						"up": { "texture": "#null", "uv": [ 0.0, 0.0, 14.0, 0.5 ], "enabled": false },
						"down": { "texture": "#cabbage", "uv": [ 0.0, 0.0, 14.0, 0.5 ], "enabled": false }
					}
				},
				{
					"name": "large W20",
					"from": [ 0.5, 0.0, -4.5 ], 
					"to": [ 0.5, 7.0, 9.5 ], 
					"rotationOrigin": [ 0.5, 0.0, 2.5 ],
					"rotationY": 40.0,
					"rotationZ": 80.0,
					"faces": {
						"north": { "texture": "#cabbage", "uv": [ 0.0, 0.0, 0.5, 7.0 ], "enabled": false },
						"east": { "texture": "#bottom9", "uv": [ 1.0, 1.0, 15.0, 8.0 ], "windMode": [0,7,7,0] },
						"south": { "texture": "#null", "uv": [ 0.0, 0.0, 0.5, 7.0 ], "enabled": false },
						"west": { "texture": "#bottom9", "uv": [ 1.0, 1.0, 15.0, 8.0 ], "enabled": false },
						"up": { "texture": "#null", "uv": [ 0.0, 0.0, 0.5, 14.0 ], "enabled": false },
						"down": { "texture": "#cabbage", "uv": [ 0.0, 0.0, 0.5, 14.0 ], "enabled": false }
					}
				},
				{
					"name": "large N21",
					"from": [ -6.5, 0.0, 0.5 ], 
					"to": [ 7.5, 7.0, 0.5 ], 
					"rotationOrigin": [ 0.5, 0.0, 0.5 ],
					"rotationX": -80.0,
					"rotationY": 10.0,
					"rotationZ": 40.0,
					"faces": {
						"north": { "texture": "#bottom9", "uv": [ 1.0, 1.0, 15.0, 8.0 ], "enabled": false },
						"east": { "texture": "#null", "uv": [ 0.0, 0.0, 0.5, 7.0 ], "enabled": false },
						"south": { "texture": "#bottom9", "uv": [ 1.0, 1.0, 15.0, 8.0 ], "windMode": [0,0,7,7] },
						"west": { "texture": "#null", "uv": [ 0.0, 0.0, 0.5, 7.0 ], "enabled": false },
						"up": { "texture": "#null", "uv": [ 0.0, 0.0, 14.0, 0.5 ], "enabled": false },
						"down": { "texture": "#cabbage", "uv": [ 0.0, 0.0, 14.0, 0.5 ], "enabled": false }
					}
				},
				{
					"name": "large E22",
					"from": [ 2.5, 0.0, -6.5 ], 
					"to": [ 2.5, 7.0, 7.5 ], 
					"rotationOrigin": [ 2.5, 0.0, 0.5 ],
					"rotationY": 40.0,
					"rotationZ": -80.0,
					"faces": {
						"north": { "texture": "#cabbage", "uv": [ 0.0, 0.0, 0.5, 7.0 ], "enabled": false },
						"east": { "texture": "#bottom9", "uv": [ 1.0, 1.0, 15.0, 8.0 ], "enabled": false },
						"south": { "texture": "#null", "uv": [ 0.0, 0.0, 0.5, 7.0 ], "enabled": false },
						"west": { "texture": "#bottom9", "uv": [ 1.0, 1.0, 15.0, 8.0 ], "windMode": [0,0,7,7] },
						"up": { "texture": "#null", "uv": [ 0.0, 0.0, 0.5, 14.0 ], "enabled": false },
						"down": { "texture": "#cabbage", "uv": [ 0.0, 0.0, 0.5, 14.0 ], "enabled": false }
					}
				}
			]
		}
	]}