[
	{
	"ingredientPattern": "BLB,BCB,BBB",
	"ingredients": {
		"B": { "type": "item", "code": "game:plank-*" },
		"L": { "type": "block","code": "wool:wool-plain" },
		"C": { "type": "block", "code": "game:chest-east", "attributes": { "type": "normal-generic" } } },
	"recipeGroup": 2,
	"width": 3,
	"height": 3,
	"output": { "type": "block", "code": "bettercrates:bettercrate-wood-center-east" }
	},

	{
	"ingredientPattern": "BLB,BCB,BBB",
	"ingredients": {
		"B": { "type": "item", "code": "game:plank-*" },
		"L": { "type": "block","code": "wool:wool-plain" },
		"C": { "type": "block", "code": "game:labeledchest-east" } },
	"recipeGroup": 2,
	"width": 3,
	"height": 3,
	"output": { "type": "block", "code": "bettercrates:bettercrate-wood-center-east" }
	},

	{
	"ingredientPattern": "BLB,BCB,BLB",
	"ingredients": {
		"B": { "type": "item", "code": "game:plank-*" },
		"L": { "type": "block","code": "wool:wool-plain" },
		"C": { "type": "block", "code": "game:chest-east", "attributes": { "type": "normal-generic" } } },
	"recipeGroup": 2,
	"width": 3,
	"height": 3,
	"output": { "type": "block", "code": "bettercrates:bettercrate2sided-wood-center-east" }
	},

	{
	"ingredientPattern": "BLB,BCB,BLB",
	"ingredients": {
		"B": { "type": "item", "code": "game:plank-*" },
		"L": { "type": "block","code": "wool:wool-plain" },
		"C": { "type": "block", "code": "game:labeledchest-east" } },
	"recipeGroup": 2,
	"width": 3,
	"height": 3,
	"output": { "type": "block", "code": "bettercrates:bettercrate2sided-wood-center-east" }
	},

	{
	"ingredientPattern": "CL",
	"ingredients": {
		"L": { "type": "block", "code": "wool:wool-plain" },
		"C": { "type": "block", "code": "bettercrates:bettercrate-*-center-east", "name": "type" }
	},
	"recipeGroup": 3,
	"width": 2,
	"height": 1,
	"shapeless": true,
	"output": { "type": "block", "code": "bettercrates:bettercrate2sided-{type}-center-east" }
	}
]
