{
	"editor": {
		"allAngles": false,
		"entityTextureMode": false
	},
	"textureWidth": 16,
	"textureHeight": 16,
	"textureSizes": {
	},
	"textures": {
	},
	"elements": [
		{
			"name": "Base",
			"from": [ 3.0, 0.0, 4.0 ],
			"to": [ 12.0, 1.0, 13.0 ],
			"rotationOrigin": [ 3.0, 0.0, 4.0 ],
			"faces": {
				"up": {
					"texture": "#null",
					"uv": [ 0.0, 0.0, 9.0, 9.0 ]
				},
				"down": {
					"texture": "#null",
					"uv": [ 6.0, 0.0, 15.0, 9.0 ]
				}
			},
			"children": [
				{
					"name": "Side4",
					"from": [ 0.0, 0.0, 0.0 ],
					"to": [ 2.0, 5.0, 9.0 ],
					"faces": {
						"north": {
							"texture": "#null",
							"uv": [ 0.0, 0.0, 2.0, 5.0 ]
						},
						"east": {
							"texture": "#null",
							"uv": [ 0.0, 0.0, 9.0, 5.0 ]
						},
						"south": {
							"texture": "#null",
							"uv": [ 0.0, 0.0, 2.0, 5.0 ]
						},
						"west": {
							"texture": "#null",
							"uv": [ 0.0, 0.0, 9.0, 5.0 ]
						},
						"up": {
							"texture": "#null",
							"uv": [ 0.0, 0.0, 2.0, 9.0 ]
						},
						"down": {
							"texture": "#null",
							"uv": [ 0.0, 0.0, 2.0, 9.0 ]
						}
					}
				},
				{
					"name": "Side1",
					"from": [ 2.0, 0.0, 0.0 ],
					"to": [ 7.0, 5.0, 2.0 ],
					"rotationOrigin": [ 2.0, 0.0, 0.0 ],
					"faces": {
						"north": {
							"texture": "#null",
							"uv": [ 0.0, 0.0, 5.0, 5.0 ]
						},
						"east": {
							"texture": "#null",
							"uv": [ 0.0, 0.0, 2.0, 5.0 ]
						},
						"south": {
							"texture": "#null",
							"uv": [ 0.0, 0.0, 5.0, 5.0 ]
						},
						"west": {
							"texture": "#null",
							"uv": [ 0.0, 0.0, 2.0, 5.0 ]
						},
						"up": {
							"texture": "#null",
							"uv": [ 0.0, 0.0, 5.0, 2.0 ]
						},
						"down": {
							"texture": "#null",
							"uv": [ 0.0, 0.0, 5.0, 2.0 ]
						}
					}
				},
				{
					"name": "Side2",
					"from": [ 7.0, 0.0, 0.0 ],
					"to": [ 9.0, 5.0, 9.0 ],
					"rotationOrigin": [ 7.0, 0.0, 0.0 ],
					"faces": {
						"north": {
							"texture": "#null",
							"uv": [ 0.0, 0.0, 2.0, 5.0 ]
						},
						"east": {
							"texture": "#null",
							"uv": [ 0.0, 0.0, 9.0, 5.0 ]
						},
						"south": {
							"texture": "#null",
							"uv": [ 0.0, 0.0, 2.0, 5.0 ]
						},
						"west": {
							"texture": "#null",
							"uv": [ 0.0, 0.0, 9.0, 5.0 ]
						},
						"up": {
							"texture": "#null",
							"uv": [ 0.0, 0.0, 2.0, 9.0 ]
						},
						"down": {
							"texture": "#null",
							"uv": [ 0.0, 0.0, 2.0, 9.0 ]
						}
					}
				},
				{
					"name": "Side3",
					"from": [ 2.0, 0.0, 7.0 ],
					"to": [ 7.0, 5.0, 9.0 ],
					"rotationOrigin": [ 2.0, 0.0, 7.0 ],
					"faces": {
						"north": {
							"texture": "#null",
							"uv": [ 0.0, 0.0, 5.0, 5.0 ]
						},
						"east": {
							"texture": "#null",
							"uv": [ 0.0, 0.0, 2.0, 5.0 ]
						},
						"south": {
							"texture": "#null",
							"uv": [ 0.0, 0.0, 5.0, 5.0 ]
						},
						"west": {
							"texture": "#null",
							"uv": [ 0.0, 0.0, 2.0, 5.0 ]
						},
						"up": {
							"texture": "#null",
							"uv": [ 0.0, 0.0, 5.0, 2.0 ]
						},
						"down": {
							"texture": "#null",
							"uv": [ 0.0, 0.0, 5.0, 2.0 ]
						}
					}
				},
				{
					"name": "Cube6",
					"from": [ 2.0, 1.0, 6.0 ],
					"to": [ 4.0, 4.0, 7.0 ],
					"rotationOrigin": [ 2.0, 1.0, 7.0 ],
					"faces": {
						"north": {
							"texture": "#null",
							"uv": [ 0.0, 0.0, 2.0, 3.0 ]
						},
						"east": {
							"texture": "#null",
							"uv": [ 0.0, 0.0, 1.0, 3.0 ]
						},
						"south": {
							"texture": "#null",
							"uv": [ 0.0, 0.0, 2.0, 3.0 ]
						},
						"west": {
							"texture": "#null",
							"uv": [ 0.0, 0.0, 1.0, 3.0 ]
						},
						"up": {
							"texture": "#null",
							"uv": [ 0.0, 0.0, 2.0, 1.0 ]
						},
						"down": {
							"texture": "#null",
							"uv": [ 0.0, 0.0, 2.0, 1.0 ]
						}
					},
					"children": [
						{
							"name": "Cube7",
							"from": [ 0.0, 0.0, -1.0 ],
							"to": [ 1.0, 3.0, 0.0 ],
							"rotationOrigin": [ 0.0, 0.0, -1.0 ],
							"faces": {
								"north": {
									"texture": "#null",
									"uv": [ 0.0, 0.0, 1.0, 3.0 ]
								},
								"east": {
									"texture": "#null",
									"uv": [ 0.0, 0.0, 1.0, 3.0 ]
								},
								"south": {
									"texture": "#null",
									"uv": [ 0.0, 0.0, 1.0, 3.0 ]
								},
								"west": {
									"texture": "#null",
									"uv": [ 0.0, 0.0, 1.0, 3.0 ]
								},
								"up": {
									"texture": "#null",
									"uv": [ 0.0, 0.0, 1.0, 1.0 ]
								},
								"down": {
									"texture": "#null",
									"uv": [ 0.0, 0.0, 1.0, 1.0 ]
								}
							}
						},
						{
							"name": "Cube17",
							"from": [ 0.0, 3.0, 0.0 ],
							"to": [ 1.0, 4.0, 1.0 ],
							"rotationOrigin": [ 0.0, 3.0, 0.0 ],
							"faces": {
								"north": {
									"texture": "#null",
									"uv": [ 0.0, 0.0, 1.0, 1.0 ]
								},
								"east": {
									"texture": "#null",
									"uv": [ 0.0, 0.0, 1.0, 1.0 ]
								},
								"south": {
									"texture": "#null",
									"uv": [ 0.0, 0.0, 1.0, 1.0 ]
								},
								"west": {
									"texture": "#null",
									"uv": [ 0.0, 0.0, 1.0, 1.0 ]
								},
								"up": {
									"texture": "#null",
									"uv": [ 0.0, 0.0, 1.0, 1.0 ]
								},
								"down": {
									"texture": "#null",
									"uv": [ 0.0, 0.0, 1.0, 1.0 ]
								}
							}
						}
					]
				},
				{
					"name": "Cube8",
					"from": [ 7.0, 1.0, 6.0 ],
					"to": [ 9.0, 4.0, 7.0 ],
					"rotationOrigin": [ 7.0, 1.0, 7.0 ],
					"rotationY": 90.0,
					"faces": {
						"north": {
							"texture": "#null",
							"uv": [ 0.0, 0.0, 2.0, 3.0 ]
						},
						"east": {
							"texture": "#null",
							"uv": [ 0.0, 0.0, 1.0, 3.0 ]
						},
						"south": {
							"texture": "#null",
							"uv": [ 0.0, 0.0, 2.0, 3.0 ]
						},
						"west": {
							"texture": "#null",
							"uv": [ 0.0, 0.0, 1.0, 3.0 ]
						},
						"up": {
							"texture": "#null",
							"uv": [ 0.0, 0.0, 2.0, 1.0 ]
						},
						"down": {
							"texture": "#null",
							"uv": [ 0.0, 0.0, 2.0, 1.0 ]
						}
					},
					"children": [
						{
							"name": "Cube9",
							"from": [ 0.0, 0.0, -1.0 ],
							"to": [ 1.0, 3.0, 0.0 ],
							"rotationOrigin": [ 0.0, 0.0, -1.0 ],
							"faces": {
								"north": {
									"texture": "#null",
									"uv": [ 0.0, 0.0, 1.0, 3.0 ]
								},
								"east": {
									"texture": "#null",
									"uv": [ 0.0, 0.0, 1.0, 3.0 ]
								},
								"south": {
									"texture": "#null",
									"uv": [ 0.0, 0.0, 1.0, 3.0 ]
								},
								"west": {
									"texture": "#null",
									"uv": [ 0.0, 0.0, 1.0, 3.0 ]
								},
								"up": {
									"texture": "#null",
									"uv": [ 0.0, 0.0, 1.0, 1.0 ]
								},
								"down": {
									"texture": "#null",
									"uv": [ 0.0, 0.0, 1.0, 1.0 ]
								}
							}
						},
						{
							"name": "Cube16",
							"from": [ 0.0, 3.0, 0.0 ],
							"to": [ 1.0, 4.0, 1.0 ],
							"rotationOrigin": [ 0.0, 3.0, 0.0 ],
							"faces": {
								"north": {
									"texture": "#null",
									"uv": [ 0.0, 0.0, 1.0, 1.0 ]
								},
								"east": {
									"texture": "#null",
									"uv": [ 0.0, 0.0, 1.0, 1.0 ]
								},
								"south": {
									"texture": "#null",
									"uv": [ 0.0, 0.0, 1.0, 1.0 ]
								},
								"west": {
									"texture": "#null",
									"uv": [ 0.0, 0.0, 1.0, 1.0 ]
								},
								"up": {
									"texture": "#null",
									"uv": [ 0.0, 0.0, 1.0, 1.0 ]
								},
								"down": {
									"texture": "#null",
									"uv": [ 0.0, 0.0, 1.0, 1.0 ]
								}
							}
						}
					]
				},
				{
					"name": "Cube10",
					"from": [ 7.0, 1.0, 1.0 ],
					"to": [ 9.0, 4.0, 2.0 ],
					"rotationOrigin": [ 7.0, 1.0, 2.0 ],
					"rotationY": 180.0,
					"faces": {
						"north": {
							"texture": "#null",
							"uv": [ 0.0, 0.0, 2.0, 3.0 ]
						},
						"east": {
							"texture": "#null",
							"uv": [ 0.0, 0.0, 1.0, 3.0 ]
						},
						"south": {
							"texture": "#null",
							"uv": [ 0.0, 0.0, 2.0, 3.0 ]
						},
						"west": {
							"texture": "#null",
							"uv": [ 0.0, 0.0, 1.0, 3.0 ]
						},
						"up": {
							"texture": "#null",
							"uv": [ 0.0, 0.0, 2.0, 1.0 ]
						},
						"down": {
							"texture": "#null",
							"uv": [ 0.0, 0.0, 2.0, 1.0 ]
						}
					},
					"children": [
						{
							"name": "Cube11",
							"from": [ 0.0, 0.0, -1.0 ],
							"to": [ 1.0, 3.0, 0.0 ],
							"rotationOrigin": [ 0.0, 0.0, -1.0 ],
							"faces": {
								"north": {
									"texture": "#null",
									"uv": [ 0.0, 0.0, 1.0, 3.0 ]
								},
								"east": {
									"texture": "#null",
									"uv": [ 0.0, 0.0, 1.0, 3.0 ]
								},
								"south": {
									"texture": "#null",
									"uv": [ 0.0, 0.0, 1.0, 3.0 ]
								},
								"west": {
									"texture": "#null",
									"uv": [ 0.0, 0.0, 1.0, 3.0 ]
								},
								"up": {
									"texture": "#null",
									"uv": [ 0.0, 0.0, 1.0, 1.0 ]
								},
								"down": {
									"texture": "#null",
									"uv": [ 0.0, 0.0, 1.0, 1.0 ]
								}
							}
						},
						{
							"name": "Cube15",
							"from": [ 0.0, 3.0, 0.0 ],
							"to": [ 1.0, 4.0, 1.0 ],
							"rotationOrigin": [ 0.0, 3.0, 0.0 ],
							"faces": {
								"north": {
									"texture": "#null",
									"uv": [ 0.0, 0.0, 1.0, 1.0 ]
								},
								"east": {
									"texture": "#null",
									"uv": [ 0.0, 0.0, 1.0, 1.0 ]
								},
								"south": {
									"texture": "#null",
									"uv": [ 0.0, 0.0, 1.0, 1.0 ]
								},
								"west": {
									"texture": "#null",
									"uv": [ 0.0, 0.0, 1.0, 1.0 ]
								},
								"up": {
									"texture": "#null",
									"uv": [ 0.0, 0.0, 1.0, 1.0 ]
								},
								"down": {
									"texture": "#null",
									"uv": [ 0.0, 0.0, 1.0, 1.0 ]
								}
							}
						}
					]
				},
				{
					"name": "Cube12",
					"from": [ 2.0, 1.0, 1.0 ],
					"to": [ 4.0, 4.0, 2.0 ],
					"rotationOrigin": [ 2.0, 1.0, 2.0 ],
					"rotationY": -90.0,
					"faces": {
						"north": {
							"texture": "#null",
							"uv": [ 0.0, 0.0, 2.0, 3.0 ]
						},
						"east": {
							"texture": "#null",
							"uv": [ 0.0, 0.0, 1.0, 3.0 ]
						},
						"south": {
							"texture": "#null",
							"uv": [ 0.0, 0.0, 2.0, 3.0 ]
						},
						"west": {
							"texture": "#null",
							"uv": [ 0.0, 0.0, 1.0, 3.0 ]
						},
						"up": {
							"texture": "#null",
							"uv": [ 0.0, 0.0, 2.0, 1.0 ]
						},
						"down": {
							"texture": "#null",
							"uv": [ 0.0, 0.0, 2.0, 1.0 ]
						}
					},
					"children": [
						{
							"name": "Cube13",
							"from": [ 0.0, 0.0, -1.0 ],
							"to": [ 1.0, 3.0, 0.0 ],
							"rotationOrigin": [ 0.0, 0.0, -1.0 ],
							"faces": {
								"north": {
									"texture": "#null",
									"uv": [ 0.0, 0.0, 1.0, 3.0 ]
								},
								"east": {
									"texture": "#null",
									"uv": [ 0.0, 0.0, 1.0, 3.0 ]
								},
								"south": {
									"texture": "#null",
									"uv": [ 0.0, 0.0, 1.0, 3.0 ]
								},
								"west": {
									"texture": "#null",
									"uv": [ 0.0, 0.0, 1.0, 3.0 ]
								},
								"up": {
									"texture": "#null",
									"uv": [ 0.0, 0.0, 1.0, 1.0 ]
								},
								"down": {
									"texture": "#null",
									"uv": [ 0.0, 0.0, 1.0, 1.0 ]
								}
							}
						},
						{
							"name": "Cube14",
							"from": [ 0.0, 3.0, 0.0 ],
							"to": [ 1.0, 4.0, 1.0 ],
							"rotationOrigin": [ 0.0, 3.0, 0.0 ],
							"faces": {
								"north": {
									"texture": "#null",
									"uv": [ 0.0, 0.0, 1.0, 1.0 ]
								},
								"east": {
									"texture": "#null",
									"uv": [ 0.0, 0.0, 1.0, 1.0 ]
								},
								"south": {
									"texture": "#null",
									"uv": [ 0.0, 0.0, 1.0, 1.0 ]
								},
								"west": {
									"texture": "#null",
									"uv": [ 0.0, 0.0, 1.0, 1.0 ]
								},
								"up": {
									"texture": "#null",
									"uv": [ 0.0, 0.0, 1.0, 1.0 ]
								},
								"down": {
									"texture": "#null",
									"uv": [ 0.0, 0.0, 1.0, 1.0 ]
								}
							}
						}
					]
				},
				{
					"name": "middle-hole",
					"from": [ 4.0, 1.0, 4.0 ],
					"to": [ 5.0, 5.0, 5.0 ],
					"rotationOrigin": [ 4.0, 1.0, 4.0 ],
					"faces": {
						"north": {
							"texture": "#null",
							"uv": [ 0.0, 0.0, 1.0, 4.0 ]
						},
						"east": {
							"texture": "#null",
							"uv": [ 0.0, 0.0, 1.0, 4.0 ]
						},
						"south": {
							"texture": "#null",
							"uv": [ 0.0, 0.0, 1.0, 4.0 ]
						},
						"west": {
							"texture": "#null",
							"uv": [ 0.0, 0.0, 1.0, 4.0 ]
						},
						"up": {
							"texture": "#null",
							"uv": [ 0.0, 0.0, 1.0, 1.0 ]
						},
						"down": {
							"texture": "#null",
							"uv": [ 0.0, 0.0, 1.0, 1.0 ]
						}
					}
				}
			]
		}
	]
}