{
	"editor": {
		"allAngles": false,
		"entityTextureMode": false
	},
	"textureWidth": 16,
	"textureHeight": 16,
	"textureSizes": {
	},
	"textures": {
	},
	"elements": [
		{
			"name": "Base",
			"from": [ 5.5, 0.0, 3.5 ],
			"to": [ 10.5, 1.0, 12.5 ],
			"rotationOrigin": [ 5.5, 0.0, 3.5 ],
			"faces": {
				"north": { "texture": "#null", "uv": [ 0.0, 0.0, 5.0, 1.0 ] },
				"east": { "texture": "#null", "uv": [ 0.0, 0.0, 9.0, 1.0 ] },
				"south": { "texture": "#null", "uv": [ 0.0, 0.0, 5.0, 1.0 ] },
				"west": { "texture": "#null", "uv": [ 0.0, 0.0, 9.0, 1.0 ] },
				"up": { "texture": "#null", "uv": [ 0.0, 0.0, 5.0, 9.0 ] },
				"down": { "texture": "#null", "uv": [ 0.0, 0.0, 5.0, 9.0 ] }
			},
			"children": [
				{
					"name": "SecondLayer",
					"from": [ 0.0, 1.0, 0.0 ],
					"to": [ 0.0, 1.0, 0.0 ],
					"rotationOrigin": [ 0.0, 1.0, 0.0 ],
					"faces": {
						"north": { "texture": "#null", "uv": [ 0.0, 0.0, 0.5, 0.5 ] },
						"east": { "texture": "#null", "uv": [ 0.0, 0.0, 0.5, 0.5 ] },
						"south": { "texture": "#null", "uv": [ 0.0, 0.0, 0.5, 0.5 ] },
						"west": { "texture": "#null", "uv": [ 0.0, 0.0, 0.5, 0.5 ] },
						"up": { "texture": "#null", "uv": [ 0.0, 0.0, 0.5, 0.5 ] },
						"down": { "texture": "#null", "uv": [ 0.0, 0.0, 0.5, 0.5 ] }
					},
					"children": [
						{
							"name": "Cube3",
							"from": [ 1.0, 0.0, 1.0 ],
							"to": [ 2.0, 1.0, 2.0 ],
							"rotationOrigin": [ 1.0, 0.0, 1.0 ],
							"faces": {
								"north": { "texture": "#null", "uv": [ 0.0, 0.0, 1.0, 1.0 ] },
								"east": { "texture": "#null", "uv": [ 0.0, 0.0, 1.0, 1.0 ] },
								"south": { "texture": "#null", "uv": [ 0.0, 0.0, 1.0, 1.0 ] },
								"west": { "texture": "#null", "uv": [ 0.0, 0.0, 1.0, 1.0 ] },
								"up": { "texture": "#null", "uv": [ 0.0, 0.0, 1.0, 1.0 ] },
								"down": { "texture": "#null", "uv": [ 0.0, 0.0, 1.0, 1.0 ] }
							}
						},
						{
							"name": "Cube2",
							"from": [ 1.0, 0.0, 1.0 ],
							"to": [ 2.0, 1.0, 2.0 ],
							"rotationOrigin": [ 1.0, 0.0, 1.0 ],
							"faces": {
								"north": { "texture": "#null", "uv": [ 0.0, 0.0, 1.0, 1.0 ] },
								"east": { "texture": "#null", "uv": [ 0.0, 0.0, 1.0, 1.0 ] },
								"south": { "texture": "#null", "uv": [ 0.0, 0.0, 1.0, 1.0 ] },
								"west": { "texture": "#null", "uv": [ 0.0, 0.0, 1.0, 1.0 ] },
								"up": { "texture": "#null", "uv": [ 0.0, 0.0, 1.0, 1.0 ] },
								"down": { "texture": "#null", "uv": [ 0.0, 0.0, 1.0, 1.0 ] }
							}
						},
						{
							"name": "Side2",
							"from": [ 4.0, 0.0, 0.0 ],
							"to": [ 5.0, 1.0, 9.0 ],
							"rotationOrigin": [ 4.0, 0.0, 0.0 ],
							"faces": {
								"north": { "texture": "#null", "uv": [ 0.0, 0.0, 1.0, 1.0 ] },
								"east": { "texture": "#null", "uv": [ 0.0, 0.0, 9.0, 1.0 ] },
								"south": { "texture": "#null", "uv": [ 0.0, 0.0, 1.0, 1.0 ] },
								"west": { "texture": "#null", "uv": [ 0.0, 0.0, 9.0, 1.0 ] },
								"up": { "texture": "#null", "uv": [ 0.0, 0.0, 1.0, 9.0 ] },
								"down": { "texture": "#null", "uv": [ 0.0, 0.0, 1.0, 9.0 ] }
							}
						},
						{
							"name": "Side",
							"from": [ 0.0, 0.0, 0.0 ],
							"to": [ 1.0, 1.0, 9.0 ],
							"faces": {
								"north": { "texture": "#null", "uv": [ 0.0, 0.0, 1.0, 1.0 ] },
								"east": { "texture": "#null", "uv": [ 0.0, 0.0, 9.0, 1.0 ] },
								"south": { "texture": "#null", "uv": [ 0.0, 0.0, 1.0, 1.0 ] },
								"west": { "texture": "#null", "uv": [ 0.0, 0.0, 9.0, 1.0 ] },
								"up": { "texture": "#null", "uv": [ 0.0, 0.0, 1.0, 9.0 ] },
								"down": { "texture": "#null", "uv": [ 0.0, 0.0, 1.0, 9.0 ] }
							}
						},
						{
							"name": "Cube4",
							"from": [ 2.0, 0.0, 2.0 ],
							"to": [ 3.0, 1.0, 3.0 ],
							"rotationOrigin": [ 2.0, 0.0, 2.0 ],
							"faces": {
								"north": { "texture": "#null", "uv": [ 0.0, 0.0, 1.0, 1.0 ] },
								"east": { "texture": "#null", "uv": [ 0.0, 0.0, 1.0, 1.0 ] },
								"south": { "texture": "#null", "uv": [ 0.0, 0.0, 1.0, 1.0 ] },
								"west": { "texture": "#null", "uv": [ 0.0, 0.0, 1.0, 1.0 ] },
								"up": { "texture": "#null", "uv": [ 0.0, 0.0, 1.0, 1.0 ] },
								"down": { "texture": "#null", "uv": [ 0.0, 0.0, 1.0, 1.0 ] }
							}
						},
						{
							"name": "Cube5",
							"from": [ 2.0, 0.0, 4.0 ],
							"to": [ 3.0, 1.0, 6.0 ],
							"rotationOrigin": [ 2.0, 0.0, 4.0 ],
							"faces": {
								"north": { "texture": "#null", "uv": [ 0.0, 0.0, 1.0, 1.0 ] },
								"east": { "texture": "#null", "uv": [ 0.0, 0.0, 2.0, 1.0 ] },
								"south": { "texture": "#null", "uv": [ 0.0, 0.0, 1.0, 1.0 ] },
								"west": { "texture": "#null", "uv": [ 0.0, 0.0, 2.0, 1.0 ] },
								"up": { "texture": "#null", "uv": [ 0.0, 0.0, 1.0, 2.0 ] },
								"down": { "texture": "#null", "uv": [ 0.0, 0.0, 1.0, 2.0 ] }
							}
						},
						{
							"name": "Cube6",
							"from": [ 3.0, 0.0, 3.0 ],
							"to": [ 4.0, 1.0, 4.0 ],
							"rotationOrigin": [ 3.0, 0.0, 3.0 ],
							"faces": {
								"north": { "texture": "#null", "uv": [ 0.0, 0.0, 1.0, 1.0 ] },
								"east": { "texture": "#null", "uv": [ 0.0, 0.0, 1.0, 1.0 ] },
								"south": { "texture": "#null", "uv": [ 0.0, 0.0, 1.0, 1.0 ] },
								"west": { "texture": "#null", "uv": [ 0.0, 0.0, 1.0, 1.0 ] },
								"up": { "texture": "#null", "uv": [ 0.0, 0.0, 1.0, 1.0 ] },
								"down": { "texture": "#null", "uv": [ 0.0, 0.0, 1.0, 1.0 ] }
							}
						},
						{
							"name": "Cube7",
							"from": [ 1.0, 0.0, 5.0 ],
							"to": [ 2.0, 1.0, 7.0 ],
							"rotationOrigin": [ 1.0, 0.0, 5.0 ],
							"faces": {
								"north": { "texture": "#null", "uv": [ 0.0, 0.0, 1.0, 1.0 ] },
								"east": { "texture": "#null", "uv": [ 0.0, 0.0, 2.0, 1.0 ] },
								"south": { "texture": "#null", "uv": [ 0.0, 0.0, 1.0, 1.0 ] },
								"west": { "texture": "#null", "uv": [ 0.0, 0.0, 2.0, 1.0 ] },
								"up": { "texture": "#null", "uv": [ 0.0, 0.0, 1.0, 2.0 ] },
								"down": { "texture": "#null", "uv": [ 0.0, 0.0, 1.0, 2.0 ] }
							}
						},
						{
							"name": "Side3",
							"from": [ 1.0, 0.0, 0.0 ],
							"to": [ 4.0, 1.0, 1.0 ],
							"rotationOrigin": [ 1.0, 0.0, 0.0 ],
							"faces": {
								"north": { "texture": "#null", "uv": [ 0.0, 0.0, 3.0, 1.0 ] },
								"east": { "texture": "#null", "uv": [ 0.0, 0.0, 1.0, 1.0 ] },
								"south": { "texture": "#null", "uv": [ 0.0, 0.0, 3.0, 1.0 ] },
								"west": { "texture": "#null", "uv": [ 0.0, 0.0, 1.0, 1.0 ] },
								"up": { "texture": "#null", "uv": [ 0.0, 0.0, 3.0, 1.0 ] },
								"down": { "texture": "#null", "uv": [ 0.0, 0.0, 3.0, 1.0 ] }
							}
						},
						{
							"name": "Side4",
							"from": [ 1.0, 0.0, 8.0 ],
							"to": [ 4.0, 1.0, 9.0 ],
							"rotationOrigin": [ 1.0, 0.0, 8.0 ],
							"faces": {
								"north": { "texture": "#null", "uv": [ 0.0, 0.0, 3.0, 1.0 ] },
								"east": { "texture": "#null", "uv": [ 0.0, 0.0, 1.0, 1.0 ] },
								"south": { "texture": "#null", "uv": [ 0.0, 0.0, 3.0, 1.0 ] },
								"west": { "texture": "#null", "uv": [ 0.0, 0.0, 1.0, 1.0 ] },
								"up": { "texture": "#null", "uv": [ 0.0, 0.0, 3.0, 1.0 ] },
								"down": { "texture": "#null", "uv": [ 0.0, 0.0, 3.0, 1.0 ] }
							}
						},
						{
							"name": "Cube14",
							"from": [ 3.0, 0.0, 6.0 ],
							"to": [ 4.0, 1.0, 7.0 ],
							"rotationOrigin": [ 3.0, 0.0, 6.0 ],
							"faces": {
								"north": { "texture": "#null", "uv": [ 0.0, 0.0, 1.0, 1.0 ] },
								"east": { "texture": "#null", "uv": [ 0.0, 0.0, 1.0, 1.0 ] },
								"south": { "texture": "#null", "uv": [ 0.0, 0.0, 1.0, 1.0 ] },
								"west": { "texture": "#null", "uv": [ 0.0, 0.0, 1.0, 1.0 ] },
								"up": { "texture": "#null", "uv": [ 0.0, 0.0, 1.0, 1.0 ] },
								"down": { "texture": "#null", "uv": [ 0.0, 0.0, 1.0, 1.0 ] }
							}
						}
					]
				},
				{
					"name": "ThirdLayer",
					"from": [ 0.0, 2.0, 0.0 ],
					"to": [ 0.0, 2.0, 0.0 ],
					"rotationOrigin": [ 0.0, 2.0, 0.0 ],
					"faces": {
						"north": { "texture": "#null", "uv": [ 0.0, 0.0, 0.5, 0.5 ] },
						"east": { "texture": "#null", "uv": [ 0.0, 0.0, 0.5, 0.5 ] },
						"south": { "texture": "#null", "uv": [ 0.0, 0.0, 0.5, 0.5 ] },
						"west": { "texture": "#null", "uv": [ 0.0, 0.0, 0.5, 0.5 ] },
						"up": { "texture": "#null", "uv": [ 0.0, 0.0, 0.5, 0.5 ] },
						"down": { "texture": "#null", "uv": [ 0.0, 0.0, 0.5, 0.5 ] }
					},
					"children": [
						{
							"name": "Cube8",
							"from": [ 1.0, 0.0, 1.0 ],
							"to": [ 2.0, 1.0, 2.0 ],
							"rotationOrigin": [ 1.0, 0.0, 1.0 ],
							"faces": {
								"north": { "texture": "#null", "uv": [ 0.0, 0.0, 1.0, 1.0 ] },
								"east": { "texture": "#null", "uv": [ 0.0, 0.0, 1.0, 1.0 ] },
								"south": { "texture": "#null", "uv": [ 0.0, 0.0, 1.0, 1.0 ] },
								"west": { "texture": "#null", "uv": [ 0.0, 0.0, 1.0, 1.0 ] },
								"up": { "texture": "#null", "uv": [ 0.0, 0.0, 1.0, 1.0 ] },
								"down": { "texture": "#null", "uv": [ 0.0, 0.0, 1.0, 1.0 ] }
							}
						},
						{
							"name": "Cube9",
							"from": [ 1.0, 0.0, 1.0 ],
							"to": [ 2.0, 1.0, 2.0 ],
							"rotationOrigin": [ 1.0, 0.0, 1.0 ],
							"faces": {
								"north": { "texture": "#null", "uv": [ 0.0, 0.0, 1.0, 1.0 ] },
								"east": { "texture": "#null", "uv": [ 0.0, 0.0, 1.0, 1.0 ] },
								"south": { "texture": "#null", "uv": [ 0.0, 0.0, 1.0, 1.0 ] },
								"west": { "texture": "#null", "uv": [ 0.0, 0.0, 1.0, 1.0 ] },
								"up": { "texture": "#null", "uv": [ 0.0, 0.0, 1.0, 1.0 ] },
								"down": { "texture": "#null", "uv": [ 0.0, 0.0, 1.0, 1.0 ] }
							}
						},
						{
							"name": "Side5",
							"from": [ 4.0, 0.0, 0.0 ],
							"to": [ 5.0, 1.0, 9.0 ],
							"rotationOrigin": [ 4.0, 0.0, 0.0 ],
							"faces": {
								"north": { "texture": "#null", "uv": [ 0.0, 0.0, 1.0, 1.0 ] },
								"east": { "texture": "#null", "uv": [ 0.0, 0.0, 9.0, 1.0 ] },
								"south": { "texture": "#null", "uv": [ 0.0, 0.0, 1.0, 1.0 ] },
								"west": { "texture": "#null", "uv": [ 0.0, 0.0, 9.0, 1.0 ] },
								"up": { "texture": "#null", "uv": [ 0.0, 0.0, 1.0, 9.0 ] },
								"down": { "texture": "#null", "uv": [ 0.0, 0.0, 1.0, 9.0 ] }
							}
						},
						{
							"name": "Side6",
							"from": [ 0.0, 0.0, 0.0 ],
							"to": [ 1.0, 1.0, 9.0 ],
							"faces": {
								"north": { "texture": "#null", "uv": [ 0.0, 0.0, 1.0, 1.0 ] },
								"east": { "texture": "#null", "uv": [ 0.0, 0.0, 9.0, 1.0 ] },
								"south": { "texture": "#null", "uv": [ 0.0, 0.0, 1.0, 1.0 ] },
								"west": { "texture": "#null", "uv": [ 0.0, 0.0, 9.0, 1.0 ] },
								"up": { "texture": "#null", "uv": [ 0.0, 0.0, 1.0, 9.0 ] },
								"down": { "texture": "#null", "uv": [ 0.0, 0.0, 1.0, 9.0 ] }
							}
						},
						{
							"name": "Cube10",
							"from": [ 2.0, 0.0, 2.0 ],
							"to": [ 3.0, 1.0, 3.0 ],
							"rotationOrigin": [ 2.0, 0.0, 2.0 ],
							"faces": {
								"north": { "texture": "#null", "uv": [ 0.0, 0.0, 1.0, 1.0 ] },
								"east": { "texture": "#null", "uv": [ 0.0, 0.0, 1.0, 1.0 ] },
								"south": { "texture": "#null", "uv": [ 0.0, 0.0, 1.0, 1.0 ] },
								"west": { "texture": "#null", "uv": [ 0.0, 0.0, 1.0, 1.0 ] },
								"up": { "texture": "#null", "uv": [ 0.0, 0.0, 1.0, 1.0 ] },
								"down": { "texture": "#null", "uv": [ 0.0, 0.0, 1.0, 1.0 ] }
							}
						},
						{
							"name": "Cube11",
							"from": [ 2.0, 0.0, 4.0 ],
							"to": [ 3.0, 1.0, 6.0 ],
							"rotationOrigin": [ 2.0, 0.0, 4.0 ],
							"faces": {
								"north": { "texture": "#null", "uv": [ 0.0, 0.0, 1.0, 1.0 ] },
								"east": { "texture": "#null", "uv": [ 0.0, 0.0, 2.0, 1.0 ] },
								"south": { "texture": "#null", "uv": [ 0.0, 0.0, 1.0, 1.0 ] },
								"west": { "texture": "#null", "uv": [ 0.0, 0.0, 2.0, 1.0 ] },
								"up": { "texture": "#null", "uv": [ 0.0, 0.0, 1.0, 2.0 ] },
								"down": { "texture": "#null", "uv": [ 0.0, 0.0, 1.0, 2.0 ] }
							}
						},
						{
							"name": "Cube12",
							"from": [ 3.0, 0.0, 3.0 ],
							"to": [ 4.0, 1.0, 4.0 ],
							"rotationOrigin": [ 3.0, 0.0, 3.0 ],
							"faces": {
								"north": { "texture": "#null", "uv": [ 0.0, 0.0, 1.0, 1.0 ] },
								"east": { "texture": "#null", "uv": [ 0.0, 0.0, 1.0, 1.0 ] },
								"south": { "texture": "#null", "uv": [ 0.0, 0.0, 1.0, 1.0 ] },
								"west": { "texture": "#null", "uv": [ 0.0, 0.0, 1.0, 1.0 ] },
								"up": { "texture": "#null", "uv": [ 0.0, 0.0, 1.0, 1.0 ] },
								"down": { "texture": "#null", "uv": [ 0.0, 0.0, 1.0, 1.0 ] }
							}
						},
						{
							"name": "Cube13",
							"from": [ 1.0, 0.0, 5.0 ],
							"to": [ 2.0, 1.0, 7.0 ],
							"rotationOrigin": [ 1.0, 0.0, 5.0 ],
							"faces": {
								"north": { "texture": "#null", "uv": [ 0.0, 0.0, 1.0, 1.0 ] },
								"east": { "texture": "#null", "uv": [ 0.0, 0.0, 2.0, 1.0 ] },
								"south": { "texture": "#null", "uv": [ 0.0, 0.0, 1.0, 1.0 ] },
								"west": { "texture": "#null", "uv": [ 0.0, 0.0, 2.0, 1.0 ] },
								"up": { "texture": "#null", "uv": [ 0.0, 0.0, 1.0, 2.0 ] },
								"down": { "texture": "#null", "uv": [ 0.0, 0.0, 1.0, 2.0 ] }
							}
						},
						{
							"name": "Side7",
							"from": [ 1.0, 0.0, 0.0 ],
							"to": [ 4.0, 1.0, 1.0 ],
							"rotationOrigin": [ 1.0, 0.0, 0.0 ],
							"faces": {
								"north": { "texture": "#null", "uv": [ 0.0, 0.0, 3.0, 1.0 ] },
								"east": { "texture": "#null", "uv": [ 0.0, 0.0, 1.0, 1.0 ] },
								"south": { "texture": "#null", "uv": [ 0.0, 0.0, 3.0, 1.0 ] },
								"west": { "texture": "#null", "uv": [ 0.0, 0.0, 1.0, 1.0 ] },
								"up": { "texture": "#null", "uv": [ 0.0, 0.0, 3.0, 1.0 ] },
								"down": { "texture": "#null", "uv": [ 0.0, 0.0, 3.0, 1.0 ] }
							}
						},
						{
							"name": "Side8",
							"from": [ 1.0, 0.0, 8.0 ],
							"to": [ 4.0, 1.0, 9.0 ],
							"rotationOrigin": [ 1.0, 0.0, 8.0 ],
							"faces": {
								"north": { "texture": "#null", "uv": [ 0.0, 0.0, 3.0, 1.0 ] },
								"east": { "texture": "#null", "uv": [ 0.0, 0.0, 1.0, 1.0 ] },
								"south": { "texture": "#null", "uv": [ 0.0, 0.0, 3.0, 1.0 ] },
								"west": { "texture": "#null", "uv": [ 0.0, 0.0, 1.0, 1.0 ] },
								"up": { "texture": "#null", "uv": [ 0.0, 0.0, 3.0, 1.0 ] },
								"down": { "texture": "#null", "uv": [ 0.0, 0.0, 3.0, 1.0 ] }
							}
						},
						{
							"name": "Cube15",
							"from": [ 3.0, 0.0, 6.0 ],
							"to": [ 4.0, 1.0, 7.0 ],
							"rotationOrigin": [ 3.0, 0.0, 6.0 ],
							"faces": {
								"north": { "texture": "#null", "uv": [ 0.0, 0.0, 1.0, 1.0 ] },
								"east": { "texture": "#null", "uv": [ 0.0, 0.0, 1.0, 1.0 ] },
								"south": { "texture": "#null", "uv": [ 0.0, 0.0, 1.0, 1.0 ] },
								"west": { "texture": "#null", "uv": [ 0.0, 0.0, 1.0, 1.0 ] },
								"up": { "texture": "#null", "uv": [ 0.0, 0.0, 1.0, 1.0 ] },
								"down": { "texture": "#null", "uv": [ 0.0, 0.0, 1.0, 1.0 ] }
							}
						}
					]
				}
			]
		}
	]}