{
	"editor": {
		"allAngles": true,
		"entityTextureMode": false
	},
	"textureWidth": 8,
	"textureHeight": 8,
	"textureSizes": {
	},
	"textures": {
		"peanut": "game:item/food/legume/peanut"
	},
	"elements": [
		{
			"name": "origin",
			"from": [ 8.0, 0.0, 8.0 ],
			"to": [ 8.0, 0.0, 8.0 ],
			"rotationOrigin": [ 8.0, 0.0, 8.0 ],
			"faces": {
			},
			"children": [
				{
					"name": "peanutwhole1",
					"from": [ 1.0, 0.0, -5.0 ],
					"to": [ 3.0, 2.0, -1.0 ],
					"rotationOrigin": [ 2.0, 0.0, -3.0 ],
					"rotationY": -58.0,
					"faces": {
						"north": { "texture": "#peanut", "uv": [ 1.5, 2.0, 3.5, 4.0 ] },
						"east": { "texture": "#peanut", "uv": [ 0.0, 5.0, 4.0, 7.0 ] },
						"south": { "texture": "#peanut", "uv": [ 0.5, 4.0, 2.5, 6.0 ] },
						"west": { "texture": "#peanut", "uv": [ 0.0, 2.5, 4.0, 4.5 ] },
						"up": { "texture": "#peanut", "uv": [ 0.5, 2.0, 2.5, 6.0 ] },
						"down": { "texture": "#peanut", "uv": [ 1.5, 2.0, 3.5, 6.0 ] }
					}
				},
				{
					"name": "peanutwhole4",
					"from": [ -3.0, 0.0, -4.0 ],
					"to": [ -1.0, 2.0, 0.0 ],
					"rotationOrigin": [ -2.0, 0.0, -2.0 ],
					"rotationY": 25.0,
					"faces": {
						"north": { "texture": "#peanut", "uv": [ 1.0, 5.5, 3.0, 7.5 ] },
						"east": { "texture": "#peanut", "uv": [ 0.0, 2.5, 4.0, 4.5 ] },
						"south": { "texture": "#peanut", "uv": [ 0.5, 0.0, 2.5, 2.0 ] },
						"west": { "texture": "#peanut", "uv": [ 0.0, 5.5, 4.0, 7.5 ] },
						"up": { "texture": "#peanut", "uv": [ 0.5, 0.5, 2.5, 4.5 ] },
						"down": { "texture": "#peanut", "uv": [ 1.0, 4.0, 3.0, 8.0 ] }
					}
				},
				{
					"name": "peanutwhole7",
					"from": [ -5.0, 0.0, -2.0 ],
					"to": [ -3.0, 2.0, 2.0 ],
					"rotationOrigin": [ -4.0, 0.0, 0.0 ],
					"rotationY": 58.0,
					"faces": {
						"north": { "texture": "#peanut", "uv": [ 1.0, 3.0, 3.0, 5.0 ] },
						"east": { "texture": "#peanut", "uv": [ 0.0, 1.5, 4.0, 3.5 ] },
						"south": { "texture": "#peanut", "uv": [ 0.5, 4.0, 2.5, 6.0 ] },
						"west": { "texture": "#peanut", "uv": [ 0.0, 5.0, 4.0, 7.0 ] },
						"up": { "texture": "#peanut", "uv": [ 1.5, 0.5, 3.5, 4.5 ] },
						"down": { "texture": "#peanut", "uv": [ 0.5, 3.5, 2.5, 7.5 ] }
					}
				},
				{
					"name": "peanutwhole2",
					"from": [ 4.0, 0.0, -2.0 ],
					"to": [ 6.0, 0.2, 2.0 ],
					"rotationOrigin": [ 5.0, 0.0, 0.0 ],
					"rotationY": 39.0,
					"faces": {
						"north": { "texture": "#peanut", "uv": [ 1.0, 3.0, 3.0, 3.5 ] },
						"east": { "texture": "#peanut", "uv": [ 0.0, 1.5, 4.0, 2.0 ] },
						"south": { "texture": "#peanut", "uv": [ 0.5, 4.0, 2.5, 4.5 ] },
						"west": { "texture": "#peanut", "uv": [ 0.0, 5.0, 4.0, 5.5 ] },
						"up": { "texture": "#peanut", "uv": [ 1.5, 0.5, 3.5, 4.5 ] },
						"down": { "texture": "#peanut", "uv": [ 0.5, 3.5, 2.5, 7.5 ] }
					},
					"children": [
						{
							"name": "Cube1",
							"from": [ 0.0, 0.2, 0.0 ],
							"to": [ 2.0, 2.0, 0.2 ],
							"rotationOrigin": [ 0.0, 0.2, 0.0 ],
							"faces": {
								"north": { "texture": "#peanut", "uv": [ 0.5, 3.5, 2.5, 5.0 ] },
								"east": { "texture": "#peanut", "uv": [ 2.0, 4.5, 2.5, 6.0 ] },
								"south": { "texture": "#peanut", "uv": [ 1.0, 4.0, 3.0, 5.5 ] },
								"west": { "texture": "#peanut", "uv": [ 0.5, 2.0, 1.0, 3.5 ] },
								"up": { "texture": "#peanut", "uv": [ 0.5, 4.0, 2.5, 4.5 ] }
							}
						},
						{
							"name": "Cube11",
							"from": [ 0.2, 0.2, 0.2 ],
							"to": [ 1.4, 1.4, 1.4 ],
							"rotationOrigin": [ 0.2, 0.2, 0.2 ],
							"faces": {
								"east": { "texture": "#peanut", "uv": [ 6.0, 3.5, 7.0, 4.5 ] },
								"south": { "texture": "#peanut", "uv": [ 5.0, 4.0, 6.0, 5.0 ] },
								"west": { "texture": "#peanut", "uv": [ 5.0, 2.0, 6.0, 3.0 ] },
								"up": { "texture": "#peanut", "uv": [ 5.5, 2.0, 6.5, 3.0 ] }
							}
						},
						{
							"name": "Cube12",
							"from": [ 0.0, 0.2, 0.2 ],
							"to": [ 0.2, 1.2, 3.2 ],
							"rotationOrigin": [ 0.0, 0.2, 0.2 ],
							"faces": {
								"east": { "texture": "#peanut", "uv": [ 0.0, 2.0, 3.0, 3.0 ] },
								"south": { "texture": "#peanut", "uv": [ 1.0, 3.0, 1.5, 4.0 ] },
								"west": { "texture": "#peanut", "uv": [ 0.5, 4.0, 3.5, 5.0 ] },
								"up": { "texture": "#peanut", "uv": [ 1.5, 3.5, 2.0, 6.5 ] }
							}
						},
						{
							"name": "Cube13",
							"from": [ 1.8, 0.2, 0.2 ],
							"to": [ 2.0, 1.7, 3.2 ],
							"rotationOrigin": [ 1.8, 0.2, 0.2 ],
							"faces": {
								"east": { "texture": "#peanut", "uv": [ 0.5, 4.0, 3.5, 5.5 ] },
								"south": { "texture": "#peanut", "uv": [ 2.0, 3.5, 2.5, 5.0 ] },
								"west": { "texture": "#peanut", "uv": [ 0.0, 4.5, 3.0, 6.0 ] },
								"up": { "texture": "#peanut", "uv": [ 1.5, 4.0, 2.0, 7.0 ] }
							}
						}
					]
				},
				{
					"name": "peanut2",
					"from": [ 2.0, 0.0, 1.0 ],
					"to": [ 3.2, 1.2, 2.2 ],
					"rotationOrigin": [ 3.0, 0.0, 1.5 ],
					"rotationY": 36.0,
					"faces": {
						"north": { "texture": "#peanut", "uv": [ 4.5, 3.0, 5.5, 4.0 ] },
						"east": { "texture": "#peanut", "uv": [ 4.0, 3.5, 5.0, 4.5 ] },
						"south": { "texture": "#peanut", "uv": [ 4.5, 2.5, 5.5, 3.5 ] },
						"west": { "texture": "#peanut", "uv": [ 4.5, 1.0, 5.5, 2.0 ] },
						"up": { "texture": "#peanut", "uv": [ 5.5, 1.0, 6.5, 2.0 ] },
						"down": { "texture": "#peanut", "uv": [ 5.0, 4.5, 6.0, 5.5 ] }
					}
				},
				{
					"name": "peanut3",
					"from": [ -0.2, 0.0, 4.3 ],
					"to": [ 1.0, 1.2, 5.5 ],
					"rotationOrigin": [ 0.8, 0.0, 4.8 ],
					"rotationY": -36.0,
					"faces": {
						"north": { "texture": "#peanut", "uv": [ 5.0, 3.5, 6.0, 4.5 ] },
						"east": { "texture": "#peanut", "uv": [ 5.0, 4.0, 6.0, 5.0 ] },
						"south": { "texture": "#peanut", "uv": [ 5.0, 5.0, 6.0, 6.0 ] },
						"west": { "texture": "#peanut", "uv": [ 5.0, 1.0, 6.0, 2.0 ] },
						"up": { "texture": "#peanut", "uv": [ 5.0, 3.0, 6.0, 4.0 ] },
						"down": { "texture": "#peanut", "uv": [ 5.0, 3.0, 6.0, 4.0 ] }
					}
				},
				{
					"name": "peanut15",
					"from": [ -3.0, 0.0, 2.0 ],
					"to": [ -1.8, 1.2, 3.2 ],
					"rotationOrigin": [ -2.0, 0.0, 2.5 ],
					"rotationY": 6.0,
					"faces": {
						"north": { "texture": "#peanut", "uv": [ 5.0, 5.5, 6.0, 6.5 ] },
						"east": { "texture": "#peanut", "uv": [ 5.0, 6.0, 6.0, 7.0 ] },
						"south": { "texture": "#peanut", "uv": [ 5.0, 6.5, 6.0, 7.5 ] },
						"west": { "texture": "#peanut", "uv": [ 5.0, 3.5, 6.0, 4.5 ] },
						"up": { "texture": "#peanut", "uv": [ 5.0, 6.0, 6.0, 7.0 ] },
						"down": { "texture": "#peanut", "uv": [ 6.0, 1.5, 7.0, 2.5 ] }
					}
				},
				{
					"name": "peanutwhole12",
					"from": [ -4.0, 2.0, -3.0 ],
					"to": [ -2.0, 4.0, 1.0 ],
					"rotationOrigin": [ -3.0, 2.0, -1.0 ],
					"rotationY": -58.0,
					"faces": {
						"north": { "texture": "#peanut", "uv": [ 1.5, 2.0, 3.5, 4.0 ] },
						"east": { "texture": "#peanut", "uv": [ 0.0, 5.0, 4.0, 7.0 ] },
						"south": { "texture": "#peanut", "uv": [ 0.5, 4.0, 2.5, 6.0 ] },
						"west": { "texture": "#peanut", "uv": [ 0.0, 2.5, 4.0, 4.5 ] },
						"up": { "texture": "#peanut", "uv": [ 0.5, 2.0, 2.5, 6.0 ] },
						"down": { "texture": "#peanut", "uv": [ 1.5, 2.0, 3.5, 6.0 ] }
					}
				},
				{
					"name": "peanutwhole15",
					"from": [ -0.5, 0.0, -1.3 ],
					"to": [ 1.5, 0.2, 2.7 ],
					"rotationOrigin": [ 0.5, 0.0, 0.7 ],
					"rotationY": -64.0,
					"faces": {
						"north": { "texture": "#peanut", "uv": [ 1.0, 3.0, 3.0, 3.5 ] },
						"east": { "texture": "#peanut", "uv": [ 0.0, 1.5, 4.0, 2.0 ] },
						"south": { "texture": "#peanut", "uv": [ 0.5, 4.0, 2.5, 4.5 ] },
						"west": { "texture": "#peanut", "uv": [ 0.0, 5.0, 4.0, 5.5 ] },
						"up": { "texture": "#peanut", "uv": [ 1.5, 0.5, 3.5, 4.5 ] },
						"down": { "texture": "#peanut", "uv": [ 0.5, 3.5, 2.5, 7.5 ] }
					},
					"children": [
						{
							"name": "Cube16",
							"from": [ 0.0, 0.2, 0.0 ],
							"to": [ 2.0, 2.0, 0.2 ],
							"rotationOrigin": [ 0.0, 0.2, 0.0 ],
							"faces": {
								"north": { "texture": "#peanut", "uv": [ 0.5, 3.5, 2.5, 5.0 ] },
								"east": { "texture": "#peanut", "uv": [ 2.0, 4.5, 2.5, 6.0 ] },
								"south": { "texture": "#peanut", "uv": [ 1.0, 4.0, 3.0, 5.5 ] },
								"west": { "texture": "#peanut", "uv": [ 0.5, 2.0, 1.0, 3.5 ] },
								"up": { "texture": "#peanut", "uv": [ 0.5, 4.0, 2.5, 4.5 ] }
							}
						},
						{
							"name": "Cube17",
							"from": [ 0.2, 0.2, 0.2 ],
							"to": [ 1.4, 1.4, 1.4 ],
							"rotationOrigin": [ 0.2, 0.2, 0.2 ],
							"faces": {
								"east": { "texture": "#peanut", "uv": [ 6.0, 3.5, 7.0, 4.5 ] },
								"south": { "texture": "#peanut", "uv": [ 5.0, 4.0, 6.0, 5.0 ] },
								"west": { "texture": "#peanut", "uv": [ 5.0, 2.0, 6.0, 3.0 ] },
								"up": { "texture": "#peanut", "uv": [ 5.5, 2.0, 6.5, 3.0 ] }
							}
						},
						{
							"name": "Cube18",
							"from": [ 0.0, 0.2, 0.2 ],
							"to": [ 0.2, 2.0, 3.2 ],
							"rotationOrigin": [ 0.0, 0.2, 0.2 ],
							"faces": {
								"east": { "texture": "#peanut", "uv": [ 0.0, 2.0, 3.0, 3.5 ] },
								"south": { "texture": "#peanut", "uv": [ 1.0, 3.0, 1.5, 4.5 ] },
								"west": { "texture": "#peanut", "uv": [ 0.5, 4.0, 3.5, 5.5 ] },
								"up": { "texture": "#peanut", "uv": [ 1.5, 3.5, 2.0, 6.5 ] }
							}
						},
						{
							"name": "Cube19",
							"from": [ 1.8, 0.2, 0.2 ],
							"to": [ 2.0, 1.7, 2.2 ],
							"rotationOrigin": [ 1.8, 0.2, 0.2 ],
							"faces": {
								"east": { "texture": "#peanut", "uv": [ 0.5, 4.0, 2.5, 5.5 ] },
								"south": { "texture": "#peanut", "uv": [ 2.0, 3.5, 2.5, 5.0 ] },
								"west": { "texture": "#peanut", "uv": [ 0.0, 4.5, 2.0, 6.0 ] },
								"up": { "texture": "#peanut", "uv": [ 1.5, 4.0, 2.0, 6.0 ] }
							}
						},
						{
							"name": "Cube20",
							"from": [ 0.2, 0.2, 2.2 ],
							"to": [ 1.4, 1.4, 3.4 ],
							"rotationOrigin": [ 0.2, 0.2, 2.2 ],
							"faces": {
								"east": { "texture": "#peanut", "uv": [ 6.0, 3.5, 7.0, 4.5 ] },
								"south": { "texture": "#peanut", "uv": [ 5.0, 4.0, 6.0, 5.0 ] },
								"west": { "texture": "#peanut", "uv": [ 5.0, 2.0, 6.0, 3.0 ] },
								"up": { "texture": "#peanut", "uv": [ 5.5, 2.0, 6.5, 3.0 ] }
							}
						},
						{
							"name": "Cube21",
							"from": [ 0.2, 1.8, 0.2 ],
							"to": [ 1.7, 2.0, 2.7 ],
							"rotationOrigin": [ 0.2, 1.8, 0.2 ],
							"faces": {
								"east": { "texture": "#peanut", "uv": [ 0.0, 2.0, 2.5, 2.5 ] },
								"south": { "texture": "#peanut", "uv": [ 0.5, 2.5, 2.0, 3.0 ] },
								"up": { "texture": "#peanut", "uv": [ 1.5, 2.0, 3.0, 4.5 ] },
								"down": { "texture": "#peanut", "uv": [ 1.5, 3.0, 3.0, 5.5 ] }
							}
						}
					]
				},
				{
					"name": "Cube22",
					"from": [ 1.0, 0.0, 3.0 ],
					"to": [ 3.0, 0.2, 5.0 ],
					"rotationOrigin": [ 2.0, 0.0, 4.0 ],
					"rotationY": 36.0,
					"faces": {
						"north": { "texture": "#peanut", "uv": [ 0.5, 3.0, 2.5, 3.5 ] },
						"east": { "texture": "#peanut", "uv": [ 0.5, 2.5, 2.5, 3.0 ] },
						"south": { "texture": "#peanut", "uv": [ 0.0, 3.0, 2.0, 3.5 ] },
						"west": { "texture": "#peanut", "uv": [ 0.0, 2.0, 2.0, 2.5 ] },
						"up": { "texture": "#peanut", "uv": [ 1.5, 3.0, 3.5, 5.0 ] },
						"down": { "texture": "#peanut", "uv": [ 0.5, 3.5, 2.5, 5.5 ] }
					}
				},
				{
					"name": "Cube23",
					"from": [ -5.0, 0.0, 3.0 ],
					"to": [ -3.0, 0.2, 5.0 ],
					"rotationOrigin": [ -4.0, 0.0, 4.0 ],
					"rotationY": -19.0,
					"faces": {
						"north": { "texture": "#peanut", "uv": [ 0.5, 3.0, 2.5, 3.5 ] },
						"east": { "texture": "#peanut", "uv": [ 0.5, 2.5, 2.5, 3.0 ] },
						"south": { "texture": "#peanut", "uv": [ 0.0, 3.0, 2.0, 3.5 ] },
						"west": { "texture": "#peanut", "uv": [ 0.0, 2.0, 2.0, 2.5 ] },
						"up": { "texture": "#peanut", "uv": [ 1.5, 3.0, 3.5, 5.0 ] },
						"down": { "texture": "#peanut", "uv": [ 0.5, 3.5, 2.5, 5.5 ] }
					}
				},
				{
					"name": "Cube24",
					"from": [ -2.0, 0.0, 3.0 ],
					"to": [ -1.0, 0.2, 4.5 ],
					"rotationOrigin": [ -1.0, 0.0, 4.0 ],
					"rotationY": -19.0,
					"faces": {
						"north": { "texture": "#peanut", "uv": [ 0.5, 3.0, 1.5, 3.5 ] },
						"east": { "texture": "#peanut", "uv": [ 0.5, 2.5, 2.0, 3.0 ] },
						"south": { "texture": "#peanut", "uv": [ 0.0, 3.0, 1.0, 3.5 ] },
						"west": { "texture": "#peanut", "uv": [ 0.0, 2.0, 1.5, 2.5 ] },
						"up": { "texture": "#peanut", "uv": [ 1.5, 3.0, 2.5, 4.5 ] },
						"down": { "texture": "#peanut", "uv": [ 0.5, 3.5, 1.5, 5.0 ] }
					}
				},
				{
					"name": "Cube25",
					"from": [ 4.0, 0.0, 2.0 ],
					"to": [ 5.0, 0.2, 3.5 ],
					"rotationOrigin": [ 5.0, 0.0, 3.0 ],
					"rotationY": -19.0,
					"faces": {
						"north": { "texture": "#peanut", "uv": [ 0.5, 3.0, 1.5, 3.5 ] },
						"east": { "texture": "#peanut", "uv": [ 0.5, 2.5, 2.0, 3.0 ] },
						"south": { "texture": "#peanut", "uv": [ 0.0, 3.0, 1.0, 3.5 ] },
						"west": { "texture": "#peanut", "uv": [ 0.0, 2.0, 1.5, 2.5 ] },
						"up": { "texture": "#peanut", "uv": [ 1.5, 3.0, 2.5, 4.5 ] },
						"down": { "texture": "#peanut", "uv": [ 0.5, 3.5, 1.5, 5.0 ] }
					}
				},
				{
					"name": "Cube26",
					"from": [ 6.0, 0.0, 2.0 ],
					"to": [ 7.0, 0.2, 4.5 ],
					"rotationOrigin": [ 7.0, 0.0, 3.0 ],
					"rotationY": 50.0,
					"faces": {
						"north": { "texture": "#peanut", "uv": [ 0.5, 3.0, 1.5, 3.5 ] },
						"east": { "texture": "#peanut", "uv": [ 0.5, 2.5, 3.0, 3.0 ] },
						"south": { "texture": "#peanut", "uv": [ 0.0, 3.0, 1.0, 3.5 ] },
						"west": { "texture": "#peanut", "uv": [ 0.0, 2.0, 2.5, 2.5 ] },
						"up": { "texture": "#peanut", "uv": [ 1.5, 3.0, 2.5, 5.5 ] },
						"down": { "texture": "#peanut", "uv": [ 0.5, 3.5, 1.5, 6.0 ] }
					}
				}
			]
		}
	]}