{
	"editor": {
		"allAngles": false,
		"entityTextureMode": false
	},
	"textureWidth": 16,
	"textureHeight": 16,
	"textureSizes": {
	},
	"textures": {
	},
	"elements": [
		{
			"name": "turnip 1",
			"from": [ 6.5, 2.0, 6.5 ], 
			"to": [ 9.5, 4.5, 9.5 ], 
			"rotationOrigin": [ 8.0, 0.0, 8.0 ],
			"faces": {
				"north": { "texture": "#item", "uv": [ 8.5, 5.5, 11.5, 8.0 ] },
				"east": { "texture": "#item", "uv": [ 11.5, 5.5, 14.5, 8.0 ] },
				"south": { "texture": "#item", "uv": [ 8.0, 5.5, 11.0, 8.0 ] },
				"west": { "texture": "#item", "uv": [ 1.0, 5.5, 4.0, 8.0 ] },
				"up": { "texture": "#item", "uv": [ 8.0, 2.0, 11.0, 5.0 ] },
				"down": { "texture": "#item", "uv": [ 10.5, 13.0, 13.5, 16.0 ] }
			},
			"children": [
				{
					"name": "turnip 1 top",
					"from": [ 0.5, 2.5, 0.5 ], 
					"to": [ 2.5, 3.0, 2.5 ], 
					"faces": {
						"north": { "texture": "#item", "uv": [ 1.5, 5.0, 3.5, 5.5 ] },
						"east": { "texture": "#item", "uv": [ 11.5, 5.0, 13.5, 5.5 ] },
						"south": { "texture": "#item", "uv": [ 13.5, 5.0, 15.5, 5.5 ] },
						"west": { "texture": "#item", "uv": [ 8.0, 5.0, 10.0, 5.5 ] },
						"up": { "texture": "#item", "uv": [ 5.0, 2.5, 7.0, 4.5 ] },
						"down": { "texture": "#item", "uv": [ 9.0, 7.0, 11.0, 9.0 ], "enabled": false }
					}
				},
				{
					"name": "s 1",
					"from": [ -5.0, 2.5, 1.5 ], 
					"to": [ 8.0, 15.5, 1.5 ], 
					"shade": false,
					"rotationOrigin": [ 1.5, 1.0, 1.5 ],
					"faces": {
						"north": { "texture": "#e3", "uv": [ 0.0, 0.0, 13.0, 13.0 ], "enabled": false },
						"east": { "texture": "#null", "uv": [ 0.0, 0.0, 0.5, 13.0 ], "enabled": false },
						"south": { "texture": "#s4", "uv": [ 1.5, 2.0, 14.5, 15.0 ] },
						"west": { "texture": "#null", "uv": [ 0.0, 0.0, 0.5, 13.0 ], "enabled": false },
						"up": { "texture": "#null", "uv": [ 0.0, 0.0, 13.0, 0.5 ], "enabled": false },
						"down": { "texture": "#null", "uv": [ 0.0, 0.0, 13.0, 0.5 ], "enabled": false }
					}
				},
				{
					"name": "e 1",
					"from": [ 1.5, 1.5, -5.0 ], 
					"to": [ 1.5, 14.5, 8.0 ], 
					"shade": false,
					"rotationOrigin": [ 1.5, 0.0, 1.5 ],
					"faces": {
						"north": { "texture": "#e3", "uv": [ 0.0, 0.0, 0.0, 13.0 ], "enabled": false },
						"east": { "texture": "#e3", "uv": [ 1.5, 3.0, 14.5, 16.0 ] },
						"south": { "texture": "#null", "uv": [ 0.0, 0.0, 0.0, 13.0 ], "enabled": false },
						"west": { "texture": "#null", "uv": [ 0.0, 0.0, 13.0, 13.0 ], "enabled": false },
						"up": { "texture": "#null", "uv": [ 0.0, 0.0, 0.0, 13.0 ], "enabled": false },
						"down": { "texture": "#null", "uv": [ 0.0, 0.0, 0.0, 13.0 ], "enabled": false }
					}
				},
				{
					"name": "root",
					"from": [ 0.5, -0.5, 0.5 ], 
					"to": [ 2.5, 0.0, 2.5 ], 
					"faces": {
						"north": { "texture": "#item", "uv": [ 8.0, 15.5, 10.0, 16.0 ] },
						"east": { "texture": "#item", "uv": [ 5.0, 15.0, 7.0, 15.5 ] },
						"south": { "texture": "#item", "uv": [ 12.0, 15.0, 14.0, 15.5 ] },
						"west": { "texture": "#item", "uv": [ 4.0, 15.0, 6.0, 15.5 ] },
						"up": { "texture": "#item", "uv": [ 6.0, 9.5, 8.0, 11.5 ], "enabled": false },
						"down": { "texture": "#item", "uv": [ 10.5, 14.0, 12.5, 16.0 ] }
					}
				},
				{
					"name": "tip",
					"from": [ 1.3, -2.0, 1.2 ], 
					"to": [ 1.8, -0.5, 1.7 ], 
					"rotationOrigin": [ 0.3, 1.0, 0.2 ],
					"faces": {
						"north": { "texture": "#item", "uv": [ 9.0, 14.5, 9.5, 16.0 ] },
						"east": { "texture": "#item", "uv": [ 6.0, 14.5, 6.5, 16.0 ] },
						"south": { "texture": "#item", "uv": [ 13.5, 14.5, 14.0, 16.0 ] },
						"west": { "texture": "#item", "uv": [ 6.0, 14.5, 6.5, 16.0 ] },
						"up": { "texture": "#item", "uv": [ 6.0, 9.5, 6.5, 10.0 ], "enabled": false },
						"down": { "texture": "#item", "uv": [ 9.0, 15.0, 9.5, 15.5 ] }
					}
				}
			]
		}
	]}