{
	"editor": {
		"collapsedPaths": "Root/origin holder/holder1,Root/origin holder/Lfence1,Root/origin holder/holder8,Root/origin holder/Tfence1",
		"allAngles": false,
		"entityTextureMode": false
	},
	"textureWidth": 16,
	"textureHeight": 16,
	"textureSizes": {
	},
	"textures": {
		"surface": "surface"
	},
	"elements": [
		{
			"name": "origin holder",
			"from": [ 0.0, 0.0, 0.0 ],
			"to": [ 1.0, 3.0, 16.0 ],
			"faces": {
				"north": { "texture": "#surface", "uv": [ 7.0, 3.0, 8.0, 6.0 ] },
				"east": { "texture": "#surface", "uv": [ 0.0, 3.0, 16.0, 6.0 ] },
				"south": { "texture": "#surface", "uv": [ 7.0, 3.0, 8.0, 6.0 ] },
				"west": { "texture": "#surface", "uv": [ 0.0, 3.0, 16.0, 6.0 ] },
				"up": { "texture": "#surface", "uv": [ 0.0, 8.0, 16.0, 9.0 ], "rotation": 90 },
				"down": { "texture": "#surface", "uv": [ 0.0, 6.0, 16.0, 7.0 ], "rotation": 270 }
			},
			"children": [
				{
					"name": "holder1",
					"from": [ 15.0, 0.0, 0.0 ],
					"to": [ 16.0, 3.0, 16.0 ],
					"rotationOrigin": [ 15.0, 0.0, 0.0 ],
					"faces": {
						"north": { "texture": "#surface", "uv": [ 7.0, 3.0, 8.0, 6.0 ] },
						"east": { "texture": "#surface", "uv": [ 0.0, 3.0, 16.0, 6.0 ] },
						"south": { "texture": "#surface", "uv": [ 7.0, 3.0, 8.0, 6.0 ] },
						"west": { "texture": "#surface", "uv": [ 0.0, 3.0, 16.0, 6.0 ] },
						"up": { "texture": "#surface", "uv": [ 0.0, 8.0, 16.0, 9.0 ], "rotation": 90 },
						"down": { "texture": "#surface", "uv": [ 0.0, 6.0, 16.0, 7.0 ], "rotation": 270 }
					},
					"children": [
						{
							"name": "holder2",
							"from": [ -14.0, 2.5, 0.0 ],
							"to": [ -13.5, 6.5, 16.0 ],
							"rotationOrigin": [ -15.0, 1.5, 0.0 ],
							"rotationZ": -90.0,
							"faces": {
								"north": { "texture": "#surface", "uv": [ 7.0, 3.0, 7.5, 7.0 ] },
								"east": { "texture": "#surface", "uv": [ 0.0, 3.0, 16.0, 7.0 ] },
								"south": { "texture": "#surface", "uv": [ 7.0, 3.0, 7.5, 7.0 ] },
								"west": { "texture": "#surface", "uv": [ 0.0, 3.0, 16.0, 7.0 ] },
								"up": { "texture": "#surface", "uv": [ 0.0, 8.0, 16.0, 8.5 ], "rotation": 90 }
							}
						},
						{
							"name": "holder3",
							"from": [ 2.0, 0.0, 0.0 ],
							"to": [ 2.5, 4.0, 16.0 ],
							"rotationOrigin": [ 1.0, -1.0, 0.0 ],
							"rotationZ": 90.0,
							"faces": {
								"north": { "texture": "#surface", "uv": [ 7.0, 3.0, 7.5, 7.0 ] },
								"east": { "texture": "#surface", "uv": [ 0.0, 3.0, 16.0, 7.0 ] },
								"south": { "texture": "#surface", "uv": [ 7.0, 3.0, 7.5, 7.0 ] },
								"west": { "texture": "#surface", "uv": [ 0.0, 3.0, 16.0, 7.0 ] },
								"up": { "texture": "#surface", "uv": [ 0.0, 8.0, 16.0, 8.5 ], "rotation": 90 }
							}
						},
						{
							"name": "holder4",
							"from": [ -12.5, 0.0, 2.0 ],
							"to": [ -11.5, 3.0, 14.0 ],
							"rotationOrigin": [ -12.5, 0.0, 0.0 ],
							"rotationZ": 45.0,
							"faces": {
								"north": { "texture": "#surface", "uv": [ 7.0, 3.0, 8.0, 6.0 ] },
								"east": { "texture": "#surface", "uv": [ 0.0, 3.0, 12.0, 6.0 ] },
								"south": { "texture": "#surface", "uv": [ 7.0, 3.0, 8.0, 6.0 ] },
								"west": { "texture": "#surface", "uv": [ 0.0, 3.0, 12.0, 6.0 ] },
								"up": { "texture": "#surface", "uv": [ 0.0, 8.0, 12.0, 9.0 ], "rotation": 90 },
								"down": { "texture": "#surface", "uv": [ 0.0, 6.0, 12.0, 7.0 ], "rotation": 270 }
							}
						},
						{
							"name": "holder5",
							"from": [ -13.5, 0.0, 2.25 ],
							"to": [ -12.5, 2.0, 13.75 ],
							"rotationOrigin": [ -13.5, 0.0, 2.0 ],
							"rotationZ": 45.0,
							"faces": {
								"north": { "texture": "#surface", "uv": [ 7.0, 3.0, 8.0, 5.0 ] },
								"south": { "texture": "#surface", "uv": [ 7.0, 3.0, 8.0, 5.0 ] }
							}
						},
						{
							"name": "holder6",
							"from": [ -2.3, 0.7, 2.0 ],
							"to": [ -1.3, 3.7, 14.0 ],
							"rotationOrigin": [ -2.3, 0.7, 0.0 ],
							"rotationZ": -45.0,
							"faces": {
								"north": { "texture": "#surface", "uv": [ 7.0, 3.0, 8.0, 6.0 ] },
								"east": { "texture": "#surface", "uv": [ 0.0, 3.0, 12.0, 6.0 ] },
								"south": { "texture": "#surface", "uv": [ 7.0, 3.0, 8.0, 6.0 ] },
								"west": { "texture": "#surface", "uv": [ 0.0, 3.0, 12.0, 6.0 ] },
								"up": { "texture": "#surface", "uv": [ 0.0, 8.0, 12.0, 9.0 ], "rotation": 90 },
								"down": { "texture": "#surface", "uv": [ 0.0, 6.0, 12.0, 7.0 ], "rotation": 270 }
							}
						},
						{
							"name": "holder7",
							"from": [ -1.3, 0.7, 2.25 ],
							"to": [ -0.3, 2.7, 13.75 ],
							"rotationOrigin": [ -1.3, 0.7, 2.0 ],
							"rotationZ": -45.0,
							"faces": {
								"north": { "texture": "#surface", "uv": [ 7.0, 3.0, 8.0, 5.0 ] },
								"south": { "texture": "#surface", "uv": [ 7.0, 3.0, 8.0, 5.0 ] }
							}
						}
					]
				},
				{
					"name": "Lfence1",
					"from": [ 0.0, 3.0, 13.0 ],
					"to": [ 1.0, 13.0, 14.0 ],
					"rotationOrigin": [ 0.0, 3.0, 13.0 ],
					"faces": {
						"north": { "texture": "#surface", "uv": [ 4.0, 5.0, 5.0, 15.0 ] },
						"east": { "texture": "#surface", "uv": [ 0.0, 5.0, 1.0, 15.0 ] },
						"south": { "texture": "#surface", "uv": [ 11.0, 5.0, 12.0, 15.0 ] },
						"west": { "texture": "#surface", "uv": [ 15.0, 5.0, 16.0, 15.0 ] }
					},
					"children": [
						{
							"name": "Lfence2",
							"from": [ 0.0, 0.0, -11.5 ],
							"to": [ 1.0, 10.0, -10.5 ],
							"rotationOrigin": [ 0.0, 0.0, -11.5 ],
							"faces": {
								"north": { "texture": "#surface", "uv": [ 10.0, 5.0, 11.0, 15.0 ] },
								"east": { "texture": "#surface", "uv": [ 15.0, 4.0, 16.0, 14.0 ] },
								"south": { "texture": "#surface", "uv": [ 3.0, 5.0, 4.0, 15.0 ] },
								"west": { "texture": "#surface", "uv": [ 0.0, 5.0, 1.0, 15.0 ] }
							}
						},
						{
							"name": "Lfence3",
							"from": [ 0.0, 0.0, -8.5 ],
							"to": [ 1.0, 10.0, -7.5 ],
							"rotationOrigin": [ 0.0, 0.0, -8.5 ],
							"faces": {
								"north": { "texture": "#surface", "uv": [ 4.0, 5.0, 5.0, 15.0 ] },
								"east": { "texture": "#surface", "uv": [ 12.0, 5.0, 13.0, 15.0 ] },
								"south": { "texture": "#surface", "uv": [ 7.0, 4.0, 8.0, 14.0 ] },
								"west": { "texture": "#surface", "uv": [ 3.0, 4.0, 4.0, 14.0 ] }
							}
						},
						{
							"name": "Lfence4",
							"from": [ 0.0, 0.0, -3.0 ],
							"to": [ 1.0, 10.0, -2.0 ],
							"rotationOrigin": [ 0.0, 0.0, -3.0 ],
							"faces": {
								"north": { "texture": "#surface", "uv": [ 6.0, 5.0, 7.0, 15.0 ] },
								"east": { "texture": "#surface", "uv": [ 3.0, 5.0, 4.0, 15.0 ] },
								"south": { "texture": "#surface", "uv": [ 5.0, 5.0, 6.0, 15.0 ] },
								"west": { "texture": "#surface", "uv": [ 10.0, 5.0, 11.0, 15.0 ] }
							}
						},
						{
							"name": "Lfence5",
							"from": [ 15.0, 0.0, -11.5 ],
							"to": [ 16.0, 10.0, -10.5 ],
							"rotationOrigin": [ 15.0, 0.0, -11.5 ],
							"faces": {
								"north": { "texture": "#surface", "uv": [ 12.0, 5.0, 13.0, 15.0 ] },
								"east": { "texture": "#surface", "uv": [ 15.0, 5.0, 16.0, 15.0 ] },
								"south": { "texture": "#surface", "uv": [ 4.0, 5.0, 5.0, 15.0 ] },
								"west": { "texture": "#surface", "uv": [ 0.0, 5.0, 1.0, 15.0 ] }
							}
						},
						{
							"name": "Lfence6",
							"from": [ 15.0, 0.0, -8.5 ],
							"to": [ 16.0, 10.0, -7.5 ],
							"rotationOrigin": [ 15.0, 0.0, -8.5 ],
							"faces": {
								"north": { "texture": "#surface", "uv": [ 6.0, 5.0, 7.0, 15.0 ] },
								"east": { "texture": "#surface", "uv": [ 13.0, 5.0, 14.0, 15.0 ] },
								"south": { "texture": "#surface", "uv": [ 10.0, 5.0, 11.0, 15.0 ] },
								"west": { "texture": "#surface", "uv": [ 5.0, 5.0, 6.0, 15.0 ] }
							}
						},
						{
							"name": "Lfence7",
							"from": [ 15.0, 0.0, -3.0 ],
							"to": [ 16.0, 10.0, -2.0 ],
							"rotationOrigin": [ 15.0, 0.0, -3.0 ],
							"faces": {
								"north": { "texture": "#surface", "uv": [ 12.0, 5.0, 13.0, 15.0 ] },
								"east": { "texture": "#surface", "uv": [ 1.0, 5.0, 2.0, 15.0 ] },
								"south": { "texture": "#surface", "uv": [ 4.0, 5.0, 5.0, 15.0 ] },
								"west": { "texture": "#surface", "uv": [ 3.0, 5.0, 4.0, 15.0 ] }
							}
						},
						{
							"name": "Lfence8",
							"from": [ 15.0, 0.0, 0.0 ],
							"to": [ 16.0, 10.0, 1.0 ],
							"rotationOrigin": [ 15.0, 0.0, 0.0 ],
							"faces": {
								"north": { "texture": "#surface", "uv": [ 1.0, 5.0, 2.0, 15.0 ] },
								"east": { "texture": "#surface", "uv": [ 0.0, 5.0, 1.0, 15.0 ] },
								"south": { "texture": "#surface", "uv": [ 6.0, 5.0, 7.0, 15.0 ] },
								"west": { "texture": "#surface", "uv": [ 15.0, 5.0, 16.0, 15.0 ] }
							}
						},
						{
							"name": "Lfence2.1",
							"from": [ 0.0, 0.0, -10.5 ],
							"to": [ 1.0, 2.0, -8.5 ],
							"rotationOrigin": [ 0.0, 0.0, -10.5 ],
							"faces": {
								"east": { "texture": "#surface", "uv": [ 3.0, 7.0, 5.0, 9.0 ] },
								"west": { "texture": "#surface", "uv": [ 10.0, 10.0, 12.0, 12.0 ] },
								"up": { "texture": "#surface", "uv": [ 0.0, 0.0, 1.0, 2.0 ] }
							}
						},
						{
							"name": "Lfence2.2",
							"from": [ 0.0, 0.0, -2.0 ],
							"to": [ 1.0, 2.0, 0.0 ],
							"rotationOrigin": [ 0.0, 0.0, -2.0 ],
							"faces": {
								"east": { "texture": "#surface", "uv": [ 8.0, 9.0, 10.0, 11.0 ] },
								"west": { "texture": "#surface", "uv": [ 10.0, 6.0, 12.0, 8.0 ] },
								"up": { "texture": "#surface", "uv": [ 0.0, 0.0, 1.0, 2.0 ] }
							}
						},
						{
							"name": "Lfence2.3",
							"from": [ 15.0, 0.0, -2.0 ],
							"to": [ 16.0, 2.0, 0.0 ],
							"rotationOrigin": [ 15.0, 0.0, -2.0 ],
							"faces": {
								"east": { "texture": "#surface", "uv": [ 3.0, 8.0, 5.0, 10.0 ] },
								"west": { "texture": "#surface", "uv": [ 4.0, 13.0, 6.0, 15.0 ] },
								"up": { "texture": "#surface", "uv": [ 0.0, 0.0, 1.0, 2.0 ] }
							}
						},
						{
							"name": "Lfence2.4",
							"from": [ 15.0, 0.0, -10.5 ],
							"to": [ 16.0, 2.0, -8.5 ],
							"rotationOrigin": [ 15.0, 0.0, -10.5 ],
							"faces": {
								"east": { "texture": "#surface", "uv": [ 8.0, 10.0, 10.0, 12.0 ] },
								"west": { "texture": "#surface", "uv": [ 10.0, 8.0, 12.0, 10.0 ] },
								"up": { "texture": "#surface", "uv": [ 0.0, 0.0, 1.0, 2.0 ] }
							}
						},
						{
							"name": "Lfence2.5",
							"from": [ 0.0, 8.0, -10.5 ],
							"to": [ 1.0, 10.0, -8.5 ],
							"rotationOrigin": [ 0.0, 8.0, -10.5 ],
							"faces": {
								"east": { "texture": "#surface", "uv": [ 9.0, 7.0, 11.0, 9.0 ] },
								"west": { "texture": "#surface", "uv": [ 12.0, 8.0, 14.0, 10.0 ] },
								"down": { "texture": "#surface", "uv": [ 0.0, 0.0, 1.0, 2.0 ] }
							}
						},
						{
							"name": "Lfence2.6",
							"from": [ 0.0, 8.0, -2.0 ],
							"to": [ 1.0, 10.0, 0.0 ],
							"rotationOrigin": [ 0.0, 8.0, -2.0 ],
							"faces": {
								"east": { "texture": "#surface", "uv": [ 8.0, 11.0, 10.0, 13.0 ] },
								"west": { "texture": "#surface", "uv": [ 12.0, 6.0, 14.0, 8.0 ] },
								"down": { "texture": "#surface", "uv": [ 0.0, 0.0, 1.0, 2.0 ] }
							}
						},
						{
							"name": "Lfence2.7",
							"from": [ 15.0, 8.0, -10.5 ],
							"to": [ 16.0, 10.0, -8.5 ],
							"rotationOrigin": [ 15.0, 8.0, -10.5 ],
							"faces": {
								"east": { "texture": "#surface", "uv": [ 8.0, 7.0, 10.0, 9.0 ] },
								"west": { "texture": "#surface", "uv": [ 4.0, 9.0, 6.0, 11.0 ] },
								"down": { "texture": "#surface", "uv": [ 0.0, 0.0, 1.0, 2.0 ] }
							}
						},
						{
							"name": "Lfence2.8",
							"from": [ 15.0, 8.0, -2.0 ],
							"to": [ 16.0, 10.0, 0.0 ],
							"rotationOrigin": [ 15.0, 8.0, -2.0 ],
							"faces": {
								"east": { "texture": "#surface", "uv": [ 7.0, 10.0, 9.0, 12.0 ] },
								"west": { "texture": "#surface", "uv": [ 4.0, 7.0, 6.0, 9.0 ] },
								"down": { "texture": "#surface", "uv": [ 0.0, 0.0, 1.0, 2.0 ] }
							}
						}
					]
				},
				{
					"name": "holder8",
					"from": [ 1.0, 16.0, 0.0 ],
					"to": [ 2.0, 19.0, 16.0 ],
					"rotationOrigin": [ 1.0, 16.0, 0.0 ],
					"rotationZ": 180.0,
					"faces": {
						"north": { "texture": "#surface", "uv": [ 7.0, 3.0, 8.0, 6.0 ] },
						"east": { "texture": "#surface", "uv": [ 0.0, 3.0, 16.0, 6.0 ] },
						"south": { "texture": "#surface", "uv": [ 7.0, 3.0, 8.0, 6.0 ] },
						"west": { "texture": "#surface", "uv": [ 0.0, 3.0, 16.0, 6.0 ] },
						"up": { "texture": "#surface", "uv": [ 0.0, 8.0, 16.0, 9.0 ], "rotation": 90 },
						"down": { "texture": "#surface", "uv": [ 0.0, 6.0, 16.0, 7.0 ], "rotation": 270 }
					},
					"children": [
						{
							"name": "holder9",
							"from": [ -14.0, 2.5, 0.0 ],
							"to": [ -13.5, 6.5, 16.0 ],
							"rotationOrigin": [ -15.0, 1.5, 0.0 ],
							"rotationZ": -90.0,
							"faces": {
								"north": { "texture": "#surface", "uv": [ 7.0, 3.0, 7.5, 7.0 ] },
								"east": { "texture": "#surface", "uv": [ 0.0, 3.0, 16.0, 7.0 ] },
								"south": { "texture": "#surface", "uv": [ 7.0, 3.0, 7.5, 7.0 ] },
								"west": { "texture": "#surface", "uv": [ 0.0, 3.0, 16.0, 7.0 ] },
								"up": { "texture": "#surface", "uv": [ 0.0, 8.0, 16.0, 8.5 ], "rotation": 90 }
							}
						},
						{
							"name": "holder10",
							"from": [ 2.0, 0.0, 0.0 ],
							"to": [ 2.5, 4.0, 16.0 ],
							"rotationOrigin": [ 1.0, -1.0, 0.0 ],
							"rotationZ": 90.0,
							"faces": {
								"north": { "texture": "#surface", "uv": [ 7.0, 3.0, 7.5, 7.0 ] },
								"east": { "texture": "#surface", "uv": [ 0.0, 3.0, 16.0, 7.0 ] },
								"south": { "texture": "#surface", "uv": [ 7.0, 3.0, 7.5, 7.0 ] },
								"west": { "texture": "#surface", "uv": [ 0.0, 3.0, 16.0, 7.0 ] },
								"up": { "texture": "#surface", "uv": [ 0.0, 8.0, 16.0, 8.5 ], "rotation": 90 }
							}
						},
						{
							"name": "holder11",
							"from": [ -12.5, 0.0, 2.0 ],
							"to": [ -11.5, 3.0, 14.0 ],
							"rotationOrigin": [ -12.5, 0.0, 0.0 ],
							"rotationZ": 45.0,
							"faces": {
								"north": { "texture": "#surface", "uv": [ 7.0, 3.0, 8.0, 6.0 ] },
								"east": { "texture": "#surface", "uv": [ 0.0, 3.0, 12.0, 6.0 ] },
								"south": { "texture": "#surface", "uv": [ 7.0, 3.0, 8.0, 6.0 ] },
								"west": { "texture": "#surface", "uv": [ 0.0, 3.0, 12.0, 6.0 ] },
								"up": { "texture": "#surface", "uv": [ 0.0, 8.0, 12.0, 9.0 ], "rotation": 90 },
								"down": { "texture": "#surface", "uv": [ 0.0, 6.0, 12.0, 7.0 ], "rotation": 270 }
							}
						},
						{
							"name": "holder12",
							"from": [ -13.5, 0.0, 2.25 ],
							"to": [ -12.5, 2.0, 13.75 ],
							"rotationOrigin": [ -13.5, 0.0, 2.0 ],
							"rotationZ": 45.0,
							"faces": {
								"north": { "texture": "#surface", "uv": [ 7.0, 3.0, 8.0, 5.0 ] },
								"south": { "texture": "#surface", "uv": [ 7.0, 3.0, 8.0, 5.0 ] }
							}
						},
						{
							"name": "holder13",
							"from": [ -2.3, 0.7, 2.0 ],
							"to": [ -1.3, 3.7, 14.0 ],
							"rotationOrigin": [ -2.3, 0.7, 0.0 ],
							"rotationZ": -45.0,
							"faces": {
								"north": { "texture": "#surface", "uv": [ 7.0, 3.0, 8.0, 6.0 ] },
								"east": { "texture": "#surface", "uv": [ 0.0, 3.0, 12.0, 6.0 ] },
								"south": { "texture": "#surface", "uv": [ 7.0, 3.0, 8.0, 6.0 ] },
								"west": { "texture": "#surface", "uv": [ 0.0, 3.0, 12.0, 6.0 ] },
								"up": { "texture": "#surface", "uv": [ 0.0, 8.0, 12.0, 9.0 ], "rotation": 90 },
								"down": { "texture": "#surface", "uv": [ 0.0, 6.0, 12.0, 7.0 ], "rotation": 270 }
							}
						},
						{
							"name": "holder14",
							"from": [ -1.3, 0.7, 2.25 ],
							"to": [ -0.3, 2.7, 13.75 ],
							"rotationOrigin": [ -1.3, 0.7, 2.0 ],
							"rotationZ": -45.0,
							"faces": {
								"north": { "texture": "#surface", "uv": [ 7.0, 3.0, 8.0, 5.0 ] },
								"south": { "texture": "#surface", "uv": [ 7.0, 3.0, 8.0, 5.0 ] }
							}
						},
						{
							"name": "holder15",
							"from": [ -15.0, 0.0, 0.0 ],
							"to": [ -14.0, 3.0, 16.0 ],
							"rotationOrigin": [ -15.0, 0.0, 0.0 ],
							"faces": {
								"north": { "texture": "#surface", "uv": [ 7.0, 3.0, 8.0, 6.0 ] },
								"east": { "texture": "#surface", "uv": [ 0.0, 3.0, 16.0, 6.0 ] },
								"south": { "texture": "#surface", "uv": [ 7.0, 3.0, 8.0, 6.0 ] },
								"west": { "texture": "#surface", "uv": [ 0.0, 3.0, 16.0, 6.0 ] },
								"up": { "texture": "#surface", "uv": [ 0.0, 8.0, 16.0, 9.0 ], "rotation": 90 },
								"down": { "texture": "#surface", "uv": [ 0.0, 6.0, 16.0, 7.0 ], "rotation": 270 }
							}
						}
					]
				},
				{
					"name": "Tfence1",
					"from": [ 11.0, 0.0, 4.5 ],
					"to": [ 11.5, 6.0, 11.0 ],
					"rotationOrigin": [ 11.0, 0.0, 4.5 ],
					"rotationZ": 90.0,
					"faces": {
						"north": { "texture": "#surface", "uv": [ 4.0, 5.0, 4.5, 11.0 ] },
						"east": { "texture": "#surface", "uv": [ 3.0, 6.0, 9.5, 12.0 ] },
						"south": { "texture": "#surface", "uv": [ 11.0, 5.0, 11.5, 11.0 ] },
						"west": { "texture": "#surface", "uv": [ 7.0, 5.0, 13.5, 11.0 ] }
					},
					"children": [
						{
							"name": "Tfence2",
							"from": [ 15.5, 0.0, 0.0 ],
							"to": [ 16.0, 6.0, 2.0 ],
							"rotationOrigin": [ 15.0, 0.0, 0.0 ],
							"faces": {
								"north": { "texture": "#surface", "uv": [ 4.0, 5.0, 4.5, 11.0 ] },
								"east": { "texture": "#surface", "uv": [ 3.0, 6.0, 5.0, 12.0 ] },
								"south": { "texture": "#surface", "uv": [ 11.0, 5.0, 11.5, 11.0 ] },
								"west": { "texture": "#surface", "uv": [ 7.0, 5.0, 9.0, 11.0 ] }
							}
						},
						{
							"name": "Tfence3",
							"from": [ 15.5, 0.0, 4.5 ],
							"to": [ 16.0, 6.0, 6.5 ],
							"rotationOrigin": [ 15.0, 0.0, 4.0 ],
							"faces": {
								"north": { "texture": "#surface", "uv": [ 4.0, 5.0, 4.5, 11.0 ] },
								"east": { "texture": "#surface", "uv": [ 3.0, 6.0, 5.0, 12.0 ] },
								"south": { "texture": "#surface", "uv": [ 11.0, 5.0, 11.5, 11.0 ] },
								"west": { "texture": "#surface", "uv": [ 7.0, 5.0, 9.0, 11.0 ] }
							}
						}
					]
				}
			]
		}
	]}