{
	code: "celticbed",
	class: "BlockBed",
	entityClassByType: {
		"*-head-*": "Bed",
	},
	attributes: {
		sleepEfficiencyByType: {
            "celticbed-*" : 0.70833333
		},
		attachableToEntity: {
			categoryCode: "bedroll",
			attachedShape: { base: "item/furroll_hooved" }
		}
	},
	"textures": {
		"edge-left": { base:"game:block/cloth/aged/red/edge-left"},
		"edge-right": { base:"game:block/cloth/aged/red/edge-right"},
		"top": { base:"game:block/cloth/aged/red/top"},
		"mattress-normal": { base:"game:block/cloth/bed/mattress-normal"},
		"pillow-normal": { base:"game:block/cloth/bed/pillow-normal"},
		"aged": { base:"game:block/wood/bark/aged"},
		"aged-h": { base:"game:block/wood/bark/aged-h"},
		"ebony_celtic_knot":{ base:"ebony_celtic_knot"}
	},
	behaviors: [ 
		{name: "Multiblock", propertiesbytype:{ 
			"*-east": { sizex: 1, sizey: 1, sizez: 2, cposition: { x: 0, y: 0, z: 1 }},
			"*-west": { sizex: 1, sizey: 1, sizez: 2, cposition: { x: 0, y: 0, z: 0 }},
			"*-south": { sizex: 2, sizey: 1, sizez: 1, cposition: { x: 0, y: 0, z: 0 }},
			"*-north": { sizex: 2, sizey: 1, sizez: 1, cposition: { x: 1, y: 0, z: 0 }}
			}
		}
    ],
	entityBehaviors: [{ name: "Animatable" }],
	sidesolid: {
		all: false
	},
	sideopaque: {
		all: false
	},
	heldTpIdleAnimation: "holdunderarm",
	variantgroups: [
		{ code: "part", states: ["head", "feet"] },
		{ code:"side", loadFromProperties: "abstract/horizontalorientation" }
	],
	creativeinventory: { "general": ["*-head-north"], "decorative": ["*-head-north"] },
	shapeinventory: { base: "block/celticbed-head" },
	shapebytype: {
		"*-head-north": { base: "block/celticbed-head", rotateY: 180 },
		"*-head-east": { base: "block/celticbed-head", rotateY: 90 },
		"*-head-south": { base: "block/celticbed-head", rotateY: 0 },
		"*-head-west": { base: "block/celticbed-head", rotateY: 270 },
		"*-feet-north": { base: "block/celticbed-feet", rotateY: 180 },
		"*-feet-east": { base: "block/celticbed-feet", rotateY: 90 },
		"*-feet-south": { base: "block/celticbed-feet", rotateY: 0 },
		"*-feet-west": { base: "block/celticbed-feet", rotateY: 270 },
	},
	
	blockmaterial: "Wood",
	replaceable: 550,
	resistance: 2,
	lightAbsorption: 0,
	maxStackSize: 2,
	guitransform: {
		scale: 0.75,
	},
	combustibleProps: {
		burnTemperature: 600,
		burnDuration: 40,
	},
	fpHandTransform: {
		translation: { x: 0.31, y: -0.2, z: 0 },
		rotation: { x: -67, y: -33, z: 77 },
		origin: { x: 0.5, y: 0.2, z: 0.5 },
		scale: 1.35
	},
	groundTransform: {
		origin: { x: 0.5, y: 0, z: 0.5 },
		scale: 2
	},
	selectionbox: { x1: 0, y1: 0, z1: 0, x2: 1, y2: 0.5, z2: 1},
	collisionbox: { x1: 0, y1: 0, z1: 0, x2: 1, y2: 0.5, z2: 1},
	sounds: {
		"place": "game:block/leather",
		"hit": "game:block/leather",
		"break": "game:block/leather",
		"walk": "game:walk/leather"
	},
	materialDensity: 600
}