﻿[
 {
   file: "expandedfoods:recipes/kneading/acorns/acornbreadedball.json",
    op: "addmerge", 
    path: "/0/ingredients/3/inputs/-", 
    value: { type: "item", code: "moreanimals:egg-*-boiled", quantity: 1},
    side: "server",
    dependsOn: [{ "modid": "acorns" }, { "modid": "moreanimals" }]
 },
 {
   file: "expandedfoods:recipes/kneading/acorns/acornbreadedball.json",
    op: "addmerge", 
    path: "/1/ingredients/3/inputs/-", 
    value: { type: "item", code: "moreanimals:egg-*-boiled", quantity: 1},
    side: "server",
    dependsOn: [{ "modid": "acorns" }, { "modid": "moreanimals" }]
 },
 {
   file: "expandedfoods:recipes/kneading/acorns/acornbreadedball.json",
    op: "addmerge", 
    path: "/0/ingredients/3/inputs/-", 
    value: { type: "item", code: "moreanimals:egg-*-pickled", quantity: 1},
    side: "server",
    dependsOn: [{ "modid": "acorns" }, { "modid": "moreanimals" }]
 },
 {
   file: "expandedfoods:recipes/kneading/acorns/acornbreadedball.json",
    op: "addmerge", 
    path: "/1/ingredients/3/inputs/-", 
    value: { type: "item", code: "moreanimals:egg-*-pickled", quantity: 1},
    side: "server",
    dependsOn: [{ "modid": "acorns" }, { "modid": "moreanimals" }]
 },
]