{
	"editor": {
		"allAngles": true,
		"entityTextureMode": true
	},
	"textureWidth": 64,
	"textureHeight": 64,
	"textureSizes": {
	},
	"textures": {
		"material": "/Users/Asus/AppData/Roaming/VintagestoryData/Mods/Maple Cultures/assets/maplemod/textures/armor/altochinese-iron"
	},
	"elements": [
		{
			"name": "ArmorUpperTorso",
			"stepParentName": "UpperTorso",
			"from": [ -0.3, -0.2, -0.3 ],
			"to": [ 5.3, 5.2, 6.5 ],
			"uv": [ 0.0, 0.0 ],
			"rotationOrigin": [ -0.3, -0.2, -0.3 ],
			"faces": {
				"north": { "texture": "#material", "uv": [ 0.0, 6.5, 5.5, 11.5 ] },
				"east": { "texture": "#material", "uv": [ 5.5, 6.5, 12.0, 11.5 ] },
				"south": { "texture": "#material", "uv": [ 12.0, 6.5, 17.5, 11.5 ] },
				"west": { "texture": "#material", "uv": [ 17.5, 6.5, 24.0, 11.5 ] },
				"up": { "texture": "#material", "uv": [ 0.0, 0.0, 5.5, 6.5 ] },
				"down": { "texture": "#material", "uv": [ 5.5, 0.0, 11.0, 6.5 ] }
			},
			"children": [
				{
					"name": "Jilet1",
					"from": [ -0.4, -0.3, 1.0 ],
					"to": [ 0.0, 3.7, 5.8 ],
					"autoUnwrap": false,
					"uv": [ 37.0, 51.0 ],
					"rotationOrigin": [ -1.0, 0.0, 2.0 ],
					"faces": {
						"north": { "texture": "#material", "uv": [ 37.0, 57.5, 37.5, 60.5 ], "autoUv": false },
						"east": { "texture": "#material", "uv": [ 37.5, 57.5, 44.0, 60.5 ], "autoUv": false },
						"south": { "texture": "#material", "uv": [ 44.0, 57.5, 44.5, 60.5 ], "autoUv": false },
						"west": { "texture": "#material", "uv": [ 44.5, 57.5, 51.0, 60.5 ], "autoUv": false },
						"up": { "texture": "#material", "uv": [ 41.5, 56.0, 42.0, 60.5 ], "autoUv": false },
						"down": { "texture": "#material", "uv": [ 37.5, 55.0, 38.0, 58.5 ], "autoUv": false }
					},
					"children": [
						{
							"name": "Cube7",
							"from": [ -1.3008, -0.4001, 0.6992 ],
							"to": [ 0.1992, 0.5999, 1.0992 ],
							"uv": [ 5.0, 20.0 ],
							"rotationOrigin": [ -0.6, -1.0, 0.0 ],
							"rotationX": -17.004,
							"rotationY": 90.0,
							"rotationZ": 0.002,
							"faces": {
								"north": { "texture": "#material", "uv": [ 5.0, 20.5, 6.5, 21.5 ] },
								"east": { "texture": "#material", "uv": [ 6.5, 20.5, 7.0, 21.5 ] },
								"south": { "texture": "#material", "uv": [ 7.0, 20.5, 8.5, 21.5 ] },
								"west": { "texture": "#material", "uv": [ 8.5, 20.5, 9.0, 21.5 ] },
								"up": { "texture": "#material", "uv": [ 5.0, 20.0, 6.5, 20.5 ] },
								"down": { "texture": "#material", "uv": [ 6.5, 20.0, 8.0, 20.5 ] }
							}
						},
						{
							"name": "Cube6",
							"from": [ -0.3029, -0.7, 6.7 ],
							"to": [ 1.1971, 0.3, 7.1 ],
							"uv": [ 5.0, 20.0 ],
							"rotationOrigin": [ -0.6, -1.0, 6.0 ],
							"rotationX": 17.004,
							"rotationY": 90.0,
							"rotationZ": -0.002,
							"faces": {
								"north": { "texture": "#material", "uv": [ 5.0, 20.5, 6.5, 21.5 ] },
								"east": { "texture": "#material", "uv": [ 6.5, 20.5, 7.0, 21.5 ] },
								"south": { "texture": "#material", "uv": [ 7.0, 20.5, 8.5, 21.5 ] },
								"west": { "texture": "#material", "uv": [ 8.5, 20.5, 9.0, 21.5 ] },
								"up": { "texture": "#material", "uv": [ 5.0, 20.0, 6.5, 20.5 ] },
								"down": { "texture": "#material", "uv": [ 6.5, 20.0, 8.0, 20.5 ] }
							}
						},
						{
							"name": "Cube8",
							"from": [ -1.5993, 5.0003, 0.7004 ],
							"to": [ 0.1507, 6.0003, 1.1004 ],
							"uv": [ 5.0, 20.0 ],
							"rotationOrigin": [ -0.6, 5.0, 0.0 ],
							"rotationX": 90.0,
							"rotationY": 89.972,
							"rotationZ": 0.005,
							"faces": {
								"north": { "texture": "#material", "uv": [ 5.0, 20.5, 6.5, 21.5 ] },
								"east": { "texture": "#material", "uv": [ 6.5, 20.5, 7.0, 21.5 ] },
								"south": { "texture": "#material", "uv": [ 7.0, 20.5, 8.5, 21.5 ] },
								"west": { "texture": "#material", "uv": [ 8.5, 20.5, 9.0, 21.5 ] },
								"up": { "texture": "#material", "uv": [ 5.0, 20.0, 6.5, 20.5 ] },
								"down": { "texture": "#material", "uv": [ 6.5, 20.0, 8.0, 20.5 ] }
							}
						},
						{
							"name": "Cube9",
							"from": [ -1.5986, 8.8003, 0.7004 ],
							"to": [ 0.1514, 9.8003, 1.1004 ],
							"uv": [ 5.0, 20.0 ],
							"rotationOrigin": [ -0.6, 5.0, 0.0 ],
							"rotationX": 90.0,
							"rotationY": 89.972,
							"rotationZ": 0.005,
							"faces": {
								"north": { "texture": "#material", "uv": [ 5.0, 20.5, 6.5, 21.5 ] },
								"east": { "texture": "#material", "uv": [ 6.5, 20.5, 7.0, 21.5 ] },
								"south": { "texture": "#material", "uv": [ 7.0, 20.5, 8.5, 21.5 ] },
								"west": { "texture": "#material", "uv": [ 8.5, 20.5, 9.0, 21.5 ] },
								"up": { "texture": "#material", "uv": [ 5.0, 20.0, 6.5, 20.5 ] },
								"down": { "texture": "#material", "uv": [ 6.5, 20.0, 8.0, 20.5 ] }
							}
						}
					]
				},
				{
					"name": "Verevka1",
					"from": [ 0.0, 5.0, 1.0 ],
					"to": [ 5.7, 5.5, 2.0 ],
					"uv": [ 5.5, 20.0 ],
					"rotationOrigin": [ 0.0, 5.0, 1.0 ],
					"faces": {
						"north": { "texture": "#material", "uv": [ 5.5, 21.0, 11.0, 21.5 ] },
						"east": { "texture": "#material", "uv": [ 11.0, 21.0, 12.0, 21.5 ] },
						"south": { "texture": "#material", "uv": [ 12.0, 21.0, 17.5, 21.5 ] },
						"west": { "texture": "#material", "uv": [ 17.5, 21.0, 18.5, 21.5 ] },
						"up": { "texture": "#material", "uv": [ 5.5, 20.0, 11.0, 21.0 ] },
						"down": { "texture": "#material", "uv": [ 11.0, 20.0, 16.5, 21.0 ] }
					},
					"children": [
						{
							"name": "Verevka2",
							"from": [ 0.0, 0.0, 3.8 ],
							"to": [ 5.7, 0.5, 4.8 ],
							"uv": [ 5.5, 20.0 ],
							"rotationOrigin": [ 0.0, 0.0, 4.0 ],
							"faces": {
								"north": { "texture": "#material", "uv": [ 5.5, 21.0, 11.0, 21.5 ] },
								"east": { "texture": "#material", "uv": [ 11.0, 21.0, 12.0, 21.5 ] },
								"south": { "texture": "#material", "uv": [ 12.0, 21.0, 17.5, 21.5 ] },
								"west": { "texture": "#material", "uv": [ 17.5, 21.0, 18.5, 21.5 ] },
								"up": { "texture": "#material", "uv": [ 5.5, 20.0, 11.0, 21.0 ], "rotation": 180 },
								"down": { "texture": "#material", "uv": [ 11.0, 20.0, 16.5, 21.0 ] }
							}
						},
						{
							"name": "Verevka3",
							"from": [ 0.0, -6.0, -1.3 ],
							"to": [ 5.5, -5.0, -0.9 ],
							"uv": [ 5.5, 20.0 ],
							"rotationOrigin": [ 0.0, -6.0, -2.0 ],
							"faces": {
								"north": { "texture": "#material", "uv": [ 5.5, 20.5, 11.0, 21.5 ] },
								"east": { "texture": "#material", "uv": [ 11.0, 20.5, 11.5, 21.5 ] },
								"south": { "texture": "#material", "uv": [ 11.5, 20.5, 17.0, 21.5 ] },
								"west": { "texture": "#material", "uv": [ 17.0, 20.5, 17.5, 21.5 ] },
								"up": { "texture": "#material", "uv": [ 5.5, 20.0, 11.0, 20.5 ] },
								"down": { "texture": "#material", "uv": [ 11.0, 20.0, 16.5, 20.5 ] }
							}
						},
						{
							"name": "Verevka4",
							"from": [ 0.0, -6.0, 5.7 ],
							"to": [ 5.5, -5.0, 6.1 ],
							"uv": [ 5.0, 20.0 ],
							"rotationOrigin": [ 0.0, -6.0, 5.0 ],
							"faces": {
								"north": { "texture": "#material", "uv": [ 5.0, 20.5, 10.5, 21.5 ] },
								"east": { "texture": "#material", "uv": [ 10.5, 20.5, 11.0, 21.5 ] },
								"south": { "texture": "#material", "uv": [ 11.0, 20.5, 16.5, 21.5 ] },
								"west": { "texture": "#material", "uv": [ 16.5, 20.5, 17.0, 21.5 ] },
								"up": { "texture": "#material", "uv": [ 5.0, 20.0, 10.5, 20.5 ] },
								"down": { "texture": "#material", "uv": [ 10.5, 20.0, 16.0, 20.5 ] }
							}
						}
					]
				},
				{
					"name": "Jilet2",
					"from": [ 5.6, -0.3, 1.0 ],
					"to": [ 6.0, 3.7, 5.8 ],
					"autoUnwrap": false,
					"uv": [ 37.0, 51.0 ],
					"rotationOrigin": [ 5.0, 0.0, 2.0 ],
					"faces": {
						"north": { "texture": "#material", "uv": [ 37.0, 57.5, 37.5, 60.5 ], "autoUv": false },
						"east": { "texture": "#material", "uv": [ 38.0, 57.5, 41.5, 60.5 ], "autoUv": false },
						"south": { "texture": "#material", "uv": [ 44.0, 57.5, 44.5, 60.5 ], "autoUv": false },
						"west": { "texture": "#material", "uv": [ 44.5, 57.5, 51.0, 60.5 ], "autoUv": false },
						"up": { "texture": "#material", "uv": [ 41.5, 56.0, 42.0, 60.5 ], "autoUv": false },
						"down": { "texture": "#material", "uv": [ 37.5, 55.0, 38.0, 58.5 ], "autoUv": false }
					},
					"children": [
						{
							"name": "Cube13",
							"from": [ -1.5985, 8.8001, 0.4996 ],
							"to": [ -0.0485, 9.8001, 0.8996 ],
							"uv": [ 5.0, 20.0 ],
							"rotationOrigin": [ -0.6, 5.0, 0.0 ],
							"rotationX": 90.0,
							"rotationY": 89.972,
							"rotationZ": 0.005,
							"faces": {
								"north": { "texture": "#material", "uv": [ 5.0, 20.5, 6.5, 21.5 ] },
								"east": { "texture": "#material", "uv": [ 6.5, 20.5, 7.0, 21.5 ] },
								"south": { "texture": "#material", "uv": [ 7.0, 20.5, 8.5, 21.5 ] },
								"west": { "texture": "#material", "uv": [ 8.5, 20.5, 9.0, 21.5 ] },
								"up": { "texture": "#material", "uv": [ 5.0, 20.0, 6.5, 20.5 ] },
								"down": { "texture": "#material", "uv": [ 6.5, 20.0, 8.0, 20.5 ] }
							}
						},
						{
							"name": "Cube12",
							"from": [ -1.5992, 5.0001, 0.4996 ],
							"to": [ -0.0492, 6.0001, 0.8996 ],
							"uv": [ 5.0, 20.0 ],
							"rotationOrigin": [ -0.6, 5.0, 0.0 ],
							"rotationX": 90.0,
							"rotationY": 89.972,
							"rotationZ": 0.005,
							"faces": {
								"north": { "texture": "#material", "uv": [ 5.0, 20.5, 6.5, 21.5 ] },
								"east": { "texture": "#material", "uv": [ 6.5, 20.5, 7.0, 21.5 ] },
								"south": { "texture": "#material", "uv": [ 7.0, 20.5, 8.5, 21.5 ] },
								"west": { "texture": "#material", "uv": [ 8.5, 20.5, 9.0, 21.5 ] },
								"up": { "texture": "#material", "uv": [ 5.0, 20.0, 6.5, 20.5 ] },
								"down": { "texture": "#material", "uv": [ 6.5, 20.0, 8.0, 20.5 ] }
							}
						},
						{
							"name": "Cube11",
							"from": [ -0.3103, -0.5192, 6.5 ],
							"to": [ 1.1897, 0.4808, 6.9 ],
							"uv": [ 5.0, 20.0 ],
							"rotationOrigin": [ -0.6, -1.0, 6.0 ],
							"rotationX": 22.62,
							"rotationY": 90.0,
							"rotationZ": -3.576,
							"faces": {
								"north": { "texture": "#material", "uv": [ 5.0, 20.5, 6.5, 21.5 ] },
								"east": { "texture": "#material", "uv": [ 6.5, 20.5, 7.0, 21.5 ] },
								"south": { "texture": "#material", "uv": [ 7.0, 20.5, 8.5, 21.5 ] },
								"west": { "texture": "#material", "uv": [ 8.5, 20.5, 9.0, 21.5 ] },
								"up": { "texture": "#material", "uv": [ 5.0, 20.0, 6.5, 20.5 ] },
								"down": { "texture": "#material", "uv": [ 6.5, 20.0, 8.0, 20.5 ] }
							}
						},
						{
							"name": "Cube10",
							"from": [ -1.311, -0.4546, 0.5 ],
							"to": [ 0.189, 0.5454, 0.9 ],
							"uv": [ 5.0, 20.0 ],
							"rotationOrigin": [ -0.6, -1.0, 0.0 ],
							"rotationX": -22.62,
							"rotationY": 90.0,
							"rotationZ": 3.576,
							"faces": {
								"north": { "texture": "#material", "uv": [ 5.0, 20.5, 6.5, 21.5 ] },
								"east": { "texture": "#material", "uv": [ 6.5, 20.5, 7.0, 21.5 ] },
								"south": { "texture": "#material", "uv": [ 7.0, 20.5, 8.5, 21.5 ] },
								"west": { "texture": "#material", "uv": [ 8.5, 20.5, 9.0, 21.5 ] },
								"up": { "texture": "#material", "uv": [ 5.0, 20.0, 6.5, 20.5 ] },
								"down": { "texture": "#material", "uv": [ 6.5, 20.0, 8.0, 20.5 ] }
							}
						}
					]
				}
			]
		},
		{
			"name": "ArmorLowerTorso",
			"stepParentName": "LowerTorso",
			"from": [ -0.3, -0.5, -0.3 ],
			"to": [ 5.3, 5.1, 6.3 ],
			"uv": [ 0.0, 11.5 ],
			"renderInEditor": false,
			"rotationOrigin": [ -0.3, -0.5, -0.3 ],
			"faces": {
				"north": { "texture": "#material", "uv": [ 0.0, 18.0, 5.5, 23.5 ] },
				"east": { "texture": "#material", "uv": [ 5.5, 18.0, 12.0, 23.5 ] },
				"south": { "texture": "#material", "uv": [ 12.0, 18.0, 17.5, 23.5 ] },
				"west": { "texture": "#material", "uv": [ 17.5, 18.0, 24.0, 23.5 ] },
				"up": { "texture": "#material", "uv": [ 0.0, 11.5, 5.5, 18.0 ] },
				"down": { "texture": "#material", "uv": [ 5.5, 11.5, 11.0, 18.0 ] }
			}
		},
		{
			"name": "ArmorUpperArmR",
			"stepParentName": "UpperArmR",
			"from": [ -0.2, -0.2, -0.3 ],
			"to": [ 3.1, 7.2, 2.1 ],
			"uv": [ 36.0, 0.0 ],
			"renderInEditor": false,
			"rotationOrigin": [ -0.2, -0.2, -0.3 ],
			"faces": {
				"north": { "texture": "#material", "uv": [ 36.0, 2.0, 39.0, 9.0 ] },
				"east": { "texture": "#material", "uv": [ 39.0, 2.0, 41.0, 9.0 ] },
				"south": { "texture": "#material", "uv": [ 41.0, 2.0, 44.0, 9.0 ] },
				"west": { "texture": "#material", "uv": [ 44.0, 2.0, 46.0, 9.0 ] },
				"up": { "texture": "#material", "uv": [ 36.0, 0.0, 39.0, 2.0 ] },
				"down": { "texture": "#material", "uv": [ 39.0, 0.0, 42.0, 2.0 ] }
			}
		},
		{
			"name": "ArmorUpperArmL",
			"stepParentName": "UpperArmL",
			"from": [ -0.2, -0.2, -0.2 ],
			"to": [ 3.1, 7.2, 2.2 ],
			"uv": [ 26.0, 0.0 ],
			"renderInEditor": false,
			"rotationOrigin": [ -0.2, -0.2, -0.2 ],
			"faces": {
				"north": { "texture": "#material", "uv": [ 26.0, 2.0, 29.0, 9.0 ] },
				"east": { "texture": "#material", "uv": [ 29.0, 2.0, 31.0, 9.0 ] },
				"south": { "texture": "#material", "uv": [ 31.0, 2.0, 34.0, 9.0 ] },
				"west": { "texture": "#material", "uv": [ 34.0, 2.0, 36.0, 9.0 ] },
				"up": { "texture": "#material", "uv": [ 26.0, 0.0, 29.0, 2.0 ] },
				"down": { "texture": "#material", "uv": [ 29.0, 0.0, 32.0, 2.0 ] }
			}
		},
		{
			"name": "ArmorLowerArmR",
			"stepParentName": "LowerArmR",
			"from": [ -0.2, 1.8, -0.25 ],
			"to": [ 2.7, 8.2, 2.25 ],
			"uv": [ 36.0, 9.0 ],
			"renderInEditor": false,
			"rotationOrigin": [ -0.2, 1.8, -0.4 ],
			"faces": {
				"north": { "texture": "#material", "uv": [ 36.0, 11.5, 38.5, 17.5 ] },
				"east": { "texture": "#material", "uv": [ 38.5, 11.5, 41.0, 17.5 ] },
				"south": { "texture": "#material", "uv": [ 41.0, 11.5, 43.5, 17.5 ] },
				"west": { "texture": "#material", "uv": [ 43.5, 11.5, 46.0, 17.5 ] },
				"up": { "texture": "#material", "uv": [ 36.0, 9.0, 38.5, 11.5 ] },
				"down": { "texture": "#material", "uv": [ 38.5, 9.0, 41.0, 11.5 ] }
			}
		},
		{
			"name": "ArmorLowerArmL",
			"stepParentName": "LowerArmL",
			"from": [ -0.2, 1.8, -0.25 ],
			"to": [ 2.7, 8.2, 2.25 ],
			"uv": [ 26.0, 9.0 ],
			"renderInEditor": false,
			"rotationOrigin": [ -0.2, 1.8, -0.3 ],
			"faces": {
				"north": { "texture": "#material", "uv": [ 26.0, 11.5, 28.5, 17.5 ] },
				"east": { "texture": "#material", "uv": [ 28.5, 11.5, 31.0, 17.5 ] },
				"south": { "texture": "#material", "uv": [ 31.0, 11.5, 33.5, 17.5 ] },
				"west": { "texture": "#material", "uv": [ 33.5, 11.5, 36.0, 17.5 ] },
				"up": { "texture": "#material", "uv": [ 26.0, 9.0, 28.5, 11.5 ] },
				"down": { "texture": "#material", "uv": [ 28.5, 9.0, 31.0, 11.5 ] }
			}
		},
		{
			"name": "ArmorCoatR",
			"stepParentName": "UpperFootR",
			"from": [ -0.7, 0.2, -0.45 ],
			"to": [ 4.9, 7.2, 3.05 ],
			"autoUnwrap": false,
			"uv": [ 18.0, 24.5 ],
			"renderInEditor": false,
			"rotationOrigin": [ -0.7, 0.2, -0.6 ],
			"faces": {
				"north": { "texture": "#material", "uv": [ 18.0, 28.0, 23.5, 35.0 ] },
				"east": { "texture": "#material", "uv": [ 23.5, 28.0, 27.0, 35.0 ] },
				"south": { "texture": "#material", "uv": [ 27.0, 28.0, 32.5, 35.0 ] },
				"west": { "texture": "#material", "uv": [ 32.5, 28.0, 36.0, 35.0 ] },
				"up": { "texture": "#material", "uv": [ 18.0, 24.5, 23.5, 28.0 ] },
				"down": { "texture": "#material", "uv": [ 23.5, 24.5, 29.0, 28.0 ], "rotation": 180 }
			},
			"children": [
				{
					"name": "ArmorLegCoverR",
					"from": [ 0.5, 0.1, 0.3 ],
					"to": [ 5.1, 9.1, 3.7 ],
					"autoUnwrap": false,
					"uv": [ 16.0, 36.5 ],
					"rotationOrigin": [ 0.5, 0.1, 0.3 ],
					"faces": {
						"north": { "texture": "#material", "uv": [ 56.5, 53.0, 61.0, 62.0 ] },
						"east": { "texture": "#material", "uv": [ 60.0, 53.0, 63.0, 62.0 ] },
						"south": { "texture": "#material", "uv": [ 59.0, 53.0, 63.5, 62.0 ] },
						"west": { "texture": "#material", "uv": [ 57.0, 53.0, 60.0, 62.0 ] },
						"up": { "texture": "#material", "uv": [ 57.0, 53.0, 61.5, 56.0 ] }
					}
				}
			]
		},
		{
			"name": "ArmorCoatL",
			"stepParentName": "UpperFootL",
			"from": [ -0.7, 0.2, 0.25 ],
			"to": [ 4.9, 7.2, 3.75 ],
			"uv": [ 0.0, 24.5 ],
			"renderInEditor": false,
			"rotationOrigin": [ -0.7, 0.2, 0.1 ],
			"faces": {
				"north": { "texture": "#material", "uv": [ 0.0, 28.0, 5.5, 35.0 ] },
				"east": { "texture": "#material", "uv": [ 5.5, 28.0, 9.0, 35.0 ] },
				"south": { "texture": "#material", "uv": [ 9.0, 28.0, 14.5, 35.0 ] },
				"west": { "texture": "#material", "uv": [ 14.5, 28.0, 18.0, 35.0 ] },
				"up": { "texture": "#material", "uv": [ 0.0, 24.5, 5.5, 28.0 ] },
				"down": { "texture": "#material", "uv": [ 5.5, 24.5, 11.0, 28.0 ] }
			},
			"children": [
				{
					"name": "ArmorLegCoverL",
					"from": [ 0.5, 0.1, -0.3 ],
					"to": [ 5.1, 9.1, 3.1 ],
					"autoUnwrap": false,
					"uv": [ 0.0, 0.0 ],
					"rotationOrigin": [ 0.5, 0.1, -0.3 ],
					"faces": {
						"north": { "texture": "#material", "uv": [ 59.5, 53.0, 64.0, 62.0 ] },
						"east": { "texture": "#material", "uv": [ 57.5, 53.0, 60.5, 62.0 ] },
						"south": { "texture": "#material", "uv": [ 56.5, 53.0, 61.0, 62.0 ] },
						"west": { "texture": "#material", "uv": [ 57.5, 53.0, 60.5, 62.0 ] },
						"up": { "texture": "#material", "uv": [ 59.5, 53.0, 64.0, 56.0 ] }
					}
				}
			]
		}
	]}