{
  "game:claypot-burned": { "origin": { "x": 0.5, "y": 0, "z": 0.5 }, "scale": 0.8 },
  "game:claypot-cooked": { "origin": { "x": 0.5, "y": 0, "z": 0.5 }, "scale": 0.8 },
  "game:bowl-fired": { "origin": { "x": 0.5, "y": 0, "z": 0.5 }, "scale": 0.9 },
  "game:bowl-meal": { "origin": { "x": 0.5, "y": 0, "z": 0.5 }, "scale": 0.9 },

  "foodshelves:fruitbasket-*": { "origin": { "x": 0.5, "y": 0, "z": 0.5 }, "scale": 0.9 },
  "foodshelves:vegetablebasket-*": { "origin": { "x": 0.5, "y": 0, "z": 0.5 }, "scale": 0.9 },

  "pewter:bowl-pewter": { "origin": { "x": 0.5, "y": 0, "z": 0.5 }, "scale": 0.9 },
  "pewter:bowl-meal-pewter": { "origin": { "x": 0.5, "y": 0, "z": 0.5 }, "scale": 0.9 },
  
  "*muffin-*": { "origin": { "x": 0.5, "y": 0, "z": 0.5 }, "rotation": { "x": 0, "y": 30, "z": 0 }, "scale": 0.7 },
  "*dumpling-*": { "origin": { "x": 0.5, "y": 0, "z": 0.5 }, "scale": 0.8 },
  "*doughball-*": { "origin": { "x": 0.5, "y": 0, "z": 0.5 }, "rotation": { "x": 0, "y": 45, "z": 0 }, "scale": 0.95 },
  "*breadedball-*": { "origin": { "x": 0.5, "y": 0, "z": 0.5 }, "rotation": { "x": 0, "y": -65, "z": 0 }, "scale": 0.45 },
  
  "*halva": { "origin": { "x": 0.5, "y": 0, "z": 0.5 }, "translation": { "x": 0, "y": 0, "z": -0.05 }, "rotation": { "x": 0, "y": 35, "z": 0 }, "scale": 0.7 },
  "*pacoca": { "origin": { "x": 0.5, "y": 0, "z": 0.5 }, "translation": { "x": 0, "y": 0, "z": -0.05 }, "rotation": { "x": 0, "y": -45, "z": 0 }, "scale": 0.65 },
  "*marzipan": { "origin": { "x": 0.5, "y": 0, "z": 0.5 }, "translation": { "x": 0, "y": 0, "z": -0.05 }, "scalexyz": { "x": 0.7, "y": 0.7, "z": 0.58 } }
}