[
	{
		"ingredientPattern": "L__\tHHH\tWWW",
		"ingredients": {
			"L": {
				"type": "block",
				"code": "game:linen-*"
			},
			"H": {
				"type": "block",
				"code": "thatchhay-normal-ud"
			},
			"W": {
				"type": "item",
				"code": "game:plank-*",
				"quantity": 2
			}
		},
		"width": 3,
		"height": 3,
		"output": {
			"type": "block",
			"code": "game:bed-wood-head-north"
		}
	},
	{
		"ingredientPattern": "HHH",
		"ingredients": {
			"H": {
				"type": "block",
				"code": "thatchhay-normal-ud"
			}
		},
		"width": 3,
		"height": 1,
		"output": {
			"type": "block",
			"code": "bed-thatch-head-north"
		}
	},
	{
		"ingredientPattern": "HK",
		"ingredients": {
			"H": {
				"type": "block",
				"code": "bed-thatch-head-north"
			},
			"K": {
				"type": "item",
				"code": "game:knife-*",
				"isTool": true,
				"toolDurabilityCost": 3
			}
		},
		"width": 2,
		"height": 1,
		"recipeGroup": 1,
		"shapeless": true,
		"output": {
			"type": "item",
			"code": "game:thatch",
			"quantity": 18
		}
	}
]