[
  {
    "ingredientPattern": "_H_,BHB,BBB",
    "ingredients": {
      "H": {
        "type": "block",
        "code": "thatchhay-normal-ud"
      },
      "B": {
        "type": "item",
        "code": "game:plank-*"
      }
    },
    "width": 3,
    "height": 3,
    "output": {
      "type": "item",
      "code": "game:armorstand",
      "quantity": 1
    }
  },
  {
    "ingredientPattern": "HK",
    "ingredients": {
      "H": {
        "type": "block",
        "code": "thatchhay-normal-ud"
      },
      "K": {
        "type": "item",
        "code": "game:knife-*",
        "isTool": true,
        "toolDurabilityCost": 1
      }
    },
    "width": 2,
    "height": 1,
    "shapeless": true,
    "output": {
      "type": "item",
      "code": "game:thatch",
      "quantity": 8
    }
  },
  {
    "ingredientPattern": "H\tH\tS",
    "ingredients": {
      "H": {
        "type": "block",
        "code": "thatchhay-normal-ud"
      },
      "S": {
        "type": "item",
        "code": "game:stick"
      }
    },
    "width": 1,
    "height": 3,
    "output": {
      "type": "item",
      "code": "game:strawdummy",
      "quantity": 1
    }
  }
]