[
  {
    "file": "foodshelves:recipes/grid/shelves/seedshelf.json",
    "op": "addmerge",
    "path": "/0",
    "value": {
      "ingredientPattern": "P_P,_S_,P_P",
      "ingredients": {
        "P": { "type": "item", "code": "game:plank-aged" },
        "S": { "type": "block", "code": "foodshelves:pieshelf-aged-east" }
      },
      "width": 3,
      "height": 3,
      "recipeGroup": 1,
      "output": { "type": "block", "code": "seedshelf-aged-east" }
    },
		"condition": { "when": "FoodShelves.EnableVariants", "isValue": "true" }
  },
  {
    "file": "foodshelves:recipes/grid/shelves/seedshelf.json",
    "op": "addmerge",
    "path": "/0",
    "value": {
      "ingredientPattern": "P_P,_S_,P_P",
      "ingredients": {
        "P": { "type": "item", "code": "game:plank-birch" },
        "S": { "type": "block", "code": "foodshelves:pieshelf-birch-east" }
      },
      "width": 3,
      "height": 3,
      "recipeGroup": 1,
      "output": { "type": "block", "code": "seedshelf-birch-east" }
    },
		"condition": { "when": "FoodShelves.EnableVariants", "isValue": "true" }
  },
  {
    "file": "foodshelves:recipes/grid/shelves/seedshelf.json",
    "op": "addmerge",
    "path": "/0",
    "value": {
      "ingredientPattern": "P_P,_S_,P_P",
      "ingredients": {
        "P": { "type": "item", "code": "game:plank-oak" },
        "S": { "type": "block", "code": "foodshelves:pieshelf-oak-east" }
      },
      "width": 3,
      "height": 3,
      "recipeGroup": 1,
      "output": { "type": "block", "code": "seedshelf-oak-east" }
    },
		"condition": { "when": "FoodShelves.EnableVariants", "isValue": "true" }
  },
  {
    "file": "foodshelves:recipes/grid/shelves/seedshelf.json",
    "op": "addmerge",
    "path": "/0",
    "value": {
      "ingredientPattern": "P_P,_S_,P_P",
      "ingredients": {
        "P": { "type": "item", "code": "game:plank-maple" },
        "S": { "type": "block", "code": "foodshelves:pieshelf-maple-east" }
      },
      "width": 3,
      "height": 3,
      "recipeGroup": 1,
      "output": { "type": "block", "code": "seedshelf-maple-east" }
    },
		"condition": { "when": "FoodShelves.EnableVariants", "isValue": "true" }
  },
  {
    "file": "foodshelves:recipes/grid/shelves/seedshelf.json",
    "op": "addmerge",
    "path": "/0",
    "value": {
      "ingredientPattern": "P_P,_S_,P_P",
      "ingredients": {
        "P": { "type": "item", "code": "game:plank-pine" },
        "S": { "type": "block", "code": "foodshelves:pieshelf-pine-east" }
      },
      "width": 3,
      "height": 3,
      "recipeGroup": 1,
      "output": { "type": "block", "code": "seedshelf-pine-east" }
    },
		"condition": { "when": "FoodShelves.EnableVariants", "isValue": "true" }
  },
  {
    "file": "foodshelves:recipes/grid/shelves/seedshelf.json",
    "op": "addmerge",
    "path": "/0",
    "value": {
      "ingredientPattern": "P_P,_S_,P_P",
      "ingredients": {
        "P": { "type": "item", "code": "game:plank-acacia" },
        "S": { "type": "block", "code": "foodshelves:pieshelf-acacia-east" }
      },
      "width": 3,
      "height": 3,
      "recipeGroup": 1,
      "output": { "type": "block", "code": "seedshelf-acacia-east" }
    },
		"condition": { "when": "FoodShelves.EnableVariants", "isValue": "true" }
  },
  {
    "file": "foodshelves:recipes/grid/shelves/seedshelf.json",
    "op": "addmerge",
    "path": "/0",
    "value": {
      "ingredientPattern": "P_P,_S_,P_P",
      "ingredients": {
        "P": { "type": "item", "code": "game:plank-kapok" },
        "S": { "type": "block", "code": "foodshelves:pieshelf-kapok-east" }
      },
      "width": 3,
      "height": 3,
      "recipeGroup": 1,
      "output": { "type": "block", "code": "seedshelf-kapok-east" }
    },
		"condition": { "when": "FoodShelves.EnableVariants", "isValue": "true" }
  },
  {
    "file": "foodshelves:recipes/grid/shelves/seedshelf.json",
    "op": "addmerge",
    "path": "/0",
    "value": {
      "ingredientPattern": "P_P,_S_,P_P",
      "ingredients": {
        "P": { "type": "item", "code": "game:plank-baldcypress" },
        "S": { "type": "block", "code": "foodshelves:pieshelf-baldcypress-east" }
      },
      "width": 3,
      "height": 3,
      "recipeGroup": 1,
      "output": { "type": "block", "code": "seedshelf-baldcypress-east" }
    },
		"condition": { "when": "FoodShelves.EnableVariants", "isValue": "true" }
  },
  {
    "file": "foodshelves:recipes/grid/shelves/seedshelf.json",
    "op": "addmerge",
    "path": "/0",
    "value": {
      "ingredientPattern": "P_P,_S_,P_P",
      "ingredients": {
        "P": { "type": "item", "code": "game:plank-larch" },
        "S": { "type": "block", "code": "foodshelves:pieshelf-larch-east" }
      },
      "width": 3,
      "height": 3,
      "recipeGroup": 1,
      "output": { "type": "block", "code": "seedshelf-larch-east" }
    },
		"condition": { "when": "FoodShelves.EnableVariants", "isValue": "true" }
  },
  {
    "file": "foodshelves:recipes/grid/shelves/seedshelf.json",
    "op": "addmerge",
    "path": "/0",
    "value": {
      "ingredientPattern": "P_P,_S_,P_P",
      "ingredients": {
        "P": { "type": "item", "code": "game:plank-redwood" },
        "S": { "type": "block", "code": "foodshelves:pieshelf-redwood-east" }
      },
      "width": 3,
      "height": 3,
      "recipeGroup": 1,
      "output": { "type": "block", "code": "seedshelf-redwood-east" }
    },
		"condition": { "when": "FoodShelves.EnableVariants", "isValue": "true" }
  },
  {
    "file": "foodshelves:recipes/grid/shelves/seedshelf.json",
    "op": "addmerge",
    "path": "/0",
    "value": {
      "ingredientPattern": "P_P,_S_,P_P",
      "ingredients": {
        "P": { "type": "item", "code": "game:plank-ebony" },
        "S": { "type": "block", "code": "foodshelves:pieshelf-ebony-east" }
      },
      "width": 3,
      "height": 3,
      "recipeGroup": 1,
      "output": { "type": "block", "code": "seedshelf-ebony-east" }
    },
		"condition": { "when": "FoodShelves.EnableVariants", "isValue": "true" }
  },
  {
    "file": "foodshelves:recipes/grid/shelves/seedshelf.json",
    "op": "addmerge",
    "path": "/0",
    "value": {
      "ingredientPattern": "P_P,_S_,P_P",
      "ingredients": {
        "P": { "type": "item", "code": "game:plank-walnut" },
        "S": { "type": "block", "code": "foodshelves:pieshelf-walnut-east" }
      },
      "width": 3,
      "height": 3,
      "recipeGroup": 1,
      "output": { "type": "block", "code": "seedshelf-walnut-east" }
    },
		"condition": { "when": "FoodShelves.EnableVariants", "isValue": "true" }
  },
  {
    "file": "foodshelves:recipes/grid/shelves/seedshelf.json",
    "op": "addmerge",
    "path": "/0",
    "value": {
      "ingredientPattern": "P_P,_S_,P_P",
      "ingredients": {
        "P": { "type": "item", "code": "game:plank-purpleheart" },
        "S": { "type": "block", "code": "foodshelves:pieshelf-purpleheart-east" }
      },
      "width": 3,
      "height": 3,
      "recipeGroup": 1,
      "output": { "type": "block", "code": "seedshelf-purpleheart-east" }
    },
		"condition": { "when": "FoodShelves.EnableVariants", "isValue": "true" }
  },
  {
    "file": "foodshelves:recipes/grid/shelves/seedshelf.json",
    "op": "addmerge",
    "path": "/0",
    "value": {
      "ingredientPattern": "__,_S",
      "ingredients": {
        "S": { "type": "block", "code": "foodshelves:seedshelf-*-east", "name": "type", "allowedVariants": [ "aged", "birch", "oak", "maple", "pine", "acacia", "kapok", "baldcypress", "larch", "redwood", "ebony", "walnut", "purpleheart" ] }
      },
      "width": 2,
      "height": 2,
      "recipeGroup": 2,
      "output": { "type": "block", "code": "seedshelf-short{type}-east", "quantity": 2 }
    },
		"condition": { "when": "FoodShelves.EnableVariants", "isValue": "true" }
  },
  {
    "file": "foodshelves:recipes/grid/shelves/seedshelf.json",
    "op": "addmerge",
    "path": "/0",
    "value": {
      "ingredientPattern": "__,_S",
      "ingredients": {
        "S": { "type": "block", "code": "foodshelves:seedshelf-normal-east" }
      },
      "width": 2,
      "height": 2,
      "recipeGroup": 2,
      "output": { "type": "block", "code": "seedshelf-short-east", "quantity": 2 }
    },
		"condition": { "when": "FoodShelves.EnableVariants", "isValue": "true" }
  },
  {
    "file": "foodshelves:recipes/grid/shelves/seedshelf.json",
    "op": "addmerge",
    "path": "/0",
    "value": {
      "ingredientPattern": "__,_S",
      "ingredients": {
        "S": { "type": "block", "code": "foodshelves:seedshelf-short-east", "quantity": 2 }
      },
      "width": 2,
      "height": 2,
      "recipeGroup": 2,
      "output": { "type": "block", "code": "seedshelf-normal-east" }
    },
		"condition": { "when": "FoodShelves.EnableVariants", "isValue": "true" }
  },
  {
    "file": "foodshelves:recipes/grid/shelves/seedshelf.json",
    "op": "addmerge",
    "path": "/0",
    "value": {
      "ingredientPattern": "__,_S",
      "ingredients": {
        "S": { "type": "block", "code": "foodshelves:seedshelf-shortaged-east", "quantity": 2 }
      },
      "width": 2,
      "height": 2,
      "recipeGroup": 2,
      "output": { "type": "block", "code": "seedshelf-aged-east" }
    },
		"condition": { "when": "FoodShelves.EnableVariants", "isValue": "true" }
  },
  {
    "file": "foodshelves:recipes/grid/shelves/seedshelf.json",
    "op": "addmerge",
    "path": "/0",
    "value": {
      "ingredientPattern": "__,_S",
      "ingredients": {
        "S": { "type": "block", "code": "foodshelves:seedshelf-shortbirch-east", "quantity": 2 }
      },
      "width": 2,
      "height": 2,
      "recipeGroup": 2,
      "output": { "type": "block", "code": "seedshelf-birch-east" }
    },
		"condition": { "when": "FoodShelves.EnableVariants", "isValue": "true" }
  },
  {
    "file": "foodshelves:recipes/grid/shelves/seedshelf.json",
    "op": "addmerge",
    "path": "/0",
    "value": {
      "ingredientPattern": "__,_S",
      "ingredients": {
        "S": { "type": "block", "code": "foodshelves:seedshelf-shortoak-east", "quantity": 2 }
      },
      "width": 2,
      "height": 2,
      "recipeGroup": 2,
      "output": { "type": "block", "code": "seedshelf-oak-east" }
    },
		"condition": { "when": "FoodShelves.EnableVariants", "isValue": "true" }
  },
  {
    "file": "foodshelves:recipes/grid/shelves/seedshelf.json",
    "op": "addmerge",
    "path": "/0",
    "value": {
      "ingredientPattern": "__,_S",
      "ingredients": {
        "S": { "type": "block", "code": "foodshelves:seedshelf-shortmaple-east", "quantity": 2 }
      },
      "width": 2,
      "height": 2,
      "recipeGroup": 2,
      "output": { "type": "block", "code": "seedshelf-maple-east" }
    },
		"condition": { "when": "FoodShelves.EnableVariants", "isValue": "true" }
  },
  {
    "file": "foodshelves:recipes/grid/shelves/seedshelf.json",
    "op": "addmerge",
    "path": "/0",
    "value": {
      "ingredientPattern": "__,_S",
      "ingredients": {
        "S": { "type": "block", "code": "foodshelves:seedshelf-shortpine-east", "quantity": 2 }
      },
      "width": 2,
      "height": 2,
      "recipeGroup": 2,
      "output": { "type": "block", "code": "seedshelf-pine-east" }
    },
		"condition": { "when": "FoodShelves.EnableVariants", "isValue": "true" }
  },
  {
    "file": "foodshelves:recipes/grid/shelves/seedshelf.json",
    "op": "addmerge",
    "path": "/0",
    "value": {
      "ingredientPattern": "__,_S",
      "ingredients": {
        "S": { "type": "block", "code": "foodshelves:seedshelf-shortacacia-east", "quantity": 2 }
      },
      "width": 2,
      "height": 2,
      "recipeGroup": 2,
      "output": { "type": "block", "code": "seedshelf-acacia-east" }
    },
		"condition": { "when": "FoodShelves.EnableVariants", "isValue": "true" }
  },
  {
    "file": "foodshelves:recipes/grid/shelves/seedshelf.json",
    "op": "addmerge",
    "path": "/0",
    "value": {
      "ingredientPattern": "__,_S",
      "ingredients": {
        "S": { "type": "block", "code": "foodshelves:seedshelf-shortkapok-east", "quantity": 2 }
      },
      "width": 2,
      "height": 2,
      "recipeGroup": 2,
      "output": { "type": "block", "code": "seedshelf-kapok-east" }
    },
		"condition": { "when": "FoodShelves.EnableVariants", "isValue": "true" }
  },
  {
    "file": "foodshelves:recipes/grid/shelves/seedshelf.json",
    "op": "addmerge",
    "path": "/0",
    "value": {
      "ingredientPattern": "__,_S",
      "ingredients": {
        "S": { "type": "block", "code": "foodshelves:seedshelf-shortbaldcypress-east", "quantity": 2 }
      },
      "width": 2,
      "height": 2,
      "recipeGroup": 2,
      "output": { "type": "block", "code": "seedshelf-baldcypress-east" }
    },
		"condition": { "when": "FoodShelves.EnableVariants", "isValue": "true" }
  },
  {
    "file": "foodshelves:recipes/grid/shelves/seedshelf.json",
    "op": "addmerge",
    "path": "/0",
    "value": {
      "ingredientPattern": "__,_S",
      "ingredients": {
        "S": { "type": "block", "code": "foodshelves:seedshelf-shortlarch-east", "quantity": 2 }
      },
      "width": 2,
      "height": 2,
      "recipeGroup": 2,
      "output": { "type": "block", "code": "seedshelf-larch-east" }
    },
		"condition": { "when": "FoodShelves.EnableVariants", "isValue": "true" }
  },
  {
    "file": "foodshelves:recipes/grid/shelves/seedshelf.json",
    "op": "addmerge",
    "path": "/0",
    "value": {
      "ingredientPattern": "__,_S",
      "ingredients": {
        "S": { "type": "block", "code": "foodshelves:seedshelf-shortredwood-east", "quantity": 2 }
      },
      "width": 2,
      "height": 2,
      "recipeGroup": 2,
      "output": { "type": "block", "code": "seedshelf-redwood-east" }
    },
		"condition": { "when": "FoodShelves.EnableVariants", "isValue": "true" }
  },
  {
    "file": "foodshelves:recipes/grid/shelves/seedshelf.json",
    "op": "addmerge",
    "path": "/0",
    "value": {
      "ingredientPattern": "__,_S",
      "ingredients": {
        "S": { "type": "block", "code": "foodshelves:seedshelf-shortebony-east", "quantity": 2 }
      },
      "width": 2,
      "height": 2,
      "recipeGroup": 2,
      "output": { "type": "block", "code": "seedshelf-ebony-east" }
    },
		"condition": { "when": "FoodShelves.EnableVariants", "isValue": "true" }
  },
  {
    "file": "foodshelves:recipes/grid/shelves/seedshelf.json",
    "op": "addmerge",
    "path": "/0",
    "value": {
      "ingredientPattern": "__,_S",
      "ingredients": {
        "S": { "type": "block", "code": "foodshelves:seedshelf-shortwalnut-east", "quantity": 2 }
      },
      "width": 2,
      "height": 2,
      "recipeGroup": 2,
      "output": { "type": "block", "code": "seedshelf-walnut-east" }
    },
		"condition": { "when": "FoodShelves.EnableVariants", "isValue": "true" }
  },
  {
    "file": "foodshelves:recipes/grid/shelves/seedshelf.json",
    "op": "addmerge",
    "path": "/0",
    "value": {
      "ingredientPattern": "__,_S",
      "ingredients": {
        "S": { "type": "block", "code": "foodshelves:seedshelf-shortpurpleheart-east", "quantity": 2 }
      },
      "width": 2,
      "height": 2,
      "recipeGroup": 2,
      "output": { "type": "block", "code": "seedshelf-purpleheart-east" }
    },
		"condition": { "when": "FoodShelves.EnableVariants", "isValue": "true" }
  },
  {
    "file": "foodshelves:recipes/grid/shelves/seedshelf.json",
    "op": "addmerge",
    "path": "/0",
    "value": {
      "ingredientPattern": "__,S_",
      "ingredients": {
        "S": {
          "type": "block",
          "code": "foodshelves:seedshelf-*-east",
          "name": "type",
          "allowedVariants": [ "shortaged", "shortbirch", "shortoak", "shortmaple", "shortpine", "shortacacia", "shortkapok", "shortbaldcypress", "shortlarch", "shortredwood", "shortebony", "shortwalnut", "shortpurpleheart" ]
        }
      },
      "width": 2,
      "height": 2,
      "recipeGroup": 1,
      "output": {
        "type": "block",
        "code": "seedshelf-very{type}-east",
        "quantity": 2
      }
    },
    "condition": {
      "when": "FoodShelves.EnableVariants",
      "isValue": "true"
    }
  },
  {
    "file": "foodshelves:recipes/grid/shelves/seedshelf.json",
    "op": "addmerge",
    "path": "/0",
    "value": {
      "ingredientPattern": "__,_S",
      "ingredients": {
        "S": { "type": "block", "code": "foodshelves:seedshelf-veryshortaged-east", "quantity": 2 }
      },
      "width": 2,
      "height": 2,
      "recipeGroup": 2,
      "output": { "type": "block", "code": "seedshelf-shortaged-east" }
    },
		"condition": { "when": "FoodShelves.EnableVariants", "isValue": "true" }
  },
  {
    "file": "foodshelves:recipes/grid/shelves/seedshelf.json",
    "op": "addmerge",
    "path": "/0",
    "value": {
      "ingredientPattern": "__,_S",
      "ingredients": {
        "S": { "type": "block", "code": "foodshelves:seedshelf-veryshortbirch-east", "quantity": 2 }
      },
      "width": 2,
      "height": 2,
      "recipeGroup": 2,
      "output": { "type": "block", "code": "seedshelf-shortbirch-east" }
    },
		"condition": { "when": "FoodShelves.EnableVariants", "isValue": "true" }
  },
  {
    "file": "foodshelves:recipes/grid/shelves/seedshelf.json",
    "op": "addmerge",
    "path": "/0",
    "value": {
      "ingredientPattern": "__,_S",
      "ingredients": {
        "S": { "type": "block", "code": "foodshelves:seedshelf-veryshortoak-east", "quantity": 2 }
      },
      "width": 2,
      "height": 2,
      "recipeGroup": 2,
      "output": { "type": "block", "code": "seedshelf-shortoak-east" }
    },
		"condition": { "when": "FoodShelves.EnableVariants", "isValue": "true" }
  },
  {
    "file": "foodshelves:recipes/grid/shelves/seedshelf.json",
    "op": "addmerge",
    "path": "/0",
    "value": {
      "ingredientPattern": "__,_S",
      "ingredients": {
        "S": { "type": "block", "code": "foodshelves:seedshelf-veryshortmaple-east", "quantity": 2 }
      },
      "width": 2,
      "height": 2,
      "recipeGroup": 2,
      "output": { "type": "block", "code": "seedshelf-shortmaple-east" }
    },
		"condition": { "when": "FoodShelves.EnableVariants", "isValue": "true" }
  },
  {
    "file": "foodshelves:recipes/grid/shelves/seedshelf.json",
    "op": "addmerge",
    "path": "/0",
    "value": {
      "ingredientPattern": "__,_S",
      "ingredients": {
        "S": { "type": "block", "code": "foodshelves:seedshelf-veryshortpine-east", "quantity": 2 }
      },
      "width": 2,
      "height": 2,
      "recipeGroup": 2,
      "output": { "type": "block", "code": "seedshelf-shortpine-east" }
    },
		"condition": { "when": "FoodShelves.EnableVariants", "isValue": "true" }
  },
  {
    "file": "foodshelves:recipes/grid/shelves/seedshelf.json",
    "op": "addmerge",
    "path": "/0",
    "value": {
      "ingredientPattern": "__,_S",
      "ingredients": {
        "S": { "type": "block", "code": "foodshelves:seedshelf-veryshortacacia-east", "quantity": 2 }
      },
      "width": 2,
      "height": 2,
      "recipeGroup": 2,
      "output": { "type": "block", "code": "seedshelf-shortacacia-east" }
    },
		"condition": { "when": "FoodShelves.EnableVariants", "isValue": "true" }
  },
  {
    "file": "foodshelves:recipes/grid/shelves/seedshelf.json",
    "op": "addmerge",
    "path": "/0",
    "value": {
      "ingredientPattern": "__,_S",
      "ingredients": {
        "S": { "type": "block", "code": "foodshelves:seedshelf-veryshortkapok-east", "quantity": 2 }
      },
      "width": 2,
      "height": 2,
      "recipeGroup": 2,
      "output": { "type": "block", "code": "seedshelf-shortkapok-east" }
    },
		"condition": { "when": "FoodShelves.EnableVariants", "isValue": "true" }
  },
  {
    "file": "foodshelves:recipes/grid/shelves/seedshelf.json",
    "op": "addmerge",
    "path": "/0",
    "value": {
      "ingredientPattern": "__,_S",
      "ingredients": {
        "S": { "type": "block", "code": "foodshelves:seedshelf-veryshortbaldcypress-east", "quantity": 2 }
      },
      "width": 2,
      "height": 2,
      "recipeGroup": 2,
      "output": { "type": "block", "code": "seedshelf-shortbaldcypress-east" }
    },
		"condition": { "when": "FoodShelves.EnableVariants", "isValue": "true" }
  },
  {
    "file": "foodshelves:recipes/grid/shelves/seedshelf.json",
    "op": "addmerge",
    "path": "/0",
    "value": {
      "ingredientPattern": "__,_S",
      "ingredients": {
        "S": { "type": "block", "code": "foodshelves:seedshelf-veryshortlarch-east", "quantity": 2 }
      },
      "width": 2,
      "height": 2,
      "recipeGroup": 2,
      "output": { "type": "block", "code": "seedshelf-shortlarch-east" }
    },
		"condition": { "when": "FoodShelves.EnableVariants", "isValue": "true" }
  },
  {
    "file": "foodshelves:recipes/grid/shelves/seedshelf.json",
    "op": "addmerge",
    "path": "/0",
    "value": {
      "ingredientPattern": "__,_S",
      "ingredients": {
        "S": { "type": "block", "code": "foodshelves:seedshelf-veryshortredwood-east", "quantity": 2 }
      },
      "width": 2,
      "height": 2,
      "recipeGroup": 2,
      "output": { "type": "block", "code": "seedshelf-shortredwood-east" }
    },
		"condition": { "when": "FoodShelves.EnableVariants", "isValue": "true" }
  },
  {
    "file": "foodshelves:recipes/grid/shelves/seedshelf.json",
    "op": "addmerge",
    "path": "/0",
    "value": {
      "ingredientPattern": "__,_S",
      "ingredients": {
        "S": { "type": "block", "code": "foodshelves:seedshelf-veryshortebony-east", "quantity": 2 }
      },
      "width": 2,
      "height": 2,
      "recipeGroup": 2,
      "output": { "type": "block", "code": "seedshelf-shortebony-east" }
    },
		"condition": { "when": "FoodShelves.EnableVariants", "isValue": "true" }
  },
  {
    "file": "foodshelves:recipes/grid/shelves/seedshelf.json",
    "op": "addmerge",
    "path": "/0",
    "value": {
      "ingredientPattern": "__,_S",
      "ingredients": {
        "S": { "type": "block", "code": "foodshelves:seedshelf-veryshortwalnut-east", "quantity": 2 }
      },
      "width": 2,
      "height": 2,
      "recipeGroup": 2,
      "output": { "type": "block", "code": "seedshelf-shortwalnut-east" }
    },
		"condition": { "when": "FoodShelves.EnableVariants", "isValue": "true" }
  },
  {
    "file": "foodshelves:recipes/grid/shelves/seedshelf.json",
    "op": "addmerge",
    "path": "/0",
    "value": {
      "ingredientPattern": "__,_S",
      "ingredients": {
        "S": { "type": "block", "code": "foodshelves:seedshelf-veryshortpurpleheart-east", "quantity": 2 }
      },
      "width": 2,
      "height": 2,
      "recipeGroup": 2,
      "output": { "type": "block", "code": "seedshelf-shortpurpleheart-east" }
    },
		"condition": { "when": "FoodShelves.EnableVariants", "isValue": "true" }
  }
]