[
{
	"enabled": true,
	"op": "addmerge",
	"path": "/variantgroups/0/states",
	"value": ["redgrapes","greengrapes"],
	"file": "wildcraftfruit:itemtypes/resources/clipping.json",
	"side": "server",
    "dependsOn": [{ "modid": "wildcraftfruit" }]
},
{
	"enabled": true,
	"op": "addmerge",
	"path": "/variantgroups/0/states",
	"value": ["redgrapes","greengrapes"],
	"file": "wildcraftfruit:itemtypes/resources/clippingbucket.json",
	"side": "server",
    "dependsOn": [{ "modid": "wildcraftfruit" }]
}

]