[
{
	"enabled": true,
	"op": "addmerge",
	"path": "/0/ingredients/F/allowedVariants",
	"value": ["redgrapes","greengrapes"],
	"file": "wildcraftfruit:recipes/grid/clippingbucket.json",
	"side": "server",
    "dependsOn": [{ "modid": "wildcraftfruit" }]
},
{
	"enabled": true,
	"op": "addmerge",
	"path": "/1/ingredients/F/allowedVariants",
	"value": ["redgrapes","greengrapes"],
	"file": "wildcraftfruit:recipes/grid/clippingbucket.json",
	"side": "server",
    "dependsOn": [{ "modid": "wildcraftfruit" }]
}
]