[
{
	"enabled": true,
	"op": "addmerge",
	"path": "/attributes/bushCodeByType",
	"value": {
      "*-redgrapes-*": "game:bigberrybush-redgrapes-empty",
      "*-greengrapes-*": "game:bigberrybush-greengrapes-empty"
	},
	"file": "wildcraftfruit:blocktypes/plant/berry/scion.json",
	"side": "server",
    "dependsOn": [{ "modid": "wildcraftfruit" }]
},
{
	"enabled": true,
	"op": "addmerge",
	"path": "/variantgroups/0/states",
	"value": ["redgrapes","greengrapes"],
	"file": "wildcraftfruit:blocktypes/plant/berry/scion.json",
	"side": "server",
    "dependsOn": [{ "modid": "wildcraftfruit" }]
}
]