﻿{
  "ingredient": {
    "type": "item",
    "code": "game:ingot-brass"
  },
  "pattern": [
    [
      "______________",
      "______________",
      "______________",
      "______________",
      "##############",
      "##############",
      "______________",
      "______________",
      "______________",
      "______________"
    ],
    [
      "______________",
      "______________",
      "______________",
      "______________",
      "##############",
      "##############",
      "______________",
      "______________",
      "______________",
      "______________"
    ]
  ],
  "name": "Royal Horn Handle",
  "output": {
    "type": "item",
    "code": "royalhornhandle"
  }
}