[
	{
		"ingredientPattern": "TST,L_L",
		"recipeGroup": 1,
		"requiresTrait": "nomads",
		"ingredients": {
			"L": { "type": "item", "code": "cloth-*", "quantity": 1, "name": "color", "allowedVariants": ["brown", "black", "green"] },
			"T": { "type": "item", "code": "flaxtwine", "quantity": 1 },
			"S": { "type": "item", "code": "sewingkit", "quantity": 1 }
		},
		"width": 3,
		"height": 2,
		"name": "gambeson helmet",
		"output": { "type": "item", "code": "armor-head-tailored-{color}-linen"  }
	},
	{
		"ingredientPattern": "L_L,MMM,LSL",
		"recipeGroup": 1,
		"requiresTrait": "nomads",
		"ingredients": {
			"L": { "type": "item", "code": "cloth-*", "quantity": 1, "name": "color", "allowedVariants": ["brown", "black", "green"] },
			"M": { "type": "item", "code": "cloth-*", "quantity": 2, "name": "color", "allowedVariants": ["brown", "black", "green"] },
			"S": { "type": "item", "code": "sewingkit", "quantity": 1 }

		},
		"width": 3,
		"height": 3,
		"name": "gambeson body armor",
		"output": { "type": "item", "code": "armor-body-tailored-{color}-linen"  }
	},
	{
		"ingredientPattern": "LSL,L_L,T_T",
		"recipeGroup": 1,
		"requiresTrait": "nomads",
		"ingredients": {
			"L": { "type": "item", "code": "cloth-*", "quantity": 1, "name": "color", "allowedVariants": ["brown", "black", "green"] },
			"T": { "type": "item", "code": "flaxtwine", "quantity": 1 },
			"S": { "type": "item", "code": "sewingkit", "quantity": 1 }
		},
		"width": 3,
		"height": 3,
		"name": "gambeson leg armor",
		"output": { "type": "item", "code": "armor-legs-tailored-{color}-linen"  }
	}
]