{
	"code": "crop",
	"class": "AOGBlockCrop",
	"frostable": true,
	"behaviors": [ { "name": "Unstable" } ],
	"variantgroups": [
		{
			"code": "size",
			"states": [ "wild", "small", "medium", "decent", "large", "hefty", "gigantic" ]
		},
		{
			"code": "type",
			"states": [ "amaranth" ]
		},
		{
			"code": "stage",
			"states": [ "1", "2", "3", "4", "5", "6", "7", "8", "9" ]
		}
	],
	"creativeinventory": {
		"general": [ "" ],
		"plants": [ "" ]
	},
	"renderpass": "OpaqueNoCull",
	"shapeByType": {
		"*-9": { "base": "block/plant/crop/tallcrossdense" },
		"*-8": { "base": "block/plant/crop/tallcrossdense" },
		"*-7": { "base": "block/plant/crop/tallcrossdense" },
		"*-6": { "base": "block/plant/crop/tallcrossdense" },
		"*": { "base": "block/plant/crop/crossdense" }
	},
	"randomizeRotations": true,
	"randomDrawOffset": true,
	"blockmaterial": "Plant",
	"texturesByType": {
		"*-gigantic-*": {
			"0": { "base": "block/plant/crop/{type}/e{stage}" },
			"1": { "base": "block/plant/crop/{type}/w{stage}" }
		},
		"*": {
			"0": { "base": "artofgrowing:block/plant/crop/{type}/{size}/e{stage}" },
			"1": { "base": "artofgrowing:block/plant/crop/{type}/{size}/w{stage}" }
		}
	},
	"attributes": {
		"foodTagsByType": {
			"*-1": [ "nibbleCrop" ],
			"*-2": [ "nibbleCrop" ],
			"*-3": [ "nibbleCrop" ]
		},
		"butterflyFeedByType": {
			"*-1": false,
			"*-2": false,
			"*-3": false,
			"*-9": false,
			"*": true
		},
		"beeFeedByType": {
			"*-1": false,
			"*-2": false,
			"*-3": false,
			"*-9": false,
			"*": true
		},
		"sitHeightByType": {
			"*-4": 0.7,
			"*-5": 0.9,
			"*-6": 1.1,
			"*-7": 1.3,
			"*-8": 1.5,
			"*-9": 1.7
		},
		"tickGrowthProbability": 0.05,
		"handbook": {
			"groupBy": [ "crop-*" ]
		},
		"overrideRandomDrawOffset": 14
	},
	"sideopaque": {
		"all": false
	},
	"sidesolid": {
		"all": false
	},
	"replaceable": 3000,
	"lightAbsorption": 0,
	"resistance": 0.5,
	"sounds": {
		"place": "block/plant",
		"break": "block/plant",
		"hit": "block/plant"
	},
	"rainPermeable": false,
	"dropsByType": {
		"*-9": [
			{
				"type": "item",
				"code": "artofgrowing:grainbundle-amaranth-{size}-wet",
				"quantity": {
					"avg": 6,
					"var": 1
				}
			},
			{
				"type": "item",
				"codeByType": {
					"*-wild-*": "artofgrowing:grainbundle-amaranth-small-wet",
					"*-small-*": "artofgrowing:grainbundle-amaranth-medium-wet",
					"*-medium-*": "artofgrowing:grainbundle-amaranth-decent-wet",
					"*-decent-*": "artofgrowing:grainbundle-amaranth-large-wet",
					"*-large-*": "artofgrowing:grainbundle-amaranth-hefty-wet",
					"*-hefty-*": "artofgrowing:grainbundle-amaranth-gigantic-wet",
					"*-gigantic-*": "artofgrowing:grainbundle-amaranth-gigantic-wet"
				},
				"quantity": { "avg": 0.3 }
			}
		],
		"*": [
			{
				"type": "item",
				"code": "thatch",
				"quantity": { "avg": 0.7 }
			}
		]
	},
	"cropProps": {
		"requiredNutrient": "N",
		"nutrientConsumptionByType": {
			"*-wild-*": 5,
			"*-small-*": 7.5,
			"*-medium-*": 10,
			"*-decent-*": 12.5,
			"*-large-*": 15,
			"*-hefty-*": 17.5,
			"*-gigantic-*": 20
		},
		"growthStages": 9,
		"totalGrowthMonthsByType": {
			"*-wild-*": 1.2,
			"*-small-*": 1.4,
			"*-medium-*": 1.6,
			"*-decent-*": 1.8,
			"*-large-*": 2.0,
			"*-hefty-*": 2.2,
			"*-gigantic-*": 2.4
		},
		"coldDamageBelowByType": {
			"*-wild-*": 2,
			"*-small-*": 3,
			"*-medium-*": 4,
			"*-decent-*": 5,
			"*-large-*": 6,
			"*-hefty-*": 7,
			"*-gigantic-*": 8
		},
		"heatDamageAboveByType": {
			"*-wild-*": 46,
			"*-small-*": 45,
			"*-medium-*": 44,
			"*-decent-*": 43,
			"*-large-*": 42,
			"*-hefty-*": 41,
			"*-gigantic-*": 40
		}
	},
	"collisionbox": null,
	"selectionBoxByType": {
		"*-1": {
			"x1": 0.125,
			"y1": -0.0625,
			"z1": 0.125,
			"x2": 0.875,
			"y2": 0.175,
			"z2": 0.875
		},
		"*-2": {
			"x1": 0.125,
			"y1": -0.0625,
			"z1": 0.125,
			"x2": 0.875,
			"y2": 0.3,
			"z2": 0.875
		},
		"*-3": {
			"x1": 0.125,
			"y1": -0.0625,
			"z1": 0.125,
			"x2": 0.875,
			"y2": 0.45,
			"z2": 0.875
		},
		"*-4": {
			"x1": 0.125,
			"y1": -0.0625,
			"z1": 0.125,
			"x2": 0.875,
			"y2": 0.625,
			"z2": 0.875
		},
		"*-5": {
			"x1": 0.125,
			"y1": -0.0625,
			"z1": 0.125,
			"x2": 0.875,
			"y2": 0.875,
			"z2": 0.875
		},
		"*-6": {
			"x1": 0.125,
			"y1": -0.0625,
			"z1": 0.125,
			"x2": 0.875,
			"y2": 1.0,
			"z2": 0.875
		},
		"*-7": {
			"x1": 0.125,
			"y1": -0.0625,
			"z1": 0.125,
			"x2": 0.875,
			"y2": 1.25,
			"z2": 0.875
		},
		"*-8": {
			"x1": 0.125,
			"y1": -0.0625,
			"z1": 0.125,
			"x2": 0.875,
			"y2": 1.5,
			"z2": 0.875
		},
		"*-9": {
			"x1": 0.115,
			"y1": -0.0625,
			"z1": 0.115,
			"x2": 0.885,
			"y2": 1.75,
			"z2": 0.885
		}
	},
	"materialDensity": 200,
	"combustibleProps": {
		"burnTemperature": 600,
		"burnDuration": 10
	}
}
