{
	"code": "crop",
	"class": "BlockCrop",
	"frostable": true,
	"behaviors": [ { "name": "Unstable" } ],
	"variantgroups": [
		{
			"code": "size",
			"states": [ "wild", "small", "medium", "decent", "large", "hefty", "gigantic" ]
		},
		{
			"code": "type",
			"states": [ "carrot" ]
		},
		{
			"code": "stage",
			"states": [ "1", "2", "3", "4", "5", "6", "7", "8", "9", "10", "11" ]
		}
	],
	"creativeinventory": {
		"general": [ "" ],
		"plants": [ "" ]
	},
	"renderpass": "OpaqueNoCull",
	"shapeByType": {
		"*-1": { "base": "block/plant/crop/carrot/stage1to4" },
		"*-2": { "base": "block/plant/crop/carrot/stage1to4" },
		"*-3": { "base": "block/plant/crop/carrot/stage1to4" },
		"*-4": { "base": "block/plant/crop/carrot/stage1to4" },
		"*-large-*-5": { "base": "artofgrowing:block/crop/carrot/medium/stage6" },
		"*-hefty-*-5": { "base": "artofgrowing:block/crop/carrot/medium/stage6" },
		"*-gigantic-*-5": { "base": "artofgrowing:block/crop/carrot/medium/stage6" },
		"*-5": { "base": "block/plant/crop/carrot/stage1to4" },
		"*-wild-*-6": { "base": "artofgrowing:block/crop/carrot/wild/stage6" },
		"*-small-*-6": { "base": "artofgrowing:block/crop/carrot/wild/stage6" },
		"*-medium-*-6": { "base": "artofgrowing:block/crop/carrot/medium/stage6" },
		"*-decent-*-6": { "base": "artofgrowing:block/crop/carrot/medium/stage6" },
		"*-6": { "base": "artofgrowing:block/crop/carrot/large/stage6" },
		"*": { "base": "artofgrowing:block/crop/carrot/{size}/stage7" }
	},
	"blockmaterial": "Plant",
	"texturesByType": {
		"*-11": {
			"bulb": { "base": "item/resource/rot/rot-solids" },
			"s": { "base": "block/plant/crop/carrot/s{stage}" },
			"e": { "base": "block/plant/crop/carrot/e{stage}" }
		},
		"*": {
			"bulb": { "base": "block/plant/crop/carrot/bulb" },
			"s": { "base": "block/plant/crop/carrot/s{stage}" },
			"e": { "base": "block/plant/crop/carrot/e{stage}" }
		}
	},
	"attributes": {
		"foodTags": [ "nibbleCrop" ],
		"butterflyFeedByType": {
			"*-9": true,
			"*-10": true,
			"*": false
		},
		"beeFeedByType": {
			"*-9": true,
			"*-10": true,
			"*": false
		},
		"sitHeight": 0.35,
		"tickGrowthProbability": 0.05,
		"handbook": {
			"groupBy": [ "crop-*" ]
		}
	},
	"sideopaque": {
		"all": false
	},
	"sidesolid": {
		"all": false
	},
	"replaceable": 3000,
	"lightAbsorption": 0,
	"resistance": 0.5,
	"sounds": {
		"place": "block/plant",
		"break": "block/plant",
		"hit": "block/plant"
	},
	"rainPermeable": false,
	"dropsByType": {
		"*-6": [
			{
				"type": "item",
				"code": "artofgrowing:vegetable-{size}-carrot",
				"quantity": {
					"avg": 3,
					"var": 1
				}
			},
			{
				"type": "item",
				"code": "drygrass",
				"quantity": { "avg": 0.7 }
			}
		],
		"*-7": [
			{
				"type": "item",
				"code": "artofgrowing:vegetable-{size}-carrot",
				"quantity": {
					"avg": 11,
					"var": 2
				}
			},
			{
				"type": "item",
				"code": "drygrass",
				"quantity": { "avg": 0.7 }
			}
		],
		"*-8": [
			{
				"type": "item",
				"code": "artofgrowing:vegetable-{size}-carrot",
				"quantity": {
					"avg": 9,
					"var": 2
				}
			},
			{
				"type": "item",
				"code": "drygrass",
				"quantity": { "avg": 0.7 }
			}
		],
		"*-9": [
			{
				"type": "item",
				"code": "artofgrowing:vegetable-{size}-carrot",
				"quantity": {
					"avg": 7,
					"var": 2
				}
			},
			{
				"type": "item",
				"code": "drygrass",
				"quantity": { "avg": 0.7 }
			}
		],
		"*-10": [
			{
				"type": "item",
				"code": "artofgrowing:vegetable-{size}-carrot",
				"quantity": {
					"avg": 5,
					"var": 2
				}
			},
			{
				"type": "item",
				"code": "drygrass",
				"quantity": { "avg": 0.7 }
			}
		],
		"*-11": [
			{
				"type": "item",
				"code": "artofgrowing:seeds-{size}-carrot",
				"quantity": { "avg": 1.2 }
			},
			{
				"type": "item",
				"codeByType": {
					"*-wild-*": "artofgrowing:seeds-small-{type}",
					"*-small-*": "artofgrowing:seeds-medium-{type}",
					"*-medium-*": "artofgrowing:seeds-decent-{type}",
					"*-decent-*": "artofgrowing:seeds-large-{type}",
					"*-large-*": "artofgrowing:seeds-hefty-{type}",
					"*-hefty-*": "artofgrowing:seeds-gigantic-{type}",
					"*-gigantic-*": "artofgrowing:seeds-gigantic-{type}"
				},
				"quantity": { "avg": 0.3 }
			},
			{
				"type": "item",
				"code": "rot",
				"quantity": { "avg": 1 }
			},
			{
				"type": "item",
				"code": "drygrass",
				"quantity": { "avg": 0.7 }
			}
		],
		"*": [
			{
				"type": "item",
				"code": "drygrass",
				"quantity": { "avg": 0.7 }
			}
		]
	},
	"cropProps": {
		"__comment": "Choose a fertilizer that has little nitrogen and more potassium and phosphate - 0-10-10 or 5-15-15 will work well. - http://www.backyard-vegetable-gardening.com/watering-carrots.html",
		"requiredNutrient": "K",
		"nutrientConsumptionByType": {
			"*-wild-*": 20,
			"*-small-*": 25,
			"*-medium-*": 30,
			"*-decent-*": 35,
			"*-large-*": 40,
			"*-hefty-*": 45,
			"*-gigantic-*": 50
		},
		"growthStages": 11,
		"totalGrowthMonthsByType": {
			"*-wild-*": 1.2,
			"*-small-*": 1.4,
			"*-medium-*": 1.6,
			"*-decent-*": 1.8,
			"*-large-*": 2.0,
			"*-hefty-*": 2.2,
			"*-gigantic-*": 2.4
		},
		"coldDamageBelowByType": {
			"*-wild-*": -14,
			"*-small-*": -13,
			"*-medium-*": -12,
			"*-decent-*": -11,
			"*-large-*": -10,
			"*-hefty-*": -9,
			"*-gigantic-*": -8
		},
		"damageGrowthStuntMul": 0.75,
		"coldDamageRipeMul": 0.5,
		"heatDamageAboveByType": {
			"*-wild-*": 36,
			"*-small-*": 35,
			"*-medium-*": 34,
			"*-decent-*": 33,
			"*-large-*": 32,
			"*-hefty-*": 31,
			"*-gigantic-*": 30
		}
	},
	"collisionbox": null,
	"selectionbox": {
		"x1": 0.0625,
		"y1": 0,
		"z1": 0.0625,
		"x2": 0.9375,
		"y2": 0.25,
		"z2": 0.9375
	},
	"materialDensity": 200,
	"combustibleProps": {
		"burnTemperature": 600,
		"burnDuration": 10
	}
}
