{
	"code": "crop",
	"class": "BlockCrop",
	"frostable": true,
	"behaviors": [ { "name": "Unstable" } ],
	"variantgroups": [
		{
			"code": "seed",
			"states": [ "seed" ]
		},
		{
			"code": "size",
			"states": [ "wild", "small", "medium", "decent", "large", "hefty", "gigantic" ]
		},
		{
			"code": "type",
			"states": [ "turnip" ]
		},
		{
			"code": "stage",
			"states": [ "1", "2", "3", "4", "5", "6", "7", "8" ]
		}
	],
	"creativeinventory": {
		"general": [ "" ],
		"plants": [ "" ]
	},
	"renderpass": "OpaqueNoCull",
	"shapeByType": {
		"*": { "base": "artofgrowing:block/crop/seedcrop" }
	},
	"blockmaterial": "Plant",
	"texturesByType": {
		"*": {
			"bulb": { "base": "game:block/plant/crop/turnip/bulb" },
			"s": { "base": "game:block/plant/crop/turnip/s{stage}" },
			"e": { "base": "game:block/plant/crop/turnip/e{stage}" }
		}
	},
	"attributes": {
		"foodTags": [ "nibbleCrop" ],
		"butterflyFeedByType": {
			"*-6": true,
			"*-7": true,
			"*": false
		},
		"beeFeedByType": {
			"*-6": true,
			"*-7": true,
			"*": false
		},
		"sitHeight": 0.35,
		"tickGrowthProbability": 0.05,
		"handbook": {
			"groupBy": [ "crop-*" ]
		}
	},
	"sideopaque": {
		"all": false
	},
	"sidesolid": {
		"all": false
	},
	"replaceable": 3000,
	"lightAbsorption": 0,
	"resistance": 0.5,
	"sounds": {
		"place": "game:block/plant",
		"break": "game:block/plant",
		"hit": "game:block/plant"
	},
	"rainPermeable": false,
	"dropsByType": {
		"*-8": [
			{
				"type": "item",
				"code": "artofgrowing:seeds-{size}-turnip",				
				"quantity": { "avg": 1.1 }
			},
			{
				"type": "item",
				"codeByType": {
					"*-wild-*": "artofgrowing:seeds-small-{type}",
					"*-small-*": "artofgrowing:seeds-medium-{type}",
					"*-medium-*": "artofgrowing:seeds-decent-{type}",
					"*-decent-*": "artofgrowing:seeds-large-{type}",
					"*-large-*": "artofgrowing:seeds-hefty-{type}",
					"*-hefty-*": "artofgrowing:seeds-gigantic-{type}",
					"*-gigantic-*": "artofgrowing:seeds-gigantic-{type}"
				},
				"quantity": { "avg": 0.5 }
			},
			{
				"type": "item",
				"code": "game:drygrass",
				"quantity": { "avg": 0.7 }
			}
		],
		"*": [
			{
				"type": "item",
				"code": "game:drygrass",
				"quantity": { "avg": 0.7 }
			}
		]
	},
	"cropProps": {
		"requiredNutrient": "N",
		"nutrientConsumptionByType": {
			"*-wild-*": 10,
			"*-small-*": 15,
			"*-medium-*": 20,
			"*-decent-*": 25,
			"*-large-*": 30,
			"*-hefty-*": 35,
			"*-gigantic-*": 40
		},
		"growthStages": 8,
		"totalGrowthMonthsByType": {
			"*-wild-*": 0.8,
			"*-small-*": 1.0,
			"*-medium-*": 1.2,
			"*-decent-*": 1.4,
			"*-large-*": 1.6,
			"*-hefty-*": 1.8,
			"*-gigantic-*": 2.0
		},
		"heatDamageAboveByType": {
			"*-wild-*": 31,
			"*-small-*": 30,
			"*-medium-*": 29,
			"*-decent-*": 28,
			"*-large-*": 27,
			"*-hefty-*": 26,
			"*-gigantic-*": 25
		}
	},
	"collisionbox": null,
	"selectionbox": {
		"x1": 0.0625,
		"y1": 0,
		"z1": 0.0625,
		"x2": 0.9375,
		"y2": 0.25,
		"z2": 0.9375
	},
	"materialDensity": 200,
	"combustibleProps": {
		"burnTemperature": 600,
		"burnDuration": 10
	}
}
