[
  {
    "op": "addeach",
    "path": "/selling/list/-",
    "value": [
	{ "code": "tailorsdelight:buttons-mixed", "type": "item", "stacksize": 4, "stock": { "avg": 2, "var": 1 }, "price": { "avg": 1, "var": 0.75 } },
	{ "code": "tailorsdelight:needle-bone", "type": "item", "stacksize": 8, "stock": { "avg": 4, "var": 1 }, "price": { "avg": 1, "var": 0.5 } },
	{ "code": "tailorsdelight:twine-red", "type": "item", "stacksize": 8, "stock": { "avg": 2, "var": 1 }, "price": { "avg": 1, "var": 0.5 } },
	{ "code": "tailorsdelight:twine-brown", "type": "item", "stacksize": 8, "stock": { "avg": 4, "var": 1 }, "price": { "avg": 1, "var": 0.5 } },
	{ "code": "tailorsdelight:leatherstrips-plain", "type": "item", "stacksize": 4, "stock": { "avg": 2, "var": 1 }, "price": { "avg": 2, "var": 0.75 } }
    ],
    "file": "game:config/tradelists/trader-commodities.json",
    "side": "Server"
  }
]
