[
  {
    "op": "addeach",
    "path": "/buying/list/-",
    "value": [
	{ "code": "tailorsdelight:buttons-lapislazuli", "type": "item", "stacksize": 1, "stock": { "avg": 1, "var": 0 }, "price": { "avg": 9, "var": 1 } },
	{ "code": "tailorsdelight:buttons-emerald", "type": "item", "stacksize": 1, "stock": { "avg": 1, "var": 0 }, "price": { "avg": 12, "var": 1 } },
	{ "code": "tailorsdelight:ruler-ebony", "type": "item", "stacksize": 1, "stock": { "avg": 1, "var": 0.5 }, "price": { "avg": 5, "var": 0.5 } },
	{ "code": "tailorsdelight:ruler-purpleheart", "type": "item", "stacksize": 1, "stock": { "avg": 1, "var": 0.5 }, "price": { "avg": 4, "var": 0.5 } }
    ],
    "file": "game:config/tradelists/trader-luxuries.json",
    "side": "Server"
  }
]
