[
  {
    "op": "replace",
    "comment": "tailored gamboised head",
    "path": "/0/ingredientPattern",
    "value": "TST,LAL",
    "file": "game:recipes/grid/armor/tailoredgambeson.json",
    "side": "Server"
  },
  {
    "op": "add",
    "path": "/0/ingredients/A",
    "value": { "type": "item", "code": "tailorsdelight:awl-*", "isTool": true },
    "file": "game:recipes/grid/armor/tailoredgambeson.json",
    "side": "Server"
  },

  {
    "op": "replace",
    "comment": "tailored gambeson body armor",
    "path": "/1/ingredientPattern",
    "value": "AMS,MTM,MBM",
    "file": "game:recipes/grid/armor/tailoredgambeson.json",
    "side": "Server"
  },
  {
    "op": "add",
    "path": "/1/ingredients/B",
    "value": { "type": "item", "code": "tailorsdelight:buttons-*", "allowedVariants": [ "mixed", "horn", "zinc" ] },
    "file": "game:recipes/grid/armor/tailoredgambeson.json",
    "side": "Server"
  },
  {
    "op": "remove",
    "path": "/1/ingredients/L",
    "file": "game:recipes/grid/armor/tailoredgambeson.json",
    "side": "Server"
  },
  {
    "op": "add",
    "path": "/1/ingredients/A",
    "value": { "type": "item", "code": "tailorsdelight:awl-*", "isTool": true, "toolDurabilityCost": 6 },
    "file": "game:recipes/grid/armor/tailoredgambeson.json",
    "side": "Server"
  },
  {
    "op": "add",
    "path": "/1/ingredients/T",
    "value": { "type": "item", "code": "tailorsdelight:twine-brown", "quantity": 3 },
    "file": "game:recipes/grid/armor/tailoredgambeson.json",
    "side": "Server"
  },

  {
    "op": "replace",
    "comment": "tailored gamboised leg armor",
    "path": "/2/ingredientPattern",
    "value": "LSL,LAL,T T",
    "file": "game:recipes/grid/armor/tailoredgambeson.json",
    "side": "Server"
  },
  {
    "op": "add",
    "path": "/2/ingredients/A",
    "value": { "type": "item", "code": "tailorsdelight:awl-*", "isTool": true },
    "file": "game:recipes/grid/armor/tailoredgambeson.json",
    "side": "Server"
  }
]
