[
  {
    "op": "replace",
    "comment": "blacksmith apron",
    "path": "/0/ingredientPattern",
    "value": "LAL,TST,FSF",
    "file": "game:recipes/grid/clothes/leather.json",
    "side": "Server"
  },
  {
    "op": "add",
    "path": "/0/ingredients/A",
    "value": { "type": "item", "code": "tailorsdelight:awl-*", "isTool": true, "toolDurabilityCost": 2 },
    "file": "game:recipes/grid/clothes/leather.json",
    "side": "Server"
  },
  {
    "op": "replace",
    "path": "/0/ingredients/L",
    "value": { "type": "item", "code": "tailorsdelight:leatherbundle-aged" },
    "file": "game:recipes/grid/clothes/leather.json",
    "side": "Server"
  },
  {
    "op": "add",
    "path": "/0/ingredients/S",
    "value": { "type": "item", "code": "tailorsdelight:leatherbundle-sturdy" },
    "file": "game:recipes/grid/clothes/leather.json",
    "side": "Server"
  },
  {
    "op": "add",
    "path": "/0/ingredients/F",
    "value": { "type": "item", "code": "game:fat" },
    "file": "game:recipes/grid/clothes/leather.json",
    "side": "Server"
  },

  {
    "op": "replace",
    "comment": "worn leather boots",
    "path": "/1/ingredientPattern",
    "value": "NAN,LTL",
    "file": "game:recipes/grid/clothes/leather.json",
    "side": "Server"
  },
  {
    "op": "add",
    "path": "/1/ingredients/A",
    "value": { "type": "item", "code": "tailorsdelight:awl-*", "isTool": true },
    "file": "game:recipes/grid/clothes/leather.json",
    "side": "Server"
  },
  {
    "op": "add",
    "path": "/1/ingredients/N",
    "value": { "type": "item", "code": "game:leather-normal-plain" },
    "file": "game:recipes/grid/clothes/leather.json",
    "side": "Server"
  },
  {
    "op": "replace",
    "path": "/1/ingredients/L",
    "value": { "type": "item", "code": "tailorsdelight:leather-darkbrown" },
    "file": "game:recipes/grid/clothes/leather.json",
    "side": "Server"
  },
  {
    "op": "replace",
    "path": "/1/ingredients/T/code",
    "value": "tailorsdelight:leatherstrips-plain",
    "file": "game:recipes/grid/clothes/leather.json",
    "side": "Server"
  },

  {
    "op": "replace",
    "comment": "high leather boots",
    "path": "/2/ingredientPattern",
    "value": "DAD,LBL,LTL",
    "file": "game:recipes/grid/clothes/leather.json",
    "side": "Server"
  },
  {
    "op": "add",
    "path": "/2/ingredients/A",
    "value": { "type": "item", "code": "tailorsdelight:awl-*", "isTool": true },
    "file": "game:recipes/grid/clothes/leather.json",
    "side": "Server"
  },
  {
    "op": "add",
    "path": "/2/ingredients/D",
    "value": { "type": "item", "code": "tailorsdelight:leather-darkbrown", "quantity": 2 },
    "file": "game:recipes/grid/clothes/leather.json",
    "side": "Server"
  },
  {
    "op": "add",
    "path": "/2/ingredients/B",
    "value": { "type": "item", "code": "tailorsdelight:leatherstrips-plain", "quantity": 2 },
    "file": "game:recipes/grid/clothes/leather.json",
    "side": "Server"
  },
  {
    "op": "addmerge",
    "path": "/2/ingredients/L/quantity",
    "value": 2,
    "file": "game:recipes/grid/clothes/leather.json",
    "side": "Server"
  },
  {
    "op": "replace",
    "path": "/2/height",
    "value": 3,
    "file": "game:recipes/grid/clothes/leather.json",
    "side": "Server"
  },

  {
    "op": "replace",
    "comment": "leather bracers",
    "path": "/3/ingredientPattern",
    "value": "LTL,_S_,_A_",
    "file": "game:recipes/grid/clothes/leather.json",
    "side": "Server"
  },
  {
    "op": "add",
    "path": "/3/ingredients/A",
    "value": { "type": "item", "code": "tailorsdelight:awl-*", "isTool": true },
    "file": "game:recipes/grid/clothes/leather.json",
    "side": "Server"
  },
  {
    "op": "add",
    "path": "/3/ingredients/S",
    "value": { "type": "item", "code": "tailorsdelight:leatherstrips-plain" },
    "file": "game:recipes/grid/clothes/leather.json",
    "side": "Server"
  },
  {
    "op": "replace",
    "path": "/3/ingredients/L",
    "value": { "type": "item", "code": "tailorsdelight:leatherbundle-scraped" },
    "file": "game:recipes/grid/clothes/leather.json",
    "side": "Server"
  },
  {
    "op": "replace",
    "path": "/3/height",
    "value": 3,
    "file": "game:recipes/grid/clothes/leather.json",
    "side": "Server"
  },

  {
    "op": "replace",
    "comment": "heavy leather gloves",
    "path": "/4/ingredientPattern",
    "value": "LAL,FTF",
    "file": "game:recipes/grid/clothes/leather.json",
    "side": "Server"
  },
  {
    "op": "add",
    "path": "/4/ingredients/A",
    "value": { "type": "item", "code": "tailorsdelight:awl-*", "isTool": true },
    "file": "game:recipes/grid/clothes/leather.json",
    "side": "Server"
  },
  {
    "op": "add",
    "path": "/4/ingredients/F",
    "value": { "type": "item", "code": "game:fat" },
    "file": "game:recipes/grid/clothes/leather.json",
    "side": "Server"
  },
  {
    "op": "add",
    "path": "/4/ingredients/T/quantity",
    "value": 2,
    "file": "game:recipes/grid/clothes/leather.json",
    "side": "Server"
  },
  {
    "op": "replace",
    "comment": "heavy leather gloves",
    "path": "/4/ingredients/T/code",
    "value": "tailorsdelight:twine-black",
    "file": "game:recipes/grid/clothes/leather.json",
    "side": "Server"
  },
  {
    "op": "replace",
    "path": "/4/ingredients/L/code",
    "value": "tailorsdelight:leatherbundle-sturdy",
    "file": "game:recipes/grid/clothes/leather.json",
    "side": "Server"
  },
  {
    "op": "replace",
    "path": "/4/ingredients/L/quantity",
    "value": 1,
    "file": "game:recipes/grid/clothes/leather.json",
    "side": "Server"
  },

  {
    "op": "replace",
    "comment": "reinforced mask",
    "path": "/5/ingredientPattern",
    "value": "ALL",
    "file": "game:recipes/grid/clothes/leather.json",
    "side": "Server"
  },
  {
    "op": "add",
    "path": "/5/ingredients/A",
    "value": { "type": "item", "code": "tailorsdelight:awl-*", "isTool": true, "toolDurabilityCost": 4 },
    "file": "game:recipes/grid/clothes/leather.json",
    "side": "Server"
  },
  {
    "op": "replace",
    "path": "/5/width",
    "value": 3,
    "file": "game:recipes/grid/clothes/leather.json",
    "side": "Server"
  },

  {
    "op": "replace",
    "comment": "stained leather poncho",
    "path": "/6/ingredientPattern",
    "value": "TLA,LLL",
    "file": "game:recipes/grid/clothes/leather.json",
    "side": "Server"
  },
  {
    "op": "add",
    "path": "/6/ingredients/A",
    "value": { "type": "item", "code": "tailorsdelight:awl-*", "isTool": true, "toolDurabilityCost": 4 },
    "file": "game:recipes/grid/clothes/leather.json",
    "side": "Server"
  },

  {
    "op": "replace",
    "comment": "thigh high boots",
    "path": "/7/ingredientPattern",
    "value": "LTL,LAL",
    "file": "game:recipes/grid/clothes/leather.json",
    "side": "Server"
  },
  {
    "op": "add",
    "path": "/7/ingredients/A",
    "value": { "type": "item", "code": "tailorsdelight:awl-*", "isTool": true, "toolDurabilityCost": 8 },
    "file": "game:recipes/grid/clothes/leather.json",
    "side": "Server"
  }
]
