[
  {
    "op": "add",
    "path": "/behaviors",
    "value": [ { "name": "GroundStorable", "properties": { "layout": "Quadrants", "collisionBox": { "x1": 0, "y1": 0, "z1": 0, "x2": 1, "y2": 0.2, "z2": 1 } } } ],
    "file": "game:itemtypes/resource/sewingkit.json",
    "side": "Server"
  },
  {
    "op": "add",
    "path": "/attributes/groundStorageTransform",
    "value": {
	"translation": { "x": 0, "y": -0.05, "z": -0.08 },
	"rotation": { "x": 0, "y": -37, "z": 0 },
	"scale": 0.9
    },
    "file": "game:itemtypes/resource/sewingkit.json",
    "side": "Server"
  },
  {
    "op": "replace",
    "path": "/tpHandTransform",
    "value": {
	"translation": { "x": -1.2, "y": -0.6, "z": -0.75 },
	"rotation": { "x": -154, "y": 5, "z": -105 },
	"scale": 0.8
    },
    "file": "game:itemtypes/resource/sewingkit.json",
    "side": "Server"
  },
  {
    "op": "replace",
    "path": "/groundTransform",
    "value": {
	"translation": { "x": 0, "y": 0.4, "z": 0 },
	"rotation": { "x": 0, "y": 0, "z": 0 },
	"origin": { "x": 0.5, "y": 0.5, "z": 0.5 },
	"scale": 3.9
    },
    "file": "game:itemtypes/resource/sewingkit.json",
    "side": "Server"
  }
]
