[
  {
    "op": "replace",
    "comment": "scarlet-ornate-linen-tunic",
    "path": "/0/ingredientPattern",
    "value": "PRP,GPG,TNT",
    "file": "game:recipes/grid/clothes/red.json",
    "side": "Server"
  },
  {
    "op": "add",
    "path": "/0/ingredients/N",
    "value": { "type": "item", "code": "tailorsdelight:needle-*" },
    "file": "game:recipes/grid/clothes/red.json",
    "side": "Server"
  },
  {
    "op": "add",
    "path": "/0/ingredients/G",
    "value": { "type": "item", "code": "tailorsdelight:twine-gray" },
    "file": "game:recipes/grid/clothes/red.json",
    "side": "Server"
  },
  {
    "op": "add",
    "path": "/0/ingredients/T",
    "value": { "type": "item", "code": "tailorsdelight:twine-red", "quantity": 2 },
    "file": "game:recipes/grid/clothes/red.json",
    "side": "Server"
  },
  {
    "op": "replace",
    "path": "/0/ingredients/P/code",
    "value": "game:cloth-gray",
    "file": "game:recipes/grid/clothes/red.json",
    "side": "Server"
  },
  {
    "op": "replace",
    "path": "/0/height",
    "value": 3,
    "file": "game:recipes/grid/clothes/red.json",
    "side": "Server"
  },

  {
    "op": "replace",
    "comment": "minstrel coat",
    "path": "/2/ingredients/B",
    "value": { "type": "item", "code": "tailorsdelight:twine-blue" },
    "file": "game:recipes/grid/clothes/red.json",
    "side": "Server"
  },

  {
    "op": "replace",
    "comment": "reindeer herder collared shirt",
    "path": "/4/ingredientPattern",
    "value": "SBH,BRB,RBR",
    "file": "game:recipes/grid/clothes/red.json",
    "side": "Server"
  },
  {
    "op": "add",
    "path": "/4/ingredients/H",
    "value": { "type": "item", "code": "tailorsdelight:buttons-horn" },
    "file": "game:recipes/grid/clothes/red.json",
    "side": "Server"
  },
  {
    "op": "replace",
    "path": "/4/ingredients/B",
    "value": { "type": "item", "code": "tailorsdelight:twine-blue", "quantity": 3 },
    "file": "game:recipes/grid/clothes/red.json",
    "side": "Server"
  },
  {
    "op": "replace",
    "path": "/4/ingredients/R",
    "value": { "type": "item", "code": "tailorsdelight:twine-red", "quantity": 3 },
    "file": "game:recipes/grid/clothes/red.json",
    "side": "Server"
  },

  {
    "op": "replace",
    "comment": "fortune tellers scarf",
    "path": "/5/ingredients/G",
    "value": { "type": "item", "code": "tailorsdelight:twine-gold", "quantity": 2 },
    "file": "game:recipes/grid/clothes/red.json",
    "side": "Server"
  },

  {
    "op": "replace",
    "comment": "fortune tellers hip scarf",
    "path": "/6/ingredientPattern",
    "value": "GYG,SRR,_G_",
    "file": "game:recipes/grid/clothes/red.json",
    "side": "Server"
  },
  {
    "op": "add",
    "path": "/6/ingredients/Y",
    "value": { "type": "item", "code": "tailorsdelight:twine-red" },
    "file": "game:recipes/grid/clothes/red.json",
    "side": "Server"
  },
  {
    "op": "replace",
    "path": "/6/ingredients/G",
    "value": { "type": "item", "code": "tailorsdelight:twine-gold", "quantity": 2 },
    "file": "game:recipes/grid/clothes/red.json",
    "side": "Server"
  },
  {
    "op": "replace",
    "path": "/6/ingredients/R/code",
    "value": "tailorsdelight:cloth-darkred",
    "file": "game:recipes/grid/clothes/red.json",
    "side": "Server"
  }
]
