[
  {
    "op": "addeach",
    "path": "/attributes/panningDrops/@(bonysoil|bonysoil-.*)/-",
    "comment": "Only one item can drop, so items earlier in the list drop more often...",
    "value": [
	{ "type": "item", "code": "tailorsdelight:needle-bone",     "chance": { "avg": 0.008, "var": 0 } },
	{ "type": "item", "code": "tailorsdelight:needle-horn",     "chance": { "avg": 0.007, "var": 0 } },
	{ "type": "item", "code": "tailorsdelight:awlthorn-copper", "chance": { "avg": 0.005, "var": 0 } },
	{ "type": "item", "code": "tailorsdelight:buttons-horn",	"chance": { "avg": 0.009, "var": 0 } },
	{ "type": "item", "code": "tailorsdelight:buttons-brass",	"chance": { "avg": 0.008, "var": 0 } },
	{ "type": "item", "code": "tailorsdelight:buttons-silver",	"chance": { "avg": 0.007, "var": 0 } },
	{ "type": "item", "code": "tailorsdelight:buttons-gold",	"chance": { "avg": 0.005, "var": 0 } }
    ],
    "file": "game:blocktypes/wood/pan.json",
    "side": "Server"
  },

  {
    "op": "addeach",
    "path": "/attributes/panningDrops/@(sand|gravel)-.*/-",
    "comment": "Only one item can drop, so items earlier in the list drop more often...",
    "value": [
	{ "type": "item", "code": "tailorsdelight:buttons-copper",	"chance": { "avg": 0.004, "var": 0 } },
	{ "type": "item", "code": "tailorsdelight:buttons-zinc",	"chance": { "avg": 0.004, "var": 0 } }
    ],
    "file": "game:blocktypes/wood/pan.json",
    "side": "Server"
  }
]
