[
  {
    "op": "replace",
    "comment": "reindeer herder trousers",
    "path": "/0/ingredientPattern",
    "value": "BCB,BHB,_S_",
    "file": "game:recipes/grid/clothes/black.json",
    "side": "Server"
  },
  {
    "op": "add",
    "path": "/0/ingredients/H",
    "value": { "type": "item", "code": "tailorsdelight:buttons-horn" },
    "file": "game:recipes/grid/clothes/black.json",
    "side": "Server"
  },
  {
    "op": "replace",
    "path": "/0/height",
    "value": 3,
    "file": "game:recipes/grid/clothes/black.json",
    "side": "Server"
  },
  {
    "op": "replace",
    "path": "/0/ingredients/C",
    "value": { "type": "item", "code": "tailorsdelight:cloth-darkgreen" },
    "file": "game:recipes/grid/clothes/black.json",
    "side": "Server"
  },

  {
    "op": "replace",
    "comment": "fine trousers",
    "path": "/1/ingredientPattern",
    "value": "BCB,BRB,_S_",
    "file": "game:recipes/grid/clothes/black.json",
    "side": "Server"
  },
  {
    "op": "add",
    "path": "/1/ingredients/R",
    "value": { "type": "item", "code": "tailorsdelight:buttons-brass" },
    "file": "game:recipes/grid/clothes/black.json",
    "side": "Server"
  },
  {
    "op": "replace",
    "path": "/1/ingredients/C",
    "value": { "type": "item", "code": "tailorsdelight:twine-black", "quantity": 4 },
    "file": "game:recipes/grid/clothes/black.json",
    "side": "Server"
  },
  {
    "op": "replace",
    "path": "/1/ingredients/B",
    "value": { "type": "item", "code": "tailorsdelight:cloth-darkbrown" },
    "file": "game:recipes/grid/clothes/black.json",
    "side": "Server"
  },
  {
    "op": "replace",
    "path": "/1/height",
    "value": 3,
    "file": "game:recipes/grid/clothes/black.json",
    "side": "Server"
  },

  {
    "op": "replace",
    "comment": "commoner saddle blanket",
    "path": "/2/ingredientPattern",
    "value": "BCB,TST",
    "file": "game:recipes/grid/clothes/black.json",
    "side": "Server"
  },
  {
    "op": "add",
    "path": "/2/ingredients/T",
    "value": { "type": "item", "code": "tailorsdelight:twine-yellow" },
    "file": "game:recipes/grid/clothes/black.json",
    "side": "Server"
  },
  {
    "op": "replace",
    "path": "/2/ingredients/C/code",
    "value": "tailorsdelight:cloth-darkbrown",
    "file": "game:recipes/grid/clothes/black.json",
    "side": "Server"
  }
]
