[
  {
    "op": "replace",
    "path": "/ingredientPattern",
    "value": "FFS,FFN",
    "file": "game:recipes/grid/sewingkit.json",
    "side": "Server"
  },
  {
    "op": "add",
    "path": "/ingredients/N",
    "value": { "type": "item", "code": "tailorsdelight:needle-*" },
    "file": "game:recipes/grid/sewingkit.json",
    "side": "Server"
  },
  {
    "op": "add",
    "path": "/copyAttributesFrom",
    "value": "F",
    "file": "game:recipes/grid/sewingkit.json",
    "side": "Server"
  },
  {
    "op": "add",
    "path": "/averageDurability",
    "value": false,
    "file": "game:recipes/grid/sewingkit.json",
    "side": "Server"
  }
]
