[
  {
    "op": "replace",
    "comment": "workmans gown (pants)",
    "path": "/0/ingredientPattern",
    "value": "DTD,BCB,_N_",
    "file": "game:recipes/grid/clothes/brown.json",
    "side": "Server"
  },
  {
    "op": "add",
    "path": "/0/ingredients/C",
    "value": { "type": "item", "code": "tailorsdelight:buttons-*", "allowedVariants": [ "brass", "copper", "zinc" ] },
    "file": "game:recipes/grid/clothes/brown.json",
    "side": "Server"
  },
  {
    "op": "add",
    "path": "/0/ingredients/T",
    "value": { "type": "item", "code": "tailorsdelight:twine-black", "quantity": 2 },
    "file": "game:recipes/grid/clothes/brown.json",
    "side": "Server"
  },
  {
    "op": "add",
    "path": "/0/ingredients/D",
    "value": { "type": "item", "code": "tailorsdelight:cloth-darkbrown" },
    "file": "game:recipes/grid/clothes/brown.json",
    "side": "Server"
  },
  {
    "op": "add",
    "path": "/0/ingredients/N",
    "value": { "type": "item", "code": "tailorsdelight:needle-*" },
    "file": "game:recipes/grid/clothes/brown.json",
    "side": "Server"
  },
  {
    "op": "add",
    "path": "/0/height",
    "value": 3,
    "file": "game:recipes/grid/clothes/brown.json",
    "side": "Server"
  },

  {
    "op": "replace",
    "comment": "peasent-slippers (peasant)",
    "path": "/1/ingredientPattern",
    "value": "BNB",
    "file": "game:recipes/grid/clothes/brown.json",
    "side": "Server"
  },
  {
    "op": "add",
    "path": "/1/ingredients/N",
    "value": { "type": "item", "code": "tailorsdelight:needle-*" },
    "file": "game:recipes/grid/clothes/brown.json",
    "side": "Server"
  },
  {
    "op": "replace",
    "path": "/1/ingredients/B/code",
    "value": "tailorsdelight:cloth-darkbrown",
    "file": "game:recipes/grid/clothes/brown.json",
    "side": "Server"
  },

  {
    "op": "replace",
    "comment": "earth-tone robe",
    "path": "/2/ingredientPattern",
    "value": "BNB,BCB",
    "file": "game:recipes/grid/clothes/brown.json",
    "side": "Server"
  },
  {
    "op": "add",
    "path": "/2/ingredients/N",
    "value": { "type": "item", "code": "tailorsdelight:needle-*" },
    "file": "game:recipes/grid/clothes/brown.json",
    "side": "Server"
  },
  {
    "op": "replace",
    "path": "/2/ingredients/C",
    "value": { "type": "item", "code": "tailorsdelight:twine-blue", "quantity": 2 },
    "file": "game:recipes/grid/clothes/brown.json",
    "side": "Server"
  },

  {
    "op": "replace",
    "comment": "warm robe",
    "path": "/3/ingredientPattern",
    "value": "BNB,BHB",
    "file": "game:recipes/grid/clothes/brown.json",
    "side": "Server"
  },
  {
    "op": "add",
    "path": "/3/ingredients/N",
    "value": { "type": "item", "code": "tailorsdelight:needle-*" },
    "file": "game:recipes/grid/clothes/brown.json",
    "side": "Server"
  },
  {
    "op": "replace",
    "path": "/3/ingredients/H",
    "value": { "type": "item", "code": "tailorsdelight:leatherbundle-raw" },
    "file": "game:recipes/grid/clothes/brown.json",
    "side": "Server"
  },

  {
    "op": "addmerge",
    "comment": "warm robe, small hide",
    "path": "/4/enabled",
    "value": false,
    "file": "game:recipes/grid/clothes/brown.json",
    "side": "Server"
  },

  {
    "op": "replace",
    "comment": "jord robe",
    "path": "/5/ingredientPattern",
    "value": "BNB,BBB",
    "file": "game:recipes/grid/clothes/brown.json",
    "side": "Server"
  },
  {
    "op": "add",
    "path": "/5/ingredients/N",
    "value": { "type": "item", "code": "tailorsdelight:needle-*" },
    "file": "game:recipes/grid/clothes/brown.json",
    "side": "Server"
  },

  {
    "op": "replace",
    "comment": "hooded cape",
    "path": "/6/ingredientPattern",
    "value": "BCB,NBM",
    "file": "game:recipes/grid/clothes/brown.json",
    "side": "Server"
  },
  {
    "op": "add",
    "path": "/6/ingredients/N",
    "value": { "type": "item", "code": "tailorsdelight:needle-*" },
    "file": "game:recipes/grid/clothes/brown.json",
    "side": "Server"
  },
  {
    "op": "replace",
    "path": "/6/ingredients/C",
    "value": { "type": "item", "code": "tailorsdelight:twine-blue", "quantity": 2 },
    "file": "game:recipes/grid/clothes/brown.json",
    "side": "Server"
  },
  {
    "op": "add",
    "path": "/6/ingredients/M",
    "value": { "type": "item", "code": "tailorsdelight:buttons-mixed" },
    "file": "game:recipes/grid/clothes/brown.json",
    "side": "Server"
  },

  {
    "op": "replace",
    "comment": "earth-toned saddle blanket",
    "path": "/2/ingredientPattern",
    "value": "BCB,NSO",
    "file": "game:recipes/grid/clothes/black.json",
    "side": "Server"
  },
  {
    "op": "add",
    "path": "/1/ingredients/N",
    "value": { "type": "item", "code": "tailorsdelight:needle-*" },
    "file": "game:recipes/grid/clothes/black.json",
    "side": "Server"
  },
  {
    "op": "add",
    "path": "/1/ingredients/O",
    "value": { "type": "item", "code": "tailorsdelight:twine-orange" },
    "file": "game:recipes/grid/clothes/black.json",
    "side": "Server"
  },
  {
    "op": "replace",
    "path": "/1/ingredients/C/code",
    "value": "tailorsdelight:cloth-darkbrown",
    "file": "game:recipes/grid/clothes/black.json",
    "side": "Server"
  }
]
