[
  {
    "op": "replace",
    "comment": "minstrel boots",
    "path": "/0/ingredientPattern",
    "value": "GTG,GNG",
    "file": "game:recipes/grid/clothes/green.json",
    "side": "Server"
  },
  {
    "op": "add",
    "path": "/0/ingredients/N",
    "value": { "type": "item", "code": "tailorsdelight:needle-*" },
    "file": "game:recipes/grid/clothes/green.json",
    "side": "Server"
  },
  {
    "op": "add",
    "path": "/0/ingredients/T",
    "value": { "type": "item", "code": "tailorsdelight:twine-gray" },
    "file": "game:recipes/grid/clothes/green.json",
    "side": "Server"
  },

  {
    "op": "replace",
    "comment": "nomad boots",
    "path": "/1/ingredientPattern",
    "value": "THT,BSB,G_G",
    "file": "game:recipes/grid/clothes/green.json",
    "side": "Server"
  },
  {
    "op": "add",
    "path": "/1/ingredients/H",
    "value": { "type": "item", "code": "tailorsdelight:buttons-horn" },
    "file": "game:recipes/grid/clothes/green.json",
    "side": "Server"
  },
  {
    "op": "add",
    "path": "/1/ingredients/T",
    "value": { "type": "item", "code": "tailorsdelight:twine-gray" },
    "file": "game:recipes/grid/clothes/green.json",
    "side": "Server"
  },
  {
    "op": "replace",
    "path": "/1/ingredients/G/code",
    "value": "tailorsdelight:cloth-darkgreen",
    "file": "game:recipes/grid/clothes/green.json",
    "side": "Server"
  },
  {
    "op": "addmerge",
    "path": "/1/ingredients/B/quantity",
    "value": 2,
    "file": "game:recipes/grid/clothes/green.json",
    "side": "Server"
  },
  {
    "op": "replace",
    "path": "/1/height",
    "value": 3,
    "file": "game:recipes/grid/clothes/green.json",
    "side": "Server"
  },

  {
    "op": "replace",
    "comment": "nomad trousers",
    "path": "/2/ingredientPattern",
    "value": "CBC,DSD,TGT",
    "file": "game:recipes/grid/clothes/green.json",
    "side": "Server"
  },
  {
    "op": "add",
    "path": "/2/ingredients/B",
    "value": { "type": "item", "code": "tailorsdelight:buttons-horn" },
    "file": "game:recipes/grid/clothes/green.json",
    "side": "Server"
  },
  {
    "op": "add",
    "path": "/2/ingredients/T",
    "value": { "type": "item", "code": "tailorsdelight:twine-yellow" },
    "file": "game:recipes/grid/clothes/green.json",
    "side": "Server"
  },
  {
    "op": "add",
    "path": "/2/ingredients/D",
    "value": { "type": "item", "code": "tailorsdelight:cloth-darkgreen" },
    "file": "game:recipes/grid/clothes/green.json",
    "side": "Server"
  },
  {
    "op": "add",
    "path": "/2/ingredients/C",
    "value": { "type": "item", "code": "game:cloth-black" },
    "file": "game:recipes/grid/clothes/green.json",
    "side": "Server"
  },
  {
    "op": "replace",
    "path": "/2/height",
    "value": 3,
    "file": "game:recipes/grid/clothes/green.json",
    "side": "Server"
  },
  {
    "op": "replace",
    "path": "/2/ingredients/G/quantity",
    "value": 1,
    "file": "game:recipes/grid/clothes/green.json",
    "side": "Server"
  },

  {
    "op": "replace",
    "comment": "nomad mantle",
    "path": "/3/ingredientPattern",
    "value": "PBP,GTG,_S_",
    "file": "game:recipes/grid/clothes/green.json",
    "side": "Server"
  },
  {
    "op": "add",
    "path": "/3/ingredients/B",
    "value": { "type": "item", "code": "tailorsdelight:buttons-horn" },
    "file": "game:recipes/grid/clothes/green.json",
    "side": "Server"
  },
  {
    "op": "add",
    "path": "/3/ingredients/T",
    "value": { "type": "item", "code": "tailorsdelight:twine-darkgreen" },
    "file": "game:recipes/grid/clothes/green.json",
    "side": "Server"
  },
  {
    "op": "replace",
    "path": "/3/height",
    "value": 3,
    "file": "game:recipes/grid/clothes/green.json",
    "side": "Server"
  },

  {
    "op": "replace",
    "comment": "spice merchant coat",
    "path": "/4/ingredientPattern",
    "value": "GSG,BDB,YCY",
    "file": "game:recipes/grid/clothes/green.json",
    "side": "Server"
  },
  {
    "op": "add",
    "path": "/4/ingredients/C",
    "value": { "type": "item", "code": "tailorsdelight:buttons-gold" },
    "file": "game:recipes/grid/clothes/green.json",
    "side": "Server"
  },
  {
    "op": "add",
    "path": "/4/ingredients/Y",
    "value": { "type": "item", "code": "tailorsdelight:twine-yellow" },
    "file": "game:recipes/grid/clothes/green.json",
    "side": "Server"
  },
  {
    "op": "add",
    "path": "/4/ingredients/D",
    "value": { "type": "item", "code": "tailorsdelight:twine-darkgreen" },
    "file": "game:recipes/grid/clothes/green.json",
    "side": "Server"
  },
  {
    "op": "replace",
    "path": "/4/height",
    "value": 3,
    "file": "game:recipes/grid/clothes/green.json",
    "side": "Server"
  }
]
