﻿{
  "code": "crossbow",
  "class": "Crossbows:Crossbow",
  "creativeinventory": {"maltiezcrossbows": ["*"]},
  "variantgroups": [
    {"code": "drawtype", "states": ["simple", "stirrup", "latch", "goatsfoot", "windlass"]},
    {"code": "material", "states": ["wood", "tinbronze", "bismuthbronze", "blackbronze", "iron", "meteoriciron", "steel"]}
  ],
  "allowedVariants": ["*-simple-wood", "*-stirrup-*bronze", "*-latch-*iron", "*-goatsfoot-steel", "*-windlass-steel"],
  "maxstacksize": 1,
  "durabilityByType": {"*-simple-*": 450, "*-stirrup-*": 900, "*-latch-*": 900, "*-goatsfoot-*": 1600, "*-windlass-*": 1200},
  "tool": "crossbow",
  "rackable": true,
  "behaviors": [
    {
      "name": "CombatOverhaul:AnimatableAttachable",
      "properties": {
        "animated-shapeByType": {"*-goatsfoot-*": "maltiezcrossbows:crossbows/{drawtype}-tp", "*-windlass-*": "maltiezcrossbows:crossbows/{drawtype}-tp", "*": "maltiezcrossbows:crossbows/{drawtype}"},
        "animated-shape-fp": "maltiezcrossbows:crossbows/{drawtype}"
      }
    },
    {
      "name": "GroundStorable",
      "properties": {
        "layout": "WallHalves",
        "wallOffY": 2,
        "sprintKey": true,
        "selectionBox": {"x1": 0, "y1": 0, "z1": 0, "x2": 1, "y2": 0.1, "z2": 1},
        "collisionBox": {"x1": 0, "y1": 0, "z1": 0, "x2": 0, "y2": 0, "z2": 0}
      }
    }
  ],
  "attributes": {
    "toolrackTransform": {"translation": {"x": 0, "y": 0.6, "z": 0.5}, "rotation": {"x": 173, "y": -90, "z": 0}, "origin": {"x": 0, "y": 0, "z": 0}, "scale": 1.34},
    "groundStorageTransformByType": {
      "*-simple-*": {"translation": {"x": 0.5, "y": 0.76, "z": 0.74}, "rotation": {"x": 104, "y": -180, "z": -155}, "origin": {"x": 0, "y": 0, "z": 0}, "scale": 0.81},
      "*-latch-*": {"translation": {"x": 0.5, "y": 0.55, "z": 0.8}, "rotation": {"x": 110, "y": -180, "z": -155}, "origin": {"x": 0, "y": 0, "z": 0}, "scale": 0.81},
      "*-stirrup-*": {"translation": {"x": 0.5, "y": 0.7, "z": 0.74}, "rotation": {"x": 110, "y": -180, "z": -155}, "origin": {"x": 0, "y": 0, "z": 0}, "scale": 0.81},
      "*-goatsfoot-*": {"translation": {"x": 0.5, "y": 0.54, "z": 0.74}, "rotation": {"x": 110, "y": -180, "z": -155}, "origin": {"x": 0, "y": 0, "z": 0}, "scale": 0.81},
      "*-windlass-*": {"translation": {"x": 0.5, "y": 0.69, "z": 0.74}, "rotation": {"x": 105, "y": -180, "z": -155}, "origin": {"x": 0, "y": 0, "z": 0}, "scale": 0.81}
    },
    "inCrossbowWallmountTransformByType": {
      "*-simple-*": {"translation": {"x": 0, "y": -0.68, "z": -0.02}, "rotation": {"x": 90, "y": 0, "z": 0}, "origin": {"x": 0, "y": 0, "z": 0}, "scale": 0.8},
      "*-latch-*": {"translation": {"x": 0, "y": -0.52, "z": 0}, "rotation": {"x": 90, "y": 0, "z": 180}, "origin": {"x": 0, "y": 0, "z": 0}, "scale": 0.8},
      "*-stirrup-*": {"translation": {"x": 0, "y": -0.52, "z": 0}, "rotation": {"x": 90, "y": 0, "z": 180}, "origin": {"x": 0, "y": 0, "z": 0}, "scale": 0.8},
      "*-goatsfoot-*": {"translation": {"x": 0, "y": -0.53, "z": 0}, "rotation": {"x": 90, "y": 0, "z": 180}, "origin": {"x": 0, "y": 0, "z": 0}, "scale": 0.8},
      "*-windlass-*": {"translation": {"x": 0, "y": -0.5, "z": 0}, "rotation": {"x": 90, "y": 0, "z": 180}, "origin": {"x": 0, "y": 0, "z": 0}, "scale": 0.8}
    },
    "BoltTransform": {"translation": {"x": -5.65, "y": 0.2, "z": -1}, "rotation": {"x": 0, "y": 0, "z": 1}, "scale": 0.75},
    "BoltDamageMultiplierByType": {"*-simple-*": 1, "*-stirrup-*": 2, "*-latch-*": 1.5, "*-goatsfoot-*": 2.5, "*-windlass-*": 4.3},
    "BoltDamageStrengthByType": {"*-simple-*": 2, "*-stirrup-*": 4, "*-latch-*": 3, "*-goatsfoot-*": 6, "*-windlass-*": 7},
    "BoltVelocityByType": {"*-simple-*": 1, "*-stirrup-*": 1.8, "*-latch-*": 1.5, "*-goatsfoot-*": 2.5, "*-windlass-*": 3},
    "DrawSpeedPenaltyByType": {"*-simple-*": -0.1, "*-stirrup-*": -2, "*-latch-*": -0.1, "*-goatsfoot-*": -0.2, "*-windlass-*": -2},
    "ProficiencyStat": "crossbowsProficiency",
    "IdleAnimation": "maltiezcrossbows:crossbow-idle",
    "ReadyAnimation": "maltiezcrossbows:crossbow-ready",
    "DrawAnimation": "maltiezcrossbows:crossbow-{drawtype}-draw",
    "DrawnAnimation": "maltiezcrossbows:crossbow-{drawtype}-drawn",
    "LoadAnimation": "maltiezcrossbows:crossbow-{drawtype}-load",
    "ReleaseAnimation": "maltiezcrossbows:crossbow-{drawtype}-release",
    "AimAnimation": "maltiezcrossbows:crossbow-{drawtype}-aim",
    "LoadedAnimation": "maltiezcrossbows:crossbow-{drawtype}-loaded",
    "DrawTpAnimation": "crossbow-reload-1",
    "LoadTpAnimation": "crossbow-reload-0",
    "AimTpAnimation": "crossbow-aim",
    "DrawRequirementByType": {"*-goatsfoot-*": "*spanningtool-goatsfoot", "*-windlass-*": "*spanningtool-windlass", "*": ""},
    "AimingByType": {
      "*-simple-*": {
        "AimDifficulty": 1,
        "CursorType": "Fixed",
        "AccuracyOvertimeSec": 0,
        "CursorTextureReady": "combatoverhaul:gui/aiming/arrow-full.png",
        "CursorTextureNotReady": "combatoverhaul:gui/aiming/arrow-part.png",
        "AllowSprint": true,
        "MoveSpeedPenalty": 0.1,
        "AimDrift": 60,
        "AimTwitch": 2,
        "AnimationFollowX": 5.5,
        "AnimationFollowY": 5.5,
        "VerticalLimit": 0.25,
        "VerticalOffset": -0.05
      },
      "*-stirrup-*": {
        "AimDifficulty": 1,
        "CursorType": "Fixed",
        "AccuracyOvertimeSec": 0,
        "CursorTextureReady": "combatoverhaul:gui/aiming/arrow-full.png",
        "CursorTextureNotReady": "combatoverhaul:gui/aiming/arrow-part.png",
        "AllowSprint": true,
        "MoveSpeedPenalty": 0.1,
        "AimDrift": 80,
        "AimTwitch": 3,
        "AnimationFollowX": 5.5,
        "AnimationFollowY": 5.5,
        "VerticalLimit": 0.25,
        "VerticalOffset": -0.05
      },
      "*-latch-*": {
        "AimDifficulty": 1,
        "CursorType": "Fixed",
        "AccuracyOvertimeSec": 0,
        "CursorTextureReady": "combatoverhaul:gui/aiming/arrow-full.png",
        "CursorTextureNotReady": "combatoverhaul:gui/aiming/arrow-part.png",
        "AllowSprint": true,
        "MoveSpeedPenalty": 0.1,
        "AimDrift": 80,
        "AimTwitch": 3,
        "AnimationFollowX": 5.5,
        "AnimationFollowY": 5.5,
        "VerticalLimit": 0.25,
        "VerticalOffset": -0.05
      },
      "*-goatsfoot-*": {
        "AimDifficulty": 1,
        "CursorType": "Fixed",
        "AccuracyOvertimeSec": 0,
        "CursorTextureReady": "combatoverhaul:gui/aiming/arrow-full.png",
        "CursorTextureNotReady": "combatoverhaul:gui/aiming/arrow-part.png",
        "AllowSprint": true,
        "MoveSpeedPenalty": 0.1,
        "AimDrift": 90,
        "AimTwitch": 4,
        "AnimationFollowX": 5.5,
        "AnimationFollowY": 5.5,
        "VerticalLimit": 0.25,
        "VerticalOffset": -0.05
      },
      "*-windlass-*": {
        "AimDifficulty": 1,
        "CursorType": "Fixed",
        "AccuracyOvertimeSec": 0,
        "CursorTextureReady": "combatoverhaul:gui/aiming/arrow-full.png",
        "CursorTextureNotReady": "combatoverhaul:gui/aiming/arrow-part.png",
        "AllowSprint": true,
        "MoveSpeedPenalty": 0.1,
        "AimDrift": 90,
        "AimTwitch": 4,
        "AnimationFollowX": 5.5,
        "AnimationFollowY": 5.5,
        "VerticalLimit": 0.25,
        "VerticalOffset": -0.05
      }
    },
    "ZeroingByType": {"*-simple-*": 1, "*-stirrup-*": 0.5, "*-latch-*": 1, "*-goatsfoot-*": 0, "*-windlass-*": 0},
    "DispersionMOAByType": {"*-simple-*": [50, 50], "*-stirrup-*": [15, 15], "*-latch-*": [30, 30], "*-goatsfoot-*": [5, 5], "*-windlass-*": [15, 15]}
  },
  "heldLeftTpIdleAnimation": "crossbow-idle",
  "heldLeftReadyAnimation": "crossbow-idle",
  "heldRightReadyAnimation": "crossbow-idle",
  "heldOldTpIdleAnimation": "crossbow-idle",
  "heldTpUseAnimation": "crossbow-idle",
  "shapeByType": {
    "*-goatsfoot-*": {"base": "maltiezcrossbows:crossbows/{drawtype}-tp"},
    "*-windlass-*": {"base": "maltiezcrossbows:crossbows/{drawtype}-tp"},
    "*": {"base": "maltiezcrossbows:crossbows/{drawtype}"}
  },
  "texturesByType": {"*-wood": {}, "*": {"metal": {"base": "game:block/metal/plate/{material}"}}},
  "guiTransformByType": {
    "*-simple-*": {"translation": {"x": 0, "y": 0, "z": 0}, "rotation": {"x": -52, "y": -39, "z": 180}, "origin": {"x": 0.45, "y": -1, "z": -0.85}, "scale": 0.9},
    "*": {"translation": {"x": 0, "y": 0, "z": 0}, "rotation": {"x": -52, "y": -41, "z": 180}, "origin": {"x": -0.05, "y": 0.1, "z": 0.05}, "scale": 0.95}
  },
  "tpHandTransform": {"translation": {"x": -0.2, "y": 0, "z": 0.02}, "rotation": {"x": 0, "y": -90, "z": 0}, "origin": {"x": 0, "y": 0, "z": 0}, "scale": 0.8},
  "groundTransform": {"translation": {"x": 0, "y": 0.13, "z": 0}, "rotation": {"x": 1, "y": 0, "z": 0}, "origin": {"x": 0, "y": 0, "z": 0}, "scale": 4.8}
}