{
    "code": "mediumanimalcage",
    "class": "blockmediumanimalcage",
    "entityclass": "blockentitymediumanimalcage",
    "handbook": {
        "groupBy": [
            "*"
        ]
    },
    "heldTpIdleAnimation": "holdbothhandslarge",
    "heldTpHitAnimation": "twohandplaceblock",
    "creativeinventory": {
        "general": [
            "*-floor-opened-north"
        ]
    },
    "shapeinventory": {
        "base": "mediumanimalcage-{type}-gui"
    },
    "behaviors": [
        {
            "name": "RightClickPickup"
        }
    ],
    "guiTransform": {
        "translation": {
            "x": 4,
            "y": 7,
            "z": 0
        },
        "scale": 0.6
    },
    "fpHandTransform": {
        "scale": 0.6
    },
    "tpHandTransform": {
        "translation": {
            "x": 1,
            "y": -0.7,
            "z": 0.5
        },
        "rotation": {
            "x": 10,
            "y": 15,
            "z": -70
        },
        "origin": {
            "x": 0,
            "y": 0,
            "z": 0
        },
        "scale": 0.45
    },
    "groundTransform": {
        "scale": 0.6
    },
    "maxstacksize": 1,
    "variantgroups": [
        {
            "code": "hpart",
            "states": [
                "ceiling",
                "floor"
            ]
        },
        {
            "code": "type",
            "states": [
                "closed",
                "opened"
            ]
        },
        {
            "code": "side",
            "loadFromProperties": "abstract/horizontalorientation"
        }
    ],
    "shapebytype": {
        "*-north": {
            "base": "mediumanimalcage-{type}-{hpart}",
            "rotateY": 90
        },
        "*-east": {
            "base": "mediumanimalcage-{type}-{hpart}"
        },
        "*-south": {
            "base": "mediumanimalcage-{type}-{hpart}",
            "rotateY": 270
        },
        "*-west": {
            "base": "mediumanimalcage-{type}-{hpart}",
            "rotateY": 180
        }
    },
    "drops": [
        {
            "type": "block",
            "code": "mediumanimalcage-floor-opened-north"
        }
    ],
    "blockmaterial": "Wood",
    "resistance": 1.5,
    "materialDensity": 400,
    "sidesolid": {
        "all": false
    },
    "sideopaque": {
        "all": false
    },
    "sounds": {
        "place": "game:block/planks",
        "hit": "game:block/planks",
        "break": "game:block/planks",
        "walk": "game:walk/wood"
    }
}