{
	code: "elephantwearable",
	variantgroups: [
		{ code: "category",  states: [
			"head", "middleback"
		] },
		{ code: "type", states: [
			"bridle1","bridle2", "saddle1"
		] }
	],
	allowedVariants: [
		"elephantwearable-head-bridle1",
		"elephantwearable-head-bridle2",
		"elephantwearable-middleback-saddle1"
	],
	attributes: {
		attachableToEntity: {
			categoryCodeByType: {
				"elephantwearable-head-bridle*": "elephantbridle",
				"elephantwearable-middleback-saddle*": "elephantsaddle"
			},
			attachedShapeBySlotCodeByType: {
				"*-saddle1": {"*": { base: "item/wearable/elephants/saddle1-inventory" }},
				"*-bridle*": { 
					"*-elephasmaximus": { base: "item/wearable/elephants/bridle1-elephasmaximus" },
					"*-elephasmaximusborneensis": { base: "item/wearable/elephants/bridle1-elephasmaximusborneensis" },
					"*-loxodontaafricana": { base: "item/wearable/elephants/bridle1-loxodontaafricana" },
					"*-loxodontacyclotis": { base: "item/wearable/elephants/bridle1-loxodontacyclotis" },
					"*-mammuthuscolumbi": { base: "item/wearable/elephants/bridle1-mammuthuscolumbi" },
					"*-mammuthusexilis": { base: "item/wearable/elephants/bridle1-mammuthusexilis" },
					"*-mammuthusprimigenius": { base: "item/wearable/elephants/bridle1-mammuthusprimigenius" },
					"*": { base: "item/wearable/elephants/{type}" }
				}
			}
		},
		controlSchemeByType: {
			"*-bridle1": "Hold",
			"*-bridle2": "Press"
		},
		isSaddleByType: {
			"elephantwearable-middleback-saddle1": true
		},
		isBridleByType: {
			"elephantwearable-head-bridle*": true
		},
		interactPassthroughByType: {
			"*-saddle1": true
		}
	},
	shapeByType: {
		"*-bridle2": { base: "item/wearable/elephants/bridle1-inventory" },
		"*": { base: "item/wearable/elephants/{type}-inventory" }
	},
	texturesByType: {
		"*": {
			"hide": { base: "game:block/transparent" },
			"leather": { base: "game:block/leather/plain" },
			"brass": { base: "game:block/metal/plate/brass"},
			"aged": { base: "game:block/wood/debarked/aged"},
			"rope": { base: "game:item/resource/rope"}
		}
	},
	heldTpIdleAnimationByType: {
		"*-saddle1": "holdbothhands",
		"elephantwearable-lowerbackside-saddlebags*": "holdbothhands"
	},
	maxStackSize: 1,
	creativeinventory: { "general": ["*"], "items": ["*"], "clothing": ["*"] },
	renderAlphaTest: 0.25,
	guiTransformByType: {
		"*-saddle1": {
			translation: { x: 0, y: 0, z: 0 },
			rotation: { x: -35, y: -46, z: -180 },
			origin: { x: 0.5, y: 0.2, z: 0.6 },
			scale: 1.4
		},
		"elephantwearable-head-bridle*": {
			translation: { x: 0, y: 0, z: 0 },
			rotation: { x: -45, y: -70, z: -180 },
			origin: { x: 0.5, y: -0, z: 0.5 },
			scale: 2.17
		}
	},
	groundTransformByType: {
		"*-saddle1": {
			translation: { x: 0, y: 0.51, z: 0 },
			rotation: { x: 0, y: 0, z: 0 },
			scale: 5
		},
		"elephantwearable-head-bridle*": {
			translation: { x: 0, y: 0.5, z: 0 },
			rotation: { x: 0, y: 0, z: 0 },
			scale: 5
		}
	},
	tpHandTransformByType: {
		"*-saddle1": {
			translation: { x: -1, y: -0.76, z: -0.6 },
			rotation: { x: -43, y: -17, z: -107 },
			scale: 0.8
		},
		"elephantwearable-head-bridle*": {
			translation: { x: -0.52, y: -0.8, z: -1 },
			rotation: { x: 0, y: 91, z: 90 },
			scale: 0.95
		}
	}
}
