{
	code: "jonasboat",
	class: "EntityJonasBoat",
	variantgroups: [
		{ code: "material", states: ["aged", "bamboo"], loadFromProperties: "block/wood" }
	],
	skipVariants: [
		"jonasboat-bamboo"
	],
	attributes: {
		deconstructible: true,
		deconstructDrops:
			[
				{ type: "item", code: "plank-{material}", quantity: 64 },
				{ type: "item", code: "jonasboat:jonasboatpart-hull", quantity: 10 },
				{ type: "item", code: "jonasboat:jonasboatpart-rotor", quantity: 1 },
				{ type: "item", code: "jonasboat:jonasboatpart-gearbox", quantity: 1 },
				{ type: "item", code: "metalplate-lead", quantity: 12 },
				{ type: "item", code: "metalplate-iron", quantity: 8 },
				{ type: "item", code: "metalplate-brass", quantity: 1 },
				{ type: "item", code: "rod-iron", quantity: 2 },
				{ type: "item", code: "rod-cupronickel", quantity: 2 },
				{ type: "item", code: "gear-temporal", quantity: 1 },
				{ type: "block", code: "metal-parts", quantity: 6 },
				{ type: "block", code: "largegear3", quantity: 4 }
			],
		shouldSwivelFromMotion: false,
		speedMultiplier: 2,
		swimmingOffsetY: 2.85,
		/*rightClickPickup: true,*/
		mountAnimations: {
			idle: "sitboatidle",
			ready: "",
			forwards: "",
			backwards: ""
		}
	},
	hitboxSize: { x: 3, y: 3, z: 3 },
	behaviorConfigs: {
		"ellipsoidalrepulseagents":{
			offset: { x:0.1, z: 1.5 },
			"__comment": "Not a 3d Ellipse but essentially a 2d ellipse lengthened in the y-axis",
			radius: { x: 1.9, y: 1.5, z: 4.6 }
		},
		"passivephysicsmultibox": {
			collisionBoxes:[
				/*{ x1: -2.4, y1: 0, z1: 0.1, x2: 2.4, y2: 1.2, z2: 2.9 }*/
				/*{ x1: -3.4, y1: 0, z1: -0.9, x2: 3.4, y2: 1.2, z2: 3.9 },*/
				{ x1: -2.4, y1: 0, z1: 0.1, x2: 2.4, y2: 1.2, z2: 2.9 },
				{ x1: -1.4, y1: 0, z1: -2.9, x2: 1.4, y2: 1.2, z2: -0.1 },
				{ x1: -1.4, y1: 0, z1: -5.9, x2: 1.4, y2: 1.2, z2: -2.9 }
			],
			groundDragFactor: 1,
			airDragFallingFactor: 0.5,
			gravityFactor: 1.0
		},
		"creaturecarrier": {
			"__comment": "Note: The FrontSeat selection box originally had that Y-Rotation of 180 degrees - it offseted the player somehow weirdly. Was not able to figure out why. Setting mountRotation works better.",
			seats:[
				{ apName: "CabinSeatAP", mountOffset: { x: 0.5 }, bodyYawLimit: 0.1, controllable: true, eyeHeight: 1 }
			]
		},
		"rideableaccessories": {
			"dropContentsOnDeath": true,
			"__comment": "These need to be in the same order as the selectionBoxes array further down",
			wearableSlots:[
				{
					code: "Left Prow Storage",
					forCategoryCodes: ["anchor"],
					attachmentPointCode: "LProwAP",
					stepParentTo: {
						"": { elementName: "LeftProwStorage" }
					}
				},
				{
					code: "Jonas Boat Lantern Storage",
					forCategoryCodes: ["lantern"],
					attachmentPointCode: "LanternAP",
					stepParentTo: {
						"": { elementName: "JonasBoatLanternStorage" }
					}
				},
				{
					code: "Left Storage 1",
					forCategoryCodes: ["seat", "chest", "ropetiepost", "basket", "crate"],
					canMergeWith: ["Left Storage 2"],
					attachmentPointCode: "LStore1AP",
					stepParentTo: {
						"": { elementName: "LeftStorage1" }
					}
				},
				{
					code: "Left Storage 2",
					forCategoryCodes: ["seat", "chest", "ropetiepost", "basket", "crate"],
					canMergeWith: ["Left Storage 3"],
					attachmentPointCode: "LStore2AP",
					stepParentTo: {
						"": { elementName: "LeftStorage2" }
					}
				},
				{
					code: "Left Storage 3",
					forCategoryCodes: ["seat", "chest", "ropetiepost", "basket", "crate"],
					canMergeWith: ["Left Storage 4"],
					attachmentPointCode: "LStore3AP",
					stepParentTo: {
						"": { elementName: "LeftStorage3" }
					}
				},
				{
					code: "Right Storage 1",
					forCategoryCodes: ["seat", "chest", "ropetiepost", "basket", "crate"],
					canMergeWith: ["Right Storage 2"],
					attachmentPointCode: "RStore1AP",
					stepParentTo: {
						"": { elementName: "RightStorage1" }
					}
				},
				{
					code: "Right Storage 2",
					forCategoryCodes: ["seat", "chest", "ropetiepost", "basket", "crate"],
					canMergeWith: ["Right Storage 3"],
					attachmentPointCode: "RStore2AP",
					stepParentTo: {
						"": { elementName: "RightStorage2" }
					}
				},
				{
					code: "Right Storage 3",
					forCategoryCodes: ["seat", "chest", "ropetiepost", "basket", "crate"],
					canMergeWith: ["Right Storage 4"],
					attachmentPointCode: "RStore3AP",
					stepParentTo: {
						"": { elementName: "RightStorage3" }
					}
				},
				{
					code: "CabinSeatAP",
					forCategoryCodes: [],
				}
			]
		},
		"selectionboxes": {
			"__comment": "Modders, make sure the selectionBoxes are in the same order as the wearableSlots, or things can go haywire. Placed chest contents dont get synced properly for example, if wrongly ordered.",
			selectionBoxes: ["LProwAP", "LanternAP", "LStore1AP", "LStore2AP", "LStore3AP", "RStore1AP", "RStore2AP", "RStore3AP", "CabinSeatAP" ]
		}
	},
	client: {
		size: 1,
		renderer: "Shape",
		shape: { base: "jonasboat:entity/water/jonasboat", ignoreElements: ["hideWater"] },
		animations: [
			{
				code: "bothForward",
				animation: "bothForward",
				animationSpeed: 1,
				easeInSpeed: 2,
				easeOutSpeed: 2
			},
			{
				code: "bothBackward",
				animation: "bothBackward",
				animationSpeed: 0.5,
				easeInSpeed: 2,
				easeOutSpeed: 2
			},
			{
				code: "turnLeft",
				animation: "turnLeft",
				animationSpeed: 1,
				easeInSpeed: 2,
				easeOutSpeed: 2
			},
			{
				code: "turnRight",
				animation: "turnRight",
				animationSpeed: 1,
				easeInSpeed: 2,
				easeOutSpeed: 2
			},
			{
				code: "Idle",
				animation: "Idle",
				animationSpeed: 0.1,
				easeInSpeed: 2,
				easeOutSpeed: 2
			},
			{
				code: "Horn",
				animation: "Horn",
				animationSpeed: 1,
				easeInSpeed: 2,
				easeOutSpeed: 2
			},
			{
				code: "CruiseOn",
				animation: "CruiseOn",
				animationSpeed: 1.5,
				easeInSpeed: 5,
				easeOutSpeed: 5
			},
			{
				code: "CruiseBell",
				animation: "CruiseBell",
				animationSpeed: 1,
				easeInSpeed: 5,
				easeOutSpeed: 5
			}
		],
		texturesByType: {
			"*-bamboo": {},
			"*": {
				"material": { base: "game:block/wood/debarked/{material}" },
				"oak": { base: "game:block/wood/debarked/{material}" },
				"oak1": { base: "game:block/wood/planks/{material}*" },
				"acacia-top": { base: "game:block/wood/shingles/{material}-top" },
				"acacia-side": { base: "game:block/wood/shingles/{material}-side" },
			}
		},
		behaviors: [
			{ code: "ellipsoidalrepulseagents" },
			{ code: "repulseagents" },
			{ code: "passivephysicsmultibox" },
			{ code: "interpolateposition" },
			{ code: "hidewatersurface", hideWaterElement: "ORIGIN/hideWater/*" },
			{ code: "selectionboxes" },
			{ code: "rideableaccessories" },
			{ code: "creaturecarrier" }
		]
	},
	server: {
		behaviors: [
			{ code: "ellipsoidalrepulseagents" },
			{ code: "repulseagents" },
			{ code: "passivephysicsmultibox" },
			{ code: "selectionboxes" },
			{ code: "rideableaccessories" },
			{ code: "creaturecarrier" }
		]
	},
	sounds: { }
}
