{
	"editor": {
		"allAngles": false,
		"entityTextureMode": false
	},
	"textureWidth": 16,
	"textureHeight": 16,
	"textureSizes": {
	},
	"textures": {
	},
	"elements": [
		{
			"name": "base",
			"from": [ 0.0, 0.0, 0.0 ],
			"to": [ 0.0, 0.0, 0.0 ],
			"faces": {
			},
			"children": [
				{
					"name": "wood1",
					"from": [ -2.0, 7.0, 6.0 ],
					"to": [ -0.99, 9.0, 10.0 ],
					"rotationOrigin": [ -2.0, 0.0, 0.0 ],
					"faces": {
						"north": { "texture": "#wood", "uv": [ 0.0, 2.0, 1.0, 4.0 ] },
						"east": { "texture": "#wood", "uv": [ 0.0, 3.0, 4.0, 5.0 ] },
						"south": { "texture": "#wood", "uv": [ 0.0, 1.0, 1.0, 3.0 ] },
						"west": { "texture": "#wood", "uv": [ 0.0, 4.0, 4.0, 6.0 ] },
						"up": { "texture": "#wood", "uv": [ 0.0, 12.0, 1.0, 16.0 ] },
						"down": { "texture": "#wood", "uv": [ 0.0, 2.0, 1.0, 6.0 ] }
					}
				},
				{
					"name": "wood2",
					"from": [ -1.99, 6.0, 7.0 ],
					"to": [ -1.0, 10.0, 9.0 ],
					"rotationOrigin": [ -2.0, 0.0, 0.0 ],
					"faces": {
						"north": { "texture": "#wood", "uv": [ 0.0, 1.0, 0.5, 5.0 ] },
						"east": { "texture": "#wood", "uv": [ 0.0, 0.0, 2.0, 4.0 ] },
						"south": { "texture": "#wood", "uv": [ 0.0, 2.0, 0.5, 6.0 ] },
						"west": { "texture": "#wood", "uv": [ 0.0, 0.0, 2.0, 4.0 ] },
						"up": { "texture": "#wood", "uv": [ 0.0, 6.0, 0.5, 8.0 ] },
						"down": { "texture": "#wood", "uv": [ 0.0, 0.0, 0.5, 2.0 ] }
					}
				},
				{
					"name": "shield",
					"from": [ -0.99, 4.5, 4.5 ],
					"to": [ 0.01, 11.5, 11.5 ],
					"rotationOrigin": [ -8.0, -1.5, 7.5 ],
					"faces": {
						"north": { "texture": "#iron", "uv": [ 0.0, 1.0, 1.0, 8.0 ] },
						"east": { "texture": "#iron", "uv": [ 0.0, 0.0, 7.0, 7.0 ] },
						"south": { "texture": "#iron", "uv": [ 0.0, 2.0, 1.0, 9.0 ] },
						"west": { "texture": "#iron", "uv": [ 0.0, 0.0, 7.0, 7.0 ] },
						"up": { "texture": "#iron", "uv": [ 0.0, 6.0, 1.0, 13.0 ] },
						"down": { "texture": "#iron", "uv": [ 0.0, 0.0, 1.0, 7.0 ] }
					},
					"children": [
						{
							"name": "metal1",
							"from": [ 0.99, 6.0, 0.5 ],
							"to": [ 17.0, 6.5, 6.5 ],
							"rotationOrigin": [ 0.99, -1.0, -5.5 ],
							"faces": {
								"north": { "texture": "#iron", "uv": [ 0.0, 2.0, 16.0, 2.5 ] },
								"east": { "texture": "#iron", "uv": [ 0.0, 3.0, 6.0, 3.5 ] },
								"south": { "texture": "#iron", "uv": [ 0.0, 1.0, 16.0, 1.5 ] },
								"west": { "texture": "#iron", "uv": [ 0.0, 4.0, 6.0, 4.5 ] },
								"up": { "texture": "#iron", "uv": [ 0.0, 10.0, 16.0, 16.0 ] },
								"down": { "texture": "#iron", "uv": [ 0.0, 2.0, 16.0, 8.0 ] }
							}
						},
						{
							"name": "metal2",
							"from": [ 0.99, 1.0, 6.0 ],
							"to": [ 17.0, 6.0, 6.5 ],
							"rotationOrigin": [ 0.99, -6.0, 0.0 ],
							"faces": {
								"north": { "texture": "#iron", "uv": [ 0.0, 2.0, 16.0, 7.0 ] },
								"east": { "texture": "#iron", "uv": [ 0.0, 3.0, 0.5, 8.0 ] },
								"south": { "texture": "#iron", "uv": [ 0.0, 1.0, 16.0, 6.0 ] },
								"west": { "texture": "#iron", "uv": [ 0.0, 4.0, 0.5, 9.0 ] }
							}
						},
						{
							"name": "metal3",
							"from": [ 0.99, 0.5, 0.5 ],
							"to": [ 17.0, 1.0, 6.5 ],
							"rotationOrigin": [ 0.99, -6.5, -5.5 ],
							"faces": {
								"north": { "texture": "#iron", "uv": [ 0.0, 2.0, 16.0, 2.5 ] },
								"east": { "texture": "#iron", "uv": [ 0.0, 3.0, 6.0, 3.5 ] },
								"south": { "texture": "#iron", "uv": [ 0.0, 1.0, 16.0, 1.5 ] },
								"west": { "texture": "#iron", "uv": [ 0.0, 4.0, 6.0, 4.5 ] },
								"up": { "texture": "#iron", "uv": [ 0.0, 10.5, 16.0, 16.5 ] },
								"down": { "texture": "#iron", "uv": [ 0.0, 2.0, 16.0, 8.0 ] }
							}
						},
						{
							"name": "metal4",
							"from": [ 0.99, 1.0, 0.5 ],
							"to": [ 17.0, 6.0, 1.0 ],
							"rotationOrigin": [ 0.99, -6.0, -5.5 ],
							"faces": {
								"north": { "texture": "#iron", "uv": [ 0.0, 2.0, 16.0, 7.0 ] },
								"east": { "texture": "#iron", "uv": [ 0.0, 3.0, 0.5, 8.0 ] },
								"south": { "texture": "#iron", "uv": [ 0.0, 1.0, 16.0, 6.0 ] },
								"west": { "texture": "#iron", "uv": [ 0.0, 4.0, 0.5, 9.0 ] }
							}
						},
						{
							"name": "shield2",
							"from": [ 17.0, 0.0, 0.0 ],
							"to": [ 18.0, 7.0, 7.0 ],
							"rotationOrigin": [ 9.99, -6.0, 3.0 ],
							"faces": {
								"north": { "texture": "#iron", "uv": [ 0.0, 1.0, 1.0, 8.0 ] },
								"east": { "texture": "#iron", "uv": [ 0.0, 0.0, 7.0, 7.0 ] },
								"south": { "texture": "#iron", "uv": [ 0.0, 2.0, 1.0, 9.0 ] },
								"west": { "texture": "#iron", "uv": [ 0.0, 0.0, 7.0, 7.0 ] },
								"up": { "texture": "#iron", "uv": [ 0.0, 6.0, 1.0, 13.0 ] },
								"down": { "texture": "#iron", "uv": [ 0.0, 0.0, 1.0, 7.0 ] }
							}
						}
					]
				},
				{
					"name": "wood3",
					"from": [ 17.0, 7.0, 6.0 ],
					"to": [ 18.01, 9.0, 10.0 ],
					"rotationOrigin": [ 17.0, 0.0, 0.0 ],
					"faces": {
						"north": { "texture": "#wood", "uv": [ 0.0, 2.0, 1.0, 4.0 ] },
						"east": { "texture": "#wood", "uv": [ 0.0, 3.0, 4.0, 5.0 ] },
						"south": { "texture": "#wood", "uv": [ 0.0, 1.0, 1.0, 3.0 ] },
						"west": { "texture": "#wood", "uv": [ 0.0, 4.0, 4.0, 6.0 ] },
						"up": { "texture": "#wood", "uv": [ 0.0, 12.0, 1.0, 16.0 ] },
						"down": { "texture": "#wood", "uv": [ 0.0, 2.0, 1.0, 6.0 ] }
					}
				},
				{
					"name": "wood4",
					"from": [ 17.01, 6.0, 7.0 ],
					"to": [ 18.0, 10.0, 9.0 ],
					"rotationOrigin": [ 17.0, 0.0, 0.0 ],
					"faces": {
						"north": { "texture": "#wood", "uv": [ 0.0, 1.0, 0.5, 5.0 ] },
						"east": { "texture": "#wood", "uv": [ 0.0, 0.0, 2.0, 4.0 ] },
						"south": { "texture": "#wood", "uv": [ 0.0, 2.0, 0.5, 6.0 ] },
						"west": { "texture": "#wood", "uv": [ 0.0, 0.0, 2.0, 4.0 ] },
						"up": { "texture": "#wood", "uv": [ 0.0, 6.0, 0.5, 8.0 ] },
						"down": { "texture": "#wood", "uv": [ 0.0, 0.0, 0.5, 2.0 ] }
					}
				}
			]
		}
	]}