{
	"editor": {
		"allAngles": false,
		"entityTextureMode": false
	},
	"textureWidth": 16,
	"textureHeight": 16,
	"textureSizes": {
	},
	"textures": {
	},
	"elements": [
		{
			"name": "base",
			"from": [ 0.0, 0.0, 0.0 ],
			"to": [ 0.0, 0.0, 0.0 ],
			"faces": {
			},
			"children": [
				{
					"name": "wood1",
					"from": [ -2.0, 7.0, 6.0 ],
					"to": [ 18.01, 9.0, 10.0 ],
					"rotationOrigin": [ -2.0, 0.0, 0.0 ],
					"faces": {
						"north": { "texture": "#wood", "uv": [ 0.0, 2.0, 20.0, 4.0 ] },
						"east": { "texture": "#wood", "uv": [ 0.0, 3.0, 4.0, 5.0 ] },
						"south": { "texture": "#wood", "uv": [ 0.0, 1.0, 20.0, 3.0 ] },
						"west": { "texture": "#wood", "uv": [ 0.0, 4.0, 4.0, 6.0 ] },
						"up": { "texture": "#wood", "uv": [ 0.0, 12.0, 20.0, 16.0 ] },
						"down": { "texture": "#wood", "uv": [ 0.0, 2.0, 20.0, 6.0 ] }
					}
				},
				{
					"name": "wood2",
					"from": [ -1.99, 6.0, 7.0 ],
					"to": [ 18.0, 10.0, 9.0 ],
					"rotationOrigin": [ -2.0, 0.0, 0.0 ],
					"faces": {
						"north": { "texture": "#wood", "uv": [ 0.0, 1.0, 19.5, 5.0 ] },
						"east": { "texture": "#wood", "uv": [ 0.0, 0.0, 2.0, 4.0 ] },
						"south": { "texture": "#wood", "uv": [ 0.0, 2.0, 19.5, 6.0 ] },
						"west": { "texture": "#wood", "uv": [ 0.0, 0.0, 2.0, 4.0 ] },
						"up": { "texture": "#wood", "uv": [ 0.0, 6.0, 19.5, 8.0 ] },
						"down": { "texture": "#wood", "uv": [ 0.0, 0.0, 19.5, 2.0 ] }
					}
				}
			]
		}
	]}