{
	"editor": {
		"collapsedPaths": "Root/CruiseGearsMOVER/BigGearHub,Root/WheelHub2,Root/WheelHub1,Root/CruiseGearsMOVER/HousingEND/HousingBot/HousingNorth/Cube35,Root/CruiseGearsMOVER/HousingBot/HousingTopS,Root/SHIELDMOVER2MIRROR_main,Root/CruiseGearsMOVER,Root/ORIGIN/hideWater,Root/SHIELDMOVER2,Root/CruiseGearsMOVER/HousingEND/HousingBot/HousingTopS,Root/CruiseGearsMOVER/Cable/Cable2/Cable3/Cube39,Root/knot,Root/CruiseGearsMOVER/HousingEND/BigGearHub",
		"allAngles": true,
		"entityTextureMode": false
	},
	"textureWidth": 16,
	"textureHeight": 16,
	"textureSizes": {
		"nailtexture": [16,16]
	},
	"textures": {
		"Scrollwork-scrolls3": "game:block/machine/patternalchemy",
		"gold": "game:block/metal/plate/gold",
		"cupronickel12": "game:block/metal/sheet-plain/cupronickel1",
		"iron1": "game:block/metal/sheet-plain/iron1",
		"steel": "game:block/metal/sheet-plain/steel1",
		"brass": "game:block/metal/sheet/brass1",
		"cupronickel1": "game:block/metal/sheet/cupronickel1",
		"lead": "game:block/metal/sheet/lead1",
		"nailtexture": "game:block/nailtexture"
	},
	"elements": [
		{
			"name": "Mover",
			"from": [ -20.0, 0.0, 0.0 ],
			"to": [ -20.0, 0.0, 0.0 ],
			"rotationOrigin": [ -20.0, 0.0, 0.0 ],
			"faces": {
			},
			"children": [
				{
					"name": "BASEMOVER",
					"from": [ 52.0, 12.0, 17.0 ],
					"to": [ 53.0, 13.0, 18.0 ],
					"rotationOrigin": [ 52.0, 12.0, 17.0 ],
					"rotationX": -180.0,
					"rotationZ": -180.0,
					"faces": {
					},
					"children": [
						{
							"name": "BasePlate1",
							"from": [ 2.5, -10.0, 0.0 ],
							"to": [ 16.0, -2.0, 16.0 ],
							"rotationOrigin": [ 2.0, -10.0, 0.0 ],
							"faces": {
								"north": { "texture": "#lead", "uv": [ 0.0, 0.0, 13.5, 8.0 ] },
								"east": { "texture": "#lead", "uv": [ 0.0, 0.0, 16.0, 8.0 ] },
								"south": { "texture": "#lead", "uv": [ 0.0, 0.0, 13.5, 8.0 ] },
								"west": { "texture": "#lead", "uv": [ 0.0, 0.0, 16.0, 8.0 ] },
								"up": { "texture": "#lead", "uv": [ 0.0, 0.0, 13.5, 16.0 ] },
								"down": { "texture": "#lead", "uv": [ 0.0, 0.0, 13.5, 16.0 ] }
							}
						},
						{
							"name": "BasePlate2",
							"from": [ 16.0, -10.0, 0.0 ],
							"to": [ 32.0, -2.0, 16.0 ],
							"rotationOrigin": [ 16.0, -10.0, 0.0 ],
							"faces": {
								"north": { "texture": "#lead", "uv": [ 0.0, 0.0, 16.0, 8.0 ] },
								"east": { "texture": "#lead", "uv": [ 0.0, 0.0, 16.0, 8.0 ] },
								"south": { "texture": "#lead", "uv": [ 0.0, 0.0, 16.0, 8.0 ] },
								"west": { "texture": "#lead", "uv": [ 0.0, 0.0, 16.0, 8.0 ] },
								"up": { "texture": "#lead", "uv": [ 0.0, 0.0, 16.0, 16.0 ] },
								"down": { "texture": "#lead", "uv": [ 0.0, 0.0, 16.0, 16.0 ] }
							}
						}
					]
				},
				{
					"name": "GearboxMain1",
					"from": [ 49.5, 13.0, 1.0 ],
					"to": [ 57.52, 21.0, 17.0 ],
					"rotationOrigin": [ 49.0, 13.0, 1.0 ],
					"faces": {
						"north": { "texture": "#lead", "uv": [ 8.0, 0.0, 16.0, 8.0 ] },
						"east": { "texture": "#lead", "uv": [ 0.0, 4.0, 16.0, 12.0 ] },
						"south": { "texture": "#lead", "uv": [ 0.0, 0.0, 8.0, 8.0 ] },
						"west": { "texture": "#lead", "uv": [ 0.0, 4.0, 16.0, 12.0 ] }
					},
					"children": [
						{
							"name": "Cube3",
							"from": [ 0.0, 8.0, 4.0 ],
							"to": [ 8.02, 12.0, 12.0 ],
							"rotationOrigin": [ 0.0, 8.0, 4.0 ],
							"faces": {
								"east": { "texture": "#lead", "uv": [ 4.0, 0.0, 12.0, 4.0 ] },
								"west": { "texture": "#lead", "uv": [ 4.0, 0.0, 12.0, 4.0 ] },
								"up": { "texture": "#lead", "uv": [ 0.0, 3.5, 8.0, 11.5 ], "windMode": [-1,-1,-1,-1], "windData": [1,1,1,1] }
							},
							"children": [
								{
									"name": "Cube4",
									"from": [ 0.01, 0.0, 8.0 ],
									"to": [ 8.01, 4.0, 13.66 ],
									"rotationOrigin": [ 0.0, 4.0, 8.0 ],
									"rotationX": 45.0,
									"faces": {
										"east": { "texture": "#lead", "uv": [ 3.0, 0.0, 8.5, 4.0 ] },
										"west": { "texture": "#lead", "uv": [ 3.0, 0.0, 8.5, 4.0 ] },
										"up": { "texture": "#lead", "uv": [ 0.0, 3.0, 8.0, 8.5 ], "windMode": [-1,-1,-1,-1], "windData": [1,1,1,1] }
									}
								},
								{
									"name": "Cube5",
									"from": [ 0.01, -4.0, -4.0 ],
									"to": [ 8.01, 0.0, 1.66 ],
									"rotationOrigin": [ 0.0, 0.0, -4.0 ],
									"rotationX": -45.0,
									"faces": {
										"east": { "texture": "#lead", "uv": [ 3.0, 0.0, 8.5, 4.0 ] },
										"west": { "texture": "#lead", "uv": [ 3.0, 0.0, 8.5, 4.0 ] },
										"up": { "texture": "#lead", "uv": [ 0.0, 7.0, 8.0, 12.5 ], "windMode": [-1,-1,-1,-1], "windData": [1,1,1,1] }
									}
								},
								{
									"name": "GearboxScroll",
									"from": [ 2.5, 3.01, 0.25 ],
									"to": [ 8.0, 4.01, 7.75 ],
									"rotationOrigin": [ 2.0, 3.0, 0.0 ],
									"faces": {
										"up": { "texture": "#Scrollwork-scrolls3", "uv": [ 8.5, 7.0, 16.0, 12.5 ], "rotation": 90, "autoUv": false }
									}
								}
							]
						},
						{
							"name": "Cube10",
							"from": [ 10.0, 5.0, 6.0 ],
							"to": [ 11.0, 9.0, 10.0 ],
							"rotationOrigin": [ 10.0, 5.0, 6.0 ],
							"faces": {
								"north": { "texture": "#lead", "uv": [ 0.0, 0.0, 1.0, 4.0 ] },
								"east": { "texture": "#lead", "uv": [ 0.0, 0.0, 4.0, 4.0 ] },
								"south": { "texture": "#lead", "uv": [ 0.0, 0.0, 1.0, 4.0 ] },
								"west": { "texture": "#lead", "uv": [ 0.0, 0.0, 4.0, 4.0 ] },
								"up": { "texture": "#lead", "uv": [ 0.0, 0.0, 1.0, 4.0 ] },
								"down": { "texture": "#lead", "uv": [ 0.0, 0.0, 1.0, 4.0 ] }
							}
						},
						{
							"name": "GearboxCube2",
							"from": [ -2.0, -2.0, 3.0 ],
							"to": [ 10.02, 8.0, 13.0 ],
							"rotationOrigin": [ -2.0, -2.0, 3.0 ],
							"faces": {
								"north": { "texture": "#lead", "uv": [ 0.0, 0.0, 12.0, 10.0 ] },
								"east": { "texture": "#lead", "uv": [ 1.5, 4.0, 11.5, 14.0 ] },
								"south": { "texture": "#lead", "uv": [ 4.0, 0.0, 16.0, 10.0 ] },
								"west": { "texture": "#lead", "uv": [ 0.0, 4.0, 10.0, 14.0 ] }
							},
							"children": [
								{
									"name": "Cube7",
									"from": [ 0.0, 10.0, 3.0 ],
									"to": [ 12.02, 13.0, 7.0 ],
									"rotationOrigin": [ 0.0, 10.0, 3.0 ],
									"faces": {
										"east": { "texture": "#lead", "uv": [ 4.0, 0.0, 8.0, 3.0 ] },
										"west": { "texture": "#lead", "uv": [ 4.0, 0.0, 8.0, 3.0 ] },
										"up": { "texture": "#lead", "uv": [ 0.0, 3.5, 12.0, 7.5 ], "windMode": [-1,-1,-1,-1], "windData": [1,1,1,1] }
									},
									"children": [
										{
											"name": "Cube8",
											"from": [ 0.01, -1.0, 4.0 ],
											"to": [ 12.01, 3.0, 8.24 ],
											"rotationOrigin": [ 0.0, 3.0, 4.0 ],
											"rotationX": 45.0,
											"faces": {
												"east": { "texture": "#lead", "uv": [ 4.0, 0.0, 8.0, 4.0 ] },
												"west": { "texture": "#lead", "uv": [ 4.0, 0.0, 8.0, 4.0 ] },
												"up": { "texture": "#lead", "uv": [ 0.0, 3.0, 12.0, 7.0 ], "windMode": [-1,-1,-1,-1], "windData": [1,1,1,1] }
											}
										},
										{
											"name": "Cube9",
											"from": [ 0.01, -4.0, -3.0 ],
											"to": [ 12.01, 0.0, 1.24 ],
											"rotationOrigin": [ 0.0, 0.0, -3.0 ],
											"rotationX": -45.0,
											"faces": {
												"east": { "texture": "#lead", "uv": [ 4.0, 0.0, 8.0, 4.0 ] },
												"west": { "texture": "#lead", "uv": [ 4.0, 0.0, 8.0, 4.0 ] },
												"up": { "texture": "#lead", "uv": [ 0.0, 7.0, 12.0, 11.0 ], "windMode": [-1,-1,-1,-1], "windData": [1,1,1,1] }
											}
										}
									]
								}
							]
						}
					]
				},
				{
					"name": "GearboxMain2",
					"from": [ 49.5, 13.0, 17.0 ],
					"to": [ 57.52, 24.0, 33.0 ],
					"rotationOrigin": [ 50.0, 13.0, 17.0 ],
					"rotationX": 180.0,
					"faces": {
						"north": { "texture": "#lead", "uv": [ 8.0, 0.0, 16.0, 11.0 ] },
						"east": { "texture": "#lead", "uv": [ 0.0, 4.0, 16.0, 15.0 ] },
						"south": { "texture": "#lead", "uv": [ 0.0, 0.0, 8.0, 11.0 ] },
						"west": { "texture": "#lead", "uv": [ 0.0, 4.0, 16.0, 15.0 ] }
					},
					"children": [
						{
							"name": "Cube6",
							"from": [ -23.0, 11.0, 4.0 ],
							"to": [ 8.02, 15.0, 12.0 ],
							"rotationOrigin": [ -23.0, 11.0, 4.0 ],
							"faces": {
								"east": { "texture": "#lead", "uv": [ 4.0, 0.0, 12.0, 4.0 ], "autoUv": false },
								"west": { "texture": "#lead", "uv": [ 4.0, 0.0, 12.0, 4.0 ] },
								"up": { "texture": "#lead", "uv": [ 0.0, 3.5, 16.0, 11.5 ], "autoUv": false }
							},
							"children": [
								{
									"name": "Cube14",
									"from": [ 0.01, 0.0, 8.0 ],
									"to": [ 31.01, 4.0, 13.66 ],
									"rotationOrigin": [ 0.0, 4.0, 8.0 ],
									"rotationX": 45.0,
									"faces": {
										"east": { "texture": "#lead", "uv": [ 3.0, 0.0, 8.5, 4.0 ] },
										"west": { "texture": "#lead", "uv": [ 3.0, 0.0, 8.5, 4.0 ] },
										"up": { "texture": "#lead", "uv": [ 0.0, 3.0, 16.0, 8.5 ], "autoUv": false }
									}
								},
								{
									"name": "Cube15",
									"from": [ 0.01, -4.0, -4.0 ],
									"to": [ 31.01, 0.0, 1.66 ],
									"rotationOrigin": [ 0.0, 0.0, -4.0 ],
									"rotationX": -45.0,
									"faces": {
										"east": { "texture": "#lead", "uv": [ 3.0, 0.0, 8.5, 4.0 ] },
										"west": { "texture": "#lead", "uv": [ 3.0, 0.0, 8.5, 4.0 ] },
										"up": { "texture": "#lead", "uv": [ 0.0, 7.0, 16.0, 12.5 ], "autoUv": false }
									}
								}
							]
						},
						{
							"name": "GearboxCube4",
							"from": [ -2.0, 2.0, 3.0 ],
							"to": [ 10.02, 10.0, 13.0 ],
							"rotationOrigin": [ -2.0, 2.0, 3.0 ],
							"faces": {
								"north": { "texture": "#lead", "uv": [ 0.0, 0.0, 12.0, 8.0 ] },
								"east": { "texture": "#lead", "uv": [ 1.5, 4.0, 11.5, 12.0 ] },
								"south": { "texture": "#lead", "uv": [ 4.0, 0.0, 16.0, 8.0 ] },
								"west": { "texture": "#lead", "uv": [ 0.0, 4.0, 10.0, 12.0 ] }
							},
							"children": [
								{
									"name": "Cube17",
									"from": [ 0.0, 8.0, 3.0 ],
									"to": [ 12.02, 11.0, 7.0 ],
									"rotationOrigin": [ 0.0, 8.0, 3.0 ],
									"faces": {
										"east": { "texture": "#lead", "uv": [ 4.0, 0.0, 8.0, 3.0 ] },
										"west": { "texture": "#lead", "uv": [ 4.0, 0.0, 8.0, 3.0 ] },
										"up": { "texture": "#lead", "uv": [ 0.0, 3.5, 12.0, 7.5 ] }
									},
									"children": [
										{
											"name": "Cube18",
											"from": [ 0.01, -1.0, 4.0 ],
											"to": [ 12.01, 3.0, 8.24 ],
											"rotationOrigin": [ 0.0, 3.0, 4.0 ],
											"rotationX": 45.0,
											"faces": {
												"east": { "texture": "#lead", "uv": [ 4.0, 0.0, 8.0, 4.0 ] },
												"west": { "texture": "#lead", "uv": [ 4.0, 0.0, 8.0, 4.0 ] },
												"up": { "texture": "#lead", "uv": [ 0.0, 3.0, 12.0, 7.0 ] }
											}
										},
										{
											"name": "Cube19",
											"from": [ 0.01, -4.0, -3.0 ],
											"to": [ 12.01, 0.0, 1.24 ],
											"rotationOrigin": [ 0.0, 0.0, -3.0 ],
											"rotationX": -45.0,
											"faces": {
												"east": { "texture": "#lead", "uv": [ 4.0, 0.0, 8.0, 4.0 ] },
												"west": { "texture": "#lead", "uv": [ 4.0, 0.0, 8.0, 4.0 ] },
												"up": { "texture": "#lead", "uv": [ 0.0, 7.0, 12.0, 11.0 ] }
											}
										}
									]
								},
								{
									"name": "Cube16",
									"from": [ 12.0, 4.0, 3.0 ],
									"to": [ 13.0, 8.0, 7.0 ],
									"rotationOrigin": [ 12.0, 4.0, 3.0 ],
									"faces": {
										"north": { "texture": "#lead", "uv": [ 0.0, 0.0, 1.0, 4.0 ] },
										"east": { "texture": "#lead", "uv": [ 0.0, 0.0, 4.0, 4.0 ] },
										"south": { "texture": "#lead", "uv": [ 0.0, 0.0, 1.0, 4.0 ] },
										"up": { "texture": "#lead", "uv": [ 0.0, 0.0, 1.0, 4.0 ] },
										"down": { "texture": "#lead", "uv": [ 0.0, 0.0, 1.0, 4.0 ] }
									}
								}
							]
						},
						{
							"name": "GearboxSide1",
							"from": [ -15.0003, 0.0, 16.01 ],
							"to": [ 0.9997, 11.0, 32.01 ],
							"rotationOrigin": [ -14.5, 0.0, 16.0 ],
							"rotationY": -90.0,
							"faces": {
								"north": { "texture": "#lead", "uv": [ 0.0, 0.0, 16.0, 11.0 ] },
								"east": { "texture": "#lead", "uv": [ 0.0, 4.0, 16.0, 15.0 ] },
								"south": { "texture": "#lead", "uv": [ 0.0, 0.0, 16.0, 11.0 ] },
								"west": { "texture": "#lead", "uv": [ 0.0, 4.0, 16.0, 15.0 ] }
							},
							"children": [
								{
									"name": "Cube20",
									"from": [ 0.0, 11.0, 4.0 ],
									"to": [ 16.0, 15.0, 12.0 ],
									"rotationOrigin": [ 0.0, 11.0, 4.0 ],
									"faces": {
										"east": { "texture": "#lead", "uv": [ 4.0, 0.0, 12.0, 4.0 ] },
										"west": { "texture": "#lead", "uv": [ 4.0, 0.0, 12.0, 4.0 ] },
										"up": { "texture": "#lead", "uv": [ 0.0, 3.5, 16.0, 11.5 ] }
									},
									"children": [
										{
											"name": "Cube21",
											"from": [ 0.01, 0.0, 8.0 ],
											"to": [ 16.01, 4.0, 13.66 ],
											"rotationOrigin": [ 0.0, 4.0, 8.0 ],
											"rotationX": 45.0,
											"faces": {
												"east": { "texture": "#lead", "uv": [ 3.0, 0.0, 8.5, 4.0 ] },
												"west": { "texture": "#lead", "uv": [ 3.0, 0.0, 8.5, 4.0 ] },
												"up": { "texture": "#lead", "uv": [ 0.0, 3.0, 16.0, 8.5 ] }
											}
										},
										{
											"name": "Cube22",
											"from": [ 0.01, -4.0, -4.0 ],
											"to": [ 16.01, 0.0, 1.66 ],
											"rotationOrigin": [ 0.0, 0.0, -4.0 ],
											"rotationX": -45.0,
											"faces": {
												"east": { "texture": "#lead", "uv": [ 3.0, 0.0, 8.5, 4.0 ] },
												"west": { "texture": "#lead", "uv": [ 3.0, 0.0, 8.5, 4.0 ] },
												"up": { "texture": "#lead", "uv": [ 0.0, 7.0, 16.0, 12.5 ] }
											}
										}
									]
								},
								{
									"name": "Cube23",
									"from": [ 18.0, 6.0, 6.0 ],
									"to": [ 19.0, 10.0, 10.0 ],
									"rotationOrigin": [ 18.0, 6.0, 6.0 ],
									"faces": {
										"north": { "texture": "#lead", "uv": [ 0.0, 0.0, 1.0, 4.0 ] },
										"east": { "texture": "#lead", "uv": [ 0.0, 0.0, 4.0, 4.0 ] },
										"south": { "texture": "#lead", "uv": [ 0.0, 0.0, 1.0, 4.0 ] },
										"west": { "texture": "#lead", "uv": [ 0.0, 0.0, 4.0, 4.0 ] },
										"up": { "texture": "#lead", "uv": [ 0.0, 0.0, 1.0, 4.0 ] },
										"down": { "texture": "#lead", "uv": [ 0.0, 0.0, 1.0, 4.0 ] }
									}
								},
								{
									"name": "GearboxCube5",
									"from": [ 6.0, 2.0, 3.0 ],
									"to": [ 18.02, 10.0, 13.0 ],
									"rotationOrigin": [ 6.0, 2.0, 3.0 ],
									"faces": {
										"north": { "texture": "#lead", "uv": [ 0.0, 0.0, 12.0, 8.0 ] },
										"east": { "texture": "#lead", "uv": [ 0.0, 4.0, 10.0, 12.0 ] },
										"south": { "texture": "#lead", "uv": [ 0.0, 0.0, 12.0, 8.0 ] },
										"west": { "texture": "#lead", "uv": [ 0.0, 4.0, 10.0, 12.0 ] },
										"down": { "texture": "#lead", "uv": [ 0.0, 0.0, 12.0, 10.0 ], "windMode": [-1,-1,-1,-1] }
									},
									"children": [
										{
											"name": "Cube24",
											"from": [ 0.0, 8.0, 3.0 ],
											"to": [ 12.02, 11.0, 7.0 ],
											"rotationOrigin": [ 0.0, 8.0, 3.0 ],
											"faces": {
												"east": { "texture": "#lead", "uv": [ 4.0, 0.0, 8.0, 3.0 ] },
												"west": { "texture": "#lead", "uv": [ 4.0, 0.0, 8.0, 3.0 ] },
												"up": { "texture": "#lead", "uv": [ 0.0, 3.5, 12.0, 7.5 ] }
											},
											"children": [
												{
													"name": "Cube25",
													"from": [ 0.01, -1.0, 4.0 ],
													"to": [ 12.01, 3.0, 8.24 ],
													"rotationOrigin": [ 0.0, 3.0, 4.0 ],
													"rotationX": 45.0,
													"faces": {
														"east": { "texture": "#lead", "uv": [ 4.0, 0.0, 8.0, 4.0 ] },
														"west": { "texture": "#lead", "uv": [ 4.0, 0.0, 8.0, 4.0 ] },
														"up": { "texture": "#lead", "uv": [ 0.0, 3.0, 12.0, 7.0 ] }
													}
												},
												{
													"name": "Cube26",
													"from": [ 0.01, -4.0, -3.0 ],
													"to": [ 12.01, 0.0, 1.24 ],
													"rotationOrigin": [ 0.0, 0.0, -3.0 ],
													"rotationX": -45.0,
													"faces": {
														"east": { "texture": "#lead", "uv": [ 4.0, 0.0, 8.0, 4.0 ] },
														"west": { "texture": "#lead", "uv": [ 4.0, 0.0, 8.0, 4.0 ] },
														"up": { "texture": "#lead", "uv": [ 0.0, 7.0, 12.0, 11.0 ] }
													}
												}
											]
										}
									]
								},
								{
									"name": "Cube27",
									"from": [ 0.0, 0.0, 12.0 ],
									"to": [ 16.0, 4.0, 20.0 ],
									"rotationOrigin": [ 0.0, 0.0, 12.0 ],
									"rotationX": -180.0,
									"faces": {
										"east": { "texture": "#lead", "uv": [ 4.0, 0.0, 12.0, 4.0 ] },
										"west": { "texture": "#lead", "uv": [ 4.0, 0.0, 12.0, 4.0 ] },
										"up": { "texture": "#lead", "uv": [ 0.0, 3.5, 16.0, 11.5 ] }
									},
									"children": [
										{
											"name": "Cube28",
											"from": [ 0.01, 0.0, 8.0 ],
											"to": [ 16.01, 4.0, 13.66 ],
											"rotationOrigin": [ 0.0, 4.0, 8.0 ],
											"rotationX": 45.0,
											"faces": {
												"east": { "texture": "#lead", "uv": [ 3.0, 0.0, 8.5, 4.0 ] },
												"west": { "texture": "#lead", "uv": [ 3.0, 0.0, 8.5, 4.0 ] },
												"up": { "texture": "#lead", "uv": [ 0.0, 3.0, 16.0, 8.5 ] }
											}
										},
										{
											"name": "Cube29",
											"from": [ 0.01, -4.0, -4.0 ],
											"to": [ 16.01, 0.0, 1.66 ],
											"rotationOrigin": [ 0.0, 0.0, -4.0 ],
											"rotationX": -45.0,
											"faces": {
												"east": { "texture": "#lead", "uv": [ 3.0, 0.0, 8.5, 4.0 ] },
												"west": { "texture": "#lead", "uv": [ 3.0, 0.0, 8.5, 4.0 ] },
												"up": { "texture": "#lead", "uv": [ 0.0, 7.0, 16.0, 12.5 ] }
											}
										}
									]
								}
							]
						},
						{
							"name": "GearboxSide2",
							"from": [ -15.0, 11.0, 0.01 ],
							"to": [ 1.0, 22.0, 16.01 ],
							"rotationOrigin": [ -14.5, 11.0, 0.0 ],
							"rotationX": 180.0,
							"rotationY": -89.98,
							"faces": {
								"north": { "texture": "#lead", "uv": [ 0.0, 5.0, 16.0, 16.0 ] },
								"east": { "texture": "#lead", "uv": [ 0.0, 5.0, 16.0, 16.0 ] },
								"south": { "texture": "#lead", "uv": [ 0.0, 5.0, 16.0, 16.0 ] },
								"west": { "texture": "#lead", "uv": [ 0.0, 5.0, 16.0, 16.0 ] },
								"up": { "texture": "#lead", "uv": [ 0.0, 0.0, 16.0, 16.0 ] },
								"down": { "texture": "#lead", "uv": [ 0.0, 0.0, 16.0, 16.0 ] }
							},
							"children": [
								{
									"name": "Cube27",
									"from": [ -0.0041, 7.0, 12.0002 ],
									"to": [ 15.9959, 11.0, 20.0002 ],
									"rotationOrigin": [ -0.0041, 11.0, 12.0002 ],
									"rotationX": -180.0,
									"rotationY": 0.02,
									"faces": {
										"north": { "texture": "#lead", "uv": [ 0.0, 1.0, 1.0, 0.0 ] },
										"east": { "texture": "#lead", "uv": [ 4.0, 4.0, 12.0, 0.0 ] },
										"south": { "texture": "#lead", "uv": [ 0.0, 1.0, 1.0, 0.0 ] },
										"west": { "texture": "#lead", "uv": [ 4.0, 4.0, 12.0, 0.0 ] },
										"up": { "texture": "#lead", "uv": [ 0.0, 1.0, 1.0, 0.0 ] },
										"down": { "texture": "#lead", "uv": [ 0.0, 11.5, 16.0, 3.5 ] }
									}
								},
								{
									"name": "Cube28",
									"from": [ 0.0087, 15.0, 4.0002 ],
									"to": [ 16.0087, 19.0, 9.6602 ],
									"rotationOrigin": [ -0.0013, 15.0, 4.0002 ],
									"rotationX": 135.0,
									"rotationY": 0.014,
									"rotationZ": 0.014,
									"faces": {
										"north": { "texture": "#lead", "uv": [ 0.0, 1.0, 1.0, 0.0 ] },
										"east": { "texture": "#lead", "uv": [ 3.0, 4.0, 8.5, 0.0 ] },
										"south": { "texture": "#lead", "uv": [ 0.0, 1.0, 1.0, 0.0 ] },
										"west": { "texture": "#lead", "uv": [ 3.0, 4.0, 8.5, 0.0 ] },
										"up": { "texture": "#lead", "uv": [ 0.0, 1.0, 1.0, 0.0 ] },
										"down": { "texture": "#lead", "uv": [ 0.0, 8.5, 16.0, 3.0 ] }
									}
								},
								{
									"name": "Cube29",
									"from": [ 0.0045, 11.0, 16.0002 ],
									"to": [ 16.0045, 15.0, 21.6602 ],
									"rotationOrigin": [ -0.0055, 11.0, 16.0002 ],
									"rotationX": -135.0,
									"rotationY": 0.014,
									"rotationZ": -0.014,
									"faces": {
										"north": { "texture": "#lead", "uv": [ 0.0, 1.0, 1.0, 0.0 ] },
										"east": { "texture": "#lead", "uv": [ 3.0, 4.0, 8.5, 0.0 ] },
										"south": { "texture": "#lead", "uv": [ 0.0, 1.0, 1.0, 0.0 ] },
										"west": { "texture": "#lead", "uv": [ 3.0, 4.0, 8.5, 0.0 ] },
										"up": { "texture": "#lead", "uv": [ 0.0, 1.0, 1.0, 0.0 ] },
										"down": { "texture": "#lead", "uv": [ 0.0, 12.5, 16.0, 7.0 ] }
									}
								},
								{
									"name": "GearboxCube5",
									"from": [ 6.0, 1.0, 3.0 ],
									"to": [ 18.02, 9.0, 13.0 ],
									"rotationOrigin": [ 5.999, 9.0, 3.0022 ],
									"rotationY": -0.02,
									"faces": {
										"north": { "texture": "#lead", "uv": [ 0.0, 8.0, 12.0, 16.0 ] },
										"east": { "texture": "#lead", "uv": [ 0.0, 8.0, 10.0, 16.0 ] },
										"south": { "texture": "#lead", "uv": [ 0.0, 8.0, 12.0, 16.0 ] },
										"west": { "texture": "#lead", "uv": [ 0.0, 8.0, 10.0, 16.0 ] },
										"up": { "texture": "#lead", "uv": [ 0.0, 6.0, 12.0, 16.0 ] },
										"down": { "texture": "#lead", "uv": [ 0.0, 1.0, 12.0, 11.0 ] }
									}
								},
								{
									"name": "Cube24",
									"from": [ 5.998, -2.0, 6.0022 ],
									"to": [ 18.018, 1.0, 10.0022 ],
									"rotationOrigin": [ 5.998, 1.0, 6.0022 ],
									"rotationY": -0.02,
									"faces": {
										"north": { "texture": "#lead", "uv": [ 0.0, 1.0, 1.0, 0.0 ] },
										"east": { "texture": "#lead", "uv": [ 4.0, 3.0, 8.0, 0.0 ] },
										"south": { "texture": "#lead", "uv": [ 0.0, 1.0, 1.0, 0.0 ] },
										"west": { "texture": "#lead", "uv": [ 4.0, 3.0, 8.0, 0.0 ] },
										"up": { "texture": "#lead", "uv": [ 0.0, 1.0, 1.0, 0.0 ] },
										"down": { "texture": "#lead", "uv": [ 0.0, 7.5, 12.0, 3.5 ] }
									}
								},
								{
									"name": "Cube25",
									"from": [ 6.0066, -2.0, 10.0022 ],
									"to": [ 18.0066, 2.0, 14.2422 ],
									"rotationOrigin": [ 5.9966, -2.0, 10.0022 ],
									"rotationX": -45.0,
									"rotationY": -0.014,
									"rotationZ": -0.014,
									"faces": {
										"north": { "texture": "#lead", "uv": [ 0.0, 1.0, 1.0, 0.0 ] },
										"east": { "texture": "#lead", "uv": [ 4.0, 4.0, 8.0, 0.0 ] },
										"south": { "texture": "#lead", "uv": [ 0.0, 1.0, 1.0, 0.0 ] },
										"west": { "texture": "#lead", "uv": [ 4.0, 4.0, 8.0, 0.0 ] },
										"up": { "texture": "#lead", "uv": [ 0.0, 1.0, 1.0, 0.0 ] },
										"down": { "texture": "#lead", "uv": [ 0.0, 7.0, 12.0, 3.0 ] }
									}
								},
								{
									"name": "Cube26",
									"from": [ 6.009, 1.0, 3.0022 ],
									"to": [ 18.009, 5.0, 7.2422 ],
									"rotationOrigin": [ 5.999, 1.0, 3.0022 ],
									"rotationX": 45.0,
									"rotationY": -0.014,
									"rotationZ": 0.014,
									"faces": {
										"north": { "texture": "#lead", "uv": [ 0.0, 1.0, 1.0, 0.0 ] },
										"east": { "texture": "#lead", "uv": [ 4.0, 4.0, 8.0, 0.0 ] },
										"south": { "texture": "#lead", "uv": [ 0.0, 1.0, 1.0, 0.0 ] },
										"west": { "texture": "#lead", "uv": [ 4.0, 4.0, 8.0, 0.0 ] },
										"up": { "texture": "#lead", "uv": [ 0.0, 1.0, 1.0, 0.0 ] },
										"down": { "texture": "#lead", "uv": [ 0.0, 11.0, 12.0, 7.0 ] }
									}
								},
								{
									"name": "Cube23",
									"from": [ 17.9979, 1.0, 6.0064 ],
									"to": [ 18.9979, 5.0, 10.0064 ],
									"rotationOrigin": [ 17.9979, 5.0, 6.0064 ],
									"rotationY": -0.02,
									"faces": {
										"north": { "texture": "#lead", "uv": [ 0.0, 4.0, 1.0, 0.0 ] },
										"east": { "texture": "#lead", "uv": [ 0.0, 4.0, 4.0, 0.0 ] },
										"south": { "texture": "#lead", "uv": [ 0.0, 4.0, 1.0, 0.0 ] },
										"west": { "texture": "#lead", "uv": [ 0.0, 4.0, 4.0, 0.0 ] },
										"up": { "texture": "#lead", "uv": [ 0.0, 4.0, 1.0, 0.0 ] },
										"down": { "texture": "#lead", "uv": [ 0.0, 4.0, 1.0, 0.0 ] }
									}
								},
								{
									"name": "Cube21",
									"from": [ 0.0058, -4.0, 12.0002 ],
									"to": [ 16.0058, 0.0, 17.6602 ],
									"rotationOrigin": [ -0.0042, -4.0, 12.0002 ],
									"rotationX": -45.0,
									"rotationY": -0.014,
									"rotationZ": -0.014,
									"faces": {
										"north": { "texture": "#lead", "uv": [ 0.0, 1.0, 1.0, 0.0 ] },
										"east": { "texture": "#lead", "uv": [ 3.0, 4.0, 8.5, 0.0 ] },
										"south": { "texture": "#lead", "uv": [ 0.0, 1.0, 1.0, 0.0 ] },
										"west": { "texture": "#lead", "uv": [ 3.0, 4.0, 8.5, 0.0 ] },
										"up": { "texture": "#lead", "uv": [ 0.0, 1.0, 1.0, 0.0 ] },
										"down": { "texture": "#lead", "uv": [ 0.0, 8.5, 16.0, 3.0 ] }
									}
								},
								{
									"name": "Cube22",
									"from": [ 0.01, 0.0, 2.0E-4 ],
									"to": [ 16.01, 4.0, 5.6602 ],
									"rotationOrigin": [ 0.0, 0.0, 2.0E-4 ],
									"rotationX": 45.0,
									"rotationY": -0.014,
									"rotationZ": 0.014,
									"faces": {
										"north": { "texture": "#lead", "uv": [ 0.0, 1.0, 1.0, 0.0 ] },
										"east": { "texture": "#lead", "uv": [ 3.0, 4.0, 8.5, 0.0 ] },
										"south": { "texture": "#lead", "uv": [ 0.0, 1.0, 1.0, 0.0 ] },
										"west": { "texture": "#lead", "uv": [ 3.0, 4.0, 8.5, 0.0 ] },
										"up": { "texture": "#lead", "uv": [ 0.0, 1.0, 1.0, 0.0 ] },
										"down": { "texture": "#lead", "uv": [ 0.0, 12.5, 16.0, 7.0 ] }
									}
								},
								{
									"name": "Cube20",
									"from": [ -0.0014, -4.0, 4.0002 ],
									"to": [ 15.9986, 0.0, 12.0002 ],
									"rotationOrigin": [ -0.0014, 0.0, 4.0002 ],
									"rotationY": -0.02,
									"faces": {
										"north": { "texture": "#lead", "uv": [ 0.0, 1.0, 1.0, 0.0 ] },
										"east": { "texture": "#lead", "uv": [ 4.0, 4.0, 12.0, 0.0 ] },
										"south": { "texture": "#lead", "uv": [ 0.0, 1.0, 1.0, 0.0 ] },
										"west": { "texture": "#lead", "uv": [ 4.0, 4.0, 12.0, 0.0 ] },
										"up": { "texture": "#lead", "uv": [ 0.0, 1.0, 1.0, 0.0 ] },
										"down": { "texture": "#lead", "uv": [ 0.0, 11.5, 16.0, 3.5 ] }
									}
								}
							]
						}
					]
				}
			]
		},
		{
			"name": "CruiseGearsMOVER",
			"from": [ 0.0, 32.0, -9.75 ],
			"to": [ 1.5, 33.5, -8.25 ],
			"rotationOrigin": [ 0.5, 32.0, -10.0 ],
			"rotationY": 90.0,
			"rotationZ": 90.0,
			"faces": {
			},
			"children": [
				{
					"name": "HousingBot",
					"from": [ -15.75, 3.17, 0.0 ],
					"to": [ -3.75, 3.92, 0.75 ],
					"rotationOrigin": [ -15.75, 3.17, 0.0 ],
					"faces": {
						"north": { "texture": "#cupronickel1", "uv": [ 0.0, 0.0, 12.0, 0.5 ], "windMode": [-1,-1,-1,-1], "windData": [0,0,1,1] },
						"east": { "texture": "#cupronickel12", "uv": [ 0.0, 0.0, 0.5, 0.5 ] },
						"up": { "texture": "#cupronickel12", "uv": [ 3.0, 1.0, 15.0, 1.5 ] },
						"down": { "texture": "#cupronickel1", "uv": [ 2.5, 14.5, 14.5, 15.0 ] }
					},
					"children": [
						{
							"name": "HousingSouth",
							"from": [ 0.0, 0.0, 0.75 ],
							"to": [ 12.0, 4.25, 2.25 ],
							"rotationOrigin": [ 0.0, 0.0, 0.75 ],
							"faces": {
								"north": { "texture": "#cupronickel1", "uv": [ 2.5, 6.0, 14.5, 10.0 ], "windMode": [-1,-1,-1,-1], "windData": [0,0,1,1] },
								"east": { "texture": "#cupronickel12", "uv": [ 0.0, 0.0, 1.5, 4.0 ], "windMode": [-1,-1,-1,-1], "windData": [1,1,1,1] },
								"south": { "texture": "#cupronickel12", "uv": [ 0.0, 0.0, 12.0, 4.0 ], "windMode": [-1,-1,-1,-1], "windData": [0,1,1,0] },
								"west": { "texture": "#cupronickel1", "uv": [ 12.0, 11.0, 13.5, 15.0 ], "windMode": [-1,-1,-1,-1] },
								"down": { "texture": "#cupronickel1", "uv": [ 0.5, 1.0, 12.5, 2.5 ], "windMode": [-1,-1,-1,-1], "windData": [0,1,1,0] }
							}
						},
						{
							"name": "HousingTopS",
							"from": [ -0.75, 4.25, 0.75 ],
							"to": [ 11.25, 5.0, 2.25 ],
							"rotationOrigin": [ -0.75, 4.25, 0.75 ],
							"faces": {
								"north": { "texture": "#cupronickel1", "uv": [ 2.5, 1.5, 14.5, 2.0 ] },
								"south": { "texture": "#cupronickel12", "uv": [ 0.0, 0.0, 12.0, 0.5 ], "windMode": [-1,-1,-1,-1], "windData": [0,1,1,0] },
								"west": { "texture": "#cupronickel1", "uv": [ 12.5, 2.0, 14.0, 2.5 ] },
								"up": { "texture": "#cupronickel1", "uv": [ 0.5, 1.5, 12.5, 3.0 ] }
							},
							"children": [
								{
									"name": "PipeClamp1",
									"from": [ 0.75, 0.75, 0.3 ],
									"to": [ 1.5, 2.25, 1.2 ],
									"rotationOrigin": [ 0.75, 0.75, 0.3 ],
									"faces": {
										"north": { "texture": "#cupronickel12", "uv": [ 0.0, 0.0, 0.75, 1.5 ] },
										"east": { "texture": "#cupronickel12", "uv": [ 0.0, 0.0, 0.75, 1.5 ] },
										"south": { "texture": "#cupronickel12", "uv": [ 0.0, 0.0, 0.75, 1.5 ] },
										"west": { "texture": "#cupronickel12", "uv": [ 0.0, 0.0, 0.75, 1.5 ] },
										"up": { "texture": "#cupronickel12", "uv": [ 0.0, 0.0, 0.75, 0.75 ] }
									}
								},
								{
									"name": "PipeClamp2",
									"from": [ 11.25, 0.75, 0.3 ],
									"to": [ 12.0, 2.25, 1.2 ],
									"rotationOrigin": [ 10.5, 0.75, 0.3 ],
									"faces": {
										"north": { "texture": "#cupronickel12", "uv": [ 0.0, 0.0, 0.75, 1.5 ] },
										"east": { "texture": "#cupronickel12", "uv": [ 0.0, 0.0, 0.75, 1.5 ] },
										"south": { "texture": "#cupronickel12", "uv": [ 0.0, 0.0, 0.75, 1.5 ] },
										"west": { "texture": "#cupronickel12", "uv": [ 0.0, 0.0, 0.75, 1.5 ] },
										"up": { "texture": "#cupronickel12", "uv": [ 0.0, 0.0, 0.75, 0.75 ] }
									}
								},
								{
									"name": "Pipe82",
									"from": [ -0.9003, 1.431, 0.375 ],
									"to": [ 11.5497, 2.181, 1.125 ],
									"rotationOrigin": [ 10.4997, 1.431, 0.375 ],
									"faces": {
										"north": { "texture": "#cupronickel12", "uv": [ 0.0, 0.0, 12.0, 0.75 ] },
										"south": { "texture": "#cupronickel12", "uv": [ 0.0, 0.0, 12.0, 0.75 ] },
										"west": { "texture": "#cupronickel12", "uv": [ 0.0, 0.0, 0.75, 0.75 ] },
										"up": { "texture": "#cupronickel12", "uv": [ 0.0, 0.0, 12.0, 0.75 ] },
										"down": { "texture": "#cupronickel12", "uv": [ 0.0, 0.0, 12.0, 0.75 ] }
									}
								}
							]
						},
						{
							"name": "HousingNorth",
							"from": [ -1.5, 0.75, -0.75 ],
							"to": [ 12.0, 5.0, 0.0 ],
							"rotationOrigin": [ -1.5, 1.0, -0.75 ],
							"faces": {
								"north": { "texture": "#cupronickel1", "uv": [ 2.0, 8.0, 15.5, 12.0 ] },
								"east": { "texture": "#cupronickel1", "uv": [ 0.0, 0.0, 0.5, 4.0 ] },
								"up": { "texture": "#cupronickel1", "uv": [ 0.5, 0.0, 14.0, 0.5 ], "windMode": [-1,-1,-1,-1], "windData": [0,0,1,1] },
								"down": { "texture": "#cupronickel1", "uv": [ 2.0, 5.5, 15.5, 6.0 ] }
							},
							"children": [
								{
									"name": "BrassHousing",
									"from": [ 1.5, -0.25, -0.75 ],
									"to": [ 7.5, 3.5, 0.75 ],
									"rotationOrigin": [ 1.5, -1.0, -0.75 ],
									"faces": {
										"north": { "texture": "#brass", "uv": [ 0.0, 0.5, 6.0, 4.0 ] },
										"east": { "texture": "#brass", "uv": [ 14.5, 1.5, 16.0, 5.0 ] },
										"west": { "texture": "#brass", "uv": [ 0.0, 1.5, 1.5, 5.0 ] },
										"up": { "texture": "#brass", "uv": [ 0.0, 0.0, 6.0, 1.5 ] },
										"down": { "texture": "#brass", "uv": [ 0.0, 0.0, 6.0, 1.5 ] }
									},
									"children": [
										{
											"name": "cableConnector2",
											"from": [ 5.0, 1.0, -1.0 ],
											"to": [ 6.0, 2.0, 0.0 ],
											"rotationOrigin": [ 5.0, 1.0, -1.0 ],
											"faces": {
												"north": { "texture": "#brass", "uv": [ 0.0, 0.0, 1.0, 1.0 ] },
												"east": { "texture": "#brass", "uv": [ 0.0, 0.0, 1.0, 1.0 ] },
												"south": { "texture": "#brass", "uv": [ 0.0, 0.0, 1.0, 1.0 ] },
												"west": { "texture": "#brass", "uv": [ 0.0, 0.0, 1.0, 1.0 ] },
												"up": { "texture": "#brass", "uv": [ 0.0, 0.0, 1.0, 1.0 ] },
												"down": { "texture": "#brass", "uv": [ 0.0, 0.0, 1.0, 1.0 ] }
											}
										}
									]
								},
								{
									"name": "BellMount",
									"from": [ 12.0, 2.5, -3.75 ],
									"to": [ 12.75, 3.25, -0.25 ],
									"rotationOrigin": [ 12.0, 3.0, -4.5 ],
									"faces": {
										"north": { "texture": "#iron1", "uv": [ 0.0, 0.0, 0.5, 0.5 ] },
										"east": { "texture": "#iron1", "uv": [ 0.0, 0.0, 3.5, 0.5 ] },
										"south": { "texture": "#iron1", "uv": [ 0.0, 0.0, 0.5, 0.5 ] },
										"west": { "texture": "#iron1", "uv": [ 0.0, 0.0, 3.5, 0.5 ] },
										"up": { "texture": "#iron1", "uv": [ 0.0, 0.0, 0.5, 3.5 ] },
										"down": { "texture": "#iron1", "uv": [ 0.0, 0.0, 0.5, 3.5 ] }
									},
									"children": [
										{
											"name": "Bell",
											"from": [ -1.875, -0.375, -0.375 ],
											"to": [ 0.0, 1.125, 1.125 ],
											"rotationOrigin": [ 0.0, 0.375, 0.375 ],
											"faces": {
												"north": { "texture": "#gold", "uv": [ 0.0, 0.0, 1.5, 1.5 ] },
												"east": { "texture": "#gold", "uv": [ 0.0, 0.0, 1.5, 1.5 ] },
												"south": { "texture": "#gold", "uv": [ 0.0, 0.0, 1.5, 1.5 ] },
												"west": { "texture": "#gold", "uv": [ 0.0, 0.0, 1.5, 1.5 ] },
												"up": { "texture": "#gold", "uv": [ 0.0, 0.0, 1.5, 1.5 ] },
												"down": { "texture": "#gold", "uv": [ 0.0, 0.0, 1.5, 1.5 ] }
											},
											"children": [
												{
													"name": "Bell2",
													"from": [ -0.375, -0.375, -0.375 ],
													"to": [ 0.0, 1.875, 1.875 ],
													"rotationOrigin": [ 1.875, 0.75, 0.75 ],
													"faces": {
														"north": { "texture": "#gold", "uv": [ 0.0, 0.0, 0.75, 2.25 ] },
														"east": { "texture": "#gold", "uv": [ 0.0, 0.0, 2.25, 2.25 ] },
														"south": { "texture": "#gold", "uv": [ 0.0, 0.0, 0.75, 2.25 ] },
														"west": { "texture": "#gold", "uv": [ 0.0, 0.0, 2.25, 2.25 ] },
														"up": { "texture": "#gold", "uv": [ 0.0, 0.0, 0.75, 2.25 ] },
														"down": { "texture": "#gold", "uv": [ 0.0, 0.0, 0.75, 2.25 ] }
													}
												}
											]
										}
									]
								}
							]
						},
						{
							"name": "ConnectLipBot5",
							"from": [ -1.75, 4.25, 0.0 ],
							"to": [ 0.75, 5.0, 0.75 ],
							"rotationOrigin": [ -1.75, 4.25, 0.0 ],
							"faces": {
								"north": { "texture": "#cupronickel1", "uv": [ 5.0, 7.0, 7.5, 7.5 ] },
								"east": { "texture": "#cupronickel12", "uv": [ 15.0, 7.0, 15.5, 7.5 ] },
								"south": { "texture": "#cupronickel1", "uv": [ 7.5, 0.5, 10.0, 1.0 ] },
								"west": { "texture": "#cupronickel12", "uv": [ 12.5, 7.0, 13.0, 7.5 ] },
								"up": { "texture": "#cupronickel1", "uv": [ 12.5, 2.5, 15.0, 3.0 ] }
							}
						},
						{
							"name": "HousingCorner",
							"from": [ 11.26, 0.1, 0.0 ],
							"to": [ 12.01, 4.3, 0.75 ],
							"rotationOrigin": [ 12.0, 0.5, 0.0 ],
							"faces": {
								"east": { "texture": "#cupronickel12", "uv": [ 0.0, 0.0, 0.5, 4.0 ] },
								"west": { "texture": "#cupronickel12", "uv": [ 0.0, 0.0, 0.5, 4.0 ] }
							}
						},
						{
							"name": "ConnectLipBot6",
							"from": [ 11.25, 4.25, 0.0 ],
							"to": [ 12.0, 5.0, 2.25 ],
							"rotationOrigin": [ 11.25, 4.25, 0.0 ],
							"faces": {
								"east": { "texture": "#cupronickel12", "uv": [ 0.0, 0.0, 2.0, 0.5 ] },
								"south": { "texture": "#cupronickel1", "uv": [ 0.0, 0.0, 0.5, 0.5 ], "windMode": [-1,-1,-1,-1], "windData": [1,1,1,1] },
								"west": { "texture": "#cupronickel12", "uv": [ 5.5, 13.0, 7.5, 13.5 ] },
								"up": { "texture": "#cupronickel1", "uv": [ 8.5, 12.0, 9.0, 14.0 ] }
							}
						}
					]
				},
				{
					"name": "BigGearHub",
					"from": [ -9.0, 6.29, 0.0 ],
					"to": [ -7.5, 7.79, 0.75 ],
					"rotationOrigin": [ -8.25, 7.045, 0.0 ],
					"faces": {
						"north": { "texture": "#steel", "uv": [ 5.0, 14.5, 6.5, 16.0 ] },
						"east": { "texture": "#steel", "uv": [ 1.5, 4.0, 2.0, 5.5 ] },
						"south": { "texture": "#steel", "uv": [ 14.0, 3.0, 15.5, 4.5 ] },
						"west": { "texture": "#steel", "uv": [ 10.5, 7.5, 11.0, 9.0 ] },
						"up": { "texture": "#steel", "uv": [ 6.0, 14.0, 7.5, 14.5 ] },
						"down": { "texture": "#steel", "uv": [ 14.5, 15.0, 16.0, 15.5 ] }
					},
					"children": [
						{
							"name": "GearRim100",
							"from": [ -0.06, 3.0, 0.0 ],
							"to": [ 1.545, 3.75, 0.75 ],
							"rotationOrigin": [ 0.75, 0.75, 0.0 ],
							"faces": {
								"north": { "texture": "#steel", "uv": [ 5.0, 11.5, 6.5, 12.25 ] },
								"south": { "texture": "#steel", "uv": [ 3.0, 4.5, 4.5, 5.25 ] },
								"up": { "texture": "#steel", "uv": [ 10.5, 1.5, 12.0, 2.25 ] },
								"down": { "texture": "#steel", "uv": [ 4.5, 8.5, 6.0, 9.25 ] }
							},
							"children": [
								{
									"name": "GearRim101",
									"from": [ 0.0, 0.0, 0.015 ],
									"to": [ 1.605, 0.75, 0.765 ],
									"rotationOrigin": [ 0.81, -2.25, 0.0 ],
									"rotationZ": 30.0,
									"faces": {
										"north": { "texture": "#steel", "uv": [ 1.0, 13.0, 2.5, 13.75 ] },
										"south": { "texture": "#steel", "uv": [ 10.5, 2.0, 12.0, 2.75 ] },
										"up": { "texture": "#steel", "uv": [ 2.5, 13.5, 4.0, 14.25 ] },
										"down": { "texture": "#steel", "uv": [ 3.0, 14.5, 4.5, 15.25 ], "windMode": [-1,-1,-1,-1] }
									}
								},
								{
									"name": "GearRim102",
									"from": [ 0.0, 0.0, 0.0 ],
									"to": [ 1.605, 0.75, 0.75 ],
									"rotationOrigin": [ 0.81, -2.25, 0.0 ],
									"rotationZ": 60.0,
									"faces": {
										"north": { "texture": "#steel", "uv": [ 5.0, 0.5, 6.5, 1.25 ] },
										"south": { "texture": "#steel", "uv": [ 4.5, 12.5, 6.0, 13.25 ] },
										"up": { "texture": "#steel", "uv": [ 13.5, 3.5, 15.0, 4.25 ] },
										"down": { "texture": "#steel", "uv": [ 5.0, 10.0, 6.5, 10.75 ] }
									}
								},
								{
									"name": "GearRim103",
									"from": [ 0.0, 0.0, 0.015 ],
									"to": [ 1.605, 0.75, 0.765 ],
									"rotationOrigin": [ 0.81, -2.25, 0.0 ],
									"rotationZ": 90.0,
									"faces": {
										"north": { "texture": "#steel", "uv": [ 14.5, 5.5, 16.0, 6.25 ] },
										"south": { "texture": "#steel", "uv": [ 4.5, 8.0, 6.0, 8.75 ] },
										"up": { "texture": "#steel", "uv": [ 8.5, 10.0, 10.0, 10.75 ] },
										"down": { "texture": "#steel", "uv": [ 11.0, 10.0, 12.5, 10.75 ] }
									}
								},
								{
									"name": "GearRim104",
									"from": [ 0.0, 0.0, 0.0 ],
									"to": [ 1.605, 0.75, 0.75 ],
									"rotationOrigin": [ 0.81, -2.25, 0.0 ],
									"rotationZ": 120.0,
									"faces": {
										"north": { "texture": "#steel", "uv": [ 6.0, 8.5, 7.5, 9.25 ] },
										"south": { "texture": "#steel", "uv": [ 5.0, 8.5, 6.5, 9.25 ] },
										"up": { "texture": "#steel", "uv": [ 7.5, 2.0, 9.0, 2.75 ] },
										"down": { "texture": "#steel", "uv": [ 8.5, 12.0, 10.0, 12.75 ] }
									}
								},
								{
									"name": "GearRim105",
									"from": [ 0.0, 0.0, 0.015 ],
									"to": [ 1.605, 0.75, 0.765 ],
									"rotationOrigin": [ 0.81, -2.25, 0.0 ],
									"rotationZ": 150.0,
									"faces": {
										"north": { "texture": "#steel", "uv": [ 4.5, 13.0, 6.0, 13.75 ] },
										"south": { "texture": "#steel", "uv": [ 0.5, 0.0, 2.0, 0.75 ] },
										"up": { "texture": "#steel", "uv": [ 13.5, 8.0, 15.0, 8.75 ] },
										"down": { "texture": "#steel", "uv": [ 4.5, 8.0, 6.0, 8.75 ] }
									}
								},
								{
									"name": "GearRim106",
									"from": [ 0.0, 0.0, 0.0 ],
									"to": [ 1.605, 0.75, 0.75 ],
									"rotationOrigin": [ 0.81, -2.25, 0.0 ],
									"rotationZ": 180.0,
									"faces": {
										"north": { "texture": "#steel", "uv": [ 5.5, 0.0, 7.0, 0.75 ] },
										"south": { "texture": "#steel", "uv": [ 14.0, 7.5, 15.5, 8.25 ] },
										"up": { "texture": "#steel", "uv": [ 11.5, 3.0, 13.0, 3.75 ] },
										"down": { "texture": "#steel", "uv": [ 7.0, 13.0, 8.5, 13.75 ] }
									}
								},
								{
									"name": "GearRim107",
									"from": [ 0.0, 0.0, 0.015 ],
									"to": [ 1.605, 0.75, 0.765 ],
									"rotationOrigin": [ 0.81, -2.25, 0.0 ],
									"rotationZ": 210.0,
									"faces": {
										"north": { "texture": "#steel", "uv": [ 8.5, 3.0, 10.0, 3.75 ] },
										"south": { "texture": "#steel", "uv": [ 12.5, 14.0, 14.0, 14.75 ] },
										"up": { "texture": "#steel", "uv": [ 7.5, 12.0, 9.0, 12.75 ] },
										"down": { "texture": "#steel", "uv": [ 9.5, 15.0, 11.0, 15.75 ] }
									}
								},
								{
									"name": "GearRim108",
									"from": [ 0.0, 0.0, 0.0 ],
									"to": [ 1.605, 0.75, 0.75 ],
									"rotationOrigin": [ 0.81, -2.25, 0.0 ],
									"rotationZ": 240.0,
									"faces": {
										"north": { "texture": "#steel", "uv": [ 14.5, 15.0, 16.0, 15.75 ] },
										"south": { "texture": "#steel", "uv": [ 6.5, 0.0, 8.0, 0.75 ] },
										"up": { "texture": "#steel", "uv": [ 1.5, 12.5, 3.0, 13.25 ] },
										"down": { "texture": "#steel", "uv": [ 4.5, 11.0, 6.0, 11.75 ] }
									}
								},
								{
									"name": "GearRim109",
									"from": [ 0.0, 0.0, 0.015 ],
									"to": [ 1.605, 0.75, 0.765 ],
									"rotationOrigin": [ 0.81, -2.25, 0.0 ],
									"rotationZ": 270.0,
									"faces": {
										"north": { "texture": "#steel", "uv": [ 9.0, 11.0, 10.5, 11.75 ] },
										"south": { "texture": "#steel", "uv": [ 5.5, 13.0, 7.0, 13.75 ] },
										"up": { "texture": "#steel", "uv": [ 4.0, 5.0, 5.5, 5.75 ] },
										"down": { "texture": "#steel", "uv": [ 9.0, 11.5, 10.5, 12.25 ] }
									}
								},
								{
									"name": "GearRim110",
									"from": [ 0.0, 0.0, 0.0 ],
									"to": [ 1.605, 0.75, 0.75 ],
									"rotationOrigin": [ 0.81, -2.25, 0.0 ],
									"rotationZ": 300.0,
									"faces": {
										"north": { "texture": "#steel", "uv": [ 5.5, 6.0, 7.0, 6.75 ] },
										"south": { "texture": "#steel", "uv": [ 0.5, 15.0, 2.0, 15.75 ] },
										"up": { "texture": "#steel", "uv": [ 12.5, 14.5, 14.0, 15.25 ] },
										"down": { "texture": "#steel", "uv": [ 2.5, 6.0, 4.0, 6.75 ] }
									}
								},
								{
									"name": "GearRim111",
									"from": [ 0.0, 0.0, 0.015 ],
									"to": [ 1.605, 0.75, 0.765 ],
									"rotationOrigin": [ 0.81, -2.25, 0.0 ],
									"rotationZ": 330.0,
									"faces": {
										"north": { "texture": "#steel", "uv": [ 11.0, 7.5, 12.5, 8.25 ] },
										"south": { "texture": "#steel", "uv": [ 13.5, 4.0, 15.0, 4.75 ] },
										"up": { "texture": "#steel", "uv": [ 11.0, 7.5, 12.5, 8.25 ] },
										"down": { "texture": "#steel", "uv": [ 4.5, 14.5, 6.0, 15.25 ] }
									}
								}
							]
						},
						{
							"name": "Tooth100",
							"from": [ 0.375, 3.3, 0.075 ],
							"to": [ 1.125, 4.5, 0.675 ],
							"rotationOrigin": [ 0.75, 0.75, 0.0 ],
							"rotationZ": 30.0,
							"faces": {
								"north": { "texture": "#steel", "uv": [ 9.0, 2.0, 9.75, 2.75 ] },
								"east": { "texture": "#steel", "uv": [ 14.5, 3.5, 15.25, 4.25 ] },
								"south": { "texture": "#steel", "uv": [ 1.0, 4.0, 1.75, 4.75 ] },
								"west": { "texture": "#steel", "uv": [ 0.0, 4.0, 0.75, 4.75 ] },
								"up": { "texture": "#steel", "uv": [ 4.5, 12.5, 5.25, 13.25 ] }
							},
							"children": [
								{
									"name": "Tooth101",
									"from": [ 0.0, 0.0, 0.0 ],
									"to": [ 0.75, 1.2, 0.6 ],
									"rotationOrigin": [ 0.375, -2.55, -0.075 ],
									"rotationZ": 30.0,
									"faces": {
										"north": { "texture": "#steel", "uv": [ 5.0, 8.0, 5.75, 8.75 ] },
										"east": { "texture": "#steel", "uv": [ 6.0, 3.0, 6.75, 3.75 ] },
										"south": { "texture": "#steel", "uv": [ 8.5, 7.5, 9.25, 8.25 ] },
										"west": { "texture": "#steel", "uv": [ 3.5, 9.5, 4.25, 10.25 ] },
										"up": { "texture": "#steel", "uv": [ 5.0, 15.0, 5.75, 15.75 ] }
									}
								},
								{
									"name": "Tooth102",
									"from": [ 0.0, 0.0, 0.0 ],
									"to": [ 0.75, 1.2, 0.6 ],
									"rotationOrigin": [ 0.375, -2.55, -0.075 ],
									"rotationZ": 60.0,
									"faces": {
										"north": { "texture": "#steel", "uv": [ 7.0, 13.0, 7.75, 13.75 ] },
										"east": { "texture": "#steel", "uv": [ 13.0, 8.0, 13.75, 8.75 ] },
										"south": { "texture": "#steel", "uv": [ 10.0, 7.0, 10.75, 7.75 ] },
										"west": { "texture": "#steel", "uv": [ 0.5, 2.5, 1.25, 3.25 ] },
										"up": { "texture": "#steel", "uv": [ 4.0, 8.0, 4.75, 8.75 ] }
									}
								},
								{
									"name": "Tooth104",
									"from": [ 0.0, 0.0, 0.0 ],
									"to": [ 0.75, 1.2, 0.6 ],
									"rotationOrigin": [ 0.375, -2.55, -0.075 ],
									"rotationZ": 90.0,
									"faces": {
										"north": { "texture": "#steel", "uv": [ 13.0, 11.5, 13.75, 12.25 ] },
										"east": { "texture": "#steel", "uv": [ 10.0, 2.0, 10.75, 2.75 ] },
										"south": { "texture": "#steel", "uv": [ 15.0, 12.5, 15.75, 13.25 ] },
										"west": { "texture": "#steel", "uv": [ 11.0, 3.0, 11.75, 3.75 ] },
										"up": { "texture": "#steel", "uv": [ 6.0, 1.5, 6.75, 2.25 ] }
									}
								},
								{
									"name": "Tooth105",
									"from": [ 0.0, 0.0, 0.0 ],
									"to": [ 0.75, 1.2, 0.6 ],
									"rotationOrigin": [ 0.375, -2.55, -0.075 ],
									"rotationZ": 120.0,
									"faces": {
										"north": { "texture": "#steel", "uv": [ 13.0, 7.5, 13.75, 8.25 ] },
										"east": { "texture": "#steel", "uv": [ 8.0, 9.5, 8.75, 10.25 ] },
										"south": { "texture": "#steel", "uv": [ 7.0, 0.0, 7.75, 0.75 ] },
										"west": { "texture": "#steel", "uv": [ 6.5, 0.5, 7.25, 1.25 ] },
										"up": { "texture": "#steel", "uv": [ 8.5, 9.0, 9.25, 9.75 ] }
									}
								},
								{
									"name": "Tooth107",
									"from": [ 0.0, 0.0, 0.0 ],
									"to": [ 0.75, 1.2, 0.6 ],
									"rotationOrigin": [ 0.375, -2.55, -0.075 ],
									"rotationZ": 210.0,
									"faces": {
										"north": { "texture": "#steel", "uv": [ 2.5, 9.0, 3.25, 9.75 ] },
										"east": { "texture": "#steel", "uv": [ 8.0, 10.0, 8.75, 10.75 ] },
										"south": { "texture": "#steel", "uv": [ 6.0, 2.0, 6.75, 2.75 ] },
										"west": { "texture": "#steel", "uv": [ 6.5, 2.5, 7.25, 3.25 ] },
										"up": { "texture": "#steel", "uv": [ 1.0, 5.0, 1.75, 5.75 ] }
									}
								},
								{
									"name": "Tooth108",
									"from": [ 0.0, 0.0, 0.0 ],
									"to": [ 0.75, 1.2, 0.6 ],
									"rotationOrigin": [ 0.375, -2.55, -0.075 ],
									"rotationZ": 240.0,
									"faces": {
										"north": { "texture": "#steel", "uv": [ 4.0, 11.0, 4.75, 11.75 ] },
										"east": { "texture": "#steel", "uv": [ 6.0, 6.0, 6.75, 6.75 ] },
										"south": { "texture": "#steel", "uv": [ 14.0, 2.5, 14.75, 3.25 ] },
										"west": { "texture": "#steel", "uv": [ 14.5, 12.5, 15.25, 13.25 ] },
										"up": { "texture": "#steel", "uv": [ 1.0, 1.0, 1.75, 1.75 ] }
									}
								},
								{
									"name": "Tooth110",
									"from": [ 0.0, 0.0, 0.0 ],
									"to": [ 0.75, 1.2, 0.6 ],
									"rotationOrigin": [ 0.375, -2.55, -0.075 ],
									"rotationZ": 270.0,
									"faces": {
										"north": { "texture": "#steel", "uv": [ 10.5, 12.5, 11.25, 13.25 ] },
										"east": { "texture": "#steel", "uv": [ 3.5, 6.0, 4.25, 6.75 ] },
										"south": { "texture": "#steel", "uv": [ 4.0, 5.5, 4.75, 6.25 ] },
										"west": { "texture": "#steel", "uv": [ 11.5, 4.5, 12.25, 5.25 ] },
										"up": { "texture": "#steel", "uv": [ 6.0, 4.5, 6.75, 5.25 ] }
									}
								},
								{
									"name": "Tooth111",
									"from": [ 0.0, 0.0, 0.0 ],
									"to": [ 0.75, 1.2, 0.6 ],
									"rotationOrigin": [ 0.375, -2.55, -0.075 ],
									"rotationZ": 300.0,
									"faces": {
										"north": { "texture": "#steel", "uv": [ 2.5, 3.5, 3.25, 4.25 ] },
										"east": { "texture": "#steel", "uv": [ 3.0, 5.0, 3.75, 5.75 ] },
										"south": { "texture": "#steel", "uv": [ 6.5, 2.0, 7.25, 2.75 ] },
										"west": { "texture": "#steel", "uv": [ 11.5, 0.5, 12.25, 1.25 ] },
										"up": { "texture": "#steel", "uv": [ 3.5, 5.5, 4.25, 6.25 ] }
									}
								},
								{
									"name": "Tooth106",
									"from": [ 0.0, 0.0, 0.0 ],
									"to": [ 0.75, 1.2, 0.6 ],
									"rotationOrigin": [ 0.375, -2.55, -0.075 ],
									"rotationZ": 180.0,
									"faces": {
										"north": { "texture": "#steel", "uv": [ 6.0, 0.5, 6.75, 1.25 ] },
										"east": { "texture": "#steel", "uv": [ 13.0, 4.5, 13.75, 5.25 ] },
										"south": { "texture": "#steel", "uv": [ 4.5, 13.5, 5.25, 14.25 ] },
										"west": { "texture": "#steel", "uv": [ 2.0, 2.0, 2.75, 2.75 ] },
										"up": { "texture": "#steel", "uv": [ 6.0, 3.0, 6.75, 3.75 ] }
									}
								},
								{
									"name": "LongToothEW",
									"from": [ -3.375, -2.925, 0.0 ],
									"to": [ 4.125, -2.175, 0.6 ],
									"rotationOrigin": [ 0.375, -2.55, -0.075 ],
									"rotationZ": -30.0,
									"faces": {
										"north": { "texture": "#steel", "uv": [ 0.5, 3.5, 8.0, 4.25 ] },
										"east": { "texture": "#steel", "uv": [ 9.0, 13.5, 9.75, 14.25 ] },
										"south": { "texture": "#steel", "uv": [ 6.0, 3.5, 13.5, 4.25 ] },
										"west": { "texture": "#steel", "uv": [ 4.5, 5.5, 5.25, 6.25 ] },
										"up": { "texture": "#steel", "uv": [ 1.5, 2.0, 9.0, 2.75 ] },
										"down": { "texture": "#steel", "uv": [ 1.5, 11.5, 9.0, 12.25 ] }
									}
								},
								{
									"name": "LongToothUD",
									"from": [ -3.375, -2.925, 0.0 ],
									"to": [ 4.125, -2.175, 0.6 ],
									"rotationOrigin": [ 0.375, -2.55, -0.075 ],
									"rotationZ": 60.0,
									"faces": {
										"north": { "texture": "#steel", "uv": [ 7.5, 2.5, 15.0, 3.25 ] },
										"east": { "texture": "#steel", "uv": [ 3.0, 12.0, 3.75, 12.75 ] },
										"south": { "texture": "#steel", "uv": [ 2.0, 12.5, 9.5, 13.25 ] },
										"west": { "texture": "#steel", "uv": [ 6.5, 0.0, 7.25, 0.75 ] },
										"up": { "texture": "#steel", "uv": [ 2.0, 8.5, 9.5, 9.25 ] },
										"down": { "texture": "#steel", "uv": [ 6.0, 4.5, 13.5, 5.25 ] }
									}
								}
							]
						}
					]
				},
				{
					"name": "SmallGearHub",
					"from": [ -13.5, 6.84, -0.3 ],
					"to": [ -12.75, 7.59, 0.9 ],
					"rotationOrigin": [ -13.125, 7.22, -0.3 ],
					"rotationZ": 30.0,
					"faces": {
						"north": { "texture": "#steel", "uv": [ 1.0, 12.5, 1.5, 13.0 ] },
						"east": { "texture": "#steel", "uv": [ 2.0, 14.5, 3.0, 15.0 ] },
						"south": { "texture": "#steel", "uv": [ 10.5, 1.0, 11.0, 1.5 ] },
						"west": { "texture": "#steel", "uv": [ 9.5, 7.5, 10.5, 8.0 ] },
						"up": { "texture": "#steel", "uv": [ 3.0, 0.0, 3.5, 1.0 ] },
						"down": { "texture": "#steel", "uv": [ 11.5, 10.5, 12.0, 11.5 ] }
					},
					"children": [
						{
							"name": "SmallGear3",
							"from": [ -0.75, -1.5, 0.3 ],
							"to": [ 0.0, 2.25, 1.05 ],
							"rotationOrigin": [ -0.75, -1.5, 0.3 ],
							"faces": {
								"north": { "texture": "#steel", "uv": [ 3.0, 2.0, 3.75, 5.75 ] },
								"east": { "texture": "#steel", "uv": [ 8.0, 13.0, 8.75, 16.75 ] },
								"south": { "texture": "#steel", "uv": [ 13.5, 2.5, 14.25, 6.25 ] },
								"west": { "texture": "#steel", "uv": [ 7.0, 9.5, 7.75, 13.25 ] },
								"up": { "texture": "#steel", "uv": [ 4.0, 0.0, 4.75, 0.75 ] },
								"down": { "texture": "#steel", "uv": [ 0.0, 3.0, 0.75, 3.75 ] }
							},
							"children": [
								{
									"name": "SmallGear4",
									"from": [ 1.5, 0.0, 0.0 ],
									"to": [ 2.25, 3.75, 0.75 ],
									"rotationOrigin": [ 1.5, 0.0, 0.0 ],
									"faces": {
										"north": { "texture": "#steel", "uv": [ 4.0, 0.0, 4.75, 3.75 ] },
										"east": { "texture": "#steel", "uv": [ 12.0, 0.0, 12.75, 3.75 ] },
										"south": { "texture": "#steel", "uv": [ 8.5, 2.5, 9.25, 6.25 ] },
										"west": { "texture": "#steel", "uv": [ 6.0, 11.0, 6.75, 14.75 ] },
										"up": { "texture": "#steel", "uv": [ 9.0, 4.5, 9.75, 5.25 ] },
										"down": { "texture": "#steel", "uv": [ 0.0, 5.5, 0.75, 6.25 ] }
									}
								},
								{
									"name": "Cube19",
									"from": [ -0.75, 0.75, 0.03 ],
									"to": [ 3.0, 1.5, 0.78 ],
									"rotationOrigin": [ -0.75, 0.75, 0.0 ],
									"faces": {
										"north": { "texture": "#steel", "uv": [ 10.5, 10.5, 14.25, 11.25 ] },
										"east": { "texture": "#steel", "uv": [ 5.0, 4.0, 5.75, 4.75 ] },
										"south": { "texture": "#steel", "uv": [ 2.0, 10.5, 5.75, 11.25 ] },
										"west": { "texture": "#steel", "uv": [ 6.5, 2.5, 7.25, 3.25 ] },
										"up": { "texture": "#steel", "uv": [ 4.5, 2.0, 8.25, 2.75 ] },
										"down": { "texture": "#steel", "uv": [ 4.0, 2.5, 7.75, 3.25 ] }
									},
									"children": [
										{
											"name": "Cube20",
											"from": [ 0.0, 1.5, 0.0 ],
											"to": [ 3.75, 2.25, 0.75 ],
											"rotationOrigin": [ 0.075, 1.425, 0.0 ],
											"faces": {
												"north": { "texture": "#steel", "uv": [ 7.0, 3.0, 10.75, 3.75 ] },
												"east": { "texture": "#steel", "uv": [ 7.5, 7.5, 8.25, 8.25 ] },
												"south": { "texture": "#steel", "uv": [ 3.0, 3.0, 6.75, 3.75 ] },
												"west": { "texture": "#steel", "uv": [ 4.0, 1.5, 4.75, 2.25 ] },
												"up": { "texture": "#steel", "uv": [ 1.5, 15.0, 5.25, 15.75 ] },
												"down": { "texture": "#steel", "uv": [ 3.0, 4.5, 6.75, 5.25 ] }
											}
										}
									]
								}
							]
						}
					]
				},
				{
					"name": "Cable",
					"from": [ -10.0, 4.75, -3.3 ],
					"to": [ -9.25, 5.5, 0.7 ],
					"rotationOrigin": [ -11.0, 6.0, -3.0 ],
					"rotationY": -90.0,
					"faces": {
						"north": { "texture": "#nailtexture", "uv": [ 0.0, 0.0, 0.5, 0.5 ] },
						"east": { "texture": "#nailtexture", "uv": [ 0.0, 0.0, 4.0, 0.5 ] },
						"south": { "texture": "#nailtexture", "uv": [ 0.0, 0.0, 0.5, 0.5 ] },
						"west": { "texture": "#nailtexture", "uv": [ 0.0, 0.0, 4.0, 0.5 ] },
						"up": { "texture": "#nailtexture", "uv": [ 0.0, 0.0, 0.5, 4.0 ] },
						"down": { "texture": "#nailtexture", "uv": [ 0.0, 0.0, 0.5, 4.0 ] }
					},
					"children": [
						{
							"name": "Cable2",
							"from": [ 0.0, 0.0, 4.0 ],
							"to": [ 0.75, 0.75, 6.0 ],
							"rotationOrigin": [ 0.0, 0.0, 4.0 ],
							"rotationZ": 9.0,
							"faces": {
								"north": { "texture": "#nailtexture", "uv": [ 0.0, 0.0, 0.5, 0.5 ] },
								"east": { "texture": "#nailtexture", "uv": [ 0.0, 0.0, 2.0, 0.5 ] },
								"south": { "texture": "#nailtexture", "uv": [ 0.0, 0.0, 0.5, 0.5 ] },
								"west": { "texture": "#nailtexture", "uv": [ 0.0, 0.0, 2.0, 0.5 ] },
								"up": { "texture": "#nailtexture", "uv": [ 0.0, 0.0, 0.5, 2.0 ] },
								"down": { "texture": "#nailtexture", "uv": [ 0.0, 0.0, 0.5, 2.0 ] }
							},
							"children": [
								{
									"name": "Cable3",
									"from": [ 0.0, 0.01, 2.0 ],
									"to": [ 0.75, 0.76, 4.0 ],
									"rotationOrigin": [ 0.0, 0.0, 2.0 ],
									"rotationY": -9.0,
									"faces": {
										"north": { "texture": "#nailtexture", "uv": [ 0.0, 0.0, 0.5, 0.5 ] },
										"east": { "texture": "#nailtexture", "uv": [ 0.0, 0.0, 2.0, 0.5 ] },
										"south": { "texture": "#nailtexture", "uv": [ 0.0, 0.0, 0.5, 0.5 ] },
										"west": { "texture": "#nailtexture", "uv": [ 0.0, 0.0, 2.0, 0.5 ] },
										"up": { "texture": "#nailtexture", "uv": [ 0.0, 0.0, 0.5, 2.0 ] },
										"down": { "texture": "#nailtexture", "uv": [ 0.0, 0.0, 0.5, 2.0 ] }
									},
									"children": [
										{
											"name": "Cable4",
											"from": [ 0.0, 0.01, 2.0 ],
											"to": [ 0.75, 0.76, 4.0 ],
											"rotationOrigin": [ 0.0, 0.0, 2.0 ],
											"rotationZ": -23.0,
											"faces": {
												"north": { "texture": "#nailtexture", "uv": [ 0.0, 0.0, 0.5, 0.5 ] },
												"east": { "texture": "#nailtexture", "uv": [ 0.0, 0.0, 2.0, 0.5 ] },
												"south": { "texture": "#nailtexture", "uv": [ 0.0, 0.0, 0.5, 0.5 ] },
												"west": { "texture": "#nailtexture", "uv": [ 0.0, 0.0, 2.0, 0.5 ] },
												"up": { "texture": "#nailtexture", "uv": [ 0.0, 0.0, 0.5, 2.0 ] },
												"down": { "texture": "#nailtexture", "uv": [ 0.0, 0.0, 0.5, 2.0 ] }
											},
											"children": [
												{
													"name": "Cable5",
													"from": [ 0.0, 0.0, 1.9 ],
													"to": [ 0.75, 0.75, 5.15 ],
													"rotationOrigin": [ 0.0, 0.0, 2.0 ],
													"rotationX": -9.0,
													"rotationY": -23.0,
													"rotationZ": -3.0,
													"faces": {
														"north": { "texture": "#nailtexture", "uv": [ 0.0, 0.0, 0.5, 0.5 ] },
														"east": { "texture": "#nailtexture", "uv": [ 0.0, 0.0, 3.0, 0.5 ] },
														"south": { "texture": "#nailtexture", "uv": [ 0.0, 0.0, 0.5, 0.5 ] },
														"west": { "texture": "#nailtexture", "uv": [ 0.0, 0.0, 3.0, 0.5 ] },
														"up": { "texture": "#nailtexture", "uv": [ 0.0, 0.0, 0.5, 3.0 ] },
														"down": { "texture": "#nailtexture", "uv": [ 0.0, 0.0, 0.5, 3.0 ] }
													}
												}
											]
										}
									]
								}
							]
						}
					]
				}
			]
		}
	]}
