{
	"editor": {
		"collapsedPaths": "Root/CruiseGearsMOVER/BigGearHub,Root/WheelHub2,Root/SHIELDMOVER2MIRROR_main,Root/CruiseGearsMOVER/Cable/Cable2/Cable3/Cube39,Root/WheelHub1,Root/ORIGIN/hideWater,Root/SHIELDMOVER2,Root/knot,Root/CruiseGearsMOVER/HousingEND/HousingBot/HousingNorth/Cube35,Root/CruiseGearsMOVER/HousingEND/BigGearHub,Root/CruiseGearsMOVER/HousingEND/HousingBot/HousingTopS,Root/CruiseGearsMOVER/HousingBot/HousingTopS",
		"allAngles": true,
		"entityTextureMode": false
	},
	"textureWidth": 16,
	"textureHeight": 16,
	"textureSizes": {
		"nailtexture": [16,16]
	},
	"textures": {
		"boathull": "game:block/metal/sheet/cupronickel2"
	},
	"elements": [
		{
			"name": "ORIGIN",
			"from": [ -16.0, -1.9, 8.0 ],
			"to": [ -14.0, 0.1, 10.0 ],
			"rotationOrigin": [ -16.0, -1.9, 9.0 ],
			"rotationY": 180.0,
			"faces": {
			},
			"children": [
				{
					"name": "KeelBeam2",
					"from": [ -32.0, -11.0, -2.0 ],
					"to": [ -16.0, -7.0, 4.0 ],
					"rotationOrigin": [ -32.0, -11.0, 0.0 ],
					"faces": {
						"north": { "texture": "#boathull", "uv": [ 0.0, 2.0, 16.0, 6.0 ] },
						"east": { "texture": "#boathull", "uv": [ 0.0, 0.0, 6.0, 4.0 ], "windMode": [-1,-1,-1,-1] },
						"south": { "texture": "#boathull", "uv": [ 0.0, 0.5, 16.0, 4.5 ] },
						"west": { "texture": "#boathull", "uv": [ 0.0, 7.5, 6.0, 11.5 ] },
						"up": { "texture": "#boathull", "uv": [ 0.0, 0.0, 16.0, 6.0 ], "windMode": [-1,-1,-1,-1] },
						"down": { "texture": "#boathull", "uv": [ 0.0, 4.5, 16.0, 10.5 ] }
					},
					"children": [
						{
							"name": "GunwhaleS3",
							"from": [ 0.0, 13.0, 21.0 ],
							"to": [ 16.0, 29.0, 23.0 ],
							"rotationOrigin": [ 0.0, 13.0, 21.0 ],
							"faces": {
								"north": { "texture": "#boathull", "uv": [ 0.0, 0.0, 16.0, 16.0 ], "rotation": 180 },
								"east": { "texture": "#boathull", "uv": [ 0.0, 0.0, 2.0, 16.0 ], "windMode": [-1,-1,-1,-1], "windData": [0,1,1,0] },
								"south": { "texture": "#boathull", "uv": [ 0.0, 0.0, 16.0, 16.0 ], "rotation": 180 },
								"west": { "texture": "#boathull", "uv": [ 7.5, 0.0, 9.5, 16.0 ], "rotation": 180 },
								"up": { "texture": "#boathull", "uv": [ 0.0, 3.0, 16.0, 5.0 ] },
								"down": { "texture": "#boathull", "uv": [ 0.0, 7.0, 16.0, 9.0 ] }
							},
							"children": [
								{
									"name": "HullUpperS3",
									"from": [ 0.01, -8.0, 0.0 ],
									"to": [ 16.01, 0.0, 2.0 ],
									"rotationOrigin": [ 0.0, 0.0, 2.0 ],
									"rotationX": 20.0,
									"faces": {
										"north": { "texture": "#boathull", "uv": [ 0.0, 0.0, 16.0, 8.0 ], "windMode": [-1,-1,-1,-1] },
										"east": { "texture": "#boathull", "uv": [ 0.0, 0.0, 2.0, 8.0 ], "windMode": [-1,-1,-1,-1] },
										"south": { "texture": "#boathull", "uv": [ 0.0, 0.0, 16.0, 8.0 ], "rotation": 180 },
										"west": { "texture": "#boathull", "uv": [ 7.5, 0.0, 9.5, 8.0 ], "rotation": 180, "windMode": [-1,-1,-1,-1] }
									},
									"children": [
										{
											"name": "HullLowerS3",
											"from": [ 0.01, 0.0, -13.0 ],
											"to": [ 16.01, 2.0, 2.0 ],
											"rotationOrigin": [ 0.0, 0.0, 2.0 ],
											"rotationX": -38.0,
											"faces": {
												"east": { "texture": "#boathull", "uv": [ 0.0, 0.0, 15.0, 2.0 ], "windMode": [-1,-1,-1,-1] },
												"west": { "texture": "#boathull", "uv": [ 0.5, 0.0, 15.5, 2.0 ], "rotation": 180 },
												"up": { "texture": "#boathull", "uv": [ 0.0, 0.0, 16.0, 15.0 ], "windMode": [-1,-1,-1,-1] },
												"down": { "texture": "#boathull", "uv": [ 0.0, 0.5, 16.0, 15.5 ] }
											}
										}
									]
								},
								{
									"name": "GunwhaleN3",
									"from": [ 0.0, 0.0, -38.0 ],
									"to": [ 16.0, 16.0, -36.0 ],
									"rotationOrigin": [ 0.0, 0.0, -36.0 ],
									"faces": {
										"north": { "texture": "#boathull", "uv": [ 0.0, 0.0, 16.0, 16.0 ], "rotation": 180 },
										"east": { "texture": "#boathull", "uv": [ 0.0, 0.0, 2.0, 16.0 ], "windMode": [-1,-1,-1,-1], "windData": [0,1,1,0] },
										"south": { "texture": "#boathull", "uv": [ 0.0, 0.0, 16.0, 16.0 ], "rotation": 180 },
										"west": { "texture": "#boathull", "uv": [ 7.5, 0.0, 9.5, 16.0 ], "rotation": 180 },
										"up": { "texture": "#boathull", "uv": [ 0.0, 7.0, 16.0, 9.0 ] },
										"down": { "texture": "#boathull", "uv": [ 0.0, 7.0, 16.0, 9.0 ] }
									},
									"children": [
										{
											"name": "HullUpperN5",
											"from": [ 0.01, -8.0, 0.0 ],
											"to": [ 16.01, 0.0, 2.0 ],
											"rotationOrigin": [ 0.0, 0.0, 0.0 ],
											"rotationX": -20.0,
											"faces": {
												"north": { "texture": "#boathull", "uv": [ 0.0, 0.0, 16.0, 8.0 ], "rotation": 180 },
												"east": { "texture": "#boathull", "uv": [ 0.0, 0.0, 2.0, 8.0 ], "windMode": [-1,-1,-1,-1] },
												"south": { "texture": "#boathull", "uv": [ 0.0, 0.0, 16.0, 8.0 ], "windMode": [-1,-1,-1,-1] },
												"west": { "texture": "#boathull", "uv": [ 7.5, 0.0, 9.5, 8.0 ], "rotation": 180 }
											},
											"children": [
												{
													"name": "HullLowerN5",
													"from": [ 0.01, 0.0, 0.0 ],
													"to": [ 16.01, 2.0, 15.0 ],
													"rotationOrigin": [ 0.0, 0.0, 0.0 ],
													"rotationX": 38.0,
													"faces": {
														"east": { "texture": "#boathull", "uv": [ 0.0, 0.0, 15.0, 2.0 ], "windMode": [-1,-1,-1,-1] },
														"west": { "texture": "#boathull", "uv": [ 0.5, 0.0, 15.5, 2.0 ], "rotation": 180 },
														"up": { "texture": "#boathull", "uv": [ 0.0, 0.0, 16.0, 15.0 ], "windMode": [-1,-1,-1,-1] },
														"down": { "texture": "#boathull", "uv": [ 0.0, 0.5, 16.0, 15.5 ], "rotation": 180, "windMode": [-1,-1,-1,-1] }
													}
												}
											]
										}
									]
								}
							]
						}
					]
				}
			],
			"attachmentpoints": [
				{
					"code": "Center",
					"posX": "0.0","posY": "0.0","posZ": "0.0",
					"rotationX": "0.0","rotationY": "0.0","rotationZ": "0.0"
				}
			]
		}
	]}
