{
	"editor": {
		"collapsedPaths": "",
		"allAngles": false,
		"entityTextureMode": false
	},
	"textureWidth": 16,
	"textureHeight": 16,
	"textureSizes": {
	},
	"textures": {
		"other": "block/clay/ceramic",
		"floor": "block/clay/ceramic-dark"
	},
	"elements": [
		{
			"name": "Cube6",
			"from": [ 3.0, 0.0, 3.0 ],
			"to": [ 13.0, 1.0, 13.0 ],
			"rotationOrigin": [ -1.0, 0.0, 0.0 ],
			"faces": {
				"up": { "texture": "#floor", "uv": [ 1.5, 1.5, 11.5, 11.5 ] },
				"down": { "texture": "#other", "uv": [ 3.5, 4.0, 13.5, 14.0 ] }
			},
			"children": [
				{
					"name": "Cube2",
					"from": [ 0.0, 0.0, -2.0 ],
					"to": [ 10.0, 2.0, 0.0 ],
					"faces": {
						"north": { "texture": "#other", "uv": [ 0.0, 2.0, 10.0, 4.0 ] },
						"south": { "texture": "#other", "uv": [ 4.5, 2.5, 14.5, 4.5 ] },
						"up": { "texture": "#other", "uv": [ 0.0, 0.0, 10.0, 2.0 ] },
						"down": { "texture": "#other", "uv": [ 4.5, 3.5, 14.5, 5.5 ] }
					}
				},
				{
					"name": "Cube3",
					"from": [ 0.0, 0.0, 10.0 ],
					"to": [ 10.0, 2.0, 12.0 ],
					"faces": {
						"north": { "texture": "#other", "uv": [ 3.5, 9.0, 13.5, 11.0 ] },
						"east": { "texture": "#other", "uv": [ 12.0, 2.0, 14.0, 4.0 ] },
						"south": { "texture": "#other", "uv": [ 4.0, 9.5, 14.0, 11.5 ] },
						"up": { "texture": "#other", "uv": [ 2.0, 7.0, 12.0, 9.0 ] },
						"down": { "texture": "#other", "uv": [ 4.0, 7.5, 14.0, 9.5 ] }
					}
				},
				{
					"name": "Cube4",
					"from": [ -2.0, 0.0, -2.0 ],
					"to": [ 0.0, 2.0, 12.0 ],
					"faces": {
						"north": { "texture": "#other", "uv": [ 0.0, 14.0, 2.0, 16.0 ] },
						"east": { "texture": "#other", "uv": [ 1.0, 8.5, 15.0, 10.5 ], "autoUv": false },
						"south": { "texture": "#other", "uv": [ 10.0, 10.0, 13.0, 12.0 ], "autoUv": false },
						"west": { "texture": "#other", "uv": [ 1.5, 11.0, 15.5, 13.0 ], "autoUv": false },
						"up": { "texture": "#other", "uv": [ 2.5, 1.0, 4.5, 15.0 ] },
						"down": { "texture": "#other", "uv": [ 3.0, 0.0, 5.0, 14.0 ] }
					}
				},
				{
					"name": "Cube5",
					"from": [ 10.0, 0.0, -2.0 ],
					"to": [ 12.0, 2.0, 12.0 ],
					"faces": {
						"north": { "texture": "#other", "uv": [ 0.0, 14.0, 2.0, 16.0 ] },
						"east": { "texture": "#other", "uv": [ 2.0, 12.0, 16.0, 14.0 ], "autoUv": false },
						"south": { "texture": "#other", "uv": [ 3.0, 14.0, 5.0, 16.0 ] },
						"west": { "texture": "#other", "uv": [ 2.0, 14.0, 16.0, 16.0 ], "autoUv": false },
						"up": { "texture": "#other", "uv": [ 0.0, 0.0, 2.0, 14.0 ] },
						"down": { "texture": "#other", "uv": [ 3.0, 0.0, 5.0, 14.0 ] }
					}
				},
				{
					"name": "Cube12",
					"from": [ 0.0, 1.0, 4.0 ],
					"to": [ 10.0, 2.0, 6.0 ],
					"faces": {
						"north": { "texture": "#other", "uv": [ 6.0, 3.0, 16.0, 4.0 ] },
						"east": { "texture": "#other", "uv": [ 7.0, 3.0, 9.0, 4.0 ] },
						"south": { "texture": "#other", "uv": [ 6.0, 3.0, 16.0, 4.0 ] },
						"west": { "texture": "#other", "uv": [ 9.0, 3.0, 11.0, 4.0 ] },
						"up": { "texture": "#other", "uv": [ 6.0, 2.0, 16.0, 4.0 ] },
						"down": { "texture": "#other", "uv": [ 6.0, 2.0, 16.0, 4.0 ] }
					}
				},
				{
					"name": "Cube13",
					"from": [ 4.0, 1.0, 6.0 ],
					"to": [ 6.0, 2.0, 10.0 ],
					"faces": {
						"north": { "texture": "#other", "uv": [ 6.0, 3.0, 8.0, 4.0 ] },
						"east": { "texture": "#other", "uv": [ 7.0, 3.0, 11.0, 4.0 ] },
						"south": { "texture": "#other", "uv": [ 8.0, 3.0, 10.0, 4.0 ] },
						"west": { "texture": "#other", "uv": [ 9.0, 3.0, 13.0, 4.0 ] },
						"up": { "texture": "#other", "uv": [ 6.0, 2.0, 8.0, 6.0 ] },
						"down": { "texture": "#other", "uv": [ 7.0, 2.0, 9.0, 6.0 ] }
					}
				},
				{
					"name": "Cube15",
					"from": [ 6.5, 1.0, 0.5 ],
					"to": [ 9.5, 1.6, 3.5 ],
					"faces": {
						"north": { "texture": "#other", "uv": [ 6.0, 3.0, 9.0, 3.5 ] },
						"east": { "texture": "#other", "uv": [ 7.0, 3.0, 10.0, 3.5 ] },
						"south": { "texture": "#other", "uv": [ 8.0, 3.0, 11.0, 3.5 ] },
						"west": { "texture": "#other", "uv": [ 9.0, 3.0, 12.0, 3.5 ] },
						"up": { "texture": "#other", "uv": [ 5.5, 7.5, 8.5, 10.5 ] },
						"down": { "texture": "#other", "uv": [ 7.0, 2.0, 10.0, 5.0 ] }
					}
				},
				{
					"name": "Cube14",
					"from": [ 4.0, 1.0, 0.0 ],
					"to": [ 6.0, 2.0, 4.0 ],
					"faces": {
						"north": { "texture": "#other", "uv": [ 6.0, 3.0, 8.0, 4.0 ] },
						"east": { "texture": "#other", "uv": [ 7.0, 3.0, 11.0, 4.0 ] },
						"south": { "texture": "#other", "uv": [ 8.0, 3.0, 10.0, 4.0 ] },
						"west": { "texture": "#other", "uv": [ 9.0, 3.0, 13.0, 4.0 ] },
						"up": { "texture": "#other", "uv": [ 3.0, 5.0, 5.0, 9.0 ] },
						"down": { "texture": "#other", "uv": [ 7.0, 2.0, 9.0, 6.0 ] }
					}
				},
				{
					"name": "Cube18",
					"from": [ 0.5, 1.0, 6.5 ],
					"to": [ 3.5, 1.6, 9.5 ],
					"faces": {
						"north": { "texture": "#other", "uv": [ 6.0, 3.0, 9.0, 3.5 ] },
						"east": { "texture": "#other", "uv": [ 7.0, 3.0, 10.0, 3.5 ] },
						"south": { "texture": "#other", "uv": [ 8.0, 3.0, 11.0, 3.5 ] },
						"west": { "texture": "#other", "uv": [ 9.0, 3.0, 12.0, 3.5 ] },
						"up": { "texture": "#other", "uv": [ 4.5, 5.5, 7.5, 8.5 ] },
						"down": { "texture": "#other", "uv": [ 7.0, 2.0, 10.0, 5.0 ] }
					}
				},
				{
					"name": "Cube17",
					"from": [ 6.5, 1.0, 6.5 ],
					"to": [ 9.5, 1.6, 9.5 ],
					"faces": {
						"north": { "texture": "#other", "uv": [ 6.0, 3.0, 9.0, 3.5 ] },
						"east": { "texture": "#other", "uv": [ 7.0, 3.0, 10.0, 3.5 ] },
						"south": { "texture": "#other", "uv": [ 8.0, 3.0, 11.0, 3.5 ] },
						"west": { "texture": "#other", "uv": [ 9.0, 3.0, 12.0, 3.5 ] },
						"up": { "texture": "#other", "uv": [ 8.5, 4.5, 11.5, 7.5 ] },
						"down": { "texture": "#other", "uv": [ 7.0, 2.0, 10.0, 5.0 ] }
					}
				},
				{
					"name": "Cube16",
					"from": [ 0.5, 1.0, 0.5 ],
					"to": [ 3.5, 1.6, 3.5 ],
					"faces": {
						"north": { "texture": "#other", "uv": [ 6.0, 3.0, 9.0, 3.5 ] },
						"east": { "texture": "#other", "uv": [ 7.0, 3.0, 10.0, 3.5 ] },
						"south": { "texture": "#other", "uv": [ 8.0, 3.0, 11.0, 3.5 ] },
						"west": { "texture": "#other", "uv": [ 9.0, 3.0, 12.0, 3.5 ] },
						"up": { "texture": "#other", "uv": [ 5.0, 5.0, 8.0, 8.0 ] },
						"down": { "texture": "#other", "uv": [ 7.0, 2.0, 10.0, 5.0 ] }
					}
				}
			]
		}
	]}