{
	"editor": {
		"collapsedPaths": "",
		"allAngles": false,
		"entityTextureMode": false
	},
	"textureWidth": 16,
	"textureHeight": 16,
	"textureSizes": {
	},
	"textures": {
		"other": "block/clay/ceramic",
		"floor": "block/clay/ceramic-dark"
	},
	"elements": [
		{
			"name": "Base",
			"from": [ 0.0, 0.0, -3.0 ],
			"to": [ 0.0, 0.0, -3.0 ],
			"rotationOrigin": [ 8.0, 0.0, 5.0 ],
			"faces": {
				"north": { "texture": "#other", "uv": [ 0.0, 0.0, 0.5, 0.5 ] },
				"east": { "texture": "#other", "uv": [ 0.0, 0.0, 0.5, 0.5 ] },
				"south": { "texture": "#other", "uv": [ 0.0, 0.0, 0.5, 0.5 ] },
				"west": { "texture": "#other", "uv": [ 0.0, 0.0, 0.5, 0.5 ] },
				"up": { "texture": "#other", "uv": [ 0.0, 0.0, 0.5, 0.5 ] },
				"down": { "texture": "#other", "uv": [ 0.0, 0.0, 0.5, 0.5 ] }
			},
			"children": [
				{
					"name": "Cube16",
					"from": [ 3.75, 1.0, 6.75 ],
					"to": [ 6.25, 2.4, 9.35 ],
					"rotationOrigin": [ 3.2, 0.0, 6.2 ],
					"faces": {
						"north": { "texture": "#other", "uv": [ 6.0, 3.0, 8.5, 4.0 ] },
						"east": { "texture": "#other", "uv": [ 7.0, 3.0, 9.5, 4.0 ] },
						"south": { "texture": "#other", "uv": [ 8.0, 3.0, 10.5, 4.0 ] },
						"west": { "texture": "#other", "uv": [ 9.0, 3.0, 11.5, 4.0 ] },
						"up": { "texture": "#other", "uv": [ 5.0, 5.0, 7.5, 7.5 ] },
						"down": { "texture": "#other", "uv": [ 7.0, 2.0, 9.5, 4.5 ] }
					}
				},
				{
					"name": "Cube17",
					"from": [ 9.75, 1.0, 6.75 ],
					"to": [ 12.25, 2.4, 9.25 ],
					"rotationOrigin": [ 3.0, 0.0, 0.0 ],
					"faces": {
						"north": { "texture": "#other", "uv": [ 6.0, 3.0, 8.5, 4.0 ] },
						"east": { "texture": "#other", "uv": [ 7.0, 3.0, 9.5, 4.0 ] },
						"south": { "texture": "#other", "uv": [ 8.0, 3.0, 10.5, 4.0 ] },
						"west": { "texture": "#other", "uv": [ 9.0, 3.0, 11.5, 4.0 ] },
						"up": { "texture": "#other", "uv": [ 8.5, 4.5, 11.0, 7.0 ] },
						"down": { "texture": "#other", "uv": [ 7.0, 2.0, 9.5, 4.5 ] }
					}
				},
				{
					"name": "Cube14",
					"from": [ 7.0, 1.0, 6.0 ],
					"to": [ 9.0, 3.0, 10.0 ],
					"rotationOrigin": [ 3.0, 0.0, 6.0 ],
					"faces": {
						"north": { "texture": "#other", "uv": [ 6.0, 3.0, 8.0, 5.0 ] },
						"east": { "texture": "#other", "uv": [ 7.0, 3.0, 11.0, 5.0 ] },
						"south": { "texture": "#other", "uv": [ 8.0, 3.0, 10.0, 5.0 ] },
						"west": { "texture": "#other", "uv": [ 9.0, 3.0, 13.0, 5.0 ] },
						"up": { "texture": "#other", "uv": [ 5.0, 5.0, 7.0, 9.0 ] },
						"down": { "texture": "#other", "uv": [ 7.0, 2.0, 9.0, 6.0 ] }
					}
				},
				{
					"name": "Cube5",
					"from": [ 13.0, 0.0, 4.0 ],
					"to": [ 15.0, 3.0, 18.0 ],
					"rotationOrigin": [ 0.0, 0.0, 1.0 ],
					"faces": {
						"north": { "texture": "#other", "uv": [ 0.0, 13.0, 2.0, 16.0 ] },
						"east": { "texture": "#other", "uv": [ 1.5, 12.0, 15.5, 15.0 ] },
						"south": { "texture": "#other", "uv": [ 3.0, 13.0, 5.0, 16.0 ] },
						"west": { "texture": "#other", "uv": [ 1.5, 11.0, 15.5, 14.0 ] },
						"up": { "texture": "#other", "uv": [ 0.0, 0.0, 2.0, 14.0 ] },
						"down": { "texture": "#other", "uv": [ 3.0, 0.0, 5.0, 14.0 ] }
					}
				},
				{
					"name": "Cube4",
					"from": [ 1.0, 0.0, 4.0 ],
					"to": [ 3.0, 3.0, 18.0 ],
					"rotationOrigin": [ 3.0, 0.0, 6.0 ],
					"faces": {
						"north": { "texture": "#other", "uv": [ 0.0, 13.0, 2.0, 16.0 ] },
						"east": { "texture": "#other", "uv": [ 1.0, 8.5, 15.0, 11.5 ] },
						"south": { "texture": "#other", "uv": [ 10.0, 10.0, 12.0, 13.0 ] },
						"west": { "texture": "#other", "uv": [ 1.5, 11.0, 15.5, 14.0 ] },
						"up": { "texture": "#other", "uv": [ 2.5, 1.5, 4.5, 15.5 ] },
						"down": { "texture": "#other", "uv": [ 3.0, 2.5, 5.0, 16.5 ] }
					}
				},
				{
					"name": "Cube3",
					"from": [ 3.0, 0.0, 10.0 ],
					"to": [ 13.0, 3.0, 12.0 ],
					"rotationOrigin": [ 0.0, 0.0, -2.0 ],
					"faces": {
						"north": { "texture": "#other", "uv": [ 3.5, 9.0, 13.5, 12.0 ] },
						"east": { "texture": "#other", "uv": [ 12.0, 2.0, 14.0, 5.0 ] },
						"south": { "texture": "#other", "uv": [ 4.0, 9.5, 14.0, 12.5 ] },
						"up": { "texture": "#other", "uv": [ 2.0, 7.0, 12.0, 9.0 ] },
						"down": { "texture": "#other", "uv": [ 4.0, 7.5, 14.0, 9.5 ] }
					}
				},
				{
					"name": "Cube2",
					"from": [ 3.0, 0.0, 4.0 ],
					"to": [ 13.0, 3.0, 6.0 ],
					"rotationOrigin": [ 0.0, 0.0, 1.0 ],
					"faces": {
						"north": { "texture": "#other", "uv": [ 0.0, 2.0, 10.0, 5.0 ] },
						"south": { "texture": "#other", "uv": [ 4.5, 2.5, 14.5, 5.5 ] },
						"up": { "texture": "#other", "uv": [ 0.0, 0.0, 10.0, 2.0 ] },
						"down": { "texture": "#other", "uv": [ 4.5, 3.5, 14.5, 5.5 ] }
					}
				},
				{
					"name": "Bottom",
					"from": [ 3.0, 0.0, 6.0 ],
					"to": [ 13.0, 1.0, 16.0 ],
					"rotationOrigin": [ 0.0, 0.0, 1.0 ],
					"faces": {
						"up": { "texture": "#floor", "uv": [ 1.5, 1.5, 11.5, 11.5 ] },
						"down": { "texture": "#other", "uv": [ 3.5, 4.0, 13.5, 14.0 ] }
					}
				},
				{
					"name": "Cube18",
					"from": [ 3.75, 1.0, 12.75 ],
					"to": [ 6.25, 2.4, 15.35 ],
					"rotationOrigin": [ 3.2, 0.0, 12.2 ],
					"faces": {
						"north": { "texture": "#other", "uv": [ 6.0, 3.0, 8.5, 4.0 ] },
						"east": { "texture": "#other", "uv": [ 7.0, 3.0, 9.5, 4.0 ] },
						"south": { "texture": "#other", "uv": [ 8.0, 3.0, 10.5, 4.0 ] },
						"west": { "texture": "#other", "uv": [ 9.0, 3.0, 11.5, 4.0 ] },
						"up": { "texture": "#other", "uv": [ 8.0, 3.5, 10.5, 6.0 ] },
						"down": { "texture": "#other", "uv": [ 7.0, 2.0, 9.5, 4.5 ] }
					}
				},
				{
					"name": "Cube19",
					"from": [ 9.75, 1.0, 12.75 ],
					"to": [ 12.25, 2.4, 15.25 ],
					"rotationOrigin": [ 3.0, 0.0, 6.0 ],
					"faces": {
						"north": { "texture": "#other", "uv": [ 6.0, 3.0, 8.5, 4.0 ] },
						"east": { "texture": "#other", "uv": [ 7.0, 3.0, 9.5, 4.0 ] },
						"south": { "texture": "#other", "uv": [ 8.0, 3.0, 10.5, 4.0 ] },
						"west": { "texture": "#other", "uv": [ 9.0, 3.0, 11.5, 4.0 ] },
						"up": { "texture": "#other", "uv": [ 5.0, 8.0, 7.5, 10.5 ] },
						"down": { "texture": "#other", "uv": [ 7.0, 2.0, 9.5, 4.5 ] }
					}
				},
				{
					"name": "Cube15",
					"from": [ 7.0, 1.0, 12.0 ],
					"to": [ 9.0, 3.0, 16.0 ],
					"rotationOrigin": [ 3.0, 0.0, 12.0 ],
					"faces": {
						"north": { "texture": "#other", "uv": [ 6.0, 3.0, 8.0, 5.0 ] },
						"east": { "texture": "#other", "uv": [ 7.0, 3.0, 11.0, 5.0 ] },
						"south": { "texture": "#other", "uv": [ 8.0, 3.0, 10.0, 5.0 ] },
						"west": { "texture": "#other", "uv": [ 9.0, 3.0, 13.0, 5.0 ] },
						"up": { "texture": "#other", "uv": [ 6.0, 5.0, 8.0, 9.0 ] },
						"down": { "texture": "#other", "uv": [ 7.0, 2.0, 9.0, 6.0 ] }
					}
				},
				{
					"name": "Cube8",
					"from": [ 3.0, 0.0, 16.0 ],
					"to": [ 13.0, 3.0, 18.0 ],
					"rotationOrigin": [ 0.0, 0.0, 4.0 ],
					"faces": {
						"north": { "texture": "#other", "uv": [ 3.5, 9.0, 13.5, 12.0 ] },
						"east": { "texture": "#other", "uv": [ 12.0, 2.0, 14.0, 5.0 ] },
						"south": { "texture": "#other", "uv": [ 4.0, 9.5, 14.0, 12.5 ] },
						"up": { "texture": "#other", "uv": [ 2.0, 7.0, 12.0, 9.0 ] },
						"down": { "texture": "#other", "uv": [ 4.0, 7.5, 14.0, 9.5 ] }
					}
				}
			]
		}
	]}