[
  {
    "ingredientPattern": "PSP,SNS,PSP",
    "ingredients": {
      "S": { "type": "item", "code": "game:stick", "quantity": 8 },
      "N": { "type": "item", "code": "game:metalnailsandstrips-*" },
      "P": { "type": "item", "code": "game:plank-*", "quantity": 8 }
    },
    "width": 3,
    "height": 3,
    "recipeGroup": 1,
    "output": { "type": "block", "code": "barrelrackbig-normal-north" }
  },
  {
    "ingredientPattern": "__,_B",
    "ingredients": {
      "B": { "type": "block", "code": "foodshelves:barrelrackbig-normal-north" }
    },
    "width": 2,
    "height": 2,
    "recipeGroup": 2,
    "output": { "type": "block", "code": "barrelrackbig-top-north", "quantity": 2 }
  },
  {
    "ingredientPattern": "__,_B",
    "ingredients": {
      "B": { "type": "block", "code": "foodshelves:barrelrackbig-top-north", "quantity": 2 }
    },
    "width": 2,
    "height": 2,
    "recipeGroup": 3,
    "output": { "type": "block", "code": "barrelrackbig-normal-north" }
  }
]
