[
  {
    "file": "foodshelves:recipes/grid/glassware/glassfoodcase.json",
    "op": "addmerge",
    "path": "/0",
    "value": {
      "ingredientPattern": "_PP,SGP,PPP",
      "ingredients": {
        "P": { "type": "item", "code": "game:plank-*", "name": "wood" },
        "S": { "type": "item", "code": "game:stick" },
        "G": { "type": "block", "code": "game:glassslab-*-down-free" }
      },
      "width": 3,
      "height": 3,
      "recipeGroup": 1,
      "output": { "type": "block", "code": "glassfoodcase-{wood}-east" }
    },
		"condition": { "when": "FoodShelves.EnableVariants", "isValue": "true" }
  }
]