[
	{
		"ingredientPattern": "CI,BP",
		"ingredients": {
			"B": {
				"type": "item",
				"code": "game:book-normal-*"
			},
			"C": {
				"type": "item",
				"code": "physicalmap_tk:temporal-compass"
			},
			"P": {
				"type": "item",
				"code": "game:paper-parchment",
				"quantity": 32
			},
			"I": {
				"type": "item",
				"code": "game:inkandquill"
			}
		},
		"width": 2,
		"height": 2,
		"output": { "type": "item", "code": "physicalmap_tk:mapbook", "quantity": 1 }
	}
]