[
	{
        "file": "jonasboat:recipes/grid/makestuff",
        "op": "add",
        "path": "/0/requiresTrait", 
        "value": "ShipbuilderMechanic"
    },
	{
        "file": "jonasboat:recipes/grid/makestuff",
        "op": "add",
        "path": "/1/requiresTrait", 
        "value": "ShipbuilderMechanic"
    },
	{
        "file": "jonasboat:recipes/grid/makestuff",
        "op": "add",
        "path": "/2/requiresTrait", 
        "value": "ShipbuilderMechanic"
    },
	{
        "file": "jonasboat:recipes/grid/makestuff",
        "op": "add",
        "path": "/3/requiresTrait", 
        "value": "ShipbuilderMechanic"
    },
	{
        "file": "jonasboat:recipes/grid/makestuff",
        "op": "add",
        "path": "/4/requiresTrait", 
        "value": "ShipbuilderMechanic"
    },
	{
        "file": "jonasboat:recipes/grid/makestuff",
        "op": "add",
        "path": "/5/requiresTrait", 
        "value": "ShipbuilderMechanic"
    }
]