[
	{
        "file": "translocatorengineeringredux:recipes/grid/linker",
        "op": "add",
        "path": "/requiresTrait", 
        "value": "SuperPositionTheory"
    },
	{
        "file": "translocatorengineeringredux:recipes/grid/rectifiedcoalescencecrystal",
        "op": "add",
        "path": "/requiresTrait", 
        "value": "SuperPositionTheory"
    },
	{
        "file": "translocatorengineeringredux:recipes/grid/translocator",
        "op": "add",
        "path": "/requiresTrait", 
        "value": "SuperPositionTheory"
    }
]