[
    {
        "file": "maltiezcrossbows:recipes/grid/crossbow",
        "op": "add",
        "path": "/0/requiresTrait", 
        "value": "crossbowman"
    },

{
        "file": "maltiezcrossbows:recipes/grid/crossbow",
        "op": "add",
        "path": "/1/requiresTrait", 
        "value": "crossbowman"
    },
{
        "file": "maltiezcrossbows:recipes/grid/crossbow",
        "op": "add",
        "path": "/2/requiresTrait", 
        "value": "crossbowman"
    },
{
        "file": "maltiezcrossbows:recipes/grid/crossbow",
        "op": "add",
        "path": "/3/requiresTrait", 
        "value": "crossbowman"
    },
{
        "file": "maltiezcrossbows:recipes/grid/crossbow",
        "op": "add",
        "path": "/4/requiresTrait", 
        "value": "crossbowman"
    },
{
        "file": "maltiezcrossbows:recipes/grid/crossbow",
        "op": "add",
        "path": "/5/requiresTrait", 
        "value": "crossbowman"
    },
{
        "file": "maltiezcrossbows:recipes/grid/crossbow",
        "op": "add",
        "path": "/6/requiresTrait", 
        "value": "crossbowman"
    },
{
        "file": "maltiezcrossbows:recipes/grid/crossbow",
        "op": "add",
        "path": "/7/requiresTrait", 
        "value": "crossbowman"
    },
{
        "file": "maltiezcrossbows:recipes/grid/crossbow",
        "op": "add",
        "path": "/8/requiresTrait", 
        "value": "crossbowman"
    }
]















