[
    {
        "file": "rustyshell:recipes/grid/barrels",
        "op": "add",
        "path": "/0/requiresTrait", 
        "value": "fieldgunner"
    },
        {
        "file": "rustyshell:recipes/grid/barrels",
        "op": "add",
        "path": "/1/requiresTrait", 
        "value": "fieldgunner"
    },
        {
        "file": "rustyshell:recipes/grid/barrels",
        "op": "add",
        "path": "/2/requiresTrait", 
        "value": "fieldgunner"
    },
        {
        "file": "rustyshell:recipes/grid/barrels",
        "op": "add",
        "path": "/3/requiresTrait", 
        "value": "fieldgunner"
    },
        {
        "file": "rustyshell:recipes/grid/barrels",
        "op": "add",
        "path": "/4/requiresTrait", 
        "value": "fieldgunner"
    }
    

]















