[
    {
        "file": "rustyshell:recipes/grid/grenade",
        "op": "add",
        "path": "/0/requiresTrait", 
        "value": "grenademan"
    },
      {
        "file": "rustyshell:recipes/grid/grenade",
        "op": "add",
        "path": "/1/requiresTrait", 
        "value": "grenademan"
    },
{
        "file": "rustyshell:recipes/grid/grenade",
        "op": "add",
        "path": "/2/requiresTrait", 
        "value": "grenademan"
    },
{
        "file": "rustyshell:recipes/grid/grenade",
        "op": "add",
        "path": "/3/requiresTrait", 
        "value": "grenademan"
    },
{
        "file": "rustyshell:recipes/grid/grenade",
        "op": "add",
        "path": "/4/requiresTrait", 
        "value": "grenademan"
    }
    

]















