[
    {
        "file": "maltiezfirearms:recipes/grid/firearms/locks",
        "op": "add",
        "path": "/0/requiresTrait", 
        "value": "gunner"
    },
    {
        "file": "maltiezfirearms:recipes/grid/firearms/locks",
        "op": "add",
        "path": "/1/requiresTrait", 
        "value": "gunner"
    },
 {
        "file": "maltiezfirearms:recipes/grid/firearms/locks",
        "op": "add",
        "path": "/2/requiresTrait", 
        "value": "gunner"
    },
 {
        "file": "maltiezfirearms:recipes/grid/firearms/locks",
        "op": "add",
        "path": "/3/requiresTrait", 
        "value": "gunner"
    },
 {
        "file": "maltiezfirearms:recipes/grid/firearms/locks",
        "op": "add",
        "path": "/4/requiresTrait", 
        "value": "gunner"
    },
 {
        "file": "maltiezfirearms:recipes/grid/firearms/locks",
        "op": "add",
        "path": "/5/requiresTrait", 
        "value": "gunner"
    },
 {
        "file": "maltiezfirearms:recipes/grid/firearms/locks",
        "op": "add",
        "path": "/6/requiresTrait", 
        "value": "gunner"
    }


]















