[
	{
		"code": "surfacecopper",
		"triesPerChunk": 0.1,
		"withOreMap": true,
		"handbookPage": "item-nugget-chalcocite",
		"generator": "disc-followsurface",
		"attributes": {
			"inblock": { "code": "rock-*", "name": "rock", "allowedVariants": ["limestone", "shale", "claystone", "sandstone", "chalk", "chert", "conglomerate","mudstone","siltstone","dolostone"] },
			"placeblock": {
				"code": "ore-*-chalcocite-{rock}",
				"name": "grade",
				"allowedVariantsByInBlock": {
					"rock-limestone": ["poor", "medium", "rich", "bountiful"],
					"rock-shale": ["poor", "medium", "rich"],
					"rock-claystone": ["poor", "medium", "rich"],
					"rock-sandstone": ["poor", "medium", "rich"],
					"rock-chalk": ["poor", "medium", "rich"],
					"rock-chert": ["poor", "medium", "rich"],
					"rock-conglomerate": ["poor", "medium", "rich"],
					"rock-dolostone": ["poor", "medium", "rich", "bountiful"],
					"rock-mudstone":["poor","medium","rich"],
					"rock-siltstone":["poor","medium","rich"]
				}
			},
			"surfaceBlock": { "code": "looseores-chalcocite-{rock}-free" },
			"surfaceBlockChance": 0.99,
			"radius": { "dist": "uniform", "avg": 4.25, "var": 1 },
			"yPosRel": {"dist": "uniform", "avg": 0.965, "var": 0.03 },
			"thickness": { "dist": "stronginvexp", "avg": 1, "var": 1 },
		}
	},
	{
		"code": "chalcocite",
		"triesPerChunk": 8,
		"withOreMap": true,
		"handbookPage": "item-nugget-chalcocite",
		"generator": "disc-followsurface",
		"attributes": {
			"inblock": { "code": "rock-*", "name": "rock", "allowedVariants": ["limestone", "shale", "claystone", "sandstone", "chalk", "chert", "conglomerate","mudstone","siltstone","dolostone"] },
			"placeblock": {
				"code": "ore-*-chalcocite-{rock}",
				"name": "grade",
				"allowedVariantsByInBlock": {
					"rock-limestone": ["poor", "medium", "rich", "bountiful"],
					"rock-shale": ["poor", "medium", "rich"],
					"rock-claystone": ["poor", "medium", "rich"],
					"rock-sandstone": ["poor", "medium", "rich"],
					"rock-chalk": ["poor", "medium", "rich"],
					"rock-chert": ["poor", "medium", "rich"],
					"rock-conglomerate": ["poor", "medium", "rich"],
					"rock-dolostone": ["poor", "medium", "rich", "bountiful"],
					"rock-mudstone":["poor","medium","rich"],
					"rock-siltstone":["poor","medium","rich"]
				}
			},
			"surfaceBlock": { "code": "looseores-chalcocite-{rock}-free" },
			"surfaceBlockChance": 0.1,
			"radius": { "dist": "gaussian", "avg": 7, "var": 3 },
			"yPosRel": {"dist": "uniform", "avg": 0.45, "var": 0.3 },
			"thickness": { "dist": "uniform", "avg": 1, "var": 2 }
		}
	}
]
