[
	{
		"code": "smithsonite",
		"triesPerChunk": 4,
		"withOreMap": true,
		"handbookPage": "item-nugget-smithsonite",
		"generator": "disc-followsurface",
		"attributes": {
			"inblock": { "code": "rock-*", "name": "rock", "allowedVariants": ["limestone", "shale", "claystone", "sandstone", "chalk", "chert", "conglomerate","dolostone","mudstone","siltstone"] },
			"placeblock": {
				"code": "ore-*-smithsonite-{rock}",
				"name": "grade",
				"allowedVariantsByInBlock": {
					"rock-limestone": ["poor", "medium", "rich", "bountiful"],
					"rock-shale": ["poor", "medium", "rich"],
					"rock-claystone": ["poor", "medium", "rich"],
					"rock-sandstone": ["poor", "medium", "rich"],
					"rock-chalk": ["poor", "medium", "rich"],
					"rock-chert": ["poor", "medium", "rich"],
					"rock-conglomerate": ["poor", "medium", "rich"],
					"rock-dolostone": ["poor", "medium", "rich", "bountiful"],
					"rock-mudstone": ["poor", "medium", "rich"],
					"rock-siltstone": ["poor", "medium", "rich"]
				}
			},
			"surfaceBlock": { "code": "looseores-smithsonite-{rock}-free" },
			"surfaceBlockChance": 0.1,
			"radius": { "dist": "gaussian", "avg": 7, "var": 3 },
			"yPosRel": {"dist": "uniform", "avg": 0.45, "var": 0.4 },
			"thickness": { "dist": "uniform", "avg": 1, "var": 2 }
		}
	}
]
