{
	"editor": {
		"backDropShape": "entity/land/hooved/deer/elk/female",
		"collapsedPaths": "Root/ORIGINsaddlebags/StrawBedBody",
		"allAngles": true,
		"entityTextureMode": false
	},
	"textureWidth": 16,
	"textureHeight": 16,
	"textureSizes": {
		"copper4": [ 16, 16 ],
		"copper": [ 16, 16 ]
	},
	"textures": {
		"copper": "game:block/metal/lantern/copper",
		"copper4": "game:block/metal/sheet-plain/copper4",
		"rope": "game:item/resource/rope"
	},
	"elements": [
		{
			"name": "CookingPotBody",
			"stepParentName": "Chest",
			"from": [ 1.5, 2.0, -9.0 ],
			"to": [ 8.5, 2.5, -2.0 ],
			"rotationOrigin": [ 1.5, 2.0, -2.0 ],
			"rotationX": 10.0,
			"rotationY": -10.0,
			"faces": {
				"north": {
					"texture": "#copper4",
					"uv": [ 1.0, 15.0, 8.0, 15.5 ]
				},
				"east": {
					"texture": "#copper4",
					"uv": [ 5.0, 15.0, 12.0, 15.5 ]
				},
				"south": {
					"texture": "#copper4",
					"uv": [ 8.0, 15.0, 15.0, 15.5 ]
				},
				"west": {
					"texture": "#copper4",
					"uv": [ 9.0, 15.0, 16.0, 15.5 ]
				},
				"up": {
					"texture": "#copper4",
					"uv": [ 4.0, 2.0, 11.0, 9.0 ]
				},
				"down": {
					"texture": "#copper4",
					"uv": [ 9.0, 3.0, 16.0, 10.0 ]
				}
			},
			"children": [
				{
					"name": "E",
					"from": [ 7.0, 0.5, 0.0 ],
					"to": [ 7.5, 5.5, 7.0 ],
					"rotationOrigin": [ 1.5, 0.0, -0.5 ],
					"faces": {
						"east": {
							"texture": "#copper4",
							"uv": [ 0.0, 11.0, 7.0, 16.0 ]
						},
						"west": {
							"texture": "#copper4",
							"uv": [ 2.0, 4.0, 9.0, 9.0 ]
						},
						"up": {
							"texture": "#copper4",
							"uv": [ 7.0, 6.0, 14.0, 6.5 ],
							"rotation": 90
						},
						"down": {
							"texture": "#copper4",
							"uv": [ 5.0, 14.0, 12.0, 14.5 ],
							"rotation": 90
						}
					}
				},
				{
					"name": "W",
					"from": [ -0.5, 0.5, 0.0 ],
					"to": [ 0.0, 5.5, 7.0 ],
					"rotationOrigin": [ 0.0, 0.0, -0.5 ],
					"faces": {
						"east": {
							"texture": "#copper4",
							"uv": [ 6.0, 3.0, 13.0, 8.0 ]
						},
						"west": {
							"texture": "#copper4",
							"uv": [ 7.0, 11.0, 14.0, 16.0 ]
						},
						"up": {
							"texture": "#copper4",
							"uv": [ 7.0, 3.0, 14.0, 3.5 ],
							"rotation": 90
						},
						"down": {
							"texture": "#copper4",
							"uv": [ 2.0, 14.0, 9.0, 14.5 ],
							"rotation": 90
						}
					}
				},
				{
					"name": "S",
					"from": [ -0.5, 0.5, 7.0 ],
					"to": [ 7.5, 5.5, 7.5 ],
					"rotationOrigin": [ 0.0, 0.0, 1.5 ],
					"faces": {
						"north": {
							"texture": "#copper4",
							"uv": [ 2.0, 5.0, 10.0, 10.0 ]
						},
						"east": {
							"texture": "#copper4",
							"uv": [ 7.0, 11.0, 7.5, 16.0 ]
						},
						"south": {
							"texture": "#copper4",
							"uv": [ 8.0, 11.0, 16.0, 16.0 ]
						},
						"west": {
							"texture": "#copper4",
							"uv": [ 5.0, 11.0, 5.5, 16.0 ]
						},
						"up": {
							"texture": "#copper4",
							"uv": [ 7.0, 5.0, 15.0, 5.5 ]
						},
						"down": {
							"texture": "#copper4",
							"uv": [ 3.0, 14.0, 11.0, 14.5 ]
						}
					}
				},
				{
					"name": "N",
					"from": [ -0.5, 0.5, -0.5 ],
					"to": [ 7.5, 5.5, 0.0 ],
					"faces": {
						"north": {
							"texture": "#copper4",
							"uv": [ 0.0, 11.0, 8.0, 16.0 ]
						},
						"east": {
							"texture": "#copper4",
							"uv": [ 7.0, 11.0, 7.5, 16.0 ]
						},
						"south": {
							"texture": "#copper4",
							"uv": [ 8.0, 2.0, 16.0, 7.0 ]
						},
						"west": {
							"texture": "#copper4",
							"uv": [ 2.0, 11.0, 2.5, 16.0 ]
						},
						"up": {
							"texture": "#copper4",
							"uv": [ 6.0, 5.0, 14.0, 5.5 ]
						},
						"down": {
							"texture": "#copper4",
							"uv": [ 5.0, 14.0, 13.0, 14.5 ]
						}
					}
				},
				{
					"name": "N neck2",
					"from": [ 0.0, 5.0, 6.5 ],
					"to": [ 7.0, 6.0, 7.0 ],
					"rotationOrigin": [ 0.0, 0.5, 6.5 ],
					"faces": {
						"north": {
							"texture": "#copper4",
							"uv": [ 0.0, 0.0, 7.0, 1.0 ]
						},
						"east": {
							"texture": "#copper4",
							"uv": [ 5.0, 0.0, 5.5, 1.0 ]
						},
						"south": {
							"texture": "#copper4",
							"uv": [ 6.0, 0.0, 13.0, 1.0 ]
						},
						"west": {
							"texture": "#copper4",
							"uv": [ 0.0, 0.0, 0.5, 1.0 ]
						},
						"up": {
							"texture": "#copper4",
							"uv": [ 3.0, 5.0, 10.0, 5.5 ]
						},
						"down": {
							"texture": "#copper4",
							"uv": [ 3.0, 3.0, 10.0, 3.5 ]
						}
					}
				},
				{
					"name": "lid",
					"from": [ 0.5, 5.5, 0.5 ],
					"to": [ 3.5, 6.0, 3.5 ],
					"rotationOrigin": [ 3.0, 5.5, 0.5 ],
					"faces": {
						"north": {
							"texture": "#copper",
							"uv": [ 0.0, 0.0, 3.0, 0.5 ]
						},
						"east": {
							"texture": "#copper",
							"uv": [ 0.0, 0.0, 3.0, 0.5 ]
						},
						"south": {
							"texture": "#copper",
							"uv": [ 0.0, 0.0, 3.0, 0.5 ]
						},
						"west": {
							"texture": "#copper",
							"uv": [ 0.0, 0.0, 3.0, 0.5 ]
						},
						"up": {
							"texture": "#copper",
							"uv": [ 0.0, 0.0, 3.0, 3.0 ]
						},
						"down": {
							"texture": "#copper",
							"uv": [ 13.0, 0.0, 16.0, 3.0 ]
						}
					},
					"children": [
						{
							"name": "lid2",
							"from": [ 3.0, 0.0, 0.0 ],
							"to": [ 6.0, 0.5, 3.0 ],
							"rotationOrigin": [ 5.5, 0.0, 0.0 ],
							"faces": {
								"north": {
									"texture": "#copper",
									"uv": [ 13.0, 0.0, 16.0, 0.5 ]
								},
								"east": {
									"texture": "#copper",
									"uv": [ 13.0, 0.0, 16.0, 0.5 ]
								},
								"south": {
									"texture": "#copper",
									"uv": [ 13.0, 0.0, 16.0, 0.5 ]
								},
								"west": {
									"texture": "#copper",
									"uv": [ 13.0, 0.0, 16.0, 0.5 ]
								},
								"up": {
									"texture": "#copper",
									"uv": [ 13.0, 0.0, 16.0, 3.0 ]
								},
								"down": {
									"texture": "#copper",
									"uv": [ 0.0, 0.0, 3.0, 3.0 ]
								}
							}
						},
						{
							"name": "lid3",
							"from": [ 3.0, 0.0, 3.0 ],
							"to": [ 6.0, 0.5, 6.0 ],
							"rotationOrigin": [ 5.5, 0.0, 3.0 ],
							"faces": {
								"north": {
									"texture": "#copper",
									"uv": [ 0.0, 15.5, 3.0, 16.0 ]
								},
								"east": {
									"texture": "#copper",
									"uv": [ 0.0, 15.5, 3.0, 16.0 ]
								},
								"south": {
									"texture": "#copper",
									"uv": [ 0.0, 15.5, 3.0, 16.0 ]
								},
								"west": {
									"texture": "#copper",
									"uv": [ 0.0, 15.5, 3.0, 16.0 ]
								},
								"up": {
									"texture": "#copper",
									"uv": [ 13.0, 13.0, 16.0, 16.0 ]
								},
								"down": {
									"texture": "#copper",
									"uv": [ 0.0, 13.0, 3.0, 16.0 ]
								}
							}
						},
						{
							"name": "lid4",
							"from": [ 0.0, 0.0, 3.0 ],
							"to": [ 3.0, 0.5, 6.0 ],
							"rotationOrigin": [ 2.5, 0.0, 3.0 ],
							"faces": {
								"north": {
									"texture": "#copper",
									"uv": [ 13.0, 15.5, 16.0, 16.0 ]
								},
								"east": {
									"texture": "#copper",
									"uv": [ 13.0, 15.5, 16.0, 16.0 ]
								},
								"south": {
									"texture": "#copper",
									"uv": [ 13.0, 15.5, 16.0, 16.0 ]
								},
								"west": {
									"texture": "#copper",
									"uv": [ 13.0, 15.5, 16.0, 16.0 ]
								},
								"up": {
									"texture": "#copper",
									"uv": [ 0.0, 13.0, 3.0, 16.0 ]
								},
								"down": {
									"texture": "#copper",
									"uv": [ 13.0, 13.0, 16.0, 16.0 ]
								}
							}
						},
						{
							"name": "Cube2",
							"from": [ 2.5, 0.5, 2.5 ],
							"to": [ 3.5, 1.0, 3.5 ],
							"rotationOrigin": [ 2.5, 0.5, 2.5 ],
							"faces": {
								"north": {
									"texture": "#copper",
									"uv": [ 0.0, 0.0, 1.0, 0.5 ]
								},
								"east": {
									"texture": "#copper",
									"uv": [ 3.0, 0.0, 4.0, 0.5 ]
								},
								"south": {
									"texture": "#copper",
									"uv": [ 1.0, 0.0, 2.0, 0.5 ]
								},
								"west": {
									"texture": "#copper",
									"uv": [ 2.0, 0.0, 3.0, 0.5 ]
								},
								"up": {
									"texture": "#copper",
									"uv": [ 0.0, 3.0, 1.0, 4.0 ]
								}
							}
						}
					]
				},
				{
					"name": "S neck2",
					"from": [ 0.0, 5.0, 0.0 ],
					"to": [ 7.0, 6.0, 0.5 ],
					"rotationOrigin": [ 0.0, 0.5, -5.0 ],
					"faces": {
						"north": {
							"texture": "#copper4",
							"uv": [ 0.0, 0.0, 7.0, 1.0 ]
						},
						"east": {
							"texture": "#copper4",
							"uv": [ 13.0, 0.0, 13.5, 1.0 ]
						},
						"south": {
							"texture": "#copper4",
							"uv": [ 6.0, 0.0, 13.0, 1.0 ]
						},
						"west": {
							"texture": "#copper4",
							"uv": [ 5.0, 0.0, 5.5, 1.0 ]
						},
						"up": {
							"texture": "#copper4",
							"uv": [ 6.0, 5.0, 13.0, 5.5 ]
						},
						"down": {
							"texture": "#copper4",
							"uv": [ 3.0, 3.0, 10.0, 3.5 ]
						}
					}
				},
				{
					"name": "E neck2",
					"from": [ 0.0, 5.0, 0.5 ],
					"to": [ 0.5, 6.0, 6.5 ],
					"rotationOrigin": [ -5.0, 0.5, -0.5 ],
					"faces": {
						"east": {
							"texture": "#copper4",
							"uv": [ 7.0, 0.0, 13.0, 1.0 ]
						},
						"west": {
							"texture": "#copper4",
							"uv": [ 8.0, 0.0, 14.0, 1.0 ]
						},
						"up": {
							"texture": "#copper4",
							"uv": [ 9.0, 3.0, 9.5, 9.0 ]
						},
						"down": {
							"texture": "#copper4",
							"uv": [ 3.0, 3.0, 3.5, 9.0 ]
						}
					}
				},
				{
					"name": "W neck2",
					"from": [ 6.5, 5.0, 0.5 ],
					"to": [ 7.0, 6.0, 6.5 ],
					"rotationOrigin": [ 6.5, 0.5, -0.5 ],
					"faces": {
						"east": {
							"texture": "#copper4",
							"uv": [ 7.0, 0.0, 13.0, 1.0 ]
						},
						"west": {
							"texture": "#copper4",
							"uv": [ 7.0, 0.0, 13.0, 1.0 ]
						},
						"up": {
							"texture": "#copper4",
							"uv": [ 3.0, 5.0, 3.5, 11.0 ]
						},
						"down": {
							"texture": "#copper4",
							"uv": [ 3.0, 3.0, 3.5, 9.0 ]
						}
					}
				},
				{
					"name": "S neck3",
					"from": [ 0.0, 6.0, 5.0 ],
					"to": [ 0.5, 7.5, 5.5 ],
					"rotationOrigin": [ 0.5, 6.0, 0.0 ],
					"rotationZ": 20.0,
					"faces": {
						"north": {
							"texture": "#copper4",
							"uv": [ 0.0, 0.0, 0.5, 1.5 ]
						},
						"east": {
							"texture": "#copper4",
							"uv": [ 13.0, 0.0, 13.5, 1.5 ]
						},
						"south": {
							"texture": "#copper4",
							"uv": [ 6.0, 0.0, 6.5, 1.5 ]
						},
						"west": {
							"texture": "#copper4",
							"uv": [ 5.0, 0.0, 5.5, 1.5 ]
						},
						"up": {
							"texture": "#copper4",
							"uv": [ 6.0, 5.0, 6.5, 5.5 ]
						},
						"down": {
							"texture": "#copper4",
							"uv": [ 3.0, 3.0, 3.5, 3.5 ]
						}
					},
					"children": [
						{
							"name": "N neck3",
							"from": [ 0.0, 0.0, -3.5 ],
							"to": [ 0.5, 1.5, -3.0 ],
							"rotationOrigin": [ 0.0, -4.5, -3.5 ],
							"faces": {
								"north": {
									"texture": "#copper4",
									"uv": [ 0.0, 0.0, 0.5, 1.5 ]
								},
								"east": {
									"texture": "#copper4",
									"uv": [ 5.0, 0.0, 5.5, 1.5 ]
								},
								"south": {
									"texture": "#copper4",
									"uv": [ 6.0, 0.0, 6.5, 1.5 ]
								},
								"west": {
									"texture": "#copper4",
									"uv": [ 0.0, 0.0, 0.5, 1.5 ]
								},
								"up": {
									"texture": "#copper4",
									"uv": [ 3.0, 5.0, 3.5, 5.5 ]
								},
								"down": {
									"texture": "#copper4",
									"uv": [ 3.0, 3.0, 3.5, 3.5 ]
								}
							}
						},
						{
							"name": "N neck4",
							"from": [ 0.0, 1.0, -3.0 ],
							"to": [ 0.5, 1.5, 0.0 ],
							"rotationOrigin": [ 0.0, -3.5, -3.0 ],
							"faces": {
								"north": {
									"texture": "#copper4",
									"uv": [ 0.0, 0.0, 0.5, 0.5 ]
								},
								"east": {
									"texture": "#copper4",
									"uv": [ 5.0, 0.0, 8.0, 0.5 ]
								},
								"south": {
									"texture": "#copper4",
									"uv": [ 6.0, 0.0, 6.5, 0.5 ]
								},
								"west": {
									"texture": "#copper4",
									"uv": [ 0.0, 0.0, 3.0, 0.5 ]
								},
								"up": {
									"texture": "#copper4",
									"uv": [ 3.0, 5.0, 3.5, 8.0 ]
								},
								"down": {
									"texture": "#copper4",
									"uv": [ 3.0, 3.0, 3.5, 6.0 ]
								}
							}
						},
						{
							"name": "RopeW5",
							"from": [ -0.1142, 0.75, -2.23 ],
							"to": [ 0.8858, 1.75, -1.23 ],
							"rotationOrigin": [ -0.1142, 0.746, -2.2304 ],
							"faces": {
								"north": {
									"texture": "#rope",
									"uv": [ 0.0, 0.0, 1.0, 1.0 ]
								},
								"east": {
									"texture": "#rope",
									"uv": [ 0.0, 0.5, 1.0, 1.5 ]
								},
								"south": {
									"texture": "#rope",
									"uv": [ 0.0, 1.0, 1.0, 2.0 ]
								},
								"west": {
									"texture": "#rope",
									"uv": [ 0.0, 1.5, 1.0, 2.5 ]
								},
								"up": {
									"texture": "#rope",
									"uv": [ 0.0, 0.0, 1.0, 1.0 ]
								},
								"down": {
									"texture": "#rope",
									"uv": [ 0.0, 0.0, 1.0, 1.0 ]
								}
							}
						}
					]
				},
				{
					"name": "S neck4",
					"from": [ 6.0, 6.0, 12.0 ],
					"to": [ 6.5, 7.5, 12.5 ],
					"rotationOrigin": [ 6.5, 6.0, 7.0 ],
					"rotationX": 180.0,
					"rotationZ": 200.0,
					"faces": {
						"north": {
							"texture": "#copper4",
							"uv": [ 0.0, 0.0, 0.5, 1.5 ]
						},
						"east": {
							"texture": "#copper4",
							"uv": [ 13.0, 0.0, 13.5, 1.5 ]
						},
						"south": {
							"texture": "#copper4",
							"uv": [ 6.0, 0.0, 6.5, 1.5 ]
						},
						"west": {
							"texture": "#copper4",
							"uv": [ 5.0, 0.0, 5.5, 1.5 ]
						},
						"up": {
							"texture": "#copper4",
							"uv": [ 6.0, 5.0, 6.5, 5.5 ]
						},
						"down": {
							"texture": "#copper4",
							"uv": [ 3.0, 3.0, 3.5, 3.5 ]
						}
					},
					"children": [
						{
							"name": "N neck5",
							"from": [ 0.0, 0.0, -3.5 ],
							"to": [ 0.5, 1.5, -3.0 ],
							"rotationOrigin": [ 0.0, -4.5, -3.5 ],
							"faces": {
								"north": {
									"texture": "#copper4",
									"uv": [ 0.0, 0.0, 0.5, 1.5 ]
								},
								"east": {
									"texture": "#copper4",
									"uv": [ 5.0, 0.0, 5.5, 1.5 ]
								},
								"south": {
									"texture": "#copper4",
									"uv": [ 6.0, 0.0, 6.5, 1.5 ]
								},
								"west": {
									"texture": "#copper4",
									"uv": [ 0.0, 0.0, 0.5, 1.5 ]
								},
								"up": {
									"texture": "#copper4",
									"uv": [ 3.0, 5.0, 3.5, 5.5 ]
								},
								"down": {
									"texture": "#copper4",
									"uv": [ 3.0, 3.0, 3.5, 3.5 ]
								}
							}
						},
						{
							"name": "N neck6",
							"from": [ 0.0, 1.0, -3.0 ],
							"to": [ 0.5, 1.5, 0.0 ],
							"rotationOrigin": [ 0.0, -3.5, -3.0 ],
							"faces": {
								"north": {
									"texture": "#copper4",
									"uv": [ 0.0, 0.0, 0.5, 0.5 ]
								},
								"east": {
									"texture": "#copper4",
									"uv": [ 5.0, 0.0, 8.0, 0.5 ]
								},
								"south": {
									"texture": "#copper4",
									"uv": [ 6.0, 0.0, 6.5, 0.5 ]
								},
								"west": {
									"texture": "#copper4",
									"uv": [ 0.0, 0.0, 3.0, 0.5 ]
								},
								"up": {
									"texture": "#copper4",
									"uv": [ 3.0, 5.0, 3.5, 8.0 ]
								},
								"down": {
									"texture": "#copper4",
									"uv": [ 3.0, 3.0, 3.5, 6.0 ]
								}
							}
						},
						{
							"name": "RopeE3",
							"from": [ -0.25, 0.76, -1.57 ],
							"to": [ 0.75, 1.76, -0.57 ],
							"rotationOrigin": [ 0.2481, 1.2581, -1.5768 ],
							"faces": {
								"north": {
									"texture": "#rope",
									"uv": [ 0.0, 0.0, 1.0, 1.0 ]
								},
								"east": {
									"texture": "#rope",
									"uv": [ 0.0, 0.5, 1.0, 1.5 ]
								},
								"south": {
									"texture": "#rope",
									"uv": [ 0.0, 1.0, 1.0, 2.0 ]
								},
								"west": {
									"texture": "#rope",
									"uv": [ 0.0, 1.5, 1.0, 2.5 ]
								},
								"up": {
									"texture": "#rope",
									"uv": [ 0.0, 0.0, 1.0, 1.0 ]
								},
								"down": {
									"texture": "#rope",
									"uv": [ 0.0, 0.0, 1.0, 1.0 ]
								}
							}
						}
					]
				},
				{
					"name": "E neck",
					"from": [ 6.0, 5.0, 1.0 ],
					"to": [ 6.5, 5.5, 6.0 ],
					"rotationOrigin": [ 1.0, 0.5, 0.0 ],
					"faces": {
						"east": {
							"texture": "#copper4",
							"uv": [ 7.0, 0.0, 12.0, 0.5 ]
						},
						"west": {
							"texture": "#copper4",
							"uv": [ 8.0, 0.0, 13.0, 0.5 ]
						},
						"up": {
							"texture": "#copper4",
							"uv": [ 9.0, 3.0, 9.5, 8.0 ]
						},
						"down": {
							"texture": "#copper4",
							"uv": [ 3.0, 3.0, 3.5, 8.0 ]
						}
					}
				},
				{
					"name": "W neck",
					"from": [ 0.5, 5.0, 1.0 ],
					"to": [ 1.0, 5.5, 6.0 ],
					"rotationOrigin": [ 0.5, 0.5, 0.0 ],
					"faces": {
						"east": {
							"texture": "#copper4",
							"uv": [ 7.0, 0.0, 12.0, 0.5 ]
						},
						"west": {
							"texture": "#copper4",
							"uv": [ 7.0, 0.0, 12.0, 0.5 ]
						},
						"up": {
							"texture": "#copper4",
							"uv": [ 3.0, 5.0, 3.5, 10.0 ]
						},
						"down": {
							"texture": "#copper4",
							"uv": [ 3.0, 3.0, 3.5, 8.0 ]
						}
					}
				},
				{
					"name": "S neck",
					"from": [ 0.5, 5.0, 6.0 ],
					"to": [ 6.5, 5.5, 6.5 ],
					"rotationOrigin": [ 0.5, 0.5, 1.0 ],
					"faces": {
						"north": {
							"texture": "#copper4",
							"uv": [ 0.0, 0.0, 6.0, 0.5 ]
						},
						"east": {
							"texture": "#copper4",
							"uv": [ 13.0, 0.0, 13.5, 0.5 ]
						},
						"south": {
							"texture": "#copper4",
							"uv": [ 6.0, 0.0, 12.0, 0.5 ]
						},
						"west": {
							"texture": "#copper4",
							"uv": [ 5.0, 0.0, 5.5, 0.5 ]
						},
						"up": {
							"texture": "#copper4",
							"uv": [ 6.0, 5.0, 12.0, 5.5 ]
						},
						"down": {
							"texture": "#copper4",
							"uv": [ 3.0, 3.0, 9.0, 3.5 ]
						}
					}
				},
				{
					"name": "N neck",
					"from": [ 0.5, 5.0, 0.5 ],
					"to": [ 6.5, 5.5, 1.0 ],
					"rotationOrigin": [ 0.5, 0.5, 0.5 ],
					"faces": {
						"north": {
							"texture": "#copper4",
							"uv": [ 0.0, 0.0, 6.0, 0.5 ]
						},
						"east": {
							"texture": "#copper4",
							"uv": [ 5.0, 0.0, 5.5, 0.5 ]
						},
						"south": {
							"texture": "#copper4",
							"uv": [ 6.0, 0.0, 12.0, 0.5 ]
						},
						"west": {
							"texture": "#copper4",
							"uv": [ 0.0, 0.0, 0.5, 0.5 ]
						},
						"up": {
							"texture": "#copper4",
							"uv": [ 3.0, 5.0, 9.0, 5.5 ]
						},
						"down": {
							"texture": "#copper4",
							"uv": [ 3.0, 3.0, 9.0, 3.5 ]
						}
					}
				},
				{
					"name": "E2",
					"from": [ 6.5, 0.5, 0.0 ],
					"to": [ 7.0, 1.0, 7.0 ],
					"rotationOrigin": [ 1.0, 0.0, -0.5 ],
					"faces": {
						"west": {
							"texture": "#copper4",
							"uv": [ 2.0, 4.0, 9.0, 4.5 ]
						},
						"up": {
							"texture": "#copper4",
							"uv": [ 7.0, 6.0, 14.0, 6.5 ],
							"rotation": 90
						}
					}
				},
				{
					"name": "W2",
					"from": [ 0.2, 0.5, 0.0 ],
					"to": [ 0.7, 1.0, 7.0 ],
					"rotationOrigin": [ 0.7, 0.0, -0.5 ],
					"faces": {
						"east": {
							"texture": "#copper4",
							"uv": [ 6.0, 3.0, 13.0, 3.5 ]
						},
						"up": {
							"texture": "#copper4",
							"uv": [ 7.0, 3.0, 14.0, 3.5 ],
							"rotation": 90
						}
					}
				},
				{
					"name": "S2",
					"from": [ 0.5, 0.5, 6.5 ],
					"to": [ 6.5, 1.0, 7.0 ],
					"rotationOrigin": [ 1.0, 0.0, 1.0 ],
					"faces": {
						"north": {
							"texture": "#copper4",
							"uv": [ 2.0, 5.0, 8.0, 5.5 ]
						},
						"up": {
							"texture": "#copper4",
							"uv": [ 7.0, 5.0, 13.0, 5.5 ]
						}
					}
				},
				{
					"name": "N2",
					"from": [ 0.5, 0.5, 0.0 ],
					"to": [ 6.5, 1.0, 0.5 ],
					"rotationOrigin": [ 1.0, 0.0, 0.5 ],
					"faces": {
						"south": {
							"texture": "#copper4",
							"uv": [ 8.0, 2.0, 14.0, 2.5 ]
						},
						"up": {
							"texture": "#copper4",
							"uv": [ 6.0, 5.0, 12.0, 5.5 ]
						}
					}
				},
				{
					"name": "RopeOrigin2",
					"from": [ -0.48, 7.0, 2.84 ],
					"to": [ -0.48, 7.0, 2.84 ],
					"rotationOrigin": [ -0.4727, 6.992, 3.3494 ],
					"rotationX": 48.59,
					"rotationY": 2.9793,
					"rotationZ": -3.6902,
					"faces": {
					},
					"children": [
						{
							"name": "RopeW3",
							"from": [ 0.0, 0.0, 0.0 ],
							"to": [ 0.5, 1.5, 0.5 ],
							"rotationOrigin": [ 0.0, 0.0, 0.0 ],
							"rotationZ": -2.0,
							"faces": {
								"north": {
									"texture": "#rope",
									"uv": [ 0.0, 0.0, 0.5, 1.5 ]
								},
								"east": {
									"texture": "#rope",
									"uv": [ 0.0, 0.5, 0.5, 2.0 ]
								},
								"south": {
									"texture": "#rope",
									"uv": [ 0.0, 1.0, 0.5, 2.5 ]
								},
								"west": {
									"texture": "#rope",
									"uv": [ 0.0, 1.5, 0.5, 3.0 ]
								},
								"up": {
									"texture": "#rope",
									"uv": [ 0.0, 0.0, 0.5, 0.5 ]
								},
								"down": {
									"texture": "#rope",
									"uv": [ 0.0, 0.0, 0.5, 0.5 ]
								}
							},
							"children": [
								{
									"name": "RopeW4",
									"from": [ 0.0, 1.5, 0.0 ],
									"to": [ 0.5, 6.3, 0.5 ],
									"rotationOrigin": [ 0.0, 1.5, 0.0 ],
									"rotationX": 4.0,
									"rotationY": -1.0,
									"rotationZ": -48.0,
									"faces": {
										"north": {
											"texture": "#rope",
											"uv": [ 0.0, 0.0, 0.5, 4.5 ]
										},
										"east": {
											"texture": "#rope",
											"uv": [ 0.0, 0.5, 0.5, 5.0 ]
										},
										"south": {
											"texture": "#rope",
											"uv": [ 0.0, 1.0, 0.5, 5.5 ]
										},
										"west": {
											"texture": "#rope",
											"uv": [ 0.0, 1.5, 0.5, 6.0 ]
										},
										"up": {
											"texture": "#rope",
											"uv": [ 0.0, 0.0, 0.5, 0.5 ]
										},
										"down": {
											"texture": "#rope",
											"uv": [ 0.0, 0.0, 0.5, 0.5 ]
										}
									}
								}
							]
						},
						{
							"name": "RopeE2",
							"from": [ 7.4, 0.4, 0.3 ],
							"to": [ 7.9, 5.5, 0.8 ],
							"rotationOrigin": [ 7.9, 0.4, 0.3 ],
							"rotationX": -1.0,
							"rotationZ": 30.0,
							"faces": {
								"north": {
									"texture": "#rope",
									"uv": [ 0.0, 0.0, 0.5, 5.0 ]
								},
								"east": {
									"texture": "#rope",
									"uv": [ 0.0, 0.5, 0.5, 5.5 ]
								},
								"south": {
									"texture": "#rope",
									"uv": [ 0.0, 1.0, 0.5, 6.0 ]
								},
								"west": {
									"texture": "#rope",
									"uv": [ 0.0, 1.5, 0.5, 6.5 ]
								},
								"up": {
									"texture": "#rope",
									"uv": [ 0.0, 0.0, 0.5, 0.5 ]
								},
								"down": {
									"texture": "#rope",
									"uv": [ 0.0, 0.0, 0.5, 0.5 ]
								}
							},
							"children": [
								{
									"name": "RopeTop",
									"from": [ -0.974, 5.0958, 0.0027 ],
									"to": [ 0.526, 5.5958, 0.5027 ],
									"rotationOrigin": [ -0.974, 5.5958, 0.0027 ],
									"rotationX": -31.8331,
									"rotationY": 11.7427,
									"rotationZ": -14.8754,
									"faces": {
										"north": {
											"texture": "#rope",
											"uv": [ 0.0, 0.0, 1.5, 0.5 ]
										},
										"east": {
											"texture": "#rope",
											"uv": [ 0.0, 0.5, 0.5, 1.0 ]
										},
										"south": {
											"texture": "#rope",
											"uv": [ 0.0, 1.0, 1.5, 1.5 ]
										},
										"west": {
											"texture": "#rope",
											"uv": [ 0.0, 1.5, 0.5, 2.0 ]
										},
										"up": {
											"texture": "#rope",
											"uv": [ 0.0, 0.0, 1.5, 0.5 ]
										},
										"down": {
											"texture": "#rope",
											"uv": [ 0.0, 0.0, 1.5, 0.5 ]
										}
									}
								}
							]
						}
					]
				}
			]
		}
	]
}