{
	"editor": {
		"allAngles": false,
		"entityTextureMode": false
	},
	"textureWidth": 16,
	"textureHeight": 16,
	"textureSizes": {
	},
	"textures": {
	},
	"elements": [
		{
			"name": "carrot",
			"from": [ 7.0, 3.0, 7.0 ],
			"to": [ 9.0, 7.0, 9.0 ],
			"rotationOrigin": [ 8.0, 1.0, 8.1 ],
			"faces": {
				"north": { "texture": "#bulb2", "uv": [ 11.0, 4.0, 13.0, 8.0 ], "rotation": 180 },
				"east": { "texture": "#bulb2", "uv": [ 1.0, 4.0, 3.0, 8.0 ], "rotation": 180 },
				"south": { "texture": "#bulb2", "uv": [ 0.0, 4.0, 2.0, 8.0 ], "rotation": 180 },
				"west": { "texture": "#bulb2", "uv": [ 6.5, 4.0, 8.5, 8.0 ], "rotation": 180 },
				"up": { "texture": "#bulb2", "uv": [ 9.5, 6.0, 11.5, 8.0 ] },
				"down": { "texture": "#bulb2", "uv": [ 4.0, 6.0, 6.0, 8.0 ], "windMode": [-1,-1,-1,-1] }
			},
			"children": [
				{
					"name": "carrot top",
					"from": [ 0.25, 4.0, 0.25 ],
					"to": [ 1.75, 4.5, 1.75 ],
					"rotationOrigin": [ 0.25, 1.5, 0.25 ],
					"faces": {
						"north": { "texture": "#bulb2", "uv": [ 13.0, 7.0, 14.5, 7.5 ] },
						"east": { "texture": "#bulb2", "uv": [ 2.0, 7.0, 3.5, 7.5 ] },
						"south": { "texture": "#bulb2", "uv": [ 8.5, 7.0, 10.0, 7.5 ] },
						"west": { "texture": "#bulb2", "uv": [ 3.0, 7.0, 4.5, 7.5 ] },
						"up": { "texture": "#bulb2", "uv": [ 7.0, 6.5, 8.5, 8.0 ] }
					}
				},
				{
					"name": "s 1",
					"from": [ -5.45, 3.0, 1.05 ],
					"to": [ 7.55, 16.0, 1.05 ],
					"shade": false,
					"rotationOrigin": [ 1.05, 0.5, 1.05 ],
					"faces": {
						"south": { "texture": "#s5", "uv": [ 1.5, 3.0, 14.5, 16.0 ] }
					}
				},
				{
					"name": "carrot middle",
					"from": [ 0.35, -1.5, 0.35 ],
					"to": [ 1.7, 0.0, 1.7 ],
					"rotationOrigin": [ 0.25, -0.5, 0.25 ],
					"faces": {
						"north": { "texture": "#bulb2", "uv": [ 12.0, 6.0, 13.5, 7.0 ], "rotation": 90 },
						"east": { "texture": "#bulb2", "uv": [ 5.0, 6.0, 6.5, 7.0 ], "rotation": 90 },
						"south": { "texture": "#bulb2", "uv": [ 4.0, 4.0, 5.5, 5.0 ], "rotation": 90 },
						"west": { "texture": "#bulb2", "uv": [ 3.0, 6.0, 4.5, 7.0 ], "rotation": 90 },
						"down": { "texture": "#bulb2", "uv": [ 9.0, 7.0, 10.0, 8.0 ], "windMode": [-1,-1,-1,-1] }
					}
				},
				{
					"name": "e 1",
					"from": [ 1.05, 3.0, -5.45 ],
					"to": [ 1.05, 16.0, 7.55 ],
					"shade": false,
					"rotationOrigin": [ 1.05, 0.5, 1.15 ],
					"faces": {
						"east": { "texture": "#e5", "uv": [ 1.5, 3.0, 14.5, 16.0 ] }
					}
				},
				{
					"name": "carrot tip",
					"from": [ 0.75, -3.0, 0.75 ],
					"to": [ 1.25, -1.5, 1.25 ],
					"rotationOrigin": [ 0.25, -0.5, 0.25 ],
					"faces": {
						"north": { "texture": "#bulb2", "uv": [ 12.0, 5.0, 12.5, 6.5 ] },
						"east": { "texture": "#bulb2", "uv": [ 5.0, 5.0, 5.5, 6.5 ] },
						"south": { "texture": "#bulb2", "uv": [ 4.0, 4.0, 4.5, 5.5 ] },
						"west": { "texture": "#bulb2", "uv": [ 3.0, 5.5, 3.5, 7.0 ] },
						"down": { "texture": "#bulb2", "uv": [ 9.0, 7.0, 9.5, 7.5 ], "windMode": [-1,-1,-1,-1] }
					}
				}
			]
		}
	]}