{
	"editor": {
		"allAngles": false,
		"entityTextureMode": false
	},
	"textureWidth": 16,
	"textureHeight": 16,
	"textureSizes": {
	},
	"textures": {
		"notvis": "canjewelry:item/notvis",
		"wire": "canjewelry:item/notvis",
		"platehole": "game:block/metal/sheet/steel1",
		"pliers": "game:block/metal/sheet/steel1",
		"sides": "game:block/wood/table/normal/sides",
		"linen": "game:item/tool/material/linen",
		"debarked": "game:block/wood/debarked/pine",
		"plank": "game:block/wood/planks/pine1",
		"wireready": "canjewelry:item/notvis",
		"top": "game:block/wood/table/normal/top"
	},
	"elements": [
		{
			"name": "Cube1",
			"from": [ 1.0, 7.0, 0.0 ], 
			"to": [ 15.0, 11.0, 16.0 ], 
			"rotationOrigin": [ 1.0, -5.0, 0.0 ],
			"faces": {
				"north": { "texture": "#plank", "uv": [ 1.0, 5.5, 15.0, 9.5 ] },
				"east": { "texture": "#plank", "uv": [ 0.0, 10.0, 16.0, 14.0 ] },
				"south": { "texture": "#plank", "uv": [ 0.0, 10.0, 14.0, 14.0 ] },
				"west": { "texture": "#plank", "uv": [ 0.0, 10.0, 16.0, 14.0 ] },
				"up": { "texture": "#plank", "uv": [ 0.0, 0.0, 16.0, 14.0 ], "rotation": 90 },
				"down": { "texture": "#plank", "uv": [ 0.0, 0.0, 16.0, 14.0 ], "rotation": 90 }
			},
			"children": [
				{
					"name": "Cube2",
					"from": [ 0.5, -7.0, 0.5 ], 
					"to": [ 4.5, 0.0, 4.5 ], 
					"rotationOrigin": [ 0.5, 5.0, 0.5 ],
					"faces": {
						"north": { "texture": "#debarked", "uv": [ 7.5, 3.0, 11.5, 10.0 ] },
						"east": { "texture": "#debarked", "uv": [ 11.5, 0.0, 15.5, 7.0 ] },
						"south": { "texture": "#debarked", "uv": [ 4.0, 2.0, 8.0, 9.0 ] },
						"west": { "texture": "#debarked", "uv": [ 0.0, 4.0, 4.0, 11.0 ] },
						"up": { "texture": "#debarked", "uv": [ 0.5, 0.0, 4.5, 4.0 ], "enabled": false },
						"down": { "texture": "#debarked", "uv": [ 0.0, 0.0, 4.0, 4.0 ] }
					}
				},
				{
					"name": "Cube3",
					"from": [ 9.6, -7.0, 0.5 ], 
					"to": [ 13.6, 0.0, 4.5 ], 
					"rotationOrigin": [ -2.4, 5.0, 0.5 ],
					"faces": {
						"north": { "texture": "#debarked", "uv": [ 4.0, 4.0, 8.0, 11.0 ] },
						"east": { "texture": "#debarked", "uv": [ 8.0, 0.0, 12.0, 7.0 ] },
						"south": { "texture": "#debarked", "uv": [ 11.0, 0.0, 15.0, 7.0 ] },
						"west": { "texture": "#debarked", "uv": [ 4.0, 4.0, 8.0, 11.0 ] },
						"up": { "texture": "#debarked", "uv": [ 0.0, 0.0, 4.0, 4.0 ], "enabled": false },
						"down": { "texture": "#debarked", "uv": [ 12.0, 0.0, 16.0, 4.0 ] }
					}
				},
				{
					"name": "Cube4",
					"from": [ 9.7, -7.0, 11.5 ], 
					"to": [ 13.7, 0.0, 15.5 ], 
					"rotationOrigin": [ -2.3, 5.0, -0.5 ],
					"faces": {
						"north": { "texture": "#debarked", "uv": [ 4.0, 2.0, 8.0, 9.0 ] },
						"east": { "texture": "#debarked", "uv": [ 1.0, 4.0, 5.0, 11.0 ] },
						"south": { "texture": "#debarked", "uv": [ 4.0, 1.0, 8.0, 8.0 ] },
						"west": { "texture": "#debarked", "uv": [ 10.0, 4.0, 14.0, 11.0 ] },
						"up": { "texture": "#debarked", "uv": [ 0.0, 0.0, 4.0, 4.0 ], "enabled": false },
						"down": { "texture": "#debarked", "uv": [ 0.0, 12.0, 4.0, 16.0 ] }
					}
				},
				{
					"name": "Cube5",
					"from": [ 0.5, -7.0, 11.5 ], 
					"to": [ 4.5, 0.0, 15.5 ], 
					"rotationOrigin": [ 0.5, 5.0, -0.5 ],
					"faces": {
						"north": { "texture": "#debarked", "uv": [ 9.0, 4.0, 13.0, 11.0 ] },
						"east": { "texture": "#debarked", "uv": [ 5.0, 0.0, 9.0, 7.0 ] },
						"south": { "texture": "#debarked", "uv": [ 1.0, 0.0, 5.0, 7.0 ] },
						"west": { "texture": "#debarked", "uv": [ 0.0, 4.0, 4.0, 11.0 ] },
						"up": { "texture": "#debarked", "uv": [ 0.0, 0.0, 4.0, 4.0 ], "enabled": false },
						"down": { "texture": "#debarked", "uv": [ 12.0, 12.0, 16.0, 16.0 ] }
					}
				},
				{
					"name": "levers",
					"from": [ 11.0, 4.0, 10.0 ], 
					"to": [ 13.0, 9.0, 15.0 ], 
					"rotationOrigin": [ 11.0, 4.0, 10.0 ],
					"faces": {
						"north": { "texture": "#plank", "uv": [ 0.0, 0.0, 2.0, 5.0 ] },
						"east": { "texture": "#plank", "uv": [ 0.0, 0.0, 5.0, 5.0 ] },
						"south": { "texture": "#plank", "uv": [ 0.0, 0.0, 2.0, 5.0 ] },
						"west": { "texture": "#plank", "uv": [ 0.0, 0.0, 5.0, 5.0 ] },
						"up": { "texture": "#plank", "uv": [ 0.0, 0.0, 2.0, 5.0 ] },
						"down": { "texture": "#plank", "uv": [ 0.0, 0.0, 2.0, 5.0 ] }
					},
					"children": [
						{
							"name": "levers2",
							"from": [ -10.0, 0.0, 0.0 ], 
							"to": [ -8.0, 5.0, 5.0 ], 
							"rotationOrigin": [ -10.0, 0.0, 0.0 ],
							"faces": {
								"north": { "texture": "#plank", "uv": [ 0.0, 0.0, 2.0, 5.0 ] },
								"east": { "texture": "#plank", "uv": [ 0.0, 0.0, 5.0, 5.0 ] },
								"south": { "texture": "#plank", "uv": [ 0.0, 0.0, 2.0, 5.0 ] },
								"west": { "texture": "#plank", "uv": [ 2.5, 1.0, 7.5, 6.0 ] },
								"up": { "texture": "#plank", "uv": [ 4.5, 1.0, 6.5, 6.0 ] },
								"down": { "texture": "#plank", "uv": [ 0.0, 0.0, 2.0, 5.0 ] }
							},
							"children": [
								{
									"name": "levers62",
									"from": [ 0.1, -0.1, -2.3 ], 
									"to": [ 1.9, 5.0, -0.1 ], 
									"rotationOrigin": [ 0.1, -0.1, -2.3 ],
									"rotationX": 30.0,
									"faces": {
										"north": { "texture": "#plank", "uv": [ 0.0, 0.0, 1.5, 5.0 ] },
										"east": { "texture": "#plank", "uv": [ 0.0, 0.0, 2.0, 5.0 ] },
										"south": { "texture": "#plank", "uv": [ 0.0, 0.0, 1.5, 5.0 ] },
										"west": { "texture": "#plank", "uv": [ 2.5, 1.0, 4.5, 6.0 ] },
										"up": { "texture": "#plank", "uv": [ 4.5, 1.0, 6.0, 3.0 ] },
										"down": { "texture": "#plank", "uv": [ 0.0, 0.0, 1.5, 2.0 ] }
									}
								},
								{
									"name": "levers63",
									"from": [ 10.1, -0.1, -2.3 ], 
									"to": [ 11.9, 5.0, -0.1 ], 
									"rotationOrigin": [ 10.1, -0.1, -2.3 ],
									"rotationX": 30.0,
									"faces": {
										"north": { "texture": "#plank", "uv": [ 0.0, 0.0, 1.5, 5.0 ] },
										"east": { "texture": "#plank", "uv": [ 0.0, 0.0, 2.0, 5.0 ] },
										"south": { "texture": "#plank", "uv": [ 0.0, 0.0, 1.5, 5.0 ] },
										"west": { "texture": "#plank", "uv": [ 2.5, 1.0, 4.5, 6.0 ] },
										"up": { "texture": "#plank", "uv": [ 4.5, 1.0, 6.0, 3.0 ] },
										"down": { "texture": "#plank", "uv": [ 0.0, 0.0, 1.5, 2.0 ] }
									}
								}
							]
						},
						{
							"name": "horizontal",
							"from": [ -12.0, 2.0, 2.0 ], 
							"to": [ 4.0, 3.0, 3.0 ], 
							"rotationOrigin": [ -4.0, 2.5, 2.5 ],
							"faces": {
								"north": { "texture": "#sides", "uv": [ 0.0, 0.0, 16.0, 2.0 ], "autoUv": false },
								"east": { "texture": "#sides", "uv": [ 0.5, 0.5, 2.5, 2.5 ], "autoUv": false },
								"south": { "texture": "#sides", "uv": [ 0.0, 1.5, 16.0, 4.5 ], "autoUv": false },
								"west": { "texture": "#sides", "uv": [ 0.0, 0.0, 1.0, 1.0 ] },
								"up": { "texture": "#sides", "uv": [ 0.0, 1.5, 16.0, 3.5 ], "autoUv": false },
								"down": { "texture": "#sides", "uv": [ 0.0, 1.5, 16.0, 3.5 ], "autoUv": false }
							},
							"children": [
								{
									"name": "longlever",
									"from": [ 15.0, -5.0, -0.1 ], 
									"to": [ 15.8, 5.0, 1.1 ], 
									"rotationOrigin": [ 15.4, 0.4, 0.5 ],
									"faces": {
										"north": { "texture": "#sides", "uv": [ 7.5, 2.5, 9.0, 13.5 ], "autoUv": false },
										"east": { "texture": "#sides", "uv": [ 9.5, 4.5, 11.5, 14.5 ], "autoUv": false },
										"south": { "texture": "#sides", "uv": [ 2.0, 1.5, 4.5, 11.5 ], "autoUv": false },
										"west": { "texture": "#sides", "uv": [ 1.5, 1.0, 4.5, 11.0 ], "autoUv": false },
										"up": { "texture": "#sides", "uv": [ 3.0, 3.0, 4.5, 5.0 ], "autoUv": false },
										"down": { "texture": "#sides", "uv": [ 0.5, 1.0, 1.0, 2.0 ] }
									}
								},
								{
									"name": "shortlever",
									"from": [ 0.3, 0.3, -2.1 ], 
									"to": [ 1.0, 0.7, 3.1 ], 
									"rotationOrigin": [ 0.6, 0.9, 0.6 ],
									"faces": {
										"north": { "texture": "#sides", "uv": [ 0.0, 0.0, 0.5, 0.5 ] },
										"east": { "texture": "#sides", "uv": [ 0.0, 0.0, 5.0, 0.5 ] },
										"south": { "texture": "#sides", "uv": [ 0.0, 0.0, 0.5, 0.5 ] },
										"west": { "texture": "#sides", "uv": [ 0.0, 0.0, 5.0, 0.5 ] },
										"up": { "texture": "#sides", "uv": [ 0.0, 0.0, 0.5, 5.0 ] },
										"down": { "texture": "#sides", "uv": [ 0.0, 0.0, 0.5, 5.0 ] }
									}
								},
								{
									"name": "longlever64",
									"from": [ 14.4, -0.3, -0.25 ], 
									"to": [ 15.9, 1.2, 1.25 ], 
									"rotationOrigin": [ 14.8, 5.1, 0.3 ],
									"faces": {
										"north": { "texture": "#sides", "uv": [ 1.5, 1.0, 3.0, 2.5 ] },
										"east": { "texture": "#sides", "uv": [ 3.5, 0.0, 5.0, 1.5 ] },
										"south": { "texture": "#sides", "uv": [ 2.0, 1.5, 4.5, 4.0 ], "autoUv": false },
										"west": { "texture": "#sides", "uv": [ 0.0, 0.0, 1.5, 1.5 ] },
										"up": { "texture": "#sides", "uv": [ 0.0, 0.0, 1.5, 1.5 ] },
										"down": { "texture": "#sides", "uv": [ 0.0, 0.0, 1.5, 1.5 ] }
									}
								}
							]
						}
					]
				},
				{
					"name": "lane",
					"from": [ 4.7, 6.2, 8.9 ], 
					"to": [ 5.5, 7.0, 12.1 ], 
					"rotationOrigin": [ 5.2, 6.7, 16.9 ],
					"rotationX": -4.0,
					"rotationY": 3.4,
					"faces": {
						"north": { "texture": "#linen", "uv": [ 0.0, 0.0, 0.5, 0.5 ] },
						"east": { "texture": "#linen", "uv": [ 0.0, 0.0, 3.0, 0.5 ] },
						"south": { "texture": "#linen", "uv": [ 0.0, 0.0, 0.5, 0.5 ] },
						"west": { "texture": "#linen", "uv": [ 0.0, 0.0, 3.0, 0.5 ] },
						"up": { "texture": "#linen", "uv": [ 0.0, 0.0, 0.5, 3.0 ] },
						"down": { "texture": "#linen", "uv": [ 0.0, 0.0, 0.5, 3.0 ] }
					},
					"children": [
						{
							"name": "lane2",
							"from": [ 0.01, -0.01, -3.0 ], 
							"to": [ 0.79, 0.77, 0.2 ], 
							"rotationOrigin": [ 0.5, 0.5, 5.0 ],
							"faces": {
								"north": { "texture": "#linen", "uv": [ 0.0, 0.0, 0.5, 0.5 ] },
								"east": { "texture": "#linen", "uv": [ 0.0, 0.0, 3.0, 0.5 ] },
								"south": { "texture": "#linen", "uv": [ 0.0, 0.0, 0.5, 0.5 ] },
								"west": { "texture": "#linen", "uv": [ 0.0, 0.0, 3.0, 0.5 ] },
								"up": { "texture": "#linen", "uv": [ 0.0, 0.0, 0.5, 3.0 ] },
								"down": { "texture": "#linen", "uv": [ 0.0, 0.0, 0.5, 3.0 ] }
							}
						},
						{
							"name": "lane3",
							"from": [ 0.02, -0.02, -6.0 ], 
							"to": [ 0.78, 0.74, -2.8 ], 
							"rotationOrigin": [ 0.5, 0.5, 2.0 ],
							"faces": {
								"north": { "texture": "#linen", "uv": [ 0.0, 0.0, 0.5, 0.5 ] },
								"east": { "texture": "#linen", "uv": [ 0.0, 0.0, 3.0, 0.5 ] },
								"south": { "texture": "#linen", "uv": [ 0.0, 0.0, 0.5, 0.5 ] },
								"west": { "texture": "#linen", "uv": [ 0.0, 0.0, 3.0, 0.5 ] },
								"up": { "texture": "#linen", "uv": [ 0.0, 0.0, 0.5, 3.0 ] },
								"down": { "texture": "#linen", "uv": [ 0.0, 0.0, 0.5, 3.0 ] }
							}
						},
						{
							"name": "lane4",
							"from": [ 0.03, -0.03, -9.0 ], 
							"to": [ 0.77, 0.71, -5.8 ], 
							"rotationOrigin": [ 0.5, 0.5, -1.0 ],
							"faces": {
								"north": { "texture": "#linen", "uv": [ 0.0, 0.0, 0.5, 0.5 ] },
								"east": { "texture": "#linen", "uv": [ 0.0, 0.0, 3.0, 0.5 ] },
								"south": { "texture": "#linen", "uv": [ 0.0, 0.0, 0.5, 0.5 ] },
								"west": { "texture": "#linen", "uv": [ 0.0, 0.0, 3.0, 0.5 ] },
								"up": { "texture": "#linen", "uv": [ 0.0, 0.0, 0.5, 3.0 ] },
								"down": { "texture": "#linen", "uv": [ 0.0, 0.0, 0.5, 3.0 ] }
							}
						},
						{
							"name": "lane5",
							"from": [ 0.04, -0.04, -11.0 ], 
							"to": [ 0.76, 0.68, -7.8 ], 
							"rotationOrigin": [ 0.5, 0.5, -3.0 ],
							"rotationX": -1.0,
							"faces": {
								"north": { "texture": "#linen", "uv": [ 0.0, 0.0, 0.5, 0.5 ] },
								"east": { "texture": "#linen", "uv": [ 0.0, 0.0, 3.0, 0.5 ] },
								"south": { "texture": "#linen", "uv": [ 0.0, 0.0, 0.5, 0.5 ] },
								"west": { "texture": "#linen", "uv": [ 0.0, 0.0, 3.0, 0.5 ] },
								"up": { "texture": "#linen", "uv": [ 0.0, 0.0, 0.5, 3.0 ] },
								"down": { "texture": "#linen", "uv": [ 0.0, 0.0, 0.5, 3.0 ] }
							}
						},
						{
							"name": "linebase",
							"from": [ -0.3, 0.0, 2.9 ], 
							"to": [ 1.3, 1.5, 4.4 ], 
							"rotationOrigin": [ -0.3, 0.0, 2.9 ],
							"faces": {
								"north": { "texture": "#linen", "uv": [ 0.0, 0.0, 1.5, 1.5 ] },
								"east": { "texture": "#linen", "uv": [ 0.0, 0.0, 1.5, 1.5 ] },
								"south": { "texture": "#linen", "uv": [ 0.0, 0.0, 1.5, 1.5 ] },
								"west": { "texture": "#linen", "uv": [ 0.0, 0.0, 1.5, 1.5 ] },
								"up": { "texture": "#linen", "uv": [ 0.0, 0.0, 1.5, 1.5 ] },
								"down": { "texture": "#linen", "uv": [ 0.0, 0.0, 1.5, 1.5 ] }
							}
						},
						{
							"name": "lanend",
							"from": [ 0.04, -0.64, -11.0 ], 
							"to": [ 0.76, 0.08, -7.8 ], 
							"rotationOrigin": [ 0.5, -0.1, -3.0 ],
							"rotationX": 8.0,
							"faces": {
								"north": { "texture": "#linen", "uv": [ 0.0, 0.0, 0.5, 0.5 ] },
								"east": { "texture": "#linen", "uv": [ 0.0, 0.0, 3.0, 0.5 ] },
								"south": { "texture": "#linen", "uv": [ 0.0, 0.0, 0.5, 0.5 ] },
								"west": { "texture": "#linen", "uv": [ 0.0, 0.0, 3.0, 0.5 ] },
								"up": { "texture": "#linen", "uv": [ 0.0, 0.0, 0.5, 3.0 ] },
								"down": { "texture": "#linen", "uv": [ 0.0, 0.0, 0.5, 3.0 ] }
							}
						}
					]
				},
				{
					"name": "lane45",
					"from": [ 9.0, 6.2, 8.9 ], 
					"to": [ 9.8, 7.0, 12.1 ], 
					"rotationOrigin": [ 9.5, 6.7, 16.9 ],
					"rotationX": -3.8,
					"rotationY": -1.5,
					"faces": {
						"north": { "texture": "#linen", "uv": [ 0.0, 0.0, 0.5, 0.5 ] },
						"east": { "texture": "#linen", "uv": [ 0.0, 0.0, 3.0, 0.5 ] },
						"south": { "texture": "#linen", "uv": [ 0.0, 0.0, 0.5, 0.5 ] },
						"west": { "texture": "#linen", "uv": [ 0.0, 0.0, 3.0, 0.5 ] },
						"up": { "texture": "#linen", "uv": [ 0.0, 0.0, 0.5, 3.0 ] },
						"down": { "texture": "#linen", "uv": [ 0.0, 0.0, 0.5, 3.0 ] }
					},
					"children": [
						{
							"name": "lane46",
							"from": [ 0.01, -0.01, -3.0 ], 
							"to": [ 0.79, 0.77, 0.2 ], 
							"rotationOrigin": [ 0.5, 0.5, 5.0 ],
							"faces": {
								"north": { "texture": "#linen", "uv": [ 0.0, 0.0, 0.5, 0.5 ] },
								"east": { "texture": "#linen", "uv": [ 0.0, 0.0, 3.0, 0.5 ] },
								"south": { "texture": "#linen", "uv": [ 0.0, 0.0, 0.5, 0.5 ] },
								"west": { "texture": "#linen", "uv": [ 0.0, 0.0, 3.0, 0.5 ] },
								"up": { "texture": "#linen", "uv": [ 0.0, 0.0, 0.5, 3.0 ] },
								"down": { "texture": "#linen", "uv": [ 0.0, 0.0, 0.5, 3.0 ] }
							}
						},
						{
							"name": "lane47",
							"from": [ 0.02, -0.02, -6.0 ], 
							"to": [ 0.78, 0.74, -2.8 ], 
							"rotationOrigin": [ 0.5, 0.5, 2.0 ],
							"faces": {
								"north": { "texture": "#linen", "uv": [ 0.0, 0.0, 0.5, 0.5 ] },
								"east": { "texture": "#linen", "uv": [ 0.0, 0.0, 3.0, 0.5 ] },
								"south": { "texture": "#linen", "uv": [ 0.0, 0.0, 0.5, 0.5 ] },
								"west": { "texture": "#linen", "uv": [ 0.0, 0.0, 3.0, 0.5 ] },
								"up": { "texture": "#linen", "uv": [ 0.0, 0.0, 0.5, 3.0 ] },
								"down": { "texture": "#linen", "uv": [ 0.0, 0.0, 0.5, 3.0 ] }
							}
						},
						{
							"name": "lane48",
							"from": [ 0.03, -0.03, -9.0 ], 
							"to": [ 0.77, 0.71, -5.8 ], 
							"rotationOrigin": [ 0.5, 0.5, -1.0 ],
							"faces": {
								"north": { "texture": "#linen", "uv": [ 0.0, 0.0, 0.5, 0.5 ] },
								"east": { "texture": "#linen", "uv": [ 0.0, 0.0, 3.0, 0.5 ] },
								"south": { "texture": "#linen", "uv": [ 0.0, 0.0, 0.5, 0.5 ] },
								"west": { "texture": "#linen", "uv": [ 0.0, 0.0, 3.0, 0.5 ] },
								"up": { "texture": "#linen", "uv": [ 0.0, 0.0, 0.5, 3.0 ] },
								"down": { "texture": "#linen", "uv": [ 0.0, 0.0, 0.5, 3.0 ] }
							}
						},
						{
							"name": "lane49",
							"from": [ 0.04, -0.04, -11.0 ], 
							"to": [ 0.76, 0.68, -7.8 ], 
							"rotationOrigin": [ 0.5, 0.5, -9.3 ],
							"rotationX": -1.0,
							"faces": {
								"north": { "texture": "#linen", "uv": [ 0.0, 0.0, 0.5, 0.5 ] },
								"east": { "texture": "#linen", "uv": [ 0.0, 0.0, 3.0, 0.5 ] },
								"south": { "texture": "#linen", "uv": [ 0.0, 0.0, 0.5, 0.5 ] },
								"west": { "texture": "#linen", "uv": [ 0.0, 0.0, 3.0, 0.5 ] },
								"up": { "texture": "#linen", "uv": [ 0.0, 0.0, 0.5, 3.0 ] },
								"down": { "texture": "#linen", "uv": [ 0.0, 0.0, 0.5, 3.0 ] }
							}
						},
						{
							"name": "linebase50",
							"from": [ -0.3, 0.0, 2.9 ], 
							"to": [ 1.3, 1.5, 4.4 ], 
							"rotationOrigin": [ -0.3, 0.0, 2.9 ],
							"faces": {
								"north": { "texture": "#linen", "uv": [ 0.0, 0.0, 1.5, 1.5 ] },
								"east": { "texture": "#linen", "uv": [ 0.0, 0.0, 1.5, 1.5 ] },
								"south": { "texture": "#linen", "uv": [ 0.0, 0.0, 1.5, 1.5 ] },
								"west": { "texture": "#linen", "uv": [ 0.0, 0.0, 1.5, 1.5 ] },
								"up": { "texture": "#linen", "uv": [ 0.0, 0.0, 1.5, 1.5 ] },
								"down": { "texture": "#linen", "uv": [ 0.0, 0.0, 1.5, 1.5 ] }
							}
						},
						{
							"name": "lanend51",
							"from": [ 0.04, 0.26, -11.0 ], 
							"to": [ 0.76, 0.98, -7.8 ], 
							"rotationOrigin": [ 0.5, 0.8, -9.3 ],
							"rotationX": 8.0,
							"faces": {
								"north": { "texture": "#linen", "uv": [ 0.0, 0.0, 0.5, 0.5 ] },
								"east": { "texture": "#linen", "uv": [ 0.0, 0.0, 3.0, 0.5 ] },
								"south": { "texture": "#linen", "uv": [ 0.0, 0.0, 0.5, 0.5 ] },
								"west": { "texture": "#linen", "uv": [ 0.0, 0.0, 3.0, 0.5 ] },
								"up": { "texture": "#linen", "uv": [ 0.0, 0.0, 0.5, 3.0 ] },
								"down": { "texture": "#linen", "uv": [ 0.0, 0.0, 0.5, 3.0 ] }
							}
						}
					]
				},
				{
					"name": "wire55",
					"from": [ 6.95, 5.0, -19.0 ], 
					"to": [ 7.55, 6.0, -14.0 ], 
					"rotationOrigin": [ 6.9, 5.0, -19.0 ],
					"faces": {
						"north": { "texture": "#wire", "uv": [ 0.0, 0.0, 0.5, 1.0 ] },
						"east": { "texture": "#wire", "uv": [ 0.0, 0.0, 5.0, 1.0 ] },
						"south": { "texture": "#wire", "uv": [ 0.0, 0.0, 0.5, 1.0 ] },
						"west": { "texture": "#wire", "uv": [ 0.0, 0.0, 5.0, 1.0 ] },
						"up": { "texture": "#wire", "uv": [ 0.0, 0.0, 0.5, 5.0 ] },
						"down": { "texture": "#wire", "uv": [ 0.0, 0.0, 0.5, 5.0 ] }
					},
					"children": [
						{
							"name": "wire4",
							"from": [ 0.06, -0.01, -5.0 ], 
							"to": [ 0.54, 0.87, -1.0 ], 
							"rotationOrigin": [ 0.05, 0.0, -5.0 ],
							"faces": {
								"north": { "texture": "#wire", "uv": [ 0.0, 0.0, 0.5, 0.5 ] },
								"east": { "texture": "#wire", "uv": [ 0.0, 0.0, 4.0, 0.5 ] },
								"south": { "texture": "#wire", "uv": [ 0.0, 0.0, 0.5, 0.5 ] },
								"west": { "texture": "#wire", "uv": [ 0.0, 0.0, 4.0, 0.5 ] },
								"up": { "texture": "#wire", "uv": [ 0.0, 0.0, 0.5, 4.0 ] },
								"down": { "texture": "#wire", "uv": [ 0.0, 0.0, 0.5, 4.0 ] }
							},
							"children": [
								{
									"name": "wire3",
									"from": [ -0.04, -0.02, 3.0 ], 
									"to": [ 0.52, 0.84, 7.0 ], 
									"rotationOrigin": [ 0.0, 0.0, 3.0 ],
									"faces": {
										"north": { "texture": "#wire", "uv": [ 0.0, 0.0, 0.5, 0.5 ] },
										"east": { "texture": "#wire", "uv": [ 0.0, 0.0, 4.0, 0.5 ] },
										"south": { "texture": "#wire", "uv": [ 0.0, 0.0, 0.5, 0.5 ] },
										"west": { "texture": "#wire", "uv": [ 0.0, 0.0, 4.0, 0.5 ] },
										"up": { "texture": "#wire", "uv": [ 0.0, 0.0, 0.5, 4.0 ] },
										"down": { "texture": "#wire", "uv": [ 0.0, 0.0, 0.5, 4.0 ] }
									},
									"children": [
										{
											"name": "wire5",
											"from": [ 0.04, 0.02, 4.0 ], 
											"to": [ 0.54, 0.92, 8.0 ], 
											"rotationOrigin": [ 0.04, 0.02, 4.0 ],
											"faces": {
												"north": { "texture": "#wire", "uv": [ 0.0, 0.0, 0.5, 0.5 ] },
												"east": { "texture": "#wire", "uv": [ 0.0, 0.0, 4.0, 0.5 ] },
												"south": { "texture": "#wire", "uv": [ 0.0, 0.0, 0.5, 0.5 ] },
												"west": { "texture": "#wire", "uv": [ 0.0, 0.0, 4.0, 0.5 ] },
												"up": { "texture": "#wire", "uv": [ 0.0, 0.0, 0.5, 4.0 ] },
												"down": { "texture": "#wire", "uv": [ 0.0, 0.0, 0.5, 4.0 ] }
											},
											"children": [
												{
													"name": "wire",
													"from": [ -0.04, -0.02, 3.0 ], 
													"to": [ 0.46, 0.88, 7.0 ], 
													"rotationOrigin": [ -0.04, -0.02, 3.0 ],
													"faces": {
														"north": { "texture": "#wire", "uv": [ 0.0, 0.0, 0.5, 0.5 ] },
														"east": { "texture": "#wire", "uv": [ 0.0, 0.0, 4.0, 1.5 ], "autoUv": false },
														"south": { "texture": "#wire", "uv": [ 0.0, 0.0, 0.5, 0.5 ] },
														"west": { "texture": "#wire", "uv": [ 0.0, 0.0, 4.0, 1.5 ], "autoUv": false },
														"up": { "texture": "#wire", "uv": [ 0.0, 0.0, 1.5, 4.0 ], "autoUv": false },
														"down": { "texture": "#wire", "uv": [ 0.0, 0.0, 1.5, 4.0 ], "autoUv": false }
													}
												}
											]
										}
									]
								}
							]
						},
						{
							"name": "wire2",
							"from": [ 0.0, 0.0, -5.0 ], 
							"to": [ 0.6, 1.0, 0.0 ], 
							"rotationOrigin": [ -0.05, 0.0, -5.0 ],
							"faces": {
								"north": { "texture": "#wire", "uv": [ 0.0, 0.0, 0.5, 1.0 ] },
								"east": { "texture": "#wire", "uv": [ 0.0, 0.0, 5.0, 1.0 ] },
								"south": { "texture": "#wire", "uv": [ 0.0, 0.0, 0.5, 1.0 ] },
								"west": { "texture": "#wire", "uv": [ 0.0, 0.0, 5.0, 1.0 ] },
								"up": { "texture": "#wire", "uv": [ 0.0, 0.0, 0.5, 5.0 ] },
								"down": { "texture": "#wire", "uv": [ 0.0, 0.0, 0.5, 5.0 ] }
							}
						}
					]
				},
				{
					"name": "wire59",
					"from": [ 12.61, 4.09, -14.1 ], 
					"to": [ 13.09, 4.97, -10.1 ], 
					"rotationOrigin": [ 12.6, 4.1, -14.1 ],
					"faces": {
						"north": { "texture": "#wireready", "uv": [ 0.0, 0.0, 0.5, 0.5 ] },
						"east": { "texture": "#wireready", "uv": [ 0.0, 0.0, 4.0, 0.5 ] },
						"south": { "texture": "#wireready", "uv": [ 0.0, 0.0, 0.5, 0.5 ] },
						"west": { "texture": "#wireready", "uv": [ 0.0, 0.0, 4.0, 0.5 ] },
						"up": { "texture": "#wireready", "uv": [ 0.0, 0.0, 0.5, 4.0 ] },
						"down": { "texture": "#wireready", "uv": [ 0.0, 0.0, 0.5, 4.0 ] }
					},
					"children": [
						{
							"name": "wire60",
							"from": [ -0.04, -0.02, 3.0 ], 
							"to": [ 0.52, 0.84, 7.0 ], 
							"rotationOrigin": [ 0.0, 0.0, 3.0 ],
							"faces": {
								"north": { "texture": "#wireready", "uv": [ 0.0, 0.0, 0.5, 0.5 ] },
								"east": { "texture": "#wireready", "uv": [ 0.0, 0.0, 4.0, 0.5 ] },
								"south": { "texture": "#wireready", "uv": [ 0.0, 0.0, 0.5, 0.5 ] },
								"west": { "texture": "#wireready", "uv": [ 0.0, 0.0, 4.0, 0.5 ] },
								"up": { "texture": "#wireready", "uv": [ 0.0, 0.0, 0.5, 4.0 ] },
								"down": { "texture": "#wireready", "uv": [ 0.0, 0.0, 0.5, 4.0 ] }
							},
							"children": [
								{
									"name": "wire61",
									"from": [ 0.04, 0.0, 4.0 ], 
									"to": [ 0.54, 0.9, 8.0 ], 
									"rotationOrigin": [ 0.04, 0.02, 4.0 ],
									"faces": {
										"north": { "texture": "#wireready", "uv": [ 0.0, 0.0, 0.5, 0.5 ] },
										"east": { "texture": "#wireready", "uv": [ 0.0, 0.0, 4.0, 0.5 ] },
										"south": { "texture": "#wireready", "uv": [ 0.0, 0.0, 0.5, 0.5 ] },
										"west": { "texture": "#wireready", "uv": [ 0.0, 0.0, 4.0, 0.5 ] },
										"up": { "texture": "#wireready", "uv": [ 0.0, 0.0, 0.5, 4.0 ] },
										"down": { "texture": "#wireready", "uv": [ 0.0, 0.0, 0.5, 4.0 ] }
									},
									"children": [
										{
											"name": "wire62",
											"from": [ -0.04, -0.02, 3.0 ], 
											"to": [ 0.46, 0.88, 11.2 ], 
											"rotationOrigin": [ -0.04, -0.02, 3.0 ],
											"faces": {
												"north": { "texture": "#wireready", "uv": [ 0.0, 0.0, 0.5, 0.5 ] },
												"east": { "texture": "#wireready", "uv": [ 0.0, 0.0, 8.0, 0.5 ] },
												"south": { "texture": "#wireready", "uv": [ 0.0, 0.0, 0.5, 0.5 ] },
												"west": { "texture": "#wireready", "uv": [ 0.0, 0.0, 8.0, 0.5 ] },
												"up": { "texture": "#wireready", "uv": [ 0.0, 0.0, 0.5, 8.0 ] },
												"down": { "texture": "#wireready", "uv": [ 0.0, 0.0, 0.5, 8.0 ] }
											}
										}
									]
								}
							]
						}
					]
				}
			]
		},
		{
			"name": "Cube17",
			"from": [ 1.0, 7.0, -16.0 ], 
			"to": [ 15.0, 11.0, 0.0 ], 
			"rotationOrigin": [ 1.0, -5.0, -16.0 ],
			"faces": {
				"north": { "texture": "#plank", "uv": [ 1.5, 4.5, 15.5, 8.5 ] },
				"east": { "texture": "#plank", "uv": [ 0.0, 4.5, 16.0, 8.5 ] },
				"south": { "texture": "#plank", "uv": [ 0.0, 11.5, 14.0, 15.5 ] },
				"west": { "texture": "#plank", "uv": [ 0.0, 10.0, 16.0, 14.0 ] },
				"up": { "texture": "#plank", "uv": [ 0.0, 0.0, 16.0, 14.0 ], "rotation": 90 },
				"down": { "texture": "#plank", "uv": [ 0.0, 0.0, 16.0, 14.0 ], "rotation": 90 }
			},
			"children": [
				{
					"name": "Cube18",
					"from": [ 0.5, -7.0, 0.5 ], 
					"to": [ 4.5, 0.0, 4.5 ], 
					"rotationOrigin": [ 0.5, 5.0, 0.5 ],
					"faces": {
						"north": { "texture": "#debarked", "uv": [ 7.5, 3.0, 11.5, 10.0 ] },
						"east": { "texture": "#debarked", "uv": [ 11.5, 0.0, 15.5, 7.0 ] },
						"south": { "texture": "#debarked", "uv": [ 4.0, 2.0, 8.0, 9.0 ] },
						"west": { "texture": "#debarked", "uv": [ 0.0, 4.0, 4.0, 11.0 ] },
						"up": { "texture": "#debarked", "uv": [ 0.5, 0.0, 4.5, 4.0 ], "enabled": false },
						"down": { "texture": "#debarked", "uv": [ 0.0, 0.0, 4.0, 4.0 ] }
					}
				},
				{
					"name": "Cube19",
					"from": [ 9.5, -7.0, 0.5 ], 
					"to": [ 13.5, 0.0, 4.5 ], 
					"rotationOrigin": [ -2.5, 5.0, 0.5 ],
					"faces": {
						"north": { "texture": "#debarked", "uv": [ 4.0, 4.0, 8.0, 11.0 ] },
						"east": { "texture": "#debarked", "uv": [ 8.0, 0.0, 12.0, 7.0 ] },
						"south": { "texture": "#debarked", "uv": [ 11.0, 0.0, 15.0, 7.0 ] },
						"west": { "texture": "#debarked", "uv": [ 4.0, 4.0, 8.0, 11.0 ] },
						"up": { "texture": "#debarked", "uv": [ 0.0, 0.0, 4.0, 4.0 ], "enabled": false },
						"down": { "texture": "#debarked", "uv": [ 12.0, 0.0, 16.0, 4.0 ] }
					}
				},
				{
					"name": "Cube20",
					"from": [ 9.7, -7.0, 11.5 ], 
					"to": [ 13.7, 0.0, 15.5 ], 
					"rotationOrigin": [ -2.3, 5.0, -0.5 ],
					"faces": {
						"north": { "texture": "#debarked", "uv": [ 4.0, 2.0, 8.0, 9.0 ] },
						"east": { "texture": "#debarked", "uv": [ 1.0, 4.0, 5.0, 11.0 ] },
						"south": { "texture": "#debarked", "uv": [ 4.0, 1.0, 8.0, 8.0 ] },
						"west": { "texture": "#debarked", "uv": [ 10.0, 4.0, 14.0, 11.0 ] },
						"up": { "texture": "#debarked", "uv": [ 0.0, 0.0, 4.0, 4.0 ], "enabled": false },
						"down": { "texture": "#debarked", "uv": [ 0.0, 12.0, 4.0, 16.0 ] }
					}
				},
				{
					"name": "Cube21",
					"from": [ 0.5, -7.0, 11.5 ], 
					"to": [ 4.5, 0.0, 15.5 ], 
					"rotationOrigin": [ 0.5, 5.0, -0.5 ],
					"faces": {
						"north": { "texture": "#debarked", "uv": [ 9.0, 4.0, 13.0, 11.0 ] },
						"east": { "texture": "#debarked", "uv": [ 5.0, 0.0, 9.0, 7.0 ] },
						"south": { "texture": "#debarked", "uv": [ 1.0, 0.0, 5.0, 7.0 ] },
						"west": { "texture": "#debarked", "uv": [ 0.0, 4.0, 4.0, 11.0 ] },
						"up": { "texture": "#debarked", "uv": [ 0.0, 0.0, 4.0, 4.0 ], "enabled": false },
						"down": { "texture": "#debarked", "uv": [ 12.0, 12.0, 16.0, 16.0 ] }
					}
				},
				{
					"name": "metal_handler22",
					"from": [ 3.0, 4.0, 1.0 ], 
					"to": [ 5.0, 8.0, 2.0 ], 
					"rotationOrigin": [ 3.0, 4.0, 1.0 ],
					"faces": {
						"north": { "texture": "#debarked", "uv": [ 0.0, 0.0, 2.0, 4.0 ] },
						"east": { "texture": "#debarked", "uv": [ 0.0, 0.0, 1.0, 4.0 ] },
						"south": { "texture": "#debarked", "uv": [ 0.0, 0.0, 2.0, 4.0 ] },
						"west": { "texture": "#debarked", "uv": [ 0.0, 0.0, 1.0, 4.0 ] },
						"up": { "texture": "#debarked", "uv": [ 0.0, 0.0, 2.0, 1.0 ] },
						"down": { "texture": "#debarked", "uv": [ 0.0, 0.0, 2.0, 1.0 ] }
					},
					"children": [
						{
							"name": "metal_handler23",
							"from": [ 6.0, 0.0, 0.0 ], 
							"to": [ 8.0, 4.0, 1.0 ], 
							"rotationOrigin": [ 6.0, 0.0, 0.0 ],
							"faces": {
								"north": { "texture": "#debarked", "uv": [ 0.0, 0.0, 2.0, 4.0 ] },
								"east": { "texture": "#debarked", "uv": [ 0.0, 0.0, 1.0, 4.0 ] },
								"south": { "texture": "#debarked", "uv": [ 0.0, 0.0, 2.0, 4.0 ] },
								"west": { "texture": "#debarked", "uv": [ 0.0, 0.0, 1.0, 4.0 ] },
								"up": { "texture": "#debarked", "uv": [ 0.0, 0.0, 2.0, 1.0 ] },
								"down": { "texture": "#debarked", "uv": [ 0.0, 0.0, 2.0, 1.0 ] }
							}
						},
						{
							"name": "metal_handler24",
							"from": [ 6.0, 0.0, 2.0 ], 
							"to": [ 8.0, 4.0, 3.0 ], 
							"rotationOrigin": [ 6.0, 0.0, 2.0 ],
							"faces": {
								"north": { "texture": "#debarked", "uv": [ 0.0, 0.0, 2.0, 4.0 ] },
								"east": { "texture": "#debarked", "uv": [ 0.0, 0.0, 1.0, 4.0 ] },
								"south": { "texture": "#debarked", "uv": [ 0.0, 0.0, 2.0, 4.0 ] },
								"west": { "texture": "#debarked", "uv": [ 0.0, 0.0, 1.0, 4.0 ] },
								"up": { "texture": "#debarked", "uv": [ 0.0, 0.0, 2.0, 1.0 ] },
								"down": { "texture": "#debarked", "uv": [ 0.0, 0.0, 2.0, 1.0 ] }
							}
						},
						{
							"name": "metal_handler25",
							"from": [ 0.0, 0.0, 2.0 ], 
							"to": [ 2.0, 4.0, 3.0 ], 
							"rotationOrigin": [ 0.0, 0.0, 2.0 ],
							"faces": {
								"north": { "texture": "#debarked", "uv": [ 0.0, 0.0, 2.0, 4.0 ] },
								"east": { "texture": "#debarked", "uv": [ 0.0, 0.0, 1.0, 4.0 ] },
								"south": { "texture": "#debarked", "uv": [ 0.0, 0.0, 2.0, 4.0 ] },
								"west": { "texture": "#debarked", "uv": [ 0.0, 0.0, 1.0, 4.0 ] },
								"up": { "texture": "#debarked", "uv": [ 0.0, 0.0, 2.0, 1.0 ] },
								"down": { "texture": "#debarked", "uv": [ 0.0, 0.0, 2.0, 1.0 ] }
							}
						},
						{
							"name": "metal_desk26",
							"from": [ -1.0, 0.0, 1.0 ], 
							"to": [ 4.0, 4.0, 2.0 ], 
							"rotationOrigin": [ -1.0, 0.0, 1.0 ],
							"faces": {
								"north": { "texture": "#platehole", "uv": [ 0.0, 0.0, 5.0, 4.0 ] },
								"east": { "texture": "#platehole", "uv": [ 0.0, 0.0, 1.0, 4.0 ] },
								"south": { "texture": "#platehole", "uv": [ 0.0, 0.0, 5.0, 4.0 ] },
								"west": { "texture": "#platehole", "uv": [ 0.0, 0.0, 1.0, 4.0 ] },
								"up": { "texture": "#platehole", "uv": [ 0.0, 0.0, 5.0, 1.0 ] },
								"down": { "texture": "#platehole", "uv": [ 0.0, 0.0, 5.0, 1.0 ] }
							}
						},
						{
							"name": "metal_desk27",
							"from": [ 4.5, 0.0, 1.0 ], 
							"to": [ 9.5, 4.0, 2.0 ], 
							"rotationOrigin": [ 4.5, 0.0, 1.0 ],
							"faces": {
								"north": { "texture": "#platehole", "uv": [ 0.0, 0.0, 5.0, 4.0 ] },
								"east": { "texture": "#platehole", "uv": [ 0.0, 0.0, 1.0, 4.0 ] },
								"south": { "texture": "#platehole", "uv": [ 0.0, 0.0, 5.0, 4.0 ] },
								"west": { "texture": "#platehole", "uv": [ 0.0, 0.0, 1.0, 4.0 ] },
								"up": { "texture": "#platehole", "uv": [ 0.0, 0.0, 5.0, 1.0 ] },
								"down": { "texture": "#platehole", "uv": [ 0.0, 0.0, 5.0, 1.0 ] }
							}
						},
						{
							"name": "metal_desk28",
							"from": [ 3.0, 0.0, 1.1 ], 
							"to": [ 5.0, 1.0, 1.9 ], 
							"rotationOrigin": [ 3.0, 0.0, 1.1 ],
							"faces": {
								"north": { "texture": "#platehole", "uv": [ 0.0, 0.0, 2.0, 1.0 ] },
								"east": { "texture": "#platehole", "uv": [ 0.0, 0.0, 0.5, 1.0 ] },
								"south": { "texture": "#platehole", "uv": [ 0.0, 0.0, 2.0, 1.0 ] },
								"west": { "texture": "#platehole", "uv": [ 0.0, 0.0, 0.5, 1.0 ] },
								"up": { "texture": "#platehole", "uv": [ 0.0, 0.0, 2.0, 0.5 ] },
								"down": { "texture": "#platehole", "uv": [ 0.0, 0.0, 2.0, 0.5 ] }
							}
						},
						{
							"name": "metal_desk29",
							"from": [ 3.0, 3.0, 1.1 ], 
							"to": [ 5.0, 3.95, 1.9 ], 
							"rotationOrigin": [ 3.0, 3.0, 1.1 ],
							"faces": {
								"north": { "texture": "#platehole", "uv": [ 0.0, 0.0, 2.0, 0.5 ] },
								"east": { "texture": "#platehole", "uv": [ 0.0, 0.0, 0.5, 0.5 ] },
								"south": { "texture": "#platehole", "uv": [ 0.0, 0.0, 2.0, 0.5 ] },
								"west": { "texture": "#platehole", "uv": [ 0.0, 0.0, 0.5, 0.5 ] },
								"up": { "texture": "#platehole", "uv": [ 0.0, 0.0, 2.0, 0.5 ] },
								"down": { "texture": "#platehole", "uv": [ 0.0, 0.0, 2.0, 0.5 ] }
							}
						},
						{
							"name": "metal_desk30",
							"from": [ 3.0, 1.9, 1.1 ], 
							"to": [ 5.0, 2.4, 1.9 ], 
							"rotationOrigin": [ 3.0, 1.9, 1.1 ],
							"faces": {
								"north": { "texture": "#platehole", "uv": [ 0.0, 0.0, 2.0, 0.5 ] },
								"east": { "texture": "#platehole", "uv": [ 0.0, 0.0, 0.5, 0.5 ] },
								"south": { "texture": "#platehole", "uv": [ 0.0, 0.0, 2.0, 0.5 ] },
								"west": { "texture": "#platehole", "uv": [ 0.0, 0.0, 0.5, 0.5 ] },
								"up": { "texture": "#platehole", "uv": [ 0.0, 0.0, 2.0, 0.5 ] },
								"down": { "texture": "#platehole", "uv": [ 0.0, 0.0, 2.0, 0.5 ] }
							}
						},
						{
							"name": "metal_handler56",
							"from": [ 6.05, -0.7, 2.9 ], 
							"to": [ 7.95, 3.3, 3.9 ], 
							"rotationOrigin": [ 6.0, -0.7, 2.9 ],
							"rotationX": -12.0,
							"faces": {
								"north": { "texture": "#debarked", "uv": [ 0.0, 0.0, 1.5, 4.0 ] },
								"east": { "texture": "#debarked", "uv": [ 0.0, 0.0, 1.0, 4.0 ] },
								"south": { "texture": "#debarked", "uv": [ 0.0, 0.0, 1.5, 4.0 ] },
								"west": { "texture": "#debarked", "uv": [ 0.0, 0.0, 1.0, 4.0 ] },
								"up": { "texture": "#debarked", "uv": [ 0.0, 0.0, 1.5, 1.0 ] },
								"down": { "texture": "#debarked", "uv": [ 0.0, 0.0, 1.5, 1.0 ] }
							}
						},
						{
							"name": "metal_handler57",
							"from": [ 0.05, -0.7, 2.9 ], 
							"to": [ 1.95, 3.3, 3.9 ], 
							"rotationOrigin": [ 0.0, -0.7, 2.9 ],
							"rotationX": -12.0,
							"faces": {
								"north": { "texture": "#debarked", "uv": [ 0.0, 0.0, 1.5, 4.0 ] },
								"east": { "texture": "#debarked", "uv": [ 0.0, 0.0, 1.0, 4.0 ] },
								"south": { "texture": "#debarked", "uv": [ 0.0, 0.0, 1.5, 4.0 ] },
								"west": { "texture": "#debarked", "uv": [ 0.0, 0.0, 1.0, 4.0 ] },
								"up": { "texture": "#debarked", "uv": [ 0.0, 0.0, 1.5, 1.0 ] },
								"down": { "texture": "#debarked", "uv": [ 0.0, 0.0, 1.5, 1.0 ] }
							}
						}
					]
				},
				{
					"name": "pliers",
					"from": [ 5.14, 4.8, 10.8 ], 
					"to": [ 6.14, 6.02, 14.8 ], 
					"rotationOrigin": [ 5.14, 4.8, 12.8 ],
					"rotationY": -9.0,
					"faces": {
						"north": { "texture": "#pliers", "uv": [ 0.0, 0.0, 1.0, 1.0 ] },
						"east": { "texture": "#pliers", "uv": [ 0.0, 0.0, 4.0, 2.0 ], "autoUv": false },
						"south": { "texture": "#pliers", "uv": [ 0.0, 0.0, 1.0, 1.0 ] },
						"west": { "texture": "#pliers", "uv": [ 0.0, 0.0, 4.0, 2.0 ], "autoUv": false },
						"up": { "texture": "#pliers", "uv": [ 0.0, 0.0, 1.0, 4.0 ] },
						"down": { "texture": "#pliers", "uv": [ 0.0, 0.0, 1.0, 4.0 ] }
					},
					"children": [
						{
							"name": "Cube4",
							"from": [ 1.4833, 0.02, -4.7858 ], 
							"to": [ 2.4833, 1.08, 1.2142 ], 
							"rotationOrigin": [ 2.4833, 0.0, -2.7858 ],
							"rotationY": -25.0,
							"faces": {
								"north": { "texture": "#pliers", "uv": [ 0.0, 0.0, 1.0, 1.0 ] },
								"east": { "texture": "#pliers", "uv": [ 0.0, 0.0, 6.0, 2.0 ], "autoUv": false },
								"south": { "texture": "#pliers", "uv": [ 0.0, 0.0, 1.0, 1.0 ] },
								"west": { "texture": "#pliers", "uv": [ 0.0, 0.0, 6.0, 2.0 ], "autoUv": false },
								"up": { "texture": "#pliers", "uv": [ 0.0, 0.0, 2.0, 6.0 ], "autoUv": false },
								"down": { "texture": "#pliers", "uv": [ 0.0, 0.0, 1.0, 6.0 ] }
							},
							"children": [
								{
									"name": "Cube5",
									"from": [ 0.0, 0.1, -2.0 ], 
									"to": [ 1.0, 1.1, 0.4 ], 
									"rotationOrigin": [ 1.0, 0.1, 0.0 ],
									"rotationY": 70.0,
									"faces": {
										"north": { "texture": "#pliers", "uv": [ 0.0, 0.0, 1.0, 1.0 ] },
										"east": { "texture": "#pliers", "uv": [ 0.0, 0.0, 2.0, 1.0 ] },
										"south": { "texture": "#pliers", "uv": [ 0.0, 0.0, 1.0, 1.0 ] },
										"west": { "texture": "#pliers", "uv": [ 0.0, 0.0, 2.0, 1.0 ] },
										"up": { "texture": "#pliers", "uv": [ 0.0, 0.0, 2.0, 2.0 ], "autoUv": false },
										"down": { "texture": "#pliers", "uv": [ 0.0, 0.0, 1.0, 2.0 ] }
									}
								},
								{
									"name": "pliersright37",
									"from": [ 0.3117, -0.12, 8.4368 ], 
									"to": [ 0.9117, 0.918, 10.1368 ], 
									"rotationOrigin": [ 0.7617, 0.28, 9.5368 ],
									"rotationY": 65.5,
									"faces": {
										"north": { "texture": "#pliers", "uv": [ 0.0, 0.0, 0.5, 1.0 ] },
										"east": { "texture": "#pliers", "uv": [ 0.0, 0.0, 1.5, 1.0 ] },
										"south": { "texture": "#pliers", "uv": [ 0.0, 0.0, 0.5, 1.0 ] },
										"west": { "texture": "#pliers", "uv": [ 0.0, 0.0, 1.5, 1.0 ] },
										"up": { "texture": "#pliers", "uv": [ 0.0, 0.0, 0.5, 1.5 ] },
										"down": { "texture": "#pliers", "uv": [ 0.0, 0.0, 0.5, 1.5 ] }
									}
								},
								{
									"name": "pliersright36",
									"from": [ 0.8869, -0.02, 8.1739 ], 
									"to": [ 1.7869, 1.108, 10.1739 ], 
									"rotationOrigin": [ 1.3369, 0.38, 9.2738 ],
									"rotationY": -42.5,
									"faces": {
										"north": { "texture": "#pliers", "uv": [ 0.0, 0.0, 0.5, 1.0 ] },
										"east": { "texture": "#pliers", "uv": [ 0.0, 0.0, 2.0, 1.0 ] },
										"south": { "texture": "#pliers", "uv": [ 0.0, 0.0, 0.5, 1.0 ] },
										"west": { "texture": "#pliers", "uv": [ 0.0, 0.0, 2.0, 1.0 ] },
										"up": { "texture": "#pliers", "uv": [ 0.0, 0.0, 1.5, 2.0 ], "autoUv": false },
										"down": { "texture": "#pliers", "uv": [ 0.0, 0.0, 0.5, 2.0 ] }
									}
								}
							]
						},
						{
							"name": "pliersright",
							"from": [ 3.4, 0.0, -0.3 ], 
							"to": [ 4.4, 1.22, 3.7 ], 
							"rotationOrigin": [ 3.4, 0.0, 1.7 ],
							"rotationY": 18.0,
							"faces": {
								"north": { "texture": "#pliers", "uv": [ 0.0, 0.0, 1.0, 1.0 ] },
								"east": { "texture": "#pliers", "uv": [ 0.0, 0.0, 4.0, 2.0 ], "autoUv": false },
								"south": { "texture": "#pliers", "uv": [ 0.0, 0.0, 1.0, 1.0 ] },
								"west": { "texture": "#pliers", "uv": [ 0.0, 0.0, 4.0, 1.0 ] },
								"up": { "texture": "#pliers", "uv": [ 0.0, 0.0, 2.0, 6.0 ], "autoUv": false },
								"down": { "texture": "#pliers", "uv": [ 0.0, 0.0, 1.0, 4.0 ] }
							},
							"children": [
								{
									"name": "pliersright2",
									"from": [ 0.55, 0.0, 2.8 ], 
									"to": [ 1.45, 1.128, 4.8 ], 
									"rotationOrigin": [ 1.0, 0.4, 3.9 ],
									"rotationY": -112.5,
									"faces": {
										"north": { "texture": "#pliers", "uv": [ 0.0, 0.0, 0.5, 1.0 ] },
										"east": { "texture": "#pliers", "uv": [ 0.0, 0.0, 2.0, 1.0 ] },
										"south": { "texture": "#pliers", "uv": [ 0.0, 0.0, 0.5, 1.0 ] },
										"west": { "texture": "#pliers", "uv": [ 0.0, 0.0, 2.0, 1.0 ] },
										"up": { "texture": "#pliers", "uv": [ 0.0, 0.0, 0.5, 2.0 ] },
										"down": { "texture": "#pliers", "uv": [ 0.0, 0.0, 0.5, 2.0 ] }
									}
								},
								{
									"name": "pliersright3",
									"from": [ 1.65, -0.2, 2.9 ], 
									"to": [ 2.25, 1.138, 4.6 ], 
									"rotationOrigin": [ 2.1, 0.2, 4.0 ],
									"rotationY": -34.5,
									"faces": {
										"north": { "texture": "#pliers", "uv": [ 0.0, 0.0, 0.5, 1.0 ] },
										"east": { "texture": "#pliers", "uv": [ 0.0, 0.0, 1.5, 2.0 ], "autoUv": false },
										"south": { "texture": "#pliers", "uv": [ 0.0, 0.0, 0.5, 1.0 ] },
										"west": { "texture": "#pliers", "uv": [ 0.0, 0.0, 1.5, 1.0 ] },
										"up": { "texture": "#pliers", "uv": [ 0.0, 0.0, 0.5, 1.5 ] },
										"down": { "texture": "#pliers", "uv": [ 0.0, 0.0, 0.5, 1.5 ] }
									}
								},
								{
									"name": "Cube2",
									"from": [ -1.6503, 0.02, -4.9548 ], 
									"to": [ -0.6503, 1.17, 1.0452 ], 
									"rotationOrigin": [ -1.6503, 0.0, -2.9548 ],
									"rotationY": 27.0,
									"faces": {
										"north": { "texture": "#pliers", "uv": [ 0.0, 0.0, 1.0, 1.0 ] },
										"east": { "texture": "#pliers", "uv": [ 0.0, 0.0, 6.0, 2.0 ], "autoUv": false },
										"south": { "texture": "#pliers", "uv": [ 0.0, 0.0, 1.0, 1.0 ] },
										"west": { "texture": "#pliers", "uv": [ 0.0, 0.0, 6.0, 2.0 ], "autoUv": false },
										"up": { "texture": "#pliers", "uv": [ 0.0, 0.0, 2.0, 6.0 ], "autoUv": false },
										"down": { "texture": "#pliers", "uv": [ 0.0, 0.0, 1.0, 6.0 ] }
									},
									"children": [
										{
											"name": "Cube3",
											"from": [ 0.0, 0.1, -2.0 ], 
											"to": [ 1.0, 1.1, 0.4 ], 
											"rotationOrigin": [ 0.0, 0.1, 0.0 ],
											"rotationY": -70.0,
											"faces": {
												"north": { "texture": "#pliers", "uv": [ 0.0, 0.0, 1.0, 1.0 ] },
												"east": { "texture": "#pliers", "uv": [ 0.0, 0.0, 2.0, 1.0 ] },
												"south": { "texture": "#pliers", "uv": [ 0.0, 0.0, 1.0, 1.0 ] },
												"west": { "texture": "#pliers", "uv": [ 0.0, 0.0, 2.0, 2.0 ], "autoUv": false },
												"up": { "texture": "#pliers", "uv": [ 0.0, 0.0, 2.0, 2.0 ], "autoUv": false },
												"down": { "texture": "#pliers", "uv": [ 0.0, 0.0, 1.0, 2.0 ] }
											}
										}
									]
								}
							]
						},
						{
							"name": "binding",
							"from": [ 1.6, -0.05, -2.2 ], 
							"to": [ 2.1, 1.25, -1.7 ], 
							"renderInEditor": false,
							"rotationOrigin": [ 1.6, -0.1, -2.2 ],
							"rotationY": -40.0,
							"faces": {
								"north": { "texture": "#top", "uv": [ 0.0, 0.0, 0.5, 1.0 ] },
								"east": { "texture": "#top", "uv": [ 0.0, 0.0, 0.5, 1.0 ] },
								"south": { "texture": "#top", "uv": [ 0.0, 0.0, 0.5, 1.0 ] },
								"west": { "texture": "#top", "uv": [ 0.0, 0.0, 0.5, 1.0 ] },
								"up": { "texture": "#top", "uv": [ 0.0, 0.0, 0.5, 0.5 ] },
								"down": { "texture": "#top", "uv": [ 0.0, 0.0, 0.5, 0.5 ] }
							}
						}
					]
				}
			]
		}
	],
	"animations": [
		{
			"name": "Wiring",
			"code": "Wiring",
			"quantityframes": 30,
			"onActivityStopped": "PlayTillEnd",
			"onAnimationEnd": "Stop",
			"keyframes": [
				{
					"frame": 0,
					"elements": {
						"Cube1": {  },
						"levers": {  },
						"horizontal": { "rotationX": -180.0, "rotationY": 0.0, "rotationZ": 0.0 },
						"wire55": { "offsetX": 0.0, "offsetY": 0.0, "offsetZ": 0.0 },
						"wire2": { "offsetX": 0.0, "offsetY": 0.0, "offsetZ": 0.0 },
						"wire4": { "offsetX": 0.0, "offsetY": 0.0, "offsetZ": 0.0 },
						"lane": {  },
						"lane2": { "offsetX": 0.0, "offsetY": 0.0, "offsetZ": 0.0 },
						"lane3": { "offsetX": 0.0, "offsetY": 0.0, "offsetZ": 0.0 },
						"lane4": { "offsetX": 0.0, "offsetY": 0.0, "offsetZ": 0.0 },
						"lane5": { "offsetX": 0.0, "offsetY": 0.0, "offsetZ": 0.0 },
						"lanend": { "offsetX": 0.0, "offsetY": 0.0, "offsetZ": 0.0 },
						"lane45": {  },
						"lane46": { "offsetX": 0.0, "offsetY": 0.0, "offsetZ": 0.0 },
						"lane47": { "offsetX": 0.0, "offsetY": 0.0, "offsetZ": 0.0 },
						"lane48": { "offsetX": 0.0, "offsetY": 0.0, "offsetZ": 0.0 },
						"lanend51": { "offsetX": 0.0, "offsetY": 0.0, "offsetZ": 0.0 },
						"lane49": { "offsetX": 0.0, "offsetY": 0.0, "offsetZ": 0.0 },
						"Cube17": {  },
						"pliers": { "offsetX": 0.0, "offsetY": 0.0, "offsetZ": 0.0 },
						"pliersright": { "rotationX": 0.0, "rotationY": 1.0, "rotationZ": 0.0 },
						"binding": { "offsetX": 0.0, "offsetY": 0.0, "offsetZ": 0.0 }
					}
				},
				{
					"frame": 20,
					"elements": {
						"Cube1": {  },
						"levers": {  },
						"horizontal": { "rotationX": 180.0, "rotationY": 0.0, "rotationZ": 0.0 },
						"lane": { "offsetX": 0.0, "offsetY": 0.0, "offsetZ": 0.0 },
						"lane5": { "offsetX": 0.0, "offsetY": 0.0, "offsetZ": 10.3 },
						"lane4": { "offsetX": 0.0, "offsetY": 0.0, "offsetZ": 8.9 },
						"lane3": { "offsetX": 0.0, "offsetY": 0.0, "offsetZ": 5.8 },
						"lane2": { "offsetX": 0.0, "offsetY": 0.0, "offsetZ": 3.0 },
						"lanend": { "offsetX": 0.0, "offsetY": 1.4, "offsetZ": 10.2 },
						"lane45": {  },
						"lane46": { "offsetX": 0.0, "offsetY": 0.0, "offsetZ": 3.0 },
						"lane47": { "offsetX": 0.0, "offsetY": 0.0, "offsetZ": 6.0 },
						"lane48": { "offsetX": 0.0, "offsetY": 0.0, "offsetZ": 9.0 },
						"lanend51": { "offsetX": 1.2, "offsetY": -1.0, "offsetZ": 10.3, "rotationX": -9.9, "rotationY": -6.0, "rotationZ": 0.1 },
						"lane49": { "offsetX": 1.2, "offsetY": 0.0, "offsetZ": 10.4, "rotationX": 0.0, "rotationY": -5.2, "rotationZ": 0.0 },
						"wire55": { "offsetX": 0.0, "offsetY": 0.0, "offsetZ": 0.0 },
						"wire2": { "offsetX": 0.0, "offsetY": 0.0, "offsetZ": 5.0 },
						"wire4": { "offsetX": 0.0, "offsetY": 0.0, "offsetZ": 10.0 },
						"Cube17": {  },
						"pliers": { "offsetX": 1.6, "offsetY": 0.2, "offsetZ": 10.0 },
						"pliersright": { "rotationX": 0.0, "rotationY": -1.0, "rotationZ": 0.0 },
						"binding": { "offsetX": -0.1, "offsetY": 0.0, "offsetZ": -0.1 }
					}
				},
				{
					"frame": 22,
					"elements": {
						"Cube1": {  },
						"wire55": { "offsetX": -0.0, "offsetY": 2.2, "offsetZ": 6.6 }
					}
				},
				{
					"frame": 24,
					"elements": {
						"Cube1": {  },
						"wire55": { "offsetX": 3.2, "offsetY": 3.1, "offsetZ": 4.7 }
					}
				},
				{
					"frame": 26,
					"elements": {
						"Cube1": {  },
						"wire55": { "offsetX": 6.1, "offsetY": 3.2, "offsetZ": 3.7 }
					}
				},
				{
					"frame": 29,
					"elements": {
						"Cube1": {  },
						"levers": {  },
						"horizontal": { "rotationX": 180.0, "rotationY": 0.0, "rotationZ": 0.0 },
						"lane": { "offsetX": 0.0, "offsetY": 0.0, "offsetZ": 0.0 },
						"lane5": { "offsetX": 0.0, "offsetY": 0.0, "offsetZ": 10.3 },
						"lane4": { "offsetX": 0.0, "offsetY": 0.0, "offsetZ": 8.9 },
						"lane3": { "offsetX": 0.0, "offsetY": 0.0, "offsetZ": 5.8 },
						"lane2": { "offsetX": 0.0, "offsetY": 0.0, "offsetZ": 3.0 },
						"lanend": { "offsetX": 0.0, "offsetY": 1.4, "offsetZ": 10.2 },
						"lane45": {  },
						"lane46": { "offsetX": 0.0, "offsetY": 0.0, "offsetZ": 3.0 },
						"lane47": { "offsetX": 0.0, "offsetY": 0.0, "offsetZ": 6.0 },
						"lane48": { "offsetX": 0.0, "offsetY": 0.0, "offsetZ": 9.0 },
						"lanend51": { "offsetX": 1.2, "offsetY": -1.0, "offsetZ": 10.3, "rotationX": -9.9, "rotationY": -6.0, "rotationZ": 0.1 },
						"lane49": { "offsetX": 1.2, "offsetY": 0.0, "offsetZ": 10.4, "rotationX": 0.0, "rotationY": -5.2, "rotationZ": 0.0 },
						"wire55": { "offsetX": 5.8, "offsetY": -0.7, "offsetZ": 4.1 },
						"wire2": { "offsetX": 0.0, "offsetY": 0.0, "offsetZ": 5.0 },
						"wire4": { "offsetX": 0.0, "offsetY": 0.0, "offsetZ": 10.0 },
						"Cube17": {  },
						"pliers": { "offsetX": 1.6, "offsetY": 0.2, "offsetZ": 10.0 },
						"pliersright": { "rotationX": 0.0, "rotationY": -1.0, "rotationZ": 0.0 },
						"binding": { "offsetX": -0.1, "offsetY": 0.0, "offsetZ": -0.1 }
					}
				}
			]
		}
	]
}