[
  {
    "op": "replace",
    "path": "/textures",
    "value": {
      "0": { "base": "artofgrowing:block/plant/crop/amaranth/wild/e{stage}" },
      "1": { "base": "artofgrowing:block/plant/crop/amaranth/wild/w{stage}" }
    },
    "file": "game:blocktypes/plant/crop/amaranth.json",
    "side": "Server"
  },
  {
    "op": "replace",
    "path": "/dropsByType",
    "value": {
      "*-9": [
        {
          "type": "item",
          "code": "artofgrowing:grainbundle-amaranth-wild-wet",
          "quantity": {
            "avg": 6,
            "var": 1
          }
        },
        {
          "type": "item",
          "code": "artofgrowing:grainbundle-amaranth-small-wet",
          "quantity": { "avg": 0.3 }
        }
      ],
      "*": [
        {
          "type": "item",
          "code": "thatch",
          "quantity": { "avg": 0.7 }
        }
      ]
    },
    "file": "game:blocktypes/plant/crop/amaranth.json",
    "side": "Server"
  },
  {
    "op": "replace",
    "path": "/cropProps/totalGrowthMonths",
    "value": 1.2,
    "file": "game:blocktypes/plant/crop/amaranth.json",
    "side": "Server"
  },
  {
    "op": "replace",
    "path": "/class",
    "value": "AOGBlockCrop",
    "file": "game:blocktypes/plant/crop/amaranth.json",
    "side": "Server"
  }
]