[
  {
    "op": "replace",
    "path": "/variantgroups/1",
    "value": {
      "code": "stage",
      "states": [ "1", "2", "3", "4", "5", "6", "7", "8", "9", "10", "11", "12", "13", "14", "15", "16" ]
    },
    "file": "game:blocktypes/plant/crop/cabbage.json",
    "side": "Server"
  },
  {
    "op": "remove",
    "path": "/shape",
    "file": "game:blocktypes/plant/crop/cabbage.json",
    "side": "Server"
  },
  {
    "op": "add",
    "path": "/shapeByType",
    "value": {
      "*-1": { "base": "block/plant/crop/cabbage/stage1" },
      "*-2": { "base": "block/plant/crop/cabbage/stage1" },
      "*-3": { "base": "block/plant/crop/cabbage/stage1" },
      "*-4": { "base": "block/plant/crop/cabbage/stage1" },
      "*-5": { "base": "block/plant/crop/cabbage/stage2" },
      "*-6": { "base": "block/plant/crop/cabbage/stage3" },
      "*-7": { "base": "block/plant/crop/cabbage/stage4" },
      "*-8": { "base": "block/plant/crop/cabbage/stage5" },
      "*-9": { "base": "block/plant/crop/cabbage/stage6" },
      "*-10": { "base": "block/plant/crop/cabbage/stage7" },
      "*-11": { "base": "block/plant/crop/cabbage/stage8" },
      "*": { "base": "block/plant/crop/cabbage/stage9" }
    },
    "file": "game:blocktypes/plant/crop/cabbage.json",
    "side": "Server"
  },
  {
    "op": "add",
    "path": "/texturesByType",
    "value": {
      "*-13": {
        "top": { "base": "block/plant/crop/cabbage/top1" }
      },
      "*-14": {
        "top": { "base": "block/plant/crop/cabbage/top2" }
      },
      "*-15": {
        "top": { "base": "block/plant/crop/cabbage/top3" }
      },
      "*-16": {
        "top": { "base": "block/plant/crop/cabbage/top4" }
      }
    },
    "file": "game:blocktypes/plant/crop/cabbage.json",
    "side": "Server"
  },
  {
    "op": "replace",
    "path": "/attributes/butterflyFeedByType",
    "value": {
      "*-13": true,
      "*-14": true,
      "*-15": true,
      "*": false
    },
    "file": "game:blocktypes/plant/crop/cabbage.json",
    "side": "Server"
  },
  {
    "op": "replace",
    "path": "/attributes/beeFeedByType",
    "value": {
      "*-13": true,
      "*-14": true,
      "*-15": true,
      "*": false
    },
    "file": "game:blocktypes/plant/crop/cabbage.json",
    "side": "Server"
  },
  {
    "op": "replace",
    "path": "/dropsByType",
    "value": {
      "*-11": [
        {
          "type": "item",
          "code": "artofgrowing:vegetable-wild-cabbage",
          
          "quantity": {
            "avg": 0.85,
            "var": 0.1
          }
        }
      ],
      "*-12": [
        {
          "type": "item",
          "code": "artofgrowing:vegetable-wild-cabbage",
          
          "quantity": {
            "avg": 2,
            "var": 0
          }
        }
      ],
      "*-13": [
        {
          "type": "item",
          "code": "artofgrowing:vegetable-wild-cabbage",
          
          "quantity": {
            "avg": 1.7,
            "var": 0.2
          }
        }
      ],
      "*-14": [
        {
          "type": "item",
          "code": "artofgrowing:vegetable-wild-cabbage",
          
          "quantity": {
            "avg": 1.5,
            "var": 0.2
          }
        }
      ],
      "*-15": [
        {
          "type": "item",
          "code": "artofgrowing:vegetable-wild-cabbage",
          
          "quantity": {
            "avg": 1.2,
            "var": 0.2
          }
        }
      ],
      "*-16": [
        {
          "type": "item",
          "code": "artofgrowing:seeds-wild-{type}",
          "quantity": { "avg": 1.2 }
        },
        {
          "type": "item",
          "code": "artofgrowing:seeds-small-{type}",
          "quantity": { "avg": 0.3 }
        },
        {
          "type": "item",
          "code": "rot",
          "quantity": { "avg": 1 }
        },
        {
          "type": "item",
          "code": "drygrass",
          "quantity": { "avg": 0.7 }
        }
      ],
      "*": [
        {
          "type": "item",
          "code": "drygrass",
          "quantity": { "avg": 0.7 }
        }
      ]
    },
    "file": "game:blocktypes/plant/crop/cabbage.json",
    "side": "Server"
  },
  {
    "op": "replace",
    "path": "/cropProps/growthStages",
    "value": 16,
    "file": "game:blocktypes/plant/crop/cabbage.json",
    "side": "Server"
  },
  {
    "op": "replace",
    "path": "/cropProps/totalGrowthMonths",
    "value": 1.2,
    "file": "game:blocktypes/plant/crop/cabbage.json",
    "side": "Server"
  }
]