[
  {
    "op": "replace",
    "path": "/textures",
    "value": {
      "crop": { "base": "artofgrowing:block/plant/crop/flax/wild/normal{stage}" }
    },
    "file": "game:blocktypes/plant/crop/flax.json",
    "side": "Server",
    "dependsOn": [
      {
        "modid": "conquest",
        "invert": true
      }
    ]
  },
  {
    "op": "replace",
    "path": "/dropsByType",
    "value": {
      "*-9": [
        {
          "type": "item",
          "code": "artofgrowing:grainbundle-flax-wild-wet",
          "quantity": {
            "avg": 8,
            "var": 1
          }
        },
        {
          "type": "item",
          "code": "artofgrowing:grainbundle-flax-small-wet",
          "quantity": { "avg": 0.3 }
        }
      ],
      "*": [
        {
          "type": "item",
          "code": "thatch",
          "quantity": { "avg": 0.7 }
        }
      ]
    },
    "file": "game:blocktypes/plant/crop/flax.json",
    "side": "Server"
  },
  {
    "op": "replace",
    "path": "/cropProps/totalGrowthMonths",
    "value": 1.2,
    "file": "game:blocktypes/plant/crop/flax.json",
    "side": "Server"
  },
  {
    "op": "replace",
    "path": "/class",
    "value": "AOGBlockCrop",
    "file": "game:blocktypes/plant/crop/flax.json",
    "side": "Server"
  }
]