[
  {
    "op": "replace",
    "path": "/textures",
    "value": {
      "crop": { "base": "artofgrowing:block/plant/crop/spelt/wild/normal{stage}" }
    },
    "file": "game:blocktypes/plant/crop/spelt.json",
    "side": "Server"
  },
  {
    "op": "replace",
    "path": "/dropsByType",
    "value": {
      "*-9": [
        {
          "type": "item",
          "code": "artofgrowing:grainbundle-spelt-wild-wet",
          "quantity": {
            "avg": 12,
            "var": 2
          }
        },
        {
          "type": "item",
          "code": "artofgrowing:grainbundle-spelt-small-wet",
          "quantity": { "avg": 0.3 }
        }
      ],
      "*": [
        {
          "type": "item",
          "code": "thatch",
          "quantity": { "avg": 0.7 }
        }
      ]
    },
    "file": "game:blocktypes/plant/crop/spelt.json",
    "side": "Server"
  },
  {
    "op": "replace",
    "path": "/cropProps/totalGrowthMonths",
    "value": 1.2,
    "file": "game:blocktypes/plant/crop/spelt.json",
    "side": "Server"
  },
  {
    "op": "replace",
    "path": "/class",
    "value": "AOGBlockCrop",
    "file": "game:blocktypes/plant/crop/spelt.json",
    "side": "Server"
  }
]