[
  {
    "op": "replace",
    "path": "/variantgroups/1",
    "value": {
      "code": "stage",
      "states": [ "1", "2", "3", "4", "5", "6", "7", "8" ]
    },
    "file": "game:blocktypes/plant/crop/turnip.json",
    "side": "Server"
  },
  {
    "op": "replace",
    "path": "/shapeByType",
    "value": {
      "*-1": { "base": "block/plant/crop/turnip/stage1to2" },
      "*-2": { "base": "block/plant/crop/turnip/stage1to2" },
      "*-3": { "base": "artofgrowing:block/crop/turnip/wild/stage3" },
      "*-4": { "base": "artofgrowing:block/crop/turnip/wild/stage4" },
      "*": { "base": "artofgrowing:block/crop/turnip/wild/stage5" }
    },
    "file": "game:blocktypes/plant/crop/turnip.json",
    "side": "Server"
  },
  {
    "op": "remove",
    "path": "/textures",
    "file": "game:blocktypes/plant/crop/turnip.json",
    "side": "Server"
  },
  {
    "op": "add",
    "path": "/texturesByType",
    "value": {
      "*-8": {
        "bulb": { "base": "game:item/resource/rot/rot-solids" },
        "s": { "base": "game:block/plant/crop/turnip/s{stage}" },
        "e": { "base": "game:block/plant/crop/turnip/e{stage}" }
      },
      "*": {
        "bulb": { "base": "game:block/plant/crop/turnip/bulb" },
        "s": { "base": "game:block/plant/crop/turnip/s{stage}" },
        "e": { "base": "game:block/plant/crop/turnip/e{stage}" }
      }
    },
    "file": "game:blocktypes/plant/crop/turnip.json",
    "side": "Server"
  },
  {
    "op": "replace",
    "path": "/attributes/butterflyFeedByType",
    "value": {
      "*-6": true,
      "*-7": true,
      "*": false
    },
    "file": "game:blocktypes/plant/crop/turnip.json",
    "side": "Server"
  },
  {
    "op": "replace",
    "path": "/attributes/beeFeedByType",
    "value": {
      "*-6": true,
      "*-7": true,
      "*": false
    },
    "file": "game:blocktypes/plant/crop/turnip.json",
    "side": "Server"
  },
  {
    "op": "replace",
    "path": "/dropsByType",
    "value": {
      "*-4": [
        {
          "type": "item",
          "code": "artofgrowing:vegetable-wild-turnip",
          
          "quantity": {
            "avg": 3,
            "var": 1
          }
        },
        {
          "type": "item",
          "code": "drygrass",
          "quantity": { "avg": 0.7 }
        }
      ],
      "*-5": [
        {
          "type": "item",
          "code": "artofgrowing:vegetable-wild-turnip",
          
          "quantity": {
            "avg": 7,
            "var": 1
          }
        },
        {
          "type": "item",
          "code": "drygrass",
          "quantity": { "avg": 0.7 }
        }
      ],
      "*-6": [
        {
          "type": "item",
          "code": "artofgrowing:vegetable-wild-turnip",
          
          "quantity": {
            "avg": 6,
            "var": 1
          }
        },
        {
          "type": "item",
          "code": "drygrass",
          "quantity": { "avg": 0.7 }
        }
      ],
      "*-7": [
        {
          "type": "item",
          "code": "artofgrowing:vegetable-wild-turnip",
          
          "quantity": {
            "avg": 5,
            "var": 1
          }
        },
        {
          "type": "item",
          "code": "drygrass",
          "quantity": { "avg": 0.7 }
        }
      ],
      "*-8": [
        {
          "type": "item",
          "code": "artofgrowing:seeds-wild-{type}",
          "quantity": { "avg": 1.2 }
        },
        {
          "type": "item",
          "code": "artofgrowing:seeds-small-{type}",
          "quantity": { "avg": 0.3 }
        },
        {
          "type": "item",
          "code": "rot",
          "quantity": { "avg": 1 }
        },
        {
          "type": "item",
          "code": "drygrass",
          "quantity": { "avg": 0.7 }
        }
      ],
      "*": [
        {
          "type": "item",
          "code": "drygrass",
          "quantity": { "avg": 0.7 }
        }
      ]
    },
    "file": "game:blocktypes/plant/crop/turnip.json",
    "side": "Server"
  },
  {
    "op": "replace",
    "path": "/cropProps/growthStages",
    "value": 8,
    "file": "game:blocktypes/plant/crop/turnip.json",
    "side": "Server"
  },
  {
    "op": "replace",
    "path": "/cropProps/totalGrowthMonths",
    "value": 0.8,
    "file": "game:blocktypes/plant/crop/turnip.json",
    "side": "Server"
  }
]