[
{
	"enabled": true,
	"op": "addmerge",
	"path": "/transitionablePropsByType",
	"value": {
		"*-*grapes": [{
			"type": "Perish",
			"freshHours": { "avg": 2880 },
			"transitionHours": { "avg": 24 },
			"transitionedStack": { "type": "item", "code": "game:rot" },
			"transitionRatio": 0.25
		}]		
	},
	"file": "expandedfoods:itemtypes/food/candiedfruit.json",
	"side": "server",
    "dependsOn": [{ "modid": "expandedfoods" }]
},
{
	"enabled": true,
	"op": "move",
	"frompath": "/transitionablePropsByType/*",
	"path": "/temp",
	"file": "expandedfoods:itemtypes/food/candiedfruit.json",
	"side": "server",
    "dependsOn": [{ "modid": "expandedfoods" }]
},
{
	"enabled": true,
	"op": "move",
	"frompath": "/temp",
	"path": "/transitionablePropsByType/*",
	"file": "expandedfoods:itemtypes/food/candiedfruit.json",
	"side": "server",
    "dependsOn": [{ "modid": "expandedfoods" }]
},
{
	"enabled": true,
	"op": "addmerge",
	"path": "/guiTransformByType",
	"value": {
		"@*-(redgrapes|greengrapes)": {
			"translation": { "x": 0, "y": 0, "z": 0 },
			"rotation": { "x": 83, "y": -103, "z": -55 },
			"origin": { "x": 0.53, "y": 0.05, "z": 0.53 },
			"scale": 2.6
		}
	},
	"file": "expandedfoods:itemtypes/food/candiedfruit.json",
	"side": "server",
    "dependsOn": [{ "modid": "expandedfoods" }]
},
{
	"enabled": true,
	"op": "addmerge",
	"path": "/tpHandTransformByType",
	"value": {
		"@*-(redgrapes|greengrapes)": {
			"translation": { "x": -1.5, "y": -1.75, "z": -1.5 },
			"rotation": { "x": 180, "y": -124, "z": 54 },
			"scale": 0.4
		}
	},
	"file": "expandedfoods:itemtypes/food/candiedfruit.json",
	"side": "server",
    "dependsOn": [{ "modid": "expandedfoods" }]
},
{
	"enabled": true,
	"op": "addmerge",
	"path": "/groundTransformByType",
	"value": {
		"@*-(redgrapes|greengrapes)": {
			"translation": { "x": 0, "y": 0.05, "z": 0 },
			"rotation": { "x": 0, "y": 0, "z": 0 },
			"origin": { "x": 0.5, "y": 0, "z": 0.5 },
			"scale": 2.3
		}
	},
	"file": "expandedfoods:itemtypes/food/candiedfruit.json",
	"side": "server",
    "dependsOn": [{ "modid": "expandedfoods" }]
},
{
	"enabled": true,
	"op": "addmerge",
	"path": "/attributes/onDisplayTransformByType",
	"value": {
		"@*-(redgrapes|greengrapes)": {
			"translation": { "x": 0.0, "y": -0.075, "z": 0.05 },
			"scale": 0.8
		}
	},
	"file": "expandedfoods:itemtypes/food/dehydratedfruit.json",
	"side": "server",
    "dependsOn": [{ "modid": "expandedfoods" }]
},
{
	"enabled": true,
	"op": "move",
	"frompath": "/attributes/onDisplayTransformByType/*",
	"path": "/temp",
	"file": "expandedfoods:itemtypes/food/dehydratedfruit.json",
	"side": "server",
    "dependsOn": [{ "modid": "expandedfoods" }]
},
{
	"enabled": true,
	"op": "move",
	"frompath": "/temp",
	"path": "/attributes/onDisplayTransformByType/*",
	"file": "expandedfoods:itemtypes/food/dehydratedfruit.json",
	"side": "server",
    "dependsOn": [{ "modid": "expandedfoods" }]
},
{
	"enabled": true,
	"op": "addmerge",
	"path": "/textures",
	"value": {
		"*-redgrapes": { "base": "game:item/food/fruit/redgrapes" },
		"*-greengrapes": { "base": "game:item/food/fruit/greengrapes" }
	},
	"file": "expandedfoods:itemtypes/food/dehydratedfruit.json",
	"side": "server",
    "dependsOn": [{ "modid": "expandedfoods" }]
},
{
	"enabled": true,
	"op": "addmerge",
	"path": "/transitionablePropsByType",
	"value": {
		"@*-(redgrapes|greengrapes)": [{
            "type": "Perish",
            "freshHours": { "avg": 360 },
            "transitionHours": { "avg": 48 },
            "transitionedStack": { "type": "item", "code": "game:rot" },
            "transitionRatio": 0.25
        },{
			"type": "Dry",
			"freshHours": { "avg": 0 },
			"transitionHours": { "avg": 240 },
			"transitionedStack": { "type": "item", "code": "expandedfoods:dryfruit-{fruit}" },
			"transitionRatio": 1
		},
        ]
	},
	"file": "expandedfoods:itemtypes/food/dehydratedfruit.json",
	"side": "server",
    "dependsOn": [{ "modid": "expandedfoods" }]
},
{
	"enabled": true,
	"op": "move",
	"frompath": "/transitionablePropsByType/*",
	"path": "/temp",
	"file": "expandedfoods:itemtypes/food/dehydratedfruit.json",
	"side": "server",
    "dependsOn": [{ "modid": "expandedfoods" }]
},
{
	"enabled": true,
	"op": "move",
	"frompath": "/temp",
	"path": "/transitionablePropsByType/*",
	"file": "expandedfoods:itemtypes/food/dehydratedfruit.json",
	"side": "server",
    "dependsOn": [{ "modid": "expandedfoods" }]
},
{
	"enabled": true,
	"op": "addmerge",
	"path": "/guiTransformByType",
	"value": {
		"@*-(redgrapes|greengrapes)": {
			"translation": { "x": 0, "y": 0, "z": 0 },
			"rotation": { "x": 83, "y": -103, "z": -55 },
			"origin": { "x": 0.53, "y": 0.05, "z": 0.53 },
			"scale": 2.6
		}
	},
	"file": "expandedfoods:itemtypes/food/dehydratedfruit.json",
	"side": "server",
    "dependsOn": [{ "modid": "expandedfoods" }]
},
{
	"enabled": true,
	"op": "addmerge",
	"path": "/tpHandTransformByType",
	"value": {
		"@*-(redgrapes|greengrapes)": {
			"translation": { "x": -1.5, "y": -2.15, "z": -1.7 },
			"rotation": { "x": 180, "y": -65, "z": 18 }
		}
	},
	"file": "expandedfoods:itemtypes/food/dehydratedfruit.json",
	"side": "server",
    "dependsOn": [{ "modid": "expandedfoods" }]
},
{
	"enabled": true,
	"op": "addmerge",
	"path": "/groundTransformByType",
	"value": {
		"@*-(redgrapes|greengrapes)": {
			"translation": { "x": 0, "y": 0.05, "z": 0 },
			"rotation": { "x": 0, "y": 0, "z": 0 },
			"origin": { "x": 0.5, "y": 0, "z": 0.5 },
			"scale": 2.3
		}
	},
	"file": "expandedfoods:itemtypes/food/dehydratedfruit.json",
	"side": "server",
    "dependsOn": [{ "modid": "expandedfoods" }]
},
{
	"enabled": true,
	"op": "addmerge",
	"path": "/attributes/onDisplayTransformByType",
	"value": {
		"@*-(redgrapes|greengrapes)": {
			"translation": { "x": 0.0, "y": -0.075, "z": 0.05 },
			"scale": 0.8
		}
	},
	"file": "expandedfoods:itemtypes/food/dryfruit.json",
	"side": "server",
    "dependsOn": [{ "modid": "expandedfoods" }]
},
{
	"enabled": true,
	"op": "move",
	"frompath": "/attributes/onDisplayTransformByType/*",
	"path": "/temp",
	"file": "expandedfoods:itemtypes/food/dryfruit.json",
	"side": "server",
    "dependsOn": [{ "modid": "expandedfoods" }]
},
{
	"enabled": true,
	"op": "move",
	"frompath": "/temp",
	"path": "/attributes/onDisplayTransformByType/*",
	"file": "expandedfoods:itemtypes/food/dryfruit.json",
	"side": "server",
    "dependsOn": [{ "modid": "expandedfoods" }]
},
{
	"enabled": true,
	"op": "addmerge",
	"path": "/textures",
	"value": {
		"*-redgrapes": { "base": "game:item/food/dryfruit/redgrapes" },
		"*-greengrapes": { "base": "game:item/food/dryfruit/greengrapes" }
	},
	"file": "expandedfoods:itemtypes/food/dryfruit.json",
	"side": "server",
    "dependsOn": [{ "modid": "expandedfoods" }]
},
{
	"enabled": true,
	"op": "addmerge",
	"path": "/transitionablePropsByType",
	"value": {
		"*-*grapes": [{
			"type": "Perish",
			"freshHours": { "avg": 2880 },
			"transitionHours": { "avg": 24 },
			"transitionedStack": { "type": "item", "code": "game:rot" },
			"transitionRatio": 0.25
		}]		
	},
	"file": "expandedfoods:itemtypes/food/dryfruit.json",
	"side": "server",
    "dependsOn": [{ "modid": "expandedfoods" }]
},
{
	"enabled": true,
	"op": "move",
	"frompath": "/transitionablePropsByType/*",
	"path": "/temp",
	"file": "expandedfoods:itemtypes/food/dryfruit.json",
	"side": "server",
    "dependsOn": [{ "modid": "expandedfoods" }]
},
{
	"enabled": true,
	"op": "move",
	"frompath": "/temp",
	"path": "/transitionablePropsByType/*",
	"file": "expandedfoods:itemtypes/food/dryfruit.json",
	"side": "server",
    "dependsOn": [{ "modid": "expandedfoods" }]
},
{
	"enabled": true,
	"op": "addmerge",
	"path": "/guiTransformByType",
	"value": {
		"@*-(redgrapes|greengrapes)": {
			"translation": { "x": 0, "y": 0, "z": 0 },
			"rotation": { "x": 83, "y": -103, "z": -55 },
			"origin": { "x": 0.53, "y": 0.05, "z": 0.53 },
			"scale": 2.6
		}
	},
	"file": "expandedfoods:itemtypes/food/dryfruit.json",
	"side": "server",
    "dependsOn": [{ "modid": "expandedfoods" }]
},
{
	"enabled": true,
	"op": "addmerge",
	"path": "/tpHandTransformByType",
	"value": {
		"@*-(redgrapes|greengrapes)": {
			"translation": { "x": -1.5, "y": -2.15, "z": -1.7 },
			"rotation": { "x": 180, "y": -65, "z": 18 }
		}
	},
	"file": "expandedfoods:itemtypes/food/dryfruit.json",
	"side": "server",
    "dependsOn": [{ "modid": "expandedfoods" }]
},
{
	"enabled": true,
	"op": "addmerge",
	"path": "/groundTransformByType",
	"value": {
		"@*-(redgrapes|greengrapes)": {
			"translation": { "x": 0, "y": 0.05, "z": 0 },
			"rotation": { "x": 0, "y": 0, "z": 0 },
			"origin": { "x": 0.5, "y": 0, "z": 0.5 },
			"scale": 2.3
		}
	},
	"file": "expandedfoods:itemtypes/food/dryfruit.json",
	"side": "server",
    "dependsOn": [{ "modid": "expandedfoods" }]
},
{
	"enabled": true,
	"op": "addmerge",
	"path": "/variantgroups/0/states",
	"value": ["redgrapes","greengrapes"],
	"file": "expandedfoods:itemtypes/food/gelatin.json",
	"side": "server",
    "dependsOn": [{ "modid": "expandedfoods" }]
},
{
	"enabled": true,
	"op": "addmerge",
	"path": "/attributes/inPiePropertiesByType",
	"value": {
			"*-redgrapes": { "texture": "game:item/gelatin/redgrapes", "partType": "Filling" },
			"*-greengrapes": { "texture": "game:item/gelatin/greengrapes", "partType": "Filling" }
	},
	"file": "expandedfoods:itemtypes/food/gelatin.json",
	"side": "server",
    "dependsOn": [{ "modid": "expandedfoods" }]
},
{
	"enabled": true,
	"op": "addmerge",
	"path": "/nutritionPropsByType",
	"value": {
			"*-redgrapes": { "saturation": 230, "health": 3, "foodcategory": "Fruit" },
			"*-greengrapes": { "saturation": 230, "health": 3, "foodcategory": "Fruit" }
	},
	"file": "expandedfoods:itemtypes/food/gelatin.json",
	"side": "server",
    "dependsOn": [{ "modid": "expandedfoods" }]
},
{
	"enabled": true,
	"op": "replace",
	"path": "/attributes/waterTightContainerProps/nutritionPropsPerLitreByType",
	"value": {
			"@*-(plain|birch|maple|honey|apple|blueberry|cranberry|redcurrant|whitecurrant|blackcurrant|saguaro|pineapple|cherry|peach|pear|orange|mango|breadfruit|lychee|pomegranate|achacha|apricot|beautyberry|bitternightshade|blacknightshade|blacknightshadeunripe|blueraspberry|bluetongue|brambleberry|bunchberry|bushlawyer|cashewapple|cheeseberry|cherryplum|citron|cloudberry|cocoa|coralbead|creepingpine|crowberry|crowseye|dogrose|elderberry|engkala|falseorange|falsestrawberry|feijoa|fig|fingerlime|flaxlily|foxgrape|fractureberry|gardenstrawberry|gooseberry|guajava|hawthorn|honeypots|honeysuckle|huckleberry|husktomato|illawarra|jujube|juniper|kakaha|kawakawa|knyazberry|kumquat|lemonaspen|lillypillypink|lingonberry|loquat|midyimberry|mingimingi|munthari|naranjilla|numnum|pandanbits|pilo|pineheath|pittedbeachalmond|pittedchinaberry|pokeberry|pomelo|pricklyheath|purpleplum|quince|raspberry|redgrape|redquandong|roseapple|rowanberry|rubysaltbush|sallowthorn|seamango|silvernettle|snowberry|spindle|strawberry|sumac|turkscap|ugni|virgingrape|whitegrape|wolfberry|redgrapes|greengrapes)":
			{ "saturation": 300, "health": 10, "foodcategory": "Dairy" }
	},
	"file": "expandedfoods:itemtypes/liquid/yogurt.json",
	"side": "server",
    "dependsOn": [{ "modid": "expandedfoods" }]
},
{
	"enabled": true,
	"op": "addmerge",
	"path": "/variantgroups/0/states",
	"value": ["redgrapes","greengrapes"],
	"file": "expandedfoods:itemtypes/liquid/yogurt.json",
	"side": "server",
    "dependsOn": [{ "modid": "expandedfoods" }]
},
{
	"enabled": true,
	"op": "addmerge",
	"path": "/0",
	"value": {
		"code": "winevinegar",
		"sealHours": 336,
		"ingredients": [ { "type": "item", "code": "game:ciderportion-redgrapes", "litres": 0.1 } ],
		"output": { "type": "item", "code": "game:vinegarportion", "litres": 0.1 }
	},
	"file": "game:recipes/barrel/winevinegar.json",
	"side": "server",
    "dependsOn": [{ "modid": "expandedfoods" }]
},
{
	"enabled": true,
	"op": "addmerge",
	"path": "/0",
	"value": {
		"code": "winevinegar",
		"sealHours": 336,
		"ingredients": [ { "type": "item", "code": "game:ciderportion-greengrapes", "litres": 0.1 } ],
		"output": { "type": "item", "code": "game:vinegarportion", "litres": 0.1 }
	},
	"file": "game:recipes/barrel/winevinegar.json",
	"side": "server",
    "dependsOn": [{ "modid": "expandedfoods" }]
},
{
	"enabled": true,
	"op": "addmerge",
	"path": "/0",
	"value": {
		"code": "winevinegar",
		"sealHours": 336,
		"ingredients": [ { "type": "item", "code": "expandedfoods:strongwineportion-redgrapes", "litres": 0.1 } ],
		"output": { "type": "item", "code": "game:vinegarportion", "litres": 0.1 }
	},
	"file": "game:recipes/barrel/winevinegar.json",
	"side": "server",
    "dependsOn": [{ "modid": "expandedfoods" }]
},
{
	"enabled": true,
	"op": "addmerge",
	"path": "/0",
	"value": {
		"code": "winevinegar",
		"sealHours": 336,
		"ingredients": [ { "type": "item", "code": "expandedfoods:strongwineportion-greengrapes", "litres": 0.1 } ],
		"output": { "type": "item", "code": "game:vinegarportion", "litres": 0.1 }
	},
	"file": "game:recipes/barrel/winevinegar.json",
	"side": "server",
    "dependsOn": [{ "modid": "expandedfoods" }]
},

{
	"enabled": true,
	"op": "addmerge",
	"path": "/0",
	"value": {
		"code": "winevinegar",
		"sealHours": 336,
		"ingredients": [ { "type": "item", "code": "expandedfoods:potentwineportion-redgrapes", "litres": 0.1 } ],
		"output": { "type": "item", "code": "game:vinegarportion", "litres": 0.1 }
	},
	"file": "game:recipes/barrel/winevinegar.json",
	"side": "server",
    "dependsOn": [{ "modid": "expandedfoods" }]
},
{
	"enabled": true,
	"op": "addmerge",
	"path": "/0",
	"value": {
		"code": "winevinegar",
		"sealHours": 336,
		"ingredients": [ { "type": "item", "code": "expandedfoods:potentwineportion-greengrapes", "litres": 0.1 } ],
		"output": { "type": "item", "code": "game:vinegarportion", "litres": 0.1 }
	},
	"file": "game:recipes/barrel/winevinegar.json",
	"side": "server",
    "dependsOn": [{ "modid": "expandedfoods" }]
}
]