[
	{
		"ingredientPattern": "_QM,GAG,_W_",
		"ingredients": {
			"Q": {
				"type": "block",
				"code": "game:glassslab-plain-down-free"
			},
			"M": {
				"type": "item",
				"code": "game:metallamellae-gold"
			},
			"A": {
				"type": "item",
				"code": "game:gear-temporal"
			},
			"G": {
				"type": "item",
				"code": "game:gear-rusty",
				"quantity": 2
			},
			"W": {
				"type": "item",
				"code": "game:plank-*",
				"quantity": 2
			}
		},
		"width": 3,
		"height": 3,
		"output": { "type": "item", "code": "pysicalmap_tk:temporal-compass", "quantity": 1 }
	}
]