{
	"editor": {
		"allAngles": false,
		"entityTextureMode": false
	},
	"textureWidth": 16,
	"textureHeight": 16,
	"textureSizes": {
	},
	"textures": {
		"e": "crop/turnip/e5",
		"s": "crop/turnip/s5",
		"bulb": "crop/turnip/bulb"
	},
	"elements": [
		{
			"name": "turnip 1",
			"from": [ 3.5, 0.0, 6.5 ], 
			"to": [ 5.5, 1.0, 8.5 ], 
			"rotationOrigin": [ 4.5, 0.0, 7.5 ],
			"rotationY": 22.5,
			"faces": {
				"north": { "texture": "#bulb", "uv": [ 5.0, 14.0, 7.0, 15.0 ], "windMode": [0,0,0,0] },
				"east": { "texture": "#bulb", "uv": [ 5.0, 14.0, 7.0, 15.0 ], "windMode": [0,0,0,0] },
				"south": { "texture": "#bulb", "uv": [ 10.0, 14.0, 12.0, 15.0 ], "windMode": [0,0,0,0] },
				"west": { "texture": "#bulb", "uv": [ 11.0, 14.0, 13.0, 15.0 ], "windMode": [0,0,0,0] },
				"up": { "texture": "#bulb", "uv": [ 7.0, 10.0, 9.0, 12.0 ], "windMode": [0,0,0,0] },
				"down": { "texture": "#bulb", "uv": [ 4.0, 3.0, 6.0, 5.0 ], "enabled": false }
			},
			"children": [
				{
					"name": "turnip 1 top",
					"from": [ 0.25, 1.0, 0.25 ], 
					"to": [ 1.75, 1.5, 1.75 ], 
					"rotationOrigin": [ -0.5, 0.0, -0.5 ],
					"faces": {
						"north": { "texture": "#bulb", "uv": [ 1.0, 9.0, 2.5, 9.5 ], "windMode": [0,0,0,0] },
						"east": { "texture": "#bulb", "uv": [ 3.0, 11.0, 4.5, 11.5 ], "windMode": [0,0,0,0] },
						"south": { "texture": "#bulb", "uv": [ 12.0, 11.0, 13.5, 11.5 ], "windMode": [0,0,0,0] },
						"west": { "texture": "#bulb", "uv": [ 3.0, 12.0, 4.5, 12.5 ], "windMode": [0,0,0,0] },
						"up": { "texture": "#bulb", "uv": [ 9.0, 9.0, 10.5, 10.5 ], "windMode": [0,0,0,0] },
						"down": { "texture": "#bulb", "uv": [ 9.0, 7.0, 10.5, 8.5 ], "enabled": false }
					}
				},
				{
					"name": "s 1",
					"from": [ -5.5, 0.0, 1.0 ], 
					"to": [ 7.5, 12.0, 1.0 ], 
					"shade": false,
					"rotationOrigin": [ 1.0, 0.0, 1.0 ],
					"faces": {
						"north": { "texture": "#leaves-we-5", "uv": [ 0.0, 0.0, 13.0, 12.0 ], "enabled": false },
						"east": { "texture": "#null", "uv": [ 0.0, 0.0, 0.5, 12.0 ], "enabled": false },
						"south": { "texture": "#s", "uv": [ 1.5, 4.0, 14.5, 16.0 ], "windMode": [0,0,2,2] },
						"west": { "texture": "#null", "uv": [ 0.0, 0.0, 0.5, 12.0 ], "enabled": false },
						"up": { "texture": "#null", "uv": [ 0.0, 0.0, 13.0, 0.5 ], "enabled": false },
						"down": { "texture": "#null", "uv": [ 0.0, 0.0, 13.0, 0.5 ], "enabled": false }
					}
				},
				{
					"name": "e 1",
					"from": [ 1.0, 0.0, -5.5 ], 
					"to": [ 1.0, 12.0, 7.5 ], 
					"shade": false,
					"rotationOrigin": [ 1.0, 0.0, 1.0 ],
					"faces": {
						"north": { "texture": "#null", "uv": [ 0.0, 0.0, 0.5, 12.0 ], "enabled": false },
						"east": { "texture": "#e", "uv": [ 1.5, 4.0, 14.5, 16.0 ], "windMode": [0,2,2,0] },
						"south": { "texture": "#null", "uv": [ 0.0, 0.0, 0.5, 12.0 ], "enabled": false },
						"west": { "texture": "#null", "uv": [ 0.0, 0.0, 13.0, 12.0 ], "enabled": false },
						"up": { "texture": "#null", "uv": [ 0.0, 0.0, 0.5, 13.0 ], "enabled": false },
						"down": { "texture": "#null", "uv": [ 0.0, 0.0, 0.5, 13.0 ], "enabled": false }
					}
				}
			]
		},
		{
			"name": "turnip 2",
			"from": [ 10.5, 0.0, 7.5 ], 
			"to": [ 12.5, 0.5, 9.5 ], 
			"rotationOrigin": [ 11.5, 0.0, 8.5 ],
			"rotationY": -45.0,
			"faces": {
				"north": { "texture": "#bulb", "uv": [ 6.0, 6.0, 8.0, 6.5 ], "windMode": [0,0,0,0] },
				"east": { "texture": "#bulb", "uv": [ 10.0, 6.0, 12.0, 6.5 ], "windMode": [0,0,0,0] },
				"south": { "texture": "#bulb", "uv": [ 12.0, 6.0, 14.0, 6.5 ], "windMode": [0,0,0,0] },
				"west": { "texture": "#bulb", "uv": [ 7.0, 6.0, 9.0, 6.5 ], "windMode": [0,0,0,0] },
				"up": { "texture": "#bulb", "uv": [ 5.0, 3.0, 7.0, 5.0 ], "windMode": [0,0,0,0] },
				"down": { "texture": "#bulb", "uv": [ 4.0, 3.0, 6.0, 5.0 ], "enabled": false }
			},
			"children": [
				{
					"name": "turnip 2 top",
					"from": [ 0.25, 0.5, 0.25 ], 
					"to": [ 1.75, 1.0, 1.75 ], 
					"rotationOrigin": [ -0.5, -1.0, -0.5 ],
					"rotationY": 0.0,
					"faces": {
						"north": { "texture": "#bulb", "uv": [ 6.0, 5.0, 7.5, 5.5 ], "windMode": [0,0,0,0] },
						"east": { "texture": "#bulb", "uv": [ 10.0, 4.0, 11.5, 4.5 ], "windMode": [0,0,0,0] },
						"south": { "texture": "#bulb", "uv": [ 4.0, 4.0, 5.5, 4.5 ], "windMode": [0,0,0,0] },
						"west": { "texture": "#bulb", "uv": [ 10.0, 2.0, 11.5, 2.5 ], "windMode": [0,0,0,0] },
						"up": { "texture": "#bulb", "uv": [ 4.0, 3.0, 5.5, 4.5 ], "windMode": [0,0,0,0] },
						"down": { "texture": "#bulb", "uv": [ 9.0, 7.0, 10.5, 8.5 ], "enabled": false }
					}
				},
				{
					"name": "s 2",
					"from": [ -5.5, -0.5, 1.0 ], 
					"to": [ 7.5, 11.5, 1.0 ], 
					"shade": false,
					"rotationOrigin": [ 1.0, -1.0, 1.0 ],
					"rotationY": 0.0,
					"faces": {
						"north": { "texture": "#null", "uv": [ 0.0, 0.0, 13.0, 12.0 ], "enabled": false },
						"east": { "texture": "#null", "uv": [ 0.0, 0.0, 0.5, 12.0 ], "enabled": false },
						"south": { "texture": "#s", "uv": [ 1.5, 4.0, 14.5, 16.0 ], "windMode": [0,0,2,2] },
						"west": { "texture": "#null", "uv": [ 0.0, 0.0, 0.5, 12.0 ], "enabled": false },
						"up": { "texture": "#null", "uv": [ 0.0, 0.0, 13.0, 0.5 ], "enabled": false },
						"down": { "texture": "#null", "uv": [ 0.0, 0.0, 13.0, 0.5 ], "enabled": false }
					}
				},
				{
					"name": "e 2",
					"from": [ 1.0, -0.5, -5.5 ], 
					"to": [ 1.0, 11.5, 7.5 ], 
					"shade": false,
					"rotationOrigin": [ 1.0, -1.0, 1.0 ],
					"rotationY": 0.0,
					"faces": {
						"north": { "texture": "#null", "uv": [ 0.0, 0.0, 0.5, 12.0 ], "enabled": false },
						"east": { "texture": "#e", "uv": [ 1.5, 4.0, 14.5, 16.0 ], "windMode": [0,2,2,0] },
						"south": { "texture": "#null", "uv": [ 0.0, 0.0, 0.5, 12.0 ], "enabled": false },
						"west": { "texture": "#null", "uv": [ 0.0, 0.0, 13.0, 12.0 ], "enabled": false },
						"up": { "texture": "#null", "uv": [ 0.0, 0.0, 0.5, 13.0 ], "enabled": false },
						"down": { "texture": "#null", "uv": [ 0.0, 0.0, 0.5, 13.0 ], "enabled": false }
					}
				}
			]
		}
	]}