﻿[
  {
    "file": "game:itemtypes/tool/pickaxe",
    "op": "addmerge",
    "path": "/attributes",
    "value": {
      "ReadyAnimation": "combatoverhaul:pickaxe-ready",
      "IdleAnimation": "combatoverhaul:pickaxe-idle",
      "SwingForwardAnimation": ["combatoverhaul:pickaxe-swing-forward-1", "combatoverhaul:pickaxe-swing-forward-2", "combatoverhaul:pickaxe-swing-forward-3"],
      "SwingBackAnimation": "combatoverhaul:pickaxe-swing-back",
      "SwingTpAnimation": "pickaxe",
      "AnimationSpeedBonusFromMiningSpeed": 0.3,
      "RenderingOffset": false,
      "Collider": [1, 0.05, 0.58, 0.9, 0.05, 1.18],
      "Attack": {
        "StopOnTerrainHit": false,
        "StopOnEntityHit": true,
        "CollideWithTerrain": true,
        "MaxReach": 9,
        "DamageTypes": [
          {
            "DamageByType": {
              "*-copper": {"DamageType": "PiercingAttack", "Strength": 2, "Damage": 2},
              "*-*bronze": {"DamageType": "PiercingAttack", "Strength": 3, "Damage": 2},
              "*-gold": {"DamageType": "PiercingAttack", "Strength": 1, "Damage": 2},
              "*-silver": {"DamageType": "PiercingAttack", "Strength": 1, "Damage": 2},
              "*-iron": {"DamageType": "PiercingAttack", "Strength": 4, "Damage": 2},
              "*-meteoriciron": {"DamageType": "PiercingAttack", "Strength": 4, "Damage": 2},
              "*-steel": {"DamageType": "PiercingAttack", "Strength": 5, "Damage": 2}
            },
            "Knockback": 0.5,
            "DurabilityDamage": 1,
            "Collider": [1, 0.05, 0.58, 0.9, 0.05, 1.18]
          }
        ]
      },
      "AttackAnimation": "combatoverhaul:pickaxe-attack",
      "AttackTpAnimation": "falx"
    }
  },
  {"file": "game:itemtypes/tool/pickaxe", "op": "add", "path": "/class", "value": "CombatOverhaul:Pickaxe"}
]