{
  "editor": {
    "allAngles": false,
    "entityTextureMode": false
  },
  "textureWidth": 16,
  "textureHeight": 16,
  "textureSizes": {
  },
  "textures": {
    "glass": "block/lamp-disabled",
    "iron": "block/iron",
    "copper": "block/copper"
  },
  "elements": [
    {
      "name": "Cube2",
      "from": [
        5.0,
        -1.0,
        4.0
      ],
      "to": [
        11.0,
        1.0,
        12.0
      ],
      "rotationOrigin": [
        5.0,
        -1.0,
        4.0
      ],
      "faces": {
        "north": {
          "texture": "#glass",
          "uv": [
            0.0,
            15.0,
            16.0,
            16.0
          ],
          "autoUv": false
        },
        "east": {
          "texture": "#glass",
          "uv": [
            0.0,
            15.0,
            16.0,
            16.0
          ],
          "autoUv": false
        },
        "south": {
          "texture": "#glass",
          "uv": [
            0.0,
            15.0,
            16.0,
            16.0
          ],
          "autoUv": false
        },
        "west": {
          "texture": "#glass",
          "uv": [
            0.0,
            15.0,
            16.0,
            16.0
          ],
          "autoUv": false
        },
        "up": {
          "texture": "#glass",
          "uv": [
            0.0,
            0.0,
            16.0,
            16.0
          ],
          "autoUv": false
        },
        "down": {
          "texture": "#iron",
          "uv": [
            0.0,
            0.0,
            16.0,
            16.0
          ],
          "autoUv": false
        }
      }
    },
    {
      "name": "Cube",
      "from": [
        7.5,
        -0.5,
        -0.5
      ],
      "to": [
        8.5,
        0.5,
        7.5
      ],
      "rotationOrigin": [
        8.0,
        8.0,
        8.0
      ],
      "faces": {
        "north": {
          "texture": "#copper",
          "uv": [
            0.0,
            0.0,
            1.0,
            1.0
          ]
        },
        "east": {
          "texture": "#copper",
          "uv": [
            0.0,
            0.0,
            8.0,
            1.0
          ]
        },
        "south": {
          "texture": "#copper",
          "uv": [
            0.0,
            0.0,
            1.0,
            1.0
          ]
        },
        "west": {
          "texture": "#copper",
          "uv": [
            0.0,
            0.0,
            8.0,
            1.0
          ]
        },
        "up": {
          "texture": "#copper",
          "uv": [
            0.0,
            0.0,
            1.0,
            8.0
          ]
        },
        "down": {
          "texture": "#copper",
          "uv": [
            0.0,
            0.0,
            1.0,
            8.0
          ]
        }
      }
    }
  ]
}