{
  "editor": {
    "allAngles": false,
    "entityTextureMode": false
  },
  "textureWidth": 16,
  "textureHeight": 16,
  "textureSizes": {
  },
  "textures": {
    "oak": "block/oak",
    "copper": "block/copper",
    "iron": "block/iron"
  },
  "elements": [
    {
      "name": "Cube4",
      "from": [
        0.0,
        7.0,
        6.0
      ],
      "to": [
        14.0,
        9.0,
        10.0
      ],
      "rotationOrigin": [
        8.0,
        8.0,
        8.0
      ],
      "rotationY": -90.0,
      "faces": {
        "north": {
          "texture": "#oak",
          "uv": [
            0.0,
            0.0,
            14.0,
            2.0
          ]
        },
        "east": {
          "texture": "#oak",
          "uv": [
            0.0,
            0.0,
            4.0,
            2.0
          ]
        },
        "south": {
          "texture": "#oak",
          "uv": [
            0.0,
            0.0,
            14.0,
            2.0
          ]
        },
        "west": {
          "texture": "#oak",
          "uv": [
            0.0,
            0.0,
            4.0,
            2.0
          ]
        },
        "up": {
          "texture": "#oak",
          "uv": [
            0.0,
            0.0,
            14.0,
            4.0
          ]
        },
        "down": {
          "texture": "#oak",
          "uv": [
            0.0,
            0.0,
            14.0,
            4.0
          ]
        }
      },
      "children": [
        {
          "name": "Cube5",
          "from": [
            2.5,
            5.0,
            0.5
          ],
          "to": [
            13.5,
            6.0,
            3.5
          ],
          "rotationOrigin": [
            2.0,
            1.0,
            2.0
          ],
          "faces": {
            "north": {
              "texture": "#copper",
              "uv": [
                0.0,
                0.0,
                11.0,
                1.0
              ]
            },
            "east": {
              "texture": "#copper",
              "uv": [
                0.0,
                0.0,
                3.0,
                1.0
              ]
            },
            "south": {
              "texture": "#copper",
              "uv": [
                0.0,
                0.0,
                11.0,
                1.0
              ]
            },
            "west": {
              "texture": "#copper",
              "uv": [
                0.0,
                0.0,
                3.0,
                1.0
              ]
            },
            "up": {
              "texture": "#copper",
              "uv": [
                0.0,
                0.0,
                11.0,
                3.0
              ]
            },
            "down": {
              "texture": "#copper",
              "uv": [
                0.0,
                0.0,
                11.0,
                3.0
              ]
            }
          },
          "children": [
            {
              "name": "Cube6",
              "from": [
                0.5,
                -0.5,
                0.5
              ],
              "to": [
                10.5,
                1.5,
                2.5
              ],
              "rotationOrigin": [
                2.0,
                -1.0,
                2.0
              ],
              "faces": {
                "north": {
                  "texture": "#iron",
                  "uv": [
                    0.0,
                    0.0,
                    10.0,
                    2.0
                  ]
                },
                "east": {
                  "texture": "#iron",
                  "uv": [
                    0.0,
                    0.0,
                    2.0,
                    2.0
                  ]
                },
                "south": {
                  "texture": "#iron",
                  "uv": [
                    0.0,
                    0.0,
                    10.0,
                    2.0
                  ]
                },
                "west": {
                  "texture": "#iron",
                  "uv": [
                    0.0,
                    0.0,
                    2.0,
                    2.0
                  ]
                },
                "up": {
                  "texture": "#iron",
                  "uv": [
                    0.0,
                    0.0,
                    10.0,
                    2.0
                  ]
                },
                "down": {
                  "texture": "#iron",
                  "uv": [
                    0.0,
                    0.0,
                    10.0,
                    2.0
                  ]
                }
              }
            },
            {
              "name": "Cube7",
              "from": [
                1.5,
                -3.0,
                1.0
              ],
              "to": [
                9.5,
                -0.5,
                2.0
              ],
              "rotationOrigin": [
                1.0,
                -2.0,
                3.5
              ],
              "faces": {
                "north": {
                  "texture": "#oak",
                  "uv": [
                    0.0,
                    0.0,
                    8.0,
                    2.5
                  ]
                },
                "east": {
                  "texture": "#oak",
                  "uv": [
                    0.0,
                    0.0,
                    1.0,
                    2.5
                  ]
                },
                "south": {
                  "texture": "#oak",
                  "uv": [
                    0.0,
                    0.0,
                    8.0,
                    2.5
                  ]
                },
                "west": {
                  "texture": "#oak",
                  "uv": [
                    0.0,
                    0.0,
                    1.0,
                    2.5
                  ]
                },
                "up": {
                  "texture": "#oak",
                  "uv": [
                    0.0,
                    0.0,
                    8.0,
                    1.0
                  ]
                },
                "down": {
                  "texture": "#oak",
                  "uv": [
                    0.0,
                    0.0,
                    8.0,
                    1.0
                  ]
                }
              }
            }
          ]
        },
        {
          "name": "Cube11",
          "from": [
            2.5,
            5.0,
            0.5
          ],
          "to": [
            13.5,
            6.0,
            3.5
          ],
          "rotationOrigin": [
            2.0,
            1.0,
            2.0
          ],
          "rotationX": 45.0,
          "faces": {
            "north": {
              "texture": "#copper",
              "uv": [
                0.0,
                0.0,
                11.0,
                1.0
              ]
            },
            "east": {
              "texture": "#copper",
              "uv": [
                0.0,
                0.0,
                3.0,
                1.0
              ]
            },
            "south": {
              "texture": "#copper",
              "uv": [
                0.0,
                0.0,
                11.0,
                1.0
              ]
            },
            "west": {
              "texture": "#copper",
              "uv": [
                0.0,
                0.0,
                3.0,
                1.0
              ]
            },
            "up": {
              "texture": "#copper",
              "uv": [
                0.0,
                0.0,
                11.0,
                3.0
              ]
            },
            "down": {
              "texture": "#copper",
              "uv": [
                0.0,
                0.0,
                11.0,
                3.0
              ]
            }
          },
          "children": [
            {
              "name": "Cube11",
              "from": [
                0.5,
                -0.5,
                0.5
              ],
              "to": [
                10.5,
                1.5,
                2.5
              ],
              "rotationOrigin": [
                2.0,
                -1.0,
                2.0
              ],
              "faces": {
                "north": {
                  "texture": "#iron",
                  "uv": [
                    0.0,
                    0.0,
                    10.0,
                    2.0
                  ]
                },
                "east": {
                  "texture": "#iron",
                  "uv": [
                    0.0,
                    0.0,
                    2.0,
                    2.0
                  ]
                },
                "south": {
                  "texture": "#iron",
                  "uv": [
                    0.0,
                    0.0,
                    10.0,
                    2.0
                  ]
                },
                "west": {
                  "texture": "#iron",
                  "uv": [
                    0.0,
                    0.0,
                    2.0,
                    2.0
                  ]
                },
                "up": {
                  "texture": "#iron",
                  "uv": [
                    0.0,
                    0.0,
                    10.0,
                    2.0
                  ]
                },
                "down": {
                  "texture": "#iron",
                  "uv": [
                    0.0,
                    0.0,
                    10.0,
                    2.0
                  ]
                }
              }
            },
            {
              "name": "Cube12",
              "from": [
                1.5,
                -3.0,
                1.0
              ],
              "to": [
                9.5,
                -0.5,
                2.0
              ],
              "rotationOrigin": [
                1.0,
                -2.0,
                3.5
              ],
              "faces": {
                "north": {
                  "texture": "#oak",
                  "uv": [
                    0.0,
                    0.0,
                    8.0,
                    2.5
                  ]
                },
                "east": {
                  "texture": "#oak",
                  "uv": [
                    0.0,
                    0.0,
                    1.0,
                    2.5
                  ]
                },
                "south": {
                  "texture": "#oak",
                  "uv": [
                    0.0,
                    0.0,
                    8.0,
                    2.5
                  ]
                },
                "west": {
                  "texture": "#oak",
                  "uv": [
                    0.0,
                    0.0,
                    1.0,
                    2.5
                  ]
                },
                "up": {
                  "texture": "#oak",
                  "uv": [
                    0.0,
                    0.0,
                    8.0,
                    1.0
                  ]
                },
                "down": {
                  "texture": "#oak",
                  "uv": [
                    0.0,
                    0.0,
                    8.0,
                    1.0
                  ]
                }
              }
            }
          ]
        },
        {
          "name": "Cube13",
          "from": [
            2.5,
            5.0,
            0.5
          ],
          "to": [
            13.5,
            6.0,
            3.5
          ],
          "rotationOrigin": [
            2.0,
            1.0,
            2.0
          ],
          "rotationX": 90.0,
          "faces": {
            "north": {
              "texture": "#copper",
              "uv": [
                0.0,
                0.0,
                11.0,
                1.0
              ]
            },
            "east": {
              "texture": "#copper",
              "uv": [
                0.0,
                0.0,
                3.0,
                1.0
              ]
            },
            "south": {
              "texture": "#copper",
              "uv": [
                0.0,
                0.0,
                11.0,
                1.0
              ]
            },
            "west": {
              "texture": "#copper",
              "uv": [
                0.0,
                0.0,
                3.0,
                1.0
              ]
            },
            "up": {
              "texture": "#copper",
              "uv": [
                0.0,
                0.0,
                11.0,
                3.0
              ]
            },
            "down": {
              "texture": "#copper",
              "uv": [
                0.0,
                0.0,
                11.0,
                3.0
              ]
            }
          },
          "children": [
            {
              "name": "Cube14",
              "from": [
                0.5,
                -0.5,
                0.5
              ],
              "to": [
                10.5,
                1.5,
                2.5
              ],
              "rotationOrigin": [
                2.0,
                -1.0,
                2.0
              ],
              "faces": {
                "north": {
                  "texture": "#iron",
                  "uv": [
                    0.0,
                    0.0,
                    10.0,
                    2.0
                  ]
                },
                "east": {
                  "texture": "#iron",
                  "uv": [
                    0.0,
                    0.0,
                    2.0,
                    2.0
                  ]
                },
                "south": {
                  "texture": "#iron",
                  "uv": [
                    0.0,
                    0.0,
                    10.0,
                    2.0
                  ]
                },
                "west": {
                  "texture": "#iron",
                  "uv": [
                    0.0,
                    0.0,
                    2.0,
                    2.0
                  ]
                },
                "up": {
                  "texture": "#iron",
                  "uv": [
                    0.0,
                    0.0,
                    10.0,
                    2.0
                  ]
                },
                "down": {
                  "texture": "#iron",
                  "uv": [
                    0.0,
                    0.0,
                    10.0,
                    2.0
                  ]
                }
              }
            },
            {
              "name": "Cube15",
              "from": [
                1.5,
                -3.0,
                1.0
              ],
              "to": [
                9.5,
                -0.5,
                2.0
              ],
              "rotationOrigin": [
                1.0,
                -2.0,
                3.5
              ],
              "faces": {
                "north": {
                  "texture": "#oak",
                  "uv": [
                    0.0,
                    0.0,
                    8.0,
                    2.5
                  ]
                },
                "east": {
                  "texture": "#oak",
                  "uv": [
                    0.0,
                    0.0,
                    1.0,
                    2.5
                  ]
                },
                "south": {
                  "texture": "#oak",
                  "uv": [
                    0.0,
                    0.0,
                    8.0,
                    2.5
                  ]
                },
                "west": {
                  "texture": "#oak",
                  "uv": [
                    0.0,
                    0.0,
                    1.0,
                    2.5
                  ]
                },
                "up": {
                  "texture": "#oak",
                  "uv": [
                    0.0,
                    0.0,
                    8.0,
                    1.0
                  ]
                },
                "down": {
                  "texture": "#oak",
                  "uv": [
                    0.0,
                    0.0,
                    8.0,
                    1.0
                  ]
                }
              }
            }
          ]
        },
        {
          "name": "Cube16",
          "from": [
            2.5,
            5.0,
            0.5
          ],
          "to": [
            13.5,
            6.0,
            3.5
          ],
          "rotationOrigin": [
            2.0,
            1.0,
            2.0
          ],
          "rotationX": 135.0,
          "faces": {
            "north": {
              "texture": "#copper",
              "uv": [
                0.0,
                0.0,
                11.0,
                1.0
              ]
            },
            "east": {
              "texture": "#copper",
              "uv": [
                0.0,
                0.0,
                3.0,
                1.0
              ]
            },
            "south": {
              "texture": "#copper",
              "uv": [
                0.0,
                0.0,
                11.0,
                1.0
              ]
            },
            "west": {
              "texture": "#copper",
              "uv": [
                0.0,
                0.0,
                3.0,
                1.0
              ]
            },
            "up": {
              "texture": "#copper",
              "uv": [
                0.0,
                0.0,
                11.0,
                3.0
              ]
            },
            "down": {
              "texture": "#copper",
              "uv": [
                0.0,
                0.0,
                11.0,
                3.0
              ]
            }
          },
          "children": [
            {
              "name": "Cube17",
              "from": [
                0.5,
                -0.5,
                0.5
              ],
              "to": [
                10.5,
                1.5,
                2.5
              ],
              "rotationOrigin": [
                2.0,
                -1.0,
                2.0
              ],
              "faces": {
                "north": {
                  "texture": "#iron",
                  "uv": [
                    0.0,
                    0.0,
                    10.0,
                    2.0
                  ]
                },
                "east": {
                  "texture": "#iron",
                  "uv": [
                    0.0,
                    0.0,
                    2.0,
                    2.0
                  ]
                },
                "south": {
                  "texture": "#iron",
                  "uv": [
                    0.0,
                    0.0,
                    10.0,
                    2.0
                  ]
                },
                "west": {
                  "texture": "#iron",
                  "uv": [
                    0.0,
                    0.0,
                    2.0,
                    2.0
                  ]
                },
                "up": {
                  "texture": "#iron",
                  "uv": [
                    0.0,
                    0.0,
                    10.0,
                    2.0
                  ]
                },
                "down": {
                  "texture": "#iron",
                  "uv": [
                    0.0,
                    0.0,
                    10.0,
                    2.0
                  ]
                }
              }
            },
            {
              "name": "Cube18",
              "from": [
                1.5,
                -3.0,
                1.0
              ],
              "to": [
                9.5,
                -0.5,
                2.0
              ],
              "rotationOrigin": [
                1.0,
                -2.0,
                3.5
              ],
              "faces": {
                "north": {
                  "texture": "#oak",
                  "uv": [
                    0.0,
                    0.0,
                    8.0,
                    2.5
                  ]
                },
                "east": {
                  "texture": "#oak",
                  "uv": [
                    0.0,
                    0.0,
                    1.0,
                    2.5
                  ]
                },
                "south": {
                  "texture": "#oak",
                  "uv": [
                    0.0,
                    0.0,
                    8.0,
                    2.5
                  ]
                },
                "west": {
                  "texture": "#oak",
                  "uv": [
                    0.0,
                    0.0,
                    1.0,
                    2.5
                  ]
                },
                "up": {
                  "texture": "#oak",
                  "uv": [
                    0.0,
                    0.0,
                    8.0,
                    1.0
                  ]
                },
                "down": {
                  "texture": "#oak",
                  "uv": [
                    0.0,
                    0.0,
                    8.0,
                    1.0
                  ]
                }
              }
            }
          ]
        },
        {
          "name": "Cube19",
          "from": [
            2.5,
            5.0,
            0.5
          ],
          "to": [
            13.5,
            6.0,
            3.5
          ],
          "rotationOrigin": [
            2.0,
            1.0,
            2.0
          ],
          "rotationX": -180.0,
          "faces": {
            "north": {
              "texture": "#copper",
              "uv": [
                0.0,
                0.0,
                11.0,
                1.0
              ]
            },
            "east": {
              "texture": "#copper",
              "uv": [
                0.0,
                0.0,
                3.0,
                1.0
              ]
            },
            "south": {
              "texture": "#copper",
              "uv": [
                0.0,
                0.0,
                11.0,
                1.0
              ]
            },
            "west": {
              "texture": "#copper",
              "uv": [
                0.0,
                0.0,
                3.0,
                1.0
              ]
            },
            "up": {
              "texture": "#copper",
              "uv": [
                0.0,
                0.0,
                11.0,
                3.0
              ]
            },
            "down": {
              "texture": "#copper",
              "uv": [
                0.0,
                0.0,
                11.0,
                3.0
              ]
            }
          },
          "children": [
            {
              "name": "Cube20",
              "from": [
                0.5,
                -0.5,
                0.5
              ],
              "to": [
                10.5,
                1.5,
                2.5
              ],
              "rotationOrigin": [
                2.0,
                -1.0,
                2.0
              ],
              "faces": {
                "north": {
                  "texture": "#iron",
                  "uv": [
                    0.0,
                    0.0,
                    10.0,
                    2.0
                  ]
                },
                "east": {
                  "texture": "#iron",
                  "uv": [
                    0.0,
                    0.0,
                    2.0,
                    2.0
                  ]
                },
                "south": {
                  "texture": "#iron",
                  "uv": [
                    0.0,
                    0.0,
                    10.0,
                    2.0
                  ]
                },
                "west": {
                  "texture": "#iron",
                  "uv": [
                    0.0,
                    0.0,
                    2.0,
                    2.0
                  ]
                },
                "up": {
                  "texture": "#iron",
                  "uv": [
                    0.0,
                    0.0,
                    10.0,
                    2.0
                  ]
                },
                "down": {
                  "texture": "#iron",
                  "uv": [
                    0.0,
                    0.0,
                    10.0,
                    2.0
                  ]
                }
              }
            },
            {
              "name": "Cube21",
              "from": [
                1.5,
                -3.0,
                1.0
              ],
              "to": [
                9.5,
                -0.5,
                2.0
              ],
              "rotationOrigin": [
                1.0,
                -2.0,
                3.5
              ],
              "faces": {
                "north": {
                  "texture": "#oak",
                  "uv": [
                    0.0,
                    0.0,
                    8.0,
                    2.5
                  ]
                },
                "east": {
                  "texture": "#oak",
                  "uv": [
                    0.0,
                    0.0,
                    1.0,
                    2.5
                  ]
                },
                "south": {
                  "texture": "#oak",
                  "uv": [
                    0.0,
                    0.0,
                    8.0,
                    2.5
                  ]
                },
                "west": {
                  "texture": "#oak",
                  "uv": [
                    0.0,
                    0.0,
                    1.0,
                    2.5
                  ]
                },
                "up": {
                  "texture": "#oak",
                  "uv": [
                    0.0,
                    0.0,
                    8.0,
                    1.0
                  ]
                },
                "down": {
                  "texture": "#oak",
                  "uv": [
                    0.0,
                    0.0,
                    8.0,
                    1.0
                  ]
                }
              }
            }
          ]
        },
        {
          "name": "Cube22",
          "from": [
            2.5,
            5.0,
            0.5
          ],
          "to": [
            13.5,
            6.0,
            3.5
          ],
          "rotationOrigin": [
            2.0,
            1.0,
            2.0
          ],
          "rotationX": -135.0,
          "faces": {
            "north": {
              "texture": "#copper",
              "uv": [
                0.0,
                0.0,
                11.0,
                1.0
              ]
            },
            "east": {
              "texture": "#copper",
              "uv": [
                0.0,
                0.0,
                3.0,
                1.0
              ]
            },
            "south": {
              "texture": "#copper",
              "uv": [
                0.0,
                0.0,
                11.0,
                1.0
              ]
            },
            "west": {
              "texture": "#copper",
              "uv": [
                0.0,
                0.0,
                3.0,
                1.0
              ]
            },
            "up": {
              "texture": "#copper",
              "uv": [
                0.0,
                0.0,
                11.0,
                3.0
              ]
            },
            "down": {
              "texture": "#copper",
              "uv": [
                0.0,
                0.0,
                11.0,
                3.0
              ]
            }
          },
          "children": [
            {
              "name": "Cube23",
              "from": [
                0.5,
                -0.5,
                0.5
              ],
              "to": [
                10.5,
                1.5,
                2.5
              ],
              "rotationOrigin": [
                2.0,
                -1.0,
                2.0
              ],
              "faces": {
                "north": {
                  "texture": "#iron",
                  "uv": [
                    0.0,
                    0.0,
                    10.0,
                    2.0
                  ]
                },
                "east": {
                  "texture": "#iron",
                  "uv": [
                    0.0,
                    0.0,
                    2.0,
                    2.0
                  ]
                },
                "south": {
                  "texture": "#iron",
                  "uv": [
                    0.0,
                    0.0,
                    10.0,
                    2.0
                  ]
                },
                "west": {
                  "texture": "#iron",
                  "uv": [
                    0.0,
                    0.0,
                    2.0,
                    2.0
                  ]
                },
                "up": {
                  "texture": "#iron",
                  "uv": [
                    0.0,
                    0.0,
                    10.0,
                    2.0
                  ]
                },
                "down": {
                  "texture": "#iron",
                  "uv": [
                    0.0,
                    0.0,
                    10.0,
                    2.0
                  ]
                }
              }
            },
            {
              "name": "Cube24",
              "from": [
                1.5,
                -3.0,
                1.0
              ],
              "to": [
                9.5,
                -0.5,
                2.0
              ],
              "rotationOrigin": [
                1.0,
                -2.0,
                3.5
              ],
              "faces": {
                "north": {
                  "texture": "#oak",
                  "uv": [
                    0.0,
                    0.0,
                    8.0,
                    2.5
                  ]
                },
                "east": {
                  "texture": "#oak",
                  "uv": [
                    0.0,
                    0.0,
                    1.0,
                    2.5
                  ]
                },
                "south": {
                  "texture": "#oak",
                  "uv": [
                    0.0,
                    0.0,
                    8.0,
                    2.5
                  ]
                },
                "west": {
                  "texture": "#oak",
                  "uv": [
                    0.0,
                    0.0,
                    1.0,
                    2.5
                  ]
                },
                "up": {
                  "texture": "#oak",
                  "uv": [
                    0.0,
                    0.0,
                    8.0,
                    1.0
                  ]
                },
                "down": {
                  "texture": "#oak",
                  "uv": [
                    0.0,
                    0.0,
                    8.0,
                    1.0
                  ]
                }
              }
            }
          ]
        },
        {
          "name": "Cube25",
          "from": [
            2.5,
            5.0,
            0.5
          ],
          "to": [
            13.5,
            6.0,
            3.5
          ],
          "rotationOrigin": [
            2.0,
            1.0,
            2.0
          ],
          "rotationX": -90.0,
          "faces": {
            "north": {
              "texture": "#copper",
              "uv": [
                0.0,
                0.0,
                11.0,
                1.0
              ]
            },
            "east": {
              "texture": "#copper",
              "uv": [
                0.0,
                0.0,
                3.0,
                1.0
              ]
            },
            "south": {
              "texture": "#copper",
              "uv": [
                0.0,
                0.0,
                11.0,
                1.0
              ]
            },
            "west": {
              "texture": "#copper",
              "uv": [
                0.0,
                0.0,
                3.0,
                1.0
              ]
            },
            "up": {
              "texture": "#copper",
              "uv": [
                0.0,
                0.0,
                11.0,
                3.0
              ]
            },
            "down": {
              "texture": "#copper",
              "uv": [
                0.0,
                0.0,
                11.0,
                3.0
              ]
            }
          },
          "children": [
            {
              "name": "Cube26",
              "from": [
                0.5,
                -0.5,
                0.5
              ],
              "to": [
                10.5,
                1.5,
                2.5
              ],
              "rotationOrigin": [
                2.0,
                -1.0,
                2.0
              ],
              "faces": {
                "north": {
                  "texture": "#iron",
                  "uv": [
                    0.0,
                    0.0,
                    10.0,
                    2.0
                  ]
                },
                "east": {
                  "texture": "#iron",
                  "uv": [
                    0.0,
                    0.0,
                    2.0,
                    2.0
                  ]
                },
                "south": {
                  "texture": "#iron",
                  "uv": [
                    0.0,
                    0.0,
                    10.0,
                    2.0
                  ]
                },
                "west": {
                  "texture": "#iron",
                  "uv": [
                    0.0,
                    0.0,
                    2.0,
                    2.0
                  ]
                },
                "up": {
                  "texture": "#iron",
                  "uv": [
                    0.0,
                    0.0,
                    10.0,
                    2.0
                  ]
                },
                "down": {
                  "texture": "#iron",
                  "uv": [
                    0.0,
                    0.0,
                    10.0,
                    2.0
                  ]
                }
              }
            },
            {
              "name": "Cube27",
              "from": [
                1.5,
                -3.0,
                1.0
              ],
              "to": [
                9.5,
                -0.5,
                2.0
              ],
              "rotationOrigin": [
                1.0,
                -2.0,
                3.5
              ],
              "faces": {
                "north": {
                  "texture": "#oak",
                  "uv": [
                    0.0,
                    0.0,
                    8.0,
                    2.5
                  ]
                },
                "east": {
                  "texture": "#oak",
                  "uv": [
                    0.0,
                    0.0,
                    1.0,
                    2.5
                  ]
                },
                "south": {
                  "texture": "#oak",
                  "uv": [
                    0.0,
                    0.0,
                    8.0,
                    2.5
                  ]
                },
                "west": {
                  "texture": "#oak",
                  "uv": [
                    0.0,
                    0.0,
                    1.0,
                    2.5
                  ]
                },
                "up": {
                  "texture": "#oak",
                  "uv": [
                    0.0,
                    0.0,
                    8.0,
                    1.0
                  ]
                },
                "down": {
                  "texture": "#oak",
                  "uv": [
                    0.0,
                    0.0,
                    8.0,
                    1.0
                  ]
                }
              }
            }
          ]
        },
        {
          "name": "Cube29",
          "from": [
            2.5,
            5.0,
            0.5
          ],
          "to": [
            13.5,
            6.0,
            3.5
          ],
          "rotationOrigin": [
            2.0,
            1.0,
            2.0
          ],
          "rotationX": -45.0,
          "faces": {
            "north": {
              "texture": "#copper",
              "uv": [
                0.0,
                0.0,
                11.0,
                1.0
              ]
            },
            "east": {
              "texture": "#copper",
              "uv": [
                0.0,
                0.0,
                3.0,
                1.0
              ]
            },
            "south": {
              "texture": "#copper",
              "uv": [
                0.0,
                0.0,
                11.0,
                1.0
              ]
            },
            "west": {
              "texture": "#copper",
              "uv": [
                0.0,
                0.0,
                3.0,
                1.0
              ]
            },
            "up": {
              "texture": "#copper",
              "uv": [
                0.0,
                0.0,
                11.0,
                3.0
              ]
            },
            "down": {
              "texture": "#copper",
              "uv": [
                0.0,
                0.0,
                11.0,
                3.0
              ]
            }
          },
          "children": [
            {
              "name": "Cube29",
              "from": [
                0.5,
                -0.5,
                0.5
              ],
              "to": [
                10.5,
                1.5,
                2.5
              ],
              "rotationOrigin": [
                2.0,
                -1.0,
                2.0
              ],
              "faces": {
                "north": {
                  "texture": "#iron",
                  "uv": [
                    0.0,
                    0.0,
                    10.0,
                    2.0
                  ]
                },
                "east": {
                  "texture": "#iron",
                  "uv": [
                    0.0,
                    0.0,
                    2.0,
                    2.0
                  ]
                },
                "south": {
                  "texture": "#iron",
                  "uv": [
                    0.0,
                    0.0,
                    10.0,
                    2.0
                  ]
                },
                "west": {
                  "texture": "#iron",
                  "uv": [
                    0.0,
                    0.0,
                    2.0,
                    2.0
                  ]
                },
                "up": {
                  "texture": "#iron",
                  "uv": [
                    0.0,
                    0.0,
                    10.0,
                    2.0
                  ]
                },
                "down": {
                  "texture": "#iron",
                  "uv": [
                    0.0,
                    0.0,
                    10.0,
                    2.0
                  ]
                }
              }
            },
            {
              "name": "Cube30",
              "from": [
                1.5,
                -3.0,
                1.0
              ],
              "to": [
                9.5,
                -0.5,
                2.0
              ],
              "rotationOrigin": [
                1.0,
                -2.0,
                3.5
              ],
              "faces": {
                "north": {
                  "texture": "#oak",
                  "uv": [
                    0.0,
                    0.0,
                    8.0,
                    2.5
                  ]
                },
                "east": {
                  "texture": "#oak",
                  "uv": [
                    0.0,
                    0.0,
                    1.0,
                    2.5
                  ]
                },
                "south": {
                  "texture": "#oak",
                  "uv": [
                    0.0,
                    0.0,
                    8.0,
                    2.5
                  ]
                },
                "west": {
                  "texture": "#oak",
                  "uv": [
                    0.0,
                    0.0,
                    1.0,
                    2.5
                  ]
                },
                "up": {
                  "texture": "#oak",
                  "uv": [
                    0.0,
                    0.0,
                    8.0,
                    1.0
                  ]
                },
                "down": {
                  "texture": "#oak",
                  "uv": [
                    0.0,
                    0.0,
                    8.0,
                    1.0
                  ]
                }
              }
            }
          ]
        },
        {
          "name": "Cube3",
          "from": [
            0.01,
            -1.0,
            1.0
          ],
          "to": [
            14.01,
            3.0,
            3.0
          ],
          "rotationOrigin": [
            2.0,
            1.0,
            2.0
          ],
          "faces": {
            "north": {
              "texture": "#oak",
              "uv": [
                0.0,
                0.0,
                14.0,
                4.0
              ]
            },
            "east": {
              "texture": "#oak",
              "uv": [
                0.0,
                0.0,
                2.0,
                4.0
              ]
            },
            "south": {
              "texture": "#oak",
              "uv": [
                0.0,
                0.0,
                14.0,
                4.0
              ]
            },
            "west": {
              "texture": "#oak",
              "uv": [
                0.0,
                0.0,
                2.0,
                4.0
              ]
            },
            "up": {
              "texture": "#oak",
              "uv": [
                0.0,
                0.0,
                14.0,
                2.0
              ]
            },
            "down": {
              "texture": "#oak",
              "uv": [
                0.0,
                0.0,
                14.0,
                2.0
              ]
            }
          }
        }
      ]
    }
  ]
}