{
	"code": "compoteportion",
	"class": "ItemLiquidPortion",
	"matterState": "liquid",
	"attributes": {
		"handbook": {
			"ignoreCreativeInvStacks": true,
			"extraSectionsByType": {
				"*": [
					{
						"title": "artofcooking:item-handbooktitle-compoteportion",
						"text": "artofcooking:item-handbooktext-compoteportion"
					}
				]
			}
		},
		"waterTightContainerProps": {
			"containable": true,
			"itemsPerLitre": 100,
			"texture": {
				"base": "game:block/food/pie/fill-mixedfruit",
				"alpha": 150
			},
			"allowSpill": true,
			"whenSpilled": {
				"action": "DropContents",
				"stack": {
					"type": "item",
					"code": "artofcooking:compoteportion"
				}
			},
			"nutritionPropsPerLitre": {
				"saturation": 40,
				"foodcategory": "Fruit"
			}
		}
	},
	"shape": { "base": "game:item/liquid" },
	"texture": {
		"base": "game:block/food/pie/fill-mixedfruit",
		"alpha": 150
	},
	"creativeinventoryStacks": [
		{
			"tabs": [ "general", "liquids", "artofcooking" ],
			"stacks": [
				{
					"type": "block",
					"code": "game:woodbucket",
					"attributes": {
						"ucontents": [
							{
								"type": "item",
								"code": "artofcooking:compoteportion",
								"makefull": true
							}
						]
					}
				}
			]
		}
	],
	"transitionableProps": [
		{
			"type": "Perish",
			"freshHours": { "avg": 1440 },
			"transitionHours": { "avg": 168 },
			"transitionedStack": {
				"type": "item",
				"code": "game:rot"
			},
			"transitionRatio": 0.005
		}
	],
	"maxstacksize": 5000,
	"materialDensity": 200,
	"guiTransform": {
		"translation": {
			"x": 0,
			"y": 1,
			"z": 0
		},
		"rotation": {
			"x": 123,
			"y": -33,
			"z": -13
		},
		"origin": {
			"x": 0.5,
			"y": 0,
			"z": 0.5
		},
		"scale": 1.4
	},
	"fpHandTransform": {
		"translation": {
			"x": 0,
			"y": 0,
			"z": 0
		},
		"rotation": {
			"x": 25,
			"y": 157,
			"z": -5
		}
	},
	"tpHandTransform": {
		"translation": {
			"x": -1.5,
			"y": -1,
			"z": -1.4
		}
	}
}