{
	"code": "oil",
	"variantGroups": [
		{
			"code": "type",
			"states": [ "olive" ]
		},
		{
			"code": "state",
			"states": [ "1", "2", "3", "4" ]
		}
	],
	"class": "ItemLiquidPortion",
	"matterState": "liquid",
	"attributes": {
		"handbook": {
			"ignoreCreativeInvStacks": true
		},
		"waterTightContainerProps": {
			"nutritionPropsPerLitre": {
				"satiety": 200,
				"foodcategory": "Fruit"
			},
			"containable": true,
			"itemsPerLitre": 100,
			"texture": {
				"base": "artofcooking:block/liquid/oil{state}",
				"alphaByType": {
					"*-1": 255,
					"*-2": 255,
					"*-3": 255,
					"*-4": 255
				}
			},
			"isOpaqueByType": {
				"*-1": true,
				"*-2": true,
				"*": false
			},
			"allowSpill": true,
			"whenSpilled": {
				"action": "DropContents",
				"stack": {
					"type": "item",
					"code": "artofcooking:oil-{type}-{state}"
				}
			}
		}
	},
	"shape": { "base": "game:item/liquid" },
	"texture": {
		"base": "artofcooking:block/liquid/{type}-oil",
		"alpha": 255
	},
	"maxstacksize": 5000,
	"materialDensity": 200,
	"guiTransform": {
		"translation": {
			"x": 0,
			"y": 1,
			"z": 0
		},
		"rotation": {
			"x": 123,
			"y": -33,
			"z": -13
		},
		"origin": {
			"x": 0.5,
			"y": 0,
			"z": 0.5
		},
		"scale": 1.4
	},
	"fpHandTransform": {
		"translation": {
			"x": 0,
			"y": 0,
			"z": 0
		},
		"rotation": {
			"x": 25,
			"y": 157,
			"z": -5
		}
	},
	"tpHandTransform": {
		"translation": {
			"x": -1.5,
			"y": -1,
			"z": -1.4
		}
	},
	"transitionableProps": [
		{
			"type": "Perish",
			"freshHours": { "avg": 168 },
			"transitionHours": { "avg": 48 },
			"transitionedStack": {
				"type": "item",
				"code": "game:rot"
			},
			"transitionRatio": 0.005
		}
	]
}