{
	"code": "toolmold",
	"classByType": {
		"toolmold-raw-*": "Block",
		"toolmold-burned-*": "BlockToolMold"
	},
	"behaviorsByType": {
		"*-raw-*": [
			{
				"name": "GroundStorable",
				"properties": { "layout": "SingleCenter" }
			},
			{
				"name": "Unplaceable",
				"__comment": "The ground storable obsoletes this being a block. Should be an item, but is kept a block for backwards compatibility"
			},
			{ "name": "RightClickPickup" }
		],
		"*": [
			{ "name": "Lockable" },
			{ "name": "UnstableFalling" },
			{ "name": "HorizontalOrientable" }
		]
	},
	"entityBehaviorsByType": {
		"toolmold-burned-*": [ { "name": "TemperatureSensitive" } ]
	},
	"variantgroups": [
		{
			"code": "materialtype",
			"states": [ "raw", "burned" ]
		},
		{
			"code": "tooltype",
			"states": [ "hayfork" ]
		},
		{
			"code": "side",
			"loadFromProperties": "game:abstract/horizontalorientation"
		}
	],
	"shapebytype": {
		"*-north": {
			"base": "block/clay/mold/{tooltype}",
			"rotateY": 90
		},
		"*-east": {
			"base": "block/clay/mold/{tooltype}",
			"rotateY": 0
		},
		"*-south": {
			"base": "block/clay/mold/{tooltype}",
			"rotateY": 270
		},
		"*-west": {
			"base": "block/clay/mold/{tooltype}",
			"rotateY": 180
		}
	},
	"texturesByType": {
		"toolmold-raw-*": { "all": { "base": "game:block/clay/blueclay" } },
		"toolmold-burned-*": {
			"floor": { "base": "game:block/clay/ceramic-dark" },
			"other": { "base": "game:block/clay/ceramic" }
		}
	},
	"attributes": {
		"reinforcable": true,
		"shatteredShape": { "base": "game:block/clay/mold/shattered-ingot" },
		"onTongTransformByType": {
			"*": {
				"translation": {
					"x": -0.9,
					"y": -1.5,
					"z": -0.6
				},
				"rotation": {
					"x": 117,
					"y": 0,
					"z": 0
				},
				"scale": 0.74
			}
		}
	},
	"attributesByType": {
		"toolmold-burned-*": {
			"requiredUnits": 100,
			"fillHeight": 1,
			"moldrackable": true,
			"onmoldrackTransform": { "rotation": { "z": 90 } },
			"drop": {
				"type": "item",
				"code": "{tooltype}head-{metal}"
			}
		}
	},
	"entityClassByType": {
		"toolmold-burned-*": "ToolMold"
	},
	"combustiblePropsByType": {
		"toolmold-raw-*": {
			"meltingPoint": 650,
			"meltingDuration": 45,
			"smeltedRatio": 1,
			"smeltingType": "fire",
			"smeltedStack": {
				"type": "block",
				"code": "toolmold-burned-{tooltype}-{side}"
			},
			"requiresContainer": false
		}
	},
	"blockmaterial": "Ceramic",
	"creativeinventory": {
		"general": [ "*-north" ],
		"construction": [ "*-north" ],
		"artofgrowing": [ "*-north" ]
	},
	"replaceable": 700,
	"resistance": 1.5,
	"maxStackSize": 8,
	"lightAbsorption": 0,
	"sounds": {
		"walk": "game:walk/stone"
	},
	"collisionboxByType": {
		"*": {
			"x1": 0.0625,
			"y1": 0,
			"z1": 0.0625,
			"x2": 0.9375,
			"y2": 0.125,
			"z2": 0.9375
		}
	},
	"selectionboxByType": {
		"*": {
			"x1": 0.0625,
			"y1": 0,
			"z1": 0.0625,
			"x2": 0.9375,
			"y2": 0.125,
			"z2": 0.9375
		}
	},
	"sideopaque": {
		"all": false
	},
	"sidesolid": {
		"all": false
	},
	"guiTransformByType": {
		"*": {
			"translation": {
				"x": 0,
				"y": 3,
				"z": 0
			},
			"origin": {
				"x": 0.5,
				"y": 0.0625,
				"z": 0.5
			},
			"scale": 1.33
		}
	},
	"tpHandTransformByType": {
		"*": {
			"translation": {
				"x": -1,
				"y": -0.6,
				"z": -1.05
			},
			"rotation": {
				"x": -87,
				"y": 9,
				"z": 4
			},
			"origin": {
				"x": 0.5,
				"y": 0.125,
				"z": 0.5
			},
			"scale": 0.5
		}
	},
	"fpHandTransformByType": {
		"*": {
			"translation": {
				"x": -0.3,
				"y": 0,
				"z": 0.5
			},
			"rotation": {
				"x": 16,
				"y": -51,
				"z": 91
			},
			"origin": {
				"x": 0.5,
				"y": 0.125,
				"z": 0.5
			}
		}
	},
	"groundTransform": {
		"translation": {
			"x": 0,
			"y": 0,
			"z": 0
		},
		"rotation": {
			"x": 0,
			"y": -45,
			"z": 0
		},
		"origin": {
			"x": 0.5,
			"y": 0,
			"z": 0.5
		},
		"scale": 2.2
	}
}