{
	"editor": {
		"allAngles": true,
		"entityTextureMode": true
	},
	"textureWidth": 64,
	"textureHeight": 64,
	"textureSizes": {
	},
	"textures": {
		"material": "/Users/Asus/AppData/Roaming/VintagestoryData/Mods/Maple Cultures/assets/maplemod/textures/armor/cuman-iron"
	},
	"elements": [
		{
			"name": "ArmorHelmet",
			"stepParentName": "Head",
			"from": [ 0.1, 0.3, -0.6 ],
			"to": [ 6.6, 5.8, 5.7 ],
			"unwrapMode": 1,
			"uv": [ 36.0, 17.5 ],
			"rotationOrigin": [ 0.1, 0.3, -0.6 ],
			"faces": {
				"north": { "texture": "#material", "uv": [ 42.0, 23.5, 48.5, 29.0 ] },
				"east": { "texture": "#material", "uv": [ 36.0, 23.5, 42.0, 29.0 ] },
				"south": { "texture": "#material", "uv": [ 54.5, 23.5, 61.0, 29.0 ] },
				"west": { "texture": "#material", "uv": [ 48.5, 23.5, 54.5, 29.0 ] },
				"up": { "texture": "#material", "uv": [ 42.0, 17.5, 48.5, 23.5 ], "rotation": 180 },
				"down": { "texture": "#material", "uv": [ 42.0, 29.0, 48.5, 35.0 ] }
			},
			"children": [
				{
					"name": "ArmorHelmetFace",
					"from": [ -0.7, 2.8, 0.0 ],
					"to": [ 0.0, 5.2, 6.3 ],
					"unwrapMode": 1,
					"uv": [ 32.0, 35.5 ],
					"rotationOrigin": [ -0.5, 2.8, 0.0 ],
					"faces": {
						"north": { "texture": "#material", "uv": [ 32.0, 41.5, 32.5, 43.5 ] },
						"south": { "texture": "#material", "uv": [ 38.5, 41.5, 39.0, 43.5 ] },
						"west": { "texture": "#material", "uv": [ 32.5, 41.5, 38.5, 43.5 ] },
						"up": { "texture": "#material", "uv": [ 32.0, 35.5, 32.5, 41.5 ], "rotation": 180 },
						"down": { "texture": "#material", "uv": [ 32.0, 43.5, 32.5, 49.5 ] }
					},
					"children": [
						{
							"name": "ArmorHelmetNasal",
							"from": [ -0.1, -3.9, 2.65 ],
							"to": [ 0.4, 0.4, 3.65 ],
							"unwrapMode": 1,
							"autoUnwrap": false,
							"uv": [ 36.5, 55.5 ],
							"rotationOrigin": [ 0.0, -3.5, 2.6 ],
							"faces": {
								"north": { "texture": "#material", "uv": [ 36.5, 55.5, 37.0, 59.5 ] },
								"south": { "texture": "#material", "uv": [ 37.0, 56.5, 37.5, 60.5 ] },
								"west": { "texture": "#material", "uv": [ 37.0, 56.0, 38.0, 60.0 ] },
								"down": { "texture": "#material", "uv": [ 36.5, 59.5, 37.0, 60.5 ] }
							}
						},
						{
							"name": "ArmorHelmetNasal2",
							"from": [ 0.1, -1.9, 1.9 ],
							"to": [ 0.6, 0.1, 2.9 ],
							"unwrapMode": 1,
							"uv": [ 36.5, 56.5 ],
							"rotationOrigin": [ 0.0, -2.5, 2.6 ],
							"rotationX": -47.0,
							"faces": {
								"north": { "texture": "#material", "uv": [ 36.5, 56.5, 37.0, 58.5 ] },
								"south": { "texture": "#material", "uv": [ 38.0, 56.5, 38.5, 58.5 ] },
								"west": { "texture": "#material", "uv": [ 37.0, 56.5, 38.0, 58.5 ] },
								"down": { "texture": "#material", "uv": [ 36.5, 58.5, 37.0, 59.5 ] }
							}
						},
						{
							"name": "ArmorHelmetNasal6",
							"from": [ 0.1, -1.5, 2.9 ],
							"to": [ 0.6, 4.5, 3.9 ],
							"unwrapMode": 1,
							"autoUnwrap": false,
							"uv": [ 36.5, 53.5 ],
							"rotationOrigin": [ 0.0, 1.0, 2.6 ],
							"rotationX": 90.0,
							"faces": {
								"north": { "texture": "#material", "uv": [ 36.5, 53.5, 37.0, 59.5 ] },
								"south": { "texture": "#material", "uv": [ 38.0, 56.5, 38.5, 58.5 ], "autoUv": false },
								"west": { "texture": "#material", "uv": [ 36.5, 54.0, 37.5, 60.0 ] },
								"down": { "texture": "#material", "uv": [ 36.5, 59.5, 37.0, 60.5 ] }
							}
						},
						{
							"name": "ArmorHelmetNasal8",
							"from": [ 0.1, -3.6, 1.0 ],
							"to": [ 0.6, -1.3, 1.6 ],
							"uv": [ 37.0, 57.0 ],
							"rotationOrigin": [ 0.0, 1.3, 1.6 ],
							"rotationX": -69.0,
							"faces": {
								"north": { "texture": "#material", "uv": [ 37.0, 57.5, 37.5, 59.5 ] },
								"south": { "texture": "#material", "uv": [ 37.5, 57.5, 38.0, 59.5 ] },
								"west": { "texture": "#material", "uv": [ 38.0, 57.5, 38.5, 59.5 ] },
								"down": { "texture": "#material", "uv": [ 37.0, 57.0, 37.5, 57.5 ] }
							}
						},
						{
							"name": "ArmorHelmetNasal10",
							"from": [ 0.1, -1.9, 3.9 ],
							"to": [ 0.6, 0.1, 5.9 ],
							"unwrapMode": 1,
							"uv": [ 36.5, 56.5 ],
							"rotationOrigin": [ 0.0, -3.0, 5.6 ],
							"rotationX": -47.0,
							"faces": {
								"north": { "texture": "#material", "uv": [ 36.5, 56.5, 37.0, 58.5 ] },
								"south": { "texture": "#material", "uv": [ 39.0, 56.5, 39.5, 58.5 ] },
								"west": { "texture": "#material", "uv": [ 37.0, 56.5, 39.0, 58.5 ] },
								"down": { "texture": "#material", "uv": [ 36.5, 58.5, 37.0, 60.5 ] }
							}
						},
						{
							"name": "ArmorHelmetNasal11",
							"from": [ 0.1, -2.9885, 4.3515 ],
							"to": [ 0.6, -0.9885, 5.3515 ],
							"uv": [ 37.0, 56.5 ],
							"rotationOrigin": [ 0.0, -1.7885, 5.0515 ],
							"rotationX": 45.0,
							"faces": {
								"north": { "texture": "#material", "uv": [ 37.0, 57.5, 37.5, 59.5 ] },
								"south": { "texture": "#material", "uv": [ 37.5, 57.5, 38.0, 59.5 ] },
								"west": { "texture": "#material", "uv": [ 38.0, 57.5, 39.0, 59.5 ] },
								"down": { "texture": "#material", "uv": [ 37.0, 56.5, 37.5, 57.5 ] }
							}
						},
						{
							"name": "ArmorHelmetNasal12",
							"from": [ 0.15, -2.4884, 4.9521 ],
							"to": [ 0.65, 0.0116, 5.9521 ],
							"unwrapMode": 1,
							"autoUnwrap": false,
							"uv": [ 36.5, 55.5 ],
							"rotationOrigin": [ 0.0, -1.4884, 4.0515 ],
							"rotationX": -45.0,
							"faces": {
								"north": { "texture": "#material", "uv": [ 36.5, 55.5, 37.0, 58.0 ] },
								"south": { "texture": "#material", "uv": [ 37.0, 56.5, 37.5, 59.0 ] },
								"west": { "texture": "#material", "uv": [ 37.0, 56.0, 38.0, 58.5 ] },
								"down": { "texture": "#material", "uv": [ 36.5, 59.5, 37.0, 60.5 ] }
							}
						},
						{
							"name": "ArmorHelmetNasal13",
							"from": [ 0.1, -1.7885, 2.9707 ],
							"to": [ 0.6, 0.5115, 4.1707 ],
							"uv": [ 37.0, 57.0 ],
							"rotationOrigin": [ 0.0, -0.4885, 4.0514 ],
							"rotationX": 44.0,
							"faces": {
								"north": { "texture": "#material", "uv": [ 37.0, 58.0, 37.5, 60.0 ] },
								"south": { "texture": "#material", "uv": [ 37.5, 58.0, 38.0, 60.0 ] },
								"west": { "texture": "#material", "uv": [ 38.0, 58.0, 39.0, 60.0 ] },
								"down": { "texture": "#material", "uv": [ 37.0, 57.0, 37.5, 58.0 ] }
							}
						},
						{
							"name": "ArmorHelmetNasal3",
							"from": [ 0.1, -2.9, 1.9 ],
							"to": [ 0.6, -0.9, 3.9 ],
							"uv": [ 37.0, 56.5 ],
							"rotationOrigin": [ 0.0, -1.8, 2.6 ],
							"rotationX": 45.0,
							"faces": {
								"north": { "texture": "#material", "uv": [ 37.0, 58.5, 37.5, 60.5 ], "windMode": [-1,-1,-1,-1] },
								"south": { "texture": "#material", "uv": [ 37.5, 58.5, 38.0, 60.5 ] },
								"west": { "texture": "#material", "uv": [ 38.0, 58.5, 40.0, 60.5 ] },
								"down": { "texture": "#material", "uv": [ 37.0, 56.5, 37.5, 58.5 ] }
							}
						},
						{
							"name": "ArmorHelmetNasal9",
							"from": [ 0.15, -2.4999, 2.5006 ],
							"to": [ 0.65, 1.0E-4, 3.5006 ],
							"unwrapMode": 1,
							"autoUnwrap": false,
							"uv": [ 36.5, 55.5 ],
							"rotationOrigin": [ 0.0, -1.4999, 1.6 ],
							"rotationX": -45.0,
							"faces": {
								"north": { "texture": "#material", "uv": [ 36.5, 55.5, 37.0, 58.0 ] },
								"south": { "texture": "#material", "uv": [ 37.0, 56.5, 37.5, 59.0 ] },
								"west": { "texture": "#material", "uv": [ 37.0, 56.0, 38.0, 58.5 ] },
								"down": { "texture": "#material", "uv": [ 36.5, 59.5, 37.0, 60.5 ] }
							}
						},
						{
							"name": "ArmorHelmetNasal7",
							"from": [ 0.1, -1.8, 0.5193 ],
							"to": [ 0.6, 0.5, 1.7193 ],
							"uv": [ 37.0, 57.0 ],
							"rotationOrigin": [ 0.0, -0.5, 1.6 ],
							"rotationX": 44.0,
							"faces": {
								"north": { "texture": "#material", "uv": [ 37.0, 58.0, 37.5, 60.0 ] },
								"south": { "texture": "#material", "uv": [ 37.5, 58.0, 38.0, 60.0 ] },
								"west": { "texture": "#material", "uv": [ 38.0, 58.0, 39.0, 60.0 ] },
								"down": { "texture": "#material", "uv": [ 37.0, 57.0, 37.5, 58.0 ] }
							}
						}
					]
				},
				{
					"name": "ArmorHelmetTop",
					"from": [ 0.5, 5.5, 0.5 ],
					"to": [ 6.0, 6.1, 5.7 ],
					"unwrapMode": 1,
					"autoUnwrap": false,
					"uv": [ 31.0, 30.0 ],
					"rotationOrigin": [ 0.5, 5.5, 0.5 ],
					"faces": {
						"north": { "texture": "#material", "uv": [ 36.0, 35.0, 41.5, 35.5 ], "autoUv": false },
						"east": { "texture": "#material", "uv": [ 31.0, 35.0, 36.0, 35.5 ], "autoUv": false },
						"south": { "texture": "#material", "uv": [ 46.5, 35.0, 52.0, 35.5 ], "autoUv": false },
						"west": { "texture": "#material", "uv": [ 41.5, 35.0, 46.5, 35.5 ], "autoUv": false },
						"up": { "texture": "#material", "uv": [ 36.0, 30.0, 41.5, 35.0 ], "rotation": 180 }
					}
				},
				{
					"name": "ArmorHelmetTop2",
					"from": [ 1.0, 6.0, 1.0 ],
					"to": [ 5.5, 6.3, 5.2 ],
					"unwrapMode": 1,
					"autoUnwrap": false,
					"uv": [ 31.0, 30.0 ],
					"rotationOrigin": [ 0.5, 5.5, 0.5 ],
					"faces": {
						"north": { "texture": "#material", "uv": [ 36.0, 35.0, 41.5, 35.5 ], "autoUv": false },
						"east": { "texture": "#material", "uv": [ 31.0, 35.0, 36.0, 35.5 ], "autoUv": false },
						"south": { "texture": "#material", "uv": [ 46.5, 35.0, 52.0, 35.5 ], "autoUv": false },
						"west": { "texture": "#material", "uv": [ 41.5, 35.0, 46.5, 35.5 ], "autoUv": false },
						"up": { "texture": "#material", "uv": [ 36.0, 30.0, 41.5, 35.0 ], "rotation": 180, "autoUv": false }
					}
				},
				{
					"name": "ArmorHelmetTop3",
					"from": [ -0.2, -1.5, 0.4 ],
					"to": [ 6.3, 0.1, 5.9 ],
					"unwrapMode": 1,
					"autoUnwrap": false,
					"uv": [ 37.0, 44.0 ],
					"rotationOrigin": [ -0.5, -1.5, 0.5 ],
					"faces": {
						"north": { "texture": "#material", "uv": [ 47.0, 59.0, 53.5, 60.5 ] },
						"east": { "texture": "#material", "uv": [ 47.0, 59.0, 52.5, 60.5 ] },
						"south": { "texture": "#material", "uv": [ 47.0, 59.0, 53.5, 60.5 ], "windMode": [-1,-1,-1,-1] },
						"west": { "texture": "#material", "uv": [ 47.0, 59.0, 52.5, 60.5 ] },
						"up": { "texture": "#material", "uv": [ 47.0, 56.0, 53.5, 61.0 ], "rotation": 180, "autoUv": false }
					},
					"children": [
						{
							"name": "Cube2",
							"from": [ 0.1, 1.6, -0.5 ],
							"to": [ 0.5, 2.2, 1.0 ],
							"uv": [ 47.0, 57.0 ],
							"rotationOrigin": [ 0.0, 1.0, 0.0 ],
							"rotationX": 25.0,
							"rotationZ": 8.0,
							"faces": {
								"north": { "texture": "#material", "uv": [ 47.0, 58.5, 47.5, 59.0 ] },
								"east": { "texture": "#material", "uv": [ 47.5, 58.5, 49.0, 59.0 ] },
								"south": { "texture": "#material", "uv": [ 49.0, 58.5, 49.5, 59.0 ] },
								"west": { "texture": "#material", "uv": [ 49.5, 58.5, 51.0, 59.0 ] },
								"up": { "texture": "#material", "uv": [ 47.0, 57.0, 47.5, 58.5 ] },
								"down": { "texture": "#material", "uv": [ 47.5, 57.0, 48.0, 58.5 ] }
							}
						},
						{
							"name": "Cube3",
							"from": [ 0.1, 1.4, 4.5 ],
							"to": [ 0.5, 2.0, 6.0 ],
							"uv": [ 47.5, 57.5 ],
							"rotationOrigin": [ 0.0, 1.0, 5.0 ],
							"rotationX": -25.0,
							"rotationZ": 8.0,
							"faces": {
								"north": { "texture": "#material", "uv": [ 47.5, 59.0, 48.0, 59.5 ] },
								"east": { "texture": "#material", "uv": [ 48.0, 59.0, 49.5, 59.5 ] },
								"south": { "texture": "#material", "uv": [ 49.5, 59.0, 50.0, 59.5 ] },
								"west": { "texture": "#material", "uv": [ 50.0, 59.0, 51.5, 59.5 ] },
								"up": { "texture": "#material", "uv": [ 47.5, 57.5, 48.0, 59.0 ] },
								"down": { "texture": "#material", "uv": [ 48.0, 57.5, 48.5, 59.0 ] }
							}
						}
					]
				}
			]
		}
	]}