[
{
	"enabled": true,
	"op": "addmerge",
	"path": "/variantgroups/0/states",
	"value": ["redgrapes","greengrapes"],
	"file": "game:blocktypes/plant/bigberrybush.json",
	"side": "server"
},
{
	"enabled": true,
	"op": "addmerge",
	"path": "/dropsByType",
	"value": { "*grapes-ripe": [
			{ "type": "block", "code": "bigberrybush-{type}-empty", "quantity": { "avg": 1 }  },
			{ "type": "item", "code": "fruit-{type}", "quantity": { "avg": 5.4 }  },
		] },
	"file": "game:blocktypes/plant/bigberrybush.json",
	"side": "server"
},
{
	"enabled": true,
	"op": "move",
	"frompath": "/dropsByType/*",
	"path": "/temp",
	"file": "game:blocktypes/plant/bigberrybush.json",
	"side": "server"
},
{
	"enabled": true,
	"op": "move",
	"frompath": "/temp",
	"path": "/dropsByType/*",
	"file": "game:blocktypes/plant/bigberrybush.json",
	"side": "server"
},
{
	"enabled": true,
	"op": "addmerge",
	"path": "/shapeByType",
	"value": { 
		"*grapes-empty": { "base": "block/plant/berrybush/emptygrape*", "selectiveElements": ["branchesN", "branchesS", "Leaves", "Largeleaves/*", "trunk/*"] },
		"*grapes-*": { "base": "block/plant/berrybush/grape*" }
		 },
	"file": "game:blocktypes/plant/bigberrybush.json",
	"side": "server"
},
{
	"enabled": true,
	"op": "move",
	"frompath": "/shapeByType/*-empty",
	"path": "/temp",
	"file": "game:blocktypes/plant/bigberrybush.json",
	"side": "server"
},
{
	"enabled": true,
	"op": "move",
	"frompath": "/temp",
	"path": "/shapeByType/*-empty",
	"file": "game:blocktypes/plant/bigberrybush.json",
	"side": "server"
},
{
	"enabled": true,
	"op": "move",
	"frompath": "/shapeByType/*",
	"path": "/temp",
	"file": "game:blocktypes/plant/bigberrybush.json",
	"side": "server"
},
{
	"enabled": true,
	"op": "move",
	"frompath": "/temp",
	"path": "/shapeByType/*",
	"file": "game:blocktypes/plant/bigberrybush.json",
	"side": "server"
}
]