[
{
	"enabled": true,
	"op": "addmerge",
	"path": "/nutritionPropsByType",
	"value": { "*grapes": { "satiety": 80, "foodcategory": "Fruit"} },
	"file": "game:itemtypes/food/fruit.json",
	"side": "server"
},
{
	"enabled": true,
	"op": "move",
	"frompath": "/nutritionPropsByType/*",
	"path": "/temp",
	"file": "game:itemtypes/food/fruit.json",
	"side": "server"
},
{
	"enabled": true,
	"op": "move",
	"frompath": "/temp",
	"path": "/nutritionPropsByType/*",
	"file": "game:itemtypes/food/fruit.json",
	"side": "server"
},
{
	"enabled": true,
	"op": "addmerge",
	"path": "/attributes/nutritionPropsWhenInMeal/satietyByType",
	"value": { "*-*grapes": 120 },
	"file": "game:itemtypes/food/fruit.json",
	"side": "server"
},
{
	"enabled": true,
	"op": "move",
	"frompath": "/attributes/nutritionPropsWhenInMeal/satietyByType/*",
	"path": "/temp",
	"file": "game:itemtypes/food/fruit.json",
	"side": "server"
},
{
	"enabled": true,
	"op": "move",
	"frompath": "/temp",
	"path": "/attributes/nutritionPropsWhenInMeal/satietyByType/*",
	"file": "game:itemtypes/food/fruit.json",
	"side": "server"
},
{
	"enabled": true,
	"op": "addmerge",
	"path": "/attributes/inPiePropertiesByType",
	"value": { "*-redgrapes": { "texture": "block/food/pie/fill-mixedfruit", "partType": "Filling" } },
	"file": "game:itemtypes/food/fruit.json",
	"side": "server"
},
{
	"enabled": true,
	"op": "addmerge",
	"path": "/attributes/inPiePropertiesByType",
	"value": { "*-greengrapes": { "texture": "block/food/pie/fill-cabbage", "partType": "Filling" } },
	"file": "game:itemtypes/food/fruit.json",
	"side": "server"
},
{
	"enabled": true,
	"op": "move",
	"frompath": "/attributes/inPiePropertiesByType/*",
	"path": "/temp",
	"file": "game:itemtypes/food/fruit.json",
	"side": "server"
},
{
	"enabled": true,
	"op": "move",
	"frompath": "/temp",
	"path": "/attributes/inPiePropertiesByType/*",
	"file": "game:itemtypes/food/fruit.json",
	"side": "server"
},
{
	"enabled": true,
	"op": "addmerge",
	"path": "/shapeByType",
	"value": { "*-greengrapes": { "base": "item/food/fruit/grapes-green" } },
	"file": "game:itemtypes/food/fruit.json",
	"side": "server"
},
{
	"enabled": true,
	"op": "addmerge",
	"path": "/shapeByType",
	"value": { "*-redgrapes": { "base": "item/food/fruit/grapes-red" } },
	"file": "game:itemtypes/food/fruit.json",
	"side": "server"
},
{
	"enabled": true,
	"op": "addmerge",
	"path": "/textureByType",
	"value": { "*grapes": null },
	"file": "game:itemtypes/food/fruit.json",
	"side": "server"
},
{
	"enabled": true,
	"op": "move",
	"frompath": "/textureByType/*",
	"path": "/temp",
	"file": "game:itemtypes/food/fruit.json",
	"side": "server"
},
{
	"enabled": true,
	"op": "move",
	"frompath": "/temp",
	"path": "/textureByType/*",
	"file": "game:itemtypes/food/fruit.json",
	"side": "server"
},
{
	"enabled": true,
	"op": "addmerge",
	"path": "/transitionablePropsByType",
	"value": { "@*-(redgrapes|greengrapes)": [{
			"type": "Perish",
			"freshHours": { "avg": 144 },
			"transitionHours": { "avg": 12 },
			"transitionedStack": { "type": "item", "code": "rot" },
			"transitionRatio": 0.25
		}]
	},
	"file": "game:itemtypes/food/fruit.json",
	"side": "server"
},
{
	"enabled": true,
	"op": "move",
	"frompath": "/transitionablePropsByType/*",
	"path": "/temp",
	"file": "game:itemtypes/food/fruit.json",
	"side": "server"
},
{
	"enabled": true,
	"op": "move",
	"frompath": "/temp",
	"path": "/transitionablePropsByType/*",
	"file": "game:itemtypes/food/fruit.json",
	"side": "server"
},
{
	"enabled": true,
	"op": "addmerge",
	"path": "/guiTransformByType",
	"value": { "@*-(redgrapes|greengrapes)": {
			"rotation": { "x": 180, "y": 0, "z": 0 },
			"origin": { "x": 0.6, "y": 0.4, "z": 0 },
			"scale": 1.8
		}
	},
	"file": "game:itemtypes/food/fruit.json",
	"side": "server"
},
{
	"enabled": true,
	"op": "addmerge",
	"path": "/tpHandTransformByType",
	"value": { "@*-(redgrapes|greengrapes)": {
			"translation": { "x": -1.89, "y": -1.43, "z": -1.54 },
			"rotation": { "x": -6, "y": -33, "z": -93 },
			"scale": 0.36
		}
	},
	"file": "game:itemtypes/food/fruit.json",
	"side": "server"
},
{
	"enabled": true,
	"op": "addmerge",
	"path": "/tpOffHandTransformByType",
	"value": { "@*-(redgrapes|greengrapes)": {
			"translation": { "x": -1.1, "y": -1.4299, "z": -1.1 },
			"rotation": { "x": -6, "y": -33, "z": -93 },
			"scale": 0.36
		}
	},
	"file": "game:itemtypes/food/fruit.json",
	"side": "server"
},
{
	"enabled": true,
	"op": "addmerge",
	"path": "/groundTransformByType",
	"value": { "@*-(redgrapes|greengrapes)": {
			"translation": { "x": 0, "y": 0, "z": 0 },
			"rotation": { "x": 90, "y": 0, "z": 0 },
			"origin": { "x": 0.5, "y": 0.2, "z": 0.5 },
			"scale": 2.3
		}
	},
	"file": "game:itemtypes/food/fruit.json",
	"side": "server"
}
]