[
{
	"enabled": true,
	"op": "addmerge",
	"path": "/0",
	"value": {
		"comment": "Patches of red grapes",
		"blockCodes": ["bigberrybush-redgrapes-empty", "bigberrybush-redgrapes-flowering", "bigberrybush-redgrapes-ripe"],
		"minTemp": -5,
		"maxTemp": 33,
		"minRain": 0.3,
		"maxRain": 0.7,
		"minFertility": 0.25,
		"maxFertility": 0.6,
		"chance": 0.03,
		"maxForest": 0.5,
		"maxY": 0.58,
		"quantity": { "dist": "invexp", "avg": 2, "var": 3 }
	},
	"file": "game:worldgen/blockpatches/berrybush.json",
	"side": "server",
},
{
	"enabled": true,
	"op": "addmerge",
	"path": "/0",
	"value": {
		"comment": "Patches of green grapes",
		"blockCodes": ["bigberrybush-greengrapes-empty", "bigberrybush-greengrapes-flowering", "bigberrybush-greengrapes-ripe"],
		"minTemp": -5,
		"maxTemp": 30,
		"minRain": 0.3,
		"maxRain": 0.7,
		"minFertility": 0.25,
		"maxFertility": 0.6,
		"chance": 0.03,
		"maxForest": 0.4,
		"maxY": 0.58,
		"quantity": { "dist": "invexp", "avg": 2, "var": 3 }
	},
	"file": "game:worldgen/blockpatches/berrybush.json",
	"side": "server",
}
]