{
  "code": "efreezer",
  "class": "BlockEFreezer",
  "entityClass": "BlockEntityEFreezer",
  "attributes": {
    "maxConsumption": 100,
    "handbook": {
      "groupBy": [ "efreezer-*" ],
      "extraSections": [
        {
          "title": "electricityaddon:block-handbooktitle-efreezer",
          "text": "electricityaddon:block-handbooktext-efreezer"
        }
      ]
    }
  },
  "entityBehaviors": [
    {
      "name": "BEBehaviorEFreezer"
    },
    {
      "name": "Electricity"
    }
  ],
  "creativeinventory": {
    "general": [ "*-melted-closed-north" ],
    "electricity": [ "*-melted-closed-north" ]
  },
  "behaviors": [
    { "name": "HorizontalOrientable" },
    {
      "name": "Multiblock",
      "propertiesByType": {
        "*-north": {
          "sizex": 1,
          "sizey": 2,
          "sizez": 1,
          "cposition": {
            "x": 0,
            "y": 0,
            "z": 0
          }
        },
        "*-east": {
          "sizex": 1,
          "sizey": 2,
          "sizez": 1,
          "cposition": {
            "x": 0,
            "y": 0,
            "z": 0
          }
        },
        "*-south": {
          "sizex": 1,
          "sizey": 2,
          "sizez": 1,
          "cposition": {
            "x": 0,
            "y": 0,
            "z": 0
          }
        },
        "*-west": {
          "sizex": 1,
          "sizey": 2,
          "sizez": 1,
          "cposition": {
            "x": 0,
            "y": 0,
            "z": 0
          }
        }
      }
    }
  ],
  "blockmaterial": "Metal",
  "variantgroups": [
    {
      "code": "status",
      "states": [ "frozen", "melted" ]
    },
    {
      "code": "state",
      "states": [ "closed", "open" ]
    },
    { "loadFromProperties": "abstract/horizontalorientation" }
  ],
  "drawtype": "json",
  "texturesByType": {
    "*-frozen-*": {
      "brass": { "base": "block/brass" },
      "copper": { "base": "block/copper" },
      "iron": { "base": "block/iron" },
      "stainlesssteel1": { "base": "block/plate/stainlesssteel1" },
      "steel1": { "base": "block/plate/steel1" },
      "quartzglass": { "base": "block/quartzglass" },
      "stainlesssteel": { "base": "block/stainlesssteel" },
      "steel": { "base": "block/steel" },
      "zinc": { "base": "block/zinc" },
      "insideFridge": { "base": "game:block/liquid/snow/normal2" }
    },
    "*-melted-*": {
      "brass": { "base": "block/brass" },
      "copper": { "base": "block/copper" },
      "iron": { "base": "block/iron" },
      "stainlesssteel1": { "base": "block/plate/stainlesssteel1" },
      "steel1": { "base": "block/plate/steel1" },
      "quartzglass": { "base": "block/quartzglass" },
      "stainlesssteel": { "base": "block/stainlesssteel" },
      "steel": { "base": "block/steel" },
      "zinc": { "base": "block/zinc" },
      "insideFridge": { "base": "block/zinc" }
    }
  },
  "shapeByType": {
    "*-closed-north": {
      "base": "block/freezer_closed",
      "rotateY": 0
    },
    "*-closed-east": {
      "base": "block/freezer_closed",
      "rotateY": 270
    },
    "*-closed-south": {
      "base": "block/freezer_closed",
      "rotateY": 180
    },
    "*-closed-west": {
      "base": "block/freezer_closed",
      "rotateY": 90
    },
    "*-open-north": {
      "base": "block/freezer_open",
      "rotateY": 0
    },
    "*-open-east": {
      "base": "block/freezer_open",
      "rotateY": 270
    },
    "*-open-south": {
      "base": "block/freezer_open",
      "rotateY": 180
    },
    "*-open-west": {
      "base": "block/freezer_open",
      "rotateY": 90
    }
  },
  "lightAbsorption": 0,
  "sidesolid": {
    "all": "false"
  },
  "sideopaque": {
    "all": "false"
  },
  "collisionbox": {
    "x1": 0,
    "y1": 0,
    "z1": 0,
    "x2": 1,
    "y2": 2,
    "z2": 1
  },
  "resistance": 3.5,
  "sounds": {
    "place": "game:block/anvil",
    "walk": "game:walk/metal"
  },
  "guiTransform": {
    "rotation": {
      "x": -22.6,
      "y": -145,
      "z": 0
    },
    "origin": {
      "x": 0.5,
      "y": 0.9,
      "z": 0.5
    },
    "scale": 0.72
  },
  "heldTpIdleAnimation": "holdbothhandslarge",
  "heldRightReadyAnimation": "heldblockready",
  "heldTpUseAnimation": "twohandplaceblock",
  "tpHandTransform": {
    "translation": {
      "x": -0.6,
      "y": -0.91,
      "z": -0.8
    },
    "rotation": {
      "x": -2,
      "y": 25,
      "z": -78
    },
    "scale": 0.4
  }

}