{
  "code": "eoven",
  "class": "BlockEOven",
  "entityClass": "BlockEntityEOven",
  "entityBehaviors": [
    { "name": "BEBehaviorEOven" },
    { "name": "Electricity" }
  ],
  "blockmaterial": "Ceramic",
  "behaviors": [
    { "name": "Lockable" },
    { "name": "HorizontalOrientable" }
  ],
  "variantgroups": [
    {
      "code": "state",
      "states": [ "disabled", "enabled" ]
    },
    {
      "code": "side",
      "loadFromProperties": "abstract/horizontalorientation"
    }
  ],
  "shapebytype": {
    "*-enabled-north": {
      "base": "block/electricoven-enabled",
      "rotateY": 0
    },
    "*-enabled-east": {
      "base": "block/electricoven-enabled",
      "rotateY": 270
    },
    "*-enabled-south": {
      "base": "block/electricoven-enabled",
      "rotateY": 180
    },
    "*-enabled-west": {
      "base": "block/electricoven-enabled",
      "rotateY": 90
    },
    "*-disabled-north": {
      "base": "block/electricoven-disabled",
      "rotateY": 0
    },
    "*-disabled-east": {
      "base": "block/electricoven-disabled",
      "rotateY": 270
    },
    "*-disabled-south": {
      "base": "block/electricoven-disabled",
      "rotateY": 180
    },
    "*-disabled-west": {
      "base": "block/electricoven-disabled",
      "rotateY": 90
    }
  },
  "attributes": {
    "maxConsumption": 100,
    "reinforcable": true,
    "handbook": {
      "groupBy": [ "eoven-*" ],
      "extraSections": [
        {
          "title": "electricityaddon:block-handbooktitle-eoven",
          "text": "electricityaddon:block-handbooktext-eoven"
        }
      ]
    }
  },
  "creativeinventory": {
    "general": [ "*-disabled-south" ],
    "electricity": [ "*-disabled-south" ]
  },
  "textures": {
    "brass": { "base": "block/brass" },
    "copper": { "base": "block/copper" },
    "copper-hot": { "base": "block/copper-hot" },
    "emeral": { "base": "block/emeral" },
    "iron": { "base": "block/iron" },
    "stainlesssteel": { "base": "block/stainlesssteel" },
    "steel": { "base": "block/steel" },
    "topaz": { "base": "block/topaz" },
    "zinc": { "base": "block/zinc" }
  },
  "replaceable": 500,
  "resistance": 3.5,
  "maxStackSize": 1,
  "lightAbsorption": 0,
  "lightHsvByType": {
    "*-disabled-*": [ 0, 0, 0 ],
    "*-enabled-*": [ 7, 7, 11 ]
  },

  "sounds": {
    "walk": "walk/stone",
    "place": "block/ceramicplace",
    "byTool": {
      "Pickaxe": {
        "hit": "block/rock-hit-pickaxe",
        "break": "block/rock-break-pickaxe"
      }
    }
  },
  "sideopaque": {
    "all": false
  },
  "sidesolid": {
    "all": false
  },
  "heldTpIdleAnimation": "holdbothhandslarge",
  "heldRightReadyAnimation": "heldblockready",
  "heldTpUseAnimation": "twohandplaceblock",
  "tpHandTransform": {
    "translation": {
      "x": -1.23,
      "y": -0.91,
      "z": -0.8
    },
    "rotation": {
      "x": -2,
      "y": 25,
      "z": -78
    },
    "scale": 0.4
  },
  "particleProperties": [
    {
      "hsvaColor": [
        {
          "avg": 0,
          "var": 0
        },
        {
          "avg": 0,
          "var": 0
        },
        {
          "avg": 40,
          "var": 30
        },
        {
          "avg": 220,
          "var": 50
        }
      ],
      "opacityEvolve": {
        "transform": "quadratic",
        "factor": -16
      },
      "gravityEffect": {
        "avg": 0,
        "var": 0
      },
      "posOffset": [
        {
          "avg": 0,
          "var": 0.2
        },
        {
          "avg": -0.4,
          "var": 0
        },
        {
          "avg": 0,
          "var": 0.2
        }
      ],
      "velocity": [
        {
          "avg": 0,
          "var": 0.05
        },
        {
          "avg": 0.1,
          "var": 0.05
        },
        {
          "avg": 0,
          "var": 0.05
        }
      ],
      "quantity": { "avg": 0 },
      "terrainCollision": false,
      "size": {
        "avg": 0.4,
        "var": 0.04
      },
      "sizeEvolve": {
        "transform": "quadratic",
        "factor": 0.5
      },
      "particleModel": "Quad",
      "lifeLength": {
        "avg": 0.8,
        "var": 0.21
      },
      "vertexFlags": 1
    },
    {
      "hsvaColor": [
        {
          "avg": 11,
          "var": 3
        },
        {
          "avg": 238,
          "var": 7
        },
        {
          "avg": 136,
          "var": 30
        },
        {
          "avg": 220,
          "var": 50
        }
      ],
      "opacityEvolve": {
        "transform": "quadratic",
        "factor": -32
      },
      "gravityEffect": {
        "avg": 0,
        "var": 0
      },
      "posOffset": [
        {
          "avg": 0,
          "var": 0.005
        },
        {
          "avg": -0.4,
          "var": 0.01
        },
        {
          "avg": 0,
          "var": 0.005
        }
      ],
      "velocity": [
        {
          "avg": 0,
          "var": 0.05
        },
        {
          "avg": 0.02,
          "var": 0.01
        },
        {
          "avg": 0,
          "var": 0.05
        }
      ],
      "quantity": { "avg": 0 },
      "terrainCollision": false,
      "size": {
        "avg": 0.18,
        "var": 0.03
      },
      "sizeEvolve": {
        "transform": "quadratic",
        "factor": -0.4
      },
      "particleModel": "Quad",
      "lifeLength": {
        "avg": 0.3,
        "var": 0.06
      },
      "vertexFlags": 1
    },
    {
      "hsvaColor": [
        {
          "avg": 26,
          "var": 8
        },
        {
          "avg": 245,
          "var": 7
        },
        {
          "avg": 236,
          "var": 19
        },
        {
          "avg": 30,
          "var": 50
        }
      ],
      "opacityEvolve": {
        "transform": "quadratic",
        "factor": 32
      },
      "gravityEffect": {
        "avg": 0,
        "var": 0
      },
      "posOffset": [
        {
          "avg": 0,
          "var": 0.01
        },
        {
          "avg": -0.4,
          "var": 0.02
        },
        {
          "avg": 0,
          "var": 0.01
        }
      ],
      "velocity": [
        {
          "avg": 0,
          "var": 0.04
        },
        {
          "avg": 0.03,
          "var": 0.02
        },
        {
          "avg": 0,
          "var": 0.04
        }
      ],
      "quantity": { "avg": 0 },
      "terrainCollision": false,
      "size": {
        "avg": 0.23,
        "var": 0.03
      },
      "sizeEvolve": {
        "transform": "quadratic",
        "factor": -0.2
      },
      "particleModel": "Quad",
      "lifeLength": {
        "avg": 0.3,
        "var": 0.04
      },
      "vertexFlags": 1
    },
    {
      "hsvaColor": [
        {
          "avg": 49,
          "var": 5
        },
        {
          "avg": 178,
          "var": 7
        },
        {
          "avg": 250,
          "var": 5
        },
        {
          "avg": 30,
          "var": 50
        }
      ],
      "opacityEvolve": {
        "transform": "quadratic",
        "factor": 32
      },
      "gravityEffect": {
        "avg": 0,
        "var": 0
      },
      "posOffset": [
        {
          "avg": 0,
          "var": 0.015
        },
        {
          "avg": -0.4,
          "var": 0.03
        },
        {
          "avg": 0,
          "var": 0.015
        }
      ],
      "velocity": [
        {
          "avg": 0,
          "var": 0.03
        },
        {
          "avg": 0.04,
          "var": 0.03
        },
        {
          "avg": 0,
          "var": 0.03
        }
      ],
      "quantity": { "avg": 0 },
      "terrainCollision": false,
      "size": {
        "avg": 0.3,
        "var": 0.04
      },
      "sizeEvolve": {
        "transform": "quadratic",
        "factor": 0.4
      },
      "particleModel": "Quad",
      "lifeLength": {
        "avg": 0.2,
        "var": 0.02
      },
      "vertexFlags": 1
    }
  ]
}