{
  "code": "estove",
  "class": "BlockEStove",
  "entityClass": "BlockEntityEStove",
  "attributes": {
    "maxConsumption": 100,
    "handbook": {
      "groupBy": [ "estove-*" ],
      "extraSections": [
        {
          "title": "electricityaddon:block-handbooktitle-estove",
          "text": "electricityaddon:block-handbooktext-estove"
        }
      ]
    }
  },
  "behaviors": [
    { "name": "Container" },
    {
      "name": "HorizontalOrientable",
      "properties": {
        "dropBlockFace": "south"
      }
    }
  ],
  "entityBehaviors": [
    {
      "name": "BEBehaviorEStove"
    },
    {
      "name": "Electricity"
    }
  ],
  "creativeinventory": {
    "general": [ "*-disabled-south" ],
    "electricity": [ "*-disabled-south" ]
  },
  "variantgroups": [
    {
      "code": "state",
      "states": [ "disabled", "enabled" ]
    },
    {
      "code": "side",
      "loadFromProperties": "abstract/horizontalorientation"
    }
  ],
  "shapebytype": {
    "*-enabled-north": {
      "base": "block/electricstove-enabled",
      "rotateY": 0
    },
    "*-enabled-east": {
      "base": "block/electricstove-enabled",
      "rotateY": 270
    },
    "*-enabled-south": {
      "base": "block/electricstove-enabled",
      "rotateY": 180
    },
    "*-enabled-west": {
      "base": "block/electricstove-enabled",
      "rotateY": 90
    },
    "*-disabled-north": {
      "base": "block/electricstove-disabled",
      "rotateY": 0
    },
    "*-disabled-east": {
      "base": "block/electricstove-disabled",
      "rotateY": 270
    },
    "*-disabled-south": {
      "base": "block/electricstove-disabled",
      "rotateY": 180
    },
    "*-disabled-west": {
      "base": "block/electricstove-disabled",
      "rotateY": 90
    }
  },
  "textures": {
    "brass": { "base": "block/brass" },
    "copper": { "base": "block/copper" },
    "copper-hot": { "base": "block/copper-hot" },
    "emeral": { "base": "block/emeral" },
    "iron": { "base": "block/iron" },
    "stainlesssteel": { "base": "block/stainlesssteel" },
    "steel": { "base": "block/steel" },
    "topaz": { "base": "block/topaz" },
    "zinc": { "base": "block/zinc" }
  },
  "blockmaterial": "Stone",
  "sidesolid": {
    "all": false
  },
  "sideopaque": {
    "all": false
  },
  "resistance": 3.5,
  "lightAbsorption": 0,
  "lightHsvByType": {
    "*-disabled-*": [ 0, 0, 0 ],
    "*-enabled-*": [ 7, 7, 11 ]
  },
  "sounds": {
    "walk": "game:walk/stone"
  },
  "heldTpIdleAnimation": "holdbothhandslarge",
  "heldRightReadyAnimation": "heldblockready",
  "heldTpUseAnimation": "twohandplaceblock",
  "tpHandTransform": {
    "translation": {
      "x": -1.23,
      "y": -0.91,
      "z": -0.8
    },
    "rotation": {
      "x": -2,
      "y": 25,
      "z": -78
    },
    "scale": 0.4
  }
}