{
  "code": "Generatortier2",
  "class": "BlockEGeneratorTier2",
  "entityClass": "BlockEntityEGenerator",
  "entityBehaviors": [
    {
      "name": "BEBehaviorEGeneratorTier2"
    },
    {
      "name": "Electricity"
    }
  ],
  "attributes": {
    "params": [ 200.0, 1.0, 0.1, 0.32 ], //параметры генератора, менять на свой страх и риск
    "handbook": {
      "groupBy": [ "generatortier2-*" ],
      "extraSections": [
        {
          "title": "electricityaddon:block-handbooktitle-generatortier2",
          "text": "electricityaddon:block-handbooktext-generatortier2"
        }
      ]
    }
  },
  "creativeInventory": {
    "general": [
      "*-stator"
    ],
    "mechanics": [
      "*-stator"
    ],
    "electricity": [
      "*-stator"
    ]
  },
  "variantGroups": [
    {
      "code": "type",
      "states": [
        "rotor",
        "stator"
      ]
    }
  ],
  "shapeInventory": {
    "base": "block/generatortier2"
  },
  "shapeByType": {
    "Generatortier2-rotor": {
      "base": "block/generatortier2-rotor"
    },
    "Generatortier2-stator": {
      "base": "block/generatortier2-stator"
    }
  },
  "resistance": 1,
  "drawType": "JSON",
  "lightAbsorption": 0.0,
  "faceCullMode": "NeverCull",
  "renderPass": "OpaqueNoCull",
  "emitSideAo": {
    "all": false
  },
  "sideAo": {
    "all": false
  },
  "sideOpaque": {
    "all": false
  },
  "sideSolid": {
    "all": false
  },
  "sounds": {
    "place": "game:block/anvil",
    "walk": "game:walk/stone"
  },
  "heldTpIdleAnimation": "holdbothhandslarge",
  "heldRightReadyAnimation": "heldblockready",
  "heldTpUseAnimation": "twohandplaceblock",
  "tpHandTransform": {
    "translation": {
      "x": -1.23,
      "y": -0.91,
      "z": -0.8
    },
    "rotation": {
      "x": -2,
      "y": 25,
      "z": -78
    },
    "scale": 0.4
  }
}
