{
  "code": "Motortier3",
  "class": "BlockEMotorTier3",
  "entityClass": "BlockEntityEMotor",
  "entityBehaviors": [
    {
      "name": "BEBehaviorEMotorTier3"
    },
    {
      "name": "Electricity"
    }
  ],
  "attributes": {
    "params": [ 10.0, 800.0, 2.0, 0.95, 1.0, 0.1 ], //параметры двигателя, менять на свой страх и риск
    "handbook": {
      "groupBy": [ "motortier3-*" ],
      "extraSections": [
        {
          "title": "electricityaddon:block-handbooktitle-motortier3",
          "text": "electricityaddon:block-handbooktext-motortier3"
        }
      ]
    }
  },
  "creativeInventory": {
    "general": [
      "*-stator"
    ],
    "mechanics": [
      "*-stator"
    ],
    "electricity": [
      "*-stator"
    ]
  },
  "variantGroups": [
    {
      "code": "type",
      "states": [
        "rotor",
        "stator"
      ]
    }
  ],
  "shapeInventory": {
    "base": "block/motortier3"
  },
  "shapeByType": {
    "*-rotor": {
      "base": "block/motortier3-rotor"
    },
    "*-stator": {
      "base": "block/motortier3-stator"
    }
  },
  "textures": {
    "copper": {
      "base": "game:block/metal/ingot/gold"
    }
  },
  "resistance": 1,
  "drawType": "JSON",
  "lightAbsorption": 0.0,
  "faceCullMode": "NeverCull",
  "renderPass": "OpaqueNoCull",
  "emitSideAo": {
    "all": false
  },
  "sideAo": {
    "all": false
  },
  "sideOpaque": {
    "all": false
  },
  "sideSolid": {
    "all": false
  },
  "sounds": {
    "place": "game:block/anvil",
    "walk": "game:walk/stone"
  },
  "heldTpIdleAnimation": "holdbothhandslarge",
  "heldRightReadyAnimation": "heldblockready",
  "heldTpUseAnimation": "twohandplaceblock",
  "tpHandTransform": {
    "translation": {
      "x": -1.23,
      "y": -0.91,
      "z": -0.8
    },
    "rotation": {
      "x": -2,
      "y": 25,
      "z": -78
    },
    "scale": 0.4
  }
}
