{
	"code": "drum",
	"class": "drum",
	"behaviors": [{
		"name": "GroundStorable",
		"properties": { 
			"layout": "SingleCenter",
			"collisionBox": { "x1": 0, "y1": 0, "z1": 0, "x2": 1, "y2": 0.125, "z2": 1 }
		}
	}],
	"shape": { "base": "item/drum" },
	"attributes": {
		"rackable": true,
		"toolrackTransform": {
			"rotation": {
				"z": 180
			},
			"translation": {
				"y": -0.4
			},
			"scale": 1.25
		}
	},
	"creativeinventory": {
		"general": [ "*" ],
		"items": [ "*" ],
		"instruments": [ "*" ]
	},
	"guiTransform": {
		"translation": {
			"x": 0,
			"y": 0,
			"z": 0
		},
		"rotation": {
			"x": 146,
			"y": -45,
			"z": 0
		},
		"origin": {
			"x": 0.4,
			"y": 0.3,
			"z": 0.5
		},
		"scale": 1.8
	},
	"fpHandTransform": {
		"translation": {
			"x": 0.7,
			"y": 0.2,
			"z": 0.2
		},
		"rotation": {
			"x": 43,
			"y": -3,
			"z": 6
		},
		"origin": {
			"x": 1,
			"y": 0.4,
			"z": 0.5
		},
		"scale": 3.4
	},
	"groundTransform": {
		"translation": {
			"x": 0,
			"y": 0,
			"z": 0
		},
		"rotation": {
			"x": 0,
			"y": 0,
			"z": 0
		},
		"origin": {
			"x": 1,
			"y": 0,
			"z": 0.5
		},
		"scale": 4.17
	},
	"tpHandTransform": {
		"translation": {
			"x": -0.5,
			"y": 0,
			"z": -0.4
		},
		"rotation": {
			"x": -2,
			"y": 25,
			"z": -78
		},
		"origin": {
			"x": 0.5,
			"y": 0,
			"z": 0.5
		},
		"scale": 0.8
	},
	"heldTpUseAnimation": "holdbothhandslarge"
}