{
	"code": "dulcimer",
	"class": "dulcimer",
	"behaviors": [{
		"name": "GroundStorable",
		"properties": { 
			"layout": "Quadrants",
			"collisionBox": { "x1": 0, "y1": 0, "z1": 0, "x2": 1, "y2": 0.125, "z2": 1 }
		}
	}],
	"shape": { "base": "item/dulcimer" },
	"attributes": {
		"rackable": true,
		"toolrackTransform": {
			"rotation": {
				"x": 180,
				"y": -90
			},
			"translation": {
				"y": -0.65
			},
			"scale": 1.25
		},
		"groundStorageTransform": {
			"translation": { "x": 0.03, "y": -0.08, "z": 0.03 },
			"scale": 0.85
		}
	},
	"creativeinventory": {
		"general": [ "*" ],
		"items": [ "*" ],
		"instruments": [ "*" ]
	},
	"guiTransform": {
		"translation": {
			"x": 0,
			"y": 0,
			"z": 0
		},
		"rotation": {
			"x": 146,
			"y": -225,
			"z": 0
		},
		"origin": {
			"x": 0.5,
			"y": 0.25,
			"z": 0.5
		},
		"scale": 1.8
	},
	"fpHandTransform": {
		"translation": {
			"x": 0.7,
			"y": 0.2,
			"z": 0.2
		},
		"rotation": {
			"x": 43,
			"y": -3,
			"z": 6
		},
		"origin": {
			"x": 1,
			"y": 0.4,
			"z": 0.5
		},
		"scale": 3.4
	},
	"groundTransform": {
		"translation": {
			"x": 0,
			"y": 0,
			"z": 0
		},
		"rotation": {
			"x": 0,
			"y": 0,
			"z": 0
		},
		"origin": {
			"x": 1,
			"y": 0,
			"z": 0.5
		},
		"scale": 4.17
	},
	"tpHandTransform": {
		"translation": {
			"x": -0.5,
			"y": 0,
			"z": -0.4
		},
		"rotation": {
			"x": 90,
			"y": 0,
			"z": -90
		},
		"origin": {
			"x": 0.5,
			"y": 0,
			"z": 0.5
		},
		"scale": 0.75
	},
	"heldTpUseAnimation": "holdbothhandslarge"
}