{
	"code": "harp",
	"class": "harp",
	"behaviors": [{
		"name": "GroundStorable",
		"properties": { 
			"layout": "Quadrants",
			"collisionBox": { "x1": 0, "y1": 0, "z1": 0, "x2": 1, "y2": 0.125, "z2": 1 }
		}
	}],
	"shape": { "base": "item/harp" },
	"attributes": {
		"rackable": true,
		"toolrackTransform": {
			"rotation": {
				"x": -90,
				"z": -90
			},
			"translation": {
			},
			"scale": 1.25
		},
		"groundStorageTransform": {
			"translation": { "x": -0.02, "y": -0.07, "z": -0.02 },
			"rotation": { "x": 0, "y": -45, "z": 0 },
			"scale": 0.85
		}
	},
	"creativeinventory": {
		"general": [ "*" ],
		"items": [ "*" ],
		"instruments": [ "*" ]
	},
	"guiTransform": {
		"translation": {
			"x": 0,
			"y": -1,
			"z": 0
		},
		"rotation": {
			"x": 146,
			"y": -225,
			"z": 0
		},
		"origin": {
			"x": 0.62,
			"y": 0.5,
			"z": 0.5
		},
		"scale": 1.5
	},
	"fpHandTransform": {
		"translation": {
			"x": 0.7,
			"y": 0.2,
			"z": 0.2
		},
		"rotation": {
			"x": 43,
			"y": -3,
			"z": 6
		},
		"origin": {
			"x": 1,
			"y": 0.4,
			"z": 0.5
		},
		"scale": 3.4
	},
	"groundTransform": {
		"translation": {
			"x": 0,
			"y": 0,
			"z": 0
		},
		"rotation": {
			"x": 0,
			"y": 0,
			"z": 0
		},
		"origin": {
			"x": 1,
			"y": 0,
			"z": 0.5
		},
		"scale": 4.17
	},
	"tpHandTransform": {
		"translation": {
			"x": -0.8,
			"y": -0.3,
			"z": -0.6
		},
		"rotation": {
			"x": 0,
			"y": -50,
			"z": 0
		},
		"scale": 0.7
	},
	"heldTpUseAnimation": "holdbothhands"
}