{
	"code": "mboxcomb",
	"behaviors": [{
		"name": "GroundStorable",
		"properties": { 
			"layout": "Quadrants",
			"collisionBox": { "x1": 0, "y1": 0, "z1": 0, "x2": 1, "y2": 0.125, "z2": 1 }
		}
	}],
	"shape": { "base": "item/mboxcomb" },
	"attributes": {
		"shelvable": true,
		"displaycaseable": true,
		"onDisplayTransform": {
			"translation": { "x": 0.02, "y": 0, "z": 0.02 }
		},
		"groundStorageTransform": {
			"translation": { "x": 0, "y": -0.05, "z": 0 },
			"origin": { "x": 0.75, "y": 0.5, "z": 0.75 },
			"scale": 0.9
		},
		"handbook": {
			"extraSections": [
				{
					"title": "instruments:madefrom-title-steel",
					"text": "instruments:madefrom-steel"
				}
			]
		}
	},
	"creativeinventory": {
		"general": [ "*" ],
		"items": [ "*" ],
		"instruments": [ "*" ]
	},
	"guiTransform": {
		"translation": {
			"x": 0,
			"y": 0,
			"z": 0
		},
		"rotation": {
			"x": 146,
			"y": -45,
			"z": 0
		},
		"origin": {
			"x": 0.55,
			"y": 0.1,
			"z": 0.65
		},
		"scale": 2.00
	},
	"fpHandTransform": {
		"translation": {
			"x": 0.7,
			"y": 0.2,
			"z": 0.2
		},
		"rotation": {
			"x": 43,
			"y": -3,
			"z": 6
		},
		"origin": {
			"x": 1,
			"y": 0.4,
			"z": 0.5
		},
		"scale": 3.4
	},
	"groundTransform": {
		"translation": {
			"x": 0,
			"y": 0,
			"z": 0
		},
		"rotation": {
			"x": 0,
			"y": 0,
			"z": 0
		},
		"origin": {
			"x": 1,
			"y": 0,
			"z": 0.5
		},
		"scale": 4.17
	},
	"tpHandTransform": {
		"translation": {
			"x": -0.87,
			"y": 0.09,
			"z": -0.6
		},
		"rotation": {
			"x": 0,
			"y": 0,
			"z": 90
		},
		"origin": {
			"x": 0.5,
			"y": 0,
			"z": 0.5
		},
		"scale": 0.8
	}
}