{
	"code": "violin",
	"class": "violin",
	"behaviors": [{ 
		"name": "GroundStorable",
		"properties": {
			"layout": "WallHalves",
			"wallOffY": 1,
			"selectionBox": { "x1": 0, "y1": 0, "z1": 0, "x2": 1, "y2": 0.1, "z2": 1 },
			"collisionBox": { "x1": 0, "y1": 0, "z1": 0, "x2": 0, "y2": 0, "z2": 0 }
		}
	}],
	"shape": { "base": "item/violin" },
	"attributes": {
		"rackable": true,
		"toolrackTransform": {
			"rotation": {
				"x": 90,
				"z": -90
			},
			"translation": {
			},
			"scale": 1.25
		},
		"groundStorageTransform": {
			"translation": { "x": -0.03, "y": -0.02, "z": 0.33 },
			"rotation": { "x": 23, "y": 180, "z": 0 }
		}
	},
	"creativeinventory": {
		"general": [ "*" ],
		"items": [ "*" ],
		"instruments": [ "*" ]
	},
	"guiTransform": {
		"translation": {
			"x": 0,
			"y": -1,
			"z": 0
		},
		"rotation": {
			"x": 146,
			"y": -225,
			"z": 0
		},
		"origin": {
			"x": 0.62,
			"y": 0.5,
			"z": 0.5
		},
		"scale": 1.5
	},
	"fpHandTransform": {
		"translation": {
			"x": 0.7,
			"y": 0.2,
			"z": 0.2
		},
		"rotation": {
			"x": 43,
			"y": -3,
			"z": 6
		},
		"origin": {
			"x": 1,
			"y": 0.4,
			"z": 0.5
		},
		"scale": 3.4
	},
	"groundTransform": {
		"translation": {
			"x": 0,
			"y": 0,
			"z": 0
		},
		"rotation": {
			"x": 0,
			"y": 0,
			"z": 0
		},
		"origin": {
			"x": 1,
			"y": 0,
			"z": 0.5
		},
		"scale": 4.17
	},
	"tpHandTransform": {
		"translation": {
			"x": -0.9,
			"y": 0,
			"z": -0.6
		},
		"rotation": {
			"x": 0,
			"y": 80,
			"z": -25
		},
		"origin": {
			"x": 0.5,
			"y": 0,
			"z": 0.5
		},
		"scale": 0.65
	},
	"heldTpUseAnimation": "holdinglanternrighthand"
}