{
	"editor": {
		"allAngles": false,
		"entityTextureMode": false
	},
	"textureWidth": 16,
	"textureHeight": 16,
	"textureSizes": {
	},
	"textures": {
		"dough": "e:/Nik/vsmod/TheArtOfCooking/dough/flax1"
	},
	"elements": [
		{
			"name": "dough 19",
			"from": [ 5.0, 0.0, 6.7 ],
			"to": [ 11.0, 0.5, 9.3 ],
			"rotationOrigin": [ 8.0, 0.0, 8.0 ],
			"faces": {
				"north": { "texture": "#dough", "uv": [ 0.0, 2.0, 6.0, 2.5 ], "windMode": [-1,-1,-1,-1] },
				"east": { "texture": "#dough", "uv": [ 0.0, 11.0, 2.5, 11.5 ], "windMode": [-1,-1,-1,-1] },
				"south": { "texture": "#dough", "uv": [ 0.0, 5.0, 6.0, 5.5 ], "windMode": [-1,-1,-1,-1] },
				"west": { "texture": "#dough", "uv": [ 0.0, 8.0, 2.5, 8.5 ], "windMode": [-1,-1,-1,-1] },
				"up": { "texture": "#dough", "uv": [ 8.0, 0.0, 14.0, 2.5 ] },
				"down": { "texture": "#dough", "uv": [ 8.0, 8.0, 14.0, 10.5 ] }
			},
			"children": [
				{
					"name": "dough 20",
					"from": [ -0.3, 0.5, 0.2 ],
					"to": [ 6.3, 2.0, 2.4 ],
					"rotationOrigin": [ 2.7, 0.5, 2.2 ],
					"faces": {
						"north": { "texture": "#dough", "uv": [ 0.0, 2.0, 6.5, 3.5 ], "windMode": [-1,-1,-1,-1] },
						"east": { "texture": "#dough", "uv": [ 0.0, 11.0, 2.0, 12.5 ], "windMode": [-1,-1,-1,-1] },
						"south": { "texture": "#dough", "uv": [ 0.0, 5.0, 6.5, 6.5 ], "windMode": [-1,-1,-1,-1] },
						"west": { "texture": "#dough", "uv": [ 0.0, 8.0, 2.0, 9.5 ], "windMode": [-1,-1,-1,-1] },
						"up": { "texture": "#dough", "uv": [ 8.0, 0.0, 14.5, 2.0 ] },
						"down": { "texture": "#dough", "uv": [ 8.0, 8.0, 14.5, 10.0 ] }
					}
				},
				{
					"name": "dough 21",
					"from": [ 0.1, 0.5, -0.2 ],
					"to": [ 6.1, 2.0, 0.3 ],
					"rotationOrigin": [ 3.1, 0.5, 1.3 ],
					"faces": {
						"north": { "texture": "#dough", "uv": [ 1.0, 4.0, 7.0, 5.5 ], "windMode": [-1,-1,-1,-1] },
						"east": { "texture": "#dough", "uv": [ 3.0, 9.5, 3.5, 11.0 ], "windMode": [-1,-1,-1,-1] },
						"west": { "texture": "#dough", "uv": [ 1.0, 6.5, 1.5, 8.0 ], "windMode": [-1,-1,-1,-1] },
						"up": { "texture": "#dough", "uv": [ 8.0, 0.0, 14.0, 0.5 ] },
						"down": { "texture": "#dough", "uv": [ 8.0, 8.0, 14.0, 8.5 ] }
					}
				},
				{
					"name": "dough 22",
					"from": [ 0.0, 2.0, 0.0 ],
					"to": [ 6.0, 2.5, 2.5 ],
					"rotationOrigin": [ 3.0, 2.0, 2.0 ],
					"faces": {
						"north": { "texture": "#dough", "uv": [ 1.0, 8.0, 7.0, 8.5 ], "windMode": [-1,-1,-1,-1] },
						"east": { "texture": "#dough", "uv": [ 2.5, 7.5, 5.0, 8.0 ], "windMode": [-1,-1,-1,-1] },
						"south": { "texture": "#dough", "uv": [ 1.0, 4.5, 7.0, 5.0 ], "windMode": [-1,-1,-1,-1] },
						"west": { "texture": "#dough", "uv": [ 3.5, 4.5, 6.0, 5.0 ], "windMode": [-1,-1,-1,-1] },
						"up": { "texture": "#dough", "uv": [ 9.0, 2.5, 15.0, 5.0 ] },
						"down": { "texture": "#dough", "uv": [ 8.5, 10.0, 14.5, 12.5 ] }
					}
				},
				{
					"name": "dough 23",
					"from": [ -0.1, 0.2, 2.2 ],
					"to": [ 5.9, 2.2, 2.7 ],
					"rotationOrigin": [ 2.9, 2.5, 2.7 ],
					"rotationX": -10.0,
					"faces": {
						"north": { "texture": "#dough", "uv": [ 9.5, 10.0, 15.5, 12.0 ], "windMode": [-1,-1,-1,-1] },
						"east": { "texture": "#dough", "uv": [ 3.5, 13.0, 4.0, 15.0 ], "windMode": [-1,-1,-1,-1] },
						"south": { "texture": "#dough", "uv": [ 9.0, 6.0, 15.0, 8.0 ], "windMode": [-1,-1,-1,-1] },
						"west": { "texture": "#dough", "uv": [ 4.0, 13.0, 4.5, 15.0 ], "windMode": [-1,-1,-1,-1] },
						"up": { "texture": "#dough", "uv": [ 1.0, 7.5, 7.0, 8.0 ] },
						"down": { "texture": "#dough", "uv": [ 1.0, 7.5, 7.0, 8.0 ] }
					}
				}
			]
		}
	]}