{
	"editor": {
		"allAngles": false,
		"entityTextureMode": false
	},
	"textureWidth": 16,
	"textureHeight": 16,
	"textureSizes": {
		"filling1": [16,16],
		"filling2": [16,16],
		"filling3": [16,16],
		"filling4": [16,16]
	},
	"textures": {
	},
	"elements": [
		{
			"name": "dough 19",
			"from": [ 5.0, 0.0, 6.7 ],
			"to": [ 11.0, 0.5, 9.3 ],
			"rotationOrigin": [ 8.0, 0.0, 8.0 ],
			"faces": {
				"north": { "texture": "#dough", "uv": [ 0.0, 2.0, 6.0, 2.5 ], "windMode": [-1,-1,-1,-1] },
				"east": { "texture": "#dough", "uv": [ 0.0, 11.0, 2.5, 11.5 ], "windMode": [-1,-1,-1,-1] },
				"south": { "texture": "#dough", "uv": [ 0.0, 5.0, 6.0, 5.5 ], "windMode": [-1,-1,-1,-1] },
				"west": { "texture": "#dough", "uv": [ 0.0, 8.0, 2.5, 8.5 ], "windMode": [-1,-1,-1,-1] },
				"up": { "texture": "#dough", "uv": [ 8.0, 0.0, 14.0, 2.5 ] },
				"down": { "texture": "#dough", "uv": [ 8.0, 8.0, 14.0, 10.5 ] }
			}
		},
		{
			"name": "dough 20",
			"from": [ 4.7, 0.5, 6.9 ],
			"to": [ 10.3, 2.0, 9.1 ],
			"rotationOrigin": [ 7.7, 0.5, 8.9 ],
			"faces": {
				"north": { "texture": "#dough", "uv": [ 0.0, 2.0, 5.5, 3.5 ], "windMode": [-1,-1,-1,-1] },
				"east": { "texture": "#dough", "uv": [ 0.0, 11.0, 2.0, 12.5 ], "windMode": [-1,-1,-1,-1] },
				"south": { "texture": "#dough", "uv": [ 0.0, 5.0, 5.5, 6.5 ], "windMode": [-1,-1,-1,-1] },
				"west": { "texture": "#dough", "uv": [ 0.0, 8.0, 2.0, 9.5 ], "windMode": [-1,-1,-1,-1] },
				"up": { "texture": "#dough", "uv": [ 8.0, 0.0, 13.5, 2.0 ] },
				"down": { "texture": "#dough", "uv": [ 8.0, 8.0, 13.5, 10.0 ] }
			}
		},
		{
			"name": "dough 21",
			"from": [ 5.1, 0.5, 6.5 ],
			"to": [ 11.1, 2.0, 7.0 ],
			"rotationOrigin": [ 8.1, 0.5, 8.0 ],
			"faces": {
				"north": { "texture": "#dough", "uv": [ 1.0, 4.0, 7.0, 5.5 ], "windMode": [-1,-1,-1,-1] },
				"east": { "texture": "#dough", "uv": [ 3.0, 9.5, 3.5, 11.0 ], "windMode": [-1,-1,-1,-1] },
				"south": { "texture": "#dough", "uv": [ 1.0, 0.0, 7.0, 1.5 ], "windMode": [-1,-1,-1,-1] },
				"west": { "texture": "#dough", "uv": [ 1.0, 6.5, 1.5, 8.0 ], "windMode": [-1,-1,-1,-1] },
				"up": { "texture": "#dough", "uv": [ 8.0, 0.0, 14.0, 0.5 ] },
				"down": { "texture": "#dough", "uv": [ 8.0, 8.0, 14.0, 8.5 ] }
			}
		},
		{
			"name": "dough 22",
			"from": [ 5.0, 2.0, 6.7 ],
			"to": [ 11.0, 2.5, 9.2 ],
			"rotationOrigin": [ 8.0, 2.0, 8.7 ],
			"faces": {
				"north": { "texture": "#dough", "uv": [ 1.0, 8.0, 7.0, 8.5 ], "windMode": [-1,-1,-1,-1] },
				"east": { "texture": "#dough", "uv": [ 2.5, 7.5, 5.0, 8.0 ], "windMode": [-1,-1,-1,-1] },
				"south": { "texture": "#dough", "uv": [ 1.0, 4.5, 7.0, 5.0 ], "windMode": [-1,-1,-1,-1] },
				"west": { "texture": "#dough", "uv": [ 3.5, 4.5, 6.0, 5.0 ], "windMode": [-1,-1,-1,-1] },
				"up": { "texture": "#dough", "uv": [ 9.0, 2.5, 15.0, 5.0 ] },
				"down": { "texture": "#dough", "uv": [ 8.5, 10.0, 14.5, 12.5 ] }
			}
		},
		{
			"name": "dough 23",
			"from": [ 4.9, 0.2, 8.9 ],
			"to": [ 10.9, 2.2, 9.4 ],
			"rotationOrigin": [ 7.9, 2.5, 9.4 ],
			"rotationX": -10.0,
			"faces": {
				"north": { "texture": "#dough", "uv": [ 9.5, 10.0, 15.5, 12.0 ], "windMode": [-1,-1,-1,-1] },
				"east": { "texture": "#dough", "uv": [ 3.5, 13.0, 4.0, 15.0 ], "windMode": [-1,-1,-1,-1] },
				"south": { "texture": "#dough", "uv": [ 9.0, 6.0, 15.0, 8.0 ], "windMode": [-1,-1,-1,-1] },
				"west": { "texture": "#dough", "uv": [ 4.0, 13.0, 4.5, 15.0 ], "windMode": [-1,-1,-1,-1] },
				"up": { "texture": "#dough", "uv": [ 1.0, 7.5, 7.0, 8.0 ] },
				"down": { "texture": "#dough", "uv": [ 1.0, 7.5, 7.0, 8.0 ] }
			}
		},
		{
			"name": "Cube2",
			"from": [ 10.2, 0.2, 7.0 ],
			"to": [ 11.2, 1.2, 8.0 ],
			"rotationOrigin": [ 10.2, 0.2, 7.0 ],
			"faces": {
				"north": { "texture": "#filling1", "uv": [ 0.0, 0.0, 1.0, 1.0 ] },
				"east": { "texture": "#filling1", "uv": [ 0.0, 0.0, 1.0, 1.0 ] },
				"south": { "texture": "#filling1", "uv": [ 0.0, 0.0, 1.0, 1.0 ] },
				"west": { "texture": "#filling1", "uv": [ 0.0, 0.0, 1.0, 1.0 ] },
				"up": { "texture": "#filling1", "uv": [ 0.0, 0.0, 1.0, 1.0 ] },
				"down": { "texture": "#filling1", "uv": [ 0.0, 0.0, 1.0, 1.0 ] }
			}
		},
		{
			"name": "Cube3",
			"from": [ 10.3, 0.2, 8.0 ],
			"to": [ 11.3, 1.2, 9.0 ],
			"rotationOrigin": [ 10.3, 0.2, 8.0 ],
			"faces": {
				"north": { "texture": "#filling2", "uv": [ 0.0, 0.0, 1.0, 1.0 ] },
				"east": { "texture": "#filling2", "uv": [ 0.0, 0.0, 1.0, 1.0 ] },
				"south": { "texture": "#filling2", "uv": [ 0.0, 0.0, 1.0, 1.0 ] },
				"west": { "texture": "#filling2", "uv": [ 0.0, 0.0, 1.0, 1.0 ] },
				"up": { "texture": "#filling2", "uv": [ 0.0, 0.0, 1.0, 1.0 ] },
				"down": { "texture": "#filling2", "uv": [ 0.0, 0.0, 1.0, 1.0 ] }
			}
		},
		{
			"name": "Cube4",
			"from": [ 10.3, 1.2, 7.0 ],
			"to": [ 11.3, 2.2, 8.0 ],
			"rotationOrigin": [ 10.3, 1.2, 7.0 ],
			"faces": {
				"north": { "texture": "#filling3", "uv": [ 0.0, 0.0, 1.0, 1.0 ] },
				"east": { "texture": "#filling3", "uv": [ 0.0, 0.0, 1.0, 1.0 ] },
				"south": { "texture": "#filling3", "uv": [ 0.0, 0.0, 1.0, 1.0 ] },
				"west": { "texture": "#filling3", "uv": [ 0.0, 0.0, 1.0, 1.0 ] },
				"up": { "texture": "#filling3", "uv": [ 0.0, 0.0, 1.0, 1.0 ] },
				"down": { "texture": "#filling3", "uv": [ 0.0, 0.0, 1.0, 1.0 ] }
			}
		},
		{
			"name": "Cube5",
			"from": [ 10.1, 1.2, 8.0 ],
			"to": [ 11.1, 2.2, 9.0 ],
			"rotationOrigin": [ 10.1, 1.2, 8.0 ],
			"faces": {
				"north": { "texture": "#filling4", "uv": [ 0.0, 0.0, 1.0, 1.0 ] },
				"east": { "texture": "#filling4", "uv": [ 0.0, 0.0, 1.0, 1.0 ] },
				"south": { "texture": "#filling4", "uv": [ 0.0, 0.0, 1.0, 1.0 ] },
				"west": { "texture": "#filling4", "uv": [ 0.0, 0.0, 1.0, 1.0 ] },
				"up": { "texture": "#filling4", "uv": [ 0.0, 0.0, 1.0, 1.0 ] },
				"down": { "texture": "#filling4", "uv": [ 0.0, 0.0, 1.0, 1.0 ] }
			}
		}
	]}