{
  "ingredient": {
    "type": "item",
    "code": "game:clay-*",
    "name": "type",
    "allowedVariants": [ "blue", "fire", "red" ]
  },
  "pattern": [
    [
      "############",
      "############",
      "############",
      "############",
      "############",
      "############",
      "############",
      "############",
      "############",
      "############",
      "############",
      "############"
    ],
    [
      "############",
      "#____##____#",
      "#_##_##_##_#",
      "#_##_##_##_#",
      "#____##____#",
      "############",
      "############",
      "#____##____#",
      "#_##_##_##_#",
      "#_##_##_##_#",
      "#____##____#",
      "############"
    ],
    [
      "############",
      "#____##____#",
      "#____##____#",
      "#____##____#",
      "#____##____#",
      "############",
      "############",
      "#____##____#",
      "#____##____#",
      "#____##____#",
      "#____##____#",
      "############"
    ]
  ],
  "name": "Bowl Mold",
  "output": {
    "type": "block",
    "code": "pewter:tablewaremold-raw-bowl-north"
  }
}