{
  "ingredient": {
    "type": "item",
    "code": "game:clay-*",
    "name": "type",
    "allowedVariants": [ "blue", "fire", "red" ]
  },
  "pattern": [
    [
      "#############",
      "#############",
      "#############",
      "#############",
      "#############",
      "#############",
      "#############",
      "#############",
      "#############",
      "#############",
      "#############",
      "#############",
      "#############"
    ],
    [
      "#############",
      "#############",
      "#############",
      "###_#####_###",
      "#############",
      "#############",
      "#############",
      "#############",
      "#############",
      "###_#####_###",
      "#############",
      "#############",
      "#############"
    ],
    [
      "#############",
      "#_____#_____#",
      "#_____#_____#",
      "#_____#_____#",
      "#_____#_____#",
      "#_____#_____#",
      "#############",
      "#_____#_____#",
      "#_____#_____#",
      "#_____#_____#",
      "#_____#_____#",
      "#_____#_____#",
      "#############"
    ]
  ],
  "name": "Crock Lid Mold",
  "output": {
    "type": "block",
    "code": "pewter:tablewaremold-raw-crocklid-north"
  }
}