{
  "ingredient": {
    "type": "item",
    "code": "game:clay-*",
    "name": "type",
    "allowedVariants": [ "blue", "fire", "red" ]
  },
  "pattern": [
    [
      "################",
      "################",
      "################",
      "################",
      "################",
      "################",
      "################",
      "################",
      "################",
      "################",
      "################",
      "################",
      "################",
      "################",
      "################",
      "################"
    ],
    [
      "################",
      "################",
      "##_____##_____##",
      "##_###_##_###_##",
      "##_###_##_###_##",
      "##_###_##_###_##",
      "##_____##_____##",
      "################",
      "################",
      "##_____##_____##",
      "##_###_##_###_##",
      "##_###_##_###_##",
      "##_###_##_###_##",
      "##_____##_____##",
      "################",
      "################"
    ],
    [
      "################",
      "################",
      "##_____##_____##",
      "##_###_##_###_##",
      "##_###_##_###_##",
      "##_###_##_###_##",
      "##_____##_____##",
      "################",
      "################",
      "##_____##_____##",
      "##_###_##_###_##",
      "##_###_##_###_##",
      "##_###_##_###_##",
      "##_____##_____##",
      "################",
      "################"
    ],
    [
      "################",
      "################",
      "##_____##_____##",
      "##_____##_____##",
      "##_____##_____##",
      "##_____##_____##",
      "##_____##_____##",
      "################",
      "################",
      "##_____##_____##",
      "##_____##_____##",
      "##_____##_____##",
      "##_____##_____##",
      "##_____##_____##",
      "################",
      "################"
    ]
  ],
  "name": "Crock Base Mold",
  "output": {
    "type": "block",
    "code": "pewter:tablewaremold-raw-crockbase-north"
  }
}