{
  "ingredient": {
    "type": "item",
    "code": "game:clay-*",
    "name": "type",
    "allowedVariants": [ "blue", "fire", "red" ]
  },
  "pattern": [
    [
      "#########",
      "#########",
      "#########",
      "#########",
      "#########",
      "#########",
      "#########",
      "#########",
      "#########"
    ],
    [
      "#########",
      "#########",
      "###___###",
      "###___###",
      "###___###",
      "###___###",
      "####_####",
      "####_####",
      "#########"
    ],
    [
      "#########",
      "#########",
      "###_#_###",
      "###_#_###",
      "###_#_###",
      "###___###",
      "#########",
      "####_####",
      "#########"
    ],
    [
      "#########",
      "#########",
      "###___###",
      "###___###",
      "###_#_###",
      "###___###",
      "#########",
      "####_####",
      "#########"
    ],
    [
      "#########",
      "#########",
      "#########",
      "###___###",
      "###_#_###",
      "###___###",
      "#########",
      "####_####",
      "#########"
    ],
    [
      "#########",
      "#########",
      "###___###",
      "##_____##",
      "##__#__##",
      "##_____##",
      "###___###",
      "#########",
      "#########"
    ],
    [
      "#########",
      "#########",
      "###___###",
      "##_###_##",
      "##_###_##",
      "##_###_##",
      "###___###",
      "#########",
      "#########"
    ],
    [
      "#########",
      "#########",
      "###___###",
      "##_###_##",
      "##_###_##",
      "##_###_##",
      "###___###",
      "#########",
      "#########"
    ],
    [
      "#########",
      "#########",
      "###___###",
      "##_____##",
      "##_____##",
      "##_____##",
      "###___###",
      "#########",
      "#########"
    ]
  ],
  "name": "Jug Mold",
  "output": {
    "type": "block",
    "code": "pewter:tablewaremold-raw-jug-north"
  }
}