[
  {
    "file": "foodshelves:recipes/grid/baskets/eggbasket.json",
    "op": "replace",
    "path": "/0",
    "value": {
      "ingredientPattern": "__,_B",
      "ingredients": {
        "B": { "type": "block", "code": "foodshelves:eggbasket-oak" }
      },
      "width": 2,
      "height": 2,
      "recipeGroup": 1,
      "output": { "type": "block", "code": "eggbasket-normal" }
    },
		"condition": { "when": "FoodShelves.EnableVariants", "isValue": "true" }
  },
  {
    "file": "foodshelves:recipes/grid/baskets/eggbasket.json",
    "op": "addmerge",
    "path": "/0",
    "value": {
      "ingredientPattern": "__,_S,_P",
      "ingredients": {
        "S": { "type": "item", "code": "game:stick", "quantity": 2 },
        "P": { "type": "item", "code": "game:plank-*", "name": "wood" }
      },
      "width": 2,
      "height": 3,
      "recipeGroup": 1,
      "output": { "type": "block", "code": "eggbasket-{wood}" }
    },
		"condition": { "when": "FoodShelves.EnableVariants", "isValue": "true" }
  }
]