{
	"code": "clothes",
	"class": "ItemWearable",
	"attributes": {
		"handbook": {
			"groupBy": [ "clothes-upperbodyover-sweater-*" ],
			"extraSectionsByType": {
				"*-bluered":
					[ { "title": "wool:handbook-description", "text": "game:handbook-sweater-{material}-{pattern}-{color}" } ],
				"*-fishbone-*":
					[ { "title": "wool:handbook-description", "text": "game:handbook-sweater-{material}-{pattern}-{color}" } ],
				"*-mohair-*":
					[ { "title": "wool:handbook-description", "text": "game:handbook-sweater-{material}-{pattern}-{color}" } ],
				"*-qivuit-*":
					[ { "title": "wool:handbook-description", "text": "game:handbook-sweater-{material}-{pattern}-{color}" } ],
				"*": [ { "title": "wool:handbook-description", "text": "game:handbook-sweater" } ]
			}
                }
	},
	"variantgroups": [
		{ "code": "category",  "states": ["upperbodyover"] },
		{ "code": "type",  "states": ["sweater"] },
		{ "code": "material", "states": [ "mohair", "qivuit", "wool" ] },
		{ "code": "pattern", "states": [ "plain", "fishbone" ] },
		{ "code": "color", "states": [ "bluebrown", "bluered", "brown", "gray", "pinkgray", "white" ] }
	],
	"skipVariants": [
		"@^clothes-upperbodyover-sweater-mohair-plain-(brown|bluered|bluebrown|gray|pinkgray)",
		"@^clothes-upperbodyover-sweater-qivuit-plain-(bluebrown|bluered|gray|pinkgray|white)",
		"@^clothes-upperbodyover-sweater-(mohair|qivuit)-fishbone.*",
		"@^clothes-upperbodyover-sweater-wool-fishbone-(bluebrown|bluered|gray|pinkgray|white)",
		"@^clothes-upperbodyover-sweater-wool-plain-(bluebrown)"
	],
	"comment": "testsuite does not know about allowedVariants here yet",
	"allowedVariants1": [
		"clothes-upperbodyover-sweater-mohair-plain-white",
		"clothes-upperbodyover-sweater-qivuit-plain-brown",
		"clothes-upperbodyover-sweater-wool-plain-pinkgray",
		"clothes-upperbodyover-sweater-wool-plain-bluebrown",
		"clothes-upperbodyover-sweater-wool-fishbone-brown"
	],
	"shape": { "base": "game:entity/humanoid/seraph" },
	"storageFlags": 128,
	"attributesByType": {
		"*-mohair-*": { "clothescategory": "upperbodyover", "warmth": 3.7 },
		"*-bluered": { "clothescategory": "upperbodyover", "warmth": 3.5 },
		"*-qivuit-*": { "clothescategory": "upperbodyover", "warmth": 3.2 },
		"*": { "clothescategory": "upperbodyover", "warmth": 2.9 }
	},
	"textures": {
		"seraph": { "base": "wool:entity/humanoid/seraphclothes/{category}/{type}_{material}_{pattern}_{color}" }
	},
	"creativeinventory": { "general": ["*"], "items": ["*"], "clothing": ["*"] },
	"renderAlphaTest": 0.25,
	"tpHandTransform": {
		"translation": { "x": -0.3, "y": -0.9, "z": -0.7 },
		"rotation": { "x": -71, "y": 180, "z": 83 },
		"scale": 0.55
	},
	"guiTransformByType": {
		"*": {
			"rotate": false,
			"translation": { "x": 0, "y": 0, "z": 0 },
			"rotation": { "x": -178, "y": -65, "z": 10 },
			"origin": { "x": 0.9, "y": 1.1, "z": 0.7 },
			"scale": 1.5
		}
	},
	"groundTransform": {
		"translation": { "x": 0.05, "y": 0.05, "z": 0 },
		"rotation": { "x": 0, "y": 0, "z": -87 },
		"origin": { "x": 0.5, "y": 0.5, "z": 0.5299 },
		"scale": 2.19
	}
}
