{
	"editor": {
		"allAngles": false,
		"entityTextureMode": false
	},
	"textureWidth": 16,
	"textureHeight": 16,
	"textureSizes": {
		"leaves7": [16,16],
		"bark": [16,16]
	},
	"textures": {
		"branches": "block/plant/berrybush/branches/default",
		"flowerberrylarge": "block/plant/berrybush/large/fruit/redcurrant",
		"leaveslarge": "block/plant/berrybush/large/leaves/redcurrant",
		"flowerberrysmall": "block/plant/berrybush/small/fruit/redcurrant1",
		"flowerberrysmalltop": "block/plant/berrybush/small/fruit/redcurranttop1",
		"leavessmall": "block/plant/berrybush/small/leaves/redcurrant1",
		"bark": "block/plant/crop/cassava/bark"
	},
	"elements": [
		{
			"name": "Berries",
			"from": [ 0.5, 8.0, 0.5 ],
			"to": [ 14.9, 22.4, 14.9 ],
			"faces": {
				"north": { "texture": "#flowerberrysmall", "uv": [ 0.0, 0.0, 16.0, 16.0 ], "autoUv": false, "windMode": [0,1,1,0], "windData": [0,1,1,0] },
				"east": { "texture": "#flowerberrysmall", "uv": [ 0.0, 0.0, 16.0, 16.0 ], "autoUv": false, "windMode": [0,1,1,0], "windData": [0,1,1,0] },
				"south": { "texture": "#flowerberrysmall", "uv": [ 0.0, 0.0, 16.0, 16.0 ], "autoUv": false, "windMode": [0,0,1,1], "windData": [0,0,1,1] },
				"west": { "texture": "#flowerberrysmall", "uv": [ 0.0, 0.0, 16.0, 16.0 ], "autoUv": false, "windMode": [0,0,1,1], "windData": [0,0,1,1] },
				"up": { "texture": "#flowerberrysmalltop", "uv": [ 0.0, 0.0, 16.0, 16.0 ], "autoUv": false, "windMode": [1,1,1,1], "windData": [1,1,1,1] }
			}
		},
		{
			"name": "branchesN",
			"from": [ 2.5, 8.0, 2.5 ],
			"to": [ 13.5, 22.4, 13.5 ],
			"rotationOrigin": [ 8.0, 8.0, 8.0 ],
			"rotationY": 45.0,
			"faces": {
				"north": { "texture": "#branches", "uv": [ 0.0, 0.0, 16.0, 16.0 ], "autoUv": false, "windMode": [0,1,1,0], "windData": [0,1,1,0] },
				"east": { "texture": "#branches", "uv": [ 0.0, 0.0, 16.0, 16.0 ], "autoUv": false, "windMode": [0,1,1,0], "windData": [0,1,1,0] },
				"south": { "texture": "#branches", "uv": [ 0.0, 0.0, 16.0, 16.0 ], "autoUv": false, "windMode": [0,0,1,1], "windData": [0,0,1,1] },
				"west": { "texture": "#branches", "uv": [ 0.0, 0.0, 16.0, 16.0 ], "autoUv": false, "windMode": [0,0,1,1], "windData": [0,0,1,1] }
			}
		},
		{
			"name": "branchesS",
			"from": [ 7.5, 0.0, 7.5 ],
			"to": [ 8.5, 16.0, 8.5 ],
			"rotationOrigin": [ 8.0, 0.0, 8.0 ],
			"rotationY": -45.0,
			"faces": {
				"north": { "texture": "#bark", "uv": [ 0.0, 0.0, 1.0, 16.0 ], "autoUv": false, "windMode": [0,1,1,0], "windData": [0,1,1,0] },
				"east": { "texture": "#bark", "uv": [ 1.0, 0.0, 2.0, 16.0 ], "windMode": [0,1,1,0], "windData": [0,1,1,0] },
				"south": { "texture": "#bark", "uv": [ 2.0, 0.0, 3.0, 16.0 ], "windMode": [0,0,1,1], "windData": [0,0,1,1] },
				"west": { "texture": "#bark", "uv": [ 3.0, 0.0, 4.0, 16.0 ], "windMode": [0,0,1,1], "windData": [0,0,1,1] }
			}
		},
		{
			"name": "Leaves",
			"from": [ 0.5, 8.09, 0.5 ],
			"to": [ 15.5, 22.22, 15.5 ],
			"climateColorMap": "climatePlantTint",
			"seasonColorMap": "seasonalFoliage",
			"faces": {
				"north": { "texture": "#leavessmall", "uv": [ 0.0, 0.0, 16.0, 16.0 ], "autoUv": false, "windMode": [0,1,1,0] },
				"east": { "texture": "#leavessmall", "uv": [ 0.0, 0.0, 16.0, 16.0 ], "autoUv": false, "windMode": [0,1,1,0] },
				"south": { "texture": "#leavessmall", "uv": [ 0.0, 0.0, 16.0, 16.0 ], "autoUv": false, "windMode": [0,0,1,1] },
				"west": { "texture": "#leavessmall", "uv": [ 0.0, 0.0, 16.0, 16.0 ], "autoUv": false, "windMode": [0,0,1,1] },
				"up": { "texture": "#leavessmall", "uv": [ 0.0, 0.0, 16.0, 16.0 ], "autoUv": false, "windMode": [1,1,1,1] }
			}
		},
		{
			"name": "Largeleaves",
			"from": [ 0.0, 8.0, 0.0 ],
			"to": [ 14.4, 22.4, 14.4 ],
			"shade": false,
			"climateColorMap": "climatePlantTint",
			"seasonColorMap": "seasonalFoliage",
			"renderPass": 1,
			"rotationOrigin": [ 7.2, 0.0, 7.2 ],
			"faces": {
			},
			"children": [
				{
					"name": "Cube9",
					"from": [ -7.2, 0.0, 7.2 ],
					"to": [ 21.6, 23.4, 7.2 ],
					"shade": false,
					"climateColorMap": "climatePlantTint",
					"seasonColorMap": "seasonalFoliage",
					"rotationOrigin": [ 7.2, 14.4, 7.2 ],
					"rotationX": 0.57,
					"rotationY": -67.5,
					"rotationZ": -0.32,
					"faces": {
						"south": { "texture": "#leaveslarge", "uv": [ 0.0, 0.0, 14.4, 11.7 ], "autoUv": false, "windMode": [0,0,1,1], "windData": [0,0,1,1] }
					}
				},
				{
					"name": "Cube10",
					"from": [ -7.2, 0.0, 7.2 ],
					"to": [ 21.6, 23.4, 7.2 ],
					"shade": false,
					"climateColorMap": "climatePlantTint",
					"seasonColorMap": "seasonalFoliage",
					"rotationOrigin": [ 7.2, 7.2, 7.2 ],
					"rotationX": 0.21,
					"rotationY": 22.5,
					"rotationZ": -0.63,
					"faces": {
						"south": { "texture": "#leaveslarge", "uv": [ 0.0, 0.0, 14.4, 11.7 ], "autoUv": false, "windMode": [0,0,1,1], "windData": [0,0,1,1] }
					}
				},
				{
					"name": "Cube7",
					"from": [ -7.2, 0.0, 7.2 ],
					"to": [ 21.6, 23.4, 7.2 ],
					"shade": false,					"gradientShade": true,
					"gradientShade": true,
					"climateColorMap": "climatePlantTint",
					"seasonColorMap": "seasonalFoliage",
					"rotationOrigin": [ 7.2, 7.2, 7.2 ],
					"rotationX": 0.507,
					"rotationY": 67.499,
					"rotationZ": -1.018,
					"faces": {
						"south": { "texture": "#leaveslarge", "uv": [ 0.0, 0.0, 14.4, 11.7 ], "autoUv": false, "windMode": [0,0,1,1], "windData": [0,0,1,1] }
					}
				},
				{
					"name": "Cube6",
					"from": [ -7.2, 0.0, 7.2 ],
					"to": [ 21.6, 23.4, 7.2 ],
					"shade": false,					"gradientShade": true,
					"gradientShade": true,
					"climateColorMap": "climatePlantTint",
					"seasonColorMap": "seasonalFoliage",
					"rotationOrigin": [ 7.2, 14.4, 7.2 ],
					"rotationX": 0.236,
					"rotationY": -22.501,
					"rotationZ": -0.756,
					"faces": {
						"south": { "texture": "#leaveslarge", "uv": [ 0.0, 0.0, 14.4, 11.7 ], "autoUv": false, "windMode": [0,0,1,1], "windData": [0,0,1,1] }
					}
				}
			]
		},
		{
			"name": "Largeberries",
			"from": [ 0.0, 8.0, 0.0 ],
			"to": [ 14.4, 22.4, 14.4 ],
			"shade": false,
			"zOffset": 1,
			"renderPass": 1,
			"rotationOrigin": [ 7.2, 0.0, 7.2 ],
			"faces": {
			},
			"children": [
				{
					"name": "Cube11",
					"from": [ -7.2, 0.0, 7.2 ],
					"to": [ 21.6, 23.4, 7.2 ],
					"shade": false,
					"zOffset": 1,
					"rotationOrigin": [ 7.2, 14.4, 7.2 ],
					"rotationX": 0.57,
					"rotationY": -67.5,
					"rotationZ": -0.32,
					"faces": {
						"south": { "texture": "#flowerberrylarge", "uv": [ 0.0, 0.0, 14.4, 11.7 ], "autoUv": false, "windMode": [0,0,1,1], "windData": [0,0,1,1] }
					}
				},
				{
					"name": "Cube12",
					"from": [ -7.2, 0.0, 7.2 ],
					"to": [ 21.6, 23.4, 7.2 ],
					"shade": false,
					"zOffset": 1,
					"rotationOrigin": [ 7.2, 7.2, 7.2 ],
					"rotationX": 0.21,
					"rotationY": 22.5,
					"rotationZ": -0.63,
					"faces": {
						"south": { "texture": "#flowerberrylarge", "uv": [ 0.0, 0.0, 14.4, 11.7 ], "autoUv": false, "windMode": [0,0,1,1], "windData": [0,0,1,1] }
					}
				},
				{
					"name": "Cube133",
					"from": [ -7.2, 0.0, 7.2 ],
					"to": [ 21.6, 23.4, 7.2 ],
					"shade": false,
					"zOffset": 1,
					"rotationOrigin": [ 7.2, 7.2, 7.2 ],
					"rotationX": 0.507,
					"rotationY": 67.499,
					"rotationZ": -1.018,
					"faces": {
						"south": { "texture": "#flowerberrylarge", "uv": [ 0.0, 0.0, 14.4, 11.7 ], "autoUv": false, "windMode": [0,0,1,1], "windData": [0,0,1,1] }
					}
				},
				{
					"name": "Cube144",
					"from": [ -7.2, 0.0, 7.2 ],
					"to": [ 21.6, 23.4, 7.2 ],
					"shade": false,
					"zOffset": 1,
					"rotationOrigin": [ 7.2, 14.4, 7.2 ],
					"rotationX": 0.236,
					"rotationY": -22.501,
					"rotationZ": -0.756,
					"faces": {
						"south": { "texture": "#flowerberrylarge", "uv": [ 0.0, 0.0, 14.4, 11.7 ], "autoUv": false, "windMode": [0,0,1,1], "windData": [0,0,1,1] }
					}
				}
			]
		},
		{
			"name": "origintrunk",
			"from": [ 8.0, 0.0, 8.0 ],
			"to": [ 8.0, 0.0, 8.0 ],
			"rotationOrigin": [ 8.0, 0.0, 8.0 ],
			"faces": {
			},
			"children": [
				{
					"name": "trunk",
					"from": [ -0.5, -0.5, -0.5 ],
					"to": [ 0.5, 12.5, 0.5 ],
					"rotationOrigin": [ 0.0, -0.5, 0.0 ],
					"rotationY": -45.0,
					"faces": {
						"north": { "texture": "#bark", "uv": [ 0.0, 0.0, 1.0, 13.0 ], "windMode": [0,4,4,0] },
						"east": { "texture": "#bark", "uv": [ 2.5, 0.0, 3.5, 13.0 ], "windMode": [0,4,4,0] },
						"south": { "texture": "#bark", "uv": [ 2.5, 0.0, 3.5, 13.0 ], "windMode": [0,0,4,4] },
						"west": { "texture": "#bark", "uv": [ 3.5, 0.0, 4.5, 13.0 ], "windMode": [0,0,4,4] },
						"up": { "texture": "#bark", "uv": [ 4.5, 1.5, 5.5, 2.5 ], "windMode": [4,4,4,4] },
						"down": { "texture": "#bark", "uv": [ 1.0, 10.0, 2.0, 11.0 ], "windMode": [0,0,0,0] }
					},
					"children": [
						{
							"name": "branch1",
							"from": [ 0.1, 12.0, 0.1 ],
							"to": [ 0.9, 15.0, 0.9 ],
							"rotationOrigin": [ 0.5, 12.0, 0.5 ],
							"rotationZ": -67.5,
							"faces": {
								"north": { "texture": "#bark", "uv": [ 3.5, 0.5, 4.0, 3.5 ], "windMode": [4,4,4,4] },
								"east": { "texture": "#bark", "uv": [ 3.0, 1.0, 3.5, 4.0 ], "windMode": [4,4,4,4] },
								"south": { "texture": "#bark", "uv": [ 3.5, 3.5, 4.0, 6.5 ], "windMode": [4,4,4,4] },
								"west": { "texture": "#bark", "uv": [ 3.5, 2.5, 4.0, 5.5 ], "windMode": [4,4,4,4] },
								"up": { "texture": "#bark", "uv": [ 2.0, 0.0, 2.5, 0.5 ], "windMode": [4,4,4,4] }
							},
							"children": [
								{
									"name": "Cube1",
									"from": [ 0.1, 3.0, 0.1 ],
									"to": [ 0.7, 6.0, 0.7 ],
									"rotationOrigin": [ 0.4, 3.0, 0.4 ],
									"rotationX": -22.5,
									"rotationZ": 45.0,
									"faces": {
										"north": { "texture": "#bark", "uv": [ 9.0, 8.0, 9.5, 11.0 ], "windMode": [4,4,4,4] },
										"east": { "texture": "#bark", "uv": [ 8.5, 8.0, 9.0, 11.0 ], "windMode": [4,4,4,4] },
										"south": { "texture": "#bark", "uv": [ 8.5, 9.0, 9.0, 12.0 ], "windMode": [4,4,4,4] },
										"west": { "texture": "#bark", "uv": [ 9.0, 8.0, 9.5, 11.0 ], "windMode": [4,4,4,4] },
										"up": { "texture": "#bark", "uv": [ 10.0, 7.0, 10.5, 7.5 ], "windMode": [4,4,4,4] }
									}
								},
								{
									"name": "Cube13",
									"from": [ 0.1, 3.0, 0.1 ],
									"to": [ 0.7, 5.0, 0.7 ],
									"rotationOrigin": [ 0.4, 3.0, 0.4 ],
									"rotationX": 45.0,
									"rotationZ": 22.5,
									"faces": {
										"north": { "texture": "#bark", "uv": [ 9.0, 8.0, 9.5, 10.0 ], "windMode": [4,4,4,4] },
										"east": { "texture": "#bark", "uv": [ 8.5, 8.0, 9.0, 10.0 ], "windMode": [4,4,4,4] },
										"south": { "texture": "#bark", "uv": [ 8.5, 9.0, 9.0, 11.0 ], "windMode": [4,4,4,4] },
										"west": { "texture": "#bark", "uv": [ 9.0, 8.0, 9.5, 10.0 ], "windMode": [4,4,4,4] },
										"up": { "texture": "#bark", "uv": [ 10.0, 7.0, 10.5, 7.5 ], "windMode": [4,4,4,4] }
									}
								}
							]
						},
						{
							"name": "branch2",
							"from": [ 0.1, 12.0, 0.1 ],
							"to": [ 0.9, 15.0, 0.9 ],
							"rotationOrigin": [ 0.5, 12.0, 0.5 ],
							"rotationX": 90.0,
							"rotationZ": 22.5,
							"faces": {
								"north": { "texture": "#bark", "uv": [ 3.5, 0.5, 4.0, 3.5 ], "windMode": [4,4,4,4] },
								"east": { "texture": "#bark", "uv": [ 3.0, 1.0, 3.5, 4.0 ], "windMode": [4,4,4,4] },
								"south": { "texture": "#bark", "uv": [ 3.5, 3.5, 4.0, 6.5 ], "windMode": [4,4,4,4] },
								"west": { "texture": "#bark", "uv": [ 3.5, 2.5, 4.0, 5.5 ], "windMode": [4,4,4,4] },
								"up": { "texture": "#bark", "uv": [ 2.0, 0.0, 2.5, 0.5 ], "windMode": [4,4,4,4] }
							},
							"children": [
								{
									"name": "Cube18",
									"from": [ 0.1, 3.0, 0.1 ],
									"to": [ 0.7, 4.0, 0.7 ],
									"rotationOrigin": [ 0.4, 3.0, 0.4 ],
									"rotationX": 45.0,
									"faces": {
										"north": { "texture": "#bark", "uv": [ 13.0, 11.5, 13.5, 12.5 ], "windMode": [4,4,4,4] },
										"east": { "texture": "#bark", "uv": [ 13.5, 12.5, 14.0, 13.5 ], "windMode": [4,4,4,4] },
										"south": { "texture": "#bark", "uv": [ 11.5, 12.0, 12.0, 13.0 ], "windMode": [4,4,4,4] },
										"west": { "texture": "#bark", "uv": [ 11.0, 10.0, 11.5, 11.0 ], "windMode": [4,4,4,4] },
										"up": { "texture": "#bark", "uv": [ 11.0, 7.5, 11.5, 8.0 ], "windMode": [4,4,4,4] }
									}
								},
								{
									"name": "Cube19",
									"from": [ 0.1, 3.0, 0.1 ],
									"to": [ 0.7, 5.0, 0.7 ],
									"rotationOrigin": [ 0.4, 3.0, 0.4 ],
									"rotationX": -22.5,
									"rotationZ": 45.0,
									"faces": {
										"north": { "texture": "#bark", "uv": [ 13.0, 11.5, 13.5, 13.5 ], "windMode": [4,4,4,4] },
										"east": { "texture": "#bark", "uv": [ 13.5, 12.5, 14.0, 14.5 ], "windMode": [4,4,4,4] },
										"south": { "texture": "#bark", "uv": [ 10.5, 9.5, 11.0, 11.5 ], "windMode": [4,4,4,4] },
										"west": { "texture": "#bark", "uv": [ 10.5, 9.5, 11.0, 11.5 ], "windMode": [4,4,4,4] },
										"up": { "texture": "#bark", "uv": [ 11.0, 7.5, 11.5, 8.0 ], "windMode": [4,4,4,4] }
									}
								}
							]
						},
						{
							"name": "branch3",
							"from": [ 0.1, 13.0, 0.1 ],
							"to": [ 0.9, 16.0, 0.9 ],
							"rotationOrigin": [ 0.5, 13.0, 0.5 ],
							"rotationX": -45.0,
							"rotationZ": 22.5,
							"faces": {
								"north": { "texture": "#bark", "uv": [ 3.5, 0.5, 4.0, 3.5 ], "windMode": [4,4,4,4] },
								"east": { "texture": "#bark", "uv": [ 3.0, 1.0, 3.5, 4.0 ], "windMode": [4,4,4,4] },
								"south": { "texture": "#bark", "uv": [ 3.5, 3.5, 4.0, 6.5 ], "windMode": [4,4,4,4] },
								"west": { "texture": "#bark", "uv": [ 3.5, 2.5, 4.0, 5.5 ], "windMode": [4,4,4,4] },
								"up": { "texture": "#bark", "uv": [ 2.0, 0.0, 2.5, 0.5 ], "windMode": [4,4,4,4] }
							},
							"children": [
								{
									"name": "Cube14",
									"from": [ 0.1, 3.0, 0.1 ],
									"to": [ 0.7, 5.0, 0.7 ],
									"rotationOrigin": [ 0.4, 3.0, 0.4 ],
									"rotationX": -45.0,
									"rotationZ": 45.0,
									"faces": {
										"north": { "texture": "#bark", "uv": [ 9.5, 8.0, 10.0, 10.0 ], "windMode": [4,4,4,4] },
										"east": { "texture": "#bark", "uv": [ 9.5, 8.0, 10.0, 10.0 ], "windMode": [4,4,4,4] },
										"south": { "texture": "#bark", "uv": [ 9.5, 7.5, 10.0, 9.5 ], "windMode": [4,4,4,4] },
										"west": { "texture": "#bark", "uv": [ 9.0, 8.0, 9.5, 10.0 ], "windMode": [4,4,4,4] },
										"up": { "texture": "#bark", "uv": [ 12.0, 6.5, 12.5, 7.0 ], "windMode": [4,4,4,4] }
									}
								},
								{
									"name": "Cube15",
									"from": [ 0.1, 3.0, 0.1 ],
									"to": [ 0.7, 6.0, 0.7 ],
									"rotationOrigin": [ 0.4, 3.0, 0.4 ],
									"rotationZ": -22.5,
									"faces": {
										"north": { "texture": "#bark", "uv": [ 8.5, 8.0, 9.0, 11.0 ], "windMode": [4,4,4,4], "windData": [0,1,1,0] },
										"east": { "texture": "#bark", "uv": [ 9.0, 7.5, 9.5, 10.5 ], "windMode": [4,4,4,4], "windData": [0,1,1,0] },
										"south": { "texture": "#bark", "uv": [ 10.0, 8.5, 10.5, 11.5 ], "windMode": [4,4,4,4], "windData": [0,0,1,1] },
										"west": { "texture": "#bark", "uv": [ 10.0, 7.5, 10.5, 10.5 ], "windMode": [4,4,4,4], "windData": [0,0,1,1] },
										"up": { "texture": "#bark", "uv": [ 12.0, 6.5, 12.5, 7.0 ], "windMode": [4,4,4,4], "windData": [1,1,1,1] }
									}
								}
							]
						},
						{
							"name": "branch4",
							"from": [ 0.1, 13.0, 0.1 ],
							"to": [ 0.9, 16.0, 0.9 ],
							"rotationOrigin": [ 0.5, 13.0, 0.5 ],
							"rotationX": 22.5,
							"rotationZ": 67.5,
							"faces": {
								"north": { "texture": "#bark", "uv": [ 3.5, 0.5, 4.0, 3.5 ], "windMode": [4,4,4,4] },
								"east": { "texture": "#bark", "uv": [ 3.0, 1.0, 3.5, 4.0 ], "windMode": [4,4,4,4] },
								"south": { "texture": "#bark", "uv": [ 3.5, 3.5, 4.0, 6.5 ], "windMode": [4,4,4,4] },
								"west": { "texture": "#bark", "uv": [ 3.5, 2.5, 4.0, 5.5 ], "windMode": [4,4,4,4] },
								"up": { "texture": "#bark", "uv": [ 2.0, 0.0, 2.5, 0.5 ], "windMode": [4,4,4,4] }
							},
							"children": [
								{
									"name": "Cube16",
									"from": [ 0.1, 3.0, 0.1 ],
									"to": [ 0.7, 5.0, 0.7 ],
									"rotationOrigin": [ 0.4, 3.0, 0.4 ],
									"rotationX": -45.0,
									"rotationZ": 45.0,
									"faces": {
										"north": { "texture": "#bark", "uv": [ 13.5, 13.0, 14.0, 15.0 ], "windMode": [4,4,4,4] },
										"east": { "texture": "#bark", "uv": [ 11.0, 10.5, 11.5, 12.5 ], "windMode": [4,4,4,4] },
										"south": { "texture": "#bark", "uv": [ 10.5, 9.0, 11.0, 11.0 ], "windMode": [4,4,4,4] },
										"west": { "texture": "#bark", "uv": [ 9.0, 9.0, 9.5, 11.0 ], "windMode": [4,4,4,4] },
										"up": { "texture": "#bark", "uv": [ 10.0, 2.0, 10.5, 2.5 ], "windMode": [4,4,4,4] }
									}
								},
								{
									"name": "Cube17",
									"from": [ 0.1, 3.0, 0.1 ],
									"to": [ 0.7, 6.0, 0.7 ],
									"rotationOrigin": [ 0.4, 3.0, 0.4 ],
									"rotationX": 22.5,
									"rotationZ": -45.0,
									"faces": {
										"north": { "texture": "#bark", "uv": [ 13.5, 13.0, 14.0, 16.0 ], "windMode": [4,4,4,4], "windData": [0,0,1,0] },
										"east": { "texture": "#bark", "uv": [ 11.0, 10.5, 11.5, 13.5 ], "windMode": [4,4,4,4], "windData": [0,1,0,0] },
										"south": { "texture": "#bark", "uv": [ 12.0, 12.5, 12.5, 15.5 ], "windMode": [4,4,4,4] },
										"west": { "texture": "#bark", "uv": [ 9.0, 9.0, 9.5, 12.0 ], "windMode": [4,4,4,4] },
										"up": { "texture": "#bark", "uv": [ 10.0, 2.0, 10.5, 2.5 ], "windMode": [4,4,4,4], "windData": [0,0,0,1] }
									}
								}
							]
						},
						{
							"name": "root1",
							"from": [ 0.1, 1.0, 0.1 ],
							"to": [ 0.9, 3.0, 0.9 ],
							"rotationOrigin": [ 0.5, 1.0, 0.5 ],
							"rotationZ": 112.5,
							"faces": {
								"north": { "texture": "#bark", "uv": [ 2.0, 9.5, 2.5, 11.5 ], "windMode": [0,0,0,0] },
								"east": { "texture": "#bark", "uv": [ 2.5, 12.5, 3.0, 14.5 ], "windMode": [0,0,0,0] },
								"south": { "texture": "#bark", "uv": [ 3.0, 11.5, 3.5, 13.5 ], "windMode": [0,0,0,0] },
								"west": { "texture": "#bark", "uv": [ 3.5, 10.0, 4.0, 12.0 ], "windMode": [0,0,0,0] },
								"up": { "texture": "#bark", "uv": [ 2.0, 12.5, 2.5, 13.0 ], "windMode": [0,0,0,0] }
							}
						},
						{
							"name": "root2",
							"from": [ 0.1, 1.0, 0.1 ],
							"to": [ 0.9, 3.0, 0.9 ],
							"rotationOrigin": [ 0.5, 1.0, 0.5 ],
							"rotationY": -112.5,
							"rotationZ": 112.5,
							"faces": {
								"north": { "texture": "#bark", "uv": [ 2.0, 9.5, 2.5, 11.5 ], "windMode": [0,0,0,0] },
								"east": { "texture": "#bark", "uv": [ 2.5, 12.5, 3.0, 14.5 ], "windMode": [0,0,0,0] },
								"south": { "texture": "#bark", "uv": [ 3.0, 11.5, 3.5, 13.5 ], "windMode": [0,0,0,0] },
								"west": { "texture": "#bark", "uv": [ 3.5, 10.0, 4.0, 12.0 ], "windMode": [0,0,0,0] },
								"up": { "texture": "#bark", "uv": [ 2.0, 12.5, 2.5, 13.0 ], "windMode": [0,0,0,0] }
							}
						},
						{
							"name": "root3",
							"from": [ 0.1, 1.0, 0.1 ],
							"to": [ 0.9, 3.0, 0.9 ],
							"rotationOrigin": [ 0.5, 1.0, 0.5 ],
							"rotationY": 135.0,
							"rotationZ": 112.5,
							"faces": {
								"north": { "texture": "#bark", "uv": [ 2.0, 9.5, 2.5, 11.5 ], "windMode": [0,0,0,0] },
								"east": { "texture": "#bark", "uv": [ 2.5, 12.5, 3.0, 14.5 ], "windMode": [0,0,0,0] },
								"south": { "texture": "#bark", "uv": [ 3.0, 11.5, 3.5, 13.5 ], "windMode": [0,0,0,0] },
								"west": { "texture": "#bark", "uv": [ 3.5, 10.0, 4.0, 12.0 ], "windMode": [0,0,0,0] },
								"up": { "texture": "#bark", "uv": [ 2.0, 12.5, 2.5, 13.0 ], "windMode": [0,0,0,0] }
							}
						},
						{
							"name": "root4",
							"from": [ 0.1, 1.0, 0.1 ],
							"to": [ 0.9, 3.0, 0.9 ],
							"rotationOrigin": [ 0.5, 1.0, 0.5 ],
							"rotationY": 180.0,
							"rotationZ": 135.0,
							"faces": {
								"north": { "texture": "#bark", "uv": [ 2.0, 9.5, 2.5, 11.5 ], "windMode": [0,0,0,0] },
								"east": { "texture": "#bark", "uv": [ 2.5, 12.5, 3.0, 14.5 ], "windMode": [0,0,0,0] },
								"south": { "texture": "#bark", "uv": [ 3.0, 11.5, 3.5, 13.5 ], "windMode": [0,0,0,0] },
								"west": { "texture": "#bark", "uv": [ 3.5, 10.0, 4.0, 12.0 ], "windMode": [0,0,0,0] },
								"up": { "texture": "#bark", "uv": [ 2.0, 12.5, 2.5, 13.0 ], "windMode": [0,0,0,0] }
							}
						},
						{
							"name": "root5",
							"from": [ 0.1, 1.0, 0.1 ],
							"to": [ 0.9, 3.0, 0.9 ],
							"rotationOrigin": [ 0.5, 1.0, 0.5 ],
							"rotationY": -67.5,
							"rotationZ": 135.0,
							"faces": {
								"north": { "texture": "#bark", "uv": [ 2.0, 9.5, 2.5, 11.5 ], "windMode": [0,0,0,0] },
								"east": { "texture": "#bark", "uv": [ 2.5, 12.5, 3.0, 14.5 ], "windMode": [0,0,0,0] },
								"south": { "texture": "#bark", "uv": [ 3.0, 11.5, 3.5, 13.5 ], "windMode": [0,0,0,0] },
								"west": { "texture": "#bark", "uv": [ 3.5, 10.0, 4.0, 12.0 ], "windMode": [0,0,0,0] },
								"up": { "texture": "#bark", "uv": [ 2.0, 12.5, 2.5, 13.0 ], "windMode": [0,0,0,0] }
							}
						}
					]
				},
				{
					"name": "leavesWE",
					"from": [ -8.0, 4.0, 0.0 ],
					"to": [ 8.0, 20.0, 0.0 ],
					"shade": false,					"gradientShade": true,
					"gradientShade": true,
					"climateColorMap": "climatePlantTint",
					"seasonColorMap": "seasonalFoliage",
					"renderPass": 1,
					"rotationOrigin": [ 0.0, 4.0, 0.0 ],
					"faces": {
						"north": { "texture": "#leaveslarge", "uv": [ 0.0, 0.0, 16.0, 16.0 ], "windMode": [1,1,1,1], "windData": [0,1,1,0] }
					}
				},
				{
					"name": "leavesNS",
					"from": [ -8.0, 4.0, 0.0 ],
					"to": [ 8.0, 20.0, 0.0 ],
					"shade": false,					"gradientShade": true,
					"gradientShade": true,
					"climateColorMap": "climatePlantTint",
					"seasonColorMap": "seasonalFoliage",
					"renderPass": 1,
					"rotationOrigin": [ 0.0, 4.0, 0.0 ],
					"rotationY": -90.0,
					"faces": {
						"north": { "texture": "#leaveslarge", "uv": [ 0.0, 0.0, 16.0, 16.0 ], "windMode": [1,1,1,1], "windData": [0,1,1,0] }
					}
				},
				{
					"name": "leavesWS",
					"from": [ -8.0, 6.0, 0.0 ],
					"to": [ 8.0, 22.0, 0.0 ],
					"shade": false,					"gradientShade": true,
					"gradientShade": true,
					"climateColorMap": "climatePlantTint",
					"seasonColorMap": "seasonalFoliage",
					"renderPass": 1,
					"rotationOrigin": [ 0.0, 6.0, 0.0 ],
					"rotationY": -45.0,
					"faces": {
						"north": { "texture": "#leaveslarge", "uv": [ 0.0, 0.0, 16.0, 16.0 ], "windMode": [1,1,1,1], "windData": [0,1,1,0] }
					}
				},
				{
					"name": "leavesES",
					"from": [ -8.0, 6.0, 0.0 ],
					"to": [ 8.0, 22.0, 0.0 ],
					"shade": false,					"gradientShade": true,
					"gradientShade": true,
					"climateColorMap": "climatePlantTint",
					"seasonColorMap": "seasonalFoliage",
					"renderPass": 1,
					"rotationOrigin": [ 0.0, 6.0, 0.0 ],
					"rotationY": 45.0,
					"faces": {
						"north": { "texture": "#leaveslarge", "uv": [ 0.0, 0.0, 16.0, 16.0 ], "windMode": [1,1,1,1], "windData": [0,1,1,0] }
					}
				},
				{
					"name": "leavesBox",
					"from": [ -4.0, 5.0, -4.0 ],
					"to": [ 4.0, 16.0, 4.0 ],
					"shade": false,					"gradientShade": true,
					"gradientShade": true,
					"climateColorMap": "climatePlantTint",
					"seasonColorMap": "seasonalFoliage",
					"renderPass": 1,
					"rotationOrigin": [ 4.0, 5.0, 4.0 ],
					"faces": {
						"north": { "texture": "#leaveslarge", "uv": [ 6.5, 1.0, 14.5, 12.0 ], "windMode": [1,1,1,1], "windData": [0,1,1,0] },
						"east": { "texture": "#leaveslarge", "uv": [ 2.5, 3.0, 10.5, 14.0 ], "windMode": [1,1,1,1], "windData": [0,1,1,0] },
						"south": { "texture": "#leaveslarge", "uv": [ 2.5, 3.0, 10.5, 14.0 ], "windMode": [1,1,1,1], "windData": [0,0,1,1] },
						"west": { "texture": "#leaveslarge", "uv": [ 1.5, 3.0, 9.5, 14.0 ], "windMode": [1,1,1,1], "windData": [0,0,1,1] },
						"up": { "texture": "#leaveslarge", "uv": [ 4.0, 4.5, 12.0, 12.5 ], "windMode": [1,1,1,1], "windData": [1,1,1,1] }
					}
				}
			]
		}
	]}