﻿[
  {
    "ingredientPattern": "MXM,EHE,MXM",
    "width": 3,
    "height": 3,
    "ingredients": {
      "E": {
        "type": "item",
        "code": "electricityaddon:coil",
        "quantity": 2
      },
      "X": {
        "type": "block",
        "code": "electricity:heater-disabled",
        "quantity": 1
      },
      "H": {
        "type": "item",
        "code": "game:hammer-*",
        "isTool": true,
        "toolDurabilityCost": 8
      },
      "M": {
        "type": "item",
        "code": "game:metalplate-iron",
        "quantity": 1
      }
    },
    "output": {
      "type": "block",
      "code": "electricityaddon:eoven-disabled-south",
      "quantity": 1
    }
  }
]