[
  {
    "ingredientPattern": "HSH,XMC,_G_",
    "width": 3,
    "height": 3,
    "ingredients": {
      "S": {
        "type": "item",
        "code": "game:solderingiron",
        "isTool": true,
        "toolDurabilityCost": 50
      },
      "H": {
        "type": "block",
        "code": "electricity:generator-stator",
        "quantity": 1
      },
      "X": {
        "type": "item",
        "code": "game:metalplate-zinc",
        "quantity": 1
      },
      "M": {
        "type": "item",
        "code": "game:hammer-*",
        "isTool": true,
        "toolDurabilityCost": 100
      },
      "G": {
        "type": "item",
        "code": "game:metalplate-steel",
        "quantity": 1
      },
      "C": {
        "type": "block",
        "code": "electricity:cable-*",
        "quantity": 16
      }
    },
    "output": {
      "type": "block",
      "code": "electricityaddon:generatortier2-stator",
      "quantity": 1
    }
  },
  {
    "ingredientPattern": "HSH,XMC,_G_",
    "requiresTrait": "tinkerer",
    "width": 3,
    "height": 3,
    "ingredients": {
      "S": {
        "type": "item",
        "code": "game:solderingiron",
        "isTool": true,
        "toolDurabilityCost": 25
      },
      "H": {
        "type": "block",
        "code": "electricity:generator-stator",
        "quantity": 1
      },
      "X": {
        "type": "block",
        "code": "electricity:cable-*",
        "quantity": 8
      },
      "M": {
        "type": "item",
        "code": "game:hammer-*",
        "isTool": true,
        "toolDurabilityCost": 100
      },
      "G": {
        "type": "item",
        "code": "game:metalplate-*",
        "quantity": 1
      },
      "C": {
        "type": "block",
        "code": "game:metal-parts",
        "quantity": 2
      }
    },
    "output": {
      "type": "block",
      "code": "electricityaddon:generatortier2-stator",
      "quantity": 1
    }
  },
  {
    "ingredientPattern": "HSH,XGC",
    "requiresTrait": "tinkerer",
    "width": 3,
    "height": 2,
    "ingredients": {
      "S": {
        "type": "item",
        "code": "game:solderingiron",
        "isTool": true,
        "toolDurabilityCost": 50
      },
      "H": {
        "type": "block",
        "code": "electricityaddon:generatortier2-stator",
        "quantity": 1
      },
      "X": {
        "type": "item",
        "code": "game:ingot-electrum",
        "quantity": 1
      },
      "G": {
        "type": "item",
        "code": "game:metalplate-steel",
        "quantity": 1
      },
      "C": {
        "type": "item",
        "code": "game:metalplate-zinc",
        "quantity": 1
      }
    },
    "output": {
      "type": "block",
      "code": "electricityaddon:generatortier3-stator",
      "quantity": 1
    }
  }
]
