{
  "version": 2,
  "patches": {
  "float": {
      "@em:patches/dye/sealing/*": {
        "0-21/value": "DYE_SEALHOURS"
      },
      "@em:patches/dye/woad/*": {
        "0-21/value": "0.5 * DYE_SEALHOURS"
      },
      "@em:patches/dye/grass/*": {
        "0-21/value": "1.5 * DYE_SEALHOURS"
      },
      "@em:compatibility/wildcraftfruit/patches/dye/*": {
        "0-21/value": "DYE_SEALHOURS"
      },
      "@em:compatibility/wildcrafttree/patches/dye/*": {
        "0-21/value": "DYE_SEALHOURS"
      },
      "em:patches/survival-itemtypes-resource-flint.json": {
        "0/value/quantity/avg": "FLINT_CRUSH_FACTOR"
      }
    },
  "boolean": {
      "@em:recipes/barrel/curing/*": {
        "0-4/enabled": "SALTPETER_CURING"
      },
      "em:patches/survival-blocktypes-wood-pan.json": {
        "0-2/enabled": "ORE_PANNING"
      }
    }
  },
  "settings": {
    "float": {
      "DYE_SEALHOURS": {
	"name": "dye_seal_hour_factor",
	"ingui": "em:setting_dye_seal_hour_factor",
	"comment": "em:dye_seal_hour_factor_comment",
	"weight": 1,
	"default": 62.0,
	"range": { "min": 2, "max": 240, "step": 2 }
      },
      "FLINT_CRUSH_FACTOR": {
	"name": "flint_crushing_factor",
	"ingui": "em:setting_flint_factor",
	"comment": "em:setting_flint_factor_comment",
	"weight": 1.1,
	"default": 1.5,
	"range": { "min": 1.0, "max": 3.0, "step": 0.25 }
      }
    },
    "boolean": {
      "SALTPETER_CURING": {
	"name": "saltpeter_curing",
	"ingui": "em:setting_saltpeter_curing",
	"comment": "em:saltpeter_curing_comment",
	"weight": 1.2,
	"default": false
      },
      "ORE_PANNING": {
	"name": "ore_panning",
	"ingui": "em:setting_ore_panning",
	"comment": "em:ore_panning_comment",
	"weight": 1.3,
	"default": true
      }
    }
  },
  "formatting": [
    {
      "type": "separator",
      "weight": 0.1,
      "title": "em:settings_title"
    }
  ]
}
