﻿[
  {
    "op": "replace",
    "path": "/class",
    "value": "ExpandedDough",
    "side": "server",
    "file": "wildcraftfruit:itemtypes/food/dough.json"
  },
  {
    "op": "addmerge",
    "path": "/attributes/expandedNutritionProps",
    "value": {
      "game:milkportion": {
        "saturation": 1.5,
        "foodcategory": "Dairy"
      },
      "game:flour-rice": {
        "saturation": 170,
        "foodcategory": "Grain"
      },
      "game:flour-rye": {
        "saturation": 140,
        "foodcategory": "Grain"
      },
      "game:flour-spelt": {
        "saturation": 140,
        "foodcategory": "Grain"
      },
      "game:flour-cassava": {
        "saturation": 140,
        "foodcategory": "Grain"
      },
      "game:flour-amaranth": {
        "saturation": 140,
        "foodcategory": "Grain"
      },
      "game:flour-sunflower": {
        "saturation": 140,
        "foodcategory": "Grain"
      },
      "expandedfoods:lard": {
        "saturation": 16,
        "health": 0.01,
        "foodcategory": "Protein"
      },
      "expandedfoods:pasteurizedmilk": {
        "saturation": 1.15,
        "health": 0.01,
        "foodcategory": "Dairy"
      },
      "expandedfoods:brothportion-bone": {
        "saturation": 1,
        "health": 0.01,
        "foodcategory": "Protein"
      },
      "expandedfoods:brothportion-vegetable": {
        "saturation": 1,
        "health": 0.01,
        "foodcategory": "Vegetable"
      },
      "expandedfoods:brothportion-meat": {
        "saturation": 1.25,
        "health": 0.01,
        "foodcategory": "Protein"
      },
      "expandedfoods:brothportion-fish": {
        "saturation": 1,
        "health": 0.01,
        "foodcategory": "Protein"
      },
      "expandedfoods:clarifiedbrothportion-bone": {
        "saturation": 1.3,
        "health": 0.02,
        "foodcategory": "Protein"
      },
      "expandedfoods:clarifiedbrothportion-vegetable": {
        "saturation": 1.3,
        "health": 0.02,
        "foodcategory": "Vegetable"
      },
      "expandedfoods:clarifiedbrothportion-meat": {
        "saturation": 1.55,
        "health": 0.02,
        "foodcategory": "Protein"
      },
      "expandedfoods:clarifiedbrothportion-fish": {
        "saturation": 1.3,
        "health": 0.02,
        "foodcategory": "Protein"
      },
      "expandedfoods:soymilk-edible": {
        "saturation": 1.125,
        "health": 0.01,
        "foodcategory": "Dairy"
      },
      "expandedfoods:foodoilportion-*": {
        "saturation": 6,
        "health": 0.01,
        "foodcategory": "Vegetable"
      },
    },
    "side": "server",
    "file": "wildcraftfruit:itemtypes/food/dough.json"
  },
 {
   file: "expandedfoods:recipes/kneading/wildcraftfruit/dough.json",
    op: "addmerge", 
    path: "/0/enabled", 
    value: "false",
    side: "server",
    dependsOn: [{ "modid": "wildcraftfruit" , "invert": true}]
 },
 {
   file: "expandedfoods:recipes/kneading/wildcraftfruit/dough.json",
    op: "addmerge", 
    path: "/1/enabled", 
    value: "false",
    side: "server",
    dependsOn: [{ "modid": "wildcraftfruit" , "invert": true}]
 },
 {
   file: "expandedfoods:recipes/kneading/wildcraftfruit/dough.json",
    op: "addmerge", 
    path: "/2/enabled", 
    value: "false",
    side: "server",
    dependsOn: [{ "modid": "wildcraftfruit" , "invert": true}]
 },
 {
   file: "expandedfoods:recipes/kneading/wildcraftfruit/dough.json",
    op: "addmerge", 
    path: "/3/enabled", 
    value: "false",
    side: "server",
    dependsOn: [{ "modid": "wildcraftfruit" , "invert": true}]
 },
]