{
	code: "fishpemmican",
	maxstacksize: 64,
  	class: "ExpandedFood",
	variantgroups: [
		{ code: "type", states: ["raw", "partbaked", "cooked", "charred"]}
	],
	attributes: {
		displaycaseable: true,
		shelvable: true,
    		"expandedNutritionPropsByType": {
			"*-raw": {
				"game:fat" : {saturation: 100, foodcategory: "Protein"},
				"expandedfoods:lard" : {saturation: 8, "health":  0.05, foodcategory: "Protein"},
				"game:fruit-cranberry" : { saturation: 45, foodcategory: "Fruit" },
				"game:fruit-saguaro" : { saturation: 45, "health": 0.3, foodcategory: "Fruit" },
				"game:fruit-blueberry" : { saturation: 60, foodcategory: "Fruit" },
				"game:fruit-redcurrant" : { saturation: 60, foodcategory: "Fruit" },
				"game:fruit-whitecurrant" : { saturation: 60, foodcategory: "Fruit" },
				"game:fruit-blackcurrant" : { saturation: 60, foodcategory: "Fruit" },
				"game:fruit-pineapple" : { saturation: 60, foodcategory: "Fruit" },
				"game:fruit-cherry" : { saturation: 30, foodcategory: "Fruit" },
				"game:fruit-lychee" : { saturation: 30, foodcategory: "Fruit" },
				"game:fruit-breadfruit" : { saturation: 150, foodcategory: "Fruit" },
				"game:fruit-orange" : { saturation: 60, foodcategory: "Fruit" },
				"game:fruit-mango" : { saturation: 60, foodcategory: "Fruit" },
				"game:fruit-pomegranate" : { saturation: 60, foodcategory: "Fruit" },
				"game:fruit-pinkapple" : { saturation: 60, foodcategory: "Fruit" },
				"game:fruit-redapple" : { saturation: 60, foodcategory: "Fruit" },
				"game:fruit-yellowapple" : { saturation: 60, foodcategory: "Fruit" },
				"game:fruit-pear" : { saturation: 60, foodcategory: "Fruit" },
				"expandedfoods:dryfruit-blueberry" : { saturation: 55, foodcategory: "Fruit" },
				"expandedfoods:dryfruit-blackcurrant" : { saturation: 55, foodcategory: "Fruit" },
				"expandedfoods:dryfruit-redcurrant" : { saturation: 55, foodcategory: "Fruit" },
				"expandedfoods:dryfruit-whitecurrant" : { saturation: 55, foodcategory: "Fruit" },
				"expandedfoods:dryfruit-pineapple" : { saturation: 55, foodcategory: "Fruit" },
				"expandedfoods:dryfruit-cranberry" : { saturation: 40, foodcategory: "Fruit" },
				"expandedfoods:dryfruit-saguaro" : { saturation: 40, "health": 0.3, foodcategory: "Fruit" },
				"expandedfoods:dryfruit-cherry" : { saturation: 30, foodcategory: "Fruit" },
				"expandedfoods:dryfruit-lychee" : { saturation: 30, foodcategory: "Fruit" },
				"expandedfoods:dryfruit-breadfruit" : { saturation: 130, foodcategory: "Fruit" },
				"expandedfoods:dryfruit-pomegranate" : { saturation: 55, foodcategory: "Fruit" },
				"expandedfoods:dryfruit-redapple" : { saturation: 55, foodcategory: "Fruit" },
				"expandedfoods:dryfruit-pinkapple" : { saturation: 55, foodcategory: "Fruit" },
				"expandedfoods:dryfruit-yellowapple" : { saturation: 55, foodcategory: "Fruit" },
				"expandedfoods:dryfruit-orange" : { saturation: 55, foodcategory: "Fruit" },
				"expandedfoods:dryfruit-mango" : { saturation: 55, foodcategory: "Fruit" },
				"expandedfoods:dryfruit-peach" : { saturation: 55, foodcategory: "Fruit" },
				"expandedfoods:dryfruit-pear" : { saturation: 55, foodcategory: "Fruit" },
				"expandedfoods:dehydratedfruit-blueberry" : { saturation: 55, foodcategory: "Fruit" },
				"expandedfoods:dehydratedfruit-blackcurrant" : { saturation: 55, foodcategory: "Fruit" },
				"expandedfoods:dehydratedfruit-redcurrant" : { saturation: 55, foodcategory: "Fruit" },
				"expandedfoods:dehydratedfruit-whitecurrant" : { saturation: 55, foodcategory: "Fruit" },
				"expandedfoods:dehydratedfruit-pineapple" : { saturation: 55, foodcategory: "Fruit" },
				"expandedfoods:dehydratedfruit-cranberry" : { saturation: 40, foodcategory: "Fruit" },
				"expandedfoods:dehydratedfruit-saguaro" : { saturation: 40, "health": 0.3, foodcategory: "Fruit" },
				"expandedfoods:dehydratedfruit-cherry" : { saturation: 30, foodcategory: "Fruit" },
				"expandedfoods:dehydratedfruit-lychee" : { saturation: 30, foodcategory: "Fruit" },
				"expandedfoods:dehydratedfruit-breadfruit" : { saturation: 130, foodcategory: "Fruit" },
				"expandedfoods:dehydratedfruit-pomegranate" : { saturation: 55, foodcategory: "Fruit" },
				"expandedfoods:dehydratedfruit-redapple" : { saturation: 55, foodcategory: "Fruit" },
				"expandedfoods:dehydratedfruit-pinkapple" : { saturation: 55, foodcategory: "Fruit" },
				"expandedfoods:dehydratedfruit-yellowapple" : { saturation: 55, foodcategory: "Fruit" },
				"expandedfoods:dehydratedfruit-orange" : { saturation: 55, foodcategory: "Fruit" },
				"expandedfoods:dehydratedfruit-mango" : { saturation: 55, foodcategory: "Fruit" },
				"expandedfoods:dehydratedfruit-peach" : { saturation: 55, foodcategory: "Fruit" },
				"expandedfoods:dehydratedfruit-pear" : { saturation: 55, foodcategory: "Fruit" },
				"expandedfoods:meatnugget-poultry-cured": {saturation: 95, foodcategory: "Protein"},
				"expandedfoods:meatnugget-redmeat-cured": {saturation: 130, foodcategory: "Protein"},
				"expandedfoods:meatnugget-bushmeat-cured": {saturation: 55, foodcategory: "Protein"},
				"expandedfoods:meatnugget-poultry-raw": {saturation: 110, foodcategory: "Protein"},
				"expandedfoods:meatnugget-redmeat-raw": {saturation: 155, foodcategory: "Protein"},
				"expandedfoods:meatnugget-bushmeat-raw": {saturation: 65, foodcategory: "Protein"},
				"expandedfoods:agedmeat-poultry-raw": {saturation: 170, foodcategory: "Protein"},
				"expandedfoods:agedmeat-redmeat-raw": {saturation: 235, foodcategory: "Protein"},
				"expandedfoods:agedmeat-bushmeat-raw": {saturation: 100, foodcategory: "Protein"},
				"expandedfoods:saltedmeatnugget-poultry-raw": {saturation: 55, foodcategory: "Protein"},
				"expandedfoods:saltedmeatnugget-redmeat-raw": {saturation: 80, foodcategory: "Protein"},
				"expandedfoods:saltedmeatnugget-bushmeat-raw": {saturation: 35, foodcategory: "Protein"},
				"expandedfoods:fishnugget-raw": {saturation: 55, foodcategory: "Protein"},
				"expandedfoods:fishnugget-curedchopped": {saturation: 85, foodcategory: "Protein"},
				"expandedfoods:crabnugget-raw": {saturation: 65, foodcategory: "Protein"},
				"expandedfoods:snakenugget-raw": {saturation: 75, foodcategory: "Protein"},
				"primitivesurvival:smokedmeat-poultry-raw": {saturation: 130, foodcategory: "Protein"},
				"primitivesurvival:smokedmeat-redmeat-raw": {saturation: 165, foodcategory: "Protein"},
				"primitivesurvival:smokedmeat-bushmeat-raw": {saturation: 90, foodcategory: "Protein"},
				"primitivesurvival:smokedmeat-fish-raw": {saturation: 130, foodcategory: "Protein"},
				"primitivesurvival:curedsmokedmeat-poultry-raw": {saturation: 130, foodcategory: "Protein"},
				"primitivesurvival:curedsmokedmeat-redmeat-raw": {saturation: 165, foodcategory: "Protein"},
				"primitivesurvival:curedsmokedmeat-bushmeat-raw": {saturation: 90, foodcategory: "Protein"},
				"primitivesurvival:curedsmokedmeat-fish-raw": {saturation: 130, foodcategory: "Protein"},
				"game:salt": {saturation: 10, health: 0.5, foodcategory: "Protein"},
                "wildcraftfruit:fruit-achacha" : { saturation: 60, foodcategory: "Fruit" },
                "wildcraftfruit:fruit-apricot" : { saturation: 60, foodcategory: "Fruit" },
                "wildcraftfruit:fruit-beautyberry" : { saturation: 30, foodcategory: "Fruit" },
                "wildcraftfruit:fruit-bitternightshade" : { saturation: 45, "health": -8, foodcategory: "Fruit" },
                "wildcraftfruit:fruit-blacknightshade" : { saturation: 45, foodcategory: "Fruit" },
                "wildcraftfruit:fruit-blacknightshadeunripe" : { saturation: 45, "health": -4, foodcategory: "Fruit" },
                "wildcraftfruit:fruit-blueraspberry" : { saturation: 40, foodcategory: "Fruit" },
                "wildcraftfruit:fruit-bluetongue" : { saturation: 30, foodcategory: "Fruit" },
                "wildcraftfruit:fruit-brambleberry" : { saturation: 60, foodcategory: "Fruit" },
                "wildcraftfruit:fruit-bunchberry" : { saturation: 30, foodcategory: "Fruit" },
                "wildcraftfruit:fruit-bushlawyer" : { saturation: 30, foodcategory: "Fruit" },
                "wildcraftfruit:fruit-cashewapple" : { saturation: 45, foodcategory: "Fruit" },
                "wildcraftfruit:fruit-cheeseberry" : { saturation: 30, foodcategory: "Fruit" },
                "wildcraftfruit:fruit-cherryplum" : { saturation: 45, foodcategory: "Fruit" },
                "wildcraftfruit:fruit-citron" : { saturation: 45, foodcategory: "Fruit" },
                "wildcraftfruit:fruit-cloudberry" : { saturation: 70, "health": 1, foodcategory: "Fruit" },
                "wildcraftfruit:fruit-cocoa" : { saturation: 60, foodcategory: "Fruit" },
                "wildcraftfruit:fruit-coralbead" : { saturation: 30, "health": -0.5, foodcategory: "Fruit" },
                "wildcraftfruit:fruit-creepingpine" : { saturation: 30, foodcategory: "Fruit" },
                "wildcraftfruit:fruit-crowberry" : { saturation: 30, foodcategory: "Fruit" },
                "wildcraftfruit:fruit-crowseye" : { saturation: 30, health: -20, foodcategory: "Fruit" },
                "wildcraftfruit:fruit-dogrose" : { saturation: 30, foodcategory: "Fruit" },
                "wildcraftfruit:fruit-elderberry" : { saturation: 30, foodcategory: "Fruit" },
                "wildcraftfruit:fruit-engkala" : { saturation: 45, foodcategory: "Fruit" },
                "wildcraftfruit:fruit-falseorange" : { saturation: 45, foodcategory: "Fruit" },
                "wildcraftfruit:fruit-falsestrawberry" : { saturation: 30, foodcategory: "Fruit" },
                "wildcraftfruit:fruit-feijoa" : { saturation: 45, foodcategory: "Fruit" },
                "wildcraftfruit:fruit-fig" : { saturation: 60, foodcategory: "Fruit" },
                "wildcraftfruit:fruit-fingerlime" : { saturation: 45, foodcategory: "Fruit" },
                "wildcraftfruit:fruit-flaxlily" : { saturation: 45, foodcategory: "Fruit" },
                "wildcraftfruit:fruit-foxgrape" : { saturation: 60, foodcategory: "Fruit" },
                "wildcraftfruit:fruit-fractureberry" : { saturation: 30, foodcategory: "Fruit" },
                "wildcraftfruit:fruit-gardenstrawberry" : { saturation: 70, foodcategory: "Fruit" },
                "wildcraftfruit:fruit-gooseberry" : { saturation: 60, foodcategory: "Fruit" },
                "wildcraftfruit:fruit-guajava" : { saturation: 60, foodcategory: "Fruit" },
                "wildcraftfruit:fruit-hawthorn" : { saturation: 45, foodcategory: "Fruit" },
                "wildcraftfruit:fruit-honeypots" : { saturation: 30, foodcategory: "Fruit" },
                "wildcraftfruit:fruit-honeysuckle" : { saturation: 60, foodcategory: "Fruit" },
                "wildcraftfruit:fruit-huckleberry" : { saturation: 45, foodcategory: "Fruit" },
                "wildcraftfruit:fruit-husktomato" : { saturation: 45, "health": 0.5, foodcategory: "Fruit" },
                "wildcraftfruit:fruit-illawarra" : { saturation: 30, foodcategory: "Fruit" },
                "wildcraftfruit:fruit-jujube" : { saturation: 45, foodcategory: "Fruit" },
                "wildcraftfruit:fruit-juniper" : { saturation: 30, "health": 0.5, foodcategory: "Fruit" },
                "wildcraftfruit:fruit-kakaha" : { saturation: 45, foodcategory: "Fruit" },
                "wildcraftfruit:fruit-kawakawa" : { saturation: 45, foodcategory: "Fruit" },
                "wildcraftfruit:fruit-knyazberry" : { saturation: 70, foodcategory: "Fruit" },
                "wildcraftfruit:fruit-kumquat" : { saturation: 45, foodcategory: "Fruit" },
                "wildcraftfruit:fruit-lemonaspen" : { saturation: 45, foodcategory: "Fruit" },
                "wildcraftfruit:fruit-lillypillyblue" : { saturation: 60, foodcategory: "Fruit" },
                "wildcraftfruit:fruit-lillypillypink" : { saturation: 60, foodcategory: "Fruit" },
                "wildcraftfruit:fruit-lillypillywhite" : { saturation: 60, foodcategory: "Fruit" },
                "wildcraftfruit:fruit-lingonberry" : { saturation: 45, foodcategory: "Fruit" },
                "wildcraftfruit:fruit-loquat" : { saturation: 45, foodcategory: "Fruit" },
                "wildcraftfruit:fruit-midyimberry" : { saturation: 45, foodcategory: "Fruit" },
                "wildcraftfruit:fruit-mingimingi" : { saturation: 30, foodcategory: "Fruit" },
                "wildcraftfruit:fruit-munthari" : { saturation: 60, foodcategory: "Fruit" },
                "wildcraftfruit:fruit-naranjilla" : { saturation: 60, foodcategory: "Fruit" },
                "wildcraftfruit:fruit-numnum" : { saturation: 60, foodcategory: "Fruit" },
                "wildcraftfruit:fruit-pandanbits" : { saturation: 30, foodcategory: "Fruit" },
                "wildcraftfruit:fruit-pilo" : { saturation: 30, foodcategory: "Fruit" },
                "wildcraftfruit:fruit-pineheath" : { saturation: 30, foodcategory: "Fruit" },
                "wildcraftfruit:fruit-pittedapricot" : { saturation: 60, foodcategory: "Fruit" },
                "wildcraftfruit:fruit-pittedbeachalmond" : { saturation: 60, foodcategory: "Fruit" },
                "wildcraftfruit:fruit-pittedbreadfruit" : { saturation: 60, foodcategory: "Fruit" },
                "wildcraftfruit:fruit-pittedcherry" : { saturation: 70, foodcategory: "Fruit" },
                "wildcraftfruit:fruit-pittedchinaberry" : { saturation: 45, foodcategory: "Fruit" },
                "wildcraftfruit:fruit-pokeberry" : { saturation: 30, health: -1, foodcategory: "Fruit" },
                "wildcraftfruit:fruit-pomelo" : { saturation: 90, foodcategory: "Fruit" },
                "wildcraftfruit:fruit-pricklyheath" : { saturation: 45, foodcategory: "Fruit" },
                "wildcraftfruit:fruit-purpleplum" : { saturation: 45, foodcategory: "Fruit" },
                "wildcraftfruit:fruit-quince" : { saturation: 60, foodcategory: "Fruit" },
                "wildcraftfruit:fruit-raspberry" : { saturation: 60, foodcategory: "Fruit" },
                "wildcraftfruit:fruit-redgrape" : { saturation: 60, foodcategory: "Fruit" },
                "wildcraftfruit:fruit-redquandong" : { saturation: 45, foodcategory: "Fruit" },
                "wildcraftfruit:fruit-roseapple" : { saturation: 60, foodcategory: "Fruit" },
                "wildcraftfruit:fruit-rowanberry" : { saturation: 45, foodcategory: "Fruit" },
                "wildcraftfruit:fruit-rubysaltbush" : { saturation: 30, foodcategory: "Fruit" },
                "wildcraftfruit:fruit-sallowthorn" : { saturation: 45, foodcategory: "Fruit" },
                "wildcraftfruit:fruit-seamango" : { saturation: 30, health: -15, foodcategory: "Fruit" },
                "wildcraftfruit:fruit-silvernettle" : { saturation: 30, foodcategory: "Fruit" },
                "wildcraftfruit:fruit-snowberry" : { saturation: 30, health: -1, foodcategory: "Fruit" },
                "wildcraftfruit:fruit-spindle" : { saturation: 30, health: -7, foodcategory: "Fruit" },
                "wildcraftfruit:fruit-strawberry" : { saturation: 60, foodcategory: "Fruit" },
                "wildcraftfruit:fruit-sumac" : { saturation: 30, foodcategory: "Fruit" },
                "wildcraftfruit:fruit-turkscap" : { saturation: 45, foodcategory: "Fruit" },
                "wildcraftfruit:fruit-ugni" : { saturation: 60, foodcategory: "Fruit" },
                "wildcraftfruit:fruit-virgingrape" : { saturation: 30, foodcategory: "Fruit" },
                "wildcraftfruit:fruit-whitegrape" : { saturation: 60, foodcategory: "Fruit" },
                "wildcraftfruit:fruit-wolfberry" : { saturation: 45, health: -12, foodcategory: "Fruit" },
                "expandedfoods:wilddehydratedfruit-achacha" : { saturation: 55, foodcategory: "Fruit" },
                "expandedfoods:wilddehydratedfruit-apricot" : { saturation: 55, foodcategory: "Fruit" },
                "expandedfoods:wilddehydratedfruit-beautyberry" : { saturation: 25, foodcategory: "Fruit" },
                "expandedfoods:wilddehydratedfruit-bitternightshade" : { saturation: 40, "health": -8, foodcategory: "Fruit" },
                "expandedfoods:wilddehydratedfruit-blacknightshade" : { saturation: 40, foodcategory: "Fruit" },
                "expandedfoods:wilddehydratedfruit-blacknightshadeunripe" : { saturation: 40, "health": -4, foodcategory: "Fruit" },
                "expandedfoods:wilddehydratedfruit-blueraspberry" : { saturation: 35, foodcategory: "Fruit" },
                "expandedfoods:wilddehydratedfruit-bluetongue" : { saturation: 25, foodcategory: "Fruit" },
                "expandedfoods:wilddehydratedfruit-brambleberry" : { saturation: 55, foodcategory: "Fruit" },
                "expandedfoods:wilddehydratedfruit-bunchberry" : { saturation: 25, foodcategory: "Fruit" },
                "expandedfoods:wilddehydratedfruit-bushlawyer" : { saturation: 25, foodcategory: "Fruit" },
                "expandedfoods:wilddehydratedfruit-cashewapple" : { saturation: 40, foodcategory: "Fruit" },
                "expandedfoods:wilddehydratedfruit-cheeseberry" : { saturation: 25, foodcategory: "Fruit" },
                "expandedfoods:wilddehydratedfruit-cherryplum" : { saturation: 40, foodcategory: "Fruit" },
                "expandedfoods:wilddehydratedfruit-citron" : { saturation: 40, foodcategory: "Fruit" },
                "expandedfoods:wilddehydratedfruit-cloudberry" : { saturation: 65, "health": 1, foodcategory: "Fruit" },
                "expandedfoods:wilddehydratedfruit-cocoa" : { saturation: 55, foodcategory: "Fruit" },
                "expandedfoods:wilddehydratedfruit-coralbead" : { saturation: 25, "health": -0.5, foodcategory: "Fruit" },
                "expandedfoods:wilddehydratedfruit-creepingpine" : { saturation: 25, foodcategory: "Fruit" },
                "expandedfoods:wilddehydratedfruit-crowberry" : { saturation: 25, foodcategory: "Fruit" },
                "expandedfoods:wilddehydratedfruit-crowseye" : { saturation: 25, health: -20, foodcategory: "Fruit" },
                "expandedfoods:wilddehydratedfruit-dogrose" : { saturation: 25, foodcategory: "Fruit" },
                "expandedfoods:wilddehydratedfruit-elderberry" : { saturation: 25, foodcategory: "Fruit" },
                "expandedfoods:wilddehydratedfruit-engkala" : { saturation: 40, foodcategory: "Fruit" },
                "expandedfoods:wilddehydratedfruit-falseorange" : { saturation: 40, foodcategory: "Fruit" },
                "expandedfoods:wilddehydratedfruit-falsestrawberry" : { saturation: 25, foodcategory: "Fruit" },
                "expandedfoods:wilddehydratedfruit-feijoa" : { saturation: 40, foodcategory: "Fruit" },
                "expandedfoods:wilddehydratedfruit-fig" : { saturation: 55, foodcategory: "Fruit" },
                "expandedfoods:wilddehydratedfruit-fingerlime" : { saturation: 40, foodcategory: "Fruit" },
                "expandedfoods:wilddehydratedfruit-flaxlily" : { saturation: 40, foodcategory: "Fruit" },
                "expandedfoods:wilddehydratedfruit-foxgrape" : { saturation: 55, foodcategory: "Fruit" },
                "expandedfoods:wilddehydratedfruit-fractureberry" : { saturation: 25, foodcategory: "Fruit" },
                "expandedfoods:wilddehydratedfruit-gardenstrawberry" : { saturation: 65, foodcategory: "Fruit" },
                "expandedfoods:wilddehydratedfruit-gooseberry" : { saturation: 55, foodcategory: "Fruit" },
                "expandedfoods:wilddehydratedfruit-guajava" : { saturation: 55, foodcategory: "Fruit" },
                "expandedfoods:wilddehydratedfruit-hawthorn" : { saturation: 40, foodcategory: "Fruit" },
                "expandedfoods:wilddehydratedfruit-honeypots" : { saturation: 25, foodcategory: "Fruit" },
                "expandedfoods:wilddehydratedfruit-honeysuckle" : { saturation: 55, foodcategory: "Fruit" },
                "expandedfoods:wilddehydratedfruit-huckleberry" : { saturation: 40, foodcategory: "Fruit" },
                "expandedfoods:wilddehydratedfruit-husktomato" : { saturation: 40, "health": 0.5, foodcategory: "Fruit" },
                "expandedfoods:wilddehydratedfruit-illawarra" : { saturation: 25, foodcategory: "Fruit" },
                "expandedfoods:wilddehydratedfruit-jujube" : { saturation: 40, foodcategory: "Fruit" },
                "expandedfoods:wilddehydratedfruit-juniper" : { saturation: 25, "health": 0.5, foodcategory: "Fruit" },
                "expandedfoods:wilddehydratedfruit-kakaha" : { saturation: 40, foodcategory: "Fruit" },
                "expandedfoods:wilddehydratedfruit-kawakawa" : { saturation: 40, foodcategory: "Fruit" },
                "expandedfoods:wilddehydratedfruit-knyazberry" : { saturation: 65, foodcategory: "Fruit" },
                "expandedfoods:wilddehydratedfruit-kumquat" : { saturation: 40, foodcategory: "Fruit" },
                "expandedfoods:wilddehydratedfruit-lemonaspen" : { saturation: 40, foodcategory: "Fruit" },
                "expandedfoods:wilddehydratedfruit-lillypillyblue" : { saturation: 55, foodcategory: "Fruit" },
                "expandedfoods:wilddehydratedfruit-lillypillypink" : { saturation: 55, foodcategory: "Fruit" },
                "expandedfoods:wilddehydratedfruit-lillypillywhite" : { saturation: 55, foodcategory: "Fruit" },
                "expandedfoods:wilddehydratedfruit-lingonberry" : { saturation: 40, foodcategory: "Fruit" },
                "expandedfoods:wilddehydratedfruit-loquat" : { saturation: 40, foodcategory: "Fruit" },
                "expandedfoods:wilddehydratedfruit-midyimberry" : { saturation: 40, foodcategory: "Fruit" },
                "expandedfoods:wilddehydratedfruit-mingimingi" : { saturation: 25, foodcategory: "Fruit" },
                "expandedfoods:wilddehydratedfruit-munthari" : { saturation: 35, foodcategory: "Fruit" },
                "expandedfoods:wilddehydratedfruit-naranjilla" : { saturation: 55, foodcategory: "Fruit" },
                "expandedfoods:wilddehydratedfruit-numnum" : { saturation: 55, foodcategory: "Fruit" },
                "expandedfoods:wilddehydratedfruit-pandanbits" : { saturation: 25, foodcategory: "Fruit" },
                "expandedfoods:wilddehydratedfruit-pilo" : { saturation: 25, foodcategory: "Fruit" },
                "expandedfoods:wilddehydratedfruit-pineheath" : { saturation: 25, foodcategory: "Fruit" },
                "expandedfoods:wilddehydratedfruit-pittedapricot" : { saturation: 55, foodcategory: "Fruit" },
                "expandedfoods:wilddehydratedfruit-pittedbeachalmond" : { saturation: 55, foodcategory: "Fruit" },
                "expandedfoods:wilddehydratedfruit-pittedbreadfruit" : { saturation: 55, foodcategory: "Fruit" },
                "expandedfoods:wilddehydratedfruit-pittedcherry" : { saturation: 65, foodcategory: "Fruit" },
                "expandedfoods:wilddehydratedfruit-pittedchinaberry" : { saturation: 40, foodcategory: "Fruit" },
                "expandedfoods:wilddehydratedfruit-pokeberry" : { saturation: 25, health: -1, foodcategory: "Fruit" },
                "expandedfoods:wilddehydratedfruit-pomelo" : { saturation: 85, foodcategory: "Fruit" },
                "expandedfoods:wilddehydratedfruit-pricklyheath" : { saturation: 40, foodcategory: "Fruit" },
                "expandedfoods:wilddehydratedfruit-purpleplum" : { saturation: 40, foodcategory: "Fruit" },
                "expandedfoods:wilddehydratedfruit-quince" : { saturation: 55, foodcategory: "Fruit" },
                "expandedfoods:wilddehydratedfruit-raspberry" : { saturation: 55, foodcategory: "Fruit" },
                "expandedfoods:wilddehydratedfruit-redgrape" : { saturation: 55, foodcategory: "Fruit" },
                "expandedfoods:wilddehydratedfruit-redquandong" : { saturation: 40, foodcategory: "Fruit" },
                "expandedfoods:wilddehydratedfruit-roseapple" : { saturation: 55, foodcategory: "Fruit" },
                "expandedfoods:wilddehydratedfruit-rowanberry" : { saturation: 40, foodcategory: "Fruit" },
                "expandedfoods:wilddehydratedfruit-rubysaltbush" : { saturation: 25, foodcategory: "Fruit" },
                "expandedfoods:wilddehydratedfruit-sallowthorn" : { saturation: 40, foodcategory: "Fruit" },
                "expandedfoods:wilddehydratedfruit-seamango" : { saturation: 25, health: -15, foodcategory: "Fruit" },
                "expandedfoods:wilddehydratedfruit-silvernettle" : { saturation: 25, foodcategory: "Fruit" },
                "expandedfoods:wilddehydratedfruit-snowberry" : { saturation: 25, health: -1, foodcategory: "Fruit" },
                "expandedfoods:wilddehydratedfruit-spindle" : { saturation: 25, health: -7, foodcategory: "Fruit" },
                "expandedfoods:wilddehydratedfruit-strawberry" : { saturation: 55, foodcategory: "Fruit" },
                "expandedfoods:wilddehydratedfruit-sumac" : { saturation: 25, foodcategory: "Fruit" },
                "expandedfoods:wilddehydratedfruit-turkscap" : { saturation: 40, foodcategory: "Fruit" },
                "expandedfoods:wilddehydratedfruit-ugni" : { saturation: 55, foodcategory: "Fruit" },
                "expandedfoods:wilddehydratedfruit-virgingrape" : { saturation: 25, foodcategory: "Fruit" },
                "expandedfoods:wilddehydratedfruit-whitegrape" : { saturation: 55, foodcategory: "Fruit" },
                "expandedfoods:wilddehydratedfruit-wolfberry" : { saturation: 40, health: -12, foodcategory: "Fruit" },
                "expandedfoods:wilddryfruit-achacha" : { saturation: 55, foodcategory: "Fruit" },
                "expandedfoods:wilddryfruit-apricot" : { saturation: 55, foodcategory: "Fruit" },
                "expandedfoods:wilddryfruit-beautyberry" : { saturation: 25, foodcategory: "Fruit" },
                "expandedfoods:wilddryfruit-bitternightshade" : { saturation: 40, "health": -4, foodcategory: "Fruit" },
                "expandedfoods:wilddryfruit-blacknightshade" : { saturation: 40, foodcategory: "Fruit" },
                "expandedfoods:wilddryfruit-blacknightshaadeunripe" : { saturation: 40, "health": -2, foodcategory: "Fruit" },
                "expandedfoods:wilddryfruit-blueraspberry" : { saturation: 35, foodcategory: "Fruit" },
                "expandedfoods:wilddryfruit-bluetongue" : { saturation: 25, foodcategory: "Fruit" },
                "expandedfoods:wilddryfruit-brambleberry" : { saturation: 55, foodcategory: "Fruit" },
                "expandedfoods:wilddryfruit-bunchberry" : { saturation: 25, foodcategory: "Fruit" },
                "expandedfoods:wilddryfruit-bushlawyer" : { saturation: 25, foodcategory: "Fruit" },
                "expandedfoods:wilddryfruit-cashewapple" : { saturation: 40, foodcategory: "Fruit" },
                "expandedfoods:wilddryfruit-cheeseberry" : { saturation: 25, foodcategory: "Fruit" },
                "expandedfoods:wilddryfruit-cherryplum" : { saturation: 40, foodcategory: "Fruit" },
                "expandedfoods:wilddryfruit-citron" : { saturation: 40, foodcategory: "Fruit" },
                "expandedfoods:wilddryfruit-cloudberry" : { saturation: 65, "health": 0.5, foodcategory: "Fruit" },
                "expandedfoods:wilddryfruit-cocoa" : { saturation: 55, foodcategory: "Fruit" },
                "expandedfoods:wilddryfruit-coralbead" : { saturation: 25, "health": -0.25, foodcategory: "Fruit" },
                "expandedfoods:wilddryfruit-creepingpine" : { saturation: 25, foodcategory: "Fruit" },
                "expandedfoods:wilddryfruit-crowberry" : { saturation: 25, foodcategory: "Fruit" },
                "expandedfoods:wilddryfruit-crowseye" : { saturation: 25, health: -10, foodcategory: "Fruit" },
                "expandedfoods:wilddryfruit-dogrose" : { saturation: 25, foodcategory: "Fruit" },
                "expandedfoods:wilddryfruit-elderberry" : { saturation: 25, foodcategory: "Fruit" },
                "expandedfoods:wilddryfruit-engkala" : { saturation: 40, foodcategory: "Fruit" },
                "expandedfoods:wilddryfruit-falseorange" : { saturation: 40, foodcategory: "Fruit" },
                "expandedfoods:wilddryfruit-falsestrawberry" : { saturation: 25, foodcategory: "Fruit" },
                "expandedfoods:wilddryfruit-feijoa" : { saturation: 40, foodcategory: "Fruit" },
                "expandedfoods:wilddryfruit-fig" : { saturation: 55, foodcategory: "Fruit" },
                "expandedfoods:wilddryfruit-fingerlime" : { saturation: 40, foodcategory: "Fruit" },
                "expandedfoods:wilddryfruit-flaxlily" : { saturation: 40, foodcategory: "Fruit" },
                "expandedfoods:wilddryfruit-foxgrape" : { saturation: 55, foodcategory: "Fruit" },
                "expandedfoods:wilddryfruit-fractureberry" : { saturation: 25, foodcategory: "Fruit" },
                "expandedfoods:wilddryfruit-gardenstrawberry" : { saturation: 65, foodcategory: "Fruit" },
                "expandedfoods:wilddryfruit-gooseberry" : { saturation: 55, foodcategory: "Fruit" },
                "expandedfoods:wilddryfruit-guajava" : { saturation: 55, foodcategory: "Fruit" },
                "expandedfoods:wilddryfruit-hawthorn" : { saturation: 40, foodcategory: "Fruit" },
                "expandedfoods:wilddryfruit-honeypots" : { saturation: 25, foodcategory: "Fruit" },
                "expandedfoods:wilddryfruit-honeysuckle" : { saturation: 55, foodcategory: "Fruit" },
                "expandedfoods:wilddryfruit-huckleberry" : { saturation: 40, foodcategory: "Fruit" },
                "expandedfoods:wilddryfruit-husktomato" : { saturation: 40, "health": 0.25, foodcategory: "Fruit" },
                "expandedfoods:wilddryfruit-illawarra" : { saturation: 25, foodcategory: "Fruit" },
                "expandedfoods:wilddryfruit-jujube" : { saturation: 40, foodcategory: "Fruit" },
                "expandedfoods:wilddryfruit-juniper" : { saturation: 25, "health": 0.25, foodcategory: "Fruit" },
                "expandedfoods:wilddryfruit-kakaha" : { saturation: 40, foodcategory: "Fruit" },
                "expandedfoods:wilddryfruit-kawakawa" : { saturation: 40, foodcategory: "Fruit" },
                "expandedfoods:wilddryfruit-knyazberry" : { saturation: 65, foodcategory: "Fruit" },
                "expandedfoods:wilddryfruit-kumquat" : { saturation: 40, foodcategory: "Fruit" },
                "expandedfoods:wilddryfruit-lemonaspen" : { saturation: 40, foodcategory: "Fruit" },
                "expandedfoods:wilddryfruit-lillypillyblue" : { saturation: 55, foodcategory: "Fruit" },
                "expandedfoods:wilddryfruit-lillypillypink" : { saturation: 55, foodcategory: "Fruit" },
                "expandedfoods:wilddryfruit-lillypillywhite" : { saturation: 55, foodcategory: "Fruit" },
                "expandedfoods:wilddryfruit-lingonberry" : { saturation: 40, foodcategory: "Fruit" },
                "expandedfoods:wilddryfruit-loquat" : { saturation: 40, foodcategory: "Fruit" },
                "expandedfoods:wilddryfruit-midyimberry" : { saturation: 40, foodcategory: "Fruit" },
                "expandedfoods:wilddryfruit-mingimingi" : { saturation: 25, foodcategory: "Fruit" },
                "expandedfoods:wilddryfruit-munthari" : { saturation: 35, foodcategory: "Fruit" },
                "expandedfoods:wilddryfruit-naranjilla" : { saturation: 55, foodcategory: "Fruit" },
                "expandedfoods:wilddryfruit-numnum" : { saturation: 55, foodcategory: "Fruit" },
                "expandedfoods:wilddryfruit-pandanbits" : { saturation: 25, foodcategory: "Fruit" },
                "expandedfoods:wilddryfruit-pilo" : { saturation: 25, foodcategory: "Fruit" },
                "expandedfoods:wilddryfruit-pineheath" : { saturation: 25, foodcategory: "Fruit" },
                "expandedfoods:wilddryfruit-pittedapricot" : { saturation: 55, foodcategory: "Fruit" },
                "expandedfoods:wilddryfruit-pittedbeachalmond" : { saturation: 55, foodcategory: "Fruit" },
                "expandedfoods:wilddryfruit-pittedbreadfruit" : { saturation: 55, foodcategory: "Fruit" },
                "expandedfoods:wilddryfruit-pittedcherry" : { saturation: 65, foodcategory: "Fruit" },
                "expandedfoods:wilddryfruit-pittedchinaberry" : { saturation: 40, foodcategory: "Fruit" },
                "expandedfoods:wilddryfruit-pokeberry" : { saturation: 25, health: -0.5, foodcategory: "Fruit" },
                "expandedfoods:wilddryfruit-pomelo" : { saturation: 85, foodcategory: "Fruit" },
                "expandedfoods:wilddryfruit-pricklyheath" : { saturation: 40, foodcategory: "Fruit" },
                "expandedfoods:wilddryfruit-purpleplum" : { saturation: 40, foodcategory: "Fruit" },
                "expandedfoods:wilddryfruit-quince" : { saturation: 55, foodcategory: "Fruit" },
                "expandedfoods:wilddryfruit-raspberry" : { saturation: 55, foodcategory: "Fruit" },
                "expandedfoods:wilddryfruit-redgrape" : { saturation: 55, foodcategory: "Fruit" },
                "expandedfoods:wilddryfruit-redquandong" : { saturation: 40, foodcategory: "Fruit" },
                "expandedfoods:wilddryfruit-roseapple" : { saturation: 55, foodcategory: "Fruit" },
                "expandedfoods:wilddryfruit-rowanberry" : { saturation: 40, foodcategory: "Fruit" },
                "expandedfoods:wilddryfruit-rubysaltbush" : { saturation: 25, foodcategory: "Fruit" },
                "expandedfoods:wilddryfruit-sallowthorn" : { saturation: 40, foodcategory: "Fruit" },
                "expandedfoods:wilddryfruit-seamango" : { saturation: 25, health: -7.5, foodcategory: "Fruit" },
                "expandedfoods:wilddryfruit-silvernettle" : { saturation: 25, foodcategory: "Fruit" },
                "expandedfoods:wilddryfruit-snowberry" : { saturation: 25, health: -0.5, foodcategory: "Fruit" },
                "expandedfoods:wilddryfruit-spindle" : { saturation: 25, health: -3.5, foodcategory: "Fruit" },
                "expandedfoods:wilddryfruit-strawberry" : { saturation: 55, foodcategory: "Fruit" },
                "expandedfoods:wilddryfruit-sumac" : { saturation: 25, foodcategory: "Fruit" },
                "expandedfoods:wilddryfruit-turkscap" : { saturation: 40, foodcategory: "Fruit" },
                "expandedfoods:wilddryfruit-ugni" : { saturation: 55, foodcategory: "Fruit" },
                "expandedfoods:wilddryfruit-virgingrape" : { saturation: 25, foodcategory: "Fruit" },
                "expandedfoods:wilddryfruit-whitegrape" : { saturation: 55, foodcategory: "Fruit" },
                "expandedfoods:wilddryfruit-wolfberry" : { saturation: 40, health: -6, foodcategory: "Fruit" },
				},
			},
     		renderIngredientsByType: {
			"*-raw": {
				"expandedfoods:fishnugget-raw": { "shape": "expandedfoods:shapes/item/food/pemmican/ball.json", "textureMap": { "ball": "fish" } },
				"expandedfoods:fishnugget-curedchopped": { "shape": "expandedfoods:shapes/item/food/pemmican/ball.json", "textureMap": { "ball": "fish" } },
				"primitivesurvival:smokedmeat-fish-raw": { "shape": "expandedfoods:shapes/item/food/pemmican/ball.json", "textureMap": { "ball": "fish" } },
				"primitivesurvival:curedsmokedmeat-fish-raw": { "shape": "expandedfoods:shapes/item/food/pemmican/ball.json", "textureMap": { "ball": "fish" } },
			},
			"@*-(partbaked|cooked|charred)": {
				"expandedfoods:fishnugget-raw": { "shape": "expandedfoods:shapes/item/food/pemmican/plain.json", "textureMap": { "plain": "fish" } },
				"expandedfoods:fishnugget-curedchopped": { "shape": "expandedfoods:shapes/item/food/pemmican/plain.json", "textureMap": { "plain": "fish" } },
				"primitivesurvival:smokedmeat-fish-raw": { "shape": "expandedfoods:shapes/item/food/pemmican/plain.json", "textureMap": { "plain": "fish" } },
				"primitivesurvival:curedsmokedmeat-fish-raw": { "shape": "expandedfoods:shapes/item/food/pemmican/plain.json", "textureMap": { "plain": "fish" } },
			},
		},
		bakingPropertiesByType: {
			"*-raw": {
				temp: 110,
				levelFrom: 0.0,
				levelTo: 0.5,
				startScaleY: 1.0,
				endScaleY: 1.0,
				resultCode: "expandedfoods:fishpemmican-partbaked",
			},
			"*-partbaked": {
				temp: 110,
				levelFrom: 0.5,
				levelTo: 1.0,
				startScaleY: 1.0,
				endScaleY: 1.0,
				resultCode: "expandedfoods:fishpemmican-cooked",
				initialCode: "expandedfoods:fishpemmican-raw"
			},
			"*-cooked": {
				temp: 110,
				levelFrom: 1.0,
				levelTo: 1.5,
				startScaleY: 1.0,
				endScaleY: 1.0,
				resultCode: "expandedfoods:fishpemmican-charred",
				initialCode: "expandedfoods:fishpemmican-partbaked"
			},
			"*-charred": {
				temp: 110,
				levelFrom: 1.5,
				levelTo: 2.0,
				startScaleY: 1.0,
				endScaleY: 1.0,
				initialCode: "expandedfoods:fishpemmican-cooked"
			},
		},
		satMultByType: {
			"*-raw": 0.4,
			"*-partbaked": 0.5,
			"*-cooked": 1,
			"*-charred": 0.75
		},
	},
  	texturesByType: {
		"*-raw": {
			ball: { base: "item/food/pemmican/fish/pemmicanfish-ball"},
			fish: { base: "item/food/pemmican/fish/pemmicanfish-ball"},
		},
		"*-partbaked": {
			plain: { base: "item/food/pemmican/fish/pemmicanfish-partbaked"},
			fish: { base: "item/food/pemmican/fish/pemmicanfish-partbaked"},
		},
		"*-cooked": {
			plain: { base: "item/food/pemmican/fish/pemmicanfish-plain"},
			fish: { base: "item/food/pemmican/fish/pemmicanfish-plain"},
		},
		"*-charred": {
			plain: { base: "item/food/pemmican/fish/pemmicanfish-charred"},
			fish: { base: "item/food/pemmican/fish/pemmicanfish-charred"},
		},
  	},
	shapeByType:{
		"*-raw": { base: "item/food/pemmican/ball"},
		"@*-(partbaked|cooked|charred)": { base: "item/food/pemmican/plain"},
	},
	nutritionPropsByType: {
		"*-raw": { saturation: 0, foodcategory: "Protein" },
		"*-partbaked": { saturation: 90, foodcategory: "Protein" },
		"*-cooked": { saturation: 100, foodcategory: "Protein" },
		"*-charred": { saturation: 80, foodcategory: "Protein" },
	},
	creativeinventory: { "general": ["*"], "items": ["*"], "expandedfoods": ["*"] },
	materialDensity: 200,
	combustiblePropsByType: {
		"@*-(raw|partbaked|cooked)": {
			meltingPoint: 110,
			meltingDuration: 20,
			smeltedRatio: 1,
			smeltingType: "cook",
			smeltedStack: { type: "item", code: "expandedfoods:fishpemmican-charred" },
			requiresContainer: false
		},
	},
	transitionablePropsByType: {
		"*-charred": [{
			type: "Perish",
			freshHours: { avg: 6320 },
			transitionHours: { avg: 224 },
			transitionedStack: { type: "item", code: "game:rot" },
			transitionRatio: 1
		}],
		"*": [{
			type: "Perish",
			freshHours: { avg: 3160 },
			transitionHours: { avg: 112 },
			transitionedStack: { type: "item", code: "game:rot" },
			transitionRatio: 1
		}],
	},
	guiTransform: {
		translation: { x: 3, y: 0, z: 0 },
		rotation: { x: -28, y: 203, z: 180 },
		origin: { x: 0.5, y: 0.07, z: 0.5 },
		scale: 5
	},
	groundTransform: {
		translation: { x: 0, y: 0, z: 0 },
		rotation: { x: 0, y: 0, z: 1 },
		origin: { x: 0.5, y: 0, z: 0.5 },
		scale: 4.5
	},
	tpHandTransform: {
		translation: { x: -0.54, y: -0.16, z: -0.4 },
		rotation: { x: 44, y: -69, z: 2 },
		origin: { x: 0.5, y: 0.13, z: 0.5 },
		scale: 1
	}
}
