{
	"editor": {
		"allAngles": true,
		"entityTextureMode": false
	},
	"textureWidth": 16,
	"textureHeight": 16,
	"textureSizes": {
	},
	"textures": {
		"normal7-12": "game:block/plant/crop/sunflower/normal7-12"
	},
	"elements": [
		{
			"name": "origin",
			"from": [ 8.0, 0.0, 8.0 ],
			"to": [ 8.0, 0.0, 8.0 ],
			"rotationOrigin": [ 8.0, 0.0, 8.0 ],
			"faces": {
			},
			"children": [
				{
					"name": "stemdown",
					"from": [ -4.5, -0.1, -4.5 ],
					"to": [ -3.5, 15.9, -3.5 ],
					"rotationOrigin": [ -4.0, -0.1, -4.0 ],
					"rotationY": -45.0,
					"faces": {
						"north": { "texture": "#normal7-12", "uv": [ 0.0, 0.0, 1.0, 16.0 ], "windMode": [0,4,4,0] },
						"east": { "texture": "#normal7-12", "uv": [ 0.0, 0.0, 1.0, 16.0 ], "windMode": [0,4,4,0] },
						"south": { "texture": "#normal7-12", "uv": [ 1.0, 0.0, 2.0, 16.0 ], "windMode": [0,0,4,4] },
						"west": { "texture": "#normal7-12", "uv": [ 0.0, 0.0, 1.0, 16.0 ], "windMode": [0,0,4,4] },
						"down": { "texture": "#normal7-12", "uv": [ 0.5, 14.5, 1.5, 15.5 ], "windMode": [0,0,0,0] }
					},
					"children": [
						{
							"name": "stemup",
							"from": [ 0.0, 16.0, 0.0 ],
							"to": [ 1.0, 29.0, 1.0 ],
							"rotationOrigin": [ 0.5, 16.0, 0.5 ],
							"rotationZ": 6.0,
							"faces": {
								"north": { "texture": "#normal7-12", "uv": [ 0.0, 0.0, 1.0, 13.0 ], "rotation": 180, "windMode": [4,4,4,4], "windData": [0,1,1,0] },
								"east": { "texture": "#normal7-12", "uv": [ 1.0, 0.0, 2.0, 13.0 ], "rotation": 180, "windMode": [4,4,4,4], "windData": [0,1,1,0] },
								"south": { "texture": "#normal7-12", "uv": [ 1.0, 0.0, 2.0, 13.0 ], "rotation": 180, "windMode": [4,4,4,4], "windData": [0,0,1,1] },
								"west": { "texture": "#normal7-12", "uv": [ 1.0, 0.0, 2.0, 13.0 ], "rotation": 180, "windMode": [4,4,4,4], "windData": [0,0,1,1] }
							},
							"children": [
								{
									"name": "head",
									"from": [ -0.75, 12.6, -0.75 ],
									"to": [ 1.75, 13.6, 1.75 ],
									"rotationOrigin": [ 0.5, 12.6, 0.5 ],
									"rotationX": 42.0,
									"rotationY": -28.0,
									"faces": {
										"north": { "texture": "#normal7-12", "uv": [ 9.0, 0.0, 10.0, 2.5 ], "rotation": 270, "windMode": [4,4,4,4], "windData": [1,1,1,1] },
										"east": { "texture": "#normal7-12", "uv": [ 9.0, 0.0, 10.0, 2.5 ], "rotation": 270, "windMode": [4,4,4,4], "windData": [1,1,1,1] },
										"south": { "texture": "#normal7-12", "uv": [ 9.0, 0.0, 10.0, 2.5 ], "rotation": 270, "windMode": [4,4,4,4], "windData": [1,1,1,1] },
										"west": { "texture": "#normal7-12", "uv": [ 9.0, 0.0, 10.0, 2.5 ], "rotation": 270, "windMode": [4,4,4,4], "windData": [1,1,1,1] },
										"up": { "texture": "#normal7-12", "uv": [ 10.5, 0.5, 13.0, 3.0 ], "windMode": [4,4,4,4], "windData": [1,1,1,1] },
										"down": { "texture": "#normal7-12", "uv": [ 10.5, 4.5, 13.0, 7.0 ], "windMode": [4,4,4,4], "windData": [1,1,1,1] }
									},
									"children": [
										{
											"name": "flowerN",
											"from": [ 0.0, 1.0, -1.5 ],
											"to": [ 3.0, 1.0, 0.0 ],
											"rotationOrigin": [ 2.5, 1.0, 0.0 ],
											"rotationX": 9.0,
											"faces": {
												"up": { "texture": "#normal7-12", "uv": [ 8.0, 4.0, 9.5, 7.0 ], "rotation": 270, "windMode": [4,4,4,4], "windData": [2,1,1,1] }
											}
										},
										{
											"name": "flowerS",
											"from": [ -0.5, 1.0, 2.5 ],
											"to": [ 2.5, 1.0, 4.0 ],
											"rotationOrigin": [ 2.0, 1.0, 2.5 ],
											"rotationX": -9.0,
											"faces": {
												"up": { "texture": "#normal7-12", "uv": [ 8.0, 4.0, 9.5, 7.0 ], "rotation": 90, "windMode": [4,4,4,4], "windData": [1,1,1,1] }
											}
										},
										{
											"name": "flowerW",
											"from": [ -1.5, 1.0, -0.5 ],
											"to": [ 0.0, 1.0, 2.5 ],
											"rotationOrigin": [ 0.0, 1.0, 2.0 ],
											"rotationZ": -9.0,
											"faces": {
												"up": { "texture": "#normal7-12", "uv": [ 8.0, 4.0, 9.5, 7.0 ], "rotation": 180, "windMode": [4,4,4,4], "windData": [1,1,1,1] }
											}
										},
										{
											"name": "flowerE",
											"from": [ 2.5, 1.0, 0.0 ],
											"to": [ 4.0, 1.0, 3.0 ],
											"rotationOrigin": [ 2.5, 1.0, 2.0 ],
											"rotationZ": 9.0,
											"faces": {
												"up": { "texture": "#normal7-12", "uv": [ 8.0, 4.0, 9.5, 7.0 ], "windMode": [4,4,4,4], "windData": [1,1,1,1] }
											}
										}
									]
								}
							]
						},
						{
							"name": "Leaf1",
							"from": [ -2.5, 13.0, -5.5 ],
							"to": [ 3.0, 13.0, 0.0 ],
							"rotationOrigin": [ 0.5, 13.0, 0.5 ],
							"rotationX": -44.0,
							"faces": {
								"up": { "texture": "#normal7-12", "uv": [ 10.5, 8.5, 16.0, 14.0 ], "windMode": [1,4,4,1] }
							}
						},
						{
							"name": "Leaf2",
							"from": [ -2.5, 18.0, -5.5 ],
							"to": [ 3.0, 18.0, 0.0 ],
							"rotationOrigin": [ 0.5, 18.0, 0.5 ],
							"rotationX": -78.0,
							"rotationY": 45.0,
							"rotationZ": 19.0,
							"faces": {
								"up": { "texture": "#normal7-12", "uv": [ 10.5, 8.5, 16.0, 14.0 ], "windMode": [1,4,4,1], "windData": [0,1,1,0] }
							}
						},
						{
							"name": "Leaf3",
							"from": [ -2.5, 10.0, -5.5 ],
							"to": [ 3.0, 10.0, 0.0 ],
							"rotationOrigin": [ 0.5, 10.0, 0.5 ],
							"rotationX": 58.0,
							"rotationY": -157.5,
							"faces": {
								"up": { "texture": "#normal7-12", "uv": [ 10.5, 8.5, 16.0, 14.0 ], "windMode": [1,4,4,1] }
							}
						},
						{
							"name": "Leaf4",
							"from": [ -2.5, 21.0, -5.5 ],
							"to": [ 3.0, 21.0, 0.0 ],
							"rotationOrigin": [ 0.5, 21.0, 0.5 ],
							"rotationX": 64.0,
							"rotationY": 135.0,
							"rotationZ": -22.5,
							"faces": {
								"up": { "texture": "#normal7-12", "uv": [ 10.5, 8.5, 16.0, 14.0 ], "windMode": [1,4,4,1], "windData": [0,1,1,1] }
							}
						},
						{
							"name": "Leaf5",
							"from": [ -2.5, 17.0, -5.5 ],
							"to": [ 3.0, 17.0, 0.0 ],
							"rotationOrigin": [ 0.5, 17.0, 0.5 ],
							"rotationX": 61.0,
							"rotationY": -135.0,
							"rotationZ": 22.5,
							"faces": {
								"up": { "texture": "#normal7-12", "uv": [ 10.5, 8.5, 16.0, 14.0 ], "windMode": [1,4,4,1], "windData": [0,1,0,0] }
							}
						},
						{
							"name": "Leaf6",
							"from": [ -3.9, 23.0, -5.5 ],
							"to": [ 1.6, 23.0, 0.0 ],
							"rotationOrigin": [ -0.9, 23.0, 0.5 ],
							"rotationX": -58.0,
							"rotationY": -45.0,
							"rotationZ": -53.0,
							"faces": {
								"up": { "texture": "#normal7-12", "uv": [ 10.5, 8.5, 16.0, 14.0 ], "windMode": [1,4,4,1], "windData": [1,1,1,1] }
							}
						}
					]
				},
				{
					"name": "stemdown15",
					"from": [ 4.5, -0.3, -4.5 ],
					"to": [ 5.5, 15.7, -3.5 ],
					"rotationOrigin": [ 5.0, -0.3, -4.0 ],
					"rotationX": 1.0,
					"rotationY": -42.0,
					"faces": {
						"north": { "texture": "#normal7-12", "uv": [ 0.0, 0.0, 1.0, 16.0 ], "windMode": [0,4,4,0] },
						"east": { "texture": "#normal7-12", "uv": [ 0.0, 0.0, 1.0, 16.0 ], "windMode": [0,4,4,0] },
						"south": { "texture": "#normal7-12", "uv": [ 0.0, 0.0, 1.0, 16.0 ], "windMode": [0,0,4,4] },
						"west": { "texture": "#normal7-12", "uv": [ 0.0, 0.0, 1.0, 16.0 ], "windMode": [0,0,4,4] },
						"down": { "texture": "#normal7-12", "uv": [ 0.5, 14.5, 1.5, 15.5 ] }
					},
					"children": [
						{
							"name": "stemup16",
							"from": [ 0.0, 16.0, 0.0 ],
							"to": [ 1.0, 28.0, 1.0 ],
							"rotationOrigin": [ 0.5, 16.0, 0.5 ],
							"rotationZ": 5.0,
							"faces": {
								"north": { "texture": "#normal7-12", "uv": [ 0.0, 0.0, 1.0, 12.0 ], "rotation": 180, "windMode": [4,4,4,4], "windData": [0,1,1,0] },
								"east": { "texture": "#normal7-12", "uv": [ 1.0, 0.0, 2.0, 12.0 ], "rotation": 180, "windMode": [4,4,4,4], "windData": [0,1,1,0] },
								"south": { "texture": "#normal7-12", "uv": [ 1.0, 0.0, 2.0, 12.0 ], "rotation": 180, "windMode": [4,4,4,4], "windData": [0,0,1,1] },
								"west": { "texture": "#normal7-12", "uv": [ 1.0, 0.0, 2.0, 12.0 ], "rotation": 180, "windMode": [4,4,4,4], "windData": [0,0,1,1] }
							},
							"children": [
								{
									"name": "head17",
									"from": [ -0.75, 11.6, -0.75 ],
									"to": [ 1.75, 12.6, 1.75 ],
									"rotationOrigin": [ 0.5, 11.6, 0.5 ],
									"rotationX": -36.0,
									"rotationY": -45.0,
									"faces": {
										"north": { "texture": "#normal7-12", "uv": [ 9.0, 0.0, 10.0, 2.5 ], "rotation": 270, "windMode": [4,4,4,4], "windData": [1,1,1,1] },
										"east": { "texture": "#normal7-12", "uv": [ 9.0, 0.0, 10.0, 2.5 ], "rotation": 270, "windMode": [4,4,4,4], "windData": [1,1,1,1] },
										"south": { "texture": "#normal7-12", "uv": [ 9.0, 0.0, 10.0, 2.5 ], "rotation": 270, "windMode": [4,4,4,4], "windData": [1,1,1,1] },
										"west": { "texture": "#normal7-12", "uv": [ 9.0, 0.0, 10.0, 2.5 ], "rotation": 270, "windMode": [4,4,4,4], "windData": [1,1,1,1] },
										"up": { "texture": "#normal7-12", "uv": [ 10.5, 0.5, 13.0, 3.0 ], "windMode": [4,4,4,4], "windData": [1,1,1,1] },
										"down": { "texture": "#normal7-12", "uv": [ 10.5, 4.5, 13.0, 7.0 ], "windMode": [4,4,4,4], "windData": [1,1,1,1] }
									},
									"children": [
										{
											"name": "flowerN18",
											"from": [ -0.3, 1.0, -1.5 ],
											"to": [ 2.7, 1.0, 0.0 ],
											"rotationOrigin": [ 2.2, 1.0, 0.0 ],
											"rotationX": 9.0,
											"faces": {
												"up": { "texture": "#normal7-12", "uv": [ 8.0, 4.0, 9.5, 7.0 ], "rotation": 270, "windMode": [4,4,4,4], "windData": [1,1,1,1] }
											}
										},
										{
											"name": "flowerS19",
											"from": [ -0.3, 1.0, 2.5 ],
											"to": [ 2.7, 1.0, 4.0 ],
											"rotationOrigin": [ 2.0, 1.0, 2.5 ],
											"rotationX": -9.0,
											"faces": {
												"up": { "texture": "#normal7-12", "uv": [ 8.0, 4.0, 9.5, 7.0 ], "rotation": 90, "windMode": [4,4,4,4], "windData": [1,1,1,1] }
											}
										},
										{
											"name": "flowerW20",
											"from": [ -1.5, 1.0, -0.3 ],
											"to": [ 0.0, 1.0, 2.7 ],
											"rotationOrigin": [ 0.0, 1.0, 1.9 ],
											"rotationZ": -9.0,
											"faces": {
												"up": { "texture": "#normal7-12", "uv": [ 8.0, 4.0, 9.5, 7.0 ], "rotation": 180, "windMode": [4,4,4,4], "windData": [1,1,1,1] }
											}
										},
										{
											"name": "flowerE21",
											"from": [ 2.5, 1.0, -0.3 ],
											"to": [ 4.0, 1.0, 2.7 ],
											"rotationOrigin": [ 2.5, 1.0, 1.7 ],
											"rotationZ": 9.0,
											"faces": {
												"up": { "texture": "#normal7-12", "uv": [ 8.0, 4.0, 9.5, 7.0 ], "windMode": [4,4,4,4], "windData": [1,1,1,1] }
											}
										}
									]
								}
							]
						},
						{
							"name": "Leaf22",
							"from": [ -2.5, 12.0, -5.5 ],
							"to": [ 3.0, 12.0, 0.0 ],
							"rotationOrigin": [ 0.5, 12.0, 0.5 ],
							"rotationX": -36.0,
							"rotationZ": -33.0,
							"faces": {
								"up": { "texture": "#normal7-12", "uv": [ 10.5, 8.5, 16.0, 14.0 ], "windMode": [1,4,4,1] }
							}
						},
						{
							"name": "Leaf23",
							"from": [ -2.5, 18.0, -5.5 ],
							"to": [ 3.0, 18.0, 0.0 ],
							"rotationOrigin": [ 0.5, 18.0, 0.5 ],
							"rotationX": -64.0,
							"rotationY": 39.0,
							"rotationZ": 58.0,
							"faces": {
								"up": { "texture": "#normal7-12", "uv": [ 10.5, 8.5, 16.0, 14.0 ], "windMode": [1,4,4,1], "windData": [0,1,1,0] }
							}
						},
						{
							"name": "Leaf24",
							"from": [ -2.5, 10.0, -5.5 ],
							"to": [ 3.0, 10.0, 0.0 ],
							"rotationOrigin": [ 0.5, 10.0, 0.5 ],
							"rotationX": 69.0,
							"rotationY": -125.0,
							"faces": {
								"up": { "texture": "#normal7-12", "uv": [ 10.5, 8.5, 16.0, 14.0 ], "windMode": [1,4,4,1] }
							}
						},
						{
							"name": "Leaf25",
							"from": [ -2.5, 20.0, -5.5 ],
							"to": [ 3.0, 20.0, 0.0 ],
							"rotationOrigin": [ 0.5, 20.0, 0.5 ],
							"rotationX": 42.0,
							"rotationY": 161.0,
							"faces": {
								"up": { "texture": "#normal7-12", "uv": [ 10.5, 8.5, 16.0, 14.0 ], "windMode": [1,4,4,1], "windData": [0,1,1,1] }
							}
						},
						{
							"name": "Leaf26",
							"from": [ -2.5, 16.0, -5.5 ],
							"to": [ 3.0, 16.0, 0.0 ],
							"rotationOrigin": [ 0.5, 16.0, 0.5 ],
							"rotationX": 50.0,
							"rotationY": -135.0,
							"rotationZ": 28.0,
							"faces": {
								"up": { "texture": "#normal7-12", "uv": [ 10.5, 8.5, 16.0, 14.0 ], "windMode": [1,4,4,1] }
							}
						},
						{
							"name": "Leaf27",
							"from": [ -3.5, 24.0, -5.5 ],
							"to": [ 2.0, 24.0, 0.0 ],
							"rotationOrigin": [ -0.5, 24.0, 0.5 ],
							"rotationX": -72.0,
							"rotationY": -44.0,
							"rotationZ": -91.0,
							"faces": {
								"up": { "texture": "#normal7-12", "uv": [ 10.5, 8.5, 16.0, 14.0 ], "windMode": [1,4,4,1], "windData": [1,1,1,1] }
							}
						}
					]
				},
				{
					"name": "stemdown28",
					"from": [ 4.5, -0.3, 4.5 ],
					"to": [ 5.5, 15.7, 5.5 ],
					"rotationOrigin": [ 5.0, -0.3, 5.0 ],
					"rotationX": -3.0,
					"rotationY": -39.0,
					"rotationZ": -2.0,
					"faces": {
						"north": { "texture": "#normal7-12", "uv": [ 0.0, 0.0, 1.0, 16.0 ], "windMode": [0,4,4,0] },
						"east": { "texture": "#normal7-12", "uv": [ 0.0, 0.0, 1.0, 16.0 ], "windMode": [0,4,4,0] },
						"south": { "texture": "#normal7-12", "uv": [ 0.0, 0.0, 1.0, 16.0 ], "windMode": [0,0,4,4] },
						"west": { "texture": "#normal7-12", "uv": [ 0.0, 0.0, 1.0, 16.0 ], "windMode": [0,0,4,4] },
						"down": { "texture": "#normal7-12", "uv": [ 0.5, 14.5, 1.5, 15.5 ] }
					},
					"children": [
						{
							"name": "stemup29",
							"from": [ 0.0, 15.9, 0.0 ],
							"to": [ 1.0, 29.9, 1.0 ],
							"rotationOrigin": [ 0.5, 15.9, 0.5 ],
							"rotationZ": -5.0,
							"faces": {
								"north": { "texture": "#normal7-12", "uv": [ 0.0, 0.0, 1.0, 14.0 ], "rotation": 180, "windMode": [4,4,4,4], "windData": [0,1,1,0] },
								"east": { "texture": "#normal7-12", "uv": [ 1.0, 0.0, 2.0, 14.0 ], "rotation": 180, "windMode": [4,4,4,4], "windData": [0,1,1,0] },
								"south": { "texture": "#normal7-12", "uv": [ 1.0, 0.0, 2.0, 14.0 ], "rotation": 180, "windMode": [4,4,4,4], "windData": [0,0,1,1] },
								"west": { "texture": "#normal7-12", "uv": [ 1.0, 0.0, 2.0, 14.0 ], "rotation": 180, "windMode": [4,4,4,4], "windData": [0,0,1,1] }
							},
							"children": [
								{
									"name": "head30",
									"from": [ -0.75, 13.6, -0.75 ],
									"to": [ 1.75, 14.6, 1.75 ],
									"rotationOrigin": [ 0.5, 13.6, 0.5 ],
									"rotationX": 11.0,
									"rotationY": -28.0,
									"rotationZ": -42.0,
									"faces": {
										"north": { "texture": "#normal7-12", "uv": [ 9.0, 0.0, 10.0, 2.5 ], "rotation": 270, "windMode": [4,4,4,4], "windData": [1,1,1,1] },
										"east": { "texture": "#normal7-12", "uv": [ 9.0, 0.0, 10.0, 2.5 ], "rotation": 270, "windMode": [4,4,4,4], "windData": [1,1,1,1] },
										"south": { "texture": "#normal7-12", "uv": [ 9.0, 0.0, 10.0, 2.5 ], "rotation": 270, "windMode": [4,4,4,4], "windData": [1,1,1,1] },
										"west": { "texture": "#normal7-12", "uv": [ 9.0, 0.0, 10.0, 2.5 ], "rotation": 270, "windMode": [4,4,4,4], "windData": [1,1,1,1] },
										"up": { "texture": "#normal7-12", "uv": [ 10.5, 0.5, 13.0, 3.0 ], "windMode": [4,4,4,4], "windData": [1,1,1,1] },
										"down": { "texture": "#normal7-12", "uv": [ 10.5, 4.5, 13.0, 7.0 ], "windMode": [4,4,4,4], "windData": [1,1,1,1] }
									},
									"children": [
										{
											"name": "flowerN31",
											"from": [ -0.5, 1.0, -1.5 ],
											"to": [ 2.5, 1.0, 0.0 ],
											"rotationOrigin": [ 2.0, 1.0, 0.0 ],
											"rotationX": 9.0,
											"faces": {
												"up": { "texture": "#normal7-12", "uv": [ 8.0, 4.0, 9.5, 7.0 ], "rotation": 270, "windMode": [4,4,4,4], "windData": [2,1,1,1] }
											}
										},
										{
											"name": "flowerS32",
											"from": [ -0.5, 1.0, 2.5 ],
											"to": [ 2.5, 1.0, 4.0 ],
											"rotationOrigin": [ 2.0, 1.0, 2.5 ],
											"rotationX": -9.0,
											"faces": {
												"up": { "texture": "#normal7-12", "uv": [ 8.0, 4.0, 9.5, 7.0 ], "rotation": 90, "windMode": [4,4,4,4], "windData": [1,1,1,1] }
											}
										},
										{
											"name": "flowerW33",
											"from": [ -1.5, 1.0, -0.5 ],
											"to": [ 0.0, 1.0, 2.5 ],
											"rotationOrigin": [ 0.0, 1.0, 2.0 ],
											"rotationZ": -9.0,
											"faces": {
												"up": { "texture": "#normal7-12", "uv": [ 8.0, 4.0, 9.5, 7.0 ], "rotation": 180, "windMode": [4,4,4,4], "windData": [2,2,1,1] }
											}
										},
										{
											"name": "flowerE34",
											"from": [ 2.5, 1.0, 0.0 ],
											"to": [ 4.0, 1.0, 3.0 ],
											"rotationOrigin": [ 2.5, 1.0, 2.0 ],
											"rotationZ": 9.0,
											"faces": {
												"up": { "texture": "#normal7-12", "uv": [ 8.0, 4.0, 9.5, 7.0 ], "windMode": [4,4,4,4], "windData": [1,1,1,1] }
											}
										}
									]
								}
							]
						},
						{
							"name": "Leaf35",
							"from": [ -2.5, 14.0, -5.5 ],
							"to": [ 3.0, 14.0, 0.0 ],
							"rotationOrigin": [ 0.5, 14.0, 0.5 ],
							"rotationX": -53.0,
							"rotationZ": -8.0,
							"faces": {
								"up": { "texture": "#normal7-12", "uv": [ 10.5, 8.5, 16.0, 14.0 ], "windMode": [1,4,4,1] }
							}
						},
						{
							"name": "Leaf36",
							"from": [ -2.5, 19.0, -5.5 ],
							"to": [ 3.0, 19.0, 0.0 ],
							"rotationOrigin": [ 0.5, 19.0, 0.5 ],
							"rotationX": -36.0,
							"rotationY": 3.0,
							"rotationZ": 22.5,
							"faces": {
								"up": { "texture": "#normal7-12", "uv": [ 10.5, 8.5, 16.0, 14.0 ], "windMode": [1,4,4,1], "windData": [0,1,1,0] }
							}
						},
						{
							"name": "Leaf37",
							"from": [ -2.5, 11.0, -5.5 ],
							"to": [ 3.0, 11.0, 0.0 ],
							"rotationOrigin": [ 0.5, 11.0, 0.5 ],
							"rotationX": 47.0,
							"rotationY": -163.0,
							"faces": {
								"up": { "texture": "#normal7-12", "uv": [ 10.5, 8.5, 16.0, 14.0 ], "windMode": [1,4,4,1] }
							}
						},
						{
							"name": "Leaf38",
							"from": [ -2.5, 22.0, -5.5 ],
							"to": [ 3.0, 22.0, 0.0 ],
							"rotationOrigin": [ 0.5, 22.0, 0.5 ],
							"rotationX": 36.0,
							"rotationY": 166.0,
							"rotationZ": -22.0,
							"faces": {
								"up": { "texture": "#normal7-12", "uv": [ 10.5, 8.5, 16.0, 14.0 ], "windMode": [1,4,4,1], "windData": [1,1,1,1] }
							}
						},
						{
							"name": "Leaf39",
							"from": [ -2.5, 19.0, -5.5 ],
							"to": [ 3.0, 19.0, 0.0 ],
							"rotationOrigin": [ 0.5, 19.0, 0.5 ],
							"rotationX": 50.0,
							"rotationY": -144.0,
							"rotationZ": 36.0,
							"faces": {
								"up": { "texture": "#normal7-12", "uv": [ 10.5, 8.5, 16.0, 14.0 ], "windMode": [1,4,4,1], "windData": [0,1,1,0] }
							}
						},
						{
							"name": "Leaf40",
							"from": [ -2.5, 25.0, -5.5 ],
							"to": [ 3.0, 25.0, 0.0 ],
							"rotationOrigin": [ 0.5, 25.0, 0.5 ],
							"rotationX": -61.0,
							"rotationY": -42.0,
							"rotationZ": -44.0,
							"faces": {
								"up": { "texture": "#normal7-12", "uv": [ 10.5, 8.5, 16.0, 14.0 ], "windMode": [1,4,4,1], "windData": [1,1,1,1] }
							}
						}
					]
				},
				{
					"name": "stemdown41",
					"from": [ -4.5, -0.3, 4.5 ],
					"to": [ -3.5, 15.7, 5.5 ],
					"rotationOrigin": [ -4.0, -0.3, 5.0 ],
					"rotationX": -2.0,
					"rotationY": -30.0,
					"rotationZ": 1.0,
					"faces": {
						"north": { "texture": "#normal7-12", "uv": [ 0.0, 0.0, 1.0, 16.0 ], "windMode": [0,4,4,0] },
						"east": { "texture": "#normal7-12", "uv": [ 0.0, 0.0, 1.0, 16.0 ], "windMode": [0,4,4,0] },
						"south": { "texture": "#normal7-12", "uv": [ 0.0, 0.0, 1.0, 16.0 ], "windMode": [0,0,4,4] },
						"west": { "texture": "#normal7-12", "uv": [ 0.0, 0.0, 1.0, 16.0 ], "windMode": [0,0,4,4] },
						"down": { "texture": "#normal7-12", "uv": [ 0.5, 14.5, 1.5, 15.5 ] }
					},
					"children": [
						{
							"name": "stemup42",
							"from": [ 0.0, 15.9, 0.0 ],
							"to": [ 1.0, 26.9, 1.0 ],
							"rotationOrigin": [ 0.5, 15.9, 0.5 ],
							"rotationZ": 10.0,
							"faces": {
								"north": { "texture": "#normal7-12", "uv": [ 0.0, 0.0, 1.0, 11.0 ], "rotation": 180, "windMode": [4,4,4,4], "windData": [0,1,1,0] },
								"east": { "texture": "#normal7-12", "uv": [ 1.0, 0.0, 2.0, 11.0 ], "rotation": 180, "windMode": [4,4,4,4], "windData": [0,1,1,0] },
								"south": { "texture": "#normal7-12", "uv": [ 1.0, 0.0, 2.0, 11.0 ], "rotation": 180, "windMode": [4,4,4,4], "windData": [0,0,1,1] },
								"west": { "texture": "#normal7-12", "uv": [ 1.0, 0.0, 2.0, 11.0 ], "rotation": 180, "windMode": [4,4,4,4], "windData": [0,0,1,1] }
							},
							"children": [
								{
									"name": "head43",
									"from": [ -0.75, 10.6, -0.75 ],
									"to": [ 1.75, 11.6, 1.75 ],
									"rotationOrigin": [ 0.5, 10.6, 0.5 ],
									"rotationX": 17.0,
									"rotationY": -25.0,
									"rotationZ": 19.0,
									"faces": {
										"north": { "texture": "#normal7-12", "uv": [ 9.0, 0.0, 10.0, 2.5 ], "rotation": 270, "windMode": [4,4,4,4], "windData": [1,1,1,1] },
										"east": { "texture": "#normal7-12", "uv": [ 9.0, 0.0, 10.0, 2.5 ], "rotation": 270, "windMode": [4,4,4,4], "windData": [1,1,1,1] },
										"south": { "texture": "#normal7-12", "uv": [ 9.0, 0.0, 10.0, 2.5 ], "rotation": 270, "windMode": [4,4,4,4], "windData": [1,1,1,1] },
										"west": { "texture": "#normal7-12", "uv": [ 9.0, 0.0, 10.0, 2.5 ], "rotation": 270, "windMode": [4,4,4,4], "windData": [1,1,1,1] },
										"up": { "texture": "#normal7-12", "uv": [ 10.5, 0.5, 13.0, 3.0 ], "windMode": [4,4,4,4], "windData": [1,1,1,1] },
										"down": { "texture": "#normal7-12", "uv": [ 10.5, 4.5, 13.0, 7.0 ], "windMode": [4,4,4,4], "windData": [1,1,1,1] }
									},
									"children": [
										{
											"name": "flowerN44",
											"from": [ 0.0, 1.0, -1.5 ],
											"to": [ 3.0, 1.0, 0.0 ],
											"rotationOrigin": [ 2.0, 1.0, 0.0 ],
											"rotationX": 9.0,
											"faces": {
												"up": { "texture": "#normal7-12", "uv": [ 8.0, 4.0, 9.5, 7.0 ], "rotation": 270, "windMode": [4,4,4,4], "windData": [1,1,1,1] }
											}
										},
										{
											"name": "flowerS45",
											"from": [ -0.5, 1.0, 2.5 ],
											"to": [ 2.5, 1.0, 4.0 ],
											"rotationOrigin": [ 2.0, 1.0, 2.5 ],
											"rotationX": -9.0,
											"faces": {
												"up": { "texture": "#normal7-12", "uv": [ 8.0, 4.0, 9.5, 7.0 ], "rotation": 90, "windMode": [4,4,4,4], "windData": [1,1,1,1] }
											}
										},
										{
											"name": "flowerW46",
											"from": [ -1.5, 1.0, -0.2 ],
											"to": [ 0.0, 1.0, 2.8 ],
											"rotationOrigin": [ 0.0, 1.0, 2.0 ],
											"rotationZ": -9.0,
											"faces": {
												"up": { "texture": "#normal7-12", "uv": [ 8.0, 4.0, 9.5, 7.0 ], "rotation": 180, "windMode": [4,4,4,4], "windData": [1,1,1,1] }
											}
										},
										{
											"name": "flowerE47",
											"from": [ 2.5, 1.0, 0.0 ],
											"to": [ 4.0, 1.0, 3.0 ],
											"rotationOrigin": [ 2.5, 1.0, 2.5 ],
											"rotationZ": 9.0,
											"faces": {
												"up": { "texture": "#normal7-12", "uv": [ 8.0, 4.0, 9.5, 7.0 ], "windMode": [4,4,4,4], "windData": [1,1,1,1] }
											}
										}
									]
								}
							]
						},
						{
							"name": "Leaf48",
							"from": [ -2.5, 12.0, -5.5 ],
							"to": [ 3.0, 12.0, 0.0 ],
							"rotationOrigin": [ 0.5, 12.0, 0.5 ],
							"rotationX": -55.0,
							"rotationY": -36.0,
							"rotationZ": -14.0,
							"faces": {
								"up": { "texture": "#normal7-12", "uv": [ 10.5, 8.5, 16.0, 14.0 ], "windMode": [1,4,4,1] }
							}
						},
						{
							"name": "Leaf49",
							"from": [ -2.5, 16.0, -5.5 ],
							"to": [ 3.0, 16.0, 0.0 ],
							"rotationOrigin": [ 0.5, 16.0, 0.5 ],
							"rotationX": -50.0,
							"rotationZ": 28.0,
							"faces": {
								"up": { "texture": "#normal7-12", "uv": [ 10.5, 8.5, 16.0, 14.0 ], "windMode": [1,4,4,1], "windData": [0,0,1,0] }
							}
						},
						{
							"name": "Leaf50",
							"from": [ -2.5, 10.0, -5.5 ],
							"to": [ 3.0, 10.0, 0.0 ],
							"rotationOrigin": [ 0.5, 10.0, 0.5 ],
							"rotationX": 61.0,
							"rotationY": -180.0,
							"faces": {
								"up": { "texture": "#normal7-12", "uv": [ 10.5, 8.5, 16.0, 14.0 ], "windMode": [1,4,4,1] }
							}
						},
						{
							"name": "Leaf51",
							"from": [ -3.2, 22.0, -5.3 ],
							"to": [ 2.3, 22.0, 0.2 ],
							"rotationOrigin": [ -0.2, 22.0, 0.7 ],
							"rotationX": 72.0,
							"rotationY": 135.0,
							"rotationZ": -28.0,
							"faces": {
								"up": { "texture": "#normal7-12", "uv": [ 10.5, 8.5, 16.0, 14.0 ], "windMode": [1,4,4,1], "windData": [1,1,1,1] }
							}
						},
						{
							"name": "Leaf52",
							"from": [ -2.5, 17.0, -5.5 ],
							"to": [ 3.0, 17.0, 0.0 ],
							"rotationOrigin": [ 0.5, 17.0, 0.5 ],
							"rotationX": 36.0,
							"rotationY": -180.0,
							"rotationZ": -11.0,
							"faces": {
								"up": { "texture": "#normal7-12", "uv": [ 10.5, 8.5, 16.0, 14.0 ], "windMode": [1,4,4,1], "windData": [0,1,0,0] }
							}
						},
						{
							"name": "Leaf53",
							"from": [ -3.9, 23.5, -5.7 ],
							"to": [ 1.6, 23.5, -0.2 ],
							"rotationOrigin": [ -0.9, 23.5, 0.3 ],
							"rotationX": -80.0,
							"rotationY": -50.0,
							"rotationZ": -47.0,
							"faces": {
								"up": { "texture": "#normal7-12", "uv": [ 10.5, 8.5, 16.0, 14.0 ], "windMode": [1,4,4,1], "windData": [1,1,1,1] }
							}
						}
					]
				}
			]
		}
	]}