{
	"editor": {
		"allAngles": false,
		"entityTextureMode": true
	},
	"textureWidth": 16,
	"textureHeight": 16,
	"textureSizes": {
	},
	"textures": {
		"rusty-iron": "game:block/metal/tarnished/rusty-iron"
	},
	"elements": [
		{
			"name": "origin",
			"from": [ 7.1, 4.2, 9.0 ],
			"to": [ 7.1, 4.2, 9.0 ],
			"uv": [ 0.0, 0.0 ],
			"rotationOrigin": [ 7.1, 4.2, 9.0 ],
			"rotationX": 90.0,
			"rotationZ": -90.0,
			"faces": {
			},
			"children": [
				{
					"name": "Pages",
					"from": [ -2.0, 0.4, -4.0 ],
					"to": [ 3.0, 1.4, 4.0 ],
					"autoUnwrap": false,
					"uv": [ 0.0, 0.0 ],
					"rotationOrigin": [ 0.0, 0.4, 0.0 ],
					"faces": {
						"north": { "texture": "#cover", "uv": [ 0.0, 0.0, 5.0, 1.0 ] },
						"east": { "texture": "#cover", "uv": [ 5.0, 0.0, 13.0, 1.0 ] },
						"south": { "texture": "#cover", "uv": [ 0.0, 1.0, 5.0, 2.0 ] }
					},
					"children": [
						{
							"name": "CoverTop",
							"from": [ 0.0, 1.0, -0.2 ],
							"to": [ 5.2, 1.4, 8.2 ],
							"autoUnwrap": false,
							"uv": [ 0.0, 7.5 ],
							"rotationOrigin": [ 2.7, 1.0, 4.0 ],
							"faces": {
								"north": { "texture": "#cover", "uv": [ 0.0, 15.5, 5.0, 16.0 ] },
								"east": { "texture": "#cover", "uv": [ 5.0, 15.5, 13.0, 16.0 ] },
								"south": { "texture": "#cover", "uv": [ 15.0, 3.0, 15.5, 8.0 ], "rotation": 90 },
								"up": { "texture": "#cover", "uv": [ 0.0, 7.5, 5.0, 15.5 ] },
								"down": { "texture": "#cover", "uv": [ 5.0, 7.5, 10.0, 15.5 ] }
							}
						},
						{
							"name": "CoverBottom",
							"from": [ 0.0, -0.4, -0.2 ],
							"to": [ 5.2, 0.0, 8.2 ],
							"autoUnwrap": false,
							"uv": [ 0.0, 7.5 ],
							"rotationOrigin": [ 2.7, -0.4, 4.0 ],
							"faces": {
								"north": { "texture": "#cover", "uv": [ 0.0, 15.5, 5.0, 16.0 ] },
								"east": { "texture": "#cover", "uv": [ 5.0, 15.5, 13.0, 16.0 ] },
								"south": { "texture": "#cover", "uv": [ 15.5, 3.0, 16.0, 8.0 ], "rotation": 90 },
								"up": { "texture": "#cover", "uv": [ 5.0, 7.5, 10.0, 15.5 ] },
								"down": { "texture": "#cover", "uv": [ 10.0, 7.5, 15.0, 15.5 ] }
							}
						},
						{
							"name": "Back",
							"from": [ -0.3, -0.4, -0.2 ],
							"to": [ 0.0, 1.4, 8.2 ],
							"autoUnwrap": false,
							"uv": [ 1.5, -2.5 ],
							"rotationOrigin": [ -0.3, 0.5, 4.0 ],
							"faces": {
								"north": { "texture": "#cover", "uv": [ 8.0, 5.0, 8.5, 6.5 ] },
								"east": { "texture": "#cover", "uv": [ 0.0, 4.0, 8.0, 5.5 ] },
								"south": { "texture": "#cover", "uv": [ 8.5, 5.0, 9.0, 6.5 ] },
								"west": { "texture": "#cover", "uv": [ 0.0, 2.5, 8.0, 4.0 ] },
								"up": { "texture": "#cover", "uv": [ 15.5, 8.0, 16.0, 16.0 ] },
								"down": { "texture": "#cover", "uv": [ 15.0, 8.0, 15.5, 16.0 ] }
							}
						},
						{
							"name": "Backend",
							"from": [ -0.6, -0.2, -0.2 ],
							"to": [ -0.3, 1.2, 8.2 ],
							"autoUnwrap": false,
							"uv": [ 0.0, 6.0 ],
							"rotationOrigin": [ -0.6, 0.5, 4.0 ],
							"faces": {
								"north": { "texture": "#cover", "uv": [ 0.0, 6.5, 0.5, 7.5 ] },
								"south": { "texture": "#cover", "uv": [ 0.5, 6.5, 1.0, 7.5 ] },
								"west": { "texture": "#cover", "uv": [ 1.0, 6.5, 9.0, 7.5 ] },
								"up": { "texture": "#cover", "uv": [ 0.0, 6.0, 8.0, 6.5 ], "rotation": 90 },
								"down": { "texture": "#cover", "uv": [ 0.0, 5.5, 8.0, 6.0 ], "rotation": 90 }
							}
						}
					]
				},
				{
					"name": "W long",
					"from": [ -1.3061, 1.1, -3.2609 ],
					"to": [ -0.3061, 2.3, 1.1391 ],
					"uv": [ 0.0, 0.0 ],
					"rotationOrigin": [ 0.1939, 1.6, -0.2609 ],
					"rotationY": -22.5,
					"faces": {
						"north": { "texture": "#rusty-iron", "uv": [ 0.0, 4.0, 1.0, 5.0 ] },
						"east": { "texture": "#rusty-iron", "uv": [ 1.0, 4.0, 5.0, 5.0 ] },
						"south": { "texture": "#rusty-iron", "uv": [ 5.0, 4.0, 6.0, 5.0 ] },
						"west": { "texture": "#rusty-iron", "uv": [ 6.0, 4.0, 10.0, 5.0 ] },
						"up": { "texture": "#rusty-iron", "uv": [ 0.0, 0.0, 1.0, 4.0 ] },
						"down": { "texture": "#rusty-iron", "uv": [ 1.0, 0.0, 2.0, 4.0 ] }
					},
					"children": [
						{
							"name": "E long",
							"from": [ 2.0, 0.0, 0.0 ],
							"to": [ 3.0, 1.2, 4.4 ],
							"uv": [ 0.0, 0.0 ],
							"faces": {
								"north": { "texture": "#rusty-iron", "uv": [ 0.0, 4.0, 1.0, 5.0 ] },
								"east": { "texture": "#rusty-iron", "uv": [ 1.0, 4.0, 5.0, 5.0 ] },
								"south": { "texture": "#rusty-iron", "uv": [ 5.0, 4.0, 6.0, 5.0 ] },
								"west": { "texture": "#rusty-iron", "uv": [ 6.0, 4.0, 10.0, 5.0 ] },
								"up": { "texture": "#rusty-iron", "uv": [ 0.0, 0.0, 1.0, 4.0 ] },
								"down": { "texture": "#rusty-iron", "uv": [ 1.0, 0.0, 2.0, 4.0 ] }
							}
						},
						{
							"name": "S long",
							"from": [ -0.7, -0.1, 2.7 ],
							"to": [ 3.7, 1.3, 3.7 ],
							"uv": [ 0.0, 0.0 ],
							"rotationOrigin": [ 0.8, 0.0, -0.8 ],
							"faces": {
								"north": { "texture": "#rusty-iron", "uv": [ 0.0, 1.0, 4.0, 2.0 ] },
								"east": { "texture": "#rusty-iron", "uv": [ 4.0, 1.0, 5.0, 2.0 ] },
								"south": { "texture": "#rusty-iron", "uv": [ 5.0, 1.0, 9.0, 2.0 ] },
								"west": { "texture": "#rusty-iron", "uv": [ 9.0, 1.0, 10.0, 2.0 ] },
								"up": { "texture": "#rusty-iron", "uv": [ 0.0, 0.0, 4.0, 1.0 ] },
								"down": { "texture": "#rusty-iron", "uv": [ 4.0, 0.0, 8.0, 1.0 ] }
							}
						},
						{
							"name": "N long",
							"from": [ -0.7, 0.4, 0.7 ],
							"to": [ 3.7, 1.4, 1.7 ],
							"uv": [ 0.0, 0.0 ],
							"rotationOrigin": [ 0.8, 0.5, -0.8 ],
							"faces": {
								"north": { "texture": "#rusty-iron", "uv": [ 0.0, 1.0, 4.0, 2.0 ] },
								"east": { "texture": "#rusty-iron", "uv": [ 4.0, 1.0, 5.0, 2.0 ] },
								"south": { "texture": "#rusty-iron", "uv": [ 5.0, 1.0, 9.0, 2.0 ] },
								"west": { "texture": "#rusty-iron", "uv": [ 9.0, 1.0, 10.0, 2.0 ] },
								"up": { "texture": "#rusty-iron", "uv": [ 0.0, 0.0, 4.0, 1.0 ] },
								"down": { "texture": "#rusty-iron", "uv": [ 4.0, 0.0, 8.0, 1.0 ] }
							}
						},
						{
							"name": "E short",
							"from": [ 3.0, 0.6, 0.2 ],
							"to": [ 3.5, 1.1, 4.2 ],
							"uv": [ 0.0, 0.0 ],
							"rotationOrigin": [ 0.0, 0.5, -0.3 ],
							"faces": {
								"north": { "texture": "#rusty-iron", "uv": [ 0.0, 4.0, 0.5, 4.5 ] },
								"east": { "texture": "#rusty-iron", "uv": [ 0.5, 4.0, 4.5, 4.5 ] },
								"south": { "texture": "#rusty-iron", "uv": [ 4.5, 4.0, 5.0, 4.5 ] },
								"up": { "texture": "#rusty-iron", "uv": [ 0.0, 0.0, 0.5, 4.0 ] },
								"down": { "texture": "#rusty-iron", "uv": [ 0.5, 0.0, 1.0, 4.0 ] }
							}
						},
						{
							"name": "S short",
							"from": [ 1.0, 0.1, 3.7 ],
							"to": [ 2.0, 1.1, 4.2 ],
							"uv": [ 4.0, 3.0 ],
							"rotationOrigin": [ 0.0, 0.0, -0.8 ],
							"faces": {
								"south": { "texture": "#rusty-iron", "uv": [ 4.0, 3.5, 5.0, 4.5 ] },
								"up": { "texture": "#rusty-iron", "uv": [ 4.0, 3.0, 5.0, 3.5 ] },
								"down": { "texture": "#rusty-iron", "uv": [ 5.0, 3.0, 6.0, 3.5 ] }
							}
						},
						{
							"name": "N short",
							"from": [ 1.0, 0.1, 0.2 ],
							"to": [ 2.0, 1.1, 0.7 ],
							"uv": [ 0.0, 0.0 ],
							"rotationOrigin": [ 0.0, 0.0, -0.3 ],
							"faces": {
								"north": { "texture": "#rusty-iron", "uv": [ 0.0, 0.5, 1.0, 1.5 ] },
								"up": { "texture": "#rusty-iron", "uv": [ 0.0, 0.0, 1.0, 0.5 ] },
								"down": { "texture": "#rusty-iron", "uv": [ 1.0, 0.0, 2.0, 0.5 ] }
							}
						},
						{
							"name": "W short",
							"from": [ -0.5, 0.1, 0.2 ],
							"to": [ 0.0, 1.1, 4.2 ],
							"uv": [ 0.0, 0.0 ],
							"rotationOrigin": [ 0.5, 0.0, -0.3 ],
							"faces": {
								"north": { "texture": "#rusty-iron", "uv": [ 0.0, 4.0, 0.5, 5.0 ] },
								"south": { "texture": "#rusty-iron", "uv": [ 0.5, 4.0, 1.0, 5.0 ] },
								"west": { "texture": "#rusty-iron", "uv": [ 1.0, 4.0, 5.0, 5.0 ] },
								"up": { "texture": "#rusty-iron", "uv": [ 0.0, 0.0, 0.5, 4.0 ] },
								"down": { "texture": "#rusty-iron", "uv": [ 0.5, 0.0, 1.0, 4.0 ] }
							}
						},
						{
							"name": "metal 1",
							"from": [ 1.0, 0.3, 0.9 ],
							"to": [ 1.2, 2.0, 1.1 ],
							"uv": [ 1.0, 0.0 ],
							"rotationOrigin": [ 0.0, 0.0, -0.8 ],
							"faces": {
								"north": { "texture": "#rusty-iron", "uv": [ 1.0, 0.5, 1.5, 2.0 ] },
								"east": { "texture": "#rusty-iron", "uv": [ 1.5, 0.5, 2.0, 2.0 ] },
								"south": { "texture": "#rusty-iron", "uv": [ 2.0, 0.5, 2.5, 2.0 ] },
								"west": { "texture": "#rusty-iron", "uv": [ 2.5, 0.5, 3.0, 2.0 ] },
								"up": { "texture": "#rusty-iron", "uv": [ 1.0, 0.0, 1.5, 0.5 ] },
								"down": { "texture": "#rusty-iron", "uv": [ 1.5, 0.0, 2.0, 0.5 ] }
							}
						},
						{
							"name": "metal 2",
							"from": [ 2.6, -0.1, 1.4 ],
							"to": [ 2.8, 1.6, 1.6 ],
							"uv": [ 0.0, 0.0 ],
							"rotationOrigin": [ 0.0, 0.1, -0.8 ],
							"faces": {
								"north": { "texture": "#rusty-iron", "uv": [ 0.0, 0.5, 0.5, 2.0 ] },
								"east": { "texture": "#rusty-iron", "uv": [ 0.5, 0.5, 1.0, 2.0 ] },
								"south": { "texture": "#rusty-iron", "uv": [ 1.0, 0.5, 1.5, 2.0 ] },
								"west": { "texture": "#rusty-iron", "uv": [ 1.5, 0.5, 2.0, 2.0 ] },
								"up": { "texture": "#rusty-iron", "uv": [ 0.0, 0.0, 0.5, 0.5 ] },
								"down": { "texture": "#rusty-iron", "uv": [ 0.5, 0.0, 1.0, 0.5 ] }
							}
						},
						{
							"name": "metal 3",
							"from": [ 1.6, -0.3, 2.8 ],
							"to": [ 1.8, 1.4, 3.0 ],
							"uv": [ 1.0, 0.0 ],
							"rotationOrigin": [ 0.0, 0.3, -0.8 ],
							"faces": {
								"north": { "texture": "#rusty-iron", "uv": [ 1.0, 0.5, 1.5, 2.0 ] },
								"east": { "texture": "#rusty-iron", "uv": [ 1.5, 0.5, 2.0, 2.0 ] },
								"south": { "texture": "#rusty-iron", "uv": [ 2.0, 0.5, 2.5, 2.0 ] },
								"west": { "texture": "#rusty-iron", "uv": [ 2.5, 0.5, 3.0, 2.0 ] },
								"up": { "texture": "#rusty-iron", "uv": [ 1.0, 0.0, 1.5, 0.5 ] },
								"down": { "texture": "#rusty-iron", "uv": [ 1.5, 0.0, 2.0, 0.5 ] }
							}
						},
						{
							"name": "metal 4",
							"from": [ 0.6, -0.1, 2.4 ],
							"to": [ 0.8, 1.6, 2.6 ],
							"uv": [ 0.0, 0.0 ],
							"rotationOrigin": [ 0.0, 0.2, -0.8 ],
							"faces": {
								"north": { "texture": "#rusty-iron", "uv": [ 0.0, 0.5, 0.5, 2.0 ] },
								"east": { "texture": "#rusty-iron", "uv": [ 0.5, 0.5, 1.0, 2.0 ] },
								"south": { "texture": "#rusty-iron", "uv": [ 1.0, 0.5, 1.5, 2.0 ] },
								"west": { "texture": "#rusty-iron", "uv": [ 1.5, 0.5, 2.0, 2.0 ] },
								"up": { "texture": "#rusty-iron", "uv": [ 0.0, 0.0, 0.5, 0.5 ] },
								"down": { "texture": "#rusty-iron", "uv": [ 0.5, 0.0, 1.0, 0.5 ] }
							}
						}
					]
				}
			]
		}
	]}