{
	"textureWidth": 16,
	"textureHeight": 16,
	"textures": {
		"0": "game:block/plant/pumpkin/fruit/stage1-3"
	},
	"elements": [
		{
			"name": "Cube1",
			"from": [ 5.0, 0.0, 5.0 ],
			"to": [ 11.0, 6.0, 11.0 ],
			"rotationOrigin": [ 5.0, 0.0, 5.0 ],
			"faces": {
				"north": { "texture": "#0", "uv": [ 0.0, 4.0, 6.0, 10.0 ] },
				"east": { "texture": "#0", "uv": [ 0.0, 4.0, 6.0, 10.0 ], "rotation": 180 },
				"south": { "texture": "#0", "uv": [ 0.0, 4.0, 6.0, 10.0 ] },
				"west": { "texture": "#0", "uv": [ 0.0, 4.0, 6.0, 10.0 ], "rotation": 180 },
				"up": { "texture": "#0", "uv": [ 6.0, 10.0, 12.0, 16.0 ] },
				"down": { "texture": "#0", "uv": [ 0.0, 10.0, 6.0, 16.0 ] }
			}
		}
	]}
