{
	"textureWidth": 16,
	"textureHeight": 16,
	"textures": {
		"0": "game:block/plant/pumpkin/fruit/stage3-side",
		"1": "game:block/plant/pumpkin/fruit/stage3-top",
		"2": "game:block/plant/pumpkin/fruit/stage1-3"
	},
	"elements": [
		{
			"name": "Cube1",
			"from": [ 3.5, 0.0, 3.5 ],
			"to": [ 12.5, 9.0, 12.5 ],
			"rotationOrigin": [ 8.0, 0.0, 8.0 ],
			"faces": {
				"north": { "texture": "#0", "uv": [ 0.0, 7.0, 9.0, 16.0 ] },
				"east": { "texture": "#0", "uv": [ 0.0, 7.0, 9.0, 16.0 ], "rotation": 180 },
				"south": { "texture": "#0", "uv": [ 0.0, 7.0, 9.0, 16.0 ] },
				"west": { "texture": "#0", "uv": [ 0.0, 7.0, 9.0, 16.0 ], "rotation": 180 },
				"up": { "texture": "#1", "uv": [ 0.0, 7.0, 9.0, 16.0 ] },
				"down": { "texture": "#2", "uv": [ 6.0, 1.0, 15.0, 10.0 ] }
			}
		}
	]}
