{
	"editor": {
		"allAngles": true,
		"entityTextureMode": true
	},
	"textureWidth": 16,
	"textureHeight": 16,
	"textureSizes": {
		"command01-corner": [16,16],
		"silver": [64,64],
		"glass4": [16,16]
	},
	"textures": {
	},
	"elements": [
		{
			"name": "ArmorNeck",
			"stepParentName": "Neck",
			"from": [ -0.3, 0.6, -0.3 ],
			"to": [ 3.3, 2.4, 3.3 ],
			"unwrapMode": 4,
			"autoUnwrap": false,
			"uv": [ 0.5, 11.5 ],
			"rotationOrigin": [ -0.3, 2.6, -0.3 ],
			"faces": {
				"north": { "texture": "#iron", "uv": [ 2.5, 14.0, 6.0, 15.5 ] },
				"east": { "texture": "#iron", "uv": [ 11.0, 10.0, 14.5, 11.5 ] },
				"south": { "texture": "#iron", "uv": [ 12.0, 4.5, 15.5, 6.0 ] },
				"west": { "texture": "#iron", "uv": [ 11.0, 3.5, 14.5, 5.0 ] }
			}
		},
		{
			"name": "ArmorHelmet14",
			"stepParentName": "Head",
			"from": [ -0.35, -1.15, 2.2 ],
			"to": [ 4.05, -0.85, 2.8 ],
			"unwrapMode": 4,
			"autoUnwrap": false,
			"uv": [ -5.5, -14.5 ],
			"rotationOrigin": [ -0.3457, -1.2194, 2.2 ],
			"rotationZ": 92.0,
			"faces": {
				"north": { "texture": "#steel", "uv": [ 9.0, 5.5, 13.0, 6.0 ] },
				"east": { "texture": "#steel", "uv": [ 9.0, 5.5, 9.5, 6.0 ] },
				"south": { "texture": "#steel", "uv": [ 9.0, 5.5, 13.0, 6.0 ] },
				"west": { "texture": "#steel", "uv": [ 8.0, 5.5, 8.5, 6.0 ] },
				"up": { "texture": "#steel", "uv": [ 9.5, 10.5, 10.0, 14.5 ], "rotation": 90 },
				"down": { "texture": "#steel", "uv": [ 9.0, 8.5, 9.5, 12.5 ], "rotation": 90 }
			},
			"children": [
				{
					"name": "ArmorHelmet15",
					"from": [ 4.3, 0.02, 0.0 ],
					"to": [ 6.2, 0.32, 0.6 ],
					"unwrapMode": 4,
					"autoUnwrap": false,
					"uv": [ -5.5, -14.5 ],
					"rotationOrigin": [ 4.3, 0.1, 0.0 ],
					"rotationZ": -22.0,
					"faces": {
						"north": { "texture": "#steel", "uv": [ 9.0, 5.5, 10.5, 6.0 ] },
						"east": { "texture": "#steel", "uv": [ 9.0, 5.5, 9.5, 6.0 ] },
						"south": { "texture": "#steel", "uv": [ 9.0, 5.5, 10.5, 6.0 ] },
						"west": { "texture": "#steel", "uv": [ 8.0, 5.5, 8.5, 6.0 ] },
						"up": { "texture": "#steel", "uv": [ 9.5, 10.5, 10.0, 12.0 ], "rotation": 90 },
						"down": { "texture": "#steel", "uv": [ 9.0, 8.5, 9.5, 10.0 ], "rotation": 90 }
					},
					"children": [
						{
							"name": "ArmorHelmet40",
							"from": [ 1.9, 0.0, 0.1 ],
							"to": [ 2.5, 0.2, 2.6 ],
							"unwrapMode": 4,
							"autoUnwrap": false,
							"uv": [ -5.5, -14.5 ],
							"rotationOrigin": [ 1.9, 0.08, 0.1 ],
							"rotationX": -11.0,
							"rotationY": 180.0,
							"faces": {
								"north": { "texture": "#zinc", "uv": [ 9.0, 5.5, 9.5, 6.0 ] },
								"east": { "texture": "#copper", "uv": [ 9.0, 6.0, 11.5, 6.5 ], "glow": 170 },
								"south": { "texture": "#zinc", "uv": [ 9.0, 5.5, 9.5, 6.0 ] },
								"west": { "texture": "#copper", "uv": [ 10.0, 3.0, 12.5, 3.5 ], "glow": 170 },
								"up": { "texture": "#zinc", "uv": [ 5.5, 10.5, 8.0, 11.0 ], "rotation": 90 },
								"down": { "texture": "#zinc", "uv": [ 9.0, 8.5, 11.5, 9.0 ], "rotation": 90 }
							},
							"children": [
								{
									"name": "ArmorHelmet41",
									"from": [ 0.8, 0.0, 0.0 ],
									"to": [ 1.4, 0.2, 2.5 ],
									"unwrapMode": 4,
									"autoUnwrap": false,
									"uv": [ -5.5, -14.5 ],
									"rotationOrigin": [ 0.8, 0.08, 0.0 ],
									"faces": {
										"north": { "texture": "#zinc", "uv": [ 9.0, 5.5, 9.5, 6.0 ] },
										"east": { "texture": "#copper", "uv": [ 9.0, 5.5, 11.5, 6.0 ], "glow": 170 },
										"south": { "texture": "#zinc", "uv": [ 9.0, 5.5, 9.5, 6.0 ] },
										"west": { "texture": "#copper", "uv": [ 8.0, 5.5, 10.5, 6.0 ], "glow": 170 },
										"up": { "texture": "#zinc", "uv": [ 9.5, 10.5, 12.0, 11.0 ], "rotation": 90 },
										"down": { "texture": "#zinc", "uv": [ 9.0, 8.5, 11.5, 9.0 ], "rotation": 90 }
									}
								},
								{
									"name": "ArmorHelmet44",
									"from": [ -0.3, 0.2, 1.0 ],
									"to": [ 0.6, 0.8, 3.0 ],
									"unwrapMode": 4,
									"autoUnwrap": false,
									"uv": [ -5.5, -14.5 ],
									"rotationOrigin": [ -0.3, 0.28, 1.0 ],
									"rotationX": 12.0,
									"faces": {
										"north": { "texture": "#steel", "uv": [ 9.0, 5.5, 9.5, 6.0 ] },
										"east": { "texture": "#steel", "uv": [ 9.0, 5.5, 11.0, 6.0 ] },
										"south": { "texture": "#steel", "uv": [ 9.0, 5.5, 9.5, 6.0 ] },
										"west": { "texture": "#steel", "uv": [ 8.0, 5.5, 10.0, 6.0 ] },
										"up": { "texture": "#steel", "uv": [ 9.5, 10.5, 11.5, 11.0 ], "rotation": 90 },
										"down": { "texture": "#steel", "uv": [ 9.0, 8.5, 11.0, 9.0 ], "rotation": 90 }
									},
									"children": [
										{
											"name": "ArmorHelmet48",
											"from": [ 0.6, -0.1, 2.0 ],
											"to": [ 1.5, 0.9, 4.0 ],
											"unwrapMode": 4,
											"autoUnwrap": false,
											"uv": [ -5.5, -14.5 ],
											"rotationOrigin": [ 0.6, -0.02, 2.0 ],
											"rotationY": 180.0,
											"rotationZ": -50.0,
											"faces": {
												"north": { "texture": "#steel", "uv": [ 9.0, 5.5, 9.5, 6.5 ] },
												"east": { "texture": "#steel", "uv": [ 9.0, 5.5, 11.0, 6.5 ] },
												"south": { "texture": "#steel", "uv": [ 9.0, 5.5, 9.5, 6.5 ] },
												"west": { "texture": "#steel", "uv": [ 8.0, 6.5, 10.0, 7.5 ] },
												"up": { "texture": "#steel", "uv": [ 9.5, 10.5, 11.5, 11.0 ], "rotation": 90 },
												"down": { "texture": "#steel", "uv": [ 9.0, 8.5, 11.0, 9.0 ], "rotation": 90 }
											},
											"children": [
												{
													"name": "ArmorHelmet50",
													"from": [ 0.0, 0.0, 0.0 ],
													"to": [ 1.9, 1.2, 2.0 ],
													"unwrapMode": 4,
													"autoUnwrap": false,
													"uv": [ -5.5, -14.5 ],
													"rotationOrigin": [ 0.0, 0.08, 0.0 ],
													"rotationY": 17.0,
													"rotationZ": -22.0,
													"faces": {
														"north": { "texture": "#steel", "uv": [ 9.0, 5.5, 10.5, 6.5 ] },
														"east": { "texture": "#steel", "uv": [ 9.0, 5.5, 11.0, 6.5 ] },
														"south": { "texture": "#steel", "uv": [ 9.0, 5.5, 10.5, 6.5 ] },
														"west": { "texture": "#steel", "uv": [ 8.0, 5.5, 10.0, 6.5 ] },
														"up": { "texture": "#steel", "uv": [ 9.5, 10.5, 11.5, 12.0 ], "rotation": 90 },
														"down": { "texture": "#steel", "uv": [ 9.0, 8.5, 11.0, 10.0 ], "rotation": 90 }
													},
													"children": [
														{
															"name": "ArmorHelmet53",
															"from": [ 1.5, 0.0, 0.3 ],
															"to": [ 4.8, 1.2, 1.9 ],
															"unwrapMode": 4,
															"autoUnwrap": false,
															"uv": [ -5.5, -14.5 ],
															"rotationOrigin": [ 1.5, 0.08, 0.3 ],
															"rotationX": 3.0,
															"rotationY": 7.0,
															"rotationZ": 3.0,
															"faces": {
																"north": { "texture": "#steel", "uv": [ 9.0, 5.5, 12.0, 6.5 ] },
																"east": { "texture": "#steel", "uv": [ 9.0, 5.5, 10.5, 6.5 ] },
																"south": { "texture": "#steel", "uv": [ 9.0, 5.5, 12.0, 6.5 ] },
																"west": { "texture": "#steel", "uv": [ 8.0, 5.5, 9.5, 6.5 ] },
																"up": { "texture": "#steel", "uv": [ 9.5, 10.5, 11.0, 13.5 ], "rotation": 90 },
																"down": { "texture": "#steel", "uv": [ 9.0, 8.5, 10.5, 11.5 ], "rotation": 90 }
															},
															"children": [
																{
																	"name": "ArmorHelmet55",
																	"from": [ 2.7, 0.15, 0.0 ],
																	"to": [ 3.7, 1.35, 1.3 ],
																	"unwrapMode": 4,
																	"autoUnwrap": false,
																	"uv": [ -5.5, -14.5 ],
																	"rotationOrigin": [ 2.7, 0.18, 0.0 ],
																	"rotationZ": -30.0,
																	"faces": {
																		"north": { "texture": "#steel", "uv": [ 9.0, 5.5, 10.0, 6.5 ] },
																		"east": { "texture": "#steel", "uv": [ 9.0, 5.5, 10.0, 6.5 ] },
																		"south": { "texture": "#steel", "uv": [ 9.0, 5.5, 10.0, 6.5 ] },
																		"west": { "texture": "#steel", "uv": [ 8.0, 5.5, 9.0, 6.5 ] },
																		"up": { "texture": "#steel", "uv": [ 9.5, 10.5, 10.5, 11.5 ], "rotation": 90 },
																		"down": { "texture": "#steel", "uv": [ 9.0, 8.5, 10.0, 9.5 ], "rotation": 90 }
																	},
																	"children": [
																		{
																			"name": "ArmorHelmet57",
																			"from": [ -0.2, 0.5, 0.3 ],
																			"to": [ 1.8, 1.5, 1.3 ],
																			"unwrapMode": 4,
																			"autoUnwrap": false,
																			"uv": [ -5.5, -14.5 ],
																			"rotationOrigin": [ -0.2, 0.53, 0.0 ],
																			"rotationX": 3.0,
																			"rotationY": 22.0,
																			"rotationZ": -50.0,
																			"faces": {
																				"north": { "texture": "#steel", "uv": [ 9.0, 5.5, 11.0, 6.5 ] },
																				"east": { "texture": "#steel", "uv": [ 9.0, 5.5, 10.0, 6.5 ] },
																				"south": { "texture": "#steel", "uv": [ 9.0, 5.5, 11.0, 6.5 ] },
																				"west": { "texture": "#steel", "uv": [ 8.0, 5.5, 9.0, 6.5 ] },
																				"up": { "texture": "#steel", "uv": [ 9.5, 10.5, 10.5, 12.5 ], "rotation": 90 },
																				"down": { "texture": "#steel", "uv": [ 9.0, 8.5, 10.0, 10.5 ], "rotation": 90 }
																			},
																			"children": [
																				{
																					"name": "ArmorHelmet58",
																					"from": [ 1.7, 0.1, 0.1 ],
																					"to": [ 5.7, 0.9, 0.9 ],
																					"unwrapMode": 4,
																					"autoUnwrap": false,
																					"uv": [ -5.5, -14.5 ],
																					"rotationOrigin": [ 1.7, 0.13, -0.2 ],
																					"rotationX": 3.0,
																					"rotationY": -3.0,
																					"rotationZ": -6.0,
																					"faces": {
																						"north": { "texture": "#steel", "uv": [ 9.0, 5.5, 13.0, 6.0 ] },
																						"east": { "texture": "#steel", "uv": [ 9.0, 5.5, 9.5, 6.0 ] },
																						"south": { "texture": "#steel", "uv": [ 9.0, 5.5, 13.0, 6.0 ] },
																						"west": { "texture": "#steel", "uv": [ 8.0, 5.5, 8.5, 6.0 ] },
																						"up": { "texture": "#steel", "uv": [ 9.5, 10.5, 10.0, 14.5 ], "rotation": 90 },
																						"down": { "texture": "#steel", "uv": [ 9.0, 8.5, 9.5, 12.5 ], "rotation": 90 }
																					}
																				}
																			]
																		}
																	]
																},
																{
																	"name": "Cube3",
																	"from": [ -2.0, 0.4, 1.35 ],
																	"to": [ 3.3, 0.7, 2.55 ],
																	"uv": [ 0.0, 0.0 ],
																	"rotationOrigin": [ -2.0, 0.4, 1.3 ],
																	"faces": {
																		"north": { "texture": "#iron", "uv": [ 0.0, 1.0, 5.0, 1.5 ] },
																		"east": { "texture": "#iron", "uv": [ 5.0, 1.0, 6.0, 1.5 ] },
																		"south": { "texture": "#iron", "uv": [ 6.0, 1.0, 11.0, 1.5 ] },
																		"west": { "texture": "#iron", "uv": [ 11.0, 1.0, 12.0, 1.5 ] },
																		"up": { "texture": "#iron", "uv": [ 0.0, 0.0, 5.0, 1.0 ] },
																		"down": { "texture": "#iron", "uv": [ 5.0, 0.0, 10.0, 1.0 ] }
																	}
																}
															]
														}
													]
												}
											]
										}
									]
								},
								{
									"name": "ArmorHelmet46",
									"from": [ 0.8, 0.2, 2.0 ],
									"to": [ 1.4, 0.7, 3.3 ],
									"unwrapMode": 4,
									"autoUnwrap": false,
									"uv": [ -5.5, -14.5 ],
									"rotationOrigin": [ 0.8, 0.28, 2.0 ],
									"rotationX": 20.0,
									"rotationY": -10.0,
									"faces": {
										"north": { "texture": "#steel", "uv": [ 9.0, 5.5, 9.5, 6.0 ] },
										"east": { "texture": "#steel", "uv": [ 9.0, 5.5, 10.0, 6.0 ] },
										"south": { "texture": "#steel", "uv": [ 9.0, 5.5, 9.5, 6.0 ] },
										"west": { "texture": "#steel", "uv": [ 8.0, 5.5, 9.0, 6.0 ] },
										"up": { "texture": "#steel", "uv": [ 9.5, 10.5, 10.5, 11.0 ], "rotation": 90 },
										"down": { "texture": "#steel", "uv": [ 9.0, 8.5, 10.0, 9.0 ], "rotation": 90 }
									}
								}
							]
						},
						{
							"name": "ArmorHelmet42",
							"from": [ 0.5, 0.0, 0.5 ],
							"to": [ 1.1, 0.2, 3.0 ],
							"unwrapMode": 4,
							"autoUnwrap": false,
							"uv": [ -5.5, -14.5 ],
							"rotationOrigin": [ 0.5, 0.08, 0.5 ],
							"rotationX": 11.0,
							"faces": {
								"north": { "texture": "#zinc", "uv": [ 9.0, 5.5, 9.5, 6.0 ] },
								"east": { "texture": "#copper", "uv": [ 9.0, 5.5, 11.5, 6.0 ], "glow": 170 },
								"south": { "texture": "#zinc", "uv": [ 9.0, 5.5, 9.5, 6.0 ] },
								"west": { "texture": "#copper", "uv": [ 8.0, 5.5, 10.5, 6.0 ], "glow": 170 },
								"up": { "texture": "#zinc", "uv": [ 9.5, 10.5, 12.0, 11.0 ], "rotation": 90 },
								"down": { "texture": "#zinc", "uv": [ 9.0, 8.5, 11.5, 9.0 ], "rotation": 90 }
							},
							"children": [
								{
									"name": "ArmorHelmet43",
									"from": [ 0.8, 0.0, 0.0 ],
									"to": [ 1.4, 0.2, 2.5 ],
									"unwrapMode": 4,
									"autoUnwrap": false,
									"uv": [ -5.5, -14.5 ],
									"rotationOrigin": [ 0.8, 0.08, 0.0 ],
									"faces": {
										"north": { "texture": "#zinc", "uv": [ 9.0, 5.5, 9.5, 6.0 ] },
										"east": { "texture": "#copper", "uv": [ 9.0, 5.5, 11.5, 6.0 ], "glow": 170 },
										"south": { "texture": "#zinc", "uv": [ 9.0, 5.5, 9.5, 6.0 ] },
										"west": { "texture": "#copper", "uv": [ 8.0, 5.5, 10.5, 6.0 ], "glow": 170 },
										"up": { "texture": "#zinc", "uv": [ 9.5, 10.5, 12.0, 11.0 ], "rotation": 90 },
										"down": { "texture": "#zinc", "uv": [ 9.0, 8.5, 11.5, 9.0 ], "rotation": 90 }
									}
								},
								{
									"name": "ArmorHelmet45",
									"from": [ 0.8, 0.2, 1.0 ],
									"to": [ 1.7, 0.8, 3.0 ],
									"unwrapMode": 4,
									"autoUnwrap": false,
									"uv": [ -5.5, -14.5 ],
									"rotationOrigin": [ 0.8, 0.28, 1.0 ],
									"rotationX": 12.0,
									"faces": {
										"north": { "texture": "#steel", "uv": [ 9.0, 5.5, 9.5, 6.0 ] },
										"east": { "texture": "#steel", "uv": [ 9.0, 5.5, 11.0, 6.0 ] },
										"south": { "texture": "#steel", "uv": [ 9.0, 5.5, 9.5, 6.0 ] },
										"west": { "texture": "#steel", "uv": [ 8.0, 5.5, 10.0, 6.0 ] },
										"up": { "texture": "#steel", "uv": [ 9.5, 10.5, 11.5, 11.0 ], "rotation": 90 },
										"down": { "texture": "#steel", "uv": [ 9.0, 8.5, 11.0, 9.0 ], "rotation": 90 }
									},
									"children": [
										{
											"name": "ArmorHelmet49",
											"from": [ 0.3, -0.1, 0.0 ],
											"to": [ 1.2, 0.9, 2.0 ],
											"unwrapMode": 4,
											"autoUnwrap": false,
											"uv": [ -5.5, -14.5 ],
											"rotationOrigin": [ 0.3, -0.02, 0.0 ],
											"rotationZ": -50.0,
											"faces": {
												"north": { "texture": "#steel", "uv": [ 9.0, 5.5, 9.5, 6.5 ] },
												"east": { "texture": "#steel", "uv": [ 9.0, 5.5, 11.0, 6.5 ] },
												"south": { "texture": "#steel", "uv": [ 9.0, 5.5, 9.5, 6.5 ] },
												"west": { "texture": "#steel", "uv": [ 8.0, 5.5, 10.0, 6.5 ] },
												"up": { "texture": "#steel", "uv": [ 9.5, 10.5, 11.5, 11.0 ], "rotation": 90 },
												"down": { "texture": "#steel", "uv": [ 9.0, 8.5, 11.0, 9.0 ], "rotation": 90 }
											},
											"children": [
												{
													"name": "ArmorHelmet51",
													"from": [ 0.0, 0.0, 0.0 ],
													"to": [ 1.9, 1.2, 2.0 ],
													"unwrapMode": 4,
													"autoUnwrap": false,
													"uv": [ -5.5, -14.5 ],
													"rotationOrigin": [ 0.0, 0.08, 2.0 ],
													"rotationY": -17.0,
													"rotationZ": -22.0,
													"faces": {
														"north": { "texture": "#steel", "uv": [ 9.0, 5.5, 10.5, 6.5 ] },
														"east": { "texture": "#steel", "uv": [ 9.0, 5.5, 11.0, 6.5 ] },
														"south": { "texture": "#steel", "uv": [ 9.0, 5.5, 10.5, 6.5 ] },
														"west": { "texture": "#steel", "uv": [ 8.0, 5.5, 10.0, 6.5 ] },
														"up": { "texture": "#steel", "uv": [ 9.5, 10.5, 11.5, 12.0 ], "rotation": 90 },
														"down": { "texture": "#steel", "uv": [ 9.0, 8.5, 11.0, 10.0 ], "rotation": 90 }
													},
													"children": [
														{
															"name": "ArmorHelmet52",
															"from": [ 1.5, 0.0, 0.1 ],
															"to": [ 4.8, 1.2, 1.7 ],
															"unwrapMode": 4,
															"autoUnwrap": false,
															"uv": [ -5.5, -14.5 ],
															"rotationOrigin": [ 1.5, 0.08, 1.6 ],
															"rotationX": -3.0,
															"rotationY": -7.0,
															"rotationZ": 3.0,
															"faces": {
																"north": { "texture": "#steel", "uv": [ 9.0, 5.5, 12.0, 6.5 ] },
																"east": { "texture": "#steel", "uv": [ 9.0, 5.5, 10.5, 6.5 ] },
																"south": { "texture": "#steel", "uv": [ 9.0, 5.5, 12.0, 6.5 ] },
																"west": { "texture": "#steel", "uv": [ 8.0, 5.5, 9.5, 6.5 ] },
																"up": { "texture": "#steel", "uv": [ 9.5, 10.5, 11.0, 13.5 ], "rotation": 90 },
																"down": { "texture": "#steel", "uv": [ 9.0, 8.5, 10.5, 11.5 ], "rotation": 90 }
															},
															"children": [
																{
																	"name": "ArmorHelmet54",
																	"from": [ 2.7, 0.15, 0.3 ],
																	"to": [ 3.7, 1.35, 1.6 ],
																	"unwrapMode": 4,
																	"autoUnwrap": false,
																	"uv": [ -5.5, -14.5 ],
																	"rotationOrigin": [ 2.7, 0.18, 1.8 ],
																	"rotationZ": -30.0,
																	"faces": {
																		"north": { "texture": "#steel", "uv": [ 9.0, 5.5, 10.0, 6.5 ] },
																		"east": { "texture": "#steel", "uv": [ 9.0, 5.5, 10.0, 6.5 ] },
																		"south": { "texture": "#steel", "uv": [ 9.0, 5.5, 10.0, 6.5 ] },
																		"west": { "texture": "#steel", "uv": [ 8.0, 5.5, 9.0, 6.5 ] },
																		"up": { "texture": "#steel", "uv": [ 9.5, 10.5, 10.5, 11.5 ], "rotation": 90 },
																		"down": { "texture": "#steel", "uv": [ 9.0, 8.5, 10.0, 9.5 ], "rotation": 90 }
																	},
																	"children": [
																		{
																			"name": "ArmorHelmet56",
																			"from": [ -0.3, 0.5, 0.0 ],
																			"to": [ 1.7, 1.5, 1.0 ],
																			"unwrapMode": 4,
																			"autoUnwrap": false,
																			"uv": [ -5.5, -14.5 ],
																			"rotationOrigin": [ -0.3, 0.53, 1.5 ],
																			"rotationX": 3.0,
																			"rotationY": -22.0,
																			"rotationZ": -50.0,
																			"faces": {
																				"north": { "texture": "#steel", "uv": [ 9.0, 5.5, 11.0, 6.5 ] },
																				"east": { "texture": "#steel", "uv": [ 9.0, 5.5, 10.0, 6.5 ] },
																				"south": { "texture": "#steel", "uv": [ 9.0, 5.5, 11.0, 6.5 ] },
																				"west": { "texture": "#steel", "uv": [ 8.0, 5.5, 9.0, 6.5 ] },
																				"up": { "texture": "#steel", "uv": [ 9.5, 10.5, 10.5, 12.5 ], "rotation": 90 },
																				"down": { "texture": "#steel", "uv": [ 9.0, 8.5, 10.0, 10.5 ], "rotation": 90 }
																			},
																			"children": [
																				{
																					"name": "ArmorHelmet59",
																					"from": [ 1.7, 0.1, 0.1 ],
																					"to": [ 5.7, 0.9, 0.9 ],
																					"unwrapMode": 4,
																					"autoUnwrap": false,
																					"uv": [ -5.5, -14.5 ],
																					"rotationOrigin": [ 1.7, 0.13, 1.6 ],
																					"rotationX": 3.0,
																					"rotationY": -3.0,
																					"rotationZ": -6.0,
																					"faces": {
																						"north": { "texture": "#steel", "uv": [ 9.0, 5.5, 13.0, 6.0 ] },
																						"east": { "texture": "#steel", "uv": [ 9.0, 5.5, 9.5, 6.0 ] },
																						"south": { "texture": "#steel", "uv": [ 9.0, 5.5, 13.0, 6.0 ] },
																						"west": { "texture": "#steel", "uv": [ 8.0, 5.5, 8.5, 6.0 ] },
																						"up": { "texture": "#steel", "uv": [ 9.5, 10.5, 10.0, 14.5 ], "rotation": 90 },
																						"down": { "texture": "#steel", "uv": [ 9.0, 8.5, 9.5, 12.5 ], "rotation": 90 }
																					}
																				}
																			]
																		}
																	]
																},
																{
																	"name": "Cube2",
																	"from": [ -2.0, 0.4, -0.9 ],
																	"to": [ 3.3, 0.7, 0.1 ],
																	"uv": [ 0.0, 0.0 ],
																	"rotationOrigin": [ -2.0, 0.4, -0.9 ],
																	"faces": {
																		"north": { "texture": "#iron", "uv": [ 0.0, 1.0, 5.0, 1.5 ] },
																		"east": { "texture": "#iron", "uv": [ 5.0, 1.0, 6.0, 1.5 ] },
																		"south": { "texture": "#iron", "uv": [ 6.0, 1.0, 11.0, 1.5 ] },
																		"west": { "texture": "#iron", "uv": [ 11.0, 1.0, 12.0, 1.5 ] },
																		"up": { "texture": "#iron", "uv": [ 0.0, 0.0, 5.0, 1.0 ] },
																		"down": { "texture": "#iron", "uv": [ 5.0, 0.0, 10.0, 1.0 ] }
																	}
																}
															]
														}
													]
												}
											]
										}
									]
								},
								{
									"name": "ArmorHelmet47",
									"from": [ 0.0, 0.2, 2.0 ],
									"to": [ 0.6, 0.7, 3.3 ],
									"unwrapMode": 4,
									"autoUnwrap": false,
									"uv": [ -5.5, -14.5 ],
									"rotationOrigin": [ 0.0, 0.28, 2.0 ],
									"rotationX": 20.0,
									"rotationY": 10.0,
									"faces": {
										"north": { "texture": "#steel", "uv": [ 9.0, 5.5, 9.5, 6.0 ] },
										"east": { "texture": "#steel", "uv": [ 9.0, 5.5, 10.0, 6.0 ] },
										"south": { "texture": "#steel", "uv": [ 9.0, 5.5, 9.5, 6.0 ] },
										"west": { "texture": "#steel", "uv": [ 8.0, 5.5, 9.0, 6.0 ] },
										"up": { "texture": "#steel", "uv": [ 9.5, 10.5, 10.5, 11.0 ], "rotation": 90 },
										"down": { "texture": "#steel", "uv": [ 9.0, 8.5, 10.0, 9.0 ], "rotation": 90 }
									}
								}
							]
						}
					]
				},
				{
					"name": "ArmorHelmet16",
					"from": [ 4.0, 0.0, -2.6 ],
					"to": [ 4.6, 0.2, 0.1 ],
					"unwrapMode": 4,
					"autoUnwrap": false,
					"uv": [ -5.5, -14.5 ],
					"rotationOrigin": [ 4.0, 0.0, 0.1 ],
					"rotationX": -11.0,
					"faces": {
						"north": { "texture": "#zinc", "uv": [ 9.0, 5.5, 9.5, 6.0 ] },
						"east": { "texture": "#copper", "uv": [ 9.0, 5.5, 11.5, 6.0 ], "glow": 170 },
						"south": { "texture": "#zinc", "uv": [ 9.0, 5.5, 9.5, 6.0 ] },
						"west": { "texture": "#copper", "uv": [ 8.0, 5.5, 10.5, 6.0 ], "glow": 170 },
						"up": { "texture": "#zinc", "uv": [ 9.5, 10.5, 12.0, 11.0 ], "rotation": 90 },
						"down": { "texture": "#zinc", "uv": [ 9.0, 8.5, 11.5, 9.0 ], "rotation": 90 }
					},
					"children": [
						{
							"name": "ArmorHelmet17",
							"from": [ 0.0, -0.2, -1.1 ],
							"to": [ 0.6, 0.2, 0.3 ],
							"unwrapMode": 4,
							"autoUnwrap": false,
							"uv": [ -5.5, -14.5 ],
							"rotationOrigin": [ 0.0, -0.2, -0.1 ],
							"rotationX": -47.0,
							"faces": {
								"north": { "texture": "#steel", "uv": [ 9.0, 5.5, 9.5, 6.0 ] },
								"east": { "texture": "#steel", "uv": [ 9.0, 5.5, 10.0, 6.0 ] },
								"south": { "texture": "#steel", "uv": [ 9.0, 5.5, 9.5, 6.0 ] },
								"west": { "texture": "#steel", "uv": [ 8.0, 5.5, 9.0, 6.0 ] },
								"up": { "texture": "#steel", "uv": [ 9.5, 10.5, 10.5, 11.0 ], "rotation": 90 },
								"down": { "texture": "#steel", "uv": [ 9.0, 8.5, 10.0, 9.0 ], "rotation": 90 }
							}
						},
						{
							"name": "ArmorHelmet18",
							"from": [ -0.8, 0.0, 0.0 ],
							"to": [ -0.2, 0.2, 2.7 ],
							"unwrapMode": 4,
							"autoUnwrap": false,
							"uv": [ -5.5, -14.5 ],
							"rotationOrigin": [ -0.8, 0.0, 2.7 ],
							"faces": {
								"north": { "texture": "#zinc", "uv": [ 9.0, 5.5, 9.5, 6.0 ] },
								"east": { "texture": "#copper", "uv": [ 9.0, 5.5, 11.5, 6.0 ], "glow": 170 },
								"south": { "texture": "#zinc", "uv": [ 9.0, 5.5, 9.5, 6.0 ] },
								"west": { "texture": "#copper", "uv": [ 8.0, 5.5, 10.5, 6.0 ], "glow": 170 },
								"up": { "texture": "#zinc", "uv": [ 9.5, 10.5, 12.0, 11.0 ], "rotation": 90 },
								"down": { "texture": "#zinc", "uv": [ 9.0, 8.5, 11.5, 9.0 ], "rotation": 90 }
							},
							"children": [
								{
									"name": "ArmorHelmet19",
									"from": [ 0.0, -0.2, -1.1 ],
									"to": [ 0.6, 0.2, 0.3 ],
									"unwrapMode": 4,
									"autoUnwrap": false,
									"uv": [ -5.5, -14.5 ],
									"rotationOrigin": [ 0.0, -0.2, -0.1 ],
									"rotationX": -47.0,
									"faces": {
										"north": { "texture": "#steel", "uv": [ 9.0, 5.5, 9.5, 6.0 ] },
										"east": { "texture": "#steel", "uv": [ 9.0, 5.5, 10.0, 6.0 ] },
										"south": { "texture": "#steel", "uv": [ 9.0, 5.5, 9.5, 6.0 ] },
										"west": { "texture": "#steel", "uv": [ 8.0, 5.5, 9.0, 6.0 ] },
										"up": { "texture": "#steel", "uv": [ 9.5, 10.5, 10.5, 11.0 ], "rotation": 90 },
										"down": { "texture": "#steel", "uv": [ 9.0, 8.5, 10.0, 9.0 ], "rotation": 90 }
									}
								}
							]
						},
						{
							"name": "ArmorHelmet20",
							"from": [ -1.6, 0.0, 0.0 ],
							"to": [ -1.0, 0.2, 2.7 ],
							"unwrapMode": 4,
							"autoUnwrap": false,
							"uv": [ -5.5, -14.5 ],
							"rotationOrigin": [ -1.6, 0.0, 2.7 ],
							"faces": {
								"north": { "texture": "#zinc", "uv": [ 9.0, 5.5, 9.5, 6.0 ] },
								"east": { "texture": "#copper", "uv": [ 9.0, 5.5, 11.5, 6.0 ], "glow": 170 },
								"south": { "texture": "#zinc", "uv": [ 9.0, 5.5, 9.5, 6.0 ] },
								"west": { "texture": "#copper", "uv": [ 8.0, 5.5, 10.5, 6.0 ], "glow": 170 },
								"up": { "texture": "#zinc", "uv": [ 9.5, 10.5, 12.0, 11.0 ], "rotation": 90 },
								"down": { "texture": "#zinc", "uv": [ 9.0, 8.5, 11.5, 9.0 ], "rotation": 90 }
							},
							"children": [
								{
									"name": "ArmorHelmet21",
									"from": [ 0.0, -0.2, -1.1 ],
									"to": [ 0.6, 0.2, 0.3 ],
									"unwrapMode": 4,
									"autoUnwrap": false,
									"uv": [ -5.5, -14.5 ],
									"rotationOrigin": [ 0.0, -0.2, -0.1 ],
									"rotationX": -47.0,
									"faces": {
										"north": { "texture": "#steel", "uv": [ 9.0, 5.5, 9.5, 6.0 ] },
										"east": { "texture": "#steel", "uv": [ 9.0, 5.5, 10.0, 6.0 ] },
										"south": { "texture": "#steel", "uv": [ 9.0, 5.5, 9.5, 6.0 ] },
										"west": { "texture": "#steel", "uv": [ 8.0, 5.5, 9.0, 6.0 ] },
										"up": { "texture": "#steel", "uv": [ 9.5, 10.5, 10.5, 11.0 ], "rotation": 90 },
										"down": { "texture": "#steel", "uv": [ 9.0, 8.5, 10.0, 9.0 ], "rotation": 90 }
									}
								}
							]
						},
						{
							"name": "ArmorHelmet22",
							"from": [ -2.4, 0.0, 0.0 ],
							"to": [ -1.8, 0.2, 2.7 ],
							"unwrapMode": 4,
							"autoUnwrap": false,
							"uv": [ -5.5, -14.5 ],
							"rotationOrigin": [ -2.4, 0.0, 2.7 ],
							"faces": {
								"north": { "texture": "#zinc", "uv": [ 9.0, 5.5, 9.5, 6.0 ] },
								"east": { "texture": "#copper", "uv": [ 9.0, 5.5, 11.5, 6.0 ], "glow": 170 },
								"south": { "texture": "#zinc", "uv": [ 9.0, 5.5, 9.5, 6.0 ] },
								"west": { "texture": "#copper", "uv": [ 8.0, 5.5, 10.5, 6.0 ], "glow": 170 },
								"up": { "texture": "#zinc", "uv": [ 9.5, 10.5, 12.0, 11.0 ], "rotation": 90 },
								"down": { "texture": "#zinc", "uv": [ 9.0, 8.5, 11.5, 9.0 ], "rotation": 90 }
							},
							"children": [
								{
									"name": "ArmorHelmet23",
									"from": [ 0.0, -0.2, -1.1 ],
									"to": [ 0.6, 0.2, 0.3 ],
									"unwrapMode": 4,
									"autoUnwrap": false,
									"uv": [ -5.5, -14.5 ],
									"rotationOrigin": [ 0.0, -0.2, -0.1 ],
									"rotationX": -47.0,
									"faces": {
										"north": { "texture": "#steel", "uv": [ 9.0, 5.5, 9.5, 6.0 ] },
										"east": { "texture": "#steel", "uv": [ 9.0, 5.5, 10.0, 6.0 ] },
										"south": { "texture": "#steel", "uv": [ 9.0, 5.5, 9.5, 6.0 ] },
										"west": { "texture": "#steel", "uv": [ 8.0, 5.5, 9.0, 6.0 ] },
										"up": { "texture": "#steel", "uv": [ 9.5, 10.5, 10.5, 11.0 ], "rotation": 90 },
										"down": { "texture": "#steel", "uv": [ 9.0, 8.5, 10.0, 9.0 ], "rotation": 90 }
									}
								}
							]
						},
						{
							"name": "ArmorHelmet24",
							"from": [ -3.2, 0.0, 0.0 ],
							"to": [ -2.6, 0.2, 2.7 ],
							"unwrapMode": 4,
							"autoUnwrap": false,
							"uv": [ -5.5, -14.5 ],
							"rotationOrigin": [ -3.2, 0.0, 2.7 ],
							"faces": {
								"north": { "texture": "#zinc", "uv": [ 9.0, 5.5, 9.5, 6.0 ] },
								"east": { "texture": "#copper", "uv": [ 9.0, 5.5, 11.5, 6.0 ], "glow": 170, "windMode": [-1,-1,-1,-1] },
								"south": { "texture": "#zinc", "uv": [ 9.0, 5.5, 9.5, 6.0 ] },
								"west": { "texture": "#copper", "uv": [ 8.0, 5.5, 10.5, 6.0 ], "glow": 170 },
								"up": { "texture": "#zinc", "uv": [ 9.5, 10.5, 12.0, 11.0 ], "rotation": 90 },
								"down": { "texture": "#zinc", "uv": [ 9.0, 8.5, 11.5, 9.0 ], "rotation": 90 }
							},
							"children": [
								{
									"name": "ArmorHelmet25",
									"from": [ 0.0, -0.2, -1.1 ],
									"to": [ 0.6, 0.2, 0.3 ],
									"unwrapMode": 4,
									"autoUnwrap": false,
									"uv": [ -5.5, -14.5 ],
									"rotationOrigin": [ 0.0, -0.2, -0.1 ],
									"rotationX": -47.0,
									"faces": {
										"north": { "texture": "#steel", "uv": [ 9.0, 5.5, 9.5, 6.0 ] },
										"east": { "texture": "#steel", "uv": [ 9.0, 5.5, 10.0, 6.0 ] },
										"south": { "texture": "#steel", "uv": [ 9.0, 5.5, 9.5, 6.0 ] },
										"west": { "texture": "#steel", "uv": [ 8.0, 5.5, 9.0, 6.0 ] },
										"up": { "texture": "#steel", "uv": [ 9.5, 10.5, 10.5, 11.0 ], "rotation": 90 },
										"down": { "texture": "#steel", "uv": [ 9.0, 8.5, 10.0, 9.0 ], "rotation": 90 }
									}
								}
							]
						},
						{
							"name": "ArmorHelmet26",
							"from": [ -4.0, 0.0, 0.0 ],
							"to": [ -3.4, 0.2, 2.7 ],
							"unwrapMode": 4,
							"autoUnwrap": false,
							"uv": [ -5.5, -14.5 ],
							"rotationOrigin": [ -4.0, 0.0, 2.7 ],
							"faces": {
								"north": { "texture": "#zinc", "uv": [ 9.0, 5.5, 9.5, 6.0 ] },
								"east": { "texture": "#copper", "uv": [ 9.0, 5.5, 11.5, 6.0 ], "glow": 170 },
								"south": { "texture": "#zinc", "uv": [ 9.0, 5.5, 9.5, 6.0 ] },
								"west": { "texture": "#copper", "uv": [ 8.0, 5.5, 10.5, 6.0 ], "glow": 170 },
								"up": { "texture": "#zinc", "uv": [ 9.5, 10.5, 12.0, 11.0 ], "rotation": 90 },
								"down": { "texture": "#zinc", "uv": [ 9.0, 8.5, 11.5, 9.0 ], "rotation": 90 }
							},
							"children": [
								{
									"name": "ArmorHelmet27",
									"from": [ 0.0, -0.2, -1.1 ],
									"to": [ 0.6, 0.2, 0.3 ],
									"unwrapMode": 4,
									"autoUnwrap": false,
									"uv": [ -5.5, -14.5 ],
									"rotationOrigin": [ 0.0, -0.2, -0.1 ],
									"rotationX": -47.0,
									"faces": {
										"north": { "texture": "#steel", "uv": [ 9.0, 5.5, 9.5, 6.0 ] },
										"east": { "texture": "#steel", "uv": [ 9.0, 5.5, 10.0, 6.0 ] },
										"south": { "texture": "#steel", "uv": [ 9.0, 5.5, 9.5, 6.0 ] },
										"west": { "texture": "#steel", "uv": [ 8.0, 5.5, 9.0, 6.0 ] },
										"up": { "texture": "#steel", "uv": [ 9.5, 10.5, 10.5, 11.0 ], "rotation": 90 },
										"down": { "texture": "#steel", "uv": [ 9.0, 8.5, 10.0, 9.0 ], "rotation": 90 }
									}
								}
							]
						}
					]
				},
				{
					"name": "ArmorHelmet28",
					"from": [ 0.6, 0.0, -2.2 ],
					"to": [ 1.2, 0.2, 0.5 ],
					"unwrapMode": 4,
					"autoUnwrap": false,
					"uv": [ -5.5, -14.5 ],
					"rotationOrigin": [ 0.6, 0.0, 0.5 ],
					"rotationX": 11.0,
					"rotationY": 180.0,
					"faces": {
						"north": { "texture": "#zinc", "uv": [ 9.0, 5.5, 9.5, 6.0 ] },
						"east": { "texture": "#copper", "uv": [ 9.0, 5.5, 11.5, 6.0 ], "glow": 170 },
						"south": { "texture": "#zinc", "uv": [ 9.0, 5.5, 9.5, 6.0 ] },
						"west": { "texture": "#copper", "uv": [ 8.0, 5.5, 10.5, 6.0 ], "glow": 170 },
						"up": { "texture": "#zinc", "uv": [ 9.5, 10.5, 12.0, 11.0 ], "rotation": 90 },
						"down": { "texture": "#zinc", "uv": [ 9.0, 8.5, 11.5, 9.0 ], "rotation": 90 }
					},
					"children": [
						{
							"name": "ArmorHelmet29",
							"from": [ 0.0, -0.2, -1.1 ],
							"to": [ 0.6, 0.2, 0.3 ],
							"unwrapMode": 4,
							"autoUnwrap": false,
							"uv": [ -5.5, -14.5 ],
							"rotationOrigin": [ 0.0, -0.2, -0.1 ],
							"rotationX": -47.0,
							"faces": {
								"north": { "texture": "#steel", "uv": [ 9.0, 5.5, 9.5, 6.0 ] },
								"east": { "texture": "#steel", "uv": [ 9.0, 5.5, 10.0, 6.0 ] },
								"south": { "texture": "#steel", "uv": [ 9.0, 5.5, 9.5, 6.0 ] },
								"west": { "texture": "#steel", "uv": [ 8.0, 5.5, 9.0, 6.0 ] },
								"up": { "texture": "#steel", "uv": [ 9.5, 10.5, 10.5, 11.0 ], "rotation": 90 },
								"down": { "texture": "#steel", "uv": [ 9.0, 8.5, 10.0, 9.0 ], "rotation": 90 }
							}
						},
						{
							"name": "ArmorHelmet30",
							"from": [ -0.8, 0.0, 0.0 ],
							"to": [ -0.2, 0.2, 2.7 ],
							"unwrapMode": 4,
							"autoUnwrap": false,
							"uv": [ -5.5, -14.5 ],
							"rotationOrigin": [ -0.8, 0.0, 2.7 ],
							"faces": {
								"north": { "texture": "#zinc", "uv": [ 9.0, 5.5, 9.5, 6.0 ] },
								"east": { "texture": "#copper", "uv": [ 9.0, 5.5, 11.5, 6.0 ], "glow": 170 },
								"south": { "texture": "#zinc", "uv": [ 9.0, 5.5, 9.5, 6.0 ] },
								"west": { "texture": "#copper", "uv": [ 8.0, 5.5, 10.5, 6.0 ], "glow": 170 },
								"up": { "texture": "#zinc", "uv": [ 9.5, 10.5, 12.0, 11.0 ], "rotation": 90 },
								"down": { "texture": "#zinc", "uv": [ 9.0, 8.5, 11.5, 9.0 ], "rotation": 90 }
							},
							"children": [
								{
									"name": "ArmorHelmet31",
									"from": [ 0.0, -0.2, -1.1 ],
									"to": [ 0.6, 0.2, 0.3 ],
									"unwrapMode": 4,
									"autoUnwrap": false,
									"uv": [ -5.5, -14.5 ],
									"rotationOrigin": [ 0.0, -0.2, -0.1 ],
									"rotationX": -47.0,
									"faces": {
										"north": { "texture": "#steel", "uv": [ 9.0, 5.5, 9.5, 6.0 ] },
										"east": { "texture": "#steel", "uv": [ 9.0, 5.5, 10.0, 6.0 ] },
										"south": { "texture": "#steel", "uv": [ 9.0, 5.5, 9.5, 6.0 ] },
										"west": { "texture": "#steel", "uv": [ 8.0, 5.5, 9.0, 6.0 ] },
										"up": { "texture": "#steel", "uv": [ 9.5, 10.5, 10.5, 11.0 ], "rotation": 90 },
										"down": { "texture": "#steel", "uv": [ 9.0, 8.5, 10.0, 9.0 ], "rotation": 90 }
									}
								}
							]
						},
						{
							"name": "ArmorHelmet32",
							"from": [ -1.6, 0.0, 0.0 ],
							"to": [ -1.0, 0.2, 2.7 ],
							"unwrapMode": 4,
							"autoUnwrap": false,
							"uv": [ -5.5, -14.5 ],
							"rotationOrigin": [ -1.6, 0.0, 2.7 ],
							"faces": {
								"north": { "texture": "#zinc", "uv": [ 9.0, 5.5, 9.5, 6.0 ] },
								"east": { "texture": "#copper", "uv": [ 9.0, 5.5, 11.5, 6.0 ], "glow": 170 },
								"south": { "texture": "#zinc", "uv": [ 9.0, 5.5, 9.5, 6.0 ] },
								"west": { "texture": "#copper", "uv": [ 8.0, 5.5, 10.5, 6.0 ], "glow": 170 },
								"up": { "texture": "#zinc", "uv": [ 9.5, 10.5, 12.0, 11.0 ], "rotation": 90 },
								"down": { "texture": "#zinc", "uv": [ 9.0, 8.5, 11.5, 9.0 ], "rotation": 90 }
							},
							"children": [
								{
									"name": "ArmorHelmet33",
									"from": [ 0.0, -0.2, -1.1 ],
									"to": [ 0.6, 0.2, 0.3 ],
									"unwrapMode": 4,
									"autoUnwrap": false,
									"uv": [ -5.5, -14.5 ],
									"rotationOrigin": [ 0.0, -0.2, -0.1 ],
									"rotationX": -47.0,
									"faces": {
										"north": { "texture": "#steel", "uv": [ 9.0, 5.5, 9.5, 6.0 ] },
										"east": { "texture": "#steel", "uv": [ 9.0, 5.5, 10.0, 6.0 ] },
										"south": { "texture": "#steel", "uv": [ 9.0, 5.5, 9.5, 6.0 ] },
										"west": { "texture": "#steel", "uv": [ 8.0, 5.5, 9.0, 6.0 ] },
										"up": { "texture": "#steel", "uv": [ 9.5, 10.5, 10.5, 11.0 ], "rotation": 90 },
										"down": { "texture": "#steel", "uv": [ 9.0, 8.5, 10.0, 9.0 ], "rotation": 90 }
									}
								}
							]
						},
						{
							"name": "ArmorHelmet34",
							"from": [ -2.4, 0.0, 0.0 ],
							"to": [ -1.8, 0.2, 2.7 ],
							"unwrapMode": 4,
							"autoUnwrap": false,
							"uv": [ -5.5, -14.5 ],
							"rotationOrigin": [ -2.4, 0.0, 2.7 ],
							"faces": {
								"north": { "texture": "#zinc", "uv": [ 9.0, 5.5, 9.5, 6.0 ] },
								"east": { "texture": "#copper", "uv": [ 9.0, 5.5, 11.5, 6.0 ], "glow": 170 },
								"south": { "texture": "#zinc", "uv": [ 9.0, 5.5, 9.5, 6.0 ] },
								"west": { "texture": "#copper", "uv": [ 8.0, 5.5, 10.5, 6.0 ], "glow": 170 },
								"up": { "texture": "#zinc", "uv": [ 9.5, 10.5, 12.0, 11.0 ], "rotation": 90 },
								"down": { "texture": "#zinc", "uv": [ 9.0, 8.5, 11.5, 9.0 ], "rotation": 90 }
							},
							"children": [
								{
									"name": "ArmorHelmet35",
									"from": [ 0.0, -0.2, -1.1 ],
									"to": [ 0.6, 0.2, 0.3 ],
									"unwrapMode": 4,
									"autoUnwrap": false,
									"uv": [ -5.5, -14.5 ],
									"rotationOrigin": [ 0.0, -0.2, -0.1 ],
									"rotationX": -47.0,
									"faces": {
										"north": { "texture": "#steel", "uv": [ 9.0, 5.5, 9.5, 6.0 ] },
										"east": { "texture": "#steel", "uv": [ 9.0, 5.5, 10.0, 6.0 ] },
										"south": { "texture": "#steel", "uv": [ 9.0, 5.5, 9.5, 6.0 ] },
										"west": { "texture": "#steel", "uv": [ 8.0, 5.5, 9.0, 6.0 ] },
										"up": { "texture": "#steel", "uv": [ 9.5, 10.5, 10.5, 11.0 ], "rotation": 90 },
										"down": { "texture": "#steel", "uv": [ 9.0, 8.5, 10.0, 9.0 ], "rotation": 90 }
									}
								}
							]
						},
						{
							"name": "ArmorHelmet36",
							"from": [ -3.2, 0.0, 0.0 ],
							"to": [ -2.6, 0.2, 2.7 ],
							"unwrapMode": 4,
							"autoUnwrap": false,
							"uv": [ -5.5, -14.5 ],
							"rotationOrigin": [ -3.2, 0.0, 2.7 ],
							"faces": {
								"north": { "texture": "#zinc", "uv": [ 9.0, 5.5, 9.5, 6.0 ] },
								"east": { "texture": "#copper", "uv": [ 9.0, 5.5, 11.5, 6.0 ], "glow": 170 },
								"south": { "texture": "#zinc", "uv": [ 9.0, 5.5, 9.5, 6.0 ] },
								"west": { "texture": "#copper", "uv": [ 8.0, 5.5, 10.5, 6.0 ], "glow": 170 },
								"up": { "texture": "#zinc", "uv": [ 9.5, 10.5, 12.0, 11.0 ], "rotation": 90 },
								"down": { "texture": "#zinc", "uv": [ 9.0, 8.5, 11.5, 9.0 ], "rotation": 90 }
							},
							"children": [
								{
									"name": "ArmorHelmet37",
									"from": [ 0.0, -0.2, -1.1 ],
									"to": [ 0.6, 0.2, 0.3 ],
									"unwrapMode": 4,
									"autoUnwrap": false,
									"uv": [ -5.5, -14.5 ],
									"rotationOrigin": [ 0.0, -0.2, -0.1 ],
									"rotationX": -47.0,
									"faces": {
										"north": { "texture": "#steel", "uv": [ 9.0, 5.5, 9.5, 6.0 ] },
										"east": { "texture": "#steel", "uv": [ 9.0, 5.5, 10.0, 6.0 ] },
										"south": { "texture": "#steel", "uv": [ 9.0, 5.5, 9.5, 6.0 ] },
										"west": { "texture": "#steel", "uv": [ 8.0, 5.5, 9.0, 6.0 ] },
										"up": { "texture": "#steel", "uv": [ 9.5, 10.5, 10.5, 11.0 ], "rotation": 90 },
										"down": { "texture": "#steel", "uv": [ 9.0, 8.5, 10.0, 9.0 ], "rotation": 90 }
									}
								}
							]
						},
						{
							"name": "ArmorHelmet38",
							"from": [ -4.0, 0.0, 0.0 ],
							"to": [ -3.4, 0.2, 2.7 ],
							"unwrapMode": 4,
							"autoUnwrap": false,
							"uv": [ -5.5, -14.5 ],
							"rotationOrigin": [ -4.0, 0.0, 2.7 ],
							"faces": {
								"north": { "texture": "#zinc", "uv": [ 9.0, 5.5, 9.5, 6.0 ] },
								"east": { "texture": "#copper", "uv": [ 9.0, 5.5, 11.5, 6.0 ], "glow": 170 },
								"south": { "texture": "#zinc", "uv": [ 9.0, 5.5, 9.5, 6.0 ] },
								"west": { "texture": "#copper", "uv": [ 8.0, 5.5, 10.5, 6.0 ], "glow": 170 },
								"up": { "texture": "#zinc", "uv": [ 9.5, 10.5, 12.0, 11.0 ], "rotation": 90 },
								"down": { "texture": "#zinc", "uv": [ 9.0, 8.5, 11.5, 9.0 ], "rotation": 90 }
							},
							"children": [
								{
									"name": "ArmorHelmet39",
									"from": [ 0.0, -0.2, -1.1 ],
									"to": [ 0.6, 0.2, 0.3 ],
									"unwrapMode": 4,
									"autoUnwrap": false,
									"uv": [ -5.5, -14.5 ],
									"rotationOrigin": [ 0.0, -0.2, -0.1 ],
									"rotationX": -47.0,
									"faces": {
										"north": { "texture": "#steel", "uv": [ 9.0, 5.5, 9.5, 6.0 ] },
										"east": { "texture": "#steel", "uv": [ 9.0, 5.5, 10.0, 6.0 ] },
										"south": { "texture": "#steel", "uv": [ 9.0, 5.5, 9.5, 6.0 ] },
										"west": { "texture": "#steel", "uv": [ 8.0, 5.5, 9.0, 6.0 ] },
										"up": { "texture": "#steel", "uv": [ 9.5, 10.5, 10.5, 11.0 ], "rotation": 90 },
										"down": { "texture": "#steel", "uv": [ 9.0, 8.5, 10.0, 9.0 ], "rotation": 90 }
									}
								}
							]
						}
					]
				}
			]
		},
		{
			"name": "Cube4",
			"stepParentName": "Head",
			"from": [ 5.9, 3.4, 0.4 ],
			"to": [ 6.2, 4.9, 4.6 ],
			"uv": [ 1.0, 1.5 ],
			"rotationOrigin": [ 5.9, 3.4, 0.4 ],
			"faces": {
				"north": { "texture": "#iron", "uv": [ 1.0, 5.5, 1.5, 7.0 ] },
				"east": { "texture": "#iron", "uv": [ 1.5, 5.5, 5.5, 7.0 ] },
				"south": { "texture": "#iron", "uv": [ 5.5, 5.5, 6.0, 7.0 ] },
				"west": { "texture": "#iron", "uv": [ 6.0, 5.5, 10.0, 7.0 ] },
				"up": { "texture": "#iron", "uv": [ 1.0, 1.5, 1.5, 5.5 ] },
				"down": { "texture": "#iron", "uv": [ 1.5, 1.5, 2.0, 5.5 ] }
			},
			"children": [
				{
					"name": "Cube5",
					"from": [ 0.0, -3.4, 1.9 ],
					"to": [ 0.4, 0.6, 2.3 ],
					"autoUnwrap": false,
					"uv": [ 0.0, 0.0 ],
					"rotationOrigin": [ 0.0, -3.4, 1.9 ],
					"faces": {
						"north": { "texture": "#copper", "uv": [ 0.0, 0.5, 0.5, 4.5 ], "glow": 170, "windMode": [-1,-1,-1,-1] },
						"east": { "texture": "#copper", "uv": [ 0.5, 0.5, 1.0, 4.5 ], "glow": 170 },
						"south": { "texture": "#copper", "uv": [ 1.0, 0.5, 1.5, 4.5 ], "glow": 170, "windMode": [-1,-1,-1,-1] },
						"west": { "texture": "#copper", "uv": [ 1.5, 0.5, 2.0, 4.5 ], "glow": 170, "windMode": [-1,-1,-1,-1] },
						"up": { "texture": "#copper", "uv": [ 0.0, 0.0, 0.5, 0.5 ], "glow": 170, "windMode": [-1,-1,-1,-1] },
						"down": { "texture": "#copper", "uv": [ 0.5, 0.0, 1.0, 0.5 ], "glow": 170, "windMode": [-1,-1,-1,-1] }
					},
					"children": [
						{
							"name": "Cube6",
							"from": [ 0.0, 2.8, -0.4 ],
							"to": [ 0.3, 3.2, 0.8 ],
							"autoUnwrap": false,
							"uv": [ 0.0, 0.0 ],
							"rotationOrigin": [ 0.0, 2.8, -0.4 ],
							"faces": {
								"north": { "texture": "#cheap", "uv": [ 0.0, 1.0, 0.5, 1.5 ] },
								"east": { "texture": "#cheap", "uv": [ 0.5, 1.0, 1.5, 1.5 ] },
								"south": { "texture": "#cheap", "uv": [ 1.5, 1.0, 2.0, 1.5 ] },
								"west": { "texture": "#cheap", "uv": [ 2.0, 1.0, 3.0, 1.5 ] },
								"up": { "texture": "#cheap", "uv": [ 0.0, 0.0, 0.5, 1.0 ] },
								"down": { "texture": "#cheap", "uv": [ 0.5, 0.0, 1.0, 1.0 ] }
							}
						},
						{
							"name": "Cube7",
							"from": [ 0.0, 2.2, -0.4 ],
							"to": [ 0.3, 2.6, 0.8 ],
							"autoUnwrap": false,
							"uv": [ 0.0, 0.0 ],
							"rotationOrigin": [ 0.0, 2.2, -0.4 ],
							"faces": {
								"north": { "texture": "#cheap", "uv": [ 0.0, 1.0, 0.5, 1.5 ], "glow": 110, "windMode": [-1,-1,-1,-1] },
								"east": { "texture": "#cheap", "uv": [ 0.5, 1.0, 1.5, 1.5 ], "glow": 110, "windMode": [-1,-1,-1,-1] },
								"south": { "texture": "#cheap", "uv": [ 1.5, 1.0, 2.0, 1.5 ], "glow": 110, "windMode": [-1,-1,-1,-1] },
								"west": { "texture": "#cheap", "uv": [ 2.0, 1.0, 3.0, 1.5 ], "glow": 110, "windMode": [-1,-1,-1,-1] },
								"up": { "texture": "#cheap", "uv": [ 0.0, 0.0, 0.5, 1.0 ], "glow": 110, "windMode": [-1,-1,-1,-1] },
								"down": { "texture": "#cheap", "uv": [ 0.5, 0.0, 1.0, 1.0 ], "glow": 110, "windMode": [-1,-1,-1,-1] }
							}
						},
						{
							"name": "Cube8",
							"from": [ 0.0, 1.6, -0.4 ],
							"to": [ 0.3, 2.0, 0.8 ],
							"autoUnwrap": false,
							"uv": [ 0.0, 0.0 ],
							"rotationOrigin": [ 0.0, 1.6, -0.4 ],
							"faces": {
								"north": { "texture": "#cheap", "uv": [ 0.0, 1.0, 0.5, 1.5 ], "glow": 110, "windMode": [-1,-1,-1,-1] },
								"east": { "texture": "#cheap", "uv": [ 0.5, 1.0, 1.5, 1.5 ], "glow": 110, "windMode": [-1,-1,-1,-1] },
								"south": { "texture": "#cheap", "uv": [ 1.5, 1.0, 2.0, 1.5 ], "glow": 110, "windMode": [-1,-1,-1,-1] },
								"west": { "texture": "#cheap", "uv": [ 2.0, 1.0, 3.0, 1.5 ], "glow": 110, "windMode": [-1,-1,-1,-1] },
								"up": { "texture": "#cheap", "uv": [ 0.0, 0.0, 0.5, 1.0 ], "glow": 110, "windMode": [-1,-1,-1,-1] },
								"down": { "texture": "#cheap", "uv": [ 0.5, 0.0, 1.0, 1.0 ], "glow": 110, "windMode": [-1,-1,-1,-1] }
							}
						},
						{
							"name": "Cube9",
							"from": [ 0.0, 1.0, -0.4 ],
							"to": [ 0.3, 1.4, 0.8 ],
							"autoUnwrap": false,
							"uv": [ 0.0, 0.0 ],
							"rotationOrigin": [ 0.0, 1.0, -0.4 ],
							"faces": {
								"north": { "texture": "#cheap", "uv": [ 0.0, 1.0, 0.5, 1.5 ], "glow": 110, "windMode": [-1,-1,-1,-1] },
								"east": { "texture": "#cheap", "uv": [ 0.5, 1.0, 1.5, 1.5 ], "glow": 110, "windMode": [-1,-1,-1,-1] },
								"south": { "texture": "#cheap", "uv": [ 1.5, 1.0, 2.0, 1.5 ], "glow": 110, "windMode": [-1,-1,-1,-1] },
								"west": { "texture": "#cheap", "uv": [ 2.0, 1.0, 3.0, 1.5 ], "glow": 110, "windMode": [-1,-1,-1,-1] },
								"up": { "texture": "#cheap", "uv": [ 0.0, 0.0, 0.5, 1.0 ], "glow": 110, "windMode": [-1,-1,-1,-1] },
								"down": { "texture": "#cheap", "uv": [ 0.5, 0.0, 1.0, 1.0 ], "glow": 110, "windMode": [-1,-1,-1,-1] }
							}
						},
						{
							"name": "Cube10",
							"from": [ 0.0, 0.4, -0.4 ],
							"to": [ 0.3, 0.8, 0.8 ],
							"autoUnwrap": false,
							"uv": [ 0.0, 0.0 ],
							"rotationOrigin": [ 0.0, 0.4, -0.4 ],
							"faces": {
								"north": { "texture": "#cheap", "uv": [ 0.0, 1.0, 0.5, 1.5 ], "glow": 110, "windMode": [-1,-1,-1,-1] },
								"east": { "texture": "#cheap", "uv": [ 0.5, 1.0, 1.5, 1.5 ], "glow": 110, "windMode": [-1,-1,-1,-1] },
								"south": { "texture": "#cheap", "uv": [ 1.5, 1.0, 2.0, 1.5 ], "glow": 110, "windMode": [-1,-1,-1,-1] },
								"west": { "texture": "#cheap", "uv": [ 2.0, 1.0, 3.0, 1.5 ], "glow": 110, "windMode": [-1,-1,-1,-1] },
								"up": { "texture": "#cheap", "uv": [ 0.0, 0.0, 0.5, 1.0 ], "glow": 110, "windMode": [-1,-1,-1,-1] },
								"down": { "texture": "#cheap", "uv": [ 0.5, 0.0, 1.0, 1.0 ], "glow": 110, "windMode": [-1,-1,-1,-1] }
							},
							"children": [
								{
									"name": "Cube26",
									"from": [ 0.0, 0.2, 0.0 ],
									"to": [ 0.25, 0.22, 2.0 ],
									"autoUnwrap": false,
									"uv": [ 0.0, 0.0 ],
									"rotationOrigin": [ 0.0, 0.2, 0.0 ],
									"faces": {
										"north": { "texture": "#gold", "uv": [ 0.0, 2.0, 0.5, 2.5 ], "glow": 90, "windMode": [-1,-1,-1,-1] },
										"east": { "texture": "#gold", "uv": [ 0.5, 2.0, 2.5, 2.5 ], "glow": 90, "windMode": [-1,-1,-1,-1] },
										"south": { "texture": "#gold", "uv": [ 2.5, 2.0, 3.0, 2.5 ], "glow": 90, "windMode": [-1,-1,-1,-1] },
										"west": { "texture": "#gold", "uv": [ 3.0, 2.0, 5.0, 2.5 ], "glow": 90, "windMode": [-1,-1,-1,-1] },
										"up": { "texture": "#gold", "uv": [ 0.0, 0.0, 0.5, 2.0 ], "glow": 90, "windMode": [-1,-1,-1,-1] },
										"down": { "texture": "#gold", "uv": [ 0.5, 0.0, 1.0, 2.0 ], "glow": 90, "windMode": [-1,-1,-1,-1] }
									}
								},
								{
									"name": "Cube27",
									"from": [ 0.0, 0.3, -1.0 ],
									"to": [ 0.25, 0.32, 2.0 ],
									"autoUnwrap": false,
									"uv": [ 0.0, 0.0 ],
									"rotationOrigin": [ 0.0, 0.3, -1.0 ],
									"faces": {
										"north": { "texture": "#gold", "uv": [ 0.0, 3.0, 0.5, 3.5 ], "glow": 90 },
										"east": { "texture": "#gold", "uv": [ 0.5, 3.0, 3.5, 3.5 ], "glow": 90, "windMode": [-1,-1,-1,-1] },
										"south": { "texture": "#gold", "uv": [ 3.5, 3.0, 4.0, 3.5 ], "glow": 90, "windMode": [-1,-1,-1,-1] },
										"west": { "texture": "#gold", "uv": [ 4.0, 3.0, 7.0, 3.5 ], "glow": 90, "windMode": [-1,-1,-1,-1] },
										"up": { "texture": "#gold", "uv": [ 0.0, 0.0, 0.5, 3.0 ], "glow": 90, "windMode": [-1,-1,-1,-1] },
										"down": { "texture": "#gold", "uv": [ 0.5, 0.0, 1.0, 3.0 ], "glow": 90, "windMode": [-1,-1,-1,-1] }
									}
								},
								{
									"name": "Cube28",
									"from": [ 0.0, 1.3, -0.5 ],
									"to": [ 0.25, 1.32, 0.0 ],
									"autoUnwrap": false,
									"uv": [ 0.0, 0.0 ],
									"rotationOrigin": [ 0.0, 1.3, -0.5 ],
									"rotationX": 45.0,
									"faces": {
										"north": { "texture": "#gold", "uv": [ 0.0, 0.5, 0.5, 1.0 ], "glow": 90 },
										"east": { "texture": "#gold", "uv": [ 0.5, 0.5, 1.0, 1.0 ], "glow": 90, "windMode": [-1,-1,-1,-1] },
										"south": { "texture": "#gold", "uv": [ 1.0, 0.5, 1.5, 1.0 ], "glow": 90, "windMode": [-1,-1,-1,-1] },
										"west": { "texture": "#gold", "uv": [ 1.5, 0.5, 2.0, 1.0 ], "glow": 90, "windMode": [-1,-1,-1,-1] },
										"up": { "texture": "#gold", "uv": [ 0.0, 0.0, 0.5, 0.5 ], "glow": 90, "windMode": [-1,-1,-1,-1] },
										"down": { "texture": "#gold", "uv": [ 0.5, 0.0, 1.0, 0.5 ], "glow": 90, "windMode": [-1,-1,-1,-1] }
									}
								},
								{
									"name": "Cube29",
									"from": [ 0.0, 1.4, -0.5 ],
									"to": [ 0.25, 1.42, 0.0 ],
									"autoUnwrap": false,
									"uv": [ 0.0, 0.0 ],
									"rotationOrigin": [ 0.0, 1.4, -0.5 ],
									"rotationX": 45.0,
									"faces": {
										"north": { "texture": "#gold", "uv": [ 0.0, 0.5, 0.5, 1.0 ], "glow": 90 },
										"east": { "texture": "#gold", "uv": [ 0.5, 0.5, 1.0, 1.0 ], "glow": 90, "windMode": [-1,-1,-1,-1] },
										"south": { "texture": "#gold", "uv": [ 1.0, 0.5, 1.5, 1.0 ], "glow": 90, "windMode": [-1,-1,-1,-1] },
										"west": { "texture": "#gold", "uv": [ 1.5, 0.5, 2.0, 1.0 ], "glow": 90, "windMode": [-1,-1,-1,-1] },
										"up": { "texture": "#gold", "uv": [ 0.0, 0.0, 0.5, 0.5 ], "glow": 90, "windMode": [-1,-1,-1,-1] },
										"down": { "texture": "#gold", "uv": [ 0.5, 0.0, 1.0, 0.5 ], "glow": 90, "windMode": [-1,-1,-1,-1] }
									}
								},
								{
									"name": "Cube30",
									"from": [ 0.0, 1.5, -0.5 ],
									"to": [ 0.25, 1.52, 0.0 ],
									"autoUnwrap": false,
									"uv": [ 0.0, 0.0 ],
									"rotationOrigin": [ 0.0, 1.5, -0.5 ],
									"rotationX": 45.0,
									"faces": {
										"north": { "texture": "#gold", "uv": [ 0.0, 0.5, 0.5, 1.0 ], "glow": 90 },
										"east": { "texture": "#gold", "uv": [ 0.5, 0.5, 1.0, 1.0 ], "glow": 90, "windMode": [-1,-1,-1,-1] },
										"south": { "texture": "#gold", "uv": [ 1.0, 0.5, 1.5, 1.0 ], "glow": 90, "windMode": [-1,-1,-1,-1] },
										"west": { "texture": "#gold", "uv": [ 1.5, 0.5, 2.0, 1.0 ], "glow": 90, "windMode": [-1,-1,-1,-1] },
										"up": { "texture": "#gold", "uv": [ 0.0, 0.0, 0.5, 0.5 ], "glow": 90, "windMode": [-1,-1,-1,-1] },
										"down": { "texture": "#gold", "uv": [ 0.5, 0.0, 1.0, 0.5 ], "glow": 90, "windMode": [-1,-1,-1,-1] }
									}
								},
								{
									"name": "Cube31",
									"from": [ 0.0, 2.1, -0.5 ],
									"to": [ 0.25, 2.12, 0.0 ],
									"autoUnwrap": false,
									"uv": [ 0.0, 0.0 ],
									"rotationOrigin": [ 0.0, 2.1, -0.5 ],
									"rotationX": -45.0,
									"faces": {
										"north": { "texture": "#gold", "uv": [ 0.0, 0.5, 0.5, 1.0 ], "glow": 90 },
										"east": { "texture": "#gold", "uv": [ 0.5, 0.5, 1.0, 1.0 ], "glow": 90, "windMode": [-1,-1,-1,-1] },
										"south": { "texture": "#gold", "uv": [ 1.0, 0.5, 1.5, 1.0 ], "glow": 90, "windMode": [-1,-1,-1,-1] },
										"west": { "texture": "#gold", "uv": [ 1.5, 0.5, 2.0, 1.0 ], "glow": 90, "windMode": [-1,-1,-1,-1] },
										"up": { "texture": "#gold", "uv": [ 0.0, 0.0, 0.5, 0.5 ], "glow": 90, "windMode": [-1,-1,-1,-1] },
										"down": { "texture": "#gold", "uv": [ 0.5, 0.0, 1.0, 0.5 ], "glow": 90, "windMode": [-1,-1,-1,-1] }
									}
								},
								{
									"name": "Cube32",
									"from": [ 0.0, 2.2, -0.5 ],
									"to": [ 0.25, 2.22, 0.0 ],
									"autoUnwrap": false,
									"uv": [ 0.0, 0.0 ],
									"rotationOrigin": [ 0.0, 2.2, -0.5 ],
									"rotationX": -45.0,
									"faces": {
										"north": { "texture": "#gold", "uv": [ 0.0, 0.5, 0.5, 1.0 ], "glow": 90 },
										"east": { "texture": "#gold", "uv": [ 0.5, 0.5, 1.0, 1.0 ], "glow": 90, "windMode": [-1,-1,-1,-1] },
										"south": { "texture": "#gold", "uv": [ 1.0, 0.5, 1.5, 1.0 ], "glow": 90, "windMode": [-1,-1,-1,-1] },
										"west": { "texture": "#gold", "uv": [ 1.5, 0.5, 2.0, 1.0 ], "glow": 90, "windMode": [-1,-1,-1,-1] },
										"up": { "texture": "#gold", "uv": [ 0.0, 0.0, 0.5, 0.5 ], "glow": 90, "windMode": [-1,-1,-1,-1] },
										"down": { "texture": "#gold", "uv": [ 0.5, 0.0, 1.0, 0.5 ], "glow": 90, "windMode": [-1,-1,-1,-1] }
									}
								},
								{
									"name": "Cube33",
									"from": [ 0.0, 2.2, 1.5 ],
									"to": [ 0.25, 2.22, 2.0 ],
									"autoUnwrap": false,
									"uv": [ 0.0, 0.0 ],
									"rotationOrigin": [ 0.0, 2.2, 1.5 ],
									"rotationX": -45.0,
									"faces": {
										"north": { "texture": "#gold", "uv": [ 0.0, 0.5, 0.5, 1.0 ], "glow": 90 },
										"east": { "texture": "#gold", "uv": [ 0.5, 0.5, 1.0, 1.0 ], "glow": 90, "windMode": [-1,-1,-1,-1] },
										"south": { "texture": "#gold", "uv": [ 1.0, 0.5, 1.5, 1.0 ], "glow": 90, "windMode": [-1,-1,-1,-1] },
										"west": { "texture": "#gold", "uv": [ 1.5, 0.5, 2.0, 1.0 ], "glow": 90, "windMode": [-1,-1,-1,-1] },
										"up": { "texture": "#gold", "uv": [ 0.0, 0.0, 0.5, 0.5 ], "glow": 90, "windMode": [-1,-1,-1,-1] },
										"down": { "texture": "#gold", "uv": [ 0.5, 0.0, 1.0, 0.5 ], "glow": 90, "windMode": [-1,-1,-1,-1] }
									}
								},
								{
									"name": "Cube34",
									"from": [ 0.0, 2.1, 1.5 ],
									"to": [ 0.25, 2.12, 2.0 ],
									"autoUnwrap": false,
									"uv": [ 0.0, 0.0 ],
									"rotationOrigin": [ 0.0, 2.1, 1.5 ],
									"rotationX": -45.0,
									"faces": {
										"north": { "texture": "#gold", "uv": [ 0.0, 0.5, 0.5, 1.0 ], "glow": 90 },
										"east": { "texture": "#gold", "uv": [ 0.5, 0.5, 1.0, 1.0 ], "glow": 90, "windMode": [-1,-1,-1,-1] },
										"south": { "texture": "#gold", "uv": [ 1.0, 0.5, 1.5, 1.0 ], "glow": 90, "windMode": [-1,-1,-1,-1] },
										"west": { "texture": "#gold", "uv": [ 1.5, 0.5, 2.0, 1.0 ], "glow": 90, "windMode": [-1,-1,-1,-1] },
										"up": { "texture": "#gold", "uv": [ 0.0, 0.0, 0.5, 0.5 ], "glow": 90, "windMode": [-1,-1,-1,-1] },
										"down": { "texture": "#gold", "uv": [ 0.5, 0.0, 1.0, 0.5 ], "glow": 90, "windMode": [-1,-1,-1,-1] }
									}
								},
								{
									"name": "Cube35",
									"from": [ 0.0, 2.0, 1.5 ],
									"to": [ 0.25, 2.02, 2.0 ],
									"autoUnwrap": false,
									"uv": [ 0.0, 0.0 ],
									"rotationOrigin": [ 0.0, 2.0, 1.5 ],
									"rotationX": -45.0,
									"faces": {
										"north": { "texture": "#gold", "uv": [ 0.0, 0.5, 0.5, 1.0 ], "glow": 90 },
										"east": { "texture": "#gold", "uv": [ 0.5, 0.5, 1.0, 1.0 ], "glow": 90, "windMode": [-1,-1,-1,-1] },
										"south": { "texture": "#gold", "uv": [ 1.0, 0.5, 1.5, 1.0 ], "glow": 90, "windMode": [-1,-1,-1,-1] },
										"west": { "texture": "#gold", "uv": [ 1.5, 0.5, 2.0, 1.0 ], "glow": 90, "windMode": [-1,-1,-1,-1] },
										"up": { "texture": "#gold", "uv": [ 0.0, 0.0, 0.5, 0.5 ], "glow": 90, "windMode": [-1,-1,-1,-1] },
										"down": { "texture": "#gold", "uv": [ 0.5, 0.0, 1.0, 0.5 ], "glow": 90, "windMode": [-1,-1,-1,-1] }
									}
								},
								{
									"name": "Cube36",
									"from": [ 0.0, 1.9, 1.5 ],
									"to": [ 0.25, 1.92, 2.0 ],
									"autoUnwrap": false,
									"uv": [ 0.0, 0.0 ],
									"rotationOrigin": [ 0.0, 1.9, 1.5 ],
									"rotationX": -45.0,
									"faces": {
										"north": { "texture": "#gold", "uv": [ 0.0, 0.5, 0.5, 1.0 ], "glow": 90 },
										"east": { "texture": "#gold", "uv": [ 0.5, 0.5, 1.0, 1.0 ], "glow": 90, "windMode": [-1,-1,-1,-1] },
										"south": { "texture": "#gold", "uv": [ 1.0, 0.5, 1.5, 1.0 ], "glow": 90, "windMode": [-1,-1,-1,-1] },
										"west": { "texture": "#gold", "uv": [ 1.5, 0.5, 2.0, 1.0 ], "glow": 90, "windMode": [-1,-1,-1,-1] },
										"up": { "texture": "#gold", "uv": [ 0.0, 0.0, 0.5, 0.5 ], "glow": 90, "windMode": [-1,-1,-1,-1] },
										"down": { "texture": "#gold", "uv": [ 0.5, 0.0, 1.0, 0.5 ], "glow": 90, "windMode": [-1,-1,-1,-1] }
									}
								},
								{
									"name": "Cube37",
									"from": [ 0.0, 1.8, 1.5 ],
									"to": [ 0.25, 1.82, 2.0 ],
									"autoUnwrap": false,
									"uv": [ 0.0, 0.0 ],
									"rotationOrigin": [ 0.0, 1.8, 1.5 ],
									"rotationX": -45.0,
									"faces": {
										"north": { "texture": "#gold", "uv": [ 0.0, 0.5, 0.5, 1.0 ], "glow": 90 },
										"east": { "texture": "#gold", "uv": [ 0.5, 0.5, 1.0, 1.0 ], "glow": 90, "windMode": [-1,-1,-1,-1] },
										"south": { "texture": "#gold", "uv": [ 1.0, 0.5, 1.5, 1.0 ], "glow": 90, "windMode": [-1,-1,-1,-1] },
										"west": { "texture": "#gold", "uv": [ 1.5, 0.5, 2.0, 1.0 ], "glow": 90, "windMode": [-1,-1,-1,-1] },
										"up": { "texture": "#gold", "uv": [ 0.0, 0.0, 0.5, 0.5 ], "glow": 90, "windMode": [-1,-1,-1,-1] },
										"down": { "texture": "#gold", "uv": [ 0.5, 0.0, 1.0, 0.5 ], "glow": 90, "windMode": [-1,-1,-1,-1] }
									}
								},
								{
									"name": "Cube38",
									"from": [ 0.0, 0.8, 1.5 ],
									"to": [ 0.25, 0.82, 2.0 ],
									"autoUnwrap": false,
									"uv": [ 0.0, 0.0 ],
									"rotationOrigin": [ 0.0, 0.8, 1.5 ],
									"rotationX": 45.0,
									"faces": {
										"north": { "texture": "#gold", "uv": [ 0.0, 0.5, 0.5, 1.0 ], "glow": 90 },
										"east": { "texture": "#gold", "uv": [ 0.5, 0.5, 1.0, 1.0 ], "glow": 90, "windMode": [-1,-1,-1,-1] },
										"south": { "texture": "#gold", "uv": [ 1.0, 0.5, 1.5, 1.0 ], "glow": 90, "windMode": [-1,-1,-1,-1] },
										"west": { "texture": "#gold", "uv": [ 1.5, 0.5, 2.0, 1.0 ], "glow": 90, "windMode": [-1,-1,-1,-1] },
										"up": { "texture": "#gold", "uv": [ 0.0, 0.0, 0.5, 0.5 ], "glow": 90, "windMode": [-1,-1,-1,-1] },
										"down": { "texture": "#gold", "uv": [ 0.5, 0.0, 1.0, 0.5 ], "glow": 90, "windMode": [-1,-1,-1,-1] }
									}
								},
								{
									"name": "Cube39",
									"from": [ 0.0, 0.9, 1.5 ],
									"to": [ 0.25, 0.92, 2.0 ],
									"autoUnwrap": false,
									"uv": [ 0.0, 0.0 ],
									"rotationOrigin": [ 0.0, 0.9, 1.5 ],
									"rotationX": 45.0,
									"faces": {
										"north": { "texture": "#gold", "uv": [ 0.0, 0.5, 0.5, 1.0 ], "glow": 90 },
										"east": { "texture": "#gold", "uv": [ 0.5, 0.5, 1.0, 1.0 ], "glow": 90, "windMode": [-1,-1,-1,-1] },
										"south": { "texture": "#gold", "uv": [ 1.0, 0.5, 1.5, 1.0 ], "glow": 90, "windMode": [-1,-1,-1,-1] },
										"west": { "texture": "#gold", "uv": [ 1.5, 0.5, 2.0, 1.0 ], "glow": 90, "windMode": [-1,-1,-1,-1] },
										"up": { "texture": "#gold", "uv": [ 0.0, 0.0, 0.5, 0.5 ], "glow": 90, "windMode": [-1,-1,-1,-1] },
										"down": { "texture": "#gold", "uv": [ 0.5, 0.0, 1.0, 0.5 ], "glow": 90, "windMode": [-1,-1,-1,-1] }
									}
								},
								{
									"name": "Cube40",
									"from": [ 0.0, 0.9, 1.5 ],
									"to": [ 0.25, 0.92, 1.6 ],
									"autoUnwrap": false,
									"uv": [ 0.0, 0.0 ],
									"rotationOrigin": [ 0.0, 0.9, 1.5 ],
									"rotationX": 90.0,
									"faces": {
										"north": { "texture": "#gold", "uv": [ 0.0, 0.5, 0.5, 1.0 ], "glow": 90 },
										"east": { "texture": "#gold", "uv": [ 0.5, 0.5, 1.0, 1.0 ], "glow": 90, "windMode": [-1,-1,-1,-1] },
										"south": { "texture": "#gold", "uv": [ 1.0, 0.5, 1.5, 1.0 ], "glow": 90, "windMode": [-1,-1,-1,-1] },
										"west": { "texture": "#gold", "uv": [ 1.5, 0.5, 2.0, 1.0 ], "glow": 90, "windMode": [-1,-1,-1,-1] },
										"up": { "texture": "#gold", "uv": [ 0.0, 0.0, 0.5, 0.5 ], "glow": 90, "windMode": [-1,-1,-1,-1] },
										"down": { "texture": "#gold", "uv": [ 0.5, 0.0, 1.0, 0.5 ], "glow": 90, "windMode": [-1,-1,-1,-1] }
									}
								},
								{
									"name": "Cube41",
									"from": [ 0.0, 2.23, 1.48 ],
									"to": [ 0.25, 2.25, 1.9 ],
									"autoUnwrap": false,
									"uv": [ 0.0, 0.0 ],
									"rotationOrigin": [ 0.0, 2.23, 1.475 ],
									"rotationX": 90.0,
									"faces": {
										"north": { "texture": "#gold", "uv": [ 0.0, 0.5, 0.5, 1.0 ], "glow": 90 },
										"east": { "texture": "#gold", "uv": [ 0.5, 0.5, 1.0, 1.0 ], "glow": 90, "windMode": [-1,-1,-1,-1] },
										"south": { "texture": "#gold", "uv": [ 1.0, 0.5, 1.5, 1.0 ], "glow": 90, "windMode": [-1,-1,-1,-1] },
										"west": { "texture": "#gold", "uv": [ 1.5, 0.5, 2.0, 1.0 ], "glow": 90, "windMode": [-1,-1,-1,-1] },
										"up": { "texture": "#gold", "uv": [ 0.0, 0.0, 0.5, 0.5 ], "glow": 90, "windMode": [-1,-1,-1,-1] },
										"down": { "texture": "#gold", "uv": [ 0.5, 0.0, 1.0, 0.5 ], "glow": 90, "windMode": [-1,-1,-1,-1] }
									}
								},
								{
									"name": "Cube42",
									"from": [ 0.0, 1.16, -0.15 ],
									"to": [ 0.25, 1.18, 0.3 ],
									"autoUnwrap": false,
									"uv": [ 0.0, 0.0 ],
									"rotationOrigin": [ 0.0, 1.16, -0.15 ],
									"rotationX": 90.0,
									"faces": {
										"north": { "texture": "#gold", "uv": [ 0.0, 0.5, 0.5, 1.0 ], "glow": 90 },
										"east": { "texture": "#gold", "uv": [ 0.5, 0.5, 1.0, 1.0 ], "glow": 90, "windMode": [-1,-1,-1,-1] },
										"south": { "texture": "#gold", "uv": [ 1.0, 0.5, 1.5, 1.0 ], "glow": 90, "windMode": [-1,-1,-1,-1] },
										"west": { "texture": "#gold", "uv": [ 1.5, 0.5, 2.0, 1.0 ], "glow": 90, "windMode": [-1,-1,-1,-1] },
										"up": { "texture": "#gold", "uv": [ 0.0, 0.0, 0.5, 0.5 ], "glow": 90, "windMode": [-1,-1,-1,-1] },
										"down": { "texture": "#gold", "uv": [ 0.5, 0.0, 1.0, 0.5 ], "glow": 90, "windMode": [-1,-1,-1,-1] }
									}
								},
								{
									"name": "Cube43",
									"from": [ 0.0, 2.71, -0.15 ],
									"to": [ 0.25, 2.73, 0.12 ],
									"autoUnwrap": false,
									"uv": [ 0.0, 0.0 ],
									"rotationOrigin": [ 0.0, 2.72, -0.15 ],
									"rotationX": 90.0,
									"faces": {
										"north": { "texture": "#gold", "uv": [ 0.0, 0.5, 0.5, 1.0 ], "glow": 90 },
										"east": { "texture": "#gold", "uv": [ 0.5, 0.5, 1.0, 1.0 ], "glow": 90, "windMode": [-1,-1,-1,-1] },
										"south": { "texture": "#gold", "uv": [ 1.0, 0.5, 1.5, 1.0 ], "glow": 90, "windMode": [-1,-1,-1,-1] },
										"west": { "texture": "#gold", "uv": [ 1.5, 0.5, 2.0, 1.0 ], "glow": 90, "windMode": [-1,-1,-1,-1] },
										"up": { "texture": "#gold", "uv": [ 0.0, 0.0, 0.5, 0.5 ], "glow": 90, "windMode": [-1,-1,-1,-1] },
										"down": { "texture": "#gold", "uv": [ 0.5, 0.0, 1.0, 0.5 ], "glow": 90, "windMode": [-1,-1,-1,-1] }
									}
								},
								{
									"name": "Cube44",
									"from": [ 0.0, 1.25, 0.0 ],
									"to": [ 0.25, 1.27, 2.0 ],
									"autoUnwrap": false,
									"uv": [ 0.0, 0.0 ],
									"rotationOrigin": [ 0.0, 1.2, 0.0 ],
									"faces": {
										"north": { "texture": "#gold", "uv": [ 0.0, 2.0, 0.5, 2.5 ], "glow": 90 },
										"east": { "texture": "#gold", "uv": [ 0.5, 2.0, 2.5, 2.5 ], "glow": 90, "windMode": [-1,-1,-1,-1] },
										"south": { "texture": "#gold", "uv": [ 2.5, 2.0, 3.0, 2.5 ], "glow": 90, "windMode": [-1,-1,-1,-1] },
										"west": { "texture": "#gold", "uv": [ 3.0, 2.0, 5.0, 2.5 ], "glow": 90, "windMode": [-1,-1,-1,-1] },
										"up": { "texture": "#gold", "uv": [ 0.0, 0.0, 0.5, 2.0 ], "glow": 90, "windMode": [-1,-1,-1,-1] },
										"down": { "texture": "#gold", "uv": [ 0.5, 0.0, 1.0, 2.0 ], "glow": 90, "windMode": [-1,-1,-1,-1] }
									}
								},
								{
									"name": "Cube45",
									"from": [ 0.0, 1.3, 0.0 ],
									"to": [ 0.25, 1.32, 2.0 ],
									"autoUnwrap": false,
									"uv": [ 0.0, 0.0 ],
									"rotationOrigin": [ 0.0, 1.2, 0.0 ],
									"faces": {
										"north": { "texture": "#gold", "uv": [ 0.0, 2.0, 0.5, 2.5 ], "glow": 90 },
										"east": { "texture": "#gold", "uv": [ 0.5, 2.0, 2.5, 2.5 ], "glow": 90, "windMode": [-1,-1,-1,-1] },
										"south": { "texture": "#gold", "uv": [ 2.5, 2.0, 3.0, 2.5 ], "glow": 90, "windMode": [-1,-1,-1,-1] },
										"west": { "texture": "#gold", "uv": [ 3.0, 2.0, 5.0, 2.5 ], "glow": 90, "windMode": [-1,-1,-1,-1] },
										"up": { "texture": "#gold", "uv": [ 0.0, 0.0, 0.5, 2.0 ], "glow": 90, "windMode": [-1,-1,-1,-1] },
										"down": { "texture": "#gold", "uv": [ 0.5, 0.0, 1.0, 2.0 ], "glow": 90, "windMode": [-1,-1,-1,-1] }
									}
								},
								{
									"name": "Cube46",
									"from": [ 0.0, 1.35, 0.0 ],
									"to": [ 0.25, 1.37, 2.0 ],
									"autoUnwrap": false,
									"uv": [ 0.0, 0.0 ],
									"rotationOrigin": [ 0.0, 1.2, 0.0 ],
									"faces": {
										"north": { "texture": "#gold", "uv": [ 0.0, 2.0, 0.5, 2.5 ], "glow": 90 },
										"east": { "texture": "#gold", "uv": [ 0.5, 2.0, 2.5, 2.5 ], "glow": 90, "windMode": [-1,-1,-1,-1] },
										"south": { "texture": "#gold", "uv": [ 2.5, 2.0, 3.0, 2.5 ], "glow": 90, "windMode": [-1,-1,-1,-1] },
										"west": { "texture": "#gold", "uv": [ 3.0, 2.0, 5.0, 2.5 ], "glow": 90, "windMode": [-1,-1,-1,-1] },
										"up": { "texture": "#gold", "uv": [ 0.0, 0.0, 0.5, 2.0 ], "glow": 90, "windMode": [-1,-1,-1,-1] },
										"down": { "texture": "#gold", "uv": [ 0.5, 0.0, 1.0, 2.0 ], "glow": 90, "windMode": [-1,-1,-1,-1] }
									}
								},
								{
									"name": "Cube47",
									"from": [ 0.0, 2.75, 0.0 ],
									"to": [ 0.25, 2.77, 2.0 ],
									"autoUnwrap": false,
									"uv": [ 0.0, 0.0 ],
									"rotationOrigin": [ 0.0, 2.6, 0.0 ],
									"faces": {
										"north": { "texture": "#gold", "uv": [ 0.0, 2.0, 0.5, 2.5 ], "glow": 90, "windMode": [-1,-1,-1,-1] },
										"east": { "texture": "#gold", "uv": [ 0.5, 2.0, 2.5, 2.5 ], "glow": 90, "windMode": [-1,-1,-1,-1] },
										"south": { "texture": "#gold", "uv": [ 2.5, 2.0, 3.0, 2.5 ], "glow": 90, "windMode": [-1,-1,-1,-1] },
										"west": { "texture": "#gold", "uv": [ 3.0, 2.0, 5.0, 2.5 ], "glow": 90, "windMode": [-1,-1,-1,-1] },
										"up": { "texture": "#gold", "uv": [ 0.0, 0.0, 0.5, 2.0 ], "glow": 90, "windMode": [-1,-1,-1,-1] },
										"down": { "texture": "#gold", "uv": [ 0.5, 0.0, 1.0, 2.0 ], "glow": 90, "windMode": [-1,-1,-1,-1] }
									}
								},
								{
									"name": "Cube48",
									"from": [ 0.0, 2.7, 0.0 ],
									"to": [ 0.25, 2.72, 2.0 ],
									"autoUnwrap": false,
									"uv": [ 0.0, 0.0 ],
									"rotationOrigin": [ 0.0, 2.6, 0.0 ],
									"faces": {
										"north": { "texture": "#gold", "uv": [ 0.0, 2.0, 0.5, 2.5 ], "glow": 90 },
										"east": { "texture": "#gold", "uv": [ 0.5, 2.0, 2.5, 2.5 ], "glow": 90, "windMode": [-1,-1,-1,-1] },
										"south": { "texture": "#gold", "uv": [ 2.5, 2.0, 3.0, 2.5 ], "glow": 90, "windMode": [-1,-1,-1,-1] },
										"west": { "texture": "#gold", "uv": [ 3.0, 2.0, 5.0, 2.5 ], "glow": 90, "windMode": [-1,-1,-1,-1] },
										"up": { "texture": "#gold", "uv": [ 0.0, 0.0, 0.5, 2.0 ], "glow": 90, "windMode": [-1,-1,-1,-1] },
										"down": { "texture": "#gold", "uv": [ 0.5, 0.0, 1.0, 2.0 ], "glow": 90, "windMode": [-1,-1,-1,-1] }
									}
								},
								{
									"name": "Cube49",
									"from": [ 0.0, 2.65, 0.0 ],
									"to": [ 0.25, 2.67, 2.0 ],
									"autoUnwrap": false,
									"uv": [ 0.0, 0.0 ],
									"rotationOrigin": [ 0.0, 2.6, 0.0 ],
									"faces": {
										"north": { "texture": "#gold", "uv": [ 0.0, 2.0, 0.5, 2.5 ], "glow": 90 },
										"east": { "texture": "#gold", "uv": [ 0.5, 2.0, 2.5, 2.5 ], "glow": 90, "windMode": [-1,-1,-1,-1] },
										"south": { "texture": "#gold", "uv": [ 2.5, 2.0, 3.0, 2.5 ], "glow": 90, "windMode": [-1,-1,-1,-1] },
										"west": { "texture": "#gold", "uv": [ 3.0, 2.0, 5.0, 2.5 ], "glow": 90, "windMode": [-1,-1,-1,-1] },
										"up": { "texture": "#gold", "uv": [ 0.0, 0.0, 0.5, 2.0 ], "glow": 90, "windMode": [-1,-1,-1,-1] },
										"down": { "texture": "#gold", "uv": [ 0.5, 0.0, 1.0, 2.0 ], "glow": 90, "windMode": [-1,-1,-1,-1] }
									}
								},
								{
									"name": "Cube50",
									"from": [ 0.0, 1.85, 0.5 ],
									"to": [ 0.25, 1.87, 1.48 ],
									"autoUnwrap": false,
									"uv": [ 0.0, 0.0 ],
									"rotationOrigin": [ 0.0, 1.7, 0.5 ],
									"faces": {
										"north": { "texture": "#gold", "uv": [ 0.0, 0.5, 0.5, 1.0 ], "glow": 90 },
										"east": { "texture": "#gold", "uv": [ 0.5, 0.5, 1.0, 1.0 ], "glow": 90, "windMode": [-1,-1,-1,-1] },
										"south": { "texture": "#gold", "uv": [ 1.0, 0.5, 1.5, 1.0 ], "glow": 90, "windMode": [-1,-1,-1,-1] },
										"west": { "texture": "#gold", "uv": [ 1.5, 0.5, 2.0, 1.0 ], "glow": 90, "windMode": [-1,-1,-1,-1] },
										"up": { "texture": "#gold", "uv": [ 0.0, 0.0, 0.5, 0.5 ], "glow": 90, "windMode": [-1,-1,-1,-1] },
										"down": { "texture": "#gold", "uv": [ 0.5, 0.0, 1.0, 0.5 ], "glow": 90, "windMode": [-1,-1,-1,-1] }
									}
								},
								{
									"name": "Cube51",
									"from": [ 0.0, 2.05, 0.5 ],
									"to": [ 0.25, 2.07, 1.48 ],
									"autoUnwrap": false,
									"uv": [ 0.0, 0.0 ],
									"rotationOrigin": [ 0.0, 1.9, 0.5 ],
									"faces": {
										"north": { "texture": "#gold", "uv": [ 0.0, 0.5, 0.5, 1.0 ], "glow": 90 },
										"east": { "texture": "#gold", "uv": [ 0.5, 0.5, 1.0, 1.0 ], "glow": 90, "windMode": [-1,-1,-1,-1] },
										"south": { "texture": "#gold", "uv": [ 1.0, 0.5, 1.5, 1.0 ], "glow": 90, "windMode": [-1,-1,-1,-1] },
										"west": { "texture": "#gold", "uv": [ 1.5, 0.5, 2.0, 1.0 ], "glow": 90, "windMode": [-1,-1,-1,-1] },
										"up": { "texture": "#gold", "uv": [ 0.0, 0.0, 0.5, 0.5 ], "glow": 90, "windMode": [-1,-1,-1,-1] },
										"down": { "texture": "#gold", "uv": [ 0.5, 0.0, 1.0, 0.5 ], "glow": 90, "windMode": [-1,-1,-1,-1] }
									}
								},
								{
									"name": "Cube52",
									"from": [ 0.0, 1.47, 0.5 ],
									"to": [ 0.25, 1.49, 1.48 ],
									"autoUnwrap": false,
									"uv": [ 0.0, 0.0 ],
									"rotationOrigin": [ 0.0, 1.3, 0.5 ],
									"faces": {
										"north": { "texture": "#gold", "uv": [ 0.0, 0.5, 0.5, 1.0 ], "glow": 90 },
										"east": { "texture": "#gold", "uv": [ 0.5, 0.5, 1.0, 1.0 ], "glow": 90, "windMode": [-1,-1,-1,-1] },
										"south": { "texture": "#gold", "uv": [ 1.0, 0.5, 1.5, 1.0 ], "glow": 90, "windMode": [-1,-1,-1,-1] },
										"west": { "texture": "#gold", "uv": [ 1.5, 0.5, 2.0, 1.0 ], "glow": 90, "windMode": [-1,-1,-1,-1] },
										"up": { "texture": "#gold", "uv": [ 0.0, 0.0, 0.5, 0.5 ], "glow": 90, "windMode": [-1,-1,-1,-1] },
										"down": { "texture": "#gold", "uv": [ 0.5, 0.0, 1.0, 0.5 ], "glow": 90, "windMode": [-1,-1,-1,-1] }
									}
								},
								{
									"name": "Cube53",
									"from": [ 0.0, 1.48, 1.48 ],
									"to": [ 0.25, 1.5, 1.98 ],
									"autoUnwrap": false,
									"uv": [ 0.0, 0.0 ],
									"rotationOrigin": [ 0.0, 1.48, 1.49 ],
									"rotationX": -45.0,
									"faces": {
										"north": { "texture": "#gold", "uv": [ 0.0, 0.5, 0.5, 1.0 ], "glow": 90 },
										"east": { "texture": "#gold", "uv": [ 0.5, 0.5, 1.0, 1.0 ], "glow": 90, "windMode": [-1,-1,-1,-1] },
										"south": { "texture": "#gold", "uv": [ 1.0, 0.5, 1.5, 1.0 ], "glow": 90, "windMode": [-1,-1,-1,-1] },
										"west": { "texture": "#gold", "uv": [ 1.5, 0.5, 2.0, 1.0 ], "glow": 90, "windMode": [-1,-1,-1,-1] },
										"up": { "texture": "#gold", "uv": [ 0.0, 0.0, 0.5, 0.5 ], "glow": 90, "windMode": [-1,-1,-1,-1] },
										"down": { "texture": "#gold", "uv": [ 0.5, 0.0, 1.0, 0.5 ], "glow": 90, "windMode": [-1,-1,-1,-1] }
									}
								},
								{
									"name": "Cube54",
									"from": [ 0.0, 0.9, 0.5 ],
									"to": [ 0.25, 0.92, 1.51 ],
									"autoUnwrap": false,
									"uv": [ 0.0, 0.0 ],
									"rotationOrigin": [ 0.0, 0.8, 0.5 ],
									"faces": {
										"north": { "texture": "#gold", "uv": [ 0.0, 1.0, 0.5, 1.5 ], "glow": 90 },
										"east": { "texture": "#gold", "uv": [ 0.5, 1.0, 1.5, 1.5 ], "glow": 90, "windMode": [-1,-1,-1,-1] },
										"south": { "texture": "#gold", "uv": [ 1.5, 1.0, 2.0, 1.5 ], "glow": 90, "windMode": [-1,-1,-1,-1] },
										"west": { "texture": "#gold", "uv": [ 2.0, 1.0, 3.0, 1.5 ], "glow": 90, "windMode": [-1,-1,-1,-1] },
										"up": { "texture": "#gold", "uv": [ 0.0, 0.0, 0.5, 1.0 ], "glow": 90, "windMode": [-1,-1,-1,-1] },
										"down": { "texture": "#gold", "uv": [ 0.5, 0.0, 1.0, 1.0 ], "glow": 90, "windMode": [-1,-1,-1,-1] }
									}
								},
								{
									"name": "Cube55",
									"from": [ 0.0, 0.71, -0.14 ],
									"to": [ 0.25, 0.73, 0.84 ],
									"autoUnwrap": false,
									"uv": [ 0.0, 0.0 ],
									"rotationOrigin": [ 0.0, 0.6, -0.1 ],
									"faces": {
										"north": { "texture": "#gold", "uv": [ 0.0, 0.5, 0.5, 1.0 ], "glow": 90 },
										"east": { "texture": "#gold", "uv": [ 0.5, 0.5, 1.0, 1.0 ], "glow": 90, "windMode": [-1,-1,-1,-1] },
										"south": { "texture": "#gold", "uv": [ 1.0, 0.5, 1.5, 1.0 ], "glow": 90, "windMode": [-1,-1,-1,-1] },
										"west": { "texture": "#gold", "uv": [ 1.5, 0.5, 2.0, 1.0 ], "glow": 90, "windMode": [-1,-1,-1,-1] },
										"up": { "texture": "#gold", "uv": [ 0.0, 0.0, 0.5, 0.5 ], "glow": 90, "windMode": [-1,-1,-1,-1] },
										"down": { "texture": "#gold", "uv": [ 0.5, 0.0, 1.0, 0.5 ], "glow": 90, "windMode": [-1,-1,-1,-1] }
									}
								},
								{
									"name": "Cube56",
									"from": [ 0.0, 0.77, -0.14 ],
									"to": [ 0.25, 0.79, 0.84 ],
									"autoUnwrap": false,
									"uv": [ 0.0, 0.0 ],
									"rotationOrigin": [ 0.0, 0.6, -0.1 ],
									"faces": {
										"north": { "texture": "#gold", "uv": [ 0.0, 0.5, 0.5, 1.0 ], "glow": 90 },
										"east": { "texture": "#gold", "uv": [ 0.5, 0.5, 1.0, 1.0 ], "glow": 90, "windMode": [-1,-1,-1,-1] },
										"south": { "texture": "#gold", "uv": [ 1.0, 0.5, 1.5, 1.0 ], "glow": 90, "windMode": [-1,-1,-1,-1] },
										"west": { "texture": "#gold", "uv": [ 1.5, 0.5, 2.0, 1.0 ], "glow": 90, "windMode": [-1,-1,-1,-1] },
										"up": { "texture": "#gold", "uv": [ 0.0, 0.0, 0.5, 0.5 ], "glow": 90, "windMode": [-1,-1,-1,-1] },
										"down": { "texture": "#gold", "uv": [ 0.5, 0.0, 1.0, 0.5 ], "glow": 90, "windMode": [-1,-1,-1,-1] }
									}
								},
								{
									"name": "Cube57",
									"from": [ 0.0, 2.7, -0.15 ],
									"to": [ 0.25, 2.72, 0.83 ],
									"autoUnwrap": false,
									"uv": [ 0.0, 0.0 ],
									"rotationOrigin": [ 0.0, 2.5, -0.1 ],
									"faces": {
										"north": { "texture": "#gold", "uv": [ 0.0, 0.5, 0.5, 1.0 ], "glow": 90 },
										"east": { "texture": "#gold", "uv": [ 0.5, 0.5, 1.0, 1.0 ], "glow": 90, "windMode": [-1,-1,-1,-1] },
										"south": { "texture": "#gold", "uv": [ 1.0, 0.5, 1.5, 1.0 ], "glow": 90, "windMode": [-1,-1,-1,-1] },
										"west": { "texture": "#gold", "uv": [ 1.5, 0.5, 2.0, 1.0 ], "glow": 90, "windMode": [-1,-1,-1,-1] },
										"up": { "texture": "#gold", "uv": [ 0.0, 0.0, 0.5, 0.5 ], "glow": 90, "windMode": [-1,-1,-1,-1] },
										"down": { "texture": "#gold", "uv": [ 0.5, 0.0, 1.0, 0.5 ], "glow": 90, "windMode": [-1,-1,-1,-1] }
									}
								},
								{
									"name": "Cube58",
									"from": [ 0.0, 2.65, -0.15 ],
									"to": [ 0.25, 2.67, 0.83 ],
									"autoUnwrap": false,
									"uv": [ 0.0, 0.0 ],
									"rotationOrigin": [ 0.0, 2.4, -0.1 ],
									"faces": {
										"north": { "texture": "#gold", "uv": [ 0.0, 0.5, 0.5, 1.0 ], "glow": 90 },
										"east": { "texture": "#gold", "uv": [ 0.5, 0.5, 1.0, 1.0 ], "glow": 90, "windMode": [-1,-1,-1,-1] },
										"south": { "texture": "#gold", "uv": [ 1.0, 0.5, 1.5, 1.0 ], "glow": 90, "windMode": [-1,-1,-1,-1] },
										"west": { "texture": "#gold", "uv": [ 1.5, 0.5, 2.0, 1.0 ], "glow": 90, "windMode": [-1,-1,-1,-1] },
										"up": { "texture": "#gold", "uv": [ 0.0, 0.0, 0.5, 0.5 ], "glow": 90, "windMode": [-1,-1,-1,-1] },
										"down": { "texture": "#gold", "uv": [ 0.5, 0.0, 1.0, 0.5 ], "glow": 90, "windMode": [-1,-1,-1,-1] }
									}
								},
								{
									"name": "Cube59",
									"from": [ 0.0, 2.75, -0.55 ],
									"to": [ 0.25, 2.77, 0.43 ],
									"autoUnwrap": false,
									"uv": [ 0.0, 0.0 ],
									"rotationOrigin": [ 0.0, 2.5, -0.5 ],
									"faces": {
										"north": { "texture": "#gold", "uv": [ 0.0, 0.5, 0.5, 1.0 ], "glow": 90 },
										"east": { "texture": "#gold", "uv": [ 0.5, 0.5, 1.0, 1.0 ], "glow": 90, "windMode": [-1,-1,-1,-1] },
										"south": { "texture": "#gold", "uv": [ 1.0, 0.5, 1.5, 1.0 ], "glow": 90, "windMode": [-1,-1,-1,-1] },
										"west": { "texture": "#gold", "uv": [ 1.5, 0.5, 2.0, 1.0 ], "glow": 90, "windMode": [-1,-1,-1,-1] },
										"up": { "texture": "#gold", "uv": [ 0.0, 0.0, 0.5, 0.5 ], "glow": 90, "windMode": [-1,-1,-1,-1] },
										"down": { "texture": "#gold", "uv": [ 0.5, 0.0, 1.0, 0.5 ], "glow": 90, "windMode": [-1,-1,-1,-1] }
									}
								},
								{
									"name": "Cube60",
									"from": [ 0.0, 2.05, -0.55 ],
									"to": [ 0.25, 2.07, 0.43 ],
									"autoUnwrap": false,
									"uv": [ 0.0, 0.0 ],
									"rotationOrigin": [ 0.0, 1.8, -0.5 ],
									"faces": {
										"north": { "texture": "#gold", "uv": [ 0.0, 0.5, 0.5, 1.0 ], "glow": 90 },
										"east": { "texture": "#gold", "uv": [ 0.5, 0.5, 1.0, 1.0 ], "glow": 90, "windMode": [-1,-1,-1,-1] },
										"south": { "texture": "#gold", "uv": [ 1.0, 0.5, 1.5, 1.0 ], "glow": 90, "windMode": [-1,-1,-1,-1] },
										"west": { "texture": "#gold", "uv": [ 1.5, 0.5, 2.0, 1.0 ], "glow": 90, "windMode": [-1,-1,-1,-1] },
										"up": { "texture": "#gold", "uv": [ 0.0, 0.0, 0.5, 0.5 ], "glow": 90, "windMode": [-1,-1,-1,-1] },
										"down": { "texture": "#gold", "uv": [ 0.5, 0.0, 1.0, 0.5 ], "glow": 90, "windMode": [-1,-1,-1,-1] }
									}
								},
								{
									"name": "Cube61",
									"from": [ 0.0, 1.95, -0.55 ],
									"to": [ 0.25, 1.97, 0.43 ],
									"autoUnwrap": false,
									"uv": [ 0.0, 0.0 ],
									"rotationOrigin": [ 0.0, 1.7, -0.5 ],
									"faces": {
										"north": { "texture": "#gold", "uv": [ 0.0, 0.5, 0.5, 1.0 ], "glow": 90 },
										"east": { "texture": "#gold", "uv": [ 0.5, 0.5, 1.0, 1.0 ], "glow": 90, "windMode": [-1,-1,-1,-1] },
										"south": { "texture": "#gold", "uv": [ 1.0, 0.5, 1.5, 1.0 ], "glow": 90, "windMode": [-1,-1,-1,-1] },
										"west": { "texture": "#gold", "uv": [ 1.5, 0.5, 2.0, 1.0 ], "glow": 90, "windMode": [-1,-1,-1,-1] },
										"up": { "texture": "#gold", "uv": [ 0.0, 0.0, 0.5, 0.5 ], "glow": 90, "windMode": [-1,-1,-1,-1] },
										"down": { "texture": "#gold", "uv": [ 0.5, 0.0, 1.0, 0.5 ], "glow": 90, "windMode": [-1,-1,-1,-1] }
									}
								},
								{
									"name": "Cube62",
									"from": [ 0.0, 1.85, -0.55 ],
									"to": [ 0.25, 1.87, 0.43 ],
									"autoUnwrap": false,
									"uv": [ 0.0, 0.0 ],
									"rotationOrigin": [ 0.0, 1.6, -0.5 ],
									"faces": {
										"north": { "texture": "#gold", "uv": [ 0.0, 0.5, 0.5, 1.0 ], "glow": 90 },
										"east": { "texture": "#gold", "uv": [ 0.5, 0.5, 1.0, 1.0 ], "glow": 90, "windMode": [-1,-1,-1,-1] },
										"south": { "texture": "#gold", "uv": [ 1.0, 0.5, 1.5, 1.0 ], "glow": 90, "windMode": [-1,-1,-1,-1] },
										"west": { "texture": "#gold", "uv": [ 1.5, 0.5, 2.0, 1.0 ], "glow": 90, "windMode": [-1,-1,-1,-1] },
										"up": { "texture": "#gold", "uv": [ 0.0, 0.0, 0.5, 0.5 ], "glow": 90, "windMode": [-1,-1,-1,-1] },
										"down": { "texture": "#gold", "uv": [ 0.5, 0.0, 1.0, 0.5 ], "glow": 90, "windMode": [-1,-1,-1,-1] }
									}
								},
								{
									"name": "Cube63",
									"from": [ 0.0, 1.35, -0.55 ],
									"to": [ 0.25, 1.37, 0.43 ],
									"autoUnwrap": false,
									"uv": [ 0.0, 0.0 ],
									"rotationOrigin": [ 0.0, 1.1, -0.5 ],
									"faces": {
										"north": { "texture": "#gold", "uv": [ 0.0, 0.5, 0.5, 1.0 ], "glow": 90 },
										"east": { "texture": "#gold", "uv": [ 0.5, 0.5, 1.0, 1.0 ], "glow": 90, "windMode": [-1,-1,-1,-1] },
										"south": { "texture": "#gold", "uv": [ 1.0, 0.5, 1.5, 1.0 ], "glow": 90, "windMode": [-1,-1,-1,-1] },
										"west": { "texture": "#gold", "uv": [ 1.5, 0.5, 2.0, 1.0 ], "glow": 90, "windMode": [-1,-1,-1,-1] },
										"up": { "texture": "#gold", "uv": [ 0.0, 0.0, 0.5, 0.5 ], "glow": 90, "windMode": [-1,-1,-1,-1] },
										"down": { "texture": "#gold", "uv": [ 0.5, 0.0, 1.0, 0.5 ], "glow": 90, "windMode": [-1,-1,-1,-1] }
									}
								},
								{
									"name": "Cube64",
									"from": [ 0.0, 1.45, -0.55 ],
									"to": [ 0.25, 1.47, 0.43 ],
									"autoUnwrap": false,
									"uv": [ 0.0, 0.0 ],
									"rotationOrigin": [ 0.0, 1.2, -0.5 ],
									"faces": {
										"north": { "texture": "#gold", "uv": [ 0.0, 0.5, 0.5, 1.0 ], "glow": 90 },
										"east": { "texture": "#gold", "uv": [ 0.5, 0.5, 1.0, 1.0 ], "glow": 90, "windMode": [-1,-1,-1,-1] },
										"south": { "texture": "#gold", "uv": [ 1.0, 0.5, 1.5, 1.0 ], "glow": 90, "windMode": [-1,-1,-1,-1] },
										"west": { "texture": "#gold", "uv": [ 1.5, 0.5, 2.0, 1.0 ], "glow": 90, "windMode": [-1,-1,-1,-1] },
										"up": { "texture": "#gold", "uv": [ 0.0, 0.0, 0.5, 0.5 ], "glow": 90, "windMode": [-1,-1,-1,-1] },
										"down": { "texture": "#gold", "uv": [ 0.5, 0.0, 1.0, 0.5 ], "glow": 90, "windMode": [-1,-1,-1,-1] }
									}
								}
							]
						},
						{
							"name": "Cube24",
							"from": [ 0.05, -0.53, 0.0 ],
							"to": [ 0.45, 0.17, 0.4 ],
							"autoUnwrap": false,
							"uv": [ 0.0, 0.0 ],
							"rotationOrigin": [ 0.1, 0.2, 0.0 ],
							"rotationZ": -28.0,
							"faces": {
								"north": { "texture": "#copper", "uv": [ 0.0, 0.5, 0.5, 1.0 ], "glow": 170, "windMode": [-1,-1,-1,-1] },
								"east": { "texture": "#copper", "uv": [ 0.5, 0.5, 1.0, 1.0 ], "glow": 170, "windMode": [-1,-1,-1,-1] },
								"south": { "texture": "#copper", "uv": [ 1.0, 0.5, 1.5, 1.0 ], "glow": 170, "windMode": [-1,-1,-1,-1] },
								"west": { "texture": "#copper", "uv": [ 1.5, 0.5, 2.0, 1.0 ], "glow": 170, "windMode": [-1,-1,-1,-1] },
								"up": { "texture": "#copper", "uv": [ 0.0, 0.0, 0.5, 0.5 ], "glow": 170, "windMode": [-1,-1,-1,-1] },
								"down": { "texture": "#copper", "uv": [ 0.5, 0.0, 1.0, 0.5 ], "glow": 170, "windMode": [-1,-1,-1,-1] }
							},
							"children": [
								{
									"name": "Cube25",
									"from": [ -0.65, -1.34, 0.0 ],
									"to": [ -0.25, 0.56, 0.4 ],
									"autoUnwrap": false,
									"uv": [ 0.0, 0.0 ],
									"rotationOrigin": [ -0.65, -0.57, 0.0 ],
									"rotationZ": -42.0,
									"faces": {
										"north": { "texture": "#copper", "uv": [ 0.0, 0.5, 0.5, 2.0 ], "glow": 170, "windMode": [-1,-1,-1,-1] },
										"east": { "texture": "#copper", "uv": [ 0.5, 0.5, 1.0, 2.0 ], "glow": 170, "windMode": [-1,-1,-1,-1] },
										"south": { "texture": "#copper", "uv": [ 1.0, 0.5, 1.5, 2.0 ], "glow": 170, "windMode": [-1,-1,-1,-1] },
										"west": { "texture": "#copper", "uv": [ 1.5, 0.5, 2.0, 2.0 ], "glow": 170, "windMode": [-1,-1,-1,-1] },
										"up": { "texture": "#copper", "uv": [ 0.0, 0.0, 0.5, 0.5 ], "glow": 170, "windMode": [-1,-1,-1,-1] },
										"down": { "texture": "#copper", "uv": [ 0.5, 0.0, 1.0, 0.5 ], "glow": 170, "windMode": [-1,-1,-1,-1] }
									}
								}
							]
						}
					]
				},
				{
					"name": "Cube11",
					"from": [ 0.0, -4.0, 0.0 ],
					"to": [ 0.3, 0.0, 1.2 ],
					"autoUnwrap": false,
					"uv": [ 0.0, 0.0 ],
					"rotationOrigin": [ 0.0, -4.0, 0.0 ],
					"faces": {
						"north": { "texture": "#iron", "uv": [ 0.0, 1.0, 0.5, 5.0 ] },
						"east": { "texture": "#iron", "uv": [ 8.0, 2.5, 9.0, 6.5 ] },
						"south": { "texture": "#iron", "uv": [ 1.5, 1.0, 2.0, 5.0 ] },
						"west": { "texture": "#iron", "uv": [ 2.0, 1.0, 3.0, 5.0 ] },
						"up": { "texture": "#iron", "uv": [ 0.0, 0.0, 0.5, 1.0 ] },
						"down": { "texture": "#iron", "uv": [ 0.5, 0.0, 1.0, 1.0 ] }
					}
				},
				{
					"name": "Cube12",
					"from": [ 0.0, -4.0, 3.2 ],
					"to": [ 0.3, 0.0, 4.4 ],
					"uv": [ 0.0, 0.0 ],
					"rotationOrigin": [ 0.0, -4.0, 3.2 ],
					"faces": {
						"north": { "texture": "#iron", "uv": [ 0.0, 1.0, 0.5, 5.0 ] },
						"east": { "texture": "#iron", "uv": [ 0.5, 1.0, 1.5, 5.0 ] },
						"south": { "texture": "#iron", "uv": [ 1.5, 1.0, 2.0, 5.0 ] },
						"west": { "texture": "#iron", "uv": [ 2.0, 1.0, 3.0, 5.0 ] },
						"up": { "texture": "#iron", "uv": [ 0.0, 0.0, 0.5, 1.0 ] },
						"down": { "texture": "#iron", "uv": [ 0.5, 0.0, 1.0, 1.0 ] }
					}
				},
				{
					"name": "Cube13",
					"from": [ 0.0, -2.9, 0.9 ],
					"to": [ 0.2, 0.1, 3.3 ],
					"autoUnwrap": false,
					"uv": [ 0.0, 0.0 ],
					"rotationOrigin": [ 0.0, -2.9, 0.9 ],
					"faces": {
						"north": { "texture": "#uranium", "uv": [ 7.5, 4.0, 8.0, 7.0 ], "glow": 35, "windMode": [-1,-1,-1,-1] },
						"east": { "texture": "#uranium", "uv": [ 4.5, 0.0, 6.5, 3.0 ], "glow": 35 },
						"south": { "texture": "#uranium", "uv": [ 5.5, 10.5, 6.0, 13.5 ], "glow": 35, "windMode": [-1,-1,-1,-1] },
						"west": { "texture": "#uranium", "uv": [ 4.5, 10.5, 6.5, 13.5 ], "glow": 35, "windMode": [-1,-1,-1,-1] },
						"up": { "texture": "#uranium", "uv": [ 8.0, 4.0, 8.5, 6.0 ], "glow": 35, "windMode": [-1,-1,-1,-1] },
						"down": { "texture": "#uranium", "uv": [ 10.0, 2.0, 10.5, 4.0 ], "glow": 35, "windMode": [-1,-1,-1,-1] }
					}
				},
				{
					"name": "Cube14",
					"from": [ -0.2, 1.0, 0.2 ],
					"to": [ 0.5, 1.3, 3.7 ],
					"uv": [ 0.0, 0.0 ],
					"rotationOrigin": [ -0.2, 1.0, 0.2 ],
					"rotationZ": 45.0,
					"faces": {
						"north": { "texture": "#steel", "uv": [ 0.0, 3.5, 0.5, 4.0 ] },
						"east": { "texture": "#steel", "uv": [ 0.5, 3.5, 4.0, 4.0 ] },
						"south": { "texture": "#steel", "uv": [ 4.0, 3.5, 4.5, 4.0 ] },
						"west": { "texture": "#steel", "uv": [ 4.5, 3.5, 8.0, 4.0 ] },
						"up": { "texture": "#steel", "uv": [ 0.0, 0.0, 0.5, 3.5 ] },
						"down": { "texture": "#steel", "uv": [ 0.5, 0.0, 1.0, 3.5 ] }
					}
				},
				{
					"name": "Cube15",
					"from": [ -3.62, 1.0, 0.2 ],
					"to": [ 0.08, 1.7, 3.7 ],
					"autoUnwrap": false,
					"uv": [ 0.0, 0.0 ],
					"rotationOrigin": [ -3.6, 1.0, 0.2 ],
					"faces": {
						"north": { "texture": "#iron", "uv": [ 11.0, 2.5, 14.5, 3.0 ] },
						"east": { "texture": "#iron", "uv": [ 4.5, 7.5, 8.0, 8.0 ] },
						"south": { "texture": "#iron", "uv": [ 2.5, 0.5, 6.0, 1.0 ] },
						"west": { "texture": "#iron", "uv": [ 7.0, 14.0, 10.5, 14.5 ] },
						"up": { "texture": "#iron", "uv": [ 8.0, 7.5, 11.5, 11.0 ] },
						"down": { "texture": "#iron", "uv": [ 7.5, 7.5, 11.0, 11.0 ] }
					},
					"children": [
						{
							"name": "Cube16",
							"from": [ -2.5, 0.8, 1.55 ],
							"to": [ 3.5, 1.3, 2.05 ],
							"uv": [ 2.5, 0.0 ],
							"rotationOrigin": [ -2.5, 0.8, 1.55 ],
							"rotationX": 45.0,
							"rotationY": -3.0,
							"rotationZ": -3.0,
							"faces": {
								"north": { "texture": "#steel", "uv": [ 2.5, 0.5, 8.5, 1.0 ] },
								"east": { "texture": "#steel", "uv": [ 8.5, 0.5, 9.0, 1.0 ] },
								"south": { "texture": "#steel", "uv": [ 9.0, 0.5, 15.0, 1.0 ] },
								"west": { "texture": "#steel", "uv": [ 15.0, 0.5, 15.5, 1.0 ] },
								"up": { "texture": "#steel", "uv": [ 2.5, 0.0, 8.5, 0.5 ] },
								"down": { "texture": "#steel", "uv": [ 8.5, 0.0, 14.5, 0.5 ] }
							}
						}
					]
				},
				{
					"name": "Cube17",
					"from": [ -5.0, -3.7, -0.6 ],
					"to": [ -3.0, 1.6, 4.8 ],
					"autoUnwrap": false,
					"uv": [ 0.0, 0.5 ],
					"rotationOrigin": [ -5.0, -3.7, -0.6 ],
					"faces": {
						"north": { "texture": "#iron", "uv": [ 0.0, 5.5, 2.0, 10.5 ] },
						"east": { "texture": "#iron", "uv": [ 2.0, 5.5, 7.0, 10.5 ] },
						"south": { "texture": "#iron", "uv": [ 14.0, 10.0, 16.0, 15.0 ] },
						"west": { "texture": "#iron", "uv": [ 9.0, 5.5, 14.0, 10.5 ] },
						"up": { "texture": "#iron", "uv": [ 0.0, 0.5, 2.0, 5.5 ] },
						"down": { "texture": "#iron", "uv": [ 2.0, 0.5, 4.0, 5.5 ] }
					}
				},
				{
					"name": "Cube18",
					"from": [ -3.1, -3.0, -0.5 ],
					"to": [ -0.3, 1.3, 4.7 ],
					"autoUnwrap": false,
					"uv": [ 0.0, 0.0 ],
					"rotationOrigin": [ -3.1, -3.0, -0.5 ],
					"faces": {
						"north": { "texture": "#copper", "uv": [ 0.0, 5.0, 2.5, 9.0 ], "glow": 170, "windMode": [-1,-1,-1,-1] },
						"east": { "texture": "#copper", "uv": [ 2.5, 5.0, 7.5, 9.0 ], "glow": 170, "windMode": [-1,-1,-1,-1] },
						"south": { "texture": "#copper", "uv": [ 7.5, 5.0, 10.0, 9.0 ], "glow": 170, "windMode": [-1,-1,-1,-1] },
						"west": { "texture": "#copper", "uv": [ 10.0, 5.0, 15.0, 9.0 ], "glow": 170, "windMode": [-1,-1,-1,-1] },
						"up": { "texture": "#copper", "uv": [ 0.0, 0.0, 2.5, 5.0 ], "glow": 170, "windMode": [-1,-1,-1,-1] },
						"down": { "texture": "#copper", "uv": [ 2.5, 0.0, 5.0, 5.0 ], "glow": 170, "windMode": [-1,-1,-1,-1] }
					}
				},
				{
					"name": "Cube19",
					"from": [ -3.2, -3.5, -0.7 ],
					"to": [ 0.0, -2.9, 4.9 ],
					"autoUnwrap": false,
					"uv": [ 0.0, 0.0 ],
					"rotationOrigin": [ -3.2, -3.5, -0.7 ],
					"faces": {
						"north": { "texture": "#zinc", "uv": [ 5.0, 2.0, 8.0, 2.5 ] },
						"east": { "texture": "#zinc", "uv": [ 7.5, 5.5, 13.0, 6.0 ] },
						"south": { "texture": "#zinc", "uv": [ 9.5, 9.5, 12.5, 10.0 ] },
						"west": { "texture": "#zinc", "uv": [ 5.5, 2.0, 11.0, 2.5 ] },
						"up": { "texture": "#zinc", "uv": [ 5.0, 1.5, 8.0, 7.0 ] },
						"down": { "texture": "#zinc", "uv": [ 3.5, 5.5, 6.5, 11.0 ] }
					}
				},
				{
					"name": "Cube20",
					"from": [ -3.2, -2.6, -0.7 ],
					"to": [ 0.0, -2.0, 4.9 ],
					"autoUnwrap": false,
					"uv": [ 0.0, 0.0 ],
					"rotationOrigin": [ -3.2, -2.6, -0.7 ],
					"faces": {
						"north": { "texture": "#zinc", "uv": [ 11.0, 0.0, 14.0, 0.5 ] },
						"east": { "texture": "#zinc", "uv": [ 0.0, 1.5, 5.5, 2.0 ] },
						"south": { "texture": "#zinc", "uv": [ 7.0, 6.0, 10.0, 6.5 ] },
						"west": { "texture": "#zinc", "uv": [ 3.5, 3.0, 9.0, 3.5 ] },
						"up": { "texture": "#zinc", "uv": [ 5.0, 8.5, 8.0, 14.0 ] },
						"down": { "texture": "#zinc", "uv": [ 0.0, 3.5, 3.0, 9.0 ] }
					}
				},
				{
					"name": "Cube21",
					"from": [ -3.2, -1.7, -0.7 ],
					"to": [ 0.0, -1.1, 4.9 ],
					"autoUnwrap": false,
					"uv": [ 0.0, 0.0 ],
					"rotationOrigin": [ -3.2, -1.7, -0.7 ],
					"faces": {
						"north": { "texture": "#zinc", "uv": [ 11.0, 13.0, 14.0, 13.5 ] },
						"east": { "texture": "#zinc", "uv": [ 4.5, 10.0, 10.0, 10.5 ] },
						"south": { "texture": "#zinc", "uv": [ 7.5, 13.0, 10.5, 13.5 ] },
						"west": { "texture": "#zinc", "uv": [ 2.5, 0.0, 8.0, 0.5 ] },
						"up": { "texture": "#zinc", "uv": [ 3.5, 6.5, 6.5, 12.0 ] },
						"down": { "texture": "#zinc", "uv": [ 9.5, 4.0, 12.5, 9.5 ] }
					}
				},
				{
					"name": "Cube22",
					"from": [ -3.2, -0.8, -0.7 ],
					"to": [ 0.0, -0.2, 4.9 ],
					"autoUnwrap": false,
					"uv": [ -1.0, 4.5 ],
					"rotationOrigin": [ -3.2, -0.8, -0.7 ],
					"faces": {
						"north": { "texture": "#zinc", "uv": [ 11.5, 14.0, 14.5, 14.5 ] },
						"east": { "texture": "#zinc", "uv": [ 3.0, 4.5, 8.5, 5.0 ] },
						"south": { "texture": "#zinc", "uv": [ 9.0, 10.0, 12.0, 10.5 ] },
						"west": { "texture": "#zinc", "uv": [ 8.0, 7.5, 13.5, 8.0 ] },
						"up": { "texture": "#zinc", "uv": [ 7.0, 2.0, 10.0, 7.5 ] },
						"down": { "texture": "#zinc", "uv": [ 9.0, 2.5, 12.0, 8.0 ] }
					}
				},
				{
					"name": "Cube23",
					"from": [ -3.2, 0.1, -0.7 ],
					"to": [ 0.0, 0.7, 4.9 ],
					"autoUnwrap": false,
					"uv": [ 0.0, 0.0 ],
					"rotationOrigin": [ -3.2, 0.1, -0.7 ],
					"faces": {
						"north": { "texture": "#zinc", "uv": [ 1.0, 14.5, 4.0, 15.0 ] },
						"east": { "texture": "#zinc", "uv": [ 1.5, 9.5, 7.0, 10.0 ] },
						"south": { "texture": "#zinc", "uv": [ 8.0, 11.0, 11.2, 11.6 ], "snapUv": false },
						"west": { "texture": "#zinc", "uv": [ 0.5, 13.0, 6.0, 13.5 ] },
						"up": { "texture": "#zinc", "uv": [ 9.0, 5.0, 12.0, 10.5 ] },
						"down": { "texture": "#zinc", "uv": [ 6.5, 4.5, 9.5, 10.0 ] }
					}
				}
			]
		}
	]}