[
    {
        "op": "addeach",
        "path": "/server/behaviors/10/aitasks/1/entityCodes/-",
        "value": [
            "cat-male-house",
            "cat-female-house",
            "cat-male-*",
            "cat-female-*"
        ],
        "file": "game:entities/land/chicken-rooster.json"
    },
    {
        "op": "addeach",
        "path": "/server/behaviors/10/aitasks/2/entityCodes/-",
        "value": [
            "cat-male-house",
            "cat-female-house",
            "cat-male-*",
            "cat-female-*"
        ],
        "file": "game:entities/land/chicken-rooster.json"
    },
    {
        "op": "addeach",
        "path": "/server/behaviors/10/aitasks/4/entityCodes/-",
        "value": [
            "cat-male-house",
            "cat-female-house",
            "cat-male-*",
            "cat-female-*"
        ],
        "file": "game:entities/land/chicken-rooster.json"
    }
]