{
	"editor": {
		"allAngles": false,
		"entityTextureMode": false
	},
	"textureWidth": 16,
	"textureHeight": 16,
	"textureSizes": {
	},
	"textures": {
	},
	"elements": [
		{
			"name": "Mug",
			"from": [ 0.0, 0.0, 0.0 ],
			"to": [ 0.0, 0.0, 0.0 ],
			"rotationOrigin": [ 8.0, 0.0, 8.0 ],
			"faces": {
				"north": { "texture": "#mat", "uv": [ 0.0, 0.0, 0.5, 0.5 ] },
				"east": { "texture": "#mat", "uv": [ 0.0, 0.0, 0.5, 0.5 ] },
				"south": { "texture": "#mat", "uv": [ 0.0, 0.0, 0.5, 0.5 ] },
				"west": { "texture": "#mat", "uv": [ 0.0, 0.0, 0.5, 0.5 ] },
				"up": { "texture": "#mat", "uv": [ 0.0, 0.0, 0.5, 0.5 ] },
				"down": { "texture": "#mat", "uv": [ 0.0, 0.0, 0.5, 0.5 ] }
			},
			"children": [
				{
					"name": "Base",
					"from": [ 6.5, 0.0, 6.5 ],
					"to": [ 9.5, 1.0, 9.5 ],
					"rotationOrigin": [ 8.0, 0.0, 8.0 ],
					"faces": {
						"north": { "texture": "#mat", "uv": [ 0.0, 0.0, 3.0, 1.0 ] },
						"east": { "texture": "#mat", "uv": [ 0.0, 0.0, 3.0, 1.0 ] },
						"south": { "texture": "#mat", "uv": [ 0.0, 0.0, 3.0, 1.0 ] },
						"west": { "texture": "#mat", "uv": [ 0.0, 0.0, 3.0, 1.0 ] },
						"up": { "texture": "#mat", "uv": [ 0.0, 0.0, 3.0, 3.0 ] },
						"down": { "texture": "#mat", "uv": [ 0.0, 0.0, 3.0, 3.0 ] }
					}
				},
				{
					"name": "FaceS",
					"from": [ 6.0, 1.0, 9.0 ],
					"to": [ 10.0, 5.0, 10.0 ],
					"rotationOrigin": [ 8.0, 1.0, 8.0 ],
					"faces": {
						"north": { "texture": "#mat", "uv": [ 0.0, 0.0, 4.0, 4.0 ] },
						"east": { "texture": "#mat", "uv": [ 0.0, 0.0, 1.0, 4.0 ] },
						"south": { "texture": "#mat", "uv": [ 0.0, 0.0, 4.0, 4.0 ] },
						"west": { "texture": "#mat", "uv": [ 3.0, 0.0, 4.0, 4.0 ] },
						"up": { "texture": "#mat", "uv": [ 0.0, 0.0, 4.0, 1.0 ] },
						"down": { "texture": "#mat", "uv": [ 0.0, 0.0, 4.0, 1.0 ] }
					}
				},
				{
					"name": "FaceW",
					"from": [ 6.0, 1.0, 7.0 ],
					"to": [ 7.0, 5.0, 9.0 ],
					"rotationOrigin": [ 6.0, 1.0, 7.0 ],
					"faces": {
						"north": { "texture": "#mat", "uv": [ 0.0, 0.0, 1.0, 4.0 ] },
						"east": { "texture": "#mat", "uv": [ 0.0, 0.0, 2.0, 4.0 ] },
						"south": { "texture": "#mat", "uv": [ 0.0, 0.0, 1.0, 4.0 ] },
						"west": { "texture": "#mat", "uv": [ 1.0, 0.0, 3.0, 4.0 ] },
						"up": { "texture": "#mat", "uv": [ 3.0, 1.0, 4.0, 3.0 ] },
						"down": { "texture": "#mat", "uv": [ 0.0, 1.0, 1.0, 3.0 ] }
					}
				},
				{
					"name": "FaceN",
					"from": [ 6.0, 1.0, 6.0 ],
					"to": [ 10.0, 5.0, 7.0 ],
					"rotationOrigin": [ 6.0, 1.0, 6.0 ],
					"faces": {
						"north": { "texture": "#mat", "uv": [ 0.0, 0.0, 4.0, 4.0 ] },
						"east": { "texture": "#mat", "uv": [ 3.0, 0.0, 4.0, 4.0 ] },
						"south": { "texture": "#mat", "uv": [ 0.0, 0.0, 4.0, 4.0 ] },
						"west": { "texture": "#mat", "uv": [ 0.0, 0.0, 1.0, 4.0 ] },
						"up": { "texture": "#mat", "uv": [ 0.0, 3.0, 4.0, 4.0 ] },
						"down": { "texture": "#mat", "uv": [ 0.0, 3.0, 4.0, 4.0 ] }
					}
				},
				{
					"name": "FaceE",
					"from": [ 9.0, 1.0, 7.0 ],
					"to": [ 10.0, 5.0, 9.0 ],
					"rotationOrigin": [ 9.0, 1.0, 7.0 ],
					"faces": {
						"north": { "texture": "#mat", "uv": [ 0.0, 0.0, 1.0, 4.0 ] },
						"east": { "texture": "#mat", "uv": [ 1.0, 0.0, 3.0, 4.0 ] },
						"south": { "texture": "#mat", "uv": [ 0.0, 0.0, 1.0, 4.0 ] },
						"west": { "texture": "#mat", "uv": [ 0.0, 0.0, 2.0, 4.0 ] },
						"up": { "texture": "#mat", "uv": [ 0.0, 1.0, 1.0, 3.0 ] },
						"down": { "texture": "#mat", "uv": [ 0.0, 1.0, 1.0, 3.0 ] }
					}
				}
			]
		},
		{
			"name": "Handle",
			"from": [ 7.5, 1.6, 4.5 ],
			"to": [ 8.5, 2.2, 6.0 ],
			"rotationOrigin": [ 8.0, 1.6, 4.5 ],
			"faces": {
				"north": { "texture": "#mat", "uv": [ 0.0, 0.0, 1.0, 0.5 ] },
				"east": { "texture": "#mat", "uv": [ 0.0, 0.0, 1.5, 0.5 ] },
				"south": { "texture": "#mat", "uv": [ 0.0, 0.0, 1.0, 0.5 ] },
				"west": { "texture": "#mat", "uv": [ 0.0, 0.0, 1.5, 0.5 ] },
				"up": { "texture": "#mat", "uv": [ 0.0, 0.0, 1.0, 1.5 ] },
				"down": { "texture": "#mat", "uv": [ 0.0, 0.0, 1.0, 1.5 ] }
			},
			"children": [
				{
					"name": "Top",
					"from": [ 0.0, 2.3, 0.0 ],
					"to": [ 1.0, 2.9, 1.5 ],
					"rotationOrigin": [ 0.5, 2.3, 0.0 ],
					"faces": {
						"north": { "texture": "#mat", "uv": [ 0.0, 0.0, 1.0, 0.5 ] },
						"east": { "texture": "#mat", "uv": [ 0.0, 0.0, 1.5, 0.5 ] },
						"south": { "texture": "#mat", "uv": [ 0.0, 0.0, 1.0, 0.5 ] },
						"west": { "texture": "#mat", "uv": [ 0.0, 0.0, 1.5, 0.5 ] },
						"up": { "texture": "#mat", "uv": [ 0.0, 0.0, 1.0, 1.5 ] },
						"down": { "texture": "#mat", "uv": [ 0.0, 0.0, 1.0, 1.5 ] }
					}
				},
				{
					"name": "Bar",
					"from": [ 0.0, 0.6, 0.0 ],
					"to": [ 1.0, 2.3, 0.8 ],
					"rotationOrigin": [ 0.5, 0.6, 0.0 ],
					"faces": {
						"north": { "texture": "#mat", "uv": [ 0.0, 0.0, 1.0, 1.5 ] },
						"east": { "texture": "#mat", "uv": [ 0.0, 0.0, 0.5, 1.5 ] },
						"south": { "texture": "#mat", "uv": [ 0.0, 0.0, 1.0, 1.5 ] },
						"west": { "texture": "#mat", "uv": [ 0.0, 0.0, 0.5, 1.5 ] },
						"up": { "texture": "#mat", "uv": [ 0.0, 0.0, 1.0, 0.5 ] },
						"down": { "texture": "#mat", "uv": [ 0.0, 0.0, 1.0, 0.5 ] }
					}
				}
			]
		}
	]}