{
	code: "chiseledstoragevessel",
	classByType: {
		
		"*": "BlockGenericDecoTypedContainer",
	},
	entityclassByType: {
		
		"*": "BEDecoContainer",
	},
	behaviorsByType: {
		
		"*": [{"name": "BBChiseledCover"},{name: "Lockable" }, {name: "Container"}]
	},
	entityBehaviorsByType: {
		
		"*": [{"name": "BEBChiseledCover"},{ name: "Animatable" }]
	},
	attributes: {
		partialAttachable: true,
		inventoryClassName: "chest",
		defaultType: "normal",
		types: ["normal"],
		drop: {
			"normal": true
		},
		quantitySlots: {
			"normal": 12
		},
		dialogTitleLangCode: {
			"normal": "vesselcontents"
		},
		storageType: {
			"normal": 32
		},
		retrieveOnly: {
			"normal": false
		},
		spoilSpeedMulByFoodCat: {
			"normal": {
				"vegetable": 0.4,
				"grain": 0.3,
				"protein": 0.4
			}
		},
		shape: {
			"normal": "game:block/clay/storagevessel"
		},
		variantByGroup: "variant",
		variantByGroupInventory: "variant",
		openSound: "sounds/block/vesselopen",
		closeSound: "sounds/block/vesselclose",
	},
	variantgroups: [
		{ code: "variant", states: ["burned"] },
	],
	shape: { base: "game:block/clay/lootvessel" },
	texturesByType: {
		
		"*": {
			"normal-ceramic": { base: "game:block/clay/ceramic" },
			"normal-top": { base: "game:block/clay/vessel/top/{variant}" },
			"normal-sides": { base: "game:block/clay/vessel/sides/{variant}" },
			"normal-inside": { base: "game:block/clay/vessel/inside/{variant}" }
		},
	},
	blockmaterial: "Ceramic",
		"creativeinventory": {
		"general": ["*"],
		"chiseltools": [ "*" ]
	},
	
	replaceable: 1000,
	resistance: 0.8,
	maxStackSize: 4,
	sideAo: { all: false },
	lightAbsorption: 0,
	sounds: {
		walk: "walk/stone",
		break: "block/ceramicplace",
		hit: "block/ceramichit",
		place: "block/ceramicplace"
	},
	sideopaque: {
		all: false
	},
	sidesolid: {
		all: true
	},
	collisionbox: {
		x1: 0, y1: 0, z1: 0, x2: 1, y2: 1, z2: 1
	},
	collisionSelectionBox: { x1: 0.125, y1: 0, z1: 0.125, x2: 0.875, y2: 1, z2: 0.875 },
	heldTpIdleAnimation: "holdunderarm",
	
	tpHandTransform: {
		translation: { x: -1, y: -0.5, z: -0.5 },
		rotation: { x: 25, y: -20, z: -99 },
		scale: 0.56
	}
}