{
	"editor": {
		"allAngles": true,
		"entityTextureMode": true
	},
	"textureWidth": 64,
	"textureHeight": 64,
	"textureSizes": {
	},
	"textures": {
		"material": "/Users/Asus/AppData/Roaming/VintagestoryData/Mods/Maple Cultures/assets/maplemod/textures/armor/altoeuropean-meteoriciron"
	},
	"elements": [
		{
			"name": "ArmorUpperTorso",
			"stepParentName": "UpperTorso",
			"from": [ -0.22, -0.2, -0.3 ],
			"to": [ 5.38, 5.2, 6.5 ],
			"uv": [ 0.0, 0.0 ],
			"renderInEditor": false,
			"rotationOrigin": [ -0.3, -0.2, -0.3 ],
			"faces": {
				"north": { "texture": "#material", "uv": [ 0.0, 6.5, 5.5, 11.5 ] },
				"east": { "texture": "#material", "uv": [ 5.5, 6.5, 12.0, 11.5 ] },
				"south": { "texture": "#material", "uv": [ 12.0, 6.5, 17.5, 11.5 ] },
				"west": { "texture": "#material", "uv": [ 17.5, 6.5, 24.0, 11.5 ] },
				"up": { "texture": "#material", "uv": [ 0.0, 0.0, 5.5, 6.5 ] },
				"down": { "texture": "#material", "uv": [ 5.5, 0.0, 11.0, 6.5 ] }
			},
			"children": [
				{
					"name": "Kirasa1",
					"from": [ -0.2, -0.64, 0.03 ],
					"to": [ 0.2, 2.76, 3.36 ],
					"uv": [ 48.5, 44.5 ],
					"rotationOrigin": [ -1.0, 0.0, 0.0 ],
					"rotationY": -8.0,
					"rotationZ": 7.0,
					"faces": {
						"north": { "texture": "#material", "uv": [ 48.5, 47.5, 49.0, 50.5 ] },
						"east": { "texture": "#material", "uv": [ 49.0, 47.5, 52.0, 50.5 ] },
						"south": { "texture": "#material", "uv": [ 52.0, 47.5, 52.5, 50.5 ] },
						"west": { "texture": "#material", "uv": [ 52.5, 47.5, 55.5, 50.5 ] },
						"up": { "texture": "#material", "uv": [ 48.5, 44.5, 49.0, 47.5 ] },
						"down": { "texture": "#material", "uv": [ 49.0, 44.5, 49.5, 47.5 ] }
					},
					"children": [
						{
							"name": "Kirasa2",
							"from": [ 0.2, -0.0278, 3.3611 ],
							"to": [ 0.6, 3.3722, 6.6611 ],
							"uv": [ 55.5, 44.5 ],
							"rotationOrigin": [ -0.2475, 0.5722, 3.9611 ],
							"rotationX": 2.001,
							"rotationY": 15.878,
							"rotationZ": -0.279,
							"faces": {
								"north": { "texture": "#material", "uv": [ 55.5, 47.5, 56.0, 50.5 ] },
								"east": { "texture": "#material", "uv": [ 56.0, 47.5, 59.0, 50.5 ] },
								"south": { "texture": "#material", "uv": [ 59.0, 47.5, 59.5, 50.5 ] },
								"west": { "texture": "#material", "uv": [ 59.5, 47.5, 62.5, 50.5 ] },
								"up": { "texture": "#material", "uv": [ 55.5, 44.5, 56.0, 47.5 ] },
								"down": { "texture": "#material", "uv": [ 56.0, 44.5, 56.5, 47.5 ] }
							}
						},
						{
							"name": "Kirasa3",
							"from": [ 0.068, 3.0423, 2.6734 ],
							"to": [ 0.468, 5.0423, 5.1734 ],
							"uv": [ 41.0, 48.5 ],
							"rotationOrigin": [ 0.668, 3.4823, 2.8734 ],
							"rotationX": -91.001,
							"rotationY": 13.93,
							"rotationZ": -3.818,
							"faces": {
								"north": { "texture": "#material", "uv": [ 41.0, 51.0, 41.5, 53.0 ] },
								"east": { "texture": "#material", "uv": [ 41.5, 51.0, 44.0, 53.0 ] },
								"south": { "texture": "#material", "uv": [ 44.0, 51.0, 44.5, 53.0 ] },
								"west": { "texture": "#material", "uv": [ 44.5, 51.0, 47.0, 53.0 ] },
								"up": { "texture": "#material", "uv": [ 41.0, 48.5, 41.5, 51.0 ] },
								"down": { "texture": "#material", "uv": [ 41.5, 48.5, 42.0, 51.0 ] }
							},
							"children": [
								{
									"name": "Okoontovka5",
									"from": [ -0.153, 1.4758, 3.3923 ],
									"to": [ 0.187, 1.7758, 7.3923 ],
									"uv": [ 37.5, 56.0 ],
									"rotationOrigin": [ -0.853, 2.1758, 3.0923 ],
									"rotationX": 90.0,
									"rotationY": 12.0,
									"rotationZ": 7.0,
									"faces": {
										"north": { "texture": "#material", "uv": [ 37.5, 60.0, 38.0, 60.5 ] },
										"east": { "texture": "#material", "uv": [ 38.0, 60.0, 42.0, 60.5 ] },
										"south": { "texture": "#material", "uv": [ 42.0, 60.0, 42.5, 60.5 ] },
										"west": { "texture": "#material", "uv": [ 42.5, 60.0, 46.5, 60.5 ] },
										"up": { "texture": "#material", "uv": [ 37.5, 56.0, 38.0, 60.0 ] },
										"down": { "texture": "#material", "uv": [ 38.0, 56.0, 38.5, 60.0 ] }
									},
									"children": [
										{
											"name": "Okoontovka6",
											"from": [ 0.26, -2.75, 6.09 ],
											"to": [ 0.6, -2.45, 7.69 ],
											"uv": [ 37.0, 58.5 ],
											"rotationOrigin": [ 0.3, -2.5, 5.7 ],
											"rotationX": -154.5,
											"rotationZ": 180.0,
											"faces": {
												"north": { "texture": "#material", "uv": [ 37.0, 60.0, 37.5, 60.5 ] },
												"east": { "texture": "#material", "uv": [ 37.5, 60.0, 39.0, 60.5 ] },
												"south": { "texture": "#material", "uv": [ 39.0, 60.0, 39.5, 60.5 ] },
												"west": { "texture": "#material", "uv": [ 39.5, 60.0, 41.0, 60.5 ] },
												"up": { "texture": "#material", "uv": [ 37.0, 58.5, 37.5, 60.0 ] },
												"down": { "texture": "#material", "uv": [ 37.5, 58.5, 38.0, 60.0 ] }
											},
											"children": [
												{
													"name": "Okoontovka7",
													"from": [ 0.0, -0.4226, 0.9063 ],
													"to": [ 0.34, -0.1226, 3.4063 ],
													"uv": [ 37.0, 57.5 ],
													"rotationOrigin": [ -0.7, -0.1226, 0.9063 ],
													"rotationX": -61.0,
													"faces": {
														"north": { "texture": "#material", "uv": [ 37.0, 60.0, 37.5, 60.5 ] },
														"east": { "texture": "#material", "uv": [ 37.5, 60.0, 40.0, 60.5 ] },
														"south": { "texture": "#material", "uv": [ 40.0, 60.0, 40.5, 60.5 ] },
														"west": { "texture": "#material", "uv": [ 40.5, 60.0, 43.0, 60.5 ] },
														"up": { "texture": "#material", "uv": [ 37.0, 57.5, 37.5, 60.0 ] },
														"down": { "texture": "#material", "uv": [ 37.5, 57.5, 38.0, 60.0 ] }
													}
												}
											]
										},
										{
											"name": "Okoontovka3",
											"from": [ 0.0, -2.6, -1.3 ],
											"to": [ 0.34, -2.3, 0.3 ],
											"uv": [ 37.0, 58.5 ],
											"rotationOrigin": [ -0.7, -2.3, -1.3 ],
											"rotationX": -25.0,
											"faces": {
												"north": { "texture": "#material", "uv": [ 37.0, 60.0, 37.5, 60.5 ] },
												"east": { "texture": "#material", "uv": [ 37.5, 60.0, 39.0, 60.5 ] },
												"south": { "texture": "#material", "uv": [ 39.0, 60.0, 39.5, 60.5 ] },
												"west": { "texture": "#material", "uv": [ 39.5, 60.0, 41.0, 60.5 ] },
												"up": { "texture": "#material", "uv": [ 37.0, 58.5, 37.5, 60.0 ] },
												"down": { "texture": "#material", "uv": [ 37.5, 58.5, 38.0, 60.0 ] }
											},
											"children": [
												{
													"name": "Okoontovka4",
													"from": [ 0.0, -0.4226, 0.9063 ],
													"to": [ 0.34, -0.1226, 3.4063 ],
													"uv": [ 37.0, 57.5 ],
													"rotationOrigin": [ -0.7, -0.1226, 0.9063 ],
													"rotationX": -61.0,
													"faces": {
														"north": { "texture": "#material", "uv": [ 37.0, 60.0, 37.5, 60.5 ] },
														"east": { "texture": "#material", "uv": [ 37.5, 60.0, 40.0, 60.5 ] },
														"south": { "texture": "#material", "uv": [ 40.0, 60.0, 40.5, 60.5 ] },
														"west": { "texture": "#material", "uv": [ 40.5, 60.0, 43.0, 60.5 ] },
														"up": { "texture": "#material", "uv": [ 37.0, 57.5, 37.5, 60.0 ] },
														"down": { "texture": "#material", "uv": [ 37.5, 57.5, 38.0, 60.0 ] }
													}
												}
											]
										}
									]
								},
								{
									"name": "Shit2",
									"from": [ -0.0617, 0.9661, -1.5875 ],
									"to": [ 0.3383, 1.7661, -0.1875 ],
									"uv": [ 38.0, 58.0 ],
									"rotationOrigin": [ -0.3233, 1.2661, 0.4125 ],
									"rotationX": 62.502,
									"rotationY": -4.82,
									"rotationZ": 4.001,
									"faces": {
										"north": { "texture": "#material", "uv": [ 38.0, 59.0, 38.5, 59.5 ] },
										"east": { "texture": "#material", "uv": [ 38.5, 59.0, 39.5, 59.5 ] },
										"south": { "texture": "#material", "uv": [ 39.5, 59.0, 40.0, 59.5 ] },
										"west": { "texture": "#material", "uv": [ 40.0, 59.0, 41.0, 59.5 ] },
										"up": { "texture": "#material", "uv": [ 38.0, 58.0, 38.5, 59.0 ] },
										"down": { "texture": "#material", "uv": [ 38.5, 58.0, 39.0, 59.0 ] }
									}
								}
							]
						},
						{
							"name": "Kirasa4",
							"from": [ 0.6, 3.1484, 4.6539 ],
							"to": [ 1.0, 5.2484, 7.1539 ],
							"uv": [ 42.0, 46.5 ],
							"rotationOrigin": [ 0.9443, 3.4484, 4.8539 ],
							"rotationX": -91.001,
							"rotationY": 13.931,
							"rotationZ": 20.182,
							"faces": {
								"north": { "texture": "#material", "uv": [ 42.0, 49.0, 42.5, 51.0 ] },
								"east": { "texture": "#material", "uv": [ 42.5, 49.0, 45.0, 51.0 ] },
								"south": { "texture": "#material", "uv": [ 45.0, 49.0, 45.5, 51.0 ] },
								"west": { "texture": "#material", "uv": [ 45.5, 49.0, 48.0, 51.0 ] },
								"up": { "texture": "#material", "uv": [ 42.0, 46.5, 42.5, 49.0 ] },
								"down": { "texture": "#material", "uv": [ 42.5, 46.5, 43.0, 49.0 ] }
							},
							"children": [
								{
									"name": "Shit1",
									"from": [ -0.0061, 0.6508, 0.2928 ],
									"to": [ 0.3939, 1.4508, 1.6928 ],
									"uv": [ 38.5, 58.0 ],
									"rotationOrigin": [ -1.3061, 0.6508, -0.0072 ],
									"rotationX": 117.498,
									"rotationY": 4.82,
									"rotationZ": 4.001,
									"faces": {
										"north": { "texture": "#material", "uv": [ 38.5, 59.0, 39.0, 59.5 ] },
										"east": { "texture": "#material", "uv": [ 39.0, 59.0, 40.0, 59.5 ] },
										"south": { "texture": "#material", "uv": [ 40.0, 59.0, 40.5, 59.5 ] },
										"west": { "texture": "#material", "uv": [ 40.5, 59.0, 41.5, 59.5 ] },
										"up": { "texture": "#material", "uv": [ 38.5, 58.0, 39.0, 59.0 ] },
										"down": { "texture": "#material", "uv": [ 39.0, 58.0, 39.5, 59.0 ] }
									}
								}
							]
						},
						{
							"name": "Kirasa5",
							"from": [ 3.2, -0.3362, 6.2443 ],
							"to": [ 3.6, 3.0638, 9.2443 ],
							"uv": [ 48.5, 44.5 ],
							"rotationOrigin": [ 2.264, 0.2638, 7.5943 ],
							"rotationX": 66.731,
							"rotationY": 82.387,
							"rotationZ": -60.914,
							"faces": {
								"north": { "texture": "#material", "uv": [ 48.5, 47.5, 49.0, 50.5 ] },
								"east": { "texture": "#material", "uv": [ 49.0, 47.5, 52.0, 50.5 ] },
								"south": { "texture": "#material", "uv": [ 52.0, 47.5, 52.5, 50.5 ] },
								"west": { "texture": "#material", "uv": [ 52.5, 47.5, 55.5, 50.5 ] },
								"up": { "texture": "#material", "uv": [ 48.5, 44.5, 49.0, 47.5 ] },
								"down": { "texture": "#material", "uv": [ 49.0, 44.5, 49.5, 47.5 ] }
							},
							"children": [
								{
									"name": "Kirasa6",
									"from": [ -5.7186, -0.0013, 0.3044 ],
									"to": [ -5.3186, 3.3987, 3.5044 ],
									"uv": [ 49.0, 44.5 ],
									"rotationOrigin": [ -2.6186, 0.7987, 3.7044 ],
									"rotationX": -177.181,
									"rotationY": -21.828,
									"rotationZ": -179.456,
									"faces": {
										"north": { "texture": "#material", "uv": [ 49.0, 47.5, 49.5, 50.5 ] },
										"east": { "texture": "#material", "uv": [ 49.5, 47.5, 52.5, 50.5 ] },
										"south": { "texture": "#material", "uv": [ 52.5, 47.5, 53.0, 50.5 ] },
										"west": { "texture": "#material", "uv": [ 53.0, 47.5, 56.0, 50.5 ] },
										"up": { "texture": "#material", "uv": [ 49.0, 44.5, 49.5, 47.5 ] },
										"down": { "texture": "#material", "uv": [ 49.5, 44.5, 50.0, 47.5 ] }
									}
								},
								{
									"name": "Okoontovka8",
									"from": [ 0.9936, 3.1664, 8.2585 ],
									"to": [ 1.3336, 3.4664, 11.2585 ],
									"uv": [ 37.5, 57.0 ],
									"rotationOrigin": [ 1.4436, 3.3664, 7.0585 ],
									"rotationX": -177.821,
									"rotationY": -19.886,
									"rotationZ": -173.618,
									"faces": {
										"north": { "texture": "#material", "uv": [ 37.5, 60.0, 38.0, 60.5 ] },
										"east": { "texture": "#material", "uv": [ 38.0, 60.0, 41.0, 60.5 ] },
										"south": { "texture": "#material", "uv": [ 41.0, 60.0, 41.5, 60.5 ] },
										"west": { "texture": "#material", "uv": [ 41.5, 60.0, 44.5, 60.5 ] },
										"up": { "texture": "#material", "uv": [ 37.5, 57.0, 38.0, 60.0 ] },
										"down": { "texture": "#material", "uv": [ 38.0, 57.0, 38.5, 60.0 ] }
									},
									"children": [
										{
											"name": "Okoontovka9",
											"from": [ -0.05, 0.04, 3.0284 ],
											"to": [ 0.29, 0.34, 6.2284 ],
											"uv": [ 37.5, 57.0 ],
											"rotationOrigin": [ 0.4246, 0.2, 3.3284 ],
											"rotationY": -21.0,
											"faces": {
												"north": { "texture": "#material", "uv": [ 37.5, 60.0, 38.0, 60.5 ] },
												"east": { "texture": "#material", "uv": [ 38.0, 60.0, 41.0, 60.5 ] },
												"south": { "texture": "#material", "uv": [ 41.0, 60.0, 41.5, 60.5 ] },
												"west": { "texture": "#material", "uv": [ 41.5, 60.0, 44.5, 60.5 ] },
												"up": { "texture": "#material", "uv": [ 37.5, 57.0, 38.0, 60.0 ] },
												"down": { "texture": "#material", "uv": [ 38.0, 57.0, 38.5, 60.0 ] }
											}
										}
									]
								}
							]
						},
						{
							"name": "Kirasa9",
							"from": [ 9.33, -1.0842, 6.0185 ],
							"to": [ 9.73, 2.3158, 9.3585 ],
							"uv": [ 48.5, 44.5 ],
							"rotationOrigin": [ 8.03, -0.4442, 5.8185 ],
							"rotationX": 179.878,
							"rotationY": 0.993,
							"rotationZ": -165.999,
							"faces": {
								"north": { "texture": "#material", "uv": [ 48.5, 47.5, 49.0, 50.5 ] },
								"east": { "texture": "#material", "uv": [ 49.0, 47.5, 52.0, 50.5 ] },
								"south": { "texture": "#material", "uv": [ 52.0, 47.5, 52.5, 50.5 ] },
								"west": { "texture": "#material", "uv": [ 52.5, 47.5, 55.5, 50.5 ] },
								"up": { "texture": "#material", "uv": [ 48.5, 44.5, 49.0, 47.5 ] },
								"down": { "texture": "#material", "uv": [ 49.0, 44.5, 49.5, 47.5 ] }
							},
							"children": [
								{
									"name": "Kirasa10",
									"from": [ 0.2, -0.0278, 3.3611 ],
									"to": [ 0.6, 3.3722, 6.7511 ],
									"uv": [ 55.5, 44.5 ],
									"rotationOrigin": [ -0.2475, 0.5722, 3.9611 ],
									"rotationX": 2.001,
									"rotationY": 15.878,
									"rotationZ": -0.279,
									"faces": {
										"north": { "texture": "#material", "uv": [ 55.5, 47.5, 56.0, 50.5 ] },
										"east": { "texture": "#material", "uv": [ 56.0, 47.5, 59.0, 50.5 ] },
										"south": { "texture": "#material", "uv": [ 59.0, 47.5, 59.5, 50.5 ] },
										"west": { "texture": "#material", "uv": [ 59.5, 47.5, 62.5, 50.5 ] },
										"up": { "texture": "#material", "uv": [ 55.5, 44.5, 56.0, 47.5 ] },
										"down": { "texture": "#material", "uv": [ 56.0, 44.5, 56.5, 47.5 ] }
									}
								}
							]
						},
						{
							"name": "Kirasa11",
							"from": [ 7.1017, 2.5169, 2.2937 ],
							"to": [ 7.5017, 4.9169, 5.1937 ],
							"uv": [ 55.0, 45.0 ],
							"rotationOrigin": [ 6.9017, 2.7169, 2.2937 ],
							"rotationX": 0.122,
							"rotationY": 0.993,
							"rotationZ": 4.999,
							"faces": {
								"north": { "texture": "#material", "uv": [ 55.0, 47.5, 55.5, 49.5 ] },
								"east": { "texture": "#material", "uv": [ 55.5, 47.5, 58.0, 49.5 ] },
								"south": { "texture": "#material", "uv": [ 58.0, 47.5, 58.5, 49.5 ] },
								"west": { "texture": "#material", "uv": [ 58.5, 47.5, 61.0, 49.5 ] },
								"up": { "texture": "#material", "uv": [ 55.0, 45.0, 55.5, 47.5 ] },
								"down": { "texture": "#material", "uv": [ 55.5, 45.0, 56.0, 47.5 ] }
							}
						},
						{
							"name": "Kirasa12",
							"from": [ 6.3, 2.6729, -0.4742 ],
							"to": [ 6.7, 5.0729, 2.4258 ],
							"uv": [ 50.0, 45.0 ],
							"rotationOrigin": [ 6.4458, 2.7729, -0.9742 ],
							"rotationX": 1.74,
							"rotationY": 13.894,
							"rotationZ": 4.788,
							"faces": {
								"north": { "texture": "#material", "uv": [ 50.0, 47.5, 50.5, 49.5 ] },
								"east": { "texture": "#material", "uv": [ 50.5, 47.5, 53.0, 49.5 ] },
								"south": { "texture": "#material", "uv": [ 53.0, 47.5, 53.5, 49.5 ] },
								"west": { "texture": "#material", "uv": [ 53.5, 47.5, 56.0, 49.5 ] },
								"up": { "texture": "#material", "uv": [ 50.0, 45.0, 50.5, 47.5 ] },
								"down": { "texture": "#material", "uv": [ 50.5, 45.0, 51.0, 47.5 ] }
							}
						},
						{
							"name": "Kirasa7",
							"from": [ 3.3, -0.28, -1.9 ],
							"to": [ 3.7, 3.12, 1.3 ],
							"uv": [ 48.5, 44.5 ],
							"rotationOrigin": [ 4.2054, 0.0973, -0.18 ],
							"rotationX": -107.0,
							"rotationY": -83.4,
							"rotationZ": -98.78,
							"faces": {
								"north": { "texture": "#material", "uv": [ 48.5, 47.5, 49.0, 50.5 ] },
								"east": { "texture": "#material", "uv": [ 49.0, 47.5, 52.0, 50.5 ] },
								"south": { "texture": "#material", "uv": [ 52.0, 47.5, 52.5, 50.5 ] },
								"west": { "texture": "#material", "uv": [ 52.5, 47.5, 55.5, 50.5 ] },
								"up": { "texture": "#material", "uv": [ 48.5, 44.5, 49.0, 47.5 ] },
								"down": { "texture": "#material", "uv": [ 49.0, 44.5, 49.5, 47.5 ] }
							},
							"children": [
								{
									"name": "Kirasa8",
									"from": [ -5.7066, -0.079, 0.6588 ],
									"to": [ -5.3066, 3.321, 3.8988 ],
									"uv": [ 49.0, 44.5 ],
									"rotationOrigin": [ -2.5566, 1.451, 3.9488 ],
									"rotationX": -177.0,
									"rotationY": -20.0,
									"rotationZ": 179.29,
									"faces": {
										"north": { "texture": "#material", "uv": [ 49.0, 47.5, 49.5, 50.5 ] },
										"east": { "texture": "#material", "uv": [ 49.5, 47.5, 52.5, 50.5 ] },
										"south": { "texture": "#material", "uv": [ 52.5, 47.5, 53.0, 50.5 ] },
										"west": { "texture": "#material", "uv": [ 53.0, 47.5, 56.0, 50.5 ] },
										"up": { "texture": "#material", "uv": [ 49.0, 44.5, 49.5, 47.5 ] },
										"down": { "texture": "#material", "uv": [ 49.5, 44.5, 50.0, 47.5 ] }
									}
								}
							]
						},
						{
							"name": "Okontovka1",
							"from": [ 0.56, 3.46, 1.9903 ],
							"to": [ 0.9, 3.76, 5.2903 ],
							"uv": [ 37.5, 57.0 ],
							"rotationOrigin": [ -0.2963, 3.6007, 0.9903 ],
							"rotationX": 161.488,
							"rotationY": 69.86,
							"rotationZ": -160.252,
							"faces": {
								"north": { "texture": "#material", "uv": [ 37.5, 60.0, 38.0, 60.5 ] },
								"east": { "texture": "#material", "uv": [ 38.0, 60.0, 41.0, 60.5 ] },
								"south": { "texture": "#material", "uv": [ 41.0, 60.0, 41.5, 60.5 ] },
								"west": { "texture": "#material", "uv": [ 41.5, 60.0, 44.5, 60.5 ] },
								"up": { "texture": "#material", "uv": [ 37.5, 57.0, 38.0, 60.0 ] },
								"down": { "texture": "#material", "uv": [ 38.0, 57.0, 38.5, 60.0 ] }
							},
							"children": [
								{
									"name": "Okontovka2",
									"from": [ -0.0406, -0.0193, 3.1354 ],
									"to": [ 0.2994, 0.2807, 6.2354 ],
									"uv": [ 37.5, 57.0 ],
									"rotationOrigin": [ 0.3684, 0.1407, 3.3284 ],
									"rotationY": -22.0,
									"faces": {
										"north": { "texture": "#material", "uv": [ 37.5, 60.0, 38.0, 60.5 ] },
										"east": { "texture": "#material", "uv": [ 38.0, 60.0, 41.0, 60.5 ] },
										"south": { "texture": "#material", "uv": [ 41.0, 60.0, 41.5, 60.5 ] },
										"west": { "texture": "#material", "uv": [ 41.5, 60.0, 44.5, 60.5 ] },
										"up": { "texture": "#material", "uv": [ 37.5, 57.0, 38.0, 60.0 ] },
										"down": { "texture": "#material", "uv": [ 38.0, 57.0, 38.5, 60.0 ] }
									}
								}
							]
						},
						{
							"name": "Okoontovka15",
							"from": [ 6.2067, 5.0786, -0.365 ],
							"to": [ 6.5467, 5.3786, 5.435 ],
							"uv": [ 37.0, 54.5 ],
							"rotationOrigin": [ 5.7067, 4.8786, -0.865 ],
							"rotationX": 0.981,
							"rotationY": 7.94,
							"rotationZ": -7.068,
							"faces": {
								"north": { "texture": "#material", "uv": [ 37.0, 60.0, 37.5, 60.5 ] },
								"east": { "texture": "#material", "uv": [ 37.5, 60.0, 43.0, 60.5 ] },
								"south": { "texture": "#material", "uv": [ 43.0, 60.0, 43.5, 60.5 ] },
								"west": { "texture": "#material", "uv": [ 43.5, 60.0, 49.0, 60.5 ] },
								"up": { "texture": "#material", "uv": [ 37.0, 54.5, 37.5, 60.0 ] },
								"down": { "texture": "#material", "uv": [ 37.5, 54.5, 38.0, 60.0 ] }
							},
							"children": [
								{
									"name": "Okoontovka14",
									"from": [ 0.0, 0.07, -0.1 ],
									"to": [ 0.34, 0.37, 2.4 ],
									"uv": [ 37.0, 57.0 ],
									"rotationOrigin": [ -0.5, 0.2, -0.1 ],
									"rotationX": 90.0,
									"faces": {
										"north": { "texture": "#material", "uv": [ 37.0, 59.5, 37.5, 60.0 ] },
										"east": { "texture": "#material", "uv": [ 37.5, 59.5, 40.0, 60.0 ] },
										"south": { "texture": "#material", "uv": [ 40.0, 59.5, 40.5, 60.0 ] },
										"west": { "texture": "#material", "uv": [ 40.5, 59.5, 43.0, 60.0 ] },
										"up": { "texture": "#material", "uv": [ 37.0, 57.0, 37.5, 59.5 ] },
										"down": { "texture": "#material", "uv": [ 37.5, 57.0, 38.0, 59.5 ] }
									},
									"children": [
										{
											"name": "Okoontovka11",
											"from": [ 0.1, -0.37, 2.5 ],
											"to": [ 0.44, -0.07, 3.25 ],
											"uv": [ 41.0, 58.5 ],
											"rotationOrigin": [ -0.5, -0.27, 2.4 ],
											"rotationX": -90.0,
											"rotationY": 16.0,
											"faces": {
												"north": { "texture": "#material", "uv": [ 41.0, 59.0, 41.5, 59.5 ] },
												"east": { "texture": "#material", "uv": [ 41.5, 59.0, 42.0, 59.5 ] },
												"south": { "texture": "#material", "uv": [ 42.0, 59.0, 42.5, 59.5 ] },
												"west": { "texture": "#material", "uv": [ 42.5, 59.0, 43.0, 59.5 ] },
												"up": { "texture": "#material", "uv": [ 41.0, 58.5, 41.5, 59.0 ] },
												"down": { "texture": "#material", "uv": [ 41.5, 58.5, 42.0, 59.0 ] }
											}
										}
									]
								},
								{
									"name": "Okoontovka13",
									"from": [ 0.0, 0.0, 5.9 ],
									"to": [ 0.34, 0.3, 8.4 ],
									"uv": [ 37.0, 57.0 ],
									"rotationOrigin": [ -0.5, 0.2, 5.9 ],
									"rotationX": 90.0,
									"faces": {
										"north": { "texture": "#material", "uv": [ 37.0, 59.5, 37.5, 60.0 ] },
										"east": { "texture": "#material", "uv": [ 37.5, 59.5, 40.0, 60.0 ] },
										"south": { "texture": "#material", "uv": [ 40.0, 59.5, 40.5, 60.0 ] },
										"west": { "texture": "#material", "uv": [ 40.5, 59.5, 43.0, 60.0 ] },
										"up": { "texture": "#material", "uv": [ 37.0, 57.0, 37.5, 59.5 ] },
										"down": { "texture": "#material", "uv": [ 37.5, 57.0, 38.0, 59.5 ] }
									},
									"children": [
										{
											"name": "Okoontovka12",
											"from": [ 0.2, -0.3, 2.4 ],
											"to": [ 0.54, 0.0, 3.15 ],
											"uv": [ 41.0, 58.5 ],
											"rotationOrigin": [ -0.5, -0.2, 2.4 ],
											"rotationX": -90.0,
											"rotationY": -16.0,
											"faces": {
												"north": { "texture": "#material", "uv": [ 41.0, 59.0, 41.5, 59.5 ] },
												"east": { "texture": "#material", "uv": [ 41.5, 59.0, 42.0, 59.5 ] },
												"south": { "texture": "#material", "uv": [ 42.0, 59.0, 42.5, 59.5 ] },
												"west": { "texture": "#material", "uv": [ 42.5, 59.0, 43.0, 59.5 ] },
												"up": { "texture": "#material", "uv": [ 41.0, 58.5, 41.5, 59.0 ] },
												"down": { "texture": "#material", "uv": [ 41.5, 58.5, 42.0, 59.0 ] }
											}
										}
									]
								}
							]
						},
						{
							"name": "Kreplemye1",
							"from": [ 2.2543, 1.88, -1.4378 ],
							"to": [ 2.5943, 2.18, -0.8378 ],
							"uv": [ 27.5, 52.0 ],
							"rotationOrigin": [ 2.2543, 2.28, -1.4378 ],
							"rotationX": -90.0,
							"rotationY": 7.0,
							"rotationZ": 8.0,
							"faces": {
								"north": { "texture": "#material", "uv": [ 27.5, 52.5, 28.0, 53.0 ] },
								"east": { "texture": "#material", "uv": [ 28.0, 52.5, 28.5, 53.0 ] },
								"south": { "texture": "#material", "uv": [ 28.5, 52.5, 29.0, 53.0 ] },
								"west": { "texture": "#material", "uv": [ 29.0, 52.5, 29.5, 53.0 ] },
								"up": { "texture": "#material", "uv": [ 27.5, 52.0, 28.0, 52.5 ] },
								"down": { "texture": "#material", "uv": [ 28.0, 52.0, 28.5, 52.5 ] }
							},
							"children": [
								{
									"name": "Kreplenye2",
									"from": [ 1.5, 0.0, 0.0 ],
									"to": [ 1.84, 0.3, 0.6 ],
									"uv": [ 27.5, 52.5 ],
									"rotationOrigin": [ 1.0, 0.0, 0.0 ],
									"faces": {
										"north": { "texture": "#material", "uv": [ 27.5, 53.0, 28.0, 53.5 ] },
										"east": { "texture": "#material", "uv": [ 28.0, 53.0, 28.5, 53.5 ] },
										"south": { "texture": "#material", "uv": [ 28.5, 53.0, 29.0, 53.5 ] },
										"west": { "texture": "#material", "uv": [ 29.0, 53.0, 29.5, 53.5 ] },
										"up": { "texture": "#material", "uv": [ 27.5, 52.5, 28.0, 53.0 ] },
										"down": { "texture": "#material", "uv": [ 28.0, 52.5, 28.5, 53.0 ] }
									}
								},
								{
									"name": "Kreplemye2",
									"from": [ 0.0, -0.2, -1.5 ],
									"to": [ 0.34, 0.1, -0.9 ],
									"uv": [ 28.0, 53.0 ],
									"rotationOrigin": [ 0.0, 0.0, -1.5 ],
									"faces": {
										"north": { "texture": "#material", "uv": [ 28.0, 53.5, 28.5, 54.0 ] },
										"east": { "texture": "#material", "uv": [ 28.5, 53.5, 29.0, 54.0 ] },
										"south": { "texture": "#material", "uv": [ 29.0, 53.5, 29.5, 54.0 ] },
										"west": { "texture": "#material", "uv": [ 29.5, 53.5, 30.0, 54.0 ] },
										"up": { "texture": "#material", "uv": [ 28.0, 53.0, 28.5, 53.5 ] },
										"down": { "texture": "#material", "uv": [ 28.5, 53.0, 29.0, 53.5 ] }
									},
									"children": [
										{
											"name": "Kreplenye3",
											"from": [ 1.5, 0.0, 0.0 ],
											"to": [ 1.84, 0.3, 0.6 ],
											"uv": [ 28.0, 52.5 ],
											"rotationOrigin": [ 1.0, 0.0, 0.0 ],
											"faces": {
												"north": { "texture": "#material", "uv": [ 28.0, 53.0, 28.5, 53.5 ] },
												"east": { "texture": "#material", "uv": [ 28.5, 53.0, 29.0, 53.5 ] },
												"south": { "texture": "#material", "uv": [ 29.0, 53.0, 29.5, 53.5 ] },
												"west": { "texture": "#material", "uv": [ 29.5, 53.0, 30.0, 53.5 ] },
												"up": { "texture": "#material", "uv": [ 28.0, 52.5, 28.5, 53.0 ] },
												"down": { "texture": "#material", "uv": [ 28.5, 52.5, 29.0, 53.0 ] }
											}
										}
									]
								}
							]
						},
						{
							"name": "Kreplemye3",
							"from": [ 3.4975, 2.5274, 7.4746 ],
							"to": [ 3.8375, 2.8274, 8.0746 ],
							"uv": [ 28.0, 52.5 ],
							"rotationOrigin": [ 3.4975, 2.1274, 7.4746 ],
							"rotationX": -90.0,
							"rotationY": 7.0,
							"rotationZ": 8.0,
							"faces": {
								"north": { "texture": "#material", "uv": [ 28.0, 53.0, 28.5, 53.5 ] },
								"east": { "texture": "#material", "uv": [ 28.5, 53.0, 29.0, 53.5 ] },
								"south": { "texture": "#material", "uv": [ 29.0, 53.0, 29.5, 53.5 ] },
								"west": { "texture": "#material", "uv": [ 29.5, 53.0, 30.0, 53.5 ] },
								"up": { "texture": "#material", "uv": [ 28.0, 52.5, 28.5, 53.0 ] },
								"down": { "texture": "#material", "uv": [ 28.5, 52.5, 29.0, 53.0 ] }
							},
							"children": [
								{
									"name": "Kreplenye4",
									"from": [ 1.5, 0.0, 0.0 ],
									"to": [ 1.84, 0.3, 0.6 ],
									"uv": [ 27.5, 53.0 ],
									"rotationOrigin": [ 1.0, 0.0, 0.0 ],
									"faces": {
										"north": { "texture": "#material", "uv": [ 27.5, 53.5, 28.0, 54.0 ] },
										"east": { "texture": "#material", "uv": [ 28.0, 53.5, 28.5, 54.0 ] },
										"south": { "texture": "#material", "uv": [ 28.5, 53.5, 29.0, 54.0 ] },
										"west": { "texture": "#material", "uv": [ 29.0, 53.5, 29.5, 54.0 ] },
										"up": { "texture": "#material", "uv": [ 27.5, 53.0, 28.0, 53.5 ] },
										"down": { "texture": "#material", "uv": [ 28.0, 53.0, 28.5, 53.5 ] }
									}
								},
								{
									"name": "Kreplemye4",
									"from": [ 0.0, 0.2, -1.5 ],
									"to": [ 0.34, 0.5, -0.9 ],
									"uv": [ 27.5, 53.0 ],
									"rotationOrigin": [ 0.0, 0.0, -1.5 ],
									"faces": {
										"north": { "texture": "#material", "uv": [ 27.5, 53.5, 28.0, 54.0 ] },
										"east": { "texture": "#material", "uv": [ 28.0, 53.5, 28.5, 54.0 ] },
										"south": { "texture": "#material", "uv": [ 28.5, 53.5, 29.0, 54.0 ] },
										"west": { "texture": "#material", "uv": [ 29.0, 53.5, 29.5, 54.0 ] },
										"up": { "texture": "#material", "uv": [ 27.5, 53.0, 28.0, 53.5 ] },
										"down": { "texture": "#material", "uv": [ 28.0, 53.0, 28.5, 53.5 ] }
									},
									"children": [
										{
											"name": "Kreplenye5",
											"from": [ 1.5, 0.0, 0.0 ],
											"to": [ 1.84, 0.3, 0.6 ],
											"uv": [ 28.0, 53.0 ],
											"rotationOrigin": [ 1.0, 0.0, 0.0 ],
											"faces": {
												"north": { "texture": "#material", "uv": [ 28.0, 53.5, 28.5, 54.0 ] },
												"east": { "texture": "#material", "uv": [ 28.5, 53.5, 29.0, 54.0 ] },
												"south": { "texture": "#material", "uv": [ 29.0, 53.5, 29.5, 54.0 ] },
												"west": { "texture": "#material", "uv": [ 29.5, 53.5, 30.0, 54.0 ] },
												"up": { "texture": "#material", "uv": [ 28.0, 53.0, 28.5, 53.5 ] },
												"down": { "texture": "#material", "uv": [ 28.5, 53.0, 29.0, 53.5 ] }
											}
										}
									]
								}
							]
						},
						{
							"name": "Remenj1",
							"from": [ 2.3093, 2.2732, -1.0424 ],
							"to": [ 2.6493, 2.5732, 0.8576 ],
							"uv": [ 52.5, 56.0 ],
							"rotationOrigin": [ 2.3095, 2.2732, -1.0417 ],
							"rotationX": 138.999,
							"rotationY": 79.4,
							"rotationZ": -138.51,
							"faces": {
								"north": { "texture": "#material", "uv": [ 52.5, 57.5, 53.0, 58.0 ] },
								"east": { "texture": "#material", "uv": [ 53.0, 57.5, 54.5, 58.0 ] },
								"south": { "texture": "#material", "uv": [ 54.5, 57.5, 55.0, 58.0 ] },
								"west": { "texture": "#material", "uv": [ 55.0, 57.5, 56.5, 58.0 ] },
								"up": { "texture": "#material", "uv": [ 52.5, 56.0, 53.0, 57.5 ] },
								"down": { "texture": "#material", "uv": [ 53.0, 56.0, 53.5, 57.5 ] }
							},
							"children": [
								{
									"name": "Remenj2",
									"from": [ -0.2, -1.5, 0.0 ],
									"to": [ 0.14, -1.2, 1.9 ],
									"uv": [ 52.5, 56.0 ],
									"rotationOrigin": [ 0.0, -2.0, 0.0 ],
									"faces": {
										"north": { "texture": "#material", "uv": [ 52.5, 57.5, 53.0, 58.0 ] },
										"east": { "texture": "#material", "uv": [ 53.0, 57.5, 54.5, 58.0 ] },
										"south": { "texture": "#material", "uv": [ 54.5, 57.5, 55.0, 58.0 ] },
										"west": { "texture": "#material", "uv": [ 55.0, 57.5, 56.5, 58.0 ] },
										"up": { "texture": "#material", "uv": [ 52.5, 56.0, 53.0, 57.5 ] },
										"down": { "texture": "#material", "uv": [ 53.0, 56.0, 53.5, 57.5 ] }
									}
								},
								{
									"name": "Remenj3",
									"from": [ -8.2498, 0.0, 0.0 ],
									"to": [ -7.9098, 0.3, 1.9 ],
									"uv": [ 52.5, 56.0 ],
									"rotationOrigin": [ -8.2998, 0.0, 0.0036 ],
									"faces": {
										"north": { "texture": "#material", "uv": [ 52.5, 57.5, 53.0, 58.0 ] },
										"east": { "texture": "#material", "uv": [ 53.0, 57.5, 54.5, 58.0 ] },
										"south": { "texture": "#material", "uv": [ 54.5, 57.5, 55.0, 58.0 ] },
										"west": { "texture": "#material", "uv": [ 55.0, 57.5, 56.5, 58.0 ] },
										"up": { "texture": "#material", "uv": [ 52.5, 56.0, 53.0, 57.5 ] },
										"down": { "texture": "#material", "uv": [ 53.0, 56.0, 53.5, 57.5 ] }
									},
									"children": [
										{
											"name": "Remenj4",
											"from": [ 0.2, -1.5, 0.0 ],
											"to": [ 0.54, -1.2, 1.9 ],
											"uv": [ 52.5, 56.0 ],
											"rotationOrigin": [ 0.0, -2.0, 0.0 ],
											"faces": {
												"north": { "texture": "#material", "uv": [ 52.5, 57.5, 53.0, 58.0 ] },
												"east": { "texture": "#material", "uv": [ 53.0, 57.5, 54.5, 58.0 ] },
												"south": { "texture": "#material", "uv": [ 54.5, 57.5, 55.0, 58.0 ] },
												"west": { "texture": "#material", "uv": [ 55.0, 57.5, 56.5, 58.0 ] },
												"up": { "texture": "#material", "uv": [ 52.5, 56.0, 53.0, 57.5 ] },
												"down": { "texture": "#material", "uv": [ 53.0, 56.0, 53.5, 57.5 ] }
											}
										}
									]
								}
							]
						}
					]
				},
				{
					"name": "Cube3",
					"from": [ 5.8, 5.5, 4.4 ],
					"to": [ 6.14, 5.8, 10.2 ],
					"uv": [ 33.5, 58.0 ],
					"rotationOrigin": [ 5.0, 5.5, 5.0 ],
					"rotationY": -98.0,
					"faces": {
						"north": { "texture": "#material", "uv": [ 33.5, 63.5, 34.0, 64.0 ] },
						"east": { "texture": "#material", "uv": [ 34.0, 63.5, 39.5, 64.0 ] },
						"south": { "texture": "#material", "uv": [ 39.5, 63.5, 40.0, 64.0 ] },
						"west": { "texture": "#material", "uv": [ 40.0, 63.5, 45.5, 64.0 ] },
						"up": { "texture": "#material", "uv": [ 33.5, 58.0, 34.0, 63.5 ] },
						"down": { "texture": "#material", "uv": [ 34.0, 58.0, 34.5, 63.5 ] }
					}
				},
				{
					"name": "Cube4",
					"from": [ 4.5, 5.5, 4.3 ],
					"to": [ 4.84, 5.8, 10.1 ],
					"uv": [ 33.5, 58.0 ],
					"rotationOrigin": [ 1.0, 5.5, 5.0 ],
					"rotationY": 98.0,
					"faces": {
						"north": { "texture": "#material", "uv": [ 33.5, 63.5, 34.0, 64.0 ] },
						"east": { "texture": "#material", "uv": [ 34.0, 63.5, 39.5, 64.0 ] },
						"south": { "texture": "#material", "uv": [ 39.5, 63.5, 40.0, 64.0 ] },
						"west": { "texture": "#material", "uv": [ 40.0, 63.5, 45.5, 64.0 ] },
						"up": { "texture": "#material", "uv": [ 33.5, 58.0, 34.0, 63.5 ] },
						"down": { "texture": "#material", "uv": [ 34.0, 58.0, 34.5, 63.5 ] }
					}
				}
			]
		},
		{
			"name": "ArmorLowerTorso",
			"stepParentName": "LowerTorso",
			"from": [ -0.3, -0.5, -0.3 ],
			"to": [ 5.3, 5.1, 6.3 ],
			"uv": [ 0.0, 11.5 ],
			"rotationOrigin": [ -0.3, -0.5, -0.3 ],
			"faces": {
				"north": { "texture": "#material", "uv": [ 0.0, 18.0, 5.5, 23.5 ] },
				"east": { "texture": "#material", "uv": [ 5.5, 18.0, 12.0, 23.5 ] },
				"south": { "texture": "#material", "uv": [ 12.0, 18.0, 17.5, 23.5 ] },
				"west": { "texture": "#material", "uv": [ 17.5, 18.0, 24.0, 23.5 ] },
				"up": { "texture": "#material", "uv": [ 0.0, 11.5, 5.5, 18.0 ] },
				"down": { "texture": "#material", "uv": [ 5.5, 11.5, 11.0, 18.0 ] }
			},
			"children": [
				{
					"name": "Kirasa19",
					"from": [ -0.1, 3.0, 7.1674 ],
					"to": [ 0.3, 7.4, 9.5074 ],
					"autoUnwrap": false,
					"uv": [ 53.0, 45.5 ],
					"rotationOrigin": [ -1.4867, 3.9063, 6.9674 ],
					"rotationX": -180.0,
					"rotationY": -9.0,
					"rotationZ": 7.0,
					"faces": {
						"north": { "texture": "#material", "uv": [ 53.0, 47.5, 53.5, 50.5 ], "autoUv": false },
						"east": { "texture": "#material", "uv": [ 53.5, 47.5, 55.5, 50.5 ], "autoUv": false },
						"south": { "texture": "#material", "uv": [ 55.5, 47.5, 56.0, 50.5 ], "autoUv": false },
						"west": { "texture": "#material", "uv": [ 56.0, 47.5, 57.0, 50.5 ], "autoUv": false },
						"up": { "texture": "#material", "uv": [ 53.0, 50.5, 53.5, 47.5 ], "autoUv": false },
						"down": { "texture": "#material", "uv": [ 53.5, 48.5, 54.0, 50.5 ] }
					},
					"children": [
						{
							"name": "Okoontovka32",
							"from": [ 1.0328, 0.6618, 0.6204 ],
							"to": [ 1.3728, 2.2618, 2.5704 ],
							"autoUnwrap": false,
							"uv": [ 50.0, 47.0 ],
							"rotationOrigin": [ 0.8466, 2.0615, 2.3047 ],
							"rotationX": -128.044,
							"rotationY": 2.966,
							"rotationZ": -168.601,
							"faces": {
								"north": { "texture": "#material", "uv": [ 50.0, 49.0, 50.5, 50.5 ] },
								"east": { "texture": "#material", "uv": [ 57.5, 49.0, 56.5, 48.5 ], "autoUv": false },
								"south": { "texture": "#material", "uv": [ 52.5, 49.0, 53.0, 50.5 ] },
								"west": { "texture": "#material", "uv": [ 53.0, 49.0, 54.5, 50.5 ] },
								"up": { "texture": "#material", "uv": [ 50.0, 47.0, 50.5, 48.5 ] },
								"down": { "texture": "#material", "uv": [ 50.5, 47.0, 51.0, 48.5 ] }
							}
						},
						{
							"name": "Okoontovka33",
							"from": [ 1.4728, -0.6382, 0.7704 ],
							"to": [ 1.8128, 0.9618, 3.8904 ],
							"autoUnwrap": false,
							"uv": [ 49.0, 47.0 ],
							"rotationOrigin": [ 0.8466, 2.0615, 2.3047 ],
							"rotationX": 127.319,
							"rotationY": -9.999,
							"rotationZ": 166.051,
							"faces": {
								"north": { "texture": "#material", "uv": [ 49.0, 49.0, 49.5, 50.5 ] },
								"east": { "texture": "#material", "uv": [ 49.5, 49.0, 52.5, 50.5 ] },
								"south": { "texture": "#material", "uv": [ 51.5, 49.0, 52.0, 50.5 ] },
								"west": { "texture": "#material", "uv": [ 52.0, 49.0, 55.0, 50.5 ] },
								"up": { "texture": "#material", "uv": [ 58.0, 48.0, 58.5, 51.0 ] },
								"down": { "texture": "#material", "uv": [ 49.5, 47.0, 50.0, 50.0 ] }
							}
						},
						{
							"name": "Okoontovka23",
							"from": [ 8.8099, -0.0337, 3.46 ],
							"to": [ 9.1499, 0.2663, 9.86 ],
							"uv": [ 37.0, 53.5 ],
							"rotationOrigin": [ 7.9017, 1.0773, 4.3293 ],
							"rotationX": -178.894,
							"rotationY": -8.933,
							"rotationZ": -172.914,
							"faces": {
								"north": { "texture": "#material", "uv": [ 37.0, 59.5, 37.5, 60.0 ] },
								"east": { "texture": "#material", "uv": [ 37.5, 59.5, 43.5, 60.0 ] },
								"south": { "texture": "#material", "uv": [ 43.5, 59.5, 44.0, 60.0 ] },
								"west": { "texture": "#material", "uv": [ 44.0, 59.5, 50.0, 60.0 ] },
								"up": { "texture": "#material", "uv": [ 37.0, 53.5, 37.5, 59.5 ] },
								"down": { "texture": "#material", "uv": [ 37.5, 53.5, 38.0, 59.5 ] }
							}
						},
						{
							"name": "Kirasa20",
							"from": [ 0.5719, -0.0374, 4.3599 ],
							"to": [ 0.9719, 4.3626, 6.7499 ],
							"autoUnwrap": false,
							"uv": [ 57.5, 45.5 ],
							"rotationOrigin": [ -0.1256, 0.5648, 4.961 ],
							"rotationX": 2.001,
							"rotationY": 15.878,
							"rotationZ": -0.279,
							"faces": {
								"north": { "texture": "#material", "uv": [ 57.5, 47.5, 58.0, 50.5 ], "autoUv": false },
								"east": { "texture": "#material", "uv": [ 58.0, 47.5, 60.0, 50.5 ], "autoUv": false },
								"south": { "texture": "#material", "uv": [ 60.0, 47.5, 60.5, 50.5 ], "autoUv": false },
								"west": { "texture": "#material", "uv": [ 57.0, 47.5, 56.0, 50.3 ], "autoUv": false },
								"up": { "texture": "#material", "uv": [ 57.5, 50.5, 58.0, 47.5 ], "autoUv": false },
								"down": { "texture": "#material", "uv": [ 58.0, 47.5, 58.5, 49.5 ] }
							}
						},
						{
							"name": "Kirasa17",
							"from": [ 5.3704, -0.6663, -3.53 ],
							"to": [ 5.7704, 3.7337, -0.53 ],
							"autoUnwrap": false,
							"uv": [ 48.5, 44.5 ],
							"rotationOrigin": [ 4.4344, -0.0641, -2.077 ],
							"rotationX": -105.983,
							"rotationY": -82.722,
							"rotationZ": -99.861,
							"faces": {
								"north": { "texture": "#material", "uv": [ 48.5, 47.5, 49.0, 51.5 ] },
								"east": { "texture": "#material", "uv": [ 49.0, 47.5, 52.0, 51.5 ] },
								"south": { "texture": "#material", "uv": [ 52.0, 47.5, 52.5, 51.5 ] },
								"west": { "texture": "#material", "uv": [ 53.5, 47.5, 55.5, 50.5 ], "autoUv": false },
								"up": { "texture": "#material", "uv": [ 48.5, 44.5, 49.0, 47.5 ] },
								"down": { "texture": "#material", "uv": [ 49.0, 44.5, 49.5, 47.5 ] }
							}
						},
						{
							"name": "Okontovka3",
							"from": [ 8.8181, 3.3922, 5.4746 ],
							"to": [ 9.1581, 3.6922, 8.4746 ],
							"uv": [ 37.5, 57.0 ],
							"rotationOrigin": [ 7.9618, 3.5329, 4.4746 ],
							"rotationX": -19.336,
							"rotationY": -68.687,
							"rotationZ": -20.513,
							"faces": {
								"north": { "texture": "#material", "uv": [ 37.5, 60.0, 38.0, 60.5 ] },
								"east": { "texture": "#material", "uv": [ 38.0, 60.0, 41.0, 60.5 ] },
								"south": { "texture": "#material", "uv": [ 41.0, 60.0, 41.5, 60.5 ] },
								"west": { "texture": "#material", "uv": [ 41.5, 60.0, 44.5, 60.5 ] },
								"up": { "texture": "#material", "uv": [ 37.5, 57.0, 38.0, 60.0 ] },
								"down": { "texture": "#material", "uv": [ 38.0, 57.0, 38.5, 60.0 ] }
							},
							"children": [
								{
									"name": "Okontovka4",
									"from": [ -0.0406, -0.0193, 3.24 ],
									"to": [ 0.2994, 0.2807, 6.24 ],
									"uv": [ 37.5, 57.0 ],
									"rotationOrigin": [ 0.3684, 0.1407, 3.3284 ],
									"rotationY": -22.0,
									"faces": {
										"north": { "texture": "#material", "uv": [ 37.5, 60.0, 38.0, 60.5 ] },
										"east": { "texture": "#material", "uv": [ 38.0, 60.0, 41.0, 60.5 ] },
										"south": { "texture": "#material", "uv": [ 41.0, 60.0, 41.5, 60.5 ] },
										"west": { "texture": "#material", "uv": [ 41.5, 60.0, 44.5, 60.5 ] },
										"up": { "texture": "#material", "uv": [ 37.5, 57.0, 38.0, 60.0 ] },
										"down": { "texture": "#material", "uv": [ 38.0, 57.0, 38.5, 60.0 ] }
									}
								}
							]
						},
						{
							"name": "Kirasa23",
							"from": [ 1.74, -0.1533, 4.0102 ],
							"to": [ 2.14, 4.2467, 7.0102 ],
							"autoUnwrap": false,
							"uv": [ 48.5, 44.5 ],
							"rotationOrigin": [ 2.6454, 0.2275, 5.7302 ],
							"rotationX": 83.113,
							"rotationY": 82.259,
							"rotationZ": -75.073,
							"faces": {
								"north": { "texture": "#material", "uv": [ 48.5, 47.5, 49.0, 49.5 ], "autoUv": false },
								"east": { "texture": "#material", "uv": [ 49.0, 47.5, 52.0, 51.5 ] },
								"south": { "texture": "#material", "uv": [ 52.0, 47.5, 52.5, 51.5 ] },
								"west": { "texture": "#material", "uv": [ 53.5, 47.5, 55.5, 50.5 ], "autoUv": false },
								"up": { "texture": "#material", "uv": [ 48.5, 44.5, 49.0, 47.5 ] },
								"down": { "texture": "#material", "uv": [ 49.0, 44.5, 49.5, 47.5 ] }
							},
							"children": [
								{
									"name": "Kirasa24",
									"from": [ -5.7066, -0.079, 0.6588 ],
									"to": [ -5.3066, 4.321, 3.8988 ],
									"autoUnwrap": false,
									"uv": [ 49.0, 44.5 ],
									"rotationOrigin": [ -2.5566, 1.451, 3.9488 ],
									"rotationX": -177.0,
									"rotationY": -20.0,
									"rotationZ": 179.29,
									"faces": {
										"north": { "texture": "#material", "uv": [ 49.0, 47.5, 49.5, 51.5 ] },
										"east": { "texture": "#material", "uv": [ 49.5, 47.5, 51.5, 50.5 ], "autoUv": false },
										"south": { "texture": "#material", "uv": [ 52.5, 47.5, 53.0, 51.5 ] },
										"west": { "texture": "#material", "uv": [ 53.0, 47.5, 56.0, 51.5 ] },
										"up": { "texture": "#material", "uv": [ 49.0, 44.5, 49.5, 47.5 ] },
										"down": { "texture": "#material", "uv": [ 49.5, 44.5, 50.0, 47.5 ] }
									}
								}
							]
						},
						{
							"name": "Kreplemye5",
							"from": [ 5.2099, 1.66, 6.9493 ],
							"to": [ 5.5499, 1.96, 7.5493 ],
							"uv": [ 27.0, 52.5 ],
							"rotationOrigin": [ 5.2099, 1.8633, 6.9493 ],
							"rotationX": -90.0,
							"rotationY": 7.0,
							"rotationZ": -171.0,
							"faces": {
								"north": { "texture": "#material", "uv": [ 27.0, 53.0, 27.5, 53.5 ] },
								"east": { "texture": "#material", "uv": [ 27.5, 53.0, 28.0, 53.5 ] },
								"south": { "texture": "#material", "uv": [ 28.0, 53.0, 28.5, 53.5 ] },
								"west": { "texture": "#material", "uv": [ 28.5, 53.0, 29.0, 53.5 ] },
								"up": { "texture": "#material", "uv": [ 27.0, 52.5, 27.5, 53.0 ] },
								"down": { "texture": "#material", "uv": [ 27.5, 52.5, 28.0, 53.0 ] }
							},
							"children": [
								{
									"name": "Kreplenye6",
									"from": [ 1.5, 0.0, 0.0 ],
									"to": [ 1.84, 0.3, 0.6 ],
									"uv": [ 25.5, 52.5 ],
									"rotationOrigin": [ 1.0, 0.0, 0.0 ],
									"faces": {
										"north": { "texture": "#material", "uv": [ 25.5, 53.0, 26.0, 53.5 ] },
										"east": { "texture": "#material", "uv": [ 26.0, 53.0, 26.5, 53.5 ] },
										"south": { "texture": "#material", "uv": [ 26.5, 53.0, 27.0, 53.5 ] },
										"west": { "texture": "#material", "uv": [ 27.0, 53.0, 27.5, 53.5 ] },
										"up": { "texture": "#material", "uv": [ 25.5, 52.5, 26.0, 53.0 ] },
										"down": { "texture": "#material", "uv": [ 26.0, 52.5, 26.5, 53.0 ] }
									}
								},
								{
									"name": "Kreplemye6",
									"from": [ 0.0, -0.2, -1.5 ],
									"to": [ 0.34, 0.1, -0.9 ],
									"uv": [ 27.0, 52.5 ],
									"rotationOrigin": [ 0.0, 0.0, -1.5 ],
									"faces": {
										"north": { "texture": "#material", "uv": [ 27.0, 53.0, 27.5, 53.5 ] },
										"east": { "texture": "#material", "uv": [ 27.5, 53.0, 28.0, 53.5 ] },
										"south": { "texture": "#material", "uv": [ 28.0, 53.0, 28.5, 53.5 ] },
										"west": { "texture": "#material", "uv": [ 28.5, 53.0, 29.0, 53.5 ] },
										"up": { "texture": "#material", "uv": [ 27.0, 52.5, 27.5, 53.0 ] },
										"down": { "texture": "#material", "uv": [ 27.5, 52.5, 28.0, 53.0 ] }
									},
									"children": [
										{
											"name": "Kreplenye7",
											"from": [ 1.5, 0.0, 0.0 ],
											"to": [ 1.84, 0.3, 0.6 ],
											"uv": [ 28.0, 52.5 ],
											"rotationOrigin": [ 1.0, 0.0, 0.0 ],
											"faces": {
												"north": { "texture": "#material", "uv": [ 28.0, 53.0, 28.5, 53.5 ] },
												"east": { "texture": "#material", "uv": [ 28.5, 53.0, 29.0, 53.5 ] },
												"south": { "texture": "#material", "uv": [ 29.0, 53.0, 29.5, 53.5 ] },
												"west": { "texture": "#material", "uv": [ 29.5, 53.0, 30.0, 53.5 ] },
												"up": { "texture": "#material", "uv": [ 28.0, 52.5, 28.5, 53.0 ] },
												"down": { "texture": "#material", "uv": [ 28.5, 52.5, 29.0, 53.0 ] }
											}
										}
									]
								}
							]
						},
						{
							"name": "Kreplemye7",
							"from": [ 3.5144, 2.36, -1.9399 ],
							"to": [ 3.8544, 2.66, -1.3399 ],
							"uv": [ 28.0, 52.5 ],
							"rotationOrigin": [ 3.8125, 2.0348, -1.9399 ],
							"rotationX": -90.0,
							"rotationY": 7.0,
							"rotationZ": -171.0,
							"faces": {
								"north": { "texture": "#material", "uv": [ 28.0, 53.0, 28.5, 53.5 ] },
								"east": { "texture": "#material", "uv": [ 28.5, 53.0, 29.0, 53.5 ] },
								"south": { "texture": "#material", "uv": [ 29.0, 53.0, 29.5, 53.5 ] },
								"west": { "texture": "#material", "uv": [ 29.5, 53.0, 30.0, 53.5 ] },
								"up": { "texture": "#material", "uv": [ 28.0, 52.5, 28.5, 53.0 ] },
								"down": { "texture": "#material", "uv": [ 28.5, 52.5, 29.0, 53.0 ] }
							},
							"children": [
								{
									"name": "Kreplenye8",
									"from": [ 1.5, 0.0, 0.0 ],
									"to": [ 1.84, 0.3, 0.6 ],
									"uv": [ 27.5, 53.0 ],
									"rotationOrigin": [ 1.0, 0.0, 0.0 ],
									"faces": {
										"north": { "texture": "#material", "uv": [ 27.5, 53.5, 28.0, 54.0 ] },
										"east": { "texture": "#material", "uv": [ 28.0, 53.5, 28.5, 54.0 ] },
										"south": { "texture": "#material", "uv": [ 28.5, 53.5, 29.0, 54.0 ] },
										"west": { "texture": "#material", "uv": [ 29.0, 53.5, 29.5, 54.0 ] },
										"up": { "texture": "#material", "uv": [ 27.5, 53.0, 28.0, 53.5 ] },
										"down": { "texture": "#material", "uv": [ 28.0, 53.0, 28.5, 53.5 ] }
									}
								},
								{
									"name": "Kreplemye8",
									"from": [ 0.0, 0.0, -1.5 ],
									"to": [ 0.34, 0.3, -0.9 ],
									"uv": [ 27.5, 53.0 ],
									"rotationOrigin": [ 0.0, 0.0, -1.5 ],
									"faces": {
										"north": { "texture": "#material", "uv": [ 27.5, 53.5, 28.0, 54.0 ] },
										"east": { "texture": "#material", "uv": [ 28.0, 53.5, 28.5, 54.0 ] },
										"south": { "texture": "#material", "uv": [ 28.5, 53.5, 29.0, 54.0 ] },
										"west": { "texture": "#material", "uv": [ 29.0, 53.5, 29.5, 54.0 ] },
										"up": { "texture": "#material", "uv": [ 27.5, 53.0, 28.0, 53.5 ] },
										"down": { "texture": "#material", "uv": [ 28.0, 53.0, 28.5, 53.5 ] }
									},
									"children": [
										{
											"name": "Kreplenye9",
											"from": [ 1.5, 0.0, 0.0 ],
											"to": [ 1.84, 0.3, 0.6 ],
											"uv": [ 28.0, 53.0 ],
											"rotationOrigin": [ 1.0, 0.0, 0.0 ],
											"faces": {
												"north": { "texture": "#material", "uv": [ 28.0, 53.5, 28.5, 54.0 ] },
												"east": { "texture": "#material", "uv": [ 28.5, 53.5, 29.0, 54.0 ] },
												"south": { "texture": "#material", "uv": [ 29.0, 53.5, 29.5, 54.0 ] },
												"west": { "texture": "#material", "uv": [ 29.5, 53.5, 30.0, 54.0 ] },
												"up": { "texture": "#material", "uv": [ 28.0, 53.0, 28.5, 53.5 ] },
												"down": { "texture": "#material", "uv": [ 28.5, 53.0, 29.0, 53.5 ] }
											}
										}
									]
								}
							]
						},
						{
							"name": "Remenj5",
							"from": [ 5.3497, 1.87, 6.5535 ],
							"to": [ 5.6897, 2.17, 8.4535 ],
							"uv": [ 52.5, 56.0 ],
							"rotationOrigin": [ 5.1479, 1.8709, 6.5542 ],
							"rotationX": -37.64,
							"rotationY": -78.632,
							"rotationZ": -38.191,
							"faces": {
								"north": { "texture": "#material", "uv": [ 52.5, 57.5, 53.0, 58.0 ] },
								"east": { "texture": "#material", "uv": [ 53.0, 57.5, 54.5, 58.0 ] },
								"south": { "texture": "#material", "uv": [ 54.5, 57.5, 55.0, 58.0 ] },
								"west": { "texture": "#material", "uv": [ 55.0, 57.5, 56.5, 58.0 ] },
								"up": { "texture": "#material", "uv": [ 52.5, 56.0, 53.0, 57.5 ] },
								"down": { "texture": "#material", "uv": [ 53.0, 56.0, 53.5, 57.5 ] }
							},
							"children": [
								{
									"name": "Remenj6",
									"from": [ -0.2, -1.5, 0.0 ],
									"to": [ 0.14, -1.2, 1.9 ],
									"uv": [ 52.5, 56.0 ],
									"rotationOrigin": [ 0.0, -2.0, 0.0 ],
									"faces": {
										"north": { "texture": "#material", "uv": [ 52.5, 57.5, 53.0, 58.0 ] },
										"east": { "texture": "#material", "uv": [ 53.0, 57.5, 54.5, 58.0 ] },
										"south": { "texture": "#material", "uv": [ 54.5, 57.5, 55.0, 58.0 ] },
										"west": { "texture": "#material", "uv": [ 55.0, 57.5, 56.5, 58.0 ] },
										"up": { "texture": "#material", "uv": [ 52.5, 56.0, 53.0, 57.5 ] },
										"down": { "texture": "#material", "uv": [ 53.0, 56.0, 53.5, 57.5 ] }
									}
								}
							]
						},
						{
							"name": "Okoontovka26",
							"from": [ 0.8719, 4.2926, 1.9 ],
							"to": [ 1.2119, 4.5926, 4.4 ],
							"uv": [ 37.0, 53.5 ],
							"rotationOrigin": [ 1.0236, 5.8036, 4.3293 ],
							"rotationX": -178.894,
							"rotationY": -8.933,
							"rotationZ": -172.914,
							"faces": {
								"north": { "texture": "#material", "uv": [ 37.0, 56.0, 37.5, 56.5 ] },
								"east": { "texture": "#material", "uv": [ 37.5, 56.0, 40.0, 56.5 ] },
								"south": { "texture": "#material", "uv": [ 40.0, 56.0, 40.5, 56.5 ] },
								"west": { "texture": "#material", "uv": [ 40.5, 56.0, 43.0, 56.5 ] },
								"up": { "texture": "#material", "uv": [ 37.0, 53.5, 37.5, 56.0 ] },
								"down": { "texture": "#material", "uv": [ 37.5, 53.5, 38.0, 56.0 ] }
							}
						},
						{
							"name": "Okoontovka28",
							"from": [ 1.4218, 4.2926, -1.7 ],
							"to": [ 1.7618, 4.5926, 0.8 ],
							"uv": [ 37.0, 53.5 ],
							"rotationOrigin": [ 1.0235, 5.8036, 0.3293 ],
							"rotationX": -178.894,
							"rotationY": -8.933,
							"rotationZ": -172.914,
							"faces": {
								"north": { "texture": "#material", "uv": [ 37.0, 56.0, 37.5, 56.5 ] },
								"east": { "texture": "#material", "uv": [ 37.5, 56.0, 40.0, 56.5 ] },
								"south": { "texture": "#material", "uv": [ 40.0, 56.0, 40.5, 56.5 ] },
								"west": { "texture": "#material", "uv": [ 40.5, 56.0, 43.0, 56.5 ] },
								"up": { "texture": "#material", "uv": [ 37.0, 53.5, 37.5, 56.0 ] },
								"down": { "texture": "#material", "uv": [ 37.5, 53.5, 38.0, 56.0 ] }
							}
						},
						{
							"name": "Okoontovka29",
							"from": [ 0.5219, 4.7925, -2.3 ],
							"to": [ 0.8619, 5.0925, 0.1 ],
							"uv": [ 37.0, 57.5 ],
							"rotationOrigin": [ 1.0236, 6.8035, 2.3293 ],
							"rotationX": -89.0,
							"faces": {
								"north": { "texture": "#material", "uv": [ 37.0, 59.5, 37.5, 60.0 ] },
								"east": { "texture": "#material", "uv": [ 37.5, 59.5, 39.5, 60.0 ] },
								"south": { "texture": "#material", "uv": [ 39.5, 59.5, 40.0, 60.0 ] },
								"west": { "texture": "#material", "uv": [ 40.0, 59.5, 42.0, 60.0 ] },
								"up": { "texture": "#material", "uv": [ 37.0, 57.5, 37.5, 59.5 ] },
								"down": { "texture": "#material", "uv": [ 37.5, 57.5, 38.0, 59.5 ] }
							}
						},
						{
							"name": "Okoontovka30",
							"from": [ 0.3219, 6.6425, -1.9 ],
							"to": [ 0.6619, 6.9425, 0.1 ],
							"uv": [ 37.0, 56.5 ],
							"rotationOrigin": [ 1.0236, 6.8035, 2.3293 ],
							"rotationX": -89.0,
							"rotationZ": 17.0,
							"faces": {
								"north": { "texture": "#material", "uv": [ 37.0, 58.5, 37.5, 59.0 ] },
								"east": { "texture": "#material", "uv": [ 37.5, 58.5, 39.5, 59.0 ] },
								"south": { "texture": "#material", "uv": [ 39.5, 58.5, 40.0, 59.0 ] },
								"west": { "texture": "#material", "uv": [ 40.0, 58.5, 42.0, 59.0 ] },
								"up": { "texture": "#material", "uv": [ 37.0, 56.5, 37.5, 58.5 ] },
								"down": { "texture": "#material", "uv": [ 37.5, 56.5, 38.0, 58.5 ] }
							}
						},
						{
							"name": "Okoontovka34",
							"from": [ 1.307, 5.6716, -0.2493 ],
							"to": [ 1.647, 5.9716, 1.3507 ],
							"uv": [ 37.0, 57.5 ],
							"rotationOrigin": [ 2.0039, 6.6831, 6.1729 ],
							"rotationX": -54.591,
							"rotationY": 7.893,
							"rotationZ": -7.684,
							"faces": {
								"north": { "texture": "#material", "uv": [ 37.0, 59.0, 37.5, 59.5 ] },
								"east": { "texture": "#material", "uv": [ 37.5, 59.0, 39.0, 59.5 ] },
								"south": { "texture": "#material", "uv": [ 39.0, 59.0, 39.5, 59.5 ] },
								"west": { "texture": "#material", "uv": [ 39.5, 59.0, 41.0, 59.5 ] },
								"up": { "texture": "#material", "uv": [ 37.0, 57.5, 37.5, 59.0 ] },
								"down": { "texture": "#material", "uv": [ 37.5, 57.5, 38.0, 59.0 ] }
							}
						},
						{
							"name": "Okoontovka35",
							"from": [ 0.2999, -3.4575, 0.5 ],
							"to": [ 0.6399, -3.1575, 2.1 ],
							"uv": [ 37.0, 57.5 ],
							"rotationOrigin": [ 1.0235, -2.1965, 7.33 ],
							"rotationX": 53.0,
							"faces": {
								"north": { "texture": "#material", "uv": [ 37.0, 59.0, 37.5, 59.5 ] },
								"east": { "texture": "#material", "uv": [ 37.5, 59.0, 39.0, 59.5 ] },
								"south": { "texture": "#material", "uv": [ 39.0, 59.0, 39.5, 59.5 ] },
								"west": { "texture": "#material", "uv": [ 39.5, 59.0, 41.0, 59.5 ] },
								"up": { "texture": "#material", "uv": [ 37.0, 57.5, 37.5, 59.0 ] },
								"down": { "texture": "#material", "uv": [ 37.5, 57.5, 38.0, 59.0 ] }
							}
						},
						{
							"name": "Okoontovka22",
							"from": [ 5.9618, 4.0133, -3.0454 ],
							"to": [ 6.2618, 7.2133, -2.6954 ],
							"uv": [ 37.5, 57.0 ],
							"rotationOrigin": [ 6.4241, 3.7196, -2.0446 ],
							"rotationX": 175.067,
							"rotationY": -9.623,
							"rotationZ": 6.112,
							"faces": {
								"north": { "texture": "#material", "uv": [ 37.5, 57.5, 38.0, 60.5 ] },
								"east": { "texture": "#material", "uv": [ 38.0, 57.5, 38.5, 60.5 ] },
								"south": { "texture": "#material", "uv": [ 38.5, 57.5, 39.0, 60.5 ] },
								"west": { "texture": "#material", "uv": [ 39.0, 57.5, 39.5, 60.5 ] },
								"up": { "texture": "#material", "uv": [ 37.5, 57.0, 38.0, 57.5 ] },
								"down": { "texture": "#material", "uv": [ 38.0, 57.0, 38.5, 57.5 ] }
							}
						},
						{
							"name": "Okoontovka27",
							"from": [ 7.0486, 3.6298, 3.8684 ],
							"to": [ 7.3486, 6.8298, 4.2184 ],
							"uv": [ 37.5, 57.0 ],
							"rotationOrigin": [ 7.5109, 3.5861, 4.8692 ],
							"rotationX": -170.88,
							"rotationY": -7.863,
							"rotationZ": 8.259,
							"faces": {
								"north": { "texture": "#material", "uv": [ 37.5, 57.5, 38.0, 60.5 ] },
								"east": { "texture": "#material", "uv": [ 38.0, 57.5, 38.5, 60.5 ] },
								"south": { "texture": "#material", "uv": [ 38.5, 57.5, 39.0, 60.5 ] },
								"west": { "texture": "#material", "uv": [ 39.0, 57.5, 39.5, 60.5 ] },
								"up": { "texture": "#material", "uv": [ 37.5, 57.0, 38.0, 57.5 ] },
								"down": { "texture": "#material", "uv": [ 38.0, 57.0, 38.5, 57.5 ] }
							}
						},
						{
							"name": "Kirasa18",
							"from": [ -0.8375, -0.576, -7.2487 ],
							"to": [ -0.4375, 3.824, -4.2487 ],
							"autoUnwrap": false,
							"uv": [ 49.0, 44.5 ],
							"rotationOrigin": [ 2.2625, 0.2245, -3.8487 ],
							"rotationX": 162.471,
							"rotationY": 68.984,
							"rotationZ": -167.241,
							"faces": {
								"north": { "texture": "#material", "uv": [ 49.0, 47.5, 49.5, 50.5 ], "autoUv": false },
								"east": { "texture": "#material", "uv": [ 48.5, 47.5, 51.5, 50.5 ], "autoUv": false },
								"south": { "texture": "#material", "uv": [ 52.5, 47.5, 53.0, 50.5 ], "autoUv": false },
								"west": { "texture": "#material", "uv": [ 53.0, 47.5, 56.0, 50.5 ], "autoUv": false },
								"up": { "texture": "#material", "uv": [ 50.5, 44.5, 51.0, 47.5 ] },
								"down": { "texture": "#material", "uv": [ 50.5, 44.5, 51.0, 47.5 ] }
							}
						},
						{
							"name": "Okoontovka20",
							"from": [ -1.1604, 4.4312, 1.0035 ],
							"to": [ -0.8204, 4.7312, 3.9035 ],
							"uv": [ 37.5, 57.0 ],
							"rotationOrigin": [ -0.7104, 4.5976, -0.1965 ],
							"rotationX": 159.443,
							"rotationY": 70.728,
							"rotationZ": -158.333,
							"faces": {
								"north": { "texture": "#material", "uv": [ 37.5, 59.5, 38.0, 60.0 ] },
								"east": { "texture": "#material", "uv": [ 38.0, 59.5, 40.5, 60.0 ] },
								"south": { "texture": "#material", "uv": [ 40.5, 59.5, 41.0, 60.0 ] },
								"west": { "texture": "#material", "uv": [ 41.0, 59.5, 43.5, 60.0 ] },
								"up": { "texture": "#material", "uv": [ 37.5, 57.0, 38.0, 59.5 ] },
								"down": { "texture": "#material", "uv": [ 38.0, 57.0, 38.5, 59.5 ] }
							},
							"children": [
								{
									"name": "Okoontovka21",
									"from": [ -0.05, 0.04, 3.23 ],
									"to": [ 0.29, 0.34, 6.23 ],
									"uv": [ 37.5, 57.0 ],
									"rotationOrigin": [ 0.4246, 0.2, 3.3284 ],
									"rotationY": -21.0,
									"faces": {
										"north": { "texture": "#material", "uv": [ 37.5, 60.0, 38.0, 60.5 ] },
										"east": { "texture": "#material", "uv": [ 38.0, 60.0, 41.0, 60.5 ] },
										"south": { "texture": "#material", "uv": [ 41.0, 60.0, 41.5, 60.5 ] },
										"west": { "texture": "#material", "uv": [ 41.5, 60.0, 44.5, 60.5 ] },
										"up": { "texture": "#material", "uv": [ 37.5, 57.0, 38.0, 60.0 ] },
										"down": { "texture": "#material", "uv": [ 38.0, 57.0, 38.5, 60.0 ] }
									}
								}
							]
						},
						{
							"name": "Remenj7",
							"from": [ 3.8089, 2.03, -1.9472 ],
							"to": [ 4.1489, 2.33, -0.0472 ],
							"uv": [ 52.5, 56.0 ],
							"rotationOrigin": [ 3.8591, 2.0292, -1.6436 ],
							"rotationX": -37.64,
							"rotationY": -78.632,
							"rotationZ": -38.192,
							"faces": {
								"north": { "texture": "#material", "uv": [ 52.5, 57.5, 53.0, 58.0 ] },
								"east": { "texture": "#material", "uv": [ 53.0, 57.5, 54.5, 58.0 ] },
								"south": { "texture": "#material", "uv": [ 54.5, 57.5, 55.0, 58.0 ] },
								"west": { "texture": "#material", "uv": [ 55.0, 57.5, 56.5, 58.0 ] },
								"up": { "texture": "#material", "uv": [ 52.5, 56.0, 53.0, 57.5 ] },
								"down": { "texture": "#material", "uv": [ 53.0, 56.0, 53.5, 57.5 ] }
							}
						},
						{
							"name": "Remenj8",
							"from": [ 3.9053, 0.51, -1.7406 ],
							"to": [ 4.2453, 0.81, 0.1594 ],
							"uv": [ 52.5, 56.0 ],
							"rotationOrigin": [ 3.9053, 0.0085, -1.7406 ],
							"rotationX": -37.64,
							"rotationY": -78.632,
							"rotationZ": -38.192,
							"faces": {
								"north": { "texture": "#material", "uv": [ 52.5, 57.5, 53.0, 58.0 ] },
								"east": { "texture": "#material", "uv": [ 53.0, 57.5, 54.5, 58.0 ] },
								"south": { "texture": "#material", "uv": [ 54.5, 57.5, 55.0, 58.0 ] },
								"west": { "texture": "#material", "uv": [ 55.0, 57.5, 56.5, 58.0 ] },
								"up": { "texture": "#material", "uv": [ 52.5, 56.0, 53.0, 57.5 ] },
								"down": { "texture": "#material", "uv": [ 53.0, 56.0, 53.5, 57.5 ] }
							}
						}
					]
				}
			]
		},
		{
			"name": "ArmorUpperArmR",
			"stepParentName": "UpperArmR",
			"from": [ -0.2, -0.2, -0.3 ],
			"to": [ 3.1, 7.2, 2.1 ],
			"uv": [ 36.0, 0.0 ],
			"renderInEditor": false,
			"rotationOrigin": [ -0.2, -0.2, -0.3 ],
			"faces": {
				"north": { "texture": "#material", "uv": [ 36.0, 2.0, 39.0, 9.0 ] },
				"east": { "texture": "#material", "uv": [ 39.0, 2.0, 41.0, 9.0 ] },
				"south": { "texture": "#material", "uv": [ 41.0, 2.0, 44.0, 9.0 ] },
				"west": { "texture": "#material", "uv": [ 44.0, 2.0, 46.0, 9.0 ] },
				"up": { "texture": "#material", "uv": [ 36.0, 0.0, 39.0, 2.0 ] },
				"down": { "texture": "#material", "uv": [ 39.0, 0.0, 42.0, 2.0 ] }
			}
		},
		{
			"name": "ArmorUpperArmL",
			"stepParentName": "UpperArmL",
			"from": [ -0.2, -0.2, -0.2 ],
			"to": [ 3.1, 7.2, 2.2 ],
			"uv": [ 26.0, 0.0 ],
			"renderInEditor": false,
			"rotationOrigin": [ -0.2, -0.2, -0.2 ],
			"faces": {
				"north": { "texture": "#material", "uv": [ 26.0, 2.0, 29.0, 9.0 ] },
				"east": { "texture": "#material", "uv": [ 29.0, 2.0, 31.0, 9.0 ] },
				"south": { "texture": "#material", "uv": [ 31.0, 2.0, 34.0, 9.0 ] },
				"west": { "texture": "#material", "uv": [ 34.0, 2.0, 36.0, 9.0 ] },
				"up": { "texture": "#material", "uv": [ 26.0, 0.0, 29.0, 2.0 ] },
				"down": { "texture": "#material", "uv": [ 29.0, 0.0, 32.0, 2.0 ] }
			}
		},
		{
			"name": "ArmorLowerArmR",
			"stepParentName": "LowerArmR",
			"from": [ -0.2, 1.8, -0.25 ],
			"to": [ 2.7, 8.2, 2.25 ],
			"uv": [ 36.0, 9.0 ],
			"renderInEditor": false,
			"rotationOrigin": [ -0.2, 1.8, -0.4 ],
			"faces": {
				"north": { "texture": "#material", "uv": [ 36.0, 11.5, 38.5, 17.5 ] },
				"east": { "texture": "#material", "uv": [ 38.5, 11.5, 41.0, 17.5 ] },
				"south": { "texture": "#material", "uv": [ 41.0, 11.5, 43.5, 17.5 ] },
				"west": { "texture": "#material", "uv": [ 43.5, 11.5, 46.0, 17.5 ] },
				"up": { "texture": "#material", "uv": [ 36.0, 9.0, 38.5, 11.5 ] },
				"down": { "texture": "#material", "uv": [ 38.5, 9.0, 41.0, 11.5 ] }
			}
		},
		{
			"name": "ArmorLowerArmL",
			"stepParentName": "LowerArmL",
			"from": [ -0.2, 1.8, -0.25 ],
			"to": [ 2.7, 8.2, 2.25 ],
			"uv": [ 26.0, 9.0 ],
			"renderInEditor": false,
			"rotationOrigin": [ -0.2, 1.8, -0.3 ],
			"faces": {
				"north": { "texture": "#material", "uv": [ 26.0, 11.5, 28.5, 17.5 ] },
				"east": { "texture": "#material", "uv": [ 28.5, 11.5, 31.0, 17.5 ] },
				"south": { "texture": "#material", "uv": [ 31.0, 11.5, 33.5, 17.5 ] },
				"west": { "texture": "#material", "uv": [ 33.5, 11.5, 36.0, 17.5 ] },
				"up": { "texture": "#material", "uv": [ 26.0, 9.0, 28.5, 11.5 ] },
				"down": { "texture": "#material", "uv": [ 28.5, 9.0, 31.0, 11.5 ] }
			}
		},
		{
			"name": "ArmorCoatR",
			"stepParentName": "UpperFootR",
			"from": [ -0.7, 0.2, -0.45 ],
			"to": [ 4.9, 7.2, 3.05 ],
			"autoUnwrap": false,
			"uv": [ 18.0, 24.5 ],
			"renderInEditor": false,
			"rotationOrigin": [ -0.7, 0.2, -0.6 ],
			"faces": {
				"north": { "texture": "#material", "uv": [ 18.0, 28.0, 23.5, 35.0 ] },
				"east": { "texture": "#material", "uv": [ 23.5, 28.0, 27.0, 35.0 ] },
				"south": { "texture": "#material", "uv": [ 27.0, 28.0, 32.5, 35.0 ] },
				"west": { "texture": "#material", "uv": [ 32.5, 28.0, 36.0, 35.0 ] },
				"up": { "texture": "#material", "uv": [ 18.0, 24.5, 23.5, 28.0 ] },
				"down": { "texture": "#material", "uv": [ 23.5, 24.5, 29.0, 28.0 ], "rotation": 180 }
			},
			"children": [
				{
					"name": "ArmorLegCoverR",
					"from": [ 0.5, 0.1, 0.3 ],
					"to": [ 5.1, 9.1, 3.7 ],
					"autoUnwrap": false,
					"uv": [ 16.0, 36.5 ],
					"renderInEditor": false,
					"rotationOrigin": [ 0.5, 0.1, 0.3 ],
					"faces": {
						"north": { "texture": "#material", "uv": [ 56.5, 53.0, 61.0, 62.0 ] },
						"east": { "texture": "#material", "uv": [ 60.0, 53.0, 63.0, 62.0 ] },
						"south": { "texture": "#material", "uv": [ 59.0, 53.0, 63.5, 62.0 ] },
						"west": { "texture": "#material", "uv": [ 57.0, 53.0, 60.0, 62.0 ] },
						"up": { "texture": "#material", "uv": [ 57.0, 53.0, 61.5, 56.0 ] }
					}
				}
			]
		},
		{
			"name": "ArmorCoatL",
			"stepParentName": "UpperFootL",
			"from": [ -0.7, 0.2, 0.25 ],
			"to": [ 4.9, 7.2, 3.75 ],
			"uv": [ 0.0, 24.5 ],
			"renderInEditor": false,
			"rotationOrigin": [ -0.7, 0.2, 0.1 ],
			"faces": {
				"north": { "texture": "#material", "uv": [ 0.0, 28.0, 5.5, 35.0 ] },
				"east": { "texture": "#material", "uv": [ 5.5, 28.0, 9.0, 35.0 ] },
				"south": { "texture": "#material", "uv": [ 9.0, 28.0, 14.5, 35.0 ] },
				"west": { "texture": "#material", "uv": [ 14.5, 28.0, 18.0, 35.0 ] },
				"up": { "texture": "#material", "uv": [ 0.0, 24.5, 5.5, 28.0 ] },
				"down": { "texture": "#material", "uv": [ 5.5, 24.5, 11.0, 28.0 ] }
			},
			"children": [
				{
					"name": "ArmorLegCoverL",
					"from": [ 0.5, 0.1, -0.3 ],
					"to": [ 5.1, 9.1, 3.1 ],
					"autoUnwrap": false,
					"uv": [ 0.0, 0.0 ],
					"renderInEditor": false,
					"rotationOrigin": [ 0.5, 0.1, -0.3 ],
					"faces": {
						"north": { "texture": "#material", "uv": [ 59.5, 53.0, 64.0, 62.0 ] },
						"east": { "texture": "#material", "uv": [ 57.5, 53.0, 60.5, 62.0 ] },
						"south": { "texture": "#material", "uv": [ 56.5, 53.0, 61.0, 62.0 ] },
						"west": { "texture": "#material", "uv": [ 57.5, 53.0, 60.5, 62.0 ] },
						"up": { "texture": "#material", "uv": [ 59.5, 53.0, 64.0, 56.0 ] }
					}
				}
			]
		}
	]}