[
{ "file": "game:recipes/grid/mechpowerblocks.json", 
     "op": "add", 
     "path": "/0/requiresTrait", 
     "value": "tinkerer"
    },
{ "file": "game:recipes/grid/mechpowerblocks.json", 
     "op": "add", 
     "path": "/1/requiresTrait", 
     "value": "tinkerer"
    },
   { "file": "game:recipes/grid/mechpowerblocks.json", 
     "op": "add", 
     "path": "/2/requiresTrait", 
     "value": "tinkerer"
} , { "file": "game:recipes/grid/mechpowerblocks.json", 
     "op": "add", 
     "path": "/3/requiresTrait", 
     "value": "tinkerer"
    },
{ "file": "game:recipes/grid/mechpowerblocks.json", 
     "op": "add", 
     "path": "/4/requiresTrait", 
     "value": "tinkerer"
    },
{ "file": "game:recipes/grid/mechpowerblocks.json", 
     "op": "add", 
     "path": "/5/requiresTrait", 
     "value": "tinkerer"
    },
{ "file": "game:recipes/grid/mechpowerblocks.json", 
     "op": "add", 
     "path": "/6/requiresTrait", 
     "value": "tinkerer"
    },
{ "file": "game:recipes/grid/mechpowerblocks.json", 
     "op": "add", 
     "path": "/7/requiresTrait", 
     "value": "tinkerer"
    },
{ "file": "game:recipes/grid/mechpowerblocks.json", 
     "op": "add", 
     "path": "/8/requiresTrait", 
     "value": "tinkerer"
    },
{ "file": "game:recipes/grid/mechpowerblocks.json", 
     "op": "add", 
     "path": "/9/requiresTrait", 
     "value": "tinkerer"
    },
{ "file": "game:recipes/grid/mechpowerblocks.json", 
     "op": "add", 
     "path": "/10/requiresTrait", 
     "value": "tinkerer"
    },
{ "file": "game:recipes/grid/mechpowerblocks.json", 
     "op": "add", 
     "path": "/11/requiresTrait", 
     "value": "tinkerer"
    },
{ "file": "game:recipes/grid/mechpowerblocks.json", 
     "op": "add", 
     "path": "/12/requiresTrait", 
     "value": "tinkerer"
    },
{ "file": "game:recipes/grid/mechpowerblocks.json", 
     "op": "add", 
     "path": "/13/requiresTrait", 
     "value": "tinkerer"
    },
{ "file": "game:recipes/grid/mechpowerblocks.json", 
     "op": "add", 
     "path": "/14/requiresTrait", 
     "value": "tinkerer"
    },
{ "file": "game:recipes/grid/mechpowerblocks.json", 
     "op": "add", 
     "path": "/15/requiresTrait", 
     "value": "tinkerer"
    },
{ "file": "game:recipes/grid/mechpowerblocks.json", 
     "op": "add", 
     "path": "/16/requiresTrait", 
     "value": "tinkerer"
    },
{ "file": "game:recipes/grid/mechpowerblocks.json", 
     "op": "add", 
     "path": "/17/requiresTrait", 
     "value": "tinkerer"
    }
    ]