{
    "code": "morrisboard",
    "class": "TabletopGames.BlockBoard",
    "entityClass": "TabletopGames.Board",
    "maxStackSize": 1,
    "attributes": {
        "handbook": { "groupBy": ["tabletopgames:morrisboard"] },
        "canChisel": false,
        "moldrackable": true,
        "shelvable": true,
        "antlermountable": true,
        "onmoldrackTransform": { "translation": { "x": 0, "y": 0.1, "z": 0 }, "rotation": { "x": 0, "y": 0, "z": 85 }, "scale": 0.9 },
        "onshelfTransform": { "rotation": { "x": 0, "y": 18, "z": 0 }, "origin": { "x": 0.5, "y": -0, "z": 0.5 }, "scale": 0.3 },
        "onAntlerMountTransform": { "translation": { "x": 0.1, "y": 0, "z": 0 }, "rotation": { "x": 0, "y": 0, "z": -90 } },
        "name": {
            "*": ["tabletopgames:block-morrisboard-{size}"]
        },
        "description": {
            "stone-*": ["tabletopgames:trivia-morrisboard-{size}", "blockmaterial-Stone", ": ", "rock-{stone}"],
            "wood-*": ["tabletopgames:trivia-morrisboard-{size}", "blockmaterial-Wood", ": ", "material-{wood}"]
        },
        "tabletopTags": {
            "*": {
                "tagsPerSlot": {
                    "*": ["tabletopBoard", "morris", "omok", "go"]
                },
                "tagsIgnoredPerSlot": {
                    "*": ["tabletopBoard"]
                }
            }
        },
        "shape": {
            "*": { "base": "tabletopgames:block/board/16x16-overlay" }
        },
        "textures": {
            "stone-*": {
                "material": { "base": "game:block/stone/rock/{stone}1" },
                "overlay": { "base": "tabletopgames:block/board/{color}128", "blendedOverlays": [{ "base": "tabletopgames:block/board/morris/{size}-r", "blendMode": "OverlayCutout" }] }
            },
            "wood-*": {
                "material": { "base": "game:block/wood/debarked/{wood}" },
                "overlay": { "base": "tabletopgames:block/board/{color}128", "blendedOverlays": [{ "base": "tabletopgames:block/board/morris/{size}-r", "blendMode": "OverlayCutout" }] }
            }
        },
        "boardData": {
            "size-three": {
                "quantitySlots": 9,
                "attributeTransformCode": "onMorrisTransform",
                "slotsHitBoxes": [
                    { "_comment": "0", "x1": 0, "y1": 0, "z1": 0, "x2": 0.14285715, "y2": 0.03125, "z2": 0.14285715 },
                    { "_comment": "1", "x1": 0.42857143, "y1": 0, "z1": 0, "x2": 0.5714286, "y2": 0.03125, "z2": 0.14285715 },
                    { "_comment": "2", "x1": 0.85714287, "y1": 0, "z1": 0, "x2": 1, "y2": 0.03125, "z2": 0.14285715 },

                    { "_comment": "3", "x1": 0, "y1": 0, "z1": 0.42857143, "x2": 0.14285715, "y2": 0.03125, "z2": 0.5714286 },
                    { "_comment": "4", "x1": 0.42857143, "y1": 0, "z1": 0.42857143, "x2": 0.5714286, "y2": 0.03125, "z2": 0.5714286 },
                    { "_comment": "5", "x1": 0.85714287, "y1": 0, "z1": 0.42857143, "x2": 1, "y2": 0.03125, "z2": 0.5714286 },

                    { "_comment": "6", "x1": 0, "y1": 0, "z1": 0.85714287, "x2": 0.14285715, "y2": 0.03125, "z2": 1 },
                    { "_comment": "7", "x1": 0.42857143, "y1": 0, "z1": 0.85714287, "x2": 0.5714286, "y2": 0.03125, "z2": 1 },
                    { "_comment": "8", "x1": 0.85714287, "y1": 0, "z1": 0.85714287, "x2": 1, "y2": 0.03125, "z2": 1 }
                ]
            },
            "size-six": {
                "quantitySlots": 16,
                "attributeTransformCode": "onMorrisTransform",
                "slotsHitBoxes": [
                    { "_comment": "0", "x1": 0, "y1": 0, "z1": 0, "x2": 0.11111111, "y2": 0.03125, "z2": 0.11111111 },
                    { "_comment": "1", "x1": 0.44444445, "y1": 0, "z1": 0, "x2": 0.5555556, "y2": 0.03125, "z2": 0.11111111 },
                    { "_comment": "2", "x1": 0.8888889, "y1": 0, "z1": 0, "x2": 1, "y2": 0.03125, "z2": 0.11111111 },

                    { "_comment": "3", "x1": 0.22222222, "y1": 0, "z1": 0.22222222, "x2": 0.33333334, "y2": 0.03125, "z2": 0.33333334 },
                    { "_comment": "4", "x1": 0.44444445, "y1": 0, "z1": 0.22222222, "x2": 0.5555556, "y2": 0.03125, "z2": 0.33333334 },
                    { "_comment": "5", "x1": 0.6666667, "y1": 0, "z1": 0.22222222, "x2": 0.7777778, "y2": 0.03125, "z2": 0.33333334 },

                    { "_comment": "6", "x1": 0, "y1": 0, "z1": 0.44444445, "x2": 0.11111111, "y2": 0.03125, "z2": 0.5555556 },
                    { "_comment": "7", "x1": 0.22222222, "y1": 0, "z1": 0.44444445, "x2": 0.33333334, "y2": 0.03125, "z2": 0.5555556 },
                    { "_comment": "8", "x1": 0.6666667, "y1": 0, "z1": 0.44444445, "x2": 0.7777778, "y2": 0.03125, "z2": 0.5555556 },
                    { "_comment": "9", "x1": 0.8888889, "y1": 0, "z1": 0.44444445, "x2": 1, "y2": 0.03125, "z2": 0.5555556 },

                    { "_comment": "10", "x1": 0.22222222, "y1": 0, "z1": 0.6666667, "x2": 0.33333334, "y2": 0.03125, "z2": 0.7777778 },
                    { "_comment": "11", "x1": 0.44444445, "y1": 0, "z1": 0.6666667, "x2": 0.5555556, "y2": 0.03125, "z2": 0.7777778 },
                    { "_comment": "12", "x1": 0.6666667, "y1": 0, "z1": 0.6666667, "x2": 0.7777778, "y2": 0.03125, "z2": 0.7777778 },

                    { "_comment": "13", "x1": 0, "y1": 0, "z1": 0.8888889, "x2": 0.11111111, "y2": 0.03125, "z2": 1 },
                    { "_comment": "14", "x1": 0.44444445, "y1": 0, "z1": 0.8888889, "x2": 0.5555556, "y2": 0.03125, "z2": 1 },
                    { "_comment": "15", "x1": 0.8888889, "y1": 0, "z1": 0.8888889, "x2": 1, "y2": 0.03125, "z2": 1 }
                ]
            },
            "@(size-nine|size-twelve)": {
                "quantitySlots": 24,
                "attributeTransformCode": "onMorrisTransform",
                "slotsHitBoxes": [
                    { "_comment": "0", "x1": 0, "y1": 0, "z1": 0, "x2": 0.07692308, "y2": 0.03125, "z2": 0.07692308 },
                    { "_comment": "1", "x1": 0.46153846, "y1": 0, "z1": 0, "x2": 0.53846157, "y2": 0.03125, "z2": 0.07692308 },
                    { "_comment": "2", "x1": 0.9230769, "y1": 0, "z1": 0, "x2": 1, "y2": 0.03125, "z2": 0.07692308 },

                    { "_comment": "3", "x1": 0.15384616, "y1": 0, "z1": 0.15384616, "x2": 0.23076923, "y2": 0.03125, "z2": 0.23076923 },
                    { "_comment": "4", "x1": 0.46153846, "y1": 0, "z1": 0.15384616, "x2": 0.53846157, "y2": 0.03125, "z2": 0.23076923 },
                    { "_comment": "5", "x1": 0.7692308, "y1": 0, "z1": 0.15384616, "x2": 0.84615386, "y2": 0.03125, "z2": 0.23076923 },

                    { "_comment": "6", "x1": 0.30769232, "y1": 0, "z1": 0.30769232, "x2": 0.3846154, "y2": 0.03125, "z2": 0.3846154 },
                    { "_comment": "7", "x1": 0.46153846, "y1": 0, "z1": 0.30769232, "x2": 0.53846157, "y2": 0.03125, "z2": 0.3846154 },
                    { "_comment": "8", "x1": 0.61538464, "y1": 0, "z1": 0.30769232, "x2": 0.6923077, "y2": 0.03125, "z2": 0.3846154 },

                    { "_comment": "9", "x1": 0, "y1": 0, "z1": 0.46153846, "x2": 0.07692308, "y2": 0.03125, "z2": 0.53846157 },
                    { "_comment": "10", "x1": 0.15384616, "y1": 0, "z1": 0.46153846, "x2": 0.23076923, "y2": 0.03125, "z2": 0.53846157 },
                    { "_comment": "11", "x1": 0.30769232, "y1": 0, "z1": 0.46153846, "x2": 0.3846154, "y2": 0.03125, "z2": 0.53846157 },
                    { "_comment": "12", "x1": 0.61538464, "y1": 0, "z1": 0.46153846, "x2": 0.6923077, "y2": 0.03125, "z2": 0.53846157 },
                    { "_comment": "13", "x1": 0.7692308, "y1": 0, "z1": 0.46153846, "x2": 0.84615386, "y2": 0.03125, "z2": 0.53846157 },
                    { "_comment": "14", "x1": 0.9230769, "y1": 0, "z1": 0.46153846, "x2": 1, "y2": 0.03125, "z2": 0.53846157 },

                    { "_comment": "15", "x1": 0.30769232, "y1": 0, "z1": 0.61538464, "x2": 0.3846154, "y2": 0.03125, "z2": 0.6923077 },
                    { "_comment": "16", "x1": 0.46153846, "y1": 0, "z1": 0.61538464, "x2": 0.53846157, "y2": 0.03125, "z2": 0.6923077 },
                    { "_comment": "17", "x1": 0.61538464, "y1": 0, "z1": 0.61538464, "x2": 0.6923077, "y2": 0.03125, "z2": 0.6923077 },

                    { "_comment": "18", "x1": 0.15384616, "y1": 0, "z1": 0.7692308, "x2": 0.23076923, "y2": 0.03125, "z2": 0.84615386 },
                    { "_comment": "19", "x1": 0.46153846, "y1": 0, "z1": 0.7692308, "x2": 0.53846157, "y2": 0.03125, "z2": 0.84615386 },
                    { "_comment": "20", "x1": 0.7692308, "y1": 0, "z1": 0.7692308, "x2": 0.84615386, "y2": 0.03125, "z2": 0.84615386 },

                    { "_comment": "21", "x1": 0, "y1": 0, "z1": 0.9230769, "x2": 0.07692308, "y2": 0.03125, "z2": 1 },
                    { "_comment": "22", "x1": 0.46153846, "y1": 0, "z1": 0.9230769, "x2": 0.53846157, "y2": 0.03125, "z2": 1 },
                    { "_comment": "23", "x1": 0.9230769, "y1": 0, "z1": 0.9230769, "x2": 1, "y2": 0.03125, "z2": 1 }
                ]
            }
        },
        "extraSelectionBoxes": {
            "*": [{ "x1": 0, "y1": 0, "z1": 0, "x2": 1, "y2": 0.03, "z2": 1 }]
        }
    },
    "entityBehaviors": [{ "name": "TabletopGames.BoardPreviewRenderer" }],
    "behaviors": [
        { "name": "Unstable" },
        {
            "name": "GroundStorable",
            "properties": {
                "layout": "SingleCenter",
                "selectionBox": { "x1": 0, "y1": 0, "z1": 0, "x2": 1, "y2": 0.0625, "z2": 1 },
                "collisionBox": { "x1": 0, "y1": 0, "z1": 0, "x2": 0, "y2": 0, "z2": 0 }
            }
        },
        {
            "name": "TabletopGames.AdvancedToolModes",
            "properties": {
                "textures": {
                    "paintbrush": "paintbrush"
                },
                "toolModes": {
                    "*": [
                        {
                            "name": "tabletopgames:toolmode-sinkslot-pigment-changeboardlinescolor",
                            "isSinkSlot": true,
                            "iconTexture": "paintbrush",
                            "slotParams": [
                                { "triggerBy": { "type": "item", "code": "game:charcoal" }, "setVariants": { "color": "carbonblack" }, "consumeIngredient": false },
                                { "triggerBy": { "type": "item", "code": "game:ore-bituminouscoal" }, "setVariants": { "color": "carbonblack" }, "consumeIngredient": false },
                                { "triggerBy": { "type": "item", "code": "game:coke" }, "setVariants": { "color": "cokeblack" }, "consumeIngredient": false },
                                { "triggerBy": { "type": "item", "code": "game:stone-chalk" }, "setVariants": { "color": "chalkwhite" }, "consumeIngredient": false },
                                { "triggerBy": { "type": "item", "code": "game:stone-limestone" }, "setVariants": { "color": "limewhite" }, "consumeIngredient": false },
                                { "triggerBy": { "type": "item", "code": "game:nugget-malachite" }, "setVariants": { "color": "verdigris" }, "consumeIngredient": false },
                                { "triggerBy": { "type": "item", "code": "game:ore-lapislazuli" }, "setVariants": { "color": "ultramarine" }, "consumeIngredient": false },
                                { "triggerBy": { "type": "item", "code": "game:ore-cinnabar" }, "setVariants": { "color": "cinnabar" }, "consumeIngredient": false }
                            ]
                        },

                        { "setVariants": { "size": "three" }, "linebreak": true },
                        { "setVariants": { "size": "six" } },
                        { "setVariants": { "size": "nine" } },
                        { "setVariants": { "size": "twelve" } },

                        { "setVariants": { "size": "9x9" }, "convertTo": { "type": "block", "code": "tabletopgames:goboard" }, "copyAttributes": true, "linebreak": true },
                        { "setVariants": { "size": "13x13" }, "convertTo": { "type": "block", "code": "tabletopgames:goboard" }, "copyAttributes": true },
                        { "setVariants": { "size": "15x15" }, "convertTo": { "type": "block", "code": "tabletopgames:goboard" }, "copyAttributes": true },
                        { "setVariants": { "size": "17x17" }, "convertTo": { "type": "block", "code": "tabletopgames:goboard" }, "copyAttributes": true },
                        { "setVariants": { "size": "19x19" }, "convertTo": { "type": "block", "code": "tabletopgames:goboard" }, "copyAttributes": true },

                        { "setVariants": { "size": "9x9" }, "convertTo": { "type": "block", "code": "tabletopgames:shogiboard" }, "copyAttributes": true, "linebreak": true },

                        // giving second color for free to avoid missing textures
                        { "setVariants": { "size": "classic", "color2": "chalkwhite" }, "convertTo": { "type": "block", "code": "tabletopgames:backgammonboard" }, "copyAttributes": true, "linebreak": true }
                    ]
                }
            }
        }
    ],
    "creativeinventoryStacks": [
        {
            "tabs": ["tabletopgames", "general", "decorative"],
            "stacks": [
                { "type": "block", "code": "morrisboard", "attributes": { "types": { "size": "three", "stone": "granite", "color": "carbonblack" } } },
                { "type": "block", "code": "morrisboard", "attributes": { "types": { "size": "six", "stone": "granite", "color": "carbonblack" } } },
                { "type": "block", "code": "morrisboard", "attributes": { "types": { "size": "nine", "stone": "granite", "color": "carbonblack" } } },
                { "type": "block", "code": "morrisboard", "attributes": { "types": { "size": "twelve", "stone": "granite", "color": "carbonblack" } } },

                { "type": "block", "code": "morrisboard", "attributes": { "types": { "size": "nine", "stone": "basalt", "color": "chalkwhite" } } },
                { "type": "block", "code": "morrisboard", "attributes": { "types": { "size": "nine", "stone": "basalt", "color": "cinnabar" } } },
                { "type": "block", "code": "morrisboard", "attributes": { "types": { "size": "nine", "stone": "basalt", "color": "ultramarine" } } },
                { "type": "block", "code": "morrisboard", "attributes": { "types": { "size": "nine", "stone": "basalt", "color": "verdigris" } } }
            ]
        }
    ],
    "blockmaterial": "Wood",
    "lightAbsorption": 0,
    "sidesolid": { "all": false },
    "sideopaque": { "all": false },
    "sounds": {
        "place": "game:block/planks",
        "hit": "game:block/planks",
        "break": "game:block/planks",
        "walk": "game:walk/wood"
    },
    "heldTpIdleAnimation": "holdbothhandslarge",
    "heldTpUseAnimation": "twohandplaceblock",
    "guiTransform": {
        "rotation": { "x": -35, "y": -30, "z": 0 },
        "origin": { "x": 0.5, "y": 0, "z": 0.5 },
        "scale": 1.6
    },
    "groundTransform": {
        "translation": { "x": 0, "y": 0, "z": 0 },
        "rotation": { "x": 0, "y": -45, "z": 0 },
        "origin": { "x": 0.5, "y": 0, "z": 0.5 },
        "scale": 5
    },
    "tpHandTransform": {
        "translation": { "x": -1.1, "y": 0, "z": -0.6 },
        "rotation": { "x": -80, "y": 0, "z": -100 },
        "origin": { "x": 0.5, "y": 0, "z": 0.5 },
        "scale": 0.5
    },
    "collisionBox": { "x1": 0, "y1": 0, "z1": 0, "x2": 1, "y2": 0.03125, "z2": 1 }
}
