[
  {
    "file": "foodshelves:blocktypes/barrels/barrelrack*",
    "op": "replace",
    "path": "/variantgroups/0/states",
    "value": [ "normal", "normalaged", "normalbirch", "normaloak", "normalmaple", "normalpine", "normalacacia", "normalkapok", "normalbaldcypress", "normallarch", "normalredwood", "normalebony", "normalwalnut", "normalpurpleheart", "top", "topaged", "topbirch", "topoak", "topmaple", "toppine", "topacacia", "topkapok", "topbaldcypress", "toplarch", "topredwood", "topebony", "topwalnut", "toppurpleheart" ],
	  "condition": { "when": "FoodShelves.EnableVariants", "isValue": "true" }
  },
  {
    "file": "foodshelves:blocktypes/barrels/barrelrack*",
    "op": "add",
    "path": "/texturesByType",
    "value": {
      "*-normal-*": {
        "surface": { "base": "game:block/wood/shelf/surface" }
      },
      "*-top-*": {
        "surface": { "base": "game:block/wood/shelf/surface" }
      },
      "*aged-*": {
        "surface": { "base": "game:block/wood/debarked/aged", "blendedOverlays": [{ "base": "foodshelves:variants/shelves/surface" }] }
      },
      "*birch-*": {
        "surface": { "base": "game:block/wood/debarked/birch", "blendedOverlays": [{ "base": "foodshelves:variants/shelves/surface" }] }
      },
      "*oak-*": {
        "surface": { "base": "game:block/wood/debarked/oak", "blendedOverlays": [{ "base": "foodshelves:variants/shelves/surface" }] }
      },
      "*maple-*": {
        "surface": { "base": "game:block/wood/debarked/maple", "blendedOverlays": [{ "base": "foodshelves:variants/shelves/surface" }] }
      },
      "*pine-*": {
        "surface": { "base": "game:block/wood/debarked/pine", "blendedOverlays": [{ "base": "foodshelves:variants/shelves/surface" }] }
      },
      "*acacia-*": {
        "surface": { "base": "game:block/wood/debarked/acacia", "blendedOverlays": [{ "base": "foodshelves:variants/shelves/surface" }] }
      },
      "*kapok-*": {
        "surface": { "base": "game:block/wood/debarked/kapok", "blendedOverlays": [{ "base": "foodshelves:variants/shelves/surface" }] }
      },
      "*baldcypress-*": {
        "surface": { "base": "game:block/wood/debarked/baldcypress", "blendedOverlays": [{ "base": "foodshelves:variants/shelves/surface" }] }
      },
      "*larch-*": {
        "surface": { "base": "game:block/wood/debarked/larch", "blendedOverlays": [{ "base": "foodshelves:variants/shelves/surface" }] }
      },
      "*redwood-*": {
        "surface": { "base": "game:block/wood/debarked/redwood", "blendedOverlays": [{ "base": "foodshelves:variants/shelves/surface" }] }
      },
      "*ebony-*": {
        "surface": { "base": "game:block/wood/debarked/ebony", "blendedOverlays": [{ "base": "foodshelves:variants/shelves/surface" }] }
      },
      "*walnut-*": {
        "surface": { "base": "game:block/wood/debarked/walnut", "blendedOverlays": [{ "base": "foodshelves:variants/shelves/surface" }] }
      },
      "*purpleheart-*": {
        "surface": { "base": "game:block/wood/debarked/purpleheart", "blendedOverlays": [{ "base": "foodshelves:variants/shelves/surface" }] }
      }
    },
	  "condition": { "when": "FoodShelves.EnableVariants", "isValue": "true" }
  }
]