[
  {
    "file": "foodshelves:blocktypes/pumpkincase.json",
    "op": "replace",
    "path": "/variantgroups/0/states",
    "value": [ "normal", "aged", "birch", "oak", "maple", "pine", "acacia", "kapok", "baldcypress", "larch", "redwood", "ebony", "walnut", "purpleheart" ],
    "condition": { "when": "FoodShelves.EnableVariants", "isValue": "true" }
  },
  {
    "file": "foodshelves:blocktypes/pumpkincase.json",
    "op": "add",
    "path": "/texturesByType",
    "value": {
      "*-normal": {
        "wood": { "base": "game:block/wood/shelf/wood" },
        "surface": { "base": "game:block/wood/shelf/surface" }
      }
    },
    "condition": { "when": "FoodShelves.EnableVariants", "isValue": "true" }
  },
  {
    "file": "foodshelves:blocktypes/pumpkincase.json",
    "op": "replace",
    "path": "/textures",
    "value": {
      "surface": { "base": "game:block/wood/debarked/{type}", "blendedOverlays": [{ "base": "foodshelves:variants/shelves/surface" }] },
      "wood": { "base": "game:block/wood/debarked/{type}", "blendedOverlays": [{ "base": "foodshelves:variants/shelves/wood" }] }
    },
    "condition": { "when": "FoodShelves.EnableVariants", "isValue": "true" }
  }
]