{
	"code": "deadbear",
	"class": "butcherable",
	"variantgroups": [
		{
			"code": "type",
			"states": [ "male", "female" ]
		},
		{
			"code": "skin",
			"states": [ "black", "brown", "panda", "polar", "sun" ]
		},
		{
			"code": "texture",
			"states": [ "1", "2", "3" ]
		},
		{
			"code": "state",
			"states": [ "dead", "skinned", "bledout", "rotten" ]
		}
	],
	"allowedVariants": [ "*-1-*", "*-brown-2-*", "*-brown-3-*" ],
	"maxstacksize": 1,
	"behaviors": [
		{
			"name": "GroundStorable",
			"properties": {
				"layout": "SingleCenter",
				"collisionBox": {
					"x1": 0.2,
					"y1": 0,
					"z1": 0.2,
					"x2": 0.8,
					"y2": 0.5,
					"z2": 0.8
				}
			}
		}
	],
	"texturesByType": {
		"deadbear-*-dead": { "fur": { "base": "game:entity/bear/{skin}{texture}" } },
		"deadbear-*-skinned": { "fur": { "base": "butchering:item/butchercreatures/animalbushmeatbloody" } },
		"deadbear-*-bledout": { "fur": { "base": "butchering:item/butchercreatures/animalbushmeatbledout" } },
		"deadbear-*-rotten": { "fur": { "base": "game:block/creature/rot/rot" } }
	},
	"attributesByType": {
		"deadbear-*-black-*": {
			"size": 0.5,
			"weight": 0.08,
			"bloodAmount": 400,
			"handbookByType": {
				"*-rotten": {
					"exclude": false
				},
				"*": {
					"exclude": true
				}
			},
			"hangingShape": { "base": "butchering:creatures/game/bear/bear-hanging" },
			"excludeRewards": [],
			"butcheringRewards": [
				{
					"type": "item",
					"code": "butchering:sinew-wet",
					"quantity": {
						"avg": 3,
						"var": 1
					}
				},
				{
					"type": "item",
					"code": "butchering:offal-bloody",
					"quantity": {
						"avg": 4,
						"var": 1
					}
				}
			],
			"skinningRewards": [
			]
		},
		"deadbear-*-brown-*": {
			"size": 0.5,
			"weight": 0.08,
			"bloodAmount": 400,
			"handbookByType": {
				"*-rotten": {
					"exclude": false
				},
				"*": {
					"exclude": true
				}
			},
			"hangingShape": { "base": "butchering:creatures/game/bear/bear-hanging" },
			"excludeRewards": [],
			"butcheringRewards": [
				{
					"type": "item",
					"code": "butchering:sinew-wet",
					"quantity": {
						"avg": 3,
						"var": 1
					}
				},
				{
					"type": "item",
					"code": "butchering:offal-bloody",
					"quantity": {
						"avg": 4,
						"var": 1
					}
				}
			],
			"skinningRewards": [
			]
		},
		"deadbear-*-panda-*": {
			"size": 0.5,
			"weight": 0.08,
			"bloodAmount": 400,
			"handbookByType": {
				"*-rotten": {
					"exclude": false
				},
				"*": {
					"exclude": true
				}
			},
			"hangingShape": { "base": "butchering:creatures/game/bear/bear-hanging" },
			"excludeRewards": [],
			"butcheringRewards": [
				{
					"type": "item",
					"code": "butchering:sinew-wet",
					"quantity": {
						"avg": 2,
						"var": 0.5
					}
				},
				{
					"type": "item",
					"code": "butchering:offal-bloody",
					"quantity": {
						"avg": 4,
						"var": 1
					}
				}
			],
			"skinningRewards": [
			]
		},
		"deadbear-*-polar-*": {
			"size": 0.5,
			"weight": 0.12,
			"bloodAmount": 400,
			"handbookByType": {
				"*-rotten": {
					"exclude": false
				},
				"*": {
					"exclude": true
				}
			},
			"hangingShape": { "base": "butchering:creatures/game/bear/bear-hanging" },
			"excludeRewards": [],
			"butcheringRewards": [
				{
					"type": "item",
					"code": "butchering:sinew-wet",
					"quantity": {
						"avg": 4,
						"var": 1
					}
				},
				{
					"type": "item",
					"code": "butchering:offal-bloody",
					"quantity": {
						"avg": 5,
						"var": 1
					}
				}
			],
			"skinningRewards": [
			]
		},
		"deadbear-*-sun-*": {
			"size": 0.5,
			"weight": 0.04,
			"bloodAmount": 400,
			"handbookByType": {
				"*-rotten": {
					"exclude": false
				},
				"*": {
					"exclude": true
				}
			},
			"hangingShape": { "base": "butchering:creatures/game/bear/bear-hanging" },
			"excludeRewards": [],
			"butcheringRewards": [
				{
					"type": "item",
					"code": "butchering:sinew-wet",
					"quantity": {
						"avg": 2,
						"var": 0.5
					}
				},
				{
					"type": "item",
					"code": "butchering:offal-bloody",
					"quantity": {
						"avg": 4,
						"var": 1
					}
				}
			],
			"skinningRewards": [
			]
		}
	},

	"shapeByType": {
		"deadbear-male-*": { "base": "creatures/game/bear/bear-dead" },
		"deadbear-female-*": { "base": "creatures/game/bear/bear-dead" }
	},
	"storageFlagsbytype": {
		"*-rotten": 1,
		"*": 2050
	},
	"transitionablePropsByType": {
		"*-rotten": [],
		"*": [
			{
				"type": "perish",
				"freshHours": {
					"avg": 80
				},
				"transitionHours": {
					"avg": 24
				},
				"transitionedStack": {
					"type": "item",
					"code": "butchering:deadbear-{type}-{skin}-{texture}-rotten"
				},
				"transitionRatio": 1
			}
		]
	},
	"creativeinventory": {
		"general": [ "*" ],
		"items": [ "*" ]
	},
	"heldTpIdleAnimation": "holdunderarm",
	"guiTransform": {
		"translation": {
			"x": 0,
			"y": 0,
			"z": 0
		},
		"rotation": {
			"x": -20,
			"y": 21,
			"z": 180
		},
		"origin": {
			"x": 0.53,
			"y": 0.35,
			"z": 0.5
		},
		"scale": 1,
		"rotate": true
	},
	"fpHandTransform": {
		"translation": {
			"x": 0,
			"y": 0,
			"z": 0
		},
		"rotation": {
			"x": -132,
			"y": -180,
			"z": -18
		}
	},
	"tpHandTransform": {
		"translation": {
			"x": -0.5,
			"y": -0.3,
			"z": -0.7
		},
		"rotation": {
			"x": -89,
			"y": -12,
			"z": 3
		},
		"scale": 0.86
	},
	"groundTransform": {
		"translation": {
			"x": 0,
			"y": 0,
			"z": 0
		},
		"rotation": {
			"x": 180,
			"y": 33,
			"z": -180
		},
		"origin": {
			"x": 0.5,
			"y": 0,
			"z": 0.5
		},
		"scale": 4.5
	}
}