{
	"enabled": true,
	"code": "deadfox",
	"class": "butcherable",
	"variantgroups": [
		{
			"code": "type",
			"states": [ "male", "female", "baby" ]
		},
		{
			"code": "skin",
			"states": [ "arctic", "red" ]
		},
		{
			"code": "state",
			"states": [ "dead", "skinned", "bledout", "rotten" ]
		}
	],
	"maxstacksize": 1,
	"behaviors": [
		{
			"name": "GroundStorable",
			"properties": {
				"layout": "SingleCenter",
				"collisionBox": {
					"x1": 0.2,
					"y1": 0,
					"z1": 0.2,
					"x2": 0.8,
					"y2": 0.5,
					"z2": 0.8
				}
			}
		}
	],
	"texturesByType": {
		"deadfox-male-*-dead": { "skin": { "base": "game:entity/fox/{skin}-male" } },
		"deadfox-female-*-dead": { "skin": { "base": "game:entity/fox/{skin}-female" } },
		"deadfox-baby-*-dead": { "skin": { "base": "game:entity/fox/{skin}-pup" } },
		"deadfox-male-*-skinned": { "skin": { "base": "butchering:item/butchercreatures/animalbushmeatbloody" } },
		"deadfox-female-*-skinned": { "skin": { "base": "butchering:item/butchercreatures/animalbushmeatbloody" } },
		"deadfox-baby-*-skinned": { "skin": { "base": "butchering:item/butchercreatures/animalbushmeatbloody" } },
		"deadfox-male-*-bledout": { "skin": { "base": "butchering:item/butchercreatures/animalbushmeatbledout" } },
		"deadfox-female-*-bledout": { "skin": { "base": "butchering:item/butchercreatures/animalbushmeatbledout" } },
		"deadfox-baby-*-bledout": { "skin": { "base": "butchering:item/butchercreatures/animalbushmeatbledout" } },
		"deadfox-male-*-rotten": { "skin": { "base": "game:block/creature/rot/rot" } },
		"deadfox-female-*-rotten": { "skin": { "base": "game:block/creature/rot/rot" } },
		"deadfox-baby-*-rotten": { "skin": { "base": "game:block/creature/rot/rot" } }
	},
	"attributesByType": {
		"deadfox-male-*": {
			"size": 0.5,
			"weight": 0.02,
			"bloodAmount": 50,
			"handbookByType": {
				"*-rotten": {
					"exclude": false
				},
				"*": {
					"exclude": true
				}
			},
			"hangingShape": { "base": "butchering:creatures/game/fox/fox-male-hanging" },
			"excludeRewards": [],
			"butcheringRewards": [
				{
					"type": "item",
					"code": "butchering:sinew-wet",
					"quantity": {
						"avg": 1.6,
						"var": 0.5
					}
				},
				{
					"type": "item",
					"code": "butchering:offal-bloody",
					"quantity": {
						"avg": 1.6,
						"var": 0.5
					}
				}
			],
			"skinningRewards": [
			]
		},
		"deadfox-female-*": {
			"size": 0.5,
			"weight": 0.02,
			"bloodAmount": 50,
			"handbookByType": {
				"*-rotten": {
					"exclude": false
				},
				"*": {
					"exclude": true
				}
			},
			"hangingShape": { "base": "butchering:creatures/game/fox/fox-female-hanging" },
			"excludeRewards": [],
			"butcheringRewards": [
				{
					"type": "item",
					"code": "butchering:sinew-wet",
					"quantity": {
						"avg": 1.6,
						"var": 0.5
					}
				},
				{
					"type": "item",
					"code": "butchering:offal-bloody",
					"quantity": {
						"avg": 1.6,
						"var": 0.5
					}
				}
			],
			"skinningRewards": [
			]
		},
		"deadfox-baby-*": {
			"size": 0.5,
			"weight": 0,
			"bloodAmount": 20,
			"handbookByType": {
				"*-rotten": {
					"exclude": false
				},
				"*": {
					"exclude": true
				}
			},
			"hangingShape": { "base": "butchering:creatures/game/fox/fox-pup-hanging" },
			"excludeRewards": [],
			"butcheringRewards": [
			],
			"skinningRewards": [
			]
		}
	},

	"shapeByType": {
		"deadfox-male-*": { "base": "creatures/game/fox/fox-male-dead" },
		"deadfox-female-*": { "base": "creatures/game/fox/fox-female-dead" },
		"deadfox-baby-*": { "base": "creatures/game/fox/fox-pup-dead" }

	},
	"storageFlagsbytype": {
		"deadfox-baby-*": 2049,
		"*-rotten": 1,
		"*": 2049
	},
	"transitionablePropsByType": {
		"*-rotten": [],
		"*": [
			{
				"type": "perish",
				"freshHours": {
					"avg": 80
				},
				"transitionHours": {
					"avg": 24
				},
				"transitionedStack": {
					"type": "item",
					"code": "butchering:deadfox-{type}-{skin}-rotten"
				},
				"transitionRatio": 1
			}
		]
	},
	"creativeinventory": {
		"general": [ "*" ],
		"items": [ "*" ]
	},
	"heldTpIdleAnimation": "holdunderarm",
	"guiTransform": {
		"translation": {
			"x": 0,
			"y": 0,
			"z": 0
		},
		"rotation": {
			"x": -20,
			"y": 21,
			"z": 180
		},
		"origin": {
			"x": 0.53,
			"y": 0.35,
			"z": 0.5
		},
		"scale": 1,
		"rotate": true
	},
	"fpHandTransform": {
		"translation": {
			"x": 0,
			"y": 0,
			"z": 0
		},
		"rotation": {
			"x": -132,
			"y": -180,
			"z": -18
		}
	},
	"tpHandTransform": {
		"translation": {
			"x": -0.5,
			"y": -0.3,
			"z": -0.7
		},
		"rotation": {
			"x": -89,
			"y": -12,
			"z": 3
		},
		"scale": 0.86
	},
	"groundTransform": {
		"translation": {
			"x": 0,
			"y": 0,
			"z": 0
		},
		"rotation": {
			"x": 180,
			"y": 33,
			"z": -180
		},
		"origin": {
			"x": 0.5,
			"y": 0,
			"z": 0.5
		},
		"scale": 4.5
	}
}