{
	code: "acorndoughball",
	maxstacksize: 32,
  	classByType: {
		"*-dough": "ExpandedDough",
		"*": "ExpandedFood",
	},
	variantgroups: [
		{code: "type", states: ["dough", "partbaked", "bread", "charred"]},
	],
	attributes: {
		displaycaseable: true,
		shelvable: true,
		inPiePropertiesByType: {
			"*-dough": { texture: "game:block/food/pie/acornflax{bakeLevel}", partType: 'Crust'  },
		},
    	"expandedNutritionPropsByType": {
			"*-dough": {
      			"game:milkportion" : { saturation: 1.5, foodcategory: "Dairy" },
				"expandedfoods:breadstarter-wild": { saturation: 2, health: 0.16, foodcategory: "Grain"},
				"expandedfoods:lard": { saturation: 16, "health":  0.1, foodcategory: "Protein"},
				"expandedfoods:pasteurizedmilk": { saturation: 1.15, "health":  0.1, foodcategory: "Dairy"},
				"expandedfoods:brothportion-bone": { saturation: 1, "health": 0.1, foodcategory: "Protein"},
				"expandedfoods:brothportion-vegetable": { saturation: 1, "health": 0.1, foodcategory: "Vegetable"},
				"expandedfoods:brothportion-meat": { saturation: 1.25, "health": 0.1, foodcategory: "Protein"},
				"expandedfoods:brothportion-fish": { saturation: 1, "health": 0.1, foodcategory: "Protein"},
				"expandedfoods:clarifiedbrothportion-bone": { saturation: 1, "health": 0.1, foodcategory: "Protein"},
				"expandedfoods:clarifiedbrothportion-vegetable": { saturation: 1, "health": 0.1, foodcategory: "Vegetable"},
				"expandedfoods:clarifiedbrothportion-meat": { saturation: 1.25, "health": 0.1, foodcategory: "Protein"},
				"expandedfoods:clarifiedbrothportion-fish": { saturation: 1, "health": 0.1, foodcategory: "Protein"},
				"expandedfoods:soymilk-edible": { saturation: 1.125, "health": 0.1, foodcategory: "Dairy"},
      			"game:flour-rice" : { saturation: 170, foodcategory: "Grain" },
      			"game:flour-rye" : { saturation: 140, foodcategory: "Grain" },
      			"game:flour-spelt" : { saturation: 140, foodcategory: "Grain" },
				"game:flour-cassava": {saturation: 140, foodcategory: "Grain"},
				"game:flour-amaranth": {saturation: 140, foodcategory: "Grain"},
				"game:flour-sunflower": {saturation: 140, foodcategory: "Grain"},
      			"acorns:flour-acorn" : { saturation: 140, foodcategory: "Grain" },
				"aculinaryartillery:eggyolkfullportion-chicken": { saturation: 20, foodcategory: "Protein"},
				"aculinaryartillery:eggyolkfullportion-pheasant": { saturation: 28, foodcategory: "Protein"},
				"aculinaryartillery:eggyolkfullportion-goldenpheasant": { saturation: 28, foodcategory: "Protein"},
				"aculinaryartillery:eggyolkfullportion-capercaillie": { saturation: 28, foodcategory: "Protein"},
				"aculinaryartillery:eggyolkfullportion-wildturkey": { saturation: 28, foodcategory: "Protein"},
      			"expandedfoods:foodoilportion-*" : { saturation: 6, "health": 0.1, foodcategory: "Vegetable" }, 
			},
		},
  		renderIngredientsByType: {
			"*-dough": {
				"acorns:flour-acorn": { "shape": "expandedfoods:shapes/item/food/bread/plaindoughball/doughball.json", "textureMap": { "dough": "acornflaxbread" } },
				"game:flour-*": { "shape": "expandedfoods:shapes/item/food/bread/plaindoughball/doughball.json", "textureMap": { "dough": "acornflaxbread" } },
			},
			"*-partbaked": {
				"acorns:flour-acorn": { "shape": "expandedfoods:shapes/item/food/bread/plaindoughball/breadball.json", "textureMap": { "bread": "acornflaxbread2" } },
				"game:flour-*": { "shape": "expandedfoods:shapes/item/food/bread/plaindoughball/breadball.json", "textureMap": { "bread": "acornflaxbread2" } },
			},
			"*-bread": {
				"acorns:flour-acorn": { "shape": "expandedfoods:shapes/item/food/bread/plaindoughball/breadball.json", "textureMap": { "bread": "acornflaxbread" } },
				"game:flour-*": { "shape": "expandedfoods:shapes/item/food/bread/plaindoughball/breadball.json", "textureMap": { "bread": "acornflaxbread" } },
			},
			"*-charred": {
				"acorns:flour-acorn": { "shape": "expandedfoods:shapes/item/food/bread/plaindoughball/breadball.json", "textureMap": { "bread": "acornflaxbread1" } },
				"game:flour-*": { "shape": "expandedfoods:shapes/item/food/bread/plaindoughball/breadball.json", "textureMap": { "bread": "acornflaxbread1" } },
			},
		},
		bakingPropertiesByType: {
			"*-dough": {
				temp: 160,
				levelFrom: 0.0,
				levelTo: 0.25,
				startScaleY: 0.90,
				endScaleY: 0.95,
				resultCode: "expandedfoods:acorndoughball-partbaked",
			},
			"*-partbaked": {
				temp: 160,
				levelFrom: 0.25,
				levelTo: 0.5,
				startScaleY: 0.95,
				endScaleY: 1.10,
				resultCode: "expandedfoods:acorndoughball-bread",
				initialCode: "expandedfoods:acorndoughball-dough"
			},
			"*-bread": {
				temp: 160,
				levelFrom: 0.5,
				levelTo: 0.75,
				startScaleY: 1.10,
				endScaleY: 1.13,
				resultCode: "expandedfoods:acorndoughball-charred",
				initialCode: "expandedfoods:acorndoughball-partbaked"
			},
			"*-charred": {
				temp: 160,
				levelFrom: 0.75,
				levelTo: 1.0,
				startScaleY: 1.13,
				endScaleY: 1.10,
				initialCode: "expandedfoods:acorndoughball-bread"
			},
		},
		satMultByType: {
			"*-partbaked": 0.5,
			"*-cooked": 1,
			"*-charred": 0.75,
		},
	},
	textures: {
		"dough": {base: "game:item/food/grain/acornflaxbread"},
		"bread": {base: "game:item/food/grain/acornflaxbread"},
		"acornflaxbread": {base: "game:item/food/grain/acornflaxbread"},
		"acornflaxbread1": {base: "game:item/food/grain/acornflaxbread1"},
		"acornflaxbread2": {base: "game:item/food/grain/acornflaxbread2"},
  	},
	shapeByType: {
		"*-dough": { base: "expandedfoods:item/food/bread/plaindoughball/doughball" },
		"*": { base: "expandedfoods:item/food/bread/plaindoughball/breadball" },
	},
	creativeinventory: { "general": ["*"], "items": ["*"], "expandedfoods": ["*"] },
	materialDensity: 200,
	nutritionPropsByType: {
		"*-partbaked": { satiety: 145, foodcategory: "Grain" },
		"*-bread": { satiety: 160, foodcategory: "Grain" },
		"*-charred": { satiety: 130, foodcategory: "Grain" },
	},
	combustiblePropsByType: {
		"@*-(dough|partbaked|bread)": {
			meltingPoint: 200,
			meltingDuration: 15,
			smeltedRatio: 1,
			smeltingType: "bake",
			smeltedStack: { type: "item", code: "expandedfoods:acorndoughball-charred" },
			requiresContainer: false
		},
	},
	guiTransform: {
		translation: { x: -4.5, y: -3.5, z: 0 },
		rotation: { x: 179, y: -127, z: 38 },
		origin: { x: 0.57, y: 0.07, z: 0.5 },
		scale: 5
	},
	groundTransform: {
		translation: { x: 0, y: 0, z: 0 },
		rotation: { x: 0, y: 0, z: 1 },
		origin: { x: 0.5, y: 0, z: 0.5 },
		scale: 5
	},
	tpHandTransform: {
		translation: { x: 0.2, y: 0, z: 0 },
		rotation: { x: 5, y: 31, z: -21 },
		origin: { x: 0.23, y: 0, z: 0.13 },
		scale: 0.7
	},
	transitionablePropsByType: {
		"*-dough": [{
			type: "Perish",
			freshHours: { avg: 72 },
			transitionHours: { avg: 36 },
			transitionedStack: { type: "item", code: "game:rot" },
			transitionRatio: 1
		}],
		"*-charred": [{
			type: "Perish",
			freshHours: { avg: 1080 },
			transitionHours: { avg: 258 },
			transitionedStack: { type: "item", code: "game:rot" },
			transitionRatio: 1
		}],
		"*": [{
			type: "Perish",
			freshHours: { avg: 540 },
			transitionHours: { avg: 124 },
			transitionedStack: { type: "item", code: "game:rot" },
			transitionRatio: 1
		}],
	}
}
