{
  "code": "pumpkincase",
  "class": "FoodShelves.BlockPumpkinCase",
  "entityclass": "FoodShelves.BlockEntityPumpkinCase",
  "creativeinventory": { "general": ["*"], "decorative": ["*"], "foodshelves": ["*"] },
  "variantgroups": [
    { "code": "type", "states": ["normal"] }
  ],
  "attributes": {
    "handbook": {
      "groupBy": [ "pumpkincase-*" ],
      "extraSections": [
        {
          "title": "foodshelves:blockdesc-canhold-title",
          "text": "foodshelves:blockdesc-pumpkincase-text"
        }
      ]
    },
    "inventoryClassName": "pumpkincase",
    "attributeTransformCode": "onPumpkinCaseTransform"
  },
  "behaviors": [
    { "name": "UnstableFalling" }
  ],
  "shape": {
    "base": "block/wood/pumpkincase"
  },
  "textures": {
	  "wood": { "base": "game:block/wood/shelf/wood" },
	  "surface": { "base": "game:block/wood/shelf/surface" }
  },
  "heldTpIdleAnimation": "holdbothhandslarge",
  "heldRightReadyAnimation": "heldblockready", 
  "heldTpUseAnimation": "twohandplaceblock",
  "blockmaterial": "Wood",
  "lightAbsorption": 0,
  "faceCullMode": "NeverCull",
  "emitSideAo": { "all": false },
  "sidesolid": {
	  "up": true,
	  "all": false
  },
  "sideopaque": {
    "down": true,
    "all": false
  },
  "replaceable": 999,
  "resistance": 1.5,
  "combustibleProps": {
    "burnTemperature": 700,
    "burnDuration": 24
  },
  "tpHandTransform": {
	  "translation": { "x": -1.23, "y": -0.91, "z": -0.8 },
	  "rotation": { "x": -2, "y": 25, "z": -78 },
	  "scale": 0.4
  },
  "sounds": {
    "place": "game:block/planks",
    "hit": "game:block/planks",
    "break": "game:block/planks"
  },
  "materialDensity": 400,
  "collisionSelectionBoxes": [ 
    { "x1": 0, "y1": 0, "z1": 0, "x2": 1, "y2": 1, "z2": 1 }
  ]
}
