{
  "code": "tablewshelf",
  "class": "FoodShelves.BlockTableWShelf",
  "entityclass": "FoodShelves.BlockEntityTableWShelf",
  "creativeinventoryByType": {
	  "*-aged": {},
	  "*": { "general": ["*-north"], "decorative": ["*-north"], "foodshelves": ["*-north"] }
  },
  "variantgroups": [
    { "code": "type", "states": ["normal", "whitemarble", "redmarble", "greenmarble"] },
    { "code": "side", "loadFromProperties": "abstract/horizontalorientation" }
  ],
  "attributes": {
	  "pieFormingSurface": true,
    "handbook": {
      "groupBy": [ "tablewshelf-*" ],
      "extraSections": [
        {
          "title": "foodshelves:blockdesc-canhold-title",
          "text": "foodshelves:blockdesc-tablewshelf-text"
        }
      ]
    },
    "inventoryClassName": "tablewshelf",
    "attributeTransformCode": "onTableWShelfTransform"
  },
  "behaviors": [
    { "name": "UnstableFalling" },
    { "name": "HorizontalOrientable" }
  ],
  "shape": {
    "base": "block/wood/tablewshelf",
    "rotateYByType": { "*-north": 0, "*-east": 270, "*-west": 90, "*-south": 180 }
  },
  "texturesByType": {
    "*-whitemarble-*": {
      "top": { "base": "game:block/stone/polishedrock/{type}-inside" },
      "wood": { "base": "game:block/wood/debarked/oak" }
    },
    "*-redmarble-*": {
      "top": { "base": "game:block/stone/polishedrock/{type}-inside" },
      "wood": { "base": "game:block/wood/debarked/oak" }
    },
    "*-greenmarble-*": {
      "top": { "base": "game:block/stone/polishedrock/{type}-inside" },
      "wood": { "base": "game:block/wood/debarked/oak" }
    },
	  "*": {
	    "top": { "base": "game:block/wood/table/normal/top" },
      "wood": { "base": "game:block/wood/debarked/oak" }
	  }
  },
  "heldTpIdleAnimation": "holdunderarm",
  "blockmaterial": "Wood",
  "lightAbsorption": 1,
  "faceCullMode": "NeverCull",
  "emitSideAo": { "all": false },
  "sidesolid": {
	  "up": true,
	  "all": false
  },
  "sideopaque": {
	  "up": true,
	  "all": false
  },
  "replaceable": 999,
  "resistance": 1.5,
  "combustibleProps": {
    "burnTemperature": 600,
    "burnDuration": 41
  },
  "tpHandTransform": {
	  "translation": { "x": -0.7, "y": -0.6, "z": -0.9 },
	  "rotation": { "x": 80, "y": 0, "z": 0 },
	  "scale": 0.56
  },
  "sounds": {
    "place": "game:block/planks",
    "hit": "game:block/planks",
    "break": "game:block/planks"
  },
  "materialDensity": 400,
  "collisionbox": { "x1": 0.125, "y1": 0, "z1": 0, "x2": 0.875, "y2": 1, "z2": 1, "rotateYByType": { "*-north": 90, "*-east": 0, "*-west": 180, "*-south": 270 } },
  "selectionBoxes": [
	  { "x1": 0, "y1": 0.125, "z1": 0.28, "x2": 0.975, "y2": 0.5625, "z2": 0.72, "rotateYByType": { "*-north": 90, "*-east": 0, "*-west": 180, "*-south": 270 } },
    { "x1": 0, "y1": 0, "z1": 0, "x2": 1, "y2": 1, "z2": 1 }
  ]
}
