[
  {
    "ingredientPattern": "_P_,PSP,_P_",
    "ingredients": {
      "P": { "type": "item", "code": "game:plank-*" },
      "S": { "type": "block", "code": "foodshelves:breadshelf-normal-east" }
    },
    "width": 3,
    "height": 3,
    "recipeGroup": 1,
    "output": { "type": "block", "code": "eggshelf-normal-east" }
  },
  {
    "ingredientPattern": "__,_S",
    "ingredients": {
      "S": { "type": "block", "code": "foodshelves:eggshelf-normal-east" }
    },
    "width": 2,
    "height": 2,
    "recipeGroup": 1,
    "output": { "type": "block", "code": "eggshelf-short-east", "quantity": 2 }
  },
  {
    "ingredientPattern": "__,_S",
    "ingredients": {
      "S": { "type": "block", "code": "foodshelves:eggshelf-short-east", "quantity": 2 }
    },
    "width": 2,
    "height": 2,
    "recipeGroup": 2,
    "output": { "type": "block", "code": "eggshelf-normal-east" }
  }
]
