{
	"editor": {
		"allAngles": true,
		"entityTextureMode": false
	},
	"textureWidth": 16,
	"textureHeight": 16,
	"textureSizes": {
	},
	"textures": {
	},
	"elements": [
		{
			"name": "cabbage",
			"from": [ 6.5, 0.0, 6.5 ], 
			"to": [ 9.5, 2.0, 9.5 ], 
			"rotationOrigin": [ 8.0, 0.0, 8.0 ],
			"faces": {
				"north": { "texture": "#cabbage", "uv": [ 6.0, 3.0, 9.0, 5.0 ] },
				"east": { "texture": "#cabbage", "uv": [ 0.0, 3.0, 3.0, 5.0 ] },
				"south": { "texture": "#cabbage", "uv": [ 6.5, 11.0, 9.5, 13.0 ] },
				"west": { "texture": "#cabbage", "uv": [ 0.0, 11.0, 3.0, 13.0 ] },
				"up": { "texture": "#cabbage", "uv": [ 6.0, 2.0, 9.0, 5.0 ] },
				"down": { "texture": "#cabbage", "uv": [ 6.0, 2.0, 9.0, 5.0 ] }
			},
			"children": [
				{
					"name": "top",
					"from": [ 0.5, 2.0, 0.5 ], 
					"to": [ 2.5, 2.5, 2.5 ], 
					"faces": {
						"north": { "texture": "#cabbage", "uv": [ 0.0, 0.0, 2.0, 0.5 ] },
						"east": { "texture": "#cabbage", "uv": [ 0.0, 0.0, 2.0, 0.5 ] },
						"south": { "texture": "#cabbage", "uv": [ 0.0, 0.0, 2.0, 0.5 ] },
						"west": { "texture": "#cabbage", "uv": [ 0.0, 0.0, 2.0, 0.5 ] },
						"up": { "texture": "#top", "uv": [ 8.5, 7.5, 10.5, 9.5 ] },
						"down": { "texture": "#cabbage", "uv": [ 0.0, 0.0, 2.0, 2.0 ], "enabled": false }
					}
				},
				{
					"name": "small W",
					"from": [ 0.0, 2.0, 0.5 ], 
					"to": [ 0.0, 4.0, 2.5 ], 
					"rotationOrigin": [ 0.0, 2.0, 1.5 ],
					"rotationZ": -30.0,
					"faces": {
						"north": { "texture": "#bottom12", "uv": [ 0.0, 0.0, 0.5, 2.0 ], "enabled": false },
						"east": { "texture": "#bottom12", "uv": [ 7.0, 12.0, 9.0, 14.0 ] },
						"south": { "texture": "#null", "uv": [ 0.0, 0.0, 0.5, 2.0 ], "enabled": false },
						"west": { "texture": "#bottom12", "uv": [ 7.0, 12.0, 9.0, 14.0 ], "enabled": false },
						"up": { "texture": "#null", "uv": [ 0.0, 0.0, 0.5, 2.0 ], "enabled": false },
						"down": { "texture": "#null", "uv": [ 0.0, 0.0, 0.5, 2.0 ], "enabled": false }
					}
				},
				{
					"name": "small E",
					"from": [ 3.0, 2.0, 0.5 ], 
					"to": [ 3.0, 4.0, 2.5 ], 
					"rotationOrigin": [ 3.0, 2.0, 1.5 ],
					"rotationZ": 30.0,
					"faces": {
						"north": { "texture": "#null", "uv": [ 0.0, 0.0, 0.5, 2.0 ], "enabled": false },
						"east": { "texture": "#bottom12", "uv": [ 7.0, 12.0, 9.0, 14.0 ], "enabled": false },
						"south": { "texture": "#null", "uv": [ 0.0, 0.0, 0.5, 2.0 ], "enabled": false },
						"west": { "texture": "#bottom12", "uv": [ 7.0, 12.0, 9.0, 14.0 ] },
						"up": { "texture": "#cabbage", "uv": [ 0.0, 0.0, 0.5, 2.0 ], "enabled": false },
						"down": { "texture": "#null", "uv": [ 0.0, 0.0, 0.5, 2.0 ], "enabled": false }
					}
				},
				{
					"name": "small N",
					"from": [ 0.5, 2.0, 0.0 ], 
					"to": [ 2.5, 4.0, 0.0 ], 
					"rotationOrigin": [ 1.5, 2.0, 0.0 ],
					"rotationX": 30.0,
					"faces": {
						"north": { "texture": "#bottom12", "uv": [ 7.0, 12.0, 9.0, 14.0 ], "enabled": false },
						"east": { "texture": "#null", "uv": [ 0.0, 0.0, 0.5, 2.0 ], "enabled": false },
						"south": { "texture": "#bottom12", "uv": [ 7.0, 12.0, 9.0, 14.0 ] },
						"west": { "texture": "#null", "uv": [ 0.0, 0.0, 0.5, 2.0 ], "enabled": false },
						"up": { "texture": "#null", "uv": [ 0.0, 0.0, 2.0, 0.5 ], "enabled": false },
						"down": { "texture": "#null", "uv": [ 0.0, 0.0, 2.0, 0.5 ], "enabled": false }
					}
				},
				{
					"name": "small S",
					"from": [ 0.5, 2.0, 3.0 ], 
					"to": [ 2.5, 4.0, 3.0 ], 
					"rotationOrigin": [ 1.5, 2.0, 3.0 ],
					"rotationX": -30.0,
					"faces": {
						"north": { "texture": "#bottom12", "uv": [ 7.0, 12.0, 9.0, 14.0 ] },
						"east": { "texture": "#null", "uv": [ 0.0, 0.0, 0.5, 2.0 ], "enabled": false },
						"south": { "texture": "#bottom12", "uv": [ 7.0, 12.0, 9.0, 14.0 ], "enabled": false },
						"west": { "texture": "#null", "uv": [ 0.0, 0.0, 0.5, 2.0 ], "enabled": false },
						"up": { "texture": "#null", "uv": [ 0.0, 0.0, 2.0, 0.5 ], "enabled": false },
						"down": { "texture": "#null", "uv": [ 0.0, 0.0, 2.0, 0.5 ], "enabled": false }
					}
				}
			]
		},
		{
			"name": "medium 1",
			"from": [ 2.0, 0.0, 8.3 ], 
			"to": [ 16.0, 7.0, 8.3 ], 
			"rotationOrigin": [ 9.0, 0.0, 8.3 ],
			"rotationX": 32.0,
			"rotationY": 45.0,
			"rotationZ": -22.5,
			"faces": {
				"north": { "texture": "#bottom12", "uv": [ 1.0, 9.0, 15.0, 16.0 ] },
				"east": { "texture": "#null", "uv": [ 0.0, 0.0, 0.5, 7.0 ], "enabled": false },
				"south": { "texture": "#null", "uv": [ 0.0, 0.0, 14.0, 7.0 ], "enabled": false },
				"west": { "texture": "#null", "uv": [ 0.0, 0.0, 0.5, 7.0 ], "enabled": false },
				"up": { "texture": "#null", "uv": [ 0.0, 0.0, 14.0, 0.5 ], "enabled": false },
				"down": { "texture": "#cabbage", "uv": [ 0.0, 0.0, 14.0, 0.5 ], "enabled": false }
			}
		},
		{
			"name": "medium 2",
			"from": [ 0.6, 0.0, 7.0 ], 
			"to": [ 14.6, 7.0, 7.0 ], 
			"rotationOrigin": [ 7.6, 1.0, 7.0 ],
			"rotationX": -32.0,
			"rotationY": 45.0,
			"rotationZ": 22.5,
			"faces": {
				"north": { "texture": "#bottom12", "uv": [ 1.0, 9.0, 15.0, 16.0 ] },
				"east": { "texture": "#null", "uv": [ 0.0, 0.0, 0.5, 7.0 ], "enabled": false },
				"south": { "texture": "#null", "uv": [ 0.0, 0.0, 14.0, 7.0 ], "enabled": false },
				"west": { "texture": "#null", "uv": [ 0.0, 0.0, 0.5, 7.0 ], "enabled": false },
				"up": { "texture": "#null", "uv": [ 0.0, 0.0, 14.0, 0.5 ], "enabled": false },
				"down": { "texture": "#cabbage", "uv": [ 0.0, 0.0, 14.0, 0.5 ], "enabled": false }
			}
		},
		{
			"name": "medium 3",
			"from": [ 2.0, 0.0, 7.7 ], 
			"to": [ 16.0, 7.0, 7.7 ], 
			"rotationOrigin": [ 9.0, 1.0, 7.7 ],
			"rotationX": -32.0,
			"rotationY": -40.0,
			"rotationZ": -22.5,
			"faces": {
				"north": { "texture": "#bottom12", "uv": [ 1.0, 9.0, 15.0, 16.0 ] },
				"east": { "texture": "#null", "uv": [ 0.0, 0.0, 0.5, 7.0 ], "enabled": false },
				"south": { "texture": "#null", "uv": [ 0.0, 0.0, 14.0, 7.0 ], "enabled": false },
				"west": { "texture": "#null", "uv": [ 0.0, 0.0, 0.5, 7.0 ], "enabled": false },
				"up": { "texture": "#null", "uv": [ 0.0, 0.0, 14.0, 0.5 ], "enabled": false },
				"down": { "texture": "#cabbage", "uv": [ 0.0, 0.0, 14.0, 0.5 ], "enabled": false }
			}
		},
		{
			"name": "medium 4",
			"from": [ 0.8, 0.0, 9.0 ], 
			"to": [ 14.8, 7.0, 9.0 ], 
			"rotationOrigin": [ 7.8, 1.0, 9.0 ],
			"rotationX": 32.0,
			"rotationY": -40.0,
			"rotationZ": 23.5,
			"faces": {
				"north": { "texture": "#bottom12", "uv": [ 1.0, 9.0, 15.0, 16.0 ] },
				"east": { "texture": "#null", "uv": [ 0.0, 0.0, 0.5, 7.0 ], "enabled": false },
				"south": { "texture": "#null", "uv": [ 0.0, 0.0, 14.0, 7.0 ], "enabled": false },
				"west": { "texture": "#null", "uv": [ 0.0, 0.0, 0.5, 7.0 ], "enabled": false },
				"up": { "texture": "#null", "uv": [ 0.0, 0.0, 14.0, 0.5 ], "enabled": false },
				"down": { "texture": "#cabbage", "uv": [ 0.0, 0.0, 14.0, 0.5 ], "enabled": false }
			}
		}
	]}