{
	code: "canopy",
    class: "BlockTrapdoor",
    behaviors: [ 
        {name: "Lockable" },
        {name: "HorizontalOrientable", properties: { drop: { type:"block", code: "canopy-closed-{type}-east" } }}, 
		{name: "Multiblock", propertiesbytype:{ 
			"*-east": { sizex: 1, sizey: 1, sizez: 1, cposition: { x: 1, y: 0, z: 0 }},
			"*-west": { sizex: 2, sizey: 1, sizez: 1, cposition: { x: 0, y: 0, z: 0 }},
			"*-south": { sizex: 1, sizey: 1, sizez: 2, cposition: { x: 0, y: 0, z: 1 }},
			"*-north": { sizex: 1, sizey: 1, sizez: 2, cposition: { x: 0, y: 0, z: 0 }}
			}
		},
        {name: "Lockable" },
        {
			name: "ExchangeOnInteract",
			properties: {
				exchangeStates: ["*-closed-*", "*-opened-*"],
				sound: "block/leather",
				actionLangCode: "game:blockhelp-trapdoor-openclose"
			}
		} 
    ],
	variantgroups: [
		{ code: "state", states: ["closed", "opened"] },
		{ code:"type", states: ["white","black","orange","yellow","red","green","purple","blue","pink","gray","brown","plain" ] },
        { code: "side", loadFromProperties: "abstract/horizontalorientation" }
	],
	shapeByType: {
		"*-north": {  base: "shapes/block/canopy-{state}", rotateY: 270 },
		"*-east": { base: "shapes/block/canopy-{state}", rotateY: 180 },
		"*-west": {  base: "shapes/block/canopy-{state}", rotateY: 0 },
		"*-south": { base: "shapes/block/canopy-{state}", rotateY: 90 }
	},
	drawtype: "json",
	"texturesbytype": {
        "canopy-closed-*":{
            "red": {base: "game:block/cloth/linen/{type}"},
            "brass": {base:"game:block/metal/ingot/brass"},
            "aged-h": {base: "game:block/wood/bark/aged-h"},
            "side2": {base: "game:block/wood/bed/aged/side2"}
        },
        "canopy-opened-*":{
            "red": {base:"game:block/cloth/linen/{type}"},
            "brass": {base:"game:block/metal/ingot/brass"},
            "aged-h": {base:"game:block/wood/bark/aged-h"},
            "side2": {base:"game:block/wood/bed/aged/side2"}
        }
	},
    creativeinventory: { "general": ["*-closed-{type}-east"], "decorative": ["*-closed-{type}-east"] },
	blockmaterial: "Wood",
	replaceable: 900,
	lightAbsorption: 2,
	resistance: 3,
	sideopaque: { all: false },
	sidesolid: { all: false },
	emitsideao: { all: false },
	sideao: { all: true },
	
	
	collisionboxByType: {
		"*-closed-*": { x1: 0, y1: 0, z1: 0, x2: 0, y2: 0, z2: 0
		},
		"*-opened-*": { x1: 0, y1: 0, z1: 0, x2: 0, y2: 0, z2: 0 
		} 
	},
	selectionboxByType: {
		"*-closed-*": { x1: 0, y1: 0.8, z1: 0, x2: 1, y2: 1, z2: 1 
		},
		"*-opened-*": { x1: 0, y1: 0.8, z1: 0, x2: 1, y2: 1, z2: 1
		}
	},
	combustibleProps: {
		burnTemperature: 600,
		burnDuration: 15
	},
	sounds: {
		"place": "game:block/leather",
		"hit": "game:block/leather",
		"break": "game:block/leather",
		"walk": "game:walk/leather"
	}
}
