{
	code: "leatherflap",
    class: "BlockTrapdoor",
    behaviors: [ 
        {name: "Lockable" },
        {name: "HorizontalOrientable", properties: { drop: { type:"block", code: "leatherflap-closed-east" } }}, 
		{name: "Multiblock", propertiesbytype:{ 
			"*-east": { sizex: 1, sizey: 2, sizez: 1, cposition: { x: 0, y: 0, z: 0 }},
			"*-west": { sizex: 1, sizey: 2, sizez: 1, cposition: { x: 0, y: 0, z: 0 }},
			"*-south": { sizex: 1, sizey: 2, sizez: 1, cposition: { x: 0, y: 0, z: 0 }},
			"*-north": { sizex: 1, sizey: 2, sizez: 1, cposition: { x: 0, y: 0, z: 0 }}
			}
		},
        {
			name: "ExchangeOnInteract",
			properties: {
				exchangeStates: ["*-closed-*", "*-opened-*"],
				sound: "block/leather",
				actionLangCode: "blockhelp-trapdoor-openclose"
			}
		} 
    ],
	variantgroups: [
		{ code: "state", states: ["closed", "opened"] },
        { code: "side", loadFromProperties: "abstract/horizontalorientation" }
	],
	shapeByType: {
		"*-north": {  base: "shapes/block/leatherflap-{state}", rotateY: 0 },
		"*-east": { base: "shapes/block/leatherflap-{state}", rotateY: 90 },
		"*-west": {  base: "shapes/block/leatherflap-{state}", rotateY: 90 },
		"*-south": { base: "shapes/block/leatherflap-{state}", rotateY: 180 }
	},
	drawtype: "json",
	"texturesbytype": {
        "leatherflap-closed-*":{
            "pelt": {base:"game:item/resource/hide/pelt"}
        },
        "leatherflap-opened-*":{
            "pelt": {base:"game:item/resource/hide/pelt"},
            "scraped": {base:"game:item/resource/hide/scraped"}
        }
	},
    creativeinventory: { "general": ["*-closed-east"], "decorative": ["*-closed-east"] },
	blockmaterial: "Wood",
	replaceable: 900,
	lightAbsorption: 2,
	resistance: 3,
	sideopaque: { all: false },
	sidesolid: { all: false },
	emitsideao: { all: false },
	sideao: { all: true },
	
	
	collisionboxByType: {
		"*-closed-*": { x1: 0, y1: 0, z1: 0.38, x2: 1, y2: 1, z2: 0.55,
			rotateYByType: {
				"*-north": 0,
				"*-east": 270,
				"*-south": 180,
				"*-west": 90
			}
		},
		"*-opened-*": { x1: 0, y1: 0, z1: 0, x2: 0, y2: 0, z2: 0, 
			rotateYByType: {
				"*-north": 0,
				"*-east": 0,
				"*-south": 180,
				"*-west": 0
			}
		}
	},
	selectionboxByType: {
		"*-closed-*": { x1: 0, y1: 0, z1: 0.38, x2: 1, y2: 1, z2: 0.55,
			rotateYByType: {
				"*-north": 0,
				"*-east": 270,
				"*-south": 180,
				"*-west": 90
			}
		},
		"*-opened-*": { x1: 0, y1: 0, z1: 0.38, x2: 1, y2: 1, z2: 0.55, 
			rotateYByType: {
				"*-north": 0,
				"*-east": 270,
				"*-south": 180,
				"*-west": 90
			}
		}
	},
	combustibleProps: {
		burnTemperature: 600,
		burnDuration: 15
	},
	sounds: {
		"place": "game:block/leather",
		"hit": "game:block/leather",
		"break": "game:block/leather",
		"walk": "game:walk/leather"
	}
}
