{
	code: "tallwindowR",
    class: "BlockTrapdoor",
    behaviors: [ 
        {name: "Lockable" },
        {name: "HorizontalOrientable", properties: { drop: { type:"block", code: "tallwindowR-closed-{type}-east" } }}, 
        {
			name: "ExchangeOnInteract",
			properties: {
				exchangeStates: ["*-closed-*", "*-opened-*"],
				sound: "block/door",
				actionLangCode: "blockhelp-trapdoor-openclose"
			}
		},
        {name: "Multiblock", propertiesbytype:{ 
			"*-east": { sizex: 1, sizey: 2, sizez: 1, cposition: { x: 0, y: 0, z: 0 }},
			"*-west": { sizex: 1, sizey: 2, sizez: 1, cposition: { x: 0, y: 0, z: 0 }},
			"*-south": { sizex: 1, sizey: 2, sizez: 1, cposition: { x: 0, y: 0, z: 0 }},
			"*-north": { sizex: 1, sizey: 2, sizez: 1, cposition: { x: 0, y: 0, z: 0 }}
			}
		},
    ],
	variantgroups: [
		{ code: "state", states: ["closed", "opened"] },
        { code:"type", states: ["aged","acacia","baldcypress","birch","ebony","kapok","larch","maple","oak","pine","purpleheart","redwood","walnut"] },
        { code: "side", loadFromProperties: "abstract/horizontalorientation" }
	],
	shapeByType: {
		"*-north": {  base: "shapes/block/window4-{state}", rotateY: 0 },
		"*-east": { base: "shapes/block/window4-{state}", rotateY: 270 },
		"*-west": {  base: "shapes/block/window4-{state}", rotateY: 90 },
		"*-south": { base: "shapes/block/window4-{state}", rotateY: 180 }
	},
	drawtype: "json",
	"texturesbytype": {
        "tallwindowR-closed-*":{
            "leaded": {base:"game:block/glass/leaded"},
            "acacia1":  {base:"game:block/wood/debarked/{type}"},
			"lead1": {base:"game:block/metal/ingot/lead"}
        },
        "tallwindowR-opened-*":{
            "leaded": {base:"game:block/glass/leaded"},
            "acacia1":  {base:"game:block/wood/debarked/{type}"},
			"lead1": {base:"game:block/metal/ingot/lead"}
        }
	},
    creativeinventory: { "general": ["*-closed-{type}-east"], "decorative": ["*-closed-{type}-east"] },
	blockmaterial: "Wood",
	replaceable: 900,
	lightAbsorption: 1,
    sidesolid: {
		all: true
	},	
	sideopaque: {
		all: false
	},
    sideAo: { all: false },
	resistance: 3,
	
	collisionSelectionBoxesByType: {
		"*-closed-*": [ { x1: 0, y1: 0, z1: 0.45, x2: 1, y2: 1, z2: 0.55, 
		rotateYByType: {
			"*-north": 180,
			"*-east": 90,
			"*-south": 0,
			"*-west": 270
		}
	}],
		"*-opened-*": [ { x1: 0, y1: 0, z1: 0.45, x2: 0.15, y2: 1, z2: 0.55, 
		rotateYByType: {
			"*-north": 180,
			"*-east": 90,
			"*-south": 0,
			"*-west": 270
		}
		}, { x1: 0.85, y1: 0, z1: 0.45, x2: 1, y2: 1, z2: 0.55, 
		rotateYByType: {
			"*-north": 180,
			"*-east": 90,
			"*-south": 0,
			"*-west": 270
		}
	}]
	},
	combustibleProps: {
		burnTemperature: 600,
		burnDuration: 15
	},
	sounds: {
		"place": "game:block/planks.ogg",
		"hit": "game:block/glass.ogg",
		"break": "game:block/glass.ogg",
		"walk": "game:walk/wood1.ogg"
	}
}
