{
    "code": "gameboard",
    "class": "TabletopGames.ItemIntermediate",
    "maxStackSize": 64,
    "attributes": {
        "handbook": { "groupBy": ["tabletopgames:gameboard"] },
        "moldrackable": true,
        "shelvable": true,
        "displaycaseable": true,
        "onmoldrackTransform": { "translation": { "x": 0.15, "y": -0, "z": -1.55 }, "rotation": { "x": 0, "y": -5, "z": 90 }, "scale": 2.5 },
        "onDisplayTransform": { "translation": { "x": 0, "y": 0.4, "z": 0 }, "rotation": { "x": -90, "y": 0, "z": 0 }, "origin": { "x": 0.5, "y": 0.13, "z": 0.5 }, "scale": 0.75 },
        "onshelfTransform": { "translation": { "x": 0, "y": 0.4, "z": 0 }, "rotation": { "x": -90, "y": 0, "z": 0 }, "origin": { "x": 0.5, "y": 0.1, "z": 0.5 }, "scale": 0.6 },
        "groundStorageTransform": { "translation": { "x": 0, "y": 0.5, "z": 0.1 }, "rotation": { "x": -90, "y": 0, "z": 0 }, "origin": { "x": 0.5, "y": 0, "z": 0.5 }, "scale": 2.5 },
        "name": {
            "type-generic": ["tabletopgames:item-gameboard-generic"],
            "type-*": ["tabletopgames:inworldcrafting-item-gameboard-{type}"]
        },
        "description": {
            "stone-meteorite-iron": ["tabletopgames:itemdesc-gameboard-generic", "<br>", "Material: ", "item-stone-meteorite-iron"],
            "stone-*": ["tabletopgames:itemdesc-gameboard-generic", "<br>", "blockmaterial-Stone", ": ", "rock-{stone}"],
            "wood-*": ["tabletopgames:itemdesc-gameboard-generic", "<br>", "blockmaterial-Wood", ": ", "material-{wood}"]
        },
        "containedDescription": {
            "type-generic": [
                "<br>",
                "tabletopgames:inworldcraftingdesc-chessboardinfo",
                "<br>",
                "<br>",
                "tabletopgames:inworldcraftingdesc-dicetrayinfo",
                "<br>",
                "<br>",
                "tabletopgames:inworldcraftingdesc-goboardinfo",
                "\t",
                "<font size=\"24\"><itemstack type=\"item\" code=\"charcoal\"></itemstack></font>",
                "<font size=\"24\"><itemstack type=\"item\" code=\"ore-bituminouscoal\"></itemstack></font>",
                "<font size=\"24\"><itemstack type=\"item\" code=\"coke\"></itemstack></font>",
                "<font size=\"24\"><itemstack type=\"item\" code=\"stone-chalk\"></itemstack></font>",
                "<font size=\"24\"><itemstack type=\"item\" code=\"stone-limestone\"></itemstack></font>",
                "<font size=\"24\"><itemstack type=\"item\" code=\"nugget-malachite\"></itemstack></font>",
                "<font size=\"24\"><itemstack type=\"item\" code=\"ore-lapislazuli\"></itemstack></font>",
                "<font size=\"24\"><itemstack type=\"item\" code=\"ore-cinnabar\"></itemstack></font>"
            ],
            "type-*": ["tabletopgames:inworldcraftingdesc-item-gameboard-{type}"]
        },
        "shape": {
            "type-generic": { "base": "tabletopgames:block/board/16x16" },

            "type-chessboard_step1::wood-*::primarywood-*": { "base": "tabletopgames:block/board/chess/wood-primarywood-secondarywood" },
            "type-chessboard_step1::wood-*::primarystone-*": { "base": "tabletopgames:block/board/chess/wood-primarystone-secondarystone" },
            "type-chessboard_step1::stone-*::primarywood-*": { "base": "tabletopgames:block/board/chess/stone-primarywood-secondarywood" },
            "type-chessboard_step1::stone-*::primarystone-*": { "base": "tabletopgames:block/board/chess/stone-primarystone-secondarystone" },

            "type-chessboard_step2::wood-*::primarywood-*::secondarywood-*": { "base": "tabletopgames:block/board/chess/wood-primarywood-secondarywood" },
            "type-chessboard_step2::wood-*::primarystone-*::secondarystone-*": { "base": "tabletopgames:block/board/chess/wood-primarystone-secondarystone" },
            "type-chessboard_step2::wood-*::primarywood-*::secondarystone-*": { "base": "tabletopgames:block/board/chess/wood-primarywood-secondarystone" },
            "type-chessboard_step2::wood-*::primarystone-*::secondarywood-*": { "base": "tabletopgames:block/board/chess/wood-primarystone-secondarywood" },

            "type-chessboard_step2::stone-*::primarywood-*::secondarywood-*": { "base": "tabletopgames:block/board/chess/stone-primarywood-secondarywood" },
            "type-chessboard_step2::stone-*::primarystone-*::secondarystone-*": { "base": "tabletopgames:block/board/chess/stone-primarystone-secondarystone" },
            "type-chessboard_step2::stone-*::primarywood-*::secondarystone-*": { "base": "tabletopgames:block/board/chess/stone-primarywood-secondarystone" },
            "type-chessboard_step2::stone-*::primarystone-*::secondarywood-*": { "base": "tabletopgames:block/board/chess/stone-primarystone-secondarywood" }
        },
        "textures": {
            "type-generic::wood-*": { "material": { "base": "game:block/wood/debarked/{wood}" } },
            "type-generic::stone-*": { "material": { "base": "game:block/stone/rock/{stone}1" } },

            "type-chessboard_step1::@(size-5x5|size-7x7)": {
                "wood": { "base": "game:block/wood/debarked/{wood}" },
                "stone": { "base": "game:block/stone/rock/{stone}1" },
                "wood-up": { "base": "game:block/wood/debarked/{wood}" },
                "stone-up": { "base": "game:block/stone/rock/{stone}1" },
                "primarystone": { "base": "game:block/stone/rock/{primarystone}1", "blendedOverlays": [{ "base": "tabletopgames:block/board/chess/{size}-r", "blendMode": "OverlayCutout" }] },
                "secondarystone": { "base": "game:block/transparent" },
                "primarywood": { "base": "game:block/wood/debarked/{primarywood}", "blendedOverlays": [{ "base": "tabletopgames:block/board/chess/{size}-r", "blendMode": "OverlayCutout" }] },
                "secondarywood": { "base": "game:block/transparent" }
            },
            "type-chessboard_step1": {
                "wood": { "base": "game:block/wood/debarked/{wood}" },
                "stone": { "base": "game:block/stone/rock/{stone}1" },
                "wood-up": { "base": "game:block/wood/debarked/{wood}" },
                "stone-up": { "base": "game:block/stone/rock/{stone}1" },
                "primarystone": { "base": "game:block/stone/rock/{primarystone}1", "rotation": 90, "blendedOverlays": [{ "base": "tabletopgames:block/board/chess/{size}", "blendMode": "OverlayCutout" }] },
                "secondarystone": { "base": "game:block/transparent" },
                "primarywood": { "base": "game:block/wood/debarked/{primarywood}", "rotation": 90, "blendedOverlays": [{ "base": "tabletopgames:block/board/chess/{size}", "blendMode": "OverlayCutout" }] },
                "secondarywood": { "base": "game:block/transparent" }
            },

            "type-chessboard_step2::@(size-5x5|size-7x7)": {
                "wood": { "base": "game:block/wood/debarked/{wood}" },
                "stone": { "base": "game:block/stone/rock/{stone}1" },
                "primarystone": { "base": "game:block/stone/rock/{primarystone}1", "blendedOverlays": [{ "base": "tabletopgames:block/board/chess/{size}-r", "blendMode": "OverlayCutout" }] },
                "secondarystone": { "base": "game:block/stone/rock/{secondarystone}1", "blendedOverlays": [{ "base": "tabletopgames:block/board/chess/{size}", "blendMode": "OverlayCutout" }] },
                "primarywood": { "base": "game:block/wood/debarked/{primarywood}", "blendedOverlays": [{ "base": "tabletopgames:block/board/chess/{size}-r", "blendMode": "OverlayCutout" }] },
                "secondarywood": { "base": "game:block/wood/debarked/{secondarywood}", "blendedOverlays": [{ "base": "tabletopgames:block/board/chess/{size}", "blendMode": "OverlayCutout" }] }
            },
            "type-chessboard_step2": {
                "wood": { "base": "game:block/wood/debarked/{wood}" },
                "stone": { "base": "game:block/stone/rock/{stone}1" },
                "primarystone": { "base": "game:block/stone/rock/{primarystone}1", "rotation": 90, "blendedOverlays": [{ "base": "tabletopgames:block/board/chess/{size}", "blendMode": "OverlayCutout" }] },
                "secondarystone": { "base": "game:block/stone/rock/{secondarystone}1", "blendedOverlays": [{ "base": "tabletopgames:block/board/chess/{size}", "blendMode": "OverlayCutout" }] },
                "primarywood": { "base": "game:block/wood/debarked/{primarywood}", "rotation": 90, "blendedOverlays": [{ "base": "tabletopgames:block/board/chess/{size}", "blendMode": "OverlayCutout" }] },
                "secondarywood": { "base": "game:block/wood/debarked/{secondarywood}", "blendedOverlays": [{ "base": "tabletopgames:block/board/chess/{size}", "blendMode": "OverlayCutout" }] }
            }
        },
        "inWorldCraftingProps": {
            "type-generic": [
                {
                    "triggerBy": { "type": "item", "code": "game:stone-*", "quantity": 2, "name": "stone", "skipVariants": ["meteorite-iron"] },
                    "setVariants": { "type": "chessboard_step1", "primarystone": "{stone}", "size": "8x8" }
                },
                { "triggerBy": { "type": "item", "code": "game:plank-*", "quantity": 2, "name": "wood" }, "setVariants": { "type": "chessboard_step1", "primarywood": "{wood}", "size": "8x8" } },

                // Floral Zones mods compatibility
                { "triggerBy": { "type": "item", "code": "floralzonescaperegion:plank-*", "quantity": 2, "name": "wood" }, "setVariants": { "type": "chessboard_step1", "primarywood": "{wood}", "size": "8x8" } },
                { "triggerBy": { "type": "item", "code": "floralzonescaribbeanregion:plank-*", "quantity": 2, "name": "wood" }, "setVariants": { "type": "chessboard_step1", "primarywood": "{wood}", "size": "8x8" } },
                { "triggerBy": { "type": "item", "code": "floralzonescentralaustralianregion:plank-*", "quantity": 2, "name": "wood" }, "setVariants": { "type": "chessboard_step1", "primarywood": "{wood}", "size": "8x8" } },
                { "triggerBy": { "type": "item", "code": "floralzoneseastasiaticregion:plank-*", "quantity": 2, "name": "wood" }, "setVariants": { "type": "chessboard_step1", "primarywood": "{wood}", "size": "8x8" } },
                { "triggerBy": { "type": "item", "code": "floralzonesmediterraneanregion:plank-*", "quantity": 2, "name": "wood" }, "setVariants": { "type": "chessboard_step1", "primarywood": "{wood}", "size": "8x8" } },
                { "triggerBy": { "type": "item", "code": "floralzonesneozeylandicregion:plank-*", "quantity": 2, "name": "wood" }, "setVariants": { "type": "chessboard_step1", "primarywood": "{wood}", "size": "8x8" } },

                // go boards
                { "triggerBy": { "type": "item", "code": "game:charcoal" }, /*              */ "setVariants": { "size": "19x19", "color": "carbonblack" }, "convertTo": { "type": "block", "code": "tabletopgames:goboard" }, "copyAttributes": true, "consumeIngredient": false, "removeVariants": ["type"] },
                { "triggerBy": { "type": "item", "code": "game:ore-bituminouscoal" }, /*    */ "setVariants": { "size": "19x19", "color": "carbonblack" }, "convertTo": { "type": "block", "code": "tabletopgames:goboard" }, "copyAttributes": true, "consumeIngredient": false, "removeVariants": ["type"] },
                { "triggerBy": { "type": "item", "code": "game:coke" }, /*                  */ "setVariants": { "size": "19x19", "color": "cokeblack" }, "convertTo": { "type": "block", "code": "tabletopgames:goboard" }, "copyAttributes": true, "consumeIngredient": false, "removeVariants": ["type"] },
                { "triggerBy": { "type": "item", "code": "game:stone-chalk" }, /*           */ "setVariants": { "size": "19x19", "color": "chalkwhite" }, "convertTo": { "type": "block", "code": "tabletopgames:goboard" }, "copyAttributes": true, "consumeIngredient": false, "removeVariants": ["type"] },
                { "triggerBy": { "type": "item", "code": "game:stone-limestone" }, /*       */ "setVariants": { "size": "19x19", "color": "limewhite" }, "convertTo": { "type": "block", "code": "tabletopgames:goboard" }, "copyAttributes": true, "consumeIngredient": false, "removeVariants": ["type"] },
                { "triggerBy": { "type": "item", "code": "game:nugget-malachite" }, /*      */ "setVariants": { "size": "19x19", "color": "verdigris" }, "convertTo": { "type": "block", "code": "tabletopgames:goboard" }, "copyAttributes": true, "consumeIngredient": false, "removeVariants": ["type"] },
                { "triggerBy": { "type": "item", "code": "game:ore-lapislazuli" }, /*       */ "setVariants": { "size": "19x19", "color": "ultramarine" }, "convertTo": { "type": "block", "code": "tabletopgames:goboard" }, "copyAttributes": true, "consumeIngredient": false, "removeVariants": ["type"] },
                { "triggerBy": { "type": "item", "code": "game:ore-cinnabar" }, /*          */ "setVariants": { "size": "19x19", "color": "cinnabar" }, "convertTo": { "type": "block", "code": "tabletopgames:goboard" }, "copyAttributes": true, "consumeIngredient": false, "removeVariants": ["type"] },

                // dice tray
                {
                    "triggerBy": { "type": "item", "code": "tabletopgames:dice" },
                    "setVariants": { "type": "pentagon" },
                    "convertTo": { "type": "block", "code": "tabletopgames:dicetray" },
                    "copyAttributes": true,
                    "consumeIngredient": false
                }
            ],

            "type-chessboard_step1": [
                {
                    "triggerBy": { "type": "item", "code": "game:stone-*", "quantity": 2, "name": "stone", "skipVariants": ["meteorite-iron"] },
                    "setVariants": { "type": "chessboard_step2", "secondarystone": "{stone}" }
                },
                { "triggerBy": { "type": "item", "code": "game:plank-*", "quantity": 2, "name": "wood" }, "setVariants": { "type": "chessboard_step2", "secondarywood": "{wood}" } },

                // Floral Zones mods compatibility
                { "triggerBy": { "type": "item", "code": "floralzonescaperegion:plank-*", "quantity": 2, "name": "wood" }, "setVariants": { "type": "chessboard_step2", "secondarywood": "{wood}" } },
                { "triggerBy": { "type": "item", "code": "floralzonescaribbeanregion:plank-*", "quantity": 2, "name": "wood" }, "setVariants": { "type": "chessboard_step2", "secondarywood": "{wood}" } },
                { "triggerBy": { "type": "item", "code": "floralzonescentralaustralianregion:plank-*", "quantity": 2, "name": "wood" }, "setVariants": { "type": "chessboard_step2", "secondarywood": "{wood}" } },
                { "triggerBy": { "type": "item", "code": "floralzoneseastasiaticregion:plank-*", "quantity": 2, "name": "wood" }, "setVariants": { "type": "chessboard_step2", "secondarywood": "{wood}" } },
                { "triggerBy": { "type": "item", "code": "floralzonesmediterraneanregion:plank-*", "quantity": 2, "name": "wood" }, "setVariants": { "type": "chessboard_step2", "secondarywood": "{wood}" } },
                { "triggerBy": { "type": "item", "code": "floralzonesneozeylandicregion:plank-*", "quantity": 2, "name": "wood" }, "setVariants": { "type": "chessboard_step2", "secondarywood": "{wood}" } }
            ],
            "type-chessboard_step2": [
                {
                    "triggerBy": { "type": "item", "code": "game:chisel-*", "isTool": true },
                    "convertTo": { "type": "block", "code": "tabletopgames:chessboard" },
                    "removeVariants": ["type"],
                    "copyAttributes": true
                }
            ]
        }
    },
    "behaviors": [
        {
            "name": "GroundStorable",
            "properties": {
                "layout": "SingleCenter",
                "selectionBox": { "x1": 0, "y1": 0, "z1": 0, "x2": 1, "y2": 0.0625, "z2": 1 },
                "collisionBox": { "x1": 0, "y1": 0, "z1": 0, "x2": 0, "y2": 0, "z2": 0 }
            }
        }
    ],
    "creativeinventoryStacks": [
        {
            "tabs": ["tabletopgames", "general", "items"],
            "stacks": [
                { "type": "item", "code": "gameboard", "attributes": { "types": { "type": "generic", "wood": "birch" } } },
                { "type": "item", "code": "gameboard", "attributes": { "types": { "type": "generic", "wood": "oak" } } },
                { "type": "item", "code": "gameboard", "attributes": { "types": { "type": "generic", "wood": "maple" } } },
                { "type": "item", "code": "gameboard", "attributes": { "types": { "type": "generic", "wood": "pine" } } },
                { "type": "item", "code": "gameboard", "attributes": { "types": { "type": "generic", "wood": "acacia" } } },
                { "type": "item", "code": "gameboard", "attributes": { "types": { "type": "generic", "wood": "kapok" } } },
                { "type": "item", "code": "gameboard", "attributes": { "types": { "type": "generic", "wood": "baldcypress" } } },
                { "type": "item", "code": "gameboard", "attributes": { "types": { "type": "generic", "wood": "larch" } } },
                { "type": "item", "code": "gameboard", "attributes": { "types": { "type": "generic", "wood": "redwood" } } },
                { "type": "item", "code": "gameboard", "attributes": { "types": { "type": "generic", "wood": "ebony" } } },
                { "type": "item", "code": "gameboard", "attributes": { "types": { "type": "generic", "wood": "walnut" } } },
                { "type": "item", "code": "gameboard", "attributes": { "types": { "type": "generic", "wood": "purpleheart" } } },

                { "type": "item", "code": "gameboard", "attributes": { "types": { "type": "generic", "stone": "andesite" } } },
                { "type": "item", "code": "gameboard", "attributes": { "types": { "type": "generic", "stone": "chalk" } } },
                { "type": "item", "code": "gameboard", "attributes": { "types": { "type": "generic", "stone": "chert" } } },
                { "type": "item", "code": "gameboard", "attributes": { "types": { "type": "generic", "stone": "conglomerate" } } },
                { "type": "item", "code": "gameboard", "attributes": { "types": { "type": "generic", "stone": "limestone" } } },
                { "type": "item", "code": "gameboard", "attributes": { "types": { "type": "generic", "stone": "claystone" } } },
                { "type": "item", "code": "gameboard", "attributes": { "types": { "type": "generic", "stone": "granite" } } },
                { "type": "item", "code": "gameboard", "attributes": { "types": { "type": "generic", "stone": "sandstone" } } },
                { "type": "item", "code": "gameboard", "attributes": { "types": { "type": "generic", "stone": "shale" } } },
                { "type": "item", "code": "gameboard", "attributes": { "types": { "type": "generic", "stone": "basalt" } } },
                { "type": "item", "code": "gameboard", "attributes": { "types": { "type": "generic", "stone": "peridotite" } } },
                { "type": "item", "code": "gameboard", "attributes": { "types": { "type": "generic", "stone": "phyllite" } } },
                { "type": "item", "code": "gameboard", "attributes": { "types": { "type": "generic", "stone": "slate" } } },
                { "type": "item", "code": "gameboard", "attributes": { "types": { "type": "generic", "stone": "bauxite" } } },
                { "type": "item", "code": "gameboard", "attributes": { "types": { "type": "generic", "stone": "meteorite-iron" } } }
            ]
        }
    ],
    "heldTpIdleAnimation": "holdbothhandslarge",
    "heldTpUseAnimation": "twohandplaceblock",
    "guiTransform": {
        "rotation": { "x": 140, "y": 30, "z": 0 },
        "origin": { "x": 0.5, "y": 0, "z": 0.5 },
        "scaleXyz": { "x": -1.6, "y": 1.6, "z": 1.6 }
    },
    "groundTransform": {
        "translation": { "x": 0, "y": 0, "z": 0 },
        "rotation": { "x": 0, "y": -45, "z": 0 },
        "origin": { "x": 0.5, "y": 0, "z": 0.5 },
        "scale": 5
    },
    "tpHandTransform": {
        "translation": { "x": -1.1, "y": 0, "z": -0.6 },
        "rotation": { "x": -80, "y": 0, "z": -100 },
        "origin": { "x": 0.5, "y": 0, "z": 0.5 },
        "scale": 0.5
    }
}
