{
    "code": "schematic",
    "class": "TabletopGames.ItemShapeTexturesFromAttributes",
    "maxStackSize": 1,
    "attributes": {
        "handbook": {
            "groupBy": ["tabletopgames:schematic"],
            "extraSections": [
                {
                    "title": "tabletopgames:item-handbooktitle-schematic-howtoobtain",
                    "text": "tabletopgames:item-handbooktext-schematic-howtoobtain"
                }
            ]
        },
        "groundStorageTransform": { "translation": { "x": -0, "y": 0.5, "z": 0.1 }, "rotation": { "x": -90, "y": 7, "z": 0 }, "origin": { "x": 0.5, "y": 0, "z": 0.5 }, "scale": 3 },
        "name": {
            "type-generic_piece": ["tabletopgames:item-schematic-{type}"]
        },
        "description": {
            "type-generic_piece": ["tabletopgames:itemdesc-schematic-{type}"]
        },
        "shape": {
            "type-generic_piece": { "base": "game:item/utility/schematic-glider" }
        },
        "textures": {
            "type-generic_piece": {
                "schematic": { "base": "tabletopgames:item/schematic-blackknight" }
            }
        }
    },
    "behaviors": [
        { "name": "GroundStorable", "properties": { "layout": "SingleCenter", "collisionBox": { "x1": 0, "y1": 0, "z1": 0, "x2": 1, "y2": 0.125, "z2": 1 } } },
        {
            "name": "TabletopGames.AdvancedToolModes",
            "properties": {
                "textures": {
                    "chisel_board": "tabletopgames:textures/icons/chiselbrush-square.svg",
                    "chisel_piece": "tabletopgames:textures/icons/chiselbrush-horse.svg"
                },
                "toolModes": {
                    "type-generic_piece": [
                        {
                            "name": "tabletopgames:toolmode-sinkslot-convert-chiseled-block-to-chiseled-board",
                            "iconTexture": "chisel_board",
                            "isSinkSlot": true,
                            "slotParams": [{ "giveStack": { "type": "block", "code": "tabletopgames:chiseledboard", "quantity": 1 } }]
                        },
                        {
                            "name": "tabletopgames:toolmode-sinkslot-convert-chiseled-block-to-chiseled-piece",
                            "iconTexture": "chisel_piece",
                            "isSinkSlot": true,
                            "slotParams": [{ "giveStack": { "type": "item", "code": "tabletopgames:chiseledpiece", "quantity": 1 } }]
                        },

                        // #############
                        // ### Stone ###
                        // #############

                        {
                            "linebreak": true,
                            "nameArray": [["tabletopgames:toolmode-sinkslot-quantity-input-quantity-output", 16, "game:item-stone-generic", 16, "tabletopgames:item-chesspiece"]],
                            "isSinkSlot": true,
                            "iconStack": { "type": "item", "code": "tabletopgames:chesspiece", "attributes": { "types": { "type": "pawn", "stone": "granite" } } },
                            "slotParams": [
                                {
                                    "triggerBy": { "type": "item", "code": "game:stone-*", "name": "stone", "quantity": 16, "skipVariants": ["meteorite-iron"] },
                                    "giveStack": { "type": "item", "code": "tabletopgames:chesspiece", "quantity": 16 },
                                    "setVariants": { "type": "pawn", "stone": "{stone}" }
                                },
                                {
                                    "triggerBy": { "type": "item", "code": "game:flint", "quantity": 16 },
                                    "giveStack": { "type": "item", "code": "tabletopgames:chesspiece", "quantity": 16 },
                                    "setVariants": { "type": "pawn", "stone": "flint" }
                                }
                            ]
                        },
                        {
                            "nameArray": [["tabletopgames:toolmode-sinkslot-quantity-input-quantity-output", 12, "game:item-stone-generic", 12, "tabletopgames:item-checkerpiece"]],
                            "isSinkSlot": true,
                            "iconStack": { "type": "item", "code": "tabletopgames:checkerpiece", "attributes": { "types": { "type": "pawn", "stone": "granite" } } },
                            "slotParams": [
                                {
                                    "triggerBy": { "type": "item", "code": "game:stone-*", "name": "stone", "quantity": 12, "skipVariants": ["meteorite-iron"] },
                                    "giveStack": { "type": "item", "code": "tabletopgames:checkerpiece", "quantity": 12 },
                                    "setVariants": { "type": "pawn", "stone": "{stone}" }
                                },
                                {
                                    "triggerBy": { "type": "item", "code": "game:flint", "quantity": 12 },
                                    "giveStack": { "type": "item", "code": "tabletopgames:checkerpiece", "quantity": 12 },
                                    "setVariants": { "type": "pawn", "stone": "flint" }
                                }
                            ]
                        },
                        {
                            "nameArray": [["tabletopgames:toolmode-sinkslot-quantity-input-quantity-output", 16, "game:item-stone-generic", 64, "tabletopgames:item-gostone"]],
                            "isSinkSlot": true,
                            "iconStack": { "type": "item", "code": "tabletopgames:gostone", "attributes": { "types": { "stone": "granite" } } },
                            "slotParams": [
                                {
                                    "triggerBy": { "type": "item", "code": "game:stone-*", "name": "stone", "quantity": 16, "skipVariants": ["meteorite-iron"] },
                                    "giveStack": { "type": "item", "code": "tabletopgames:gostone", "quantity": 64 },
                                    "setVariants": { "stone": "{stone}" },
                                    "removeVariants": ["type"]
                                },
                                {
                                    "triggerBy": { "type": "item", "code": "game:flint", "quantity": 16 },
                                    "giveStack": { "type": "item", "code": "tabletopgames:gostone", "quantity": 64 },
                                    "setVariants": { "stone": "flint" },
                                    "removeVariants": ["type"]
                                }
                            ]
                        },
                        {
                            "nameArray": [["tabletopgames:toolmode-sinkslot-quantity-input-quantity-output", 20, "game:item-stone-generic", 20, "tabletopgames:item-shogipiece"]],
                            "isSinkSlot": true,
                            "iconStack": { "type": "item", "code": "tabletopgames:shogipiece", "attributes": { "types": { "type": "fuhyo", "stone": "granite" } } },
                            "slotParams": [
                                {
                                    "triggerBy": { "type": "item", "code": "game:stone-*", "name": "stone", "quantity": 20, "skipVariants": ["meteorite-iron"] },
                                    "giveStack": { "type": "item", "code": "tabletopgames:shogipiece", "quantity": 20 },
                                    "setVariants": { "type": "fuhyo", "stone": "{stone}" }
                                },
                                {
                                    "triggerBy": { "type": "item", "code": "game:flint", "quantity": 20 },
                                    "giveStack": { "type": "item", "code": "tabletopgames:shogipiece", "quantity": 20 },
                                    "setVariants": { "type": "fuhyo", "stone": "flint" }
                                }
                            ]
                        },
                        {
                            // giving color for free to avoid missing textures
                            "nameArray": [["tabletopgames:toolmode-sinkslot-quantity-input-quantity-output", 1, "game:item-stone-generic", 1, "tabletopgames:item-dice"]],
                            "isSinkSlot": true,
                            "iconStack": { "type": "item", "code": "tabletopgames:dice", "attributes": { "types": { "type": "classic_cube", "dot": "6", "stone": "basalt", "color": "chalkwhite" } } },
                            "slotParams": [
                                {
                                    "triggerBy": { "type": "item", "code": "game:stone-*", "name": "stone", "quantity": 1, "skipVariants": ["meteorite-iron"] },
                                    "giveStack": { "type": "item", "code": "tabletopgames:dice", "quantity": 1 },
                                    "setVariants": { "type": "classic_cube", "dot": "6", "stone": "{stone}", "color": "carbonblack" }
                                },
                                {
                                    "triggerBy": { "type": "item", "code": "game:flint", "quantity": 1 },
                                    "giveStack": { "type": "item", "code": "tabletopgames:dice", "quantity": 1 },
                                    "setVariants": { "type": "classic_cube", "dot": "6", "stone": "flint", "color": "carbonblack" }
                                }
                            ]
                        },
                        {
                            "nameArray": [["tabletopgames:toolmode-sinkslot-quantity-input-quantity-output", 12, "game:item-stone-generic", 1, "tabletopgames:item-gobowl"]],
                            "isSinkSlot": true,
                            "iconStack": { "type": "item", "code": "tabletopgames:gobowl", "attributes": { "types": { "stone": "basalt" } } },
                            "slotParams": [
                                {
                                    "triggerBy": { "type": "item", "code": "game:stone-*", "name": "stone", "quantity": 12, "skipVariants": ["meteorite-iron"] },
                                    "giveStack": { "type": "item", "code": "tabletopgames:gobowl", "quantity": 1 },
                                    "setVariants": { "stone": "{stone}" }
                                },
                                {
                                    "triggerBy": { "type": "item", "code": "game:flint", "quantity": 12 },
                                    "giveStack": { "type": "item", "code": "tabletopgames:gobowl", "quantity": 1 },
                                    "setVariants": { "stone": "flint" }
                                }
                            ]
                        },
                        {
                            "nameArray": [["tabletopgames:toolmode-sinkslot-quantity-input-quantity-output", 4, "game:item-stone-generic", 1, "tabletopgames:item-gobowl-lid"]],
                            "isSinkSlot": true,
                            "iconStack": { "type": "item", "code": "tabletopgames:lid", "attributes": { "types": { "type": "gobowl", "stone": "basalt" } } },
                            "slotParams": [
                                {
                                    "triggerBy": { "type": "item", "code": "game:stone-*", "name": "stone", "quantity": 4, "skipVariants": ["meteorite-iron"] },
                                    "giveStack": { "type": "item", "code": "tabletopgames:lid", "quantity": 1 },
                                    "setVariants": { "type": "gobowl", "stone": "{stone}" }
                                },
                                {
                                    "triggerBy": { "type": "item", "code": "game:flint", "quantity": 4 },
                                    "giveStack": { "type": "item", "code": "tabletopgames:lid", "quantity": 1 },
                                    "setVariants": { "type": "gobowl", "stone": "flint" }
                                }
                            ]
                        },

                        // #################
                        // ### Meteorite ###
                        // #################

                        {
                            "linebreak": true,
                            "nameArray": [["tabletopgames:toolmode-sinkslot-quantity-input-quantity-output", 1, "game:item-stone-meteorite-iron", 32, "tabletopgames:item-chesspiece"]],
                            "isSinkSlot": true,
                            "iconStack": { "type": "item", "code": "tabletopgames:chesspiece", "attributes": { "types": { "type": "pawn", "stone": "meteorite-iron" } } },
                            "slotParams": [
                                {
                                    "triggerBy": { "type": "item", "code": "game:stone-meteorite-iron", "quantity": 1 },
                                    "giveStack": { "type": "item", "code": "tabletopgames:chesspiece", "quantity": 32 },
                                    "setVariants": { "type": "pawn", "stone": "meteorite-iron" }
                                }
                            ]
                        },
                        {
                            "nameArray": [["tabletopgames:toolmode-sinkslot-quantity-input-quantity-output", 1, "game:item-stone-meteorite-iron", 32, "tabletopgames:item-checkerpiece"]],
                            "isSinkSlot": true,
                            "iconStack": { "type": "item", "code": "tabletopgames:checkerpiece", "attributes": { "types": { "type": "pawn", "stone": "meteorite-iron" } } },
                            "slotParams": [
                                {
                                    "triggerBy": { "type": "item", "code": "game:stone-meteorite-iron", "quantity": 1 },
                                    "giveStack": { "type": "item", "code": "tabletopgames:checkerpiece", "quantity": 32 },
                                    "setVariants": { "type": "pawn", "stone": "meteorite-iron" }
                                }
                            ]
                        },
                        {
                            "nameArray": [["tabletopgames:toolmode-sinkslot-quantity-input-quantity-output", 1, "game:item-stone-meteorite-iron", 64, "tabletopgames:item-gostone"]],
                            "isSinkSlot": true,
                            "iconStack": { "type": "item", "code": "tabletopgames:gostone", "attributes": { "types": { "stone": "meteorite-iron" } } },
                            "slotParams": [
                                {
                                    "triggerBy": { "type": "item", "code": "game:stone-meteorite-iron", "quantity": 1 },
                                    "giveStack": { "type": "item", "code": "tabletopgames:gostone", "quantity": 64 },
                                    "setVariants": { "stone": "meteorite-iron" },
                                    "removeVariants": ["type"]
                                }
                            ]
                        },
                        {
                            "nameArray": [["tabletopgames:toolmode-sinkslot-quantity-input-quantity-output", 1, "game:item-stone-meteorite-iron", 40, "tabletopgames:item-shogipiece"]],
                            "isSinkSlot": true,
                            "iconStack": { "type": "item", "code": "tabletopgames:shogipiece", "attributes": { "types": { "type": "fuhyo", "stone": "meteorite-iron" } } },
                            "slotParams": [
                                {
                                    "triggerBy": { "type": "item", "code": "game:stone-meteorite-iron", "quantity": 1 },
                                    "giveStack": { "type": "item", "code": "tabletopgames:shogipiece", "quantity": 40 },
                                    "setVariants": { "type": "fuhyo", "stone": "meteorite-iron" }
                                }
                            ]
                        },
                        {
                            // giving color for free to avoid missing textures
                            "nameArray": [["tabletopgames:toolmode-sinkslot-quantity-input-quantity-output", 1, "game:item-stone-meteorite-iron", 1, "tabletopgames:item-dice"]],
                            "isSinkSlot": true,
                            "iconStack": { "type": "item", "code": "tabletopgames:dice", "attributes": { "types": { "type": "classic_cube", "dot": "6", "stone": "meteorite-iron", "color": "chalkwhite" } } },
                            "slotParams": [
                                {
                                    "triggerBy": { "type": "item", "code": "game:stone-meteorite-iron", "quantity": 1 },
                                    "giveStack": { "type": "item", "code": "tabletopgames:dice", "quantity": 1 },
                                    "setVariants": { "type": "classic_cube", "dot": "6", "stone": "meteorite-iron", "color": "carbonblack" }
                                }
                            ]
                        },
                        {
                            "nameArray": [["tabletopgames:toolmode-sinkslot-quantity-input-quantity-output", 1, "game:item-stone-meteorite-iron", 1, "tabletopgames:item-gobowl"]],
                            "isSinkSlot": true,
                            "iconStack": { "type": "item", "code": "tabletopgames:gobowl", "attributes": { "types": { "stone": "meteorite-iron" } } },
                            "slotParams": [
                                {
                                    "triggerBy": { "type": "item", "code": "game:stone-meteorite-iron", "quantity": 1 },
                                    "giveStack": { "type": "item", "code": "tabletopgames:gobowl", "quantity": 1 },
                                    "setVariants": { "stone": "meteorite-iron" }
                                }
                            ]
                        },
                        {
                            "nameArray": [["tabletopgames:toolmode-sinkslot-quantity-input-quantity-output", 1, "game:item-stone-meteorite-iron", 1, "tabletopgames:item-gobowl-lid"]],
                            "isSinkSlot": true,
                            "iconStack": { "type": "item", "code": "tabletopgames:lid", "attributes": { "types": { "type": "gobowl", "stone": "meteorite-iron" } } },
                            "slotParams": [
                                {
                                    "triggerBy": { "type": "item", "code": "game:stone-meteorite-iron", "quantity": 1 },
                                    "giveStack": { "type": "item", "code": "tabletopgames:lid", "quantity": 1 },
                                    "setVariants": { "type": "gobowl", "stone": "meteorite-iron" }
                                }
                            ]
                        },

                        // ####################
                        // ### Ore Ungraded ###
                        // ####################

                        {
                            "linebreak": true,
                            "nameArray": [["tabletopgames:toolmode-sinkslot-quantity-input-quantity-output", 1, "game:item-mineral", 32, "tabletopgames:item-chesspiece"]],
                            "isSinkSlot": true,
                            "iconStack": { "type": "item", "code": "tabletopgames:chesspiece", "attributes": { "types": { "type": "pawn", "ore_ungraded": "kernite" } } },
                            "slotParams": [
                                {
                                    "triggerBy": { "type": "item", "code": "game:*", "quantity": 1, "name": "ore_ungraded", "allowedVariants": ["charcoal", "coke", "amethyst", "clearquartz", "rosequartz", "smokyquartz"] },
                                    "giveStack": { "type": "item", "code": "tabletopgames:chesspiece", "quantity": 32 },
                                    "setVariants": { "type": "pawn", "ore_ungraded": "{ore_ungraded}" }
                                },
                                {
                                    "triggerBy": { "type": "item", "code": "game:ore-*", "quantity": 1, "name": "ore_ungraded", "allowedVariants": ["alum", "lapislazuli", "corundum", "anthracite", "borax", "cinnabar", "lignite", "bituminouscoal", "sylvite", "quartz", "olivine", "sulfur", "fluorite", "graphite", "kernite", "phosphorite"] },
                                    "giveStack": { "type": "item", "code": "tabletopgames:chesspiece", "quantity": 32 },
                                    "setVariants": { "type": "pawn", "ore_ungraded": "{ore_ungraded}" }
                                }
                            ]
                        },
                        {
                            "nameArray": [["tabletopgames:toolmode-sinkslot-quantity-input-quantity-output", 1, "game:item-mineral", 32, "tabletopgames:item-checkerpiece"]],
                            "isSinkSlot": true,
                            "iconStack": { "type": "item", "code": "tabletopgames:checkerpiece", "attributes": { "types": { "type": "pawn", "ore_ungraded": "kernite" } } },
                            "slotParams": [
                                {
                                    "triggerBy": { "type": "item", "code": "game:*", "quantity": 1, "name": "ore_ungraded", "allowedVariants": ["charcoal", "coke", "amethyst", "clearquartz", "rosequartz", "smokyquartz"] },
                                    "giveStack": { "type": "item", "code": "tabletopgames:checkerpiece", "quantity": 32 },
                                    "setVariants": { "type": "pawn", "ore_ungraded": "{ore_ungraded}" }
                                },
                                {
                                    "triggerBy": { "type": "item", "code": "game:ore-*", "quantity": 1, "name": "ore_ungraded", "allowedVariants": ["alum", "lapislazuli", "corundum", "anthracite", "borax", "cinnabar", "lignite", "bituminouscoal", "sylvite", "quartz", "olivine", "sulfur", "fluorite", "graphite", "kernite", "phosphorite"] },
                                    "giveStack": { "type": "item", "code": "tabletopgames:checkerpiece", "quantity": 32 },
                                    "setVariants": { "type": "pawn", "ore_ungraded": "{ore_ungraded}" }
                                }
                            ]
                        },
                        {
                            "nameArray": [["tabletopgames:toolmode-sinkslot-quantity-input-quantity-output", 1, "game:item-mineral", 64, "tabletopgames:item-gostone"]],
                            "isSinkSlot": true,
                            "iconStack": { "type": "item", "code": "tabletopgames:gostone", "attributes": { "types": { "ore_ungraded": "kernite" } } },
                            "slotParams": [
                                {
                                    "triggerBy": { "type": "item", "code": "game:*", "quantity": 1, "name": "ore_ungraded", "allowedVariants": ["charcoal", "coke", "amethyst", "clearquartz", "rosequartz", "smokyquartz"] },
                                    "giveStack": { "type": "item", "code": "tabletopgames:gostone", "quantity": 64 },
                                    "setVariants": { "ore_ungraded": "{ore_ungraded}" }
                                },
                                {
                                    "triggerBy": { "type": "item", "code": "game:ore-*", "quantity": 1, "name": "ore_ungraded", "allowedVariants": ["alum", "lapislazuli", "corundum", "anthracite", "borax", "cinnabar", "lignite", "bituminouscoal", "sylvite", "quartz", "olivine", "sulfur", "fluorite", "graphite", "kernite", "phosphorite"] },
                                    "giveStack": { "type": "item", "code": "tabletopgames:gostone", "quantity": 64 },
                                    "setVariants": { "ore_ungraded": "{ore_ungraded}" }
                                }
                            ]
                        },
                        {
                            "nameArray": [["tabletopgames:toolmode-sinkslot-quantity-input-quantity-output", 1, "game:item-mineral", 40, "tabletopgames:item-shogipiece"]],
                            "isSinkSlot": true,
                            "iconStack": { "type": "item", "code": "tabletopgames:shogipiece", "attributes": { "types": { "type": "fuhyo", "ore_ungraded": "kernite" } } },
                            "slotParams": [
                                {
                                    "triggerBy": { "type": "item", "code": "game:*", "quantity": 1, "name": "ore_ungraded", "allowedVariants": ["charcoal", "coke", "amethyst", "clearquartz", "rosequartz", "smokyquartz"] },
                                    "giveStack": { "type": "item", "code": "tabletopgames:shogipiece", "quantity": 40 },
                                    "setVariants": { "type": "fuhyo", "ore_ungraded": "{ore_ungraded}" }
                                },
                                {
                                    "triggerBy": { "type": "item", "code": "game:ore-*", "quantity": 1, "name": "ore_ungraded", "allowedVariants": ["alum", "lapislazuli", "corundum", "anthracite", "borax", "cinnabar", "lignite", "bituminouscoal", "sylvite", "quartz", "olivine", "sulfur", "fluorite", "graphite", "kernite", "phosphorite"] },
                                    "giveStack": { "type": "item", "code": "tabletopgames:shogipiece", "quantity": 40 },
                                    "setVariants": { "type": "fuhyo", "ore_ungraded": "{ore_ungraded}" }
                                }
                            ]
                        },
                        {
                            // giving color for free to avoid missing textures
                            "nameArray": [["tabletopgames:toolmode-sinkslot-quantity-input-quantity-output", 1, "game:item-mineral", 1, "tabletopgames:item-dice"]],
                            "isSinkSlot": true,
                            "iconStack": { "type": "item", "code": "tabletopgames:dice", "attributes": { "types": { "type": "classic_cube", "dot": "6", "ore_ungraded": "kernite", "color": "carbonblack" } } },
                            "slotParams": [
                                {
                                    "triggerBy": { "type": "item", "code": "game:*", "quantity": 1, "name": "ore_ungraded", "allowedVariants": ["charcoal", "coke", "amethyst", "clearquartz", "rosequartz", "smokyquartz"] },
                                    "giveStack": { "type": "item", "code": "tabletopgames:dice", "quantity": 1 },
                                    "setVariants": { "type": "classic_cube", "dot": "6", "ore_ungraded": "{ore_ungraded}", "color": "carbonblack" }
                                },
                                {
                                    "triggerBy": { "type": "item", "code": "game:ore-*", "quantity": 1, "name": "ore_ungraded", "allowedVariants": ["alum", "lapislazuli", "corundum", "anthracite", "borax", "cinnabar", "lignite", "bituminouscoal", "sylvite", "quartz", "olivine", "sulfur", "fluorite", "graphite", "kernite", "phosphorite"] },
                                    "giveStack": { "type": "item", "code": "tabletopgames:dice", "quantity": 1 },
                                    "setVariants": { "type": "classic_cube", "dot": "6", "ore_ungraded": "{ore_ungraded}", "color": "carbonblack" }
                                }
                            ]
                        },
                        {
                            "nameArray": [["tabletopgames:toolmode-sinkslot-quantity-input-quantity-output", 1, "game:item-mineral", 1, "tabletopgames:item-gobowl"]],
                            "isSinkSlot": true,
                            "iconStack": { "type": "item", "code": "tabletopgames:gobowl", "attributes": { "types": { "ore_ungraded": "kernite" } } },
                            "slotParams": [
                                {
                                    "triggerBy": { "type": "item", "code": "game:*", "quantity": 1, "name": "ore_ungraded", "allowedVariants": ["charcoal", "coke", "amethyst", "clearquartz", "rosequartz", "smokyquartz"] },
                                    "giveStack": { "type": "item", "code": "tabletopgames:gobowl", "quantity": 1 },
                                    "setVariants": { "ore_ungraded": "{ore_ungraded}" }
                                },
                                {
                                    "triggerBy": { "type": "item", "code": "game:ore-*", "quantity": 1, "name": "ore_ungraded", "allowedVariants": ["alum", "lapislazuli", "corundum", "anthracite", "borax", "cinnabar", "lignite", "bituminouscoal", "sylvite", "quartz", "olivine", "sulfur", "fluorite", "graphite", "kernite", "phosphorite"] },
                                    "giveStack": { "type": "item", "code": "tabletopgames:gobowl", "quantity": 1 },
                                    "setVariants": { "ore_ungraded": "{ore_ungraded}" }
                                }
                            ]
                        },
                        {
                            "nameArray": [["tabletopgames:toolmode-sinkslot-quantity-input-quantity-output", 1, "game:item-mineral", 1, "tabletopgames:item-gobowl-lid"]],
                            "isSinkSlot": true,
                            "iconStack": { "type": "item", "code": "tabletopgames:lid", "attributes": { "types": { "type": "gobowl", "ore_ungraded": "kernite" } } },
                            "slotParams": [
                                {
                                    "triggerBy": { "type": "item", "code": "game:*", "quantity": 1, "name": "ore_ungraded", "allowedVariants": ["charcoal", "coke", "amethyst", "clearquartz", "rosequartz", "smokyquartz"] },
                                    "giveStack": { "type": "item", "code": "tabletopgames:lid", "quantity": 1 },
                                    "setVariants": { "type": "gobowl", "ore_ungraded": "{ore_ungraded}" }
                                },
                                {
                                    "triggerBy": { "type": "item", "code": "game:ore-*", "quantity": 1, "name": "ore_ungraded", "allowedVariants": ["alum", "lapislazuli", "corundum", "anthracite", "borax", "cinnabar", "lignite", "bituminouscoal", "sylvite", "quartz", "olivine", "sulfur", "fluorite", "graphite", "kernite", "phosphorite"] },
                                    "giveStack": { "type": "item", "code": "tabletopgames:lid", "quantity": 1 },
                                    "setVariants": { "type": "gobowl", "ore_ungraded": "{ore_ungraded}" }
                                }
                            ]
                        },

                        // #############
                        // ### Metal ###
                        // #############

                        {
                            "linebreak": true,
                            "nameArray": [["tabletopgames:toolmode-sinkslot-quantity-input-quantity-output", 8, "game:item-metalbit", 16, "tabletopgames:item-chesspiece"]],
                            "isSinkSlot": true,
                            "iconStack": { "type": "item", "code": "tabletopgames:chesspiece", "attributes": { "types": { "type": "pawn", "metal": "bismuth" } } },
                            "slotParams": [
                                {
                                    "triggerBy": { "type": "item", "code": "game:metalbit-*", "quantity": 8, "name": "metal" },
                                    "giveStack": { "type": "item", "code": "tabletopgames:chesspiece", "quantity": 16 },
                                    "setVariants": { "type": "pawn", "metal": "{metal}" }
                                }
                            ]
                        },
                        {
                            "nameArray": [["tabletopgames:toolmode-sinkslot-quantity-input-quantity-output", 8, "game:item-metalbit", 12, "tabletopgames:item-checkerpiece"]],
                            "isSinkSlot": true,
                            "iconStack": { "type": "item", "code": "tabletopgames:checkerpiece", "attributes": { "types": { "type": "pawn", "metal": "bismuth" } } },
                            "slotParams": [
                                {
                                    "triggerBy": { "type": "item", "code": "game:metalbit-*", "quantity": 8, "name": "metal" },
                                    "giveStack": { "type": "item", "code": "tabletopgames:checkerpiece", "quantity": 12 },
                                    "setVariants": { "type": "pawn", "metal": "{metal}" }
                                }
                            ]
                        },
                        {
                            "nameArray": [["tabletopgames:toolmode-sinkslot-quantity-input-quantity-output", 8, "game:item-metalbit", 200, "tabletopgames:item-gostone"]],
                            "isSinkSlot": true,
                            "iconStack": { "type": "item", "code": "tabletopgames:gostone", "attributes": { "types": { "metal": "bismuth" } } },
                            "slotParams": [
                                {
                                    "triggerBy": { "type": "item", "code": "game:metalbit-*", "quantity": 8, "name": "metal" },
                                    "giveStack": { "type": "item", "code": "tabletopgames:gostone", "quantity": 200 },
                                    "setVariants": { "metal": "{metal}" }
                                }
                            ]
                        },
                        {
                            "nameArray": [["tabletopgames:toolmode-sinkslot-quantity-input-quantity-output", 8, "game:item-metalbit", 20, "tabletopgames:item-shogipiece"]],
                            "isSinkSlot": true,
                            "iconStack": { "type": "item", "code": "tabletopgames:shogipiece", "attributes": { "types": { "type": "fuhyo", "metal": "bismuth" } } },
                            "slotParams": [
                                {
                                    "triggerBy": { "type": "item", "code": "game:metalbit-*", "quantity": 8, "name": "metal" },
                                    "giveStack": { "type": "item", "code": "tabletopgames:shogipiece", "quantity": 20 },
                                    "setVariants": { "type": "fuhyo", "metal": "{metal}" }
                                }
                            ]
                        },
                        {
                            // giving color for free to avoid missing textures
                            "nameArray": [["tabletopgames:toolmode-sinkslot-quantity-input-quantity-output", 8, "game:item-metalbit", 1, "tabletopgames:item-dice"]],
                            "isSinkSlot": true,
                            "iconStack": { "type": "item", "code": "tabletopgames:dice", "attributes": { "types": { "type": "classic_cube", "dot": "6", "metal": "bismuth", "color": "chalkwhite" } } },
                            "slotParams": [
                                {
                                    "triggerBy": { "type": "item", "code": "game:metalbit-*", "quantity": 8, "name": "metal" },
                                    "giveStack": { "type": "item", "code": "tabletopgames:dice", "quantity": 1 },
                                    "setVariants": { "type": "classic_cube", "dot": "6", "metal": "{metal}", "color": "carbonblack" }
                                }
                            ]
                        },
                        {
                            "nameArray": [["tabletopgames:toolmode-sinkslot-quantity-input-quantity-output", 8, "game:item-metalbit", 1, "tabletopgames:item-gobowl"]],
                            "isSinkSlot": true,
                            "iconStack": { "type": "item", "code": "tabletopgames:gobowl", "attributes": { "types": { "metal": "bismuth" } } },
                            "slotParams": [
                                {
                                    "triggerBy": { "type": "item", "code": "game:metalbit-*", "quantity": 8, "name": "metal" },
                                    "giveStack": { "type": "item", "code": "tabletopgames:gobowl", "quantity": 1 },
                                    "setVariants": { "metal": "{metal}" }
                                }
                            ]
                        },
                        {
                            "nameArray": [["tabletopgames:toolmode-sinkslot-quantity-input-quantity-output", 8, "game:item-metalbit", 1, "tabletopgames:item-gobowl-lid"]],
                            "isSinkSlot": true,
                            "iconStack": { "type": "item", "code": "tabletopgames:lid", "attributes": { "types": { "type": "gobowl", "metal": "bismuth" } } },
                            "slotParams": [
                                {
                                    "triggerBy": { "type": "item", "code": "game:metalbit-*", "quantity": 8, "name": "metal" },
                                    "giveStack": { "type": "item", "code": "tabletopgames:lid", "quantity": 1 },
                                    "setVariants": { "type": "gobowl", "metal": "{metal}" }
                                }
                            ]
                        },

                        // ##############
                        // ### Wooden ###
                        // ##############

                        {
                            "linebreak": true,
                            "nameArray": [["tabletopgames:toolmode-sinkslot-quantity-input-quantity-output", 16, "game:item-plank-generic", 16, "tabletopgames:item-chesspiece"]],
                            "isSinkSlot": true,
                            "iconStack": { "type": "item", "code": "tabletopgames:chesspiece", "attributes": { "types": { "type": "pawn", "wood": "oak" } } },
                            "slotParams": [
                                { "triggerBy": { "type": "item", "code": "game:plank-*", "name": "wood", "quantity": 16 }, "giveStack": { "type": "item", "code": "tabletopgames:chesspiece", "quantity": 16 }, "setVariants": { "type": "pawn", "wood": "{wood}" } },

                                // Floral Zones mods compatibility
                                { "triggerBy": { "type": "item", "code": "floralzonescaperegion:plank-*", "name": "wood", "quantity": 16 }, "giveStack": { "type": "item", "code": "tabletopgames:chesspiece", "quantity": 16 }, "setVariants": { "type": "pawn", "wood": "{wood}" } },
                                { "triggerBy": { "type": "item", "code": "floralzonescaribbeanregion:plank-*", "name": "wood", "quantity": 16 }, "giveStack": { "type": "item", "code": "tabletopgames:chesspiece", "quantity": 16 }, "setVariants": { "type": "pawn", "wood": "{wood}" } },
                                { "triggerBy": { "type": "item", "code": "floralzonescentralaustralianregion:plank-*", "name": "wood", "quantity": 16 }, "giveStack": { "type": "item", "code": "tabletopgames:chesspiece", "quantity": 16 }, "setVariants": { "type": "pawn", "wood": "{wood}" } },
                                { "triggerBy": { "type": "item", "code": "floralzoneseastasiaticregion:plank-*", "name": "wood", "quantity": 16 }, "giveStack": { "type": "item", "code": "tabletopgames:chesspiece", "quantity": 16 }, "setVariants": { "type": "pawn", "wood": "{wood}" } },
                                { "triggerBy": { "type": "item", "code": "floralzonesmediterraneanregion:plank-*", "name": "wood", "quantity": 16 }, "giveStack": { "type": "item", "code": "tabletopgames:chesspiece", "quantity": 16 }, "setVariants": { "type": "pawn", "wood": "{wood}" } },
                                { "triggerBy": { "type": "item", "code": "floralzonesneozeylandicregion:plank-*", "name": "wood", "quantity": 16 }, "giveStack": { "type": "item", "code": "tabletopgames:chesspiece", "quantity": 16 }, "setVariants": { "type": "pawn", "wood": "{wood}" } }
                            ]
                        },
                        {
                            "nameArray": [["tabletopgames:toolmode-sinkslot-quantity-input-quantity-output", 12, "game:item-plank-generic", 12, "tabletopgames:item-checkerpiece"]],
                            "isSinkSlot": true,
                            "iconStack": { "type": "item", "code": "tabletopgames:checkerpiece", "attributes": { "types": { "type": "pawn", "wood": "oak" } } },
                            "slotParams": [
                                { "triggerBy": { "type": "item", "code": "game:plank-*", "name": "wood", "quantity": 12 }, "giveStack": { "type": "item", "code": "tabletopgames:checkerpiece", "quantity": 12 }, "setVariants": { "type": "pawn", "wood": "{wood}" } },

                                // Floral Zones mods compatibility
                                { "triggerBy": { "type": "item", "code": "floralzonescaperegion:plank-*", "name": "wood", "quantity": 12 }, "giveStack": { "type": "item", "code": "tabletopgames:checkerpiece", "quantity": 12 }, "setVariants": { "type": "pawn", "wood": "{wood}" } },
                                { "triggerBy": { "type": "item", "code": "floralzonescaribbeanregion:plank-*", "name": "wood", "quantity": 12 }, "giveStack": { "type": "item", "code": "tabletopgames:checkerpiece", "quantity": 12 }, "setVariants": { "type": "pawn", "wood": "{wood}" } },
                                { "triggerBy": { "type": "item", "code": "floralzonescentralaustralianregion:plank-*", "name": "wood", "quantity": 12 }, "giveStack": { "type": "item", "code": "tabletopgames:checkerpiece", "quantity": 12 }, "setVariants": { "type": "pawn", "wood": "{wood}" } },
                                { "triggerBy": { "type": "item", "code": "floralzoneseastasiaticregion:plank-*", "name": "wood", "quantity": 12 }, "giveStack": { "type": "item", "code": "tabletopgames:checkerpiece", "quantity": 12 }, "setVariants": { "type": "pawn", "wood": "{wood}" } },
                                { "triggerBy": { "type": "item", "code": "floralzonesmediterraneanregion:plank-*", "name": "wood", "quantity": 12 }, "giveStack": { "type": "item", "code": "tabletopgames:checkerpiece", "quantity": 12 }, "setVariants": { "type": "pawn", "wood": "{wood}" } },
                                { "triggerBy": { "type": "item", "code": "floralzonesneozeylandicregion:plank-*", "name": "wood", "quantity": 12 }, "giveStack": { "type": "item", "code": "tabletopgames:checkerpiece", "quantity": 12 }, "setVariants": { "type": "pawn", "wood": "{wood}" } }
                            ]
                        },
                        {
                            "nameArray": [["tabletopgames:toolmode-sinkslot-quantity-input-quantity-output", 16, "game:item-plank-generic", 64, "tabletopgames:item-gostone"]],
                            "isSinkSlot": true,
                            "iconStack": { "type": "item", "code": "tabletopgames:gostone", "attributes": { "types": { "wood": "oak" } } },
                            "slotParams": [
                                { "triggerBy": { "type": "item", "code": "game:plank-*", "name": "wood", "quantity": 16 }, "giveStack": { "type": "item", "code": "tabletopgames:gostone", "quantity": 64 }, "setVariants": { "wood": "{wood}" }, "removeVariants": ["type"] },

                                // Floral Zones mods compatibility
                                { "triggerBy": { "type": "item", "code": "floralzonescaperegion:plank-*", "name": "wood", "quantity": 16 }, "giveStack": { "type": "item", "code": "tabletopgames:gostone", "quantity": 64 }, "setVariants": { "wood": "{wood}" }, "removeVariants": ["type"] },
                                { "triggerBy": { "type": "item", "code": "floralzonescaribbeanregion:plank-*", "name": "wood", "quantity": 16 }, "giveStack": { "type": "item", "code": "tabletopgames:gostone", "quantity": 64 }, "setVariants": { "wood": "{wood}" }, "removeVariants": ["type"] },
                                { "triggerBy": { "type": "item", "code": "floralzonescentralaustralianregion:plank-*", "name": "wood", "quantity": 16 }, "giveStack": { "type": "item", "code": "tabletopgames:gostone", "quantity": 64 }, "setVariants": { "wood": "{wood}" }, "removeVariants": ["type"] },
                                { "triggerBy": { "type": "item", "code": "floralzoneseastasiaticregion:plank-*", "name": "wood", "quantity": 16 }, "giveStack": { "type": "item", "code": "tabletopgames:gostone", "quantity": 64 }, "setVariants": { "wood": "{wood}" }, "removeVariants": ["type"] },
                                { "triggerBy": { "type": "item", "code": "floralzonesmediterraneanregion:plank-*", "name": "wood", "quantity": 16 }, "giveStack": { "type": "item", "code": "tabletopgames:gostone", "quantity": 64 }, "setVariants": { "wood": "{wood}" }, "removeVariants": ["type"] },
                                { "triggerBy": { "type": "item", "code": "floralzonesneozeylandicregion:plank-*", "name": "wood", "quantity": 16 }, "giveStack": { "type": "item", "code": "tabletopgames:gostone", "quantity": 64 }, "setVariants": { "wood": "{wood}" }, "removeVariants": ["type"] }
                            ]
                        },
                        {
                            "nameArray": [["tabletopgames:toolmode-sinkslot-quantity-input-quantity-output", 20, "game:item-plank-generic", 20, "tabletopgames:item-shogipiece"]],
                            "isSinkSlot": true,
                            "iconStack": { "type": "item", "code": "tabletopgames:shogipiece", "attributes": { "types": { "type": "fuhyo", "wood": "oak" } } },
                            "slotParams": [
                                { "triggerBy": { "type": "item", "code": "game:plank-*", "name": "wood", "quantity": 20 }, "giveStack": { "type": "item", "code": "tabletopgames:shogipiece", "quantity": 20 }, "setVariants": { "type": "fuhyo", "wood": "{wood}" } },

                                // Floral Zones mods compatibility
                                { "triggerBy": { "type": "item", "code": "floralzonescaperegion:plank-*", "name": "wood", "quantity": 20 }, "giveStack": { "type": "item", "code": "tabletopgames:shogipiece", "quantity": 20 }, "setVariants": { "type": "fuhyo", "wood": "{wood}" } },
                                { "triggerBy": { "type": "item", "code": "floralzonescaribbeanregion:plank-*", "name": "wood", "quantity": 20 }, "giveStack": { "type": "item", "code": "tabletopgames:shogipiece", "quantity": 20 }, "setVariants": { "type": "fuhyo", "wood": "{wood}" } },
                                { "triggerBy": { "type": "item", "code": "floralzonescentralaustralianregion:plank-*", "name": "wood", "quantity": 20 }, "giveStack": { "type": "item", "code": "tabletopgames:shogipiece", "quantity": 20 }, "setVariants": { "type": "fuhyo", "wood": "{wood}" } },
                                { "triggerBy": { "type": "item", "code": "floralzoneseastasiaticregion:plank-*", "name": "wood", "quantity": 20 }, "giveStack": { "type": "item", "code": "tabletopgames:shogipiece", "quantity": 20 }, "setVariants": { "type": "fuhyo", "wood": "{wood}" } },
                                { "triggerBy": { "type": "item", "code": "floralzonesmediterraneanregion:plank-*", "name": "wood", "quantity": 20 }, "giveStack": { "type": "item", "code": "tabletopgames:shogipiece", "quantity": 20 }, "setVariants": { "type": "fuhyo", "wood": "{wood}" } },
                                { "triggerBy": { "type": "item", "code": "floralzonesneozeylandicregion:plank-*", "name": "wood", "quantity": 20 }, "giveStack": { "type": "item", "code": "tabletopgames:shogipiece", "quantity": 20 }, "setVariants": { "type": "fuhyo", "wood": "{wood}" } }
                            ]
                        },
                        {
                            // giving color for free to avoid missing textures
                            "nameArray": [["tabletopgames:toolmode-sinkslot-quantity-input-quantity-output", 1, "game:item-plank-generic", 1, "tabletopgames:item-dice"]],
                            "isSinkSlot": true,
                            "iconStack": { "type": "item", "code": "tabletopgames:dice", "attributes": { "types": { "type": "classic_cube", "dot": "6", "wood": "oak", "color": "chalkwhite" } } },
                            "slotParams": [
                                { "triggerBy": { "type": "item", "code": "game:plank-*", "name": "wood", "quantity": 1 }, "giveStack": { "type": "item", "code": "tabletopgames:dice", "quantity": 1 }, "setVariants": { "type": "classic_cube", "dot": "6", "wood": "{wood}", "color": "carbonblack" } },

                                // Floral Zones mods compatibility
                                { "triggerBy": { "type": "item", "code": "floralzonescaperegion:plank-*", "name": "wood", "quantity": 1 }, "giveStack": { "type": "item", "code": "tabletopgames:dice", "quantity": 1 }, "setVariants": { "type": "classic_cube", "dot": "6", "wood": "{wood}", "color": "carbonblack" } },
                                { "triggerBy": { "type": "item", "code": "floralzonescaribbeanregion:plank-*", "name": "wood", "quantity": 1 }, "giveStack": { "type": "item", "code": "tabletopgames:dice", "quantity": 1 }, "setVariants": { "type": "classic_cube", "dot": "6", "wood": "{wood}", "color": "carbonblack" } },
                                { "triggerBy": { "type": "item", "code": "floralzonescentralaustralianregion:plank-*", "name": "wood", "quantity": 1 }, "giveStack": { "type": "item", "code": "tabletopgames:dice", "quantity": 1 }, "setVariants": { "type": "classic_cube", "dot": "6", "wood": "{wood}", "color": "carbonblack" } },
                                { "triggerBy": { "type": "item", "code": "floralzoneseastasiaticregion:plank-*", "name": "wood", "quantity": 1 }, "giveStack": { "type": "item", "code": "tabletopgames:dice", "quantity": 1 }, "setVariants": { "type": "classic_cube", "dot": "6", "wood": "{wood}", "color": "carbonblack" } },
                                { "triggerBy": { "type": "item", "code": "floralzonesmediterraneanregion:plank-*", "name": "wood", "quantity": 1 }, "giveStack": { "type": "item", "code": "tabletopgames:dice", "quantity": 1 }, "setVariants": { "type": "classic_cube", "dot": "6", "wood": "{wood}", "color": "carbonblack" } },
                                { "triggerBy": { "type": "item", "code": "floralzonesneozeylandicregion:plank-*", "name": "wood", "quantity": 1 }, "giveStack": { "type": "item", "code": "tabletopgames:dice", "quantity": 1 }, "setVariants": { "type": "classic_cube", "dot": "6", "wood": "{wood}", "color": "carbonblack" } }
                            ]
                        },
                        {
                            "nameArray": [["tabletopgames:toolmode-sinkslot-quantity-input-quantity-output", 12, "game:item-plank-generic", 1, "tabletopgames:item-gobowl"]],
                            "isSinkSlot": true,
                            "iconStack": { "type": "item", "code": "tabletopgames:gobowl", "attributes": { "types": { "wood": "oak" } } },
                            "slotParams": [
                                { "triggerBy": { "type": "item", "code": "game:plank-*", "name": "wood", "quantity": 12 }, "giveStack": { "type": "item", "code": "tabletopgames:gobowl", "quantity": 1 }, "setVariants": { "wood": "{wood}" } },

                                // Floral Zones mods compatibility
                                { "triggerBy": { "type": "item", "code": "floralzonescaperegion:plank-*", "name": "wood", "quantity": 12 }, "giveStack": { "type": "item", "code": "tabletopgames:gobowl", "quantity": 1 }, "setVariants": { "wood": "{wood}" } },
                                { "triggerBy": { "type": "item", "code": "floralzonescaribbeanregion:plank-*", "name": "wood", "quantity": 12 }, "giveStack": { "type": "item", "code": "tabletopgames:gobowl", "quantity": 1 }, "setVariants": { "wood": "{wood}" } },
                                { "triggerBy": { "type": "item", "code": "floralzonescentralaustralianregion:plank-*", "name": "wood", "quantity": 12 }, "giveStack": { "type": "item", "code": "tabletopgames:gobowl", "quantity": 1 }, "setVariants": { "wood": "{wood}" } },
                                { "triggerBy": { "type": "item", "code": "floralzoneseastasiaticregion:plank-*", "name": "wood", "quantity": 12 }, "giveStack": { "type": "item", "code": "tabletopgames:gobowl", "quantity": 1 }, "setVariants": { "wood": "{wood}" } },
                                { "triggerBy": { "type": "item", "code": "floralzonesmediterraneanregion:plank-*", "name": "wood", "quantity": 12 }, "giveStack": { "type": "item", "code": "tabletopgames:gobowl", "quantity": 1 }, "setVariants": { "wood": "{wood}" } },
                                { "triggerBy": { "type": "item", "code": "floralzonesneozeylandicregion:plank-*", "name": "wood", "quantity": 12 }, "giveStack": { "type": "item", "code": "tabletopgames:gobowl", "quantity": 1 }, "setVariants": { "wood": "{wood}" } }
                            ]
                        },
                        {
                            "nameArray": [["tabletopgames:toolmode-sinkslot-quantity-input-quantity-output", 4, "game:item-plank-generic", 1, "tabletopgames:item-gobowl-lid"]],
                            "isSinkSlot": true,
                            "iconStack": { "type": "item", "code": "tabletopgames:lid", "attributes": { "types": { "type": "gobowl", "wood": "oak" } } },
                            "slotParams": [
                                { "triggerBy": { "type": "item", "code": "game:plank-*", "name": "wood", "quantity": 4 }, "giveStack": { "type": "item", "code": "tabletopgames:lid", "quantity": 1 }, "setVariants": { "type": "gobowl", "wood": "{wood}" } },

                                // Floral Zones mods compatibility
                                { "triggerBy": { "type": "item", "code": "floralzonescaperegion:plank-*", "name": "wood", "quantity": 4 }, "giveStack": { "type": "item", "code": "tabletopgames:lid", "quantity": 1 }, "setVariants": { "type": "gobowl", "wood": "{wood}" } },
                                { "triggerBy": { "type": "item", "code": "floralzonescaribbeanregion:plank-*", "name": "wood", "quantity": 4 }, "giveStack": { "type": "item", "code": "tabletopgames:lid", "quantity": 1 }, "setVariants": { "type": "gobowl", "wood": "{wood}" } },
                                { "triggerBy": { "type": "item", "code": "floralzonescentralaustralianregion:plank-*", "name": "wood", "quantity": 4 }, "giveStack": { "type": "item", "code": "tabletopgames:lid", "quantity": 1 }, "setVariants": { "type": "gobowl", "wood": "{wood}" } },
                                { "triggerBy": { "type": "item", "code": "floralzoneseastasiaticregion:plank-*", "name": "wood", "quantity": 4 }, "giveStack": { "type": "item", "code": "tabletopgames:lid", "quantity": 1 }, "setVariants": { "type": "gobowl", "wood": "{wood}" } },
                                { "triggerBy": { "type": "item", "code": "floralzonesmediterraneanregion:plank-*", "name": "wood", "quantity": 4 }, "giveStack": { "type": "item", "code": "tabletopgames:lid", "quantity": 1 }, "setVariants": { "type": "gobowl", "wood": "{wood}" } },
                                { "triggerBy": { "type": "item", "code": "floralzonesneozeylandicregion:plank-*", "name": "wood", "quantity": 4 }, "giveStack": { "type": "item", "code": "tabletopgames:lid", "quantity": 1 }, "setVariants": { "type": "gobowl", "wood": "{wood}" } }
                            ]
                        }
                    ]
                }
            }
        }
    ],
    "creativeinventoryStacks": [
        {
            "tabs": ["tabletopgames", "general", "items"],
            "stacks": [{ "type": "item", "code": "schematic", "attributes": { "types": { "type": "generic_piece" } } }]
        }
    ],
    "guiTransform": { "translation": { "x": 0, "y": 0, "z": 0 }, "rotation": { "x": -54, "y": -24, "z": -180 }, "origin": { "x": 0.5, "y": 0.1, "z": 0.5 }, "scaleXyz": { "x": -1.3, "y": 1.3, "z": 1.3 } },
    "groundTransform": { "translation": { "x": 0, "y": 0, "z": 0 }, "rotation": { "x": 0, "y": 0, "z": 0 }, "origin": { "x": 0.5, "y": -0.02, "z": 0.5 }, "scale": 1.8 },
    "tpHandTransform": { "translation": { "x": -1.3, "y": -0.7, "z": -1.2 }, "rotation": { "x": -57, "y": -165, "z": 92 }, "origin": { "x": 0.4, "y": 0.2, "z": 0.4 } }
}
