{
  "code": "bowl",
  "class": "BlockLiquidContainerTopOpened",
  "behaviors": [
    {
      "name": "GroundStorable",
      "properties": {
        "layout": "Quadrants",
        "collisionBox": {
          "x1": 0,
          "y1": 0,
          "z1": 0,
          "x2": 1,
          "y2": 0.125,
          "z2": 1
        }
      }
    },
    {
      "name": "Unplaceable",
      "__comment": "The ground storable obsoletes this being a block. Should be an item, but is kept a block for backwards compatibility"
    },
    { "name": "RightClickPickup" }
  ],
  "variantgroups": [
    {
      "code": "metal",
      "states": [ "pewter" ]
    }
  ],
  "attributesByType": {
    "*-pewter": {
      "shelvable": true,
      "liquidContainerProps": {
        "capacityLitres": 1,
        "transferSizeLitres": 0.1,
        "emptyShapeLoc": "pewter:shapes/block/metal/bowl-empty-ground-pewter",
        "opaqueContentShapeLoc": "pewter:shapes/block/metal/bowl-contents",
        "liquidContentShapeLoc": "pewter:shapes/block/metal/bowl-liquidcontents",
        "liquidMaxYTranslate": 0.05
      },
      "mealContainer": true,
      "mealBlockCode": "pewter:bowl-meal-pewter",
      "servingCapacity": 1,
      "bowlContents": null,
      "handbook": {
        "extraSections": [
          {
            "title": "pewter:handbooktitle-bowl",
            "text": "pewter:handbooktext-bowl"
          }
        ]
      }
    }
  },
  "shapeByType": {
    "*-pewter": {
      "base": "pewter:block/metal/bowl-empty-ground-pewter"
    }
  },
  "heldTpIdleAnimation": "holdbothhands",
  "doNotRenderAtLod2": true,
  "blockmaterial": "Metal",
  "creativeinventoryStacksByType": {
    "*": [
      {
        "tabs": [ "general", "decorative" ],
        "stacks": [
          {
            "type": "block",
            "code": "pewter:bowl-{metal}",
            "attributes": {
              "ucontents": [
                {
                  "type": "item",
                  "code": "game:waterportion",
                  "makefull": true
                }
              ]
            }
          },
          {
            "type": "block",
            "code": "pewter:bowl-{metal}",
            "attributes": {
              "ucontents": [
                {
                  "type": "item",
                  "code": "game:honeyportion",
                  "makefull": true
                }
              ]
            }
          },
          {
            "type": "block",
            "code": "pewter:bowl-{metal}"
          }
        ]
      }
    ]
  },
  "replaceable": 300,
  "liquidSelectable": 1,
  "resistance": 0.75,
  "maxStackSize": 8,
  "lightAbsorption": 0,
  "texturesByType": {
    "*-honey": {
      "floor": { "base": "game:block/metal/ingot/{metal}" },
      "mat": { "base": "game:block/metal/ingot/{metal}" },
      "content": { "base": "game:block/liquid/honey" }
    },
    "*-milk": {
      "floor": { "base": "game:block/metal/ingot/{metal}" },
      "mat": { "base": "game:block/metal/ingot/{metal}" },
      "content": { "base": "game:block/food/dairy/milk" }
    },
    "*": {
      "floor": { "base": "game:block/metal/ingot/{metal}" },
      "mat": { "base": "game:block/metal/ingot/{metal}" }
    }
  },
  "sounds": {
    "walk": "game:walk/metal"
  },
  "sideopaque": {
    "all": false
  },
  "sidesolid": {
    "all": false
  },
  "collisionbox": {
    "x1": 0.3125,
    "y1": 0,
    "z1": 0.3125,
    "x2": 0.6875,
    "y2": 0.125,
    "z2": 0.6875
  },
  "selectionbox": {
    "x1": 0.3125,
    "y1": 0,
    "z1": 0.3125,
    "x2": 0.6875,
    "y2": 0.125,
    "z2": 0.6875
  },
  "guiTransform": {
    "translation": {
      "x": 0,
      "y": 3,
      "z": 0
    },
    "origin": {
      "x": 0.5,
      "y": 0.0625,
      "z": 0.5
    },
    "scale": 3
  },
  "groundTransform": {
    "scale": 3.5
  },
  "tpHandTransform": {
    "translation": {
      "x": -0.97,
      "y": -0.14,
      "z": -0.63
    },
    "rotation": {
      "x": -50,
      "y": 15,
      "z": -104
    },
    "origin": {
      "x": 0.5,
      "y": 0.1,
      "z": 0.5
    },
    "scale": 0.66
  }
}