{
  "code": "jug",
  "class": "BlockLiquidContainerTopOpened",
  "variantgroups": [
    {
      "code": "metal",
      "states": [ "pewter" ]
    }
  ],
  "shape": { "base": "pewter:block/metal/jug" },
  "textures": {
    "all": { "base": "game:block/metal/ingot/{metal}" }
  },
  "behaviors": [
    {
      "name": "GroundStorable",
      "properties": {
        "layout": "Quadrants",
        "collisionBox": {
          "x1": 0,
          "y1": 0,
          "z1": 0,
          "x2": 1,
          "y2": 0.125,
          "z2": 1
        }
      }
    },
    {
      "name": "Unplaceable",
      "__comment": "The ground storable obsoletes this being a block. Should be an item, but is kept a block for backwards compatibility"
    },
    { "name": "RightClickPickup" }
  ],
  "attributes": {
    "groundStorageTransform": {
      "origin": {
        "x": 0.5,
        "y": 0,
        "z": 0.5
      },
      "scale": 0.85
    },
    "onDisplayTransform": {
      "origin": {
        "x": 0.5,
        "y": 0,
        "z": 0.5
      },
      "scale": 0.75
    },
    "shelvable": true,
    "liquidContainerPropsByType": {
      "*": {
        "capacityLitres": 5,
        "transferSizeLitres": 0.5,
        "emptyShapeLoc": "pewter:shapes/block/metal/jug",
        "opaqueContentShapeLoc": "game:shapes/block/basic/nothing",
        "liquidContentShapeLoc": "game:shapes/block/basic/nothing",
        "liquidMaxYTranslate": 0.05
      }
    }
  },
  "doNotRenderAtLod2": true,
  "creativeinventory": {
    "general": [ "*" ],
    "decorative": [ "*" ]
  },
  "blockmaterial": "Metal",
  "replaceable": 900,
  "resistance": 1.5,
  "liquidSelectable": 1,
  "lightAbsorption": 1,
  "maxStackSize": 8,
  "sidesolid": {
    "all": false
  },
  "sideopaque": {
    "all": false
  },
  "emitsideao": {
    "all": false
  },
  "collisionbox": {
    "x1": 0.3125,
    "y1": 0,
    "z1": 0.3125,
    "x2": 0.6875,
    "y2": 0.4375,
    "z2": 0.6875
  },
  "selectionbox": {
    "x1": 0.3125,
    "y1": 0,
    "z1": 0.3125,
    "x2": 0.6875,
    "y2": 0.4375,
    "z2": 0.6875
  },
  "fpHandTransform": {
    "translation": {
      "x": 0,
      "y": 0.15,
      "z": 0.5
    }
  },
  "tpHandTransform": {
    "translation": {
      "x": -1,
      "y": -0.88,
      "z": -0.84
    },
    "rotation": {
      "x": 5,
      "y": 0,
      "z": -15
    },
    "scale": 0.6
  },
  "groundTransform": {
    "translation": {
      "x": 0,
      "y": 0,
      "z": 0
    },
    "rotation": {
      "x": 0,
      "y": 0,
      "z": 0
    },
    "scale": 3.2
  },
  "guiTransform": {
    "origin": {
      "x": 0.5,
      "y": 0.3,
      "z": 0.5
    },
    "scale": 1.9
  }
}
