[
	{
	"name": "brush-blue-powder",
	"ingredientPattern": "SK,TC,F_",
	"ingredients": {
		"S": { "type": "item", "code": "game:stick" },
		"K": { "type": "item", "code": "game:knife-generic-*", "isTool": true },
		"T": { "type": "item", "code": "wool:fibers-generic-plain", "quantity": 2 },
		"F": { "type": "item", "code": "game:fat" },
		"C": { "type": "item", "code": "game:powder-lapislazuli" }
	},
	"width": 2,
	"height": 3,
	"output": { "type": "item", "code": "tailorsdelight:brush-dry-blue" }
	}
]
