{
	"editor": {
		"allAngles": true,
		"entityTextureMode": false
	},
	"textureWidth": 16,
	"textureHeight": 16,
	"textureSizes": {
	},
	"textures": {
	},
	"elements": [
		{
			"name": "cabbage",
			"from": [ 6.0, 0.0, 6.0 ], 
			"to": [ 10.0, 3.0, 10.0 ], 
			"rotationOrigin": [ 8.0, 0.0, 8.0 ],
			"faces": {
				"north": { "texture": "#cabbage", "uv": [ 6.0, 3.0, 10.0, 6.0 ] },
				"east": { "texture": "#cabbage", "uv": [ 0.0, 3.0, 4.0, 6.0 ] },
				"south": { "texture": "#cabbage", "uv": [ 6.5, 11.0, 10.5, 14.0 ] },
				"west": { "texture": "#cabbage", "uv": [ 0.0, 11.0, 4.0, 14.0 ] },
				"up": { "texture": "#cabbage", "uv": [ 6.0, 2.0, 10.0, 6.0 ] },
				"down": { "texture": "#cabbage", "uv": [ 6.0, 2.0, 10.0, 6.0 ] }
			},
			"children": [
				{
					"name": "top",
					"from": [ 0.5, 3.0, 0.5 ], 
					"to": [ 3.5, 3.5, 3.5 ], 
					"faces": {
						"north": { "texture": "#cabbage", "uv": [ 0.0, 0.0, 3.0, 0.5 ] },
						"east": { "texture": "#cabbage", "uv": [ 0.0, 0.0, 3.0, 0.5 ] },
						"south": { "texture": "#cabbage", "uv": [ 0.0, 0.0, 3.0, 0.5 ] },
						"west": { "texture": "#cabbage", "uv": [ 0.0, 0.0, 3.0, 0.5 ] },
						"up": { "texture": "#top", "uv": [ 8.5, 7.5, 11.5, 10.5 ] },
						"down": { "texture": "#cabbage", "uv": [ 0.0, 0.0, 3.0, 3.0 ], "enabled": false }
					}
				},
				{
					"name": "small W",
					"from": [ 0.0, 3.0, 0.5 ], 
					"to": [ 0.0, 5.0, 3.5 ], 
					"rotationOrigin": [ 0.0, 3.0, 2.0 ],
					"rotationZ": -30.0,
					"faces": {
						"north": { "texture": "#bottom12", "uv": [ 0.0, 0.0, 0.5, 2.0 ], "enabled": false },
						"east": { "texture": "#bottom12", "uv": [ 7.0, 12.0, 10.0, 14.0 ] },
						"south": { "texture": "#bottom12", "uv": [ 0.0, 0.0, 0.5, 2.0 ], "enabled": false },
						"west": { "texture": "#bottom12", "uv": [ 7.0, 12.0, 10.0, 14.0 ], "enabled": false },
						"up": { "texture": "#bottom12", "uv": [ 0.0, 0.0, 0.5, 3.0 ], "enabled": false },
						"down": { "texture": "#bottom12", "uv": [ 0.0, 0.0, 0.5, 3.0 ], "enabled": false }
					}
				},
				{
					"name": "small E",
					"from": [ 4.0, 3.0, 0.5 ], 
					"to": [ 4.0, 5.0, 3.5 ], 
					"rotationOrigin": [ 4.0, 3.0, 2.0 ],
					"rotationZ": 30.0,
					"faces": {
						"north": { "texture": "#bottom12", "uv": [ 0.0, 0.0, 0.5, 2.0 ], "enabled": false },
						"east": { "texture": "#bottom12", "uv": [ 7.0, 12.0, 10.0, 14.0 ], "enabled": false },
						"south": { "texture": "#bottom12", "uv": [ 0.0, 0.0, 0.5, 2.0 ], "enabled": false },
						"west": { "texture": "#bottom12", "uv": [ 7.0, 12.0, 10.0, 14.0 ] },
						"up": { "texture": "#bottom12", "uv": [ 0.0, 0.0, 0.5, 3.0 ], "enabled": false },
						"down": { "texture": "#bottom12", "uv": [ 0.0, 0.0, 0.5, 3.0 ], "enabled": false }
					}
				},
				{
					"name": "small N",
					"from": [ 0.5, 3.0, 0.0 ], 
					"to": [ 3.5, 5.0, 0.0 ], 
					"rotationOrigin": [ 2.0, 3.0, 0.0 ],
					"rotationX": 30.0,
					"faces": {
						"north": { "texture": "#bottom12", "uv": [ 7.0, 12.0, 10.0, 14.0 ], "enabled": false },
						"east": { "texture": "#bottom12", "uv": [ 0.0, 0.0, 0.5, 2.0 ], "enabled": false },
						"south": { "texture": "#bottom12", "uv": [ 7.0, 12.0, 10.0, 14.0 ] },
						"west": { "texture": "#bottom12", "uv": [ 0.0, 0.0, 0.5, 2.0 ], "enabled": false },
						"up": { "texture": "#bottom12", "uv": [ 0.0, 0.0, 3.0, 0.5 ], "enabled": false },
						"down": { "texture": "#bottom12", "uv": [ 0.0, 0.0, 3.0, 0.5 ], "enabled": false }
					}
				},
				{
					"name": "small S",
					"from": [ 0.5, 3.0, 4.0 ], 
					"to": [ 3.5, 5.0, 4.0 ], 
					"rotationOrigin": [ 2.0, 3.0, 4.0 ],
					"rotationX": -30.0,
					"faces": {
						"north": { "texture": "#bottom12", "uv": [ 7.0, 12.0, 10.0, 14.0 ] },
						"east": { "texture": "#bottom12", "uv": [ 0.0, 0.0, 0.5, 2.0 ], "enabled": false },
						"south": { "texture": "#bottom12", "uv": [ 7.0, 12.0, 10.0, 14.0 ], "enabled": false },
						"west": { "texture": "#bottom12", "uv": [ 0.0, 0.0, 0.5, 2.0 ], "enabled": false },
						"up": { "texture": "#bottom12", "uv": [ 0.0, 0.0, 3.0, 0.5 ], "enabled": false },
						"down": { "texture": "#bottom12", "uv": [ 0.0, 0.0, 3.0, 0.5 ], "enabled": false }
					}
				}
			]
		},
		{
			"name": "medium 1",
			"from": [ 3.0, 1.0, 9.3 ], 
			"to": [ 17.0, 8.0, 9.3 ], 
			"rotationOrigin": [ 10.0, 1.0, 9.3 ],
			"rotationX": 32.0,
			"rotationY": 45.0,
			"rotationZ": -22.5,
			"faces": {
				"north": { "texture": "#bottom12", "uv": [ 1.0, 9.0, 15.0, 16.0 ] },
				"east": { "texture": "#null", "uv": [ 0.0, 0.0, 0.5, 7.0 ], "enabled": false },
				"south": { "texture": "#null", "uv": [ 0.0, 0.0, 14.0, 7.0 ], "enabled": false },
				"west": { "texture": "#null", "uv": [ 0.0, 0.0, 0.5, 7.0 ], "enabled": false },
				"up": { "texture": "#null", "uv": [ 0.0, 0.0, 14.0, 0.5 ], "enabled": false },
				"down": { "texture": "#cabbage", "uv": [ 0.0, 0.0, 14.0, 0.5 ], "enabled": false }
			}
		},
		{
			"name": "medium 2",
			"from": [ -0.4, 1.0, 6.0 ], 
			"to": [ 13.6, 8.0, 6.0 ], 
			"rotationOrigin": [ 6.6, 2.0, 6.0 ],
			"rotationX": -32.0,
			"rotationY": 45.0,
			"rotationZ": 22.5,
			"faces": {
				"north": { "texture": "#bottom12", "uv": [ 1.0, 9.0, 15.0, 16.0 ] },
				"east": { "texture": "#null", "uv": [ 0.0, 0.0, 0.5, 7.0 ], "enabled": false },
				"south": { "texture": "#null", "uv": [ 0.0, 0.0, 14.0, 7.0 ], "enabled": false },
				"west": { "texture": "#null", "uv": [ 0.0, 0.0, 0.5, 7.0 ], "enabled": false },
				"up": { "texture": "#null", "uv": [ 0.0, 0.0, 14.0, 0.5 ], "enabled": false },
				"down": { "texture": "#cabbage", "uv": [ 0.0, 0.0, 14.0, 0.5 ], "enabled": false }
			}
		},
		{
			"name": "medium 3",
			"from": [ 3.0, 1.0, 6.7 ], 
			"to": [ 17.0, 8.0, 6.7 ], 
			"rotationOrigin": [ 10.0, 2.0, 6.7 ],
			"rotationX": -32.0,
			"rotationY": -40.0,
			"rotationZ": -22.5,
			"faces": {
				"north": { "texture": "#bottom12", "uv": [ 1.0, 9.0, 15.0, 16.0 ] },
				"east": { "texture": "#null", "uv": [ 0.0, 0.0, 0.5, 7.0 ], "enabled": false },
				"south": { "texture": "#null", "uv": [ 0.0, 0.0, 14.0, 7.0 ], "enabled": false },
				"west": { "texture": "#null", "uv": [ 0.0, 0.0, 0.5, 7.0 ], "enabled": false },
				"up": { "texture": "#null", "uv": [ 0.0, 0.0, 14.0, 0.5 ], "enabled": false },
				"down": { "texture": "#cabbage", "uv": [ 0.0, 0.0, 14.0, 0.5 ], "enabled": false }
			}
		},
		{
			"name": "medium 4",
			"from": [ -0.2, 1.0, 10.0 ], 
			"to": [ 13.8, 8.0, 10.0 ], 
			"rotationOrigin": [ 6.8, 2.0, 10.0 ],
			"rotationX": 32.0,
			"rotationY": -40.0,
			"rotationZ": 23.5,
			"faces": {
				"north": { "texture": "#bottom12", "uv": [ 1.0, 9.0, 15.0, 16.0 ] },
				"east": { "texture": "#null", "uv": [ 0.0, 0.0, 0.5, 7.0 ], "enabled": false },
				"south": { "texture": "#null", "uv": [ 0.0, 0.0, 14.0, 7.0 ], "enabled": false },
				"west": { "texture": "#null", "uv": [ 0.0, 0.0, 0.5, 7.0 ], "enabled": false },
				"up": { "texture": "#null", "uv": [ 0.0, 0.0, 14.0, 0.5 ], "enabled": false },
				"down": { "texture": "#cabbage", "uv": [ 0.0, 0.0, 14.0, 0.5 ], "enabled": false }
			}
		}
	]}