{
	"editor": {
		"allAngles": false,
		"entityTextureMode": false
	},
	"textureWidth": 16,
	"textureHeight": 16,
	"textureSizes": {
	},
	"textures": {
	},
	"elements": [
		{
			"name": "parsnip 1",
			"from": [ 2.75, 0.0, 7.75 ],
			"to": [ 3.25, 0.5, 8.25 ],
			"rotationOrigin": [ 3.0, 0.0, 8.0 ],
			"rotationY": -22.5,
			"faces": {
				"north": { "texture": "#bulb", "uv": [ 7.0, 15.0, 7.5, 15.5 ], "windMode": [0,0,0,0] },
				"east": { "texture": "#bulb", "uv": [ 7.0, 15.0, 7.5, 15.5 ], "windMode": [0,0,0,0] },
				"south": { "texture": "#bulb", "uv": [ 0.0, 15.0, 0.5, 15.5 ], "windMode": [0,0,0,0] },
				"west": { "texture": "#bulb", "uv": [ 4.0, 15.0, 4.5, 15.5 ], "windMode": [0,0,0,0] },
				"up": { "texture": "#bulb", "uv": [ 14.0, 9.0, 14.5, 9.5 ], "windMode": [0,0,0,0] }
			}
		},
		{
			"name": "parsnip 2",
			"from": [ 7.5, 0.0, 6.0 ],
			"to": [ 9.5, 1.0, 8.0 ],
			"rotationOrigin": [ 8.5, 0.0, 7.0 ],
			"rotationY": 22.5,
			"faces": {
			},
			"children": [
				{
					"name": "parsnip 2 top",
					"from": [ 0.75, 0.0, 0.75 ],
					"to": [ 1.25, 0.5, 1.25 ],
					"faces": {
						"north": { "texture": "#bulb", "uv": [ 6.0, 15.0, 6.5, 15.5 ], "windMode": [0,0,0,0] },
						"east": { "texture": "#bulb", "uv": [ 4.0, 15.0, 4.5, 15.5 ], "windMode": [0,0,0,0] },
						"south": { "texture": "#bulb", "uv": [ 5.0, 15.0, 5.5, 15.5 ], "windMode": [0,0,0,0] },
						"west": { "texture": "#bulb", "uv": [ 1.0, 15.0, 1.5, 15.5 ], "windMode": [0,0,0,0] },
						"up": { "texture": "#bulb", "uv": [ 11.0, 6.0, 11.5, 6.5 ], "windMode": [0,0,0,0] }
					}
				},
				{
					"name": "s 2",
					"from": [ -5.5, -1.0, 1.0 ],
					"to": [ 7.5, 9.0, 1.0 ],
					"shade": false,
					"rotationOrigin": [ 1.5, 0.0, 1.5 ],
					"faces": {
						"south": { "texture": "#s", "uv": [ 1.5, 6.0, 14.5, 16.0 ], "windMode": [0,0,2,2] }
					}
				},
				{
					"name": "e 2",
					"from": [ 1.0, -1.0, -5.5 ],
					"to": [ 1.0, 9.0, 7.5 ],
					"shade": false,
					"rotationOrigin": [ 1.5, 0.0, 1.5 ],
					"faces": {
						"east": { "texture": "#e", "uv": [ 1.5, 6.0, 14.5, 16.0 ], "windMode": [0,2,2,0] }
					}
				}
			]
		},
		{
			"name": "parsnip 3",
			"from": [ 13.0, 0.0, 7.5 ],
			"to": [ 15.0, 1.5, 9.5 ],
			"rotationOrigin": [ 14.0, 0.0, 8.5 ],
			"rotationY": -45.0,
			"faces": {
			},
			"children": [
				{
					"name": "parsnip 3 top",
					"from": [ 0.75, 0.0, 0.75 ],
					"to": [ 1.25, 1.0, 1.25 ],
					"faces": {
						"north": { "texture": "#bulb", "uv": [ 1.0, 14.5, 1.5, 15.5 ], "windMode": [0,0,0,0] },
						"east": { "texture": "#bulb", "uv": [ 10.0, 14.5, 10.5, 15.5 ], "windMode": [0,0,0,0] },
						"south": { "texture": "#bulb", "uv": [ 9.0, 14.5, 9.5, 15.5 ], "windMode": [0,0,0,0] },
						"west": { "texture": "#bulb", "uv": [ 6.0, 14.5, 6.5, 15.5 ], "windMode": [0,0,0,0] },
						"up": { "texture": "#bulb", "uv": [ 13.0, 11.0, 13.5, 11.5 ], "windMode": [0,0,0,0] }
					}
				},
				{
					"name": "s 3",
					"from": [ -5.5, -0.5, 1.0 ],
					"to": [ 7.5, 9.5, 1.0 ],
					"shade": false,
					"rotationOrigin": [ 1.0, 0.0, 1.0 ],
					"faces": {
						"south": { "texture": "#s", "uv": [ 1.5, 6.0, 14.5, 16.0 ], "windMode": [0,0,2,2] }
					}
				},
				{
					"name": "e 3",
					"from": [ 1.0, -0.5, -5.5 ],
					"to": [ 1.0, 9.5, 7.5 ],
					"shade": false,
					"rotationOrigin": [ 1.0, 0.0, 1.0 ],
					"faces": {
						"east": { "texture": "#e", "uv": [ 1.5, 6.0, 14.5, 16.0 ], "windMode": [0,2,2,0] }
					}
				}
			]
		},
		{
			"name": "parsnip 1 top",
			"from": [ 3.27, 0.5, 7.52 ],
			"to": [ 3.62, 1.0, 7.87 ],
			"rotationOrigin": [ 2.4588, 0.0, 6.6934 ],
			"rotationY": -22.5,
			"faces": {
				"north": { "texture": "#bulb", "uv": [ 0.0, 14.5, 0.5, 15.0 ], "windMode": [0,0,0,0] },
				"east": { "texture": "#bulb", "uv": [ 6.0, 14.5, 6.5, 15.0 ], "windMode": [0,0,0,0] },
				"south": { "texture": "#bulb", "uv": [ 1.0, 14.5, 1.5, 15.0 ], "windMode": [0,0,0,0] },
				"west": { "texture": "#bulb", "uv": [ 6.0, 14.5, 6.5, 15.0 ], "windMode": [0,0,0,0] },
				"up": { "texture": "#bulb", "uv": [ 15.0, 13.0, 15.5, 13.5 ], "windMode": [0,0,0,0] }
			}
		},
		{
			"name": "s 1",
			"from": [ -3.5, -0.5, 8.0 ],
			"to": [ 9.5, 9.5, 8.0 ],
			"shade": false,
			"rotationOrigin": [ 3.0, 0.0, 8.0 ],
			"rotationY": -22.5,
			"faces": {
				"south": { "texture": "#s", "uv": [ 1.5, 6.0, 14.5, 16.0 ], "windMode": [0,0,2,2] }
			}
		},
		{
			"name": "e 1",
			"from": [ 3.0, -0.5, 1.5 ],
			"to": [ 3.0, 9.5, 14.5 ],
			"shade": false,
			"rotationOrigin": [ 3.0, 0.0, 8.0 ],
			"rotationY": -22.5,
			"faces": {
				"east": { "texture": "#e", "uv": [ 1.5, 6.0, 14.5, 16.0 ], "windMode": [0,2,2,0] }
			}
		}
	]}