[
  {
    "op": "add",
    "path": "/attributes/panningDrops/muddygravel",
    "value": [
      { "type": "item", "code": "wildfarmingrevival:wildseeds-bigberrybush-redgrapes-empty", "chance": { "avg": 0.0005 } },
      { "type": "item", "code": "wildfarmingrevival:wildseeds-bigberrybush-greengrapes-empty", "chance": { "avg": 0.0005 } }
    ],
    "file": "game:blocktypes/wood/pan.json",
    "condition": { "when": "WFseedPanningEnabled", "isValue": "true" },
    "dependsOn": [ { "modid": "wildcraft", "invert": true } ],
    "side": "server"
  }
]