{
	"editor": {
		"allAngles": false,
		"entityTextureMode": false
	},
	"textureWidth": 16,
	"textureHeight": 16,
	"textureSizes": {
	},
	"textures": {
		"all": "block/stone/brick/limestone1"
	},
	"elements": [
		{
			"name": "base",
			"from": [ -0.3, -0.2, 0.0 ],
			"to": [ 16.3, 3.1, 16.0 ],
			"faces": {
				"north": { "texture": "#all", "uv": [ 0.0, 13.0, 16.0, 16.0 ], "autoUv": false },
				"east": { "texture": "#all", "uv": [ 0.0, 13.0, 16.0, 16.0 ] },
				"south": { "texture": "#all", "uv": [ 0.0, 13.0, 16.0, 16.0 ], "autoUv": false },
				"west": { "texture": "#all", "uv": [ 0.0, 13.0, 16.0, 16.0 ] },
				"up": { "texture": "#all", "uv": [ 0.0, 0.0, 16.0, 16.0 ], "autoUv": false },
				"down": { "texture": "#all", "uv": [ 0.0, 0.0, 16.0, 16.0 ], "autoUv": false }
			}
		},
		{
			"name": "side_w",
			"from": [ -0.3, 3.1, 0.0 ],
			"to": [ 2.8, 12.8, 16.0 ],
			"faces": {
				"north": { "texture": "#all", "uv": [ 0.0, 3.0, 3.0, 12.5 ] },
				"east": { "texture": "#all", "uv": [ 0.0, 3.0, 16.0, 12.5 ] },
				"south": { "texture": "#all", "uv": [ 0.0, 3.0, 3.0, 12.5 ] },
				"west": { "texture": "#all", "uv": [ 0.0, 3.0, 16.0, 12.5 ] },
				"up": { "texture": "#all", "uv": [ 0.0, 0.0, 3.0, 16.0 ] },
				"down": { "texture": "#all", "uv": [ 0.0, 0.0, 3.0, 16.0 ] }
			}
		},
		{
			"name": "side_e",
			"from": [ 13.2, 3.1, 0.0 ],
			"to": [ 16.3, 12.8, 16.0 ],
			"faces": {
				"north": { "texture": "#all", "uv": [ 0.0, 3.5, 3.0, 13.0 ] },
				"east": { "texture": "#all", "uv": [ 0.0, 3.0, 16.0, 12.5 ] },
				"south": { "texture": "#all", "uv": [ 0.0, 3.5, 3.0, 13.0 ] },
				"west": { "texture": "#all", "uv": [ 0.0, 3.0, 16.0, 12.5 ] },
				"up": { "texture": "#all", "uv": [ 0.0, 0.0, 3.0, 16.0 ] },
				"down": { "texture": "#all", "uv": [ 0.0, 0.0, 3.0, 16.0 ] }
			}
		},
		{
			"name": "base2",
			"from": [ -0.3, 12.8, 0.0 ],
			"to": [ 16.3, 16.1, 16.0 ],
			"rotationOrigin": [ 0.0, 13.0, 0.0 ],
			"faces": {
				"north": { "texture": "#all", "uv": [ 0.0, 0.0, 16.0, 3.0 ], "autoUv": false },
				"east": { "texture": "#all", "uv": [ 0.0, 0.0, 16.0, 3.0 ] },
				"south": { "texture": "#all", "uv": [ 0.0, 0.0, 16.0, 3.0 ], "autoUv": false },
				"west": { "texture": "#all", "uv": [ 0.0, 0.0, 16.0, 3.0 ] },
				"up": { "texture": "#all", "uv": [ 0.0, 0.0, 16.0, 16.0 ], "autoUv": false },
				"down": { "texture": "#all", "uv": [ 0.0, 0.0, 16.0, 16.0 ], "autoUv": false }
			}
		}
	]}