[
	{
	"ingredientPattern": "TRK,_PB,TRN",
	"ingredients": {
		"K": { "type": "item", "code": "game:knife-generic-*", "isTool": true, "toolDurabilityCost": 4 },
		"T": { "type": "item", "code": "game:flaxtwine" },
		"N": { "type": "item", "code": "tailorsdelight:needle-*" },
		"P": { "type": "item", "code": "bookbinders:signature-normal", "quantity": 10 },
		"B": { "type": "item", "code": "bookbinders:folder-*", "isTool": true },
		"R": { "type": "item", "code": "game:paper-parchment" }
	},
	"width": 3,
	"height": 3,
	"output": { "type": "item", "code": "bookbinders:book-normal-plain" }
	},

	{
	"ingredientPattern": "TRK,_PB,TRN",
	"ingredients": {
		"K": { "type": "item", "code": "game:knife-generic-*", "isTool": true, "toolDurabilityCost": 4 },
		"T": { "type": "item", "code": "game:flaxtwine" },
		"N": { "type": "item", "code": "tailorsdelight:needle-*" },
		"P": { "type": "item", "code": "bookbinders:signature-normal", "quantity": 10 },
		"B": { "type": "item", "code": "bookbinders:folder-*", "isTool": true },
		"R": { "type": "item", "code": "bookbinders:parchment-smooth" }
	},
	"width": 3,
	"height": 3,
	"output": { "type": "item", "code": "bookbinders:book-normal-plain" }
	},

	{
	"ingredientPattern": "TRK,_PB,TRN",
	"ingredients": {
		"K": { "type": "item", "code": "game:knife-generic-*", "isTool": true, "toolDurabilityCost": 4 },
		"T": { "type": "item", "code": "game:flaxtwine" },
		"N": { "type": "item", "code": "tailorsdelight:needle-*" },
		"P": { "type": "item", "code": "bookbinders:signature-normal", "quantity": 10 },
		"B": { "type": "item", "code": "bookbinders:folder-*", "isTool": true },
		"R": { "type": "item", "code": "bookbinders:parchment-vellum" }
	},
	"width": 3,
	"height": 3,
	"output": { "type": "item", "code": "bookbinders:book-normal-plain" }
	},

	{
	"ingredientPattern": "TRA,SPB,TLN",
	"ingredients": {
		"T": { "type": "item", "code": "game:flaxtwine" },
		"A": { "type": "item", "code": "tailorsdelight:awl-*", "isTool": true },
		"S": { "type": "item", "code": "tailorsdelight:leatherstrips-plain" },
		"N": { "type": "item", "code": "tailorsdelight:needle-*" },
		"P": { "type": "item", "code": "bookbinders:book-normal-plain" },
		"B": { "type": "item", "code": "bookbinders:folder-*", "isTool": true },
		"R": { "type": "item", "code": "game:leather-normal-red" },
		"L": { "type": "item", "code": "game:leather-normal-plain" }
	},
	"width": 3,
	"height": 3,
	"output": { "type": "item", "code": "game:book-normal-brickred" }
	},

	{
	"ingredientPattern": "TRA,SPB,TLN",
	"ingredients": {
		"T": { "type": "item", "code": "game:flaxtwine" },
		"A": { "type": "item", "code": "tailorsdelight:awl-*", "isTool": true },
		"S": { "type": "item", "code": "tailorsdelight:leatherstrips-plain" },
		"N": { "type": "item", "code": "tailorsdelight:needle-*" },
		"P": { "type": "item", "code": "bookbinders:book-normal-plain" },
		"B": { "type": "item", "code": "bookbinders:folder-*", "isTool": true },
		"R": { "type": "item", "code": "game:leather-normal-red" },
		"L": { "type": "item", "code": "game:leather-normal-red" }
	},
	"width": 3,
	"height": 3,
	"output": { "type": "item", "code": "game:book-normal-cherryred" }
	},

	{
	"ingredientPattern": "TRA,SPB,TLN",
	"ingredients": {
		"T": { "type": "item", "code": "game:flaxtwine" },
		"A": { "type": "item", "code": "tailorsdelight:awl-*", "isTool": true },
		"S": { "type": "item", "code": "tailorsdelight:leatherstrips-plain" },
		"N": { "type": "item", "code": "tailorsdelight:needle-*" },
		"P": { "type": "item", "code": "bookbinders:book-normal-plain" },
		"B": { "type": "item", "code": "bookbinders:folder-*", "isTool": true },
		"R": { "type": "item", "code": "game:leather-normal-yellow" },
		"L": { "type": "item", "code": "game:leather-normal-plain" }
	},
	"width": 3,
	"height": 3,
	"output": { "type": "item", "code": "game:book-normal-darkbeige" }
	},

	{
	"ingredientPattern": "TRA,SPB,TLN",
	"ingredients": {
		"T": { "type": "item", "code": "game:flaxtwine" },
		"A": { "type": "item", "code": "tailorsdelight:awl-*", "isTool": true },
		"S": { "type": "item", "code": "tailorsdelight:leatherstrips-plain" },
		"N": { "type": "item", "code": "tailorsdelight:needle-*" },
		"P": { "type": "item", "code": "bookbinders:book-normal-plain" },
		"B": { "type": "item", "code": "bookbinders:folder-*", "isTool": true },
		"R": { "type": "item", "code": "game:leather-normal-gray" },
		"L": { "type": "item", "code": "game:leather-normal-black" }
	},
	"width": 3,
	"height": 3,
	"output": { "type": "item", "code": "game:book-normal-darkgray" }
	},

	{
	"ingredientPattern": "TRA,SPB,TLN",
	"ingredients": {
		"T": { "type": "item", "code": "game:flaxtwine" },
		"A": { "type": "item", "code": "tailorsdelight:awl-*", "isTool": true },
		"S": { "type": "item", "code": "tailorsdelight:leatherstrips-plain" },
		"N": { "type": "item", "code": "tailorsdelight:needle-*" },
		"P": { "type": "item", "code": "bookbinders:book-normal-plain" },
		"B": { "type": "item", "code": "bookbinders:folder-*", "isTool": true },
		"R": { "type": "item", "code": "tailorsdelight:leather-darkgreen" },
		"L": { "type": "item", "code": "tailorsdelight:leather-darkgreen" }
	},
	"width": 3,
	"height": 3,
	"output": { "type": "item", "code": "game:book-normal-darkgreen" }
	},

	{
	"ingredientPattern": "TRA,SPB,TLN",
	"ingredients": {
		"T": { "type": "item", "code": "game:flaxtwine" },
		"A": { "type": "item", "code": "tailorsdelight:awl-*", "isTool": true },
		"S": { "type": "item", "code": "tailorsdelight:leatherstrips-plain" },
		"N": { "type": "item", "code": "tailorsdelight:needle-*" },
		"P": { "type": "item", "code": "bookbinders:book-normal-plain" },
		"B": { "type": "item", "code": "bookbinders:folder-*", "isTool": true },
		"R": { "type": "item", "code": "game:leather-normal-green" },
		"L": { "type": "item", "code": "game:leather-normal-gray" }
	},
	"width": 3,
	"height": 3,
	"output": { "type": "item", "code": "game:book-normal-darkolive" }
	},

	{
	"ingredientPattern": "TRA,SPB,TLN",
	"ingredients": {
		"T": { "type": "item", "code": "game:flaxtwine" },
		"A": { "type": "item", "code": "tailorsdelight:awl-*", "isTool": true },
		"S": { "type": "item", "code": "tailorsdelight:leatherstrips-plain" },
		"N": { "type": "item", "code": "tailorsdelight:needle-*" },
		"P": { "type": "item", "code": "bookbinders:book-normal-plain" },
		"B": { "type": "item", "code": "bookbinders:folder-*", "isTool": true },
		"R": { "type": "item", "code": "game:leather-normal-gray" },
		"L": { "type": "item", "code": "game:leather-normal-gray" }
	},
	"width": 3,
	"height": 3,
	"output": { "type": "item", "code": "game:book-normal-gray" }
	},

	{
	"ingredientPattern": "TRA,SPB,TLN",
	"ingredients": {
		"T": { "type": "item", "code": "game:flaxtwine" },
		"A": { "type": "item", "code": "tailorsdelight:awl-*", "isTool": true },
		"S": { "type": "item", "code": "tailorsdelight:leatherstrips-plain" },
		"N": { "type": "item", "code": "tailorsdelight:needle-*" },
		"P": { "type": "item", "code": "bookbinders:book-normal-plain" },
		"B": { "type": "item", "code": "bookbinders:folder-*", "isTool": true },
		"R": { "type": "item", "code": "game:leather-normal-yellow" },
		"L": { "type": "item", "code": "game:leather-normal-green" }
	},
	"width": 3,
	"height": 3,
	"output": { "type": "item", "code": "game:book-normal-olive" }
	},

	{
	"ingredientPattern": "TRA,SPB,TLN",
	"ingredients": {
		"T": { "type": "item", "code": "game:flaxtwine" },
		"A": { "type": "item", "code": "tailorsdelight:awl-*", "isTool": true },
		"S": { "type": "item", "code": "tailorsdelight:leatherstrips-plain" },
		"N": { "type": "item", "code": "tailorsdelight:needle-*" },
		"P": { "type": "item", "code": "bookbinders:book-normal-plain" },
		"B": { "type": "item", "code": "bookbinders:folder-*", "isTool": true },
		"R": { "type": "item", "code": "game:leather-normal-orange" },
		"L": { "type": "item", "code": "game:leather-normal-orange" }
	},
	"width": 3,
	"height": 3,
	"output": { "type": "item", "code": "game:book-normal-orange" }
	},

	{
	"ingredientPattern": "TRA,SPB,TLN",
	"ingredients": {
		"T": { "type": "item", "code": "game:flaxtwine" },
		"A": { "type": "item", "code": "tailorsdelight:awl-*", "isTool": true },
		"S": { "type": "item", "code": "tailorsdelight:leatherstrips-plain" },
		"N": { "type": "item", "code": "tailorsdelight:needle-*" },
		"P": { "type": "item", "code": "bookbinders:book-normal-plain" },
		"B": { "type": "item", "code": "bookbinders:folder-*", "isTool": true },
		"R": { "type": "item", "code": "game:leather-normal-orange" },
		"L": { "type": "item", "code": "game:leather-normal-plain" }
	},
	"width": 3,
	"height": 3,
	"output": { "type": "item", "code": "game:book-normal-orangebrown" }
	},

	{
	"ingredientPattern": "TRA,SPB,TLN",
	"ingredients": {
		"T": { "type": "item", "code": "game:flaxtwine" },
		"A": { "type": "item", "code": "tailorsdelight:awl-*", "isTool": true },
		"S": { "type": "item", "code": "tailorsdelight:leatherstrips-plain" },
		"N": { "type": "item", "code": "tailorsdelight:needle-*" },
		"P": { "type": "item", "code": "bookbinders:book-normal-plain" },
		"B": { "type": "item", "code": "bookbinders:folder-*", "isTool": true },
		"R": { "type": "item", "code": "game:leather-normal-purple" },
		"L": { "type": "item", "code": "game:leather-normal-purple" }
	},
	"width": 3,
	"height": 3,
	"output": { "type": "item", "code": "game:book-normal-purple" }
	},

	{
	"ingredientPattern": "TRA,SPB,TLN",
	"ingredients": {
		"T": { "type": "item", "code": "game:flaxtwine" },
		"A": { "type": "item", "code": "tailorsdelight:awl-*", "isTool": true },
		"S": { "type": "item", "code": "tailorsdelight:leatherstrips-plain" },
		"N": { "type": "item", "code": "tailorsdelight:needle-*" },
		"P": { "type": "item", "code": "bookbinders:book-normal-plain" },
		"B": { "type": "item", "code": "bookbinders:folder-*", "isTool": true },
		"R": { "type": "item", "code": "game:leather-normal-purple" },
		"L": { "type": "item", "code": "game:leather-normal-orange" }
	},
	"width": 3,
	"height": 3,
	"output": { "type": "item", "code": "game:book-normal-purpleorange" }
	},

	{
	"ingredientPattern": "TRA,SPB,TLN",
	"ingredients": {
		"T": { "type": "item", "code": "game:flaxtwine" },
		"A": { "type": "item", "code": "tailorsdelight:awl-*", "isTool": true },
		"S": { "type": "item", "code": "tailorsdelight:leatherstrips-plain" },
		"N": { "type": "item", "code": "tailorsdelight:needle-*" },
		"P": { "type": "item", "code": "bookbinders:book-normal-plain" },
		"B": { "type": "item", "code": "bookbinders:folder-*", "isTool": true },
		"R": { "type": "item", "code": "game:leather-normal-blue" },
		"L": { "type": "item", "code": "game:leather-normal-green" }
	},
	"width": 3,
	"height": 3,
	"output": { "type": "item", "code": "game:book-normal-teal" }
	},

	{
	"ingredientPattern": "GWA,SPB,TLN",
	"compatibility": [ "em" ],
	"ingredients": {
		"G": { "type": "item", "code": "em:powdered-metal-gold", "quantity": 2 },
		"W": { "type": "item", "code": "game:beeswax" },
		"T": { "type": "item", "code": "game:flaxtwine" },
		"A": { "type": "item", "code": "tailorsdelight:awl-*", "isTool": true },
		"S": { "type": "item", "code": "tailorsdelight:leatherstrips-plain" },
		"N": { "type": "item", "code": "tailorsdelight:needle-*" },
		"P": { "type": "item", "code": "bookbinders:book-normal-plain" },
		"B": { "type": "item", "code": "bookbinders:folder-*", "isTool": true },
		"L": { "type": "item", "code": "game:leather-normal-black", "quantity": 2 }
	},
	"width": 3,
	"height": 3,
	"output": { "type": "item", "code": "bookbinders:book-normal-black" }
	},

	{
	"ingredientPattern": "GWA,SPB,TLN",
	"compatibility": [ "em" ],
	"ingredients": {
		"G": { "type": "item", "code": "em:powdered-metal-gold", "quantity": 2 },
		"W": { "type": "item", "code": "game:beeswax" },
		"T": { "type": "item", "code": "game:flaxtwine" },
		"A": { "type": "item", "code": "tailorsdelight:awl-*", "isTool": true },
		"S": { "type": "item", "code": "tailorsdelight:leatherstrips-plain" },
		"N": { "type": "item", "code": "tailorsdelight:needle-*" },
		"P": { "type": "item", "code": "bookbinders:book-normal-plain" },
		"B": { "type": "item", "code": "bookbinders:folder-*", "isTool": true },
		"L": { "type": "item", "code": "tailorsdelight:leather-darkblue", "quantity": 2 }
	},
	"width": 3,
	"height": 3,
	"output": { "type": "item", "code": "bookbinders:book-normal-darkblue" }
	},

	{
	"ingredientPattern": "GWA,SPB,TLN",
	"compatibility": [ "em" ],
	"ingredients": {
		"G": { "type": "item", "code": "em:powdered-metal-gold", "quantity": 2 },
		"W": { "type": "item", "code": "game:beeswax" },
		"T": { "type": "item", "code": "game:flaxtwine" },
		"A": { "type": "item", "code": "tailorsdelight:awl-*", "isTool": true },
		"S": { "type": "item", "code": "tailorsdelight:leatherstrips-plain" },
		"N": { "type": "item", "code": "tailorsdelight:needle-*" },
		"P": { "type": "item", "code": "bookbinders:book-normal-plain" },
		"B": { "type": "item", "code": "bookbinders:folder-*", "isTool": true },
		"L": { "type": "item", "code": "tailorsdelight:leather-darkred", "quantity": 2 }
	},
	"width": 3,
	"height": 3,
	"output": { "type": "item", "code": "bookbinders:book-normal-darkred" }
	},

	{
	"ingredientPattern": "GWA,SPB,TLN",
	"compatibility": [ "em" ],
	"ingredients": {
		"G": { "type": "item", "code": "em:powdered-metal-gold", "quantity": 2 },
		"W": { "type": "item", "code": "game:beeswax" },
		"T": { "type": "item", "code": "game:flaxtwine" },
		"A": { "type": "item", "code": "tailorsdelight:awl-*", "isTool": true },
		"S": { "type": "item", "code": "tailorsdelight:leatherstrips-plain" },
		"N": { "type": "item", "code": "tailorsdelight:needle-*" },
		"P": { "type": "item", "code": "bookbinders:book-normal-plain" },
		"B": { "type": "item", "code": "bookbinders:folder-*", "isTool": true },
		"L": { "type": "item", "code": "game:leather-normal-white", "quantity": 2 }
	},
	"width": 3,
	"height": 3,
	"output": { "type": "item", "code": "bookbinders:book-normal-white" }
	}
]
