{
	"editor": {
		"allAngles": false,
		"entityTextureMode": false
	},
	"textureWidth": 16,
	"textureHeight": 16,
	"textureSizes": {
	},
	"textures": {
	},
	"elements": [
		{
			"name": "top",
			"from": [ 0.0, 15.0, 0.0 ],
			"to": [ 16.0, 16.0, 16.0 ],
			"rotationOrigin": [ 0.0, 15.0, 0.0 ],
			"faces": {
				"north": { "texture": "#shale1", "uv": [ 0.0, 0.0, 16.0, 1.0 ] },
				"east": { "texture": "#shale1", "uv": [ 0.0, 0.0, 16.0, 1.0 ] },
				"south": { "texture": "#shale1", "uv": [ 0.0, 0.0, 16.0, 1.0 ] },
				"west": { "texture": "#shale1", "uv": [ 0.0, 0.0, 16.0, 1.0 ] },
				"up": { "texture": "#shale1", "uv": [ 0.0, 0.0, 16.0, 16.0 ] },
				"down": { "texture": "#shale1", "uv": [ 0.0, 0.0, 16.0, 16.0 ] }
			}
		},
		{
			"name": "back",
			"from": [ 1.0, 0.0, 0.0 ],
			"to": [ 15.0, 15.0, 1.0 ],
			"rotationOrigin": [ 1.0, 0.0, 0.0 ],
			"faces": {
				"north": { "texture": "#pine", "uv": [ 0.0, 0.0, 14.0, 15.0 ] },
				"east": { "texture": "#pine", "uv": [ 0.0, 0.0, 1.0, 15.0 ] },
				"south": { "texture": "#pine", "uv": [ 0.0, 0.0, 14.0, 15.0 ] },
				"west": { "texture": "#pine", "uv": [ 0.0, 0.0, 1.0, 15.0 ] },
				"up": { "texture": "#pine", "uv": [ 0.0, 0.0, 14.0, 1.0 ] },
				"down": { "texture": "#pine", "uv": [ 0.0, 0.0, 14.0, 1.0 ] }
			}
		},
		{
			"name": "L",
			"from": [ 0.0, 0.0, 0.0 ],
			"to": [ 1.0, 15.0, 14.0 ],
			"faces": {
				"north": { "texture": "#pine", "uv": [ 0.0, 0.0, 1.0, 15.0 ] },
				"east": { "texture": "#pine", "uv": [ 0.0, 0.0, 14.0, 15.0 ] },
				"south": { "texture": "#pine", "uv": [ 0.0, 0.0, 1.0, 15.0 ] },
				"west": { "texture": "#pine", "uv": [ 0.0, 0.0, 14.0, 15.0 ] },
				"up": { "texture": "#pine", "uv": [ 0.0, 0.0, 1.0, 14.0 ] },
				"down": { "texture": "#pine", "uv": [ 0.0, 0.0, 1.0, 14.0 ] }
			}
		},
		{
			"name": "R",
			"from": [ 15.0, 0.0, 0.0 ],
			"to": [ 16.0, 15.0, 14.0 ],
			"rotationOrigin": [ 15.0, 0.0, 0.0 ],
			"faces": {
				"north": { "texture": "#pine", "uv": [ 0.0, 0.0, 1.0, 15.0 ] },
				"east": { "texture": "#pine", "uv": [ 0.0, 0.0, 14.0, 15.0 ] },
				"south": { "texture": "#pine", "uv": [ 0.0, 0.0, 1.0, 15.0 ] },
				"west": { "texture": "#pine", "uv": [ 0.0, 0.0, 14.0, 15.0 ] },
				"up": { "texture": "#pine", "uv": [ 0.0, 0.0, 1.0, 14.0 ] },
				"down": { "texture": "#pine", "uv": [ 0.0, 0.0, 1.0, 14.0 ] }
			}
		},
		{
			"name": "FFrame",
			"from": [ 0.0, 0.0, 14.0 ],
			"to": [ 16.0, 2.0, 14.5 ],
			"rotationOrigin": [ 0.0, 0.0, 14.0 ],
			"faces": {
				"north": { "texture": "#pine", "uv": [ 0.0, 0.0, 16.0, 2.0 ] },
				"east": { "texture": "#pine", "uv": [ 0.0, 0.0, 0.5, 2.0 ] },
				"south": { "texture": "#pine", "uv": [ 0.0, 0.0, 16.0, 2.0 ] },
				"west": { "texture": "#pine", "uv": [ 0.0, 0.0, 0.5, 2.0 ] },
				"up": { "texture": "#pine", "uv": [ 0.0, 0.0, 16.0, 0.5 ] },
				"down": { "texture": "#pine", "uv": [ 0.0, 0.0, 16.0, 0.5 ] }
			},
			"children": [
				{
					"name": "Cube3",
					"from": [ 0.0, 13.0, 0.0 ],
					"to": [ 16.0, 15.0, 0.5 ],
					"rotationOrigin": [ 0.0, 13.0, 0.0 ],
					"faces": {
						"north": { "texture": "#pine", "uv": [ 0.0, 0.0, 16.0, 2.0 ] },
						"east": { "texture": "#pine", "uv": [ 0.0, 0.0, 0.5, 2.0 ] },
						"south": { "texture": "#pine", "uv": [ 0.0, 0.0, 16.0, 2.0 ] },
						"west": { "texture": "#pine", "uv": [ 0.0, 0.0, 0.5, 2.0 ] },
						"up": { "texture": "#pine", "uv": [ 0.0, 0.0, 16.0, 0.5 ] },
						"down": { "texture": "#pine", "uv": [ 0.0, 0.0, 16.0, 0.5 ] }
					}
				},
				{
					"name": "Cube4",
					"from": [ 0.0, 2.0, 0.0 ],
					"to": [ 2.0, 13.0, 0.5 ],
					"rotationOrigin": [ 0.0, 2.0, 0.0 ],
					"faces": {
						"north": { "texture": "#pine", "uv": [ 0.0, 0.0, 2.0, 11.0 ] },
						"east": { "texture": "#pine", "uv": [ 0.0, 0.0, 0.5, 11.0 ] },
						"south": { "texture": "#pine", "uv": [ 0.0, 0.0, 2.0, 11.0 ] },
						"west": { "texture": "#pine", "uv": [ 0.0, 0.0, 0.5, 11.0 ] },
						"up": { "texture": "#pine", "uv": [ 0.0, 0.0, 2.0, 0.5 ] },
						"down": { "texture": "#pine", "uv": [ 0.0, 0.0, 2.0, 0.5 ] }
					}
				},
				{
					"name": "Cube5",
					"from": [ 14.0, 2.0, 0.0 ],
					"to": [ 16.0, 13.0, 0.5 ],
					"rotationOrigin": [ 14.0, 2.0, 0.0 ],
					"faces": {
						"north": { "texture": "#pine", "uv": [ 0.0, 0.0, 2.0, 11.0 ] },
						"east": { "texture": "#pine", "uv": [ 0.0, 0.0, 0.5, 11.0 ] },
						"south": { "texture": "#pine", "uv": [ 0.0, 0.0, 2.0, 11.0 ] },
						"west": { "texture": "#pine", "uv": [ 0.0, 0.0, 0.5, 11.0 ] },
						"up": { "texture": "#pine", "uv": [ 0.0, 0.0, 2.0, 0.5 ] },
						"down": { "texture": "#pine", "uv": [ 0.0, 0.0, 2.0, 0.5 ] }
					}
				}
			]
		},
		{
			"name": "bottomF",
			"from": [ 1.0, 0.0, 14.0 ],
			"to": [ 15.0, 13.0, 14.0 ],
			"rotationOrigin": [ 1.0, 0.0, 14.0 ],
			"rotationX": -90.0,
			"faces": {
				"south": { "texture": "#pine", "uv": [ 0.0, 0.0, 14.0, 13.0 ] }
			}
		},
		{
			"name": "upper shelf",
			"from": [ 1.0, 9.0, 1.0 ],
			"to": [ 15.0, 10.0, 14.0 ],
			"rotationOrigin": [ 1.0, 3.0, 1.0 ],
			"faces": {
				"north": { "texture": "#surface", "uv": [ 0.0, 0.0, 14.0, 1.0 ] },
				"east": { "texture": "#surface", "uv": [ 0.0, 0.0, 13.0, 1.0 ] },
				"south": { "texture": "#surface", "uv": [ 0.0, 0.0, 14.0, 1.0 ] },
				"west": { "texture": "#surface", "uv": [ 2.0, 0.0, 15.0, 1.0 ] },
				"up": { "texture": "#surface", "uv": [ 0.0, 3.0, 14.0, 16.0 ] },
				"down": { "texture": "#surface", "uv": [ 0.0, 3.0, 14.0, 16.0 ] }
			}
		},
		{
			"name": "lower shelf",
			"from": [ 1.0, 1.0, 1.0 ],
			"to": [ 15.0, 2.0, 14.0 ],
			"rotationOrigin": [ 1.0, 4.0, 1.0 ],
			"faces": {
				"north": { "texture": "#surface", "uv": [ 0.0, 0.0, 14.0, 1.0 ] },
				"east": { "texture": "#surface", "uv": [ 0.0, 0.0, 13.0, 1.0 ] },
				"south": { "texture": "#surface", "uv": [ 0.0, 0.0, 14.0, 1.0 ] },
				"west": { "texture": "#surface", "uv": [ 2.0, 0.0, 15.0, 1.0 ] },
				"up": { "texture": "#surface", "uv": [ 0.0, 3.0, 14.0, 16.0 ] },
				"down": { "texture": "#surface", "uv": [ 0.0, 3.0, 14.0, 16.0 ] }
			}
		}
	]}