{
	"editor": {
		"allAngles": false,
		"entityTextureMode": false
	},
	"textureWidth": 16,
	"textureHeight": 16,
	"textureSizes": {
	},
	"textures": {
	},
	"elements": [
		{
			"name": "Cube2",
			"from": [ 5.5, 4.0, 5.1 ],
			"to": [ 10.5, 7.0, 6.1 ],
			"rotationOrigin": [ 7.0, 4.0, 5.5 ],
			"rotationX": 112.5,
			"faces": {
				"north": { "texture": "#blue", "uv": [ 0.0, 0.0, 5.0, 3.0 ] },
				"east": { "texture": "#blue", "uv": [ 0.0, 0.0, 1.0, 3.0 ] },
				"south": { "texture": "#blue", "uv": [ 0.0, 0.0, 5.0, 3.0 ] },
				"west": { "texture": "#blue", "uv": [ 0.0, 0.0, 1.0, 3.0 ] },
				"up": { "texture": "#blue", "uv": [ 0.0, 0.0, 5.0, 1.0 ] },
				"down": { "texture": "#blue", "uv": [ 0.0, 0.0, 5.0, 1.0 ] }
			}
		},
		{
			"name": "Cube3",
			"from": [ 5.5, 3.8, 10.1 ],
			"to": [ 10.5, 6.3, 11.1 ],
			"rotationOrigin": [ 7.9, 3.8, 10.5 ],
			"rotationX": -112.5,
			"faces": {
				"north": { "texture": "#blue", "uv": [ 0.0, 0.0, 5.0, 2.5 ] },
				"east": { "texture": "#blue", "uv": [ 0.0, 0.0, 1.0, 2.5 ] },
				"south": { "texture": "#blue", "uv": [ 0.0, 0.0, 5.0, 2.5 ] },
				"west": { "texture": "#blue", "uv": [ 0.0, 0.0, 1.0, 2.5 ] },
				"up": { "texture": "#blue", "uv": [ 0.0, 0.0, 5.0, 1.0 ] },
				"down": { "texture": "#blue", "uv": [ 0.0, 0.0, 5.0, 1.0 ] }
			}
		},
		{
			"name": "Cube4",
			"from": [ 8.2, 2.5, 5.5 ],
			"to": [ 9.2, 5.5, 10.5 ],
			"rotationOrigin": [ 8.2, 2.2, 8.0 ],
			"rotationZ": 67.5,
			"faces": {
				"north": { "texture": "#blue", "uv": [ 0.0, 0.0, 1.0, 3.0 ] },
				"east": { "texture": "#blue", "uv": [ 0.0, 0.0, 5.0, 3.0 ] },
				"south": { "texture": "#blue", "uv": [ 0.0, 0.0, 1.0, 3.0 ] },
				"west": { "texture": "#blue", "uv": [ 0.0, 0.0, 5.0, 3.0 ] },
				"up": { "texture": "#blue", "uv": [ 0.0, 0.0, 1.0, 5.0 ] },
				"down": { "texture": "#blue", "uv": [ 0.0, 0.0, 1.0, 5.0 ] }
			}
		},
		{
			"name": "Cube5",
			"from": [ 7.5, 3.1, 5.5 ],
			"to": [ 8.5, 6.1, 10.5 ],
			"rotationOrigin": [ 7.6, 3.1, 8.0 ],
			"rotationZ": -67.5,
			"faces": {
				"north": { "texture": "#blue", "uv": [ 0.0, 0.0, 1.0, 3.0 ] },
				"east": { "texture": "#blue", "uv": [ 0.0, 0.0, 5.0, 3.0 ] },
				"south": { "texture": "#blue", "uv": [ 0.0, 0.0, 1.0, 3.0 ] },
				"west": { "texture": "#blue", "uv": [ 0.0, 0.0, 5.0, 3.0 ] },
				"up": { "texture": "#blue", "uv": [ 0.0, 0.0, 1.0, 5.0 ] },
				"down": { "texture": "#blue", "uv": [ 0.0, 0.0, 1.0, 5.0 ] }
			}
		},
		{
			"name": "Cube6",
			"from": [ 7.5, 3.2, 7.5 ],
			"to": [ 8.5, 4.2, 8.5 ],
			"rotationOrigin": [ 7.5, 3.2, 7.5 ],
			"faces": {
				"north": { "texture": "#normal1", "uv": [ 0.0, 0.0, 1.0, 1.0 ], "windMode": [-1,-1,-1,-1] },
				"east": { "texture": "#normal1", "uv": [ 0.0, 0.0, 1.0, 1.0 ] },
				"south": { "texture": "#normal1", "uv": [ 0.0, 0.0, 1.0, 1.0 ] },
				"west": { "texture": "#normal1", "uv": [ 0.0, 0.0, 1.0, 1.0 ] },
				"up": { "texture": "#normal1", "uv": [ 0.0, 0.0, 1.0, 1.0 ] },
				"down": { "texture": "#normal1", "uv": [ 0.0, 0.0, 1.0, 1.0 ] }
			}
		},
		{
			"name": "Cube7",
			"from": [ 2.0, 0.0, 2.0 ],
			"to": [ 14.0, 2.0, 14.0 ],
			"rotationOrigin": [ 2.0, 0.0, 2.0 ],
			"faces": {
				"north": { "texture": "#blue", "uv": [ 0.0, 0.0, 12.0, 2.0 ] },
				"east": { "texture": "#blue", "uv": [ 0.0, 0.0, 12.0, 2.0 ] },
				"south": { "texture": "#blue", "uv": [ 0.0, 0.0, 12.0, 2.0 ] },
				"west": { "texture": "#blue", "uv": [ 0.0, 0.0, 12.0, 2.0 ] },
				"up": { "texture": "#blue", "uv": [ 0.0, 0.0, 12.0, 12.0 ] },
				"down": { "texture": "#blue", "uv": [ 0.0, 0.0, 12.0, 12.0 ] }
			}
		},
		{
			"name": "Cube8",
			"from": [ 2.3, 2.0, 2.3 ],
			"to": [ 6.0, 3.0, 6.0 ],
			"rotationOrigin": [ 2.3, 2.0, 2.3 ],
			"faces": {
				"north": { "texture": "#normal1", "uv": [ 0.0, 0.0, 3.5, 1.0 ] },
				"east": { "texture": "#normal1", "uv": [ 0.0, 0.0, 3.5, 1.0 ] },
				"south": { "texture": "#normal1", "uv": [ 0.0, 0.0, 3.5, 1.0 ] },
				"west": { "texture": "#normal1", "uv": [ 0.0, 0.0, 3.5, 1.0 ] },
				"up": { "texture": "#normal1", "uv": [ 0.0, 0.0, 3.5, 3.5 ] },
				"down": { "texture": "#normal1", "uv": [ 0.0, 0.0, 3.5, 3.5 ] }
			}
		},
		{
			"name": "Cube9",
			"from": [ 10.0, 2.0, 2.3 ],
			"to": [ 13.7, 3.0, 6.0 ],
			"rotationOrigin": [ 10.0, 2.0, 2.3 ],
			"faces": {
				"north": { "texture": "#normal1", "uv": [ 0.0, 0.0, 3.5, 1.0 ] },
				"east": { "texture": "#normal1", "uv": [ 0.0, 0.0, 3.5, 1.0 ] },
				"south": { "texture": "#normal1", "uv": [ 0.0, 0.0, 3.5, 1.0 ] },
				"west": { "texture": "#normal1", "uv": [ 0.0, 0.0, 3.5, 1.0 ] },
				"up": { "texture": "#normal1", "uv": [ 0.0, 0.0, 3.5, 3.5 ] },
				"down": { "texture": "#normal1", "uv": [ 0.0, 0.0, 3.5, 3.5 ] }
			}
		},
		{
			"name": "Cube10",
			"from": [ 10.0, 2.0, 10.0 ],
			"to": [ 13.7, 3.0, 13.7 ],
			"rotationOrigin": [ 10.0, 2.0, 10.0 ],
			"faces": {
				"north": { "texture": "#normal1", "uv": [ 0.0, 0.0, 3.5, 1.0 ] },
				"east": { "texture": "#normal1", "uv": [ 0.0, 0.0, 3.5, 1.0 ] },
				"south": { "texture": "#normal1", "uv": [ 0.0, 0.0, 3.5, 1.0 ] },
				"west": { "texture": "#normal1", "uv": [ 0.0, 0.0, 3.5, 1.0 ] },
				"up": { "texture": "#normal1", "uv": [ 0.0, 0.0, 3.5, 3.5 ] },
				"down": { "texture": "#normal1", "uv": [ 0.0, 0.0, 3.5, 3.5 ] }
			}
		},
		{
			"name": "Cube11",
			"from": [ 2.3, 2.0, 10.0 ],
			"to": [ 6.0, 3.0, 13.7 ],
			"rotationOrigin": [ 2.3, 2.0, 10.0 ],
			"faces": {
				"north": { "texture": "#normal1", "uv": [ 0.0, 0.0, 3.5, 1.0 ] },
				"east": { "texture": "#normal1", "uv": [ 0.0, 0.0, 3.5, 1.0 ] },
				"south": { "texture": "#normal1", "uv": [ 0.0, 0.0, 3.5, 1.0 ] },
				"west": { "texture": "#normal1", "uv": [ 0.0, 0.0, 3.5, 1.0 ] },
				"up": { "texture": "#normal1", "uv": [ 0.0, 0.0, 3.5, 3.5 ] },
				"down": { "texture": "#normal1", "uv": [ 0.0, 0.0, 3.5, 3.5 ] }
			}
		},
		{
			"name": "Cube12",
			"from": [ 2.3, 2.0, 6.0 ],
			"to": [ 6.0, 3.0, 10.0 ],
			"rotationOrigin": [ 2.3, 2.0, 6.0 ],
			"faces": {
				"north": { "texture": "#normal1", "uv": [ 0.0, 0.0, 3.5, 1.0 ] },
				"east": { "texture": "#normal1", "uv": [ 0.0, 0.0, 4.0, 1.0 ] },
				"south": { "texture": "#normal1", "uv": [ 0.0, 0.0, 3.5, 1.0 ] },
				"west": { "texture": "#normal1", "uv": [ 0.0, 0.0, 4.0, 1.0 ] },
				"up": { "texture": "#normal1", "uv": [ 0.0, 0.0, 3.5, 4.0 ] },
				"down": { "texture": "#normal1", "uv": [ 0.0, 0.0, 3.5, 4.0 ] }
			}
		},
		{
			"name": "Cube13",
			"from": [ 6.0, 2.0, 2.3 ],
			"to": [ 10.0, 3.0, 6.3 ],
			"rotationOrigin": [ 6.0, 2.0, 2.3 ],
			"faces": {
				"north": { "texture": "#normal1", "uv": [ 0.0, 0.0, 4.0, 1.0 ] },
				"east": { "texture": "#normal1", "uv": [ 0.0, 0.0, 4.0, 1.0 ] },
				"south": { "texture": "#normal1", "uv": [ 0.0, 0.0, 4.0, 1.0 ] },
				"west": { "texture": "#normal1", "uv": [ 0.0, 0.0, 4.0, 1.0 ] },
				"up": { "texture": "#normal1", "uv": [ 0.0, 0.0, 4.0, 4.0 ] },
				"down": { "texture": "#normal1", "uv": [ 0.0, 0.0, 4.0, 4.0 ] }
			}
		},
		{
			"name": "Cube14",
			"from": [ 9.7, 2.0, 6.0 ],
			"to": [ 13.7, 3.0, 10.0 ],
			"rotationOrigin": [ 9.7, 2.0, 6.0 ],
			"faces": {
				"north": { "texture": "#normal1", "uv": [ 0.0, 0.0, 4.0, 1.0 ] },
				"east": { "texture": "#normal1", "uv": [ 0.0, 0.0, 4.0, 1.0 ] },
				"south": { "texture": "#normal1", "uv": [ 0.0, 0.0, 4.0, 1.0 ] },
				"west": { "texture": "#normal1", "uv": [ 0.0, 0.0, 4.0, 1.0 ] },
				"up": { "texture": "#normal1", "uv": [ 0.0, 0.0, 4.0, 4.0 ] },
				"down": { "texture": "#normal1", "uv": [ 0.0, 0.0, 4.0, 4.0 ] }
			}
		},
		{
			"name": "Cube15",
			"from": [ 6.0, 2.0, 9.7 ],
			"to": [ 10.0, 3.0, 13.7 ],
			"rotationOrigin": [ 6.0, 2.0, 9.7 ],
			"faces": {
				"north": { "texture": "#normal1", "uv": [ 0.0, 0.0, 4.0, 1.0 ] },
				"east": { "texture": "#normal1", "uv": [ 0.0, 0.0, 4.0, 1.0 ] },
				"south": { "texture": "#normal1", "uv": [ 0.0, 0.0, 4.0, 1.0 ] },
				"west": { "texture": "#normal1", "uv": [ 0.0, 0.0, 4.0, 1.0 ] },
				"up": { "texture": "#normal1", "uv": [ 0.0, 0.0, 4.0, 4.0 ] },
				"down": { "texture": "#normal1", "uv": [ 0.0, 0.0, 4.0, 4.0 ] }
			}
		},
		{
			"name": "Cube16",
			"from": [ 5.7, 3.0, 10.2 ],
			"to": [ 10.3, 4.4, 13.4 ],
			"rotationOrigin": [ 5.7, 3.0, 10.2 ],
			"faces": {
				"north": { "texture": "#blue", "uv": [ 0.0, 0.0, 4.5, 1.0 ] },
				"east": { "texture": "#blue", "uv": [ 0.0, 0.0, 3.0, 1.0 ] },
				"south": { "texture": "#blue", "uv": [ 0.0, 0.0, 4.5, 1.0 ] },
				"west": { "texture": "#blue", "uv": [ 0.0, 0.0, 3.0, 1.0 ] },
				"up": { "texture": "#blue", "uv": [ 0.0, 0.0, 4.5, 3.0 ] },
				"down": { "texture": "#blue", "uv": [ 0.0, 0.0, 4.5, 3.0 ] }
			}
		},
		{
			"name": "Cube17",
			"from": [ 5.7, 3.0, 2.6 ],
			"to": [ 10.3, 4.4, 5.7 ],
			"rotationOrigin": [ 5.7, 3.0, 2.6 ],
			"faces": {
				"north": { "texture": "#blue", "uv": [ 0.0, 0.0, 4.5, 1.0 ] },
				"east": { "texture": "#blue", "uv": [ 0.0, 0.0, 3.0, 1.0 ] },
				"south": { "texture": "#blue", "uv": [ 0.0, 0.0, 4.5, 1.0 ] },
				"west": { "texture": "#blue", "uv": [ 0.0, 0.0, 3.0, 1.0 ] },
				"up": { "texture": "#blue", "uv": [ 11.5, 0.0, 16.0, 3.0 ] },
				"down": { "texture": "#blue", "uv": [ 7.0, 1.5, 11.5, 4.5 ] }
			}
		},
		{
			"name": "Cube18",
			"from": [ 2.7, 3.0, 10.3 ],
			"to": [ 7.4, 4.4, 13.3 ],
			"rotationOrigin": [ 2.7, 3.0, 10.3 ],
			"rotationY": 90.0,
			"faces": {
				"north": { "texture": "#blue", "uv": [ 0.0, 0.0, 4.5, 1.0 ] },
				"east": { "texture": "#blue", "uv": [ 0.0, 0.0, 3.0, 1.0 ] },
				"south": { "texture": "#blue", "uv": [ 0.0, 0.0, 4.5, 1.0 ] },
				"west": { "texture": "#blue", "uv": [ 0.0, 0.0, 3.0, 1.0 ] },
				"up": { "texture": "#blue", "uv": [ 9.0, 1.0, 13.5, 4.0 ] },
				"down": { "texture": "#blue", "uv": [ 10.0, 12.0, 14.5, 15.0 ] }
			}
		},
		{
			"name": "Cube19",
			"from": [ 10.3, 3.0, 10.3 ],
			"to": [ 15.0, 4.4, 13.4 ],
			"rotationOrigin": [ 10.3, 3.0, 10.3 ],
			"rotationY": 90.0,
			"faces": {
				"north": { "texture": "#blue", "uv": [ 0.0, 0.0, 4.5, 1.0 ] },
				"east": { "texture": "#blue", "uv": [ 0.0, 0.0, 3.0, 1.0 ] },
				"south": { "texture": "#blue", "uv": [ 0.0, 0.0, 4.5, 1.0 ] },
				"west": { "texture": "#blue", "uv": [ 0.0, 0.0, 3.0, 1.0 ] },
				"up": { "texture": "#blue", "uv": [ 1.0, 8.0, 5.5, 11.0 ] },
				"down": { "texture": "#blue", "uv": [ 7.5, 0.5, 12.0, 3.5 ] }
			}
		},
		{
			"name": "Cube20",
			"from": [ 10.3, 3.0, 5.6 ],
			"to": [ 13.3, 4.4, 8.7 ],
			"rotationOrigin": [ 10.3, 3.0, 5.6 ],
			"rotationY": 90.0,
			"faces": {
				"north": { "texture": "#blue", "uv": [ 0.0, 0.0, 3.0, 1.0 ] },
				"east": { "texture": "#blue", "uv": [ 0.0, 0.0, 3.0, 1.0 ] },
				"south": { "texture": "#blue", "uv": [ 0.0, 0.0, 3.0, 1.0 ] },
				"west": { "texture": "#blue", "uv": [ 0.0, 0.0, 3.0, 1.0 ] },
				"up": { "texture": "#blue", "uv": [ 9.0, 8.0, 12.0, 11.0 ] },
				"down": { "texture": "#blue", "uv": [ 2.0, 9.5, 5.0, 12.5 ] }
			}
		},
		{
			"name": "Cube21",
			"from": [ 2.7, 3.0, 5.6 ],
			"to": [ 5.7, 4.4, 8.6 ],
			"rotationOrigin": [ 2.7, 3.0, 5.6 ],
			"rotationY": 90.0,
			"faces": {
				"north": { "texture": "#blue", "uv": [ 0.0, 0.0, 3.0, 1.0 ] },
				"east": { "texture": "#blue", "uv": [ 0.0, 0.0, 3.0, 1.0 ] },
				"south": { "texture": "#blue", "uv": [ 0.0, 0.0, 3.0, 1.0 ] },
				"west": { "texture": "#blue", "uv": [ 0.0, 0.0, 3.0, 1.0 ] },
				"up": { "texture": "#blue", "uv": [ 11.0, 2.0, 14.0, 5.0 ] },
				"down": { "texture": "#blue", "uv": [ 8.0, 10.0, 11.0, 13.0 ] }
			}
		},
		{
			"name": "Cube22",
			"from": [ 2.7, 3.0, 13.4 ],
			"to": [ 5.8, 4.4, 16.4 ],
			"rotationOrigin": [ 2.7, 3.0, 13.4 ],
			"rotationY": 90.0,
			"faces": {
				"north": { "texture": "#blue", "uv": [ 0.0, 0.0, 3.0, 1.0 ] },
				"east": { "texture": "#blue", "uv": [ 0.0, 0.0, 3.0, 1.0 ] },
				"south": { "texture": "#blue", "uv": [ 0.0, 0.0, 3.0, 1.0 ] },
				"west": { "texture": "#blue", "uv": [ 0.0, 0.0, 3.0, 1.0 ] },
				"up": { "texture": "#blue", "uv": [ 12.5, 5.0, 15.5, 8.0 ] },
				"down": { "texture": "#blue", "uv": [ 4.5, 3.5, 7.5, 6.5 ] }
			}
		},
		{
			"name": "Cube23",
			"from": [ 10.3, 3.0, 13.4 ],
			"to": [ 13.4, 4.4, 16.5 ],
			"rotationOrigin": [ 10.3, 3.0, 13.4 ],
			"rotationY": 90.0,
			"faces": {
				"north": { "texture": "#blue", "uv": [ 0.0, 0.0, 3.0, 1.0 ] },
				"east": { "texture": "#blue", "uv": [ 0.0, 0.0, 3.0, 1.0 ] },
				"south": { "texture": "#blue", "uv": [ 0.0, 0.0, 3.0, 1.0 ] },
				"west": { "texture": "#blue", "uv": [ 0.0, 0.0, 3.0, 1.0 ] },
				"up": { "texture": "#blue", "uv": [ 4.0, 3.0, 7.0, 6.0 ] },
				"down": { "texture": "#blue", "uv": [ 7.5, 2.5, 10.5, 5.5 ] }
			}
		},
		{
			"name": "Cube25",
			"from": [ 7.5, 0.2, 7.5 ],
			"to": [ 8.5, 1.2, 8.5 ],
			"rotationOrigin": [ 8.0, 0.2, 8.0 ],
			"faces": {
				"north": { "texture": "#blue", "uv": [ 0.0, 0.0, 1.0, 1.0 ] },
				"east": { "texture": "#blue", "uv": [ 0.0, 0.0, 1.0, 1.0 ] },
				"south": { "texture": "#blue", "uv": [ 0.0, 0.0, 1.0, 1.0 ] },
				"west": { "texture": "#blue", "uv": [ 0.0, 0.0, 1.0, 1.0 ] },
				"up": { "texture": "#blue", "uv": [ 0.0, 0.0, 1.0, 1.0 ] },
				"down": { "texture": "#blue", "uv": [ 0.0, 0.0, 1.0, 1.0 ] }
			},
			"children": [
				{
					"name": "Cube24",
					"from": [ -5.7, 1.7, -6.0 ],
					"to": [ -5.2, 2.2, -5.5 ],
					"rotationOrigin": [ -5.7, 1.7, -6.0 ],
					"rotationX": 67.5,
					"rotationY": -22.5,
					"rotationZ": 22.5,
					"faces": {
						"north": { "texture": "#normal1", "uv": [ 0.0, 0.0, 0.5, 0.5 ] },
						"east": { "texture": "#normal1", "uv": [ 0.0, 0.0, 0.5, 0.5 ] },
						"south": { "texture": "#normal1", "uv": [ 0.0, 0.0, 0.5, 0.5 ] },
						"west": { "texture": "#normal1", "uv": [ 0.0, 0.0, 0.5, 0.5 ] },
						"up": { "texture": "#normal1", "uv": [ 0.0, 0.0, 0.5, 0.5 ] },
						"down": { "texture": "#normal1", "uv": [ 0.0, 0.0, 0.5, 0.5 ] }
					}
				},
				{
					"name": "Cube27",
					"from": [ -6.0, 1.7, 6.7 ],
					"to": [ -5.5, 2.2, 7.2 ],
					"rotationOrigin": [ -6.0, 1.7, 6.7 ],
					"rotationX": 65.851,
					"rotationY": 20.705,
					"rotationZ": -58.493,
					"faces": {
						"north": { "texture": "#normal1", "uv": [ 0.0, 0.0, 0.5, 0.5 ] },
						"east": { "texture": "#normal1", "uv": [ 0.0, 0.0, 0.5, 0.5 ] },
						"south": { "texture": "#normal1", "uv": [ 0.0, 0.0, 0.5, 0.5 ] },
						"west": { "texture": "#normal1", "uv": [ 0.0, 0.0, 0.5, 0.5 ] },
						"up": { "texture": "#normal1", "uv": [ 0.0, 0.0, 0.5, 0.5 ] },
						"down": { "texture": "#normal1", "uv": [ 0.0, 0.0, 0.5, 0.5 ] }
					}
				},
				{
					"name": "Cube28",
					"from": [ 6.7, 1.7, 7.0 ],
					"to": [ 7.2, 2.2, 7.5 ],
					"rotationOrigin": [ 6.7, 1.7, 7.0 ],
					"rotationX": 112.5,
					"rotationY": 22.5,
					"rotationZ": -157.5,
					"faces": {
						"north": { "texture": "#normal1", "uv": [ 0.0, 0.0, 0.5, 0.5 ] },
						"east": { "texture": "#normal1", "uv": [ 0.0, 0.0, 0.5, 0.5 ] },
						"south": { "texture": "#normal1", "uv": [ 0.0, 0.0, 0.5, 0.5 ] },
						"west": { "texture": "#normal1", "uv": [ 0.0, 0.0, 0.5, 0.5 ] },
						"up": { "texture": "#normal1", "uv": [ 0.0, 0.0, 0.5, 0.5 ] },
						"down": { "texture": "#normal1", "uv": [ 0.0, 0.0, 0.5, 0.5 ] }
					}
				},
				{
					"name": "Cube29",
					"from": [ 7.0, 1.7, -5.7 ],
					"to": [ 7.5, 2.2, -5.2 ],
					"rotationOrigin": [ 7.0, 1.7, -5.7 ],
					"rotationX": 114.149,
					"rotationY": -20.705,
					"rotationZ": 121.507,
					"faces": {
						"north": { "texture": "#normal1", "uv": [ 0.0, 0.0, 0.5, 0.5 ] },
						"east": { "texture": "#normal1", "uv": [ 0.0, 0.0, 0.5, 0.5 ] },
						"south": { "texture": "#normal1", "uv": [ 0.0, 0.0, 0.5, 0.5 ] },
						"west": { "texture": "#normal1", "uv": [ 0.0, 0.0, 0.5, 0.5 ] },
						"up": { "texture": "#normal1", "uv": [ 0.0, 0.0, 0.5, 0.5 ] },
						"down": { "texture": "#normal1", "uv": [ 0.0, 0.0, 0.5, 0.5 ] }
					}
				}
			]
		},
		{
			"name": "Cube26",
			"from": [ 7.5, 0.2, 7.5 ],
			"to": [ 8.5, 1.2, 8.5 ],
			"rotationOrigin": [ 8.0, 0.2, 8.0 ],
			"faces": {
				"north": { "texture": "#blue", "uv": [ 0.0, 0.0, 1.0, 1.0 ] },
				"east": { "texture": "#blue", "uv": [ 0.0, 0.0, 1.0, 1.0 ] },
				"south": { "texture": "#blue", "uv": [ 0.0, 0.0, 1.0, 1.0 ] },
				"west": { "texture": "#blue", "uv": [ 0.0, 0.0, 1.0, 1.0 ] },
				"up": { "texture": "#blue", "uv": [ 0.0, 0.0, 1.0, 1.0 ] },
				"down": { "texture": "#blue", "uv": [ 0.0, 0.0, 1.0, 1.0 ] }
			},
			"children": [
				{
					"name": "Cube32",
					"from": [ 6.1, 4.0, 6.5 ],
					"to": [ 6.6, 4.5, 7.0 ],
					"rotationOrigin": [ 6.1, 4.0, 6.5 ],
					"rotationX": 112.5,
					"rotationY": 22.5,
					"rotationZ": -157.5,
					"faces": {
						"north": { "texture": "#normal1", "uv": [ 0.0, 0.0, 0.5, 0.5 ] },
						"east": { "texture": "#normal1", "uv": [ 0.0, 0.0, 0.5, 0.5 ] },
						"south": { "texture": "#normal1", "uv": [ 0.0, 0.0, 0.5, 0.5 ] },
						"west": { "texture": "#normal1", "uv": [ 0.0, 0.0, 0.5, 0.5 ] },
						"up": { "texture": "#normal1", "uv": [ 0.0, 0.0, 0.5, 0.5 ] },
						"down": { "texture": "#normal1", "uv": [ 0.0, 0.0, 0.5, 0.5 ] }
					}
				},
				{
					"name": "Cube33",
					"from": [ 6.5, 4.0, -5.1 ],
					"to": [ 7.0, 4.5, -4.6 ],
					"rotationOrigin": [ 6.5, 4.0, -5.1 ],
					"rotationX": 114.149,
					"rotationY": -20.705,
					"rotationZ": 121.507,
					"faces": {
						"north": { "texture": "#normal1", "uv": [ 0.0, 0.0, 0.5, 0.5 ] },
						"east": { "texture": "#normal1", "uv": [ 0.0, 0.0, 0.5, 0.5 ] },
						"south": { "texture": "#normal1", "uv": [ 0.0, 0.0, 0.5, 0.5 ] },
						"west": { "texture": "#normal1", "uv": [ 0.0, 0.0, 0.5, 0.5 ] },
						"up": { "texture": "#normal1", "uv": [ 0.0, 0.0, 0.5, 0.5 ] },
						"down": { "texture": "#normal1", "uv": [ 0.0, 0.0, 0.5, 0.5 ] }
					}
				},
				{
					"name": "Cube34",
					"from": [ -5.1, 4.0, -5.5 ],
					"to": [ -4.6, 4.5, -5.0 ],
					"rotationOrigin": [ -5.1, 4.0, -5.5 ],
					"rotationX": 67.5,
					"rotationY": -22.5,
					"rotationZ": 22.5,
					"faces": {
						"north": { "texture": "#normal1", "uv": [ 0.0, 0.0, 0.5, 0.5 ] },
						"east": { "texture": "#normal1", "uv": [ 0.0, 0.0, 0.5, 0.5 ] },
						"south": { "texture": "#normal1", "uv": [ 0.0, 0.0, 0.5, 0.5 ] },
						"west": { "texture": "#normal1", "uv": [ 0.0, 0.0, 0.5, 0.5 ] },
						"up": { "texture": "#normal1", "uv": [ 0.0, 0.0, 0.5, 0.5 ] },
						"down": { "texture": "#normal1", "uv": [ 0.0, 0.0, 0.5, 0.5 ] }
					}
				},
				{
					"name": "Cube35",
					"from": [ -5.5, 4.0, 6.1 ],
					"to": [ -5.0, 4.5, 6.6 ],
					"rotationOrigin": [ -5.5, 4.0, 6.1 ],
					"rotationX": 65.851,
					"rotationY": 20.705,
					"rotationZ": -58.493,
					"faces": {
						"north": { "texture": "#normal1", "uv": [ 0.0, 0.0, 0.5, 0.5 ] },
						"east": { "texture": "#normal1", "uv": [ 0.0, 0.0, 0.5, 0.5 ] },
						"south": { "texture": "#normal1", "uv": [ 0.0, 0.0, 0.5, 0.5 ] },
						"west": { "texture": "#normal1", "uv": [ 0.0, 0.0, 0.5, 0.5 ] },
						"up": { "texture": "#normal1", "uv": [ 0.0, 0.0, 0.5, 0.5 ] },
						"down": { "texture": "#normal1", "uv": [ 0.0, 0.0, 0.5, 0.5 ] }
					}
				}
			]
		}
	]}