{
	"editor": {
		"allAngles": false,
		"entityTextureMode": true
	},
	"textureWidth": 16,
	"textureHeight": 16,
	"textureSizes": {
	},
	"textures": {
		"black": "game:block/leather/black",
		"poor": "game:block/leather/poor"
	},
	"elements": [
		{
			"name": "origin",
			"from": [ 0.0, 0.0, 16.0 ],
			"to": [ 0.0, 0.0, 16.0 ],
			"uv": [ 0.0, 0.0 ],
			"rotationOrigin": [ 0.0, 0.0, 16.0 ],
			"faces": {
				"north": { "texture": "#black", "uv": [ 0.0, 0.0, 0.5, 0.5 ] },
				"east": { "texture": "#black", "uv": [ 0.0, 0.0, 0.5, 0.5 ] },
				"south": { "texture": "#black", "uv": [ 0.0, 0.0, 0.5, 0.5 ] },
				"west": { "texture": "#black", "uv": [ 0.0, 0.0, 0.5, 0.5 ] },
				"up": { "texture": "#black", "uv": [ 0.0, 0.0, 0.5, 0.5 ] },
				"down": { "texture": "#black", "uv": [ 0.0, 0.0, 0.5, 0.5 ] }
			},
			"children": [
				{
					"name": "Cube19",
					"from": [ 1.0, 5.0, -10.0 ],
					"to": [ 2.0, 6.0, -6.0 ],
					"uv": [ 4.5, 4.5 ],
					"rotationOrigin": [ 1.0, 5.0, -6.0 ],
					"faces": {
						"north": { "texture": "#poor", "uv": [ 7.0, 5.5, 11.0, 6.5 ] },
						"east": { "texture": "#poor", "uv": [ 6.5, 6.0, 7.5, 7.0 ] },
						"south": { "texture": "#poor", "uv": [ 4.5, 8.5, 8.5, 9.5 ] },
						"west": { "texture": "#poor", "uv": [ 8.5, 4.5, 9.5, 5.5 ] },
						"up": { "texture": "#poor", "uv": [ 4.5, 7.5, 8.5, 8.5 ] },
						"down": { "texture": "#poor", "uv": [ 7.0, 7.5, 11.0, 8.5 ] }
					},
					"children": [
						{
							"name": "Cube20",
							"from": [ 1.0, 0.0, 4.0 ],
							"to": [ 2.0, 1.0, 6.0 ],
							"uv": [ 5.0, 7.5 ],
							"rotationOrigin": [ 1.0, 0.0, 6.0 ],
							"faces": {
								"north": { "texture": "#poor", "uv": [ 5.0, 7.5, 7.0, 8.5 ] },
								"east": { "texture": "#poor", "uv": [ 6.0, 8.0, 7.0, 9.0 ] },
								"south": { "texture": "#poor", "uv": [ 10.0, 11.5, 12.0, 12.5 ] },
								"west": { "texture": "#poor", "uv": [ 10.0, 8.0, 11.0, 9.0 ] },
								"up": { "texture": "#poor", "uv": [ 7.0, 7.5, 9.0, 8.5 ] },
								"down": { "texture": "#poor", "uv": [ 6.5, 8.0, 8.5, 9.0 ] }
							}
						},
						{
							"name": "Cube21",
							"from": [ 1.0, 0.0, -2.0 ],
							"to": [ 2.0, 1.0, 0.0 ],
							"uv": [ 5.0, 4.5 ],
							"rotationOrigin": [ 1.0, 0.0, 0.0 ],
							"faces": {
								"north": { "texture": "#poor", "uv": [ 8.5, 7.0, 10.5, 8.0 ] },
								"east": { "texture": "#poor", "uv": [ 12.5, 9.5, 13.5, 10.5 ] },
								"south": { "texture": "#poor", "uv": [ 5.0, 5.5, 7.0, 6.5 ] },
								"west": { "texture": "#poor", "uv": [ 8.0, 8.0, 9.0, 9.0 ] },
								"up": { "texture": "#poor", "uv": [ 10.0, 11.0, 12.0, 12.0 ] },
								"down": { "texture": "#poor", "uv": [ 9.0, 4.5, 11.0, 5.5 ] }
							}
						},
						{
							"name": "Cube22",
							"from": [ 2.0, 0.0, -3.0 ],
							"to": [ 3.0, 1.0, -2.0 ],
							"uv": [ 3.5, 1.5 ],
							"rotationOrigin": [ 2.0, 0.0, -2.0 ],
							"faces": {
								"north": { "texture": "#poor", "uv": [ 5.5, 7.0, 6.5, 8.0 ] },
								"east": { "texture": "#poor", "uv": [ 7.5, 5.0, 8.5, 6.0 ] },
								"south": { "texture": "#poor", "uv": [ 8.5, 4.0, 9.5, 5.0 ] },
								"west": { "texture": "#poor", "uv": [ 6.5, 5.5, 7.5, 6.5 ] },
								"up": { "texture": "#poor", "uv": [ 3.5, 1.5, 4.5, 2.5 ] },
								"down": { "texture": "#poor", "uv": [ 8.0, 4.5, 9.0, 5.5 ] }
							},
							"children": [
								{
									"name": "Cube23",
									"from": [ 1.0, 0.0, -1.0 ],
									"to": [ 3.0, 1.0, 0.0 ],
									"uv": [ 4.0, 3.5 ],
									"rotationOrigin": [ 1.0, 0.0, 0.0 ],
									"faces": {
										"north": { "texture": "#poor", "uv": [ 8.5, 10.0, 9.5, 11.0 ] },
										"east": { "texture": "#poor", "uv": [ 7.0, 8.0, 9.0, 9.0 ] },
										"south": { "texture": "#poor", "uv": [ 4.0, 7.5, 5.0, 8.5 ] },
										"west": { "texture": "#poor", "uv": [ 6.5, 7.0, 8.5, 8.0 ] },
										"up": { "texture": "#poor", "uv": [ 7.0, 5.0, 8.0, 7.0 ] },
										"down": { "texture": "#poor", "uv": [ 5.0, 3.5, 6.0, 5.5 ] }
									}
								},
								{
									"name": "Cube24",
									"from": [ 3.0, 0.0, 0.0 ],
									"to": [ 5.0, 1.0, 1.0 ],
									"uv": [ 6.5, 4.5 ],
									"rotationOrigin": [ 3.0, 0.0, 1.0 ],
									"faces": {
										"north": { "texture": "#poor", "uv": [ 9.0, 6.5, 10.0, 7.5 ] },
										"east": { "texture": "#poor", "uv": [ 9.0, 4.5, 11.0, 5.5 ] },
										"south": { "texture": "#poor", "uv": [ 10.0, 6.5, 11.0, 7.5 ] },
										"west": { "texture": "#poor", "uv": [ 6.5, 6.0, 8.5, 7.0 ] },
										"up": { "texture": "#poor", "uv": [ 8.0, 5.0, 9.0, 7.0 ] },
										"down": { "texture": "#poor", "uv": [ 6.5, 7.0, 7.5, 9.0 ] }
									}
								},
								{
									"name": "Cube25",
									"from": [ 5.0, 0.0, 1.0 ],
									"to": [ 6.0, 1.0, 2.0 ],
									"uv": [ 1.0, 4.0 ],
									"rotationOrigin": [ 5.0, 0.0, 2.0 ],
									"faces": {
										"north": { "texture": "#poor", "uv": [ 10.0, 9.0, 11.0, 10.0 ] },
										"east": { "texture": "#poor", "uv": [ 4.5, 5.0, 5.5, 6.0 ] },
										"south": { "texture": "#poor", "uv": [ 1.0, 4.5, 2.0, 5.5 ] },
										"west": { "texture": "#poor", "uv": [ 12.5, 6.0, 13.5, 7.0 ] },
										"up": { "texture": "#poor", "uv": [ 11.0, 5.0, 12.0, 6.0 ] },
										"down": { "texture": "#poor", "uv": [ 9.5, 4.0, 10.5, 5.0 ] }
									}
								},
								{
									"name": "Cube26",
									"from": [ 6.0, 0.0, 2.0 ],
									"to": [ 7.0, 1.0, 3.0 ],
									"uv": [ 3.0, 7.0 ],
									"rotationOrigin": [ 6.0, 0.0, 3.0 ],
									"faces": {
										"north": { "texture": "#poor", "uv": [ 8.0, 10.5, 9.0, 11.5 ] },
										"east": { "texture": "#poor", "uv": [ 3.0, 9.0, 4.0, 10.0 ] },
										"south": { "texture": "#poor", "uv": [ 5.5, 9.0, 6.5, 10.0 ] },
										"west": { "texture": "#poor", "uv": [ 9.5, 7.0, 10.5, 8.0 ] },
										"up": { "texture": "#poor", "uv": [ 7.0, 12.5, 8.0, 13.5 ] },
										"down": { "texture": "#poor", "uv": [ 10.5, 10.0, 11.5, 11.0 ] }
									}
								},
								{
									"name": "Cube27",
									"from": [ 7.0, 0.0, 3.0 ],
									"to": [ 8.0, 1.0, 5.0 ],
									"uv": [ 6.5, 2.5 ],
									"rotationOrigin": [ 7.0, 0.0, 5.0 ],
									"faces": {
										"north": { "texture": "#poor", "uv": [ 8.0, 8.0, 10.0, 9.0 ] },
										"east": { "texture": "#poor", "uv": [ 12.0, 2.5, 13.0, 3.5 ] },
										"south": { "texture": "#poor", "uv": [ 10.0, 7.0, 12.0, 8.0 ] },
										"west": { "texture": "#poor", "uv": [ 9.5, 8.5, 10.5, 9.5 ] },
										"up": { "texture": "#poor", "uv": [ 7.5, 3.5, 9.5, 4.5 ] },
										"down": { "texture": "#poor", "uv": [ 6.5, 5.0, 8.5, 6.0 ] }
									}
								},
								{
									"name": "Cube28",
									"from": [ 0.0, 1.0, 8.0 ],
									"to": [ 1.0, 2.0, 9.0 ],
									"uv": [ 3.0, 4.5 ],
									"rotationOrigin": [ 0.0, 1.0, 9.0 ],
									"rotationX": 180.0,
									"faces": {
										"north": { "texture": "#poor", "uv": [ 6.5, 12.0, 7.5, 13.0 ] },
										"east": { "texture": "#poor", "uv": [ 9.5, 9.5, 10.5, 10.5 ] },
										"south": { "texture": "#poor", "uv": [ 13.0, 8.5, 14.0, 9.5 ] },
										"west": { "texture": "#poor", "uv": [ 4.0, 12.0, 5.0, 13.0 ] },
										"up": { "texture": "#poor", "uv": [ 3.0, 4.5, 4.0, 5.5 ] },
										"down": { "texture": "#poor", "uv": [ 11.0, 6.0, 12.0, 7.0 ] }
									},
									"children": [
										{
											"name": "Cube29",
											"from": [ 1.0, 0.0, -1.0 ],
											"to": [ 3.0, 1.0, 0.0 ],
											"uv": [ 3.5, 3.5 ],
											"rotationOrigin": [ 1.0, 0.0, 0.0 ],
											"faces": {
												"north": { "texture": "#poor", "uv": [ 8.5, 10.5, 9.5, 11.5 ] },
												"east": { "texture": "#poor", "uv": [ 9.5, 5.0, 11.5, 6.0 ] },
												"south": { "texture": "#poor", "uv": [ 3.5, 4.0, 4.5, 5.0 ] },
												"west": { "texture": "#poor", "uv": [ 6.5, 5.0, 8.5, 6.0 ] },
												"up": { "texture": "#poor", "uv": [ 4.5, 3.5, 5.5, 5.5 ] },
												"down": { "texture": "#poor", "uv": [ 7.0, 10.0, 8.0, 12.0 ] }
											}
										},
										{
											"name": "Cube30",
											"from": [ 3.0, 0.0, 0.0 ],
											"to": [ 5.0, 1.0, 1.0 ],
											"uv": [ 5.0, 2.5 ],
											"rotationOrigin": [ 3.0, 0.0, 1.0 ],
											"faces": {
												"north": { "texture": "#poor", "uv": [ 6.0, 7.5, 7.0, 8.5 ] },
												"east": { "texture": "#poor", "uv": [ 7.5, 6.0, 9.5, 7.0 ] },
												"south": { "texture": "#poor", "uv": [ 5.0, 9.5, 6.0, 10.5 ] },
												"west": { "texture": "#poor", "uv": [ 9.5, 12.5, 11.5, 13.5 ] },
												"up": { "texture": "#poor", "uv": [ 11.0, 5.0, 12.0, 7.0 ] },
												"down": { "texture": "#poor", "uv": [ 9.5, 2.5, 10.5, 4.5 ] }
											}
										},
										{
											"name": "Cube31",
											"from": [ 5.0, 0.0, 1.0 ],
											"to": [ 6.0, 1.0, 2.0 ],
											"uv": [ 3.0, 2.5 ],
											"rotationOrigin": [ 5.0, 0.0, 2.0 ],
											"faces": {
												"north": { "texture": "#poor", "uv": [ 3.0, 5.0, 4.0, 6.0 ] },
												"east": { "texture": "#poor", "uv": [ 11.0, 6.5, 12.0, 7.5 ] },
												"south": { "texture": "#poor", "uv": [ 5.5, 10.5, 6.5, 11.5 ] },
												"west": { "texture": "#poor", "uv": [ 4.0, 2.5, 5.0, 3.5 ] },
												"up": { "texture": "#poor", "uv": [ 5.5, 6.5, 6.5, 7.5 ] },
												"down": { "texture": "#poor", "uv": [ 6.0, 3.5, 7.0, 4.5 ] }
											}
										},
										{
											"name": "Cube32",
											"from": [ 6.0, 0.0, 2.0 ],
											"to": [ 7.0, 1.0, 3.0 ],
											"uv": [ 3.5, 1.0 ],
											"rotationOrigin": [ 6.0, 0.0, 3.0 ],
											"faces": {
												"north": { "texture": "#poor", "uv": [ 5.0, 1.0, 6.0, 2.0 ] },
												"east": { "texture": "#poor", "uv": [ 7.5, 4.5, 8.5, 5.5 ] },
												"south": { "texture": "#poor", "uv": [ 4.5, 3.0, 5.5, 4.0 ] },
												"west": { "texture": "#poor", "uv": [ 8.5, 4.5, 9.5, 5.5 ] },
												"up": { "texture": "#poor", "uv": [ 3.5, 8.0, 4.5, 9.0 ] },
												"down": { "texture": "#poor", "uv": [ 11.0, 4.5, 12.0, 5.5 ] }
											}
										},
										{
											"name": "Cube33",
											"from": [ 7.0, 0.0, 3.0 ],
											"to": [ 8.0, 1.0, 5.0 ],
											"uv": [ 4.0, 4.0 ],
											"rotationOrigin": [ 7.0, 0.0, 5.0 ],
											"faces": {
												"north": { "texture": "#poor", "uv": [ 9.0, 6.0, 11.0, 7.0 ] },
												"east": { "texture": "#poor", "uv": [ 11.0, 4.0, 12.0, 5.0 ] },
												"south": { "texture": "#poor", "uv": [ 4.0, 5.5, 6.0, 6.5 ] },
												"west": { "texture": "#poor", "uv": [ 4.5, 10.5, 5.5, 11.5 ] },
												"up": { "texture": "#poor", "uv": [ 8.5, 7.0, 10.5, 8.0 ] },
												"down": { "texture": "#poor", "uv": [ 7.0, 12.5, 9.0, 13.5 ] }
											}
										}
									]
								}
							]
						}
					]
				},
				{
					"name": "Cube18",
					"from": [ 1.0, 4.0, -10.0 ],
					"to": [ 2.0, 5.0, -6.0 ],
					"uv": [ 1.5, 1.5 ],
					"rotationOrigin": [ 1.0, 4.0, -6.0 ],
					"faces": {
						"north": { "texture": "#black", "uv": [ 5.5, 14.5, 6.5, 15.5 ] },
						"east": { "texture": "#black", "uv": [ 6.5, 8.0, 10.5, 9.0 ] },
						"south": { "texture": "#black", "uv": [ 1.5, 5.0, 2.5, 6.0 ] },
						"west": { "texture": "#black", "uv": [ 10.0, 6.0, 14.0, 7.0 ] },
						"up": { "texture": "#black", "uv": [ 4.0, 6.5, 5.0, 10.5 ] },
						"down": { "texture": "#black", "uv": [ 6.0, 1.5, 7.0, 5.5 ] }
					},
					"children": [
						{
							"name": "Cube34",
							"from": [ 1.0, 0.0, 4.0 ],
							"to": [ 2.0, 1.0, 6.0 ],
							"uv": [ 4.0, 4.0 ],
							"rotationOrigin": [ 1.0, 0.0, 6.0 ],
							"faces": {
								"north": { "texture": "#black", "uv": [ 7.0, 4.0, 8.0, 5.0 ] },
								"east": { "texture": "#black", "uv": [ 9.0, 5.5, 11.0, 6.5 ] },
								"south": { "texture": "#black", "uv": [ 12.0, 14.0, 13.0, 15.0 ] },
								"west": { "texture": "#black", "uv": [ 8.5, 10.5, 10.5, 11.5 ] },
								"up": { "texture": "#black", "uv": [ 4.0, 9.5, 5.0, 11.5 ] },
								"down": { "texture": "#black", "uv": [ 8.5, 7.0, 9.5, 9.0 ] }
							}
						},
						{
							"name": "Cube35",
							"from": [ 1.0, 0.0, -2.0 ],
							"to": [ 2.0, 1.0, 0.0 ],
							"uv": [ 0.0, 0.0 ],
							"rotationOrigin": [ 1.0, 0.0, 0.0 ],
							"faces": {
								"north": { "texture": "#black", "uv": [ 2.0, 2.5, 3.0, 3.5 ] },
								"east": { "texture": "#black", "uv": [ 9.5, 0.0, 11.5, 1.0 ] },
								"south": { "texture": "#black", "uv": [ 6.0, 3.5, 7.0, 4.5 ] },
								"west": { "texture": "#black", "uv": [ 7.0, 9.5, 9.0, 10.5 ] },
								"up": { "texture": "#black", "uv": [ 0.0, 13.5, 1.0, 15.5 ] },
								"down": { "texture": "#black", "uv": [ 10.5, 1.0, 11.5, 3.0 ] }
							}
						},
						{
							"name": "Cube36",
							"from": [ 2.0, 0.0, 5.0 ],
							"to": [ 4.0, 1.0, 7.0 ],
							"uv": [ 2.5, 1.0 ],
							"rotationOrigin": [ 2.0, 0.0, 7.0 ],
							"faces": {
								"north": { "texture": "#black", "uv": [ 4.5, 14.0, 6.5, 15.0 ] },
								"east": { "texture": "#black", "uv": [ 9.5, 1.0, 11.5, 2.0 ] },
								"south": { "texture": "#black", "uv": [ 9.0, 1.5, 11.0, 2.5 ] },
								"west": { "texture": "#black", "uv": [ 2.5, 10.5, 4.5, 11.5 ] },
								"up": { "texture": "#black", "uv": [ 13.0, 3.0, 15.0, 5.0 ] },
								"down": { "texture": "#black", "uv": [ 10.0, 11.5, 12.0, 13.5 ] }
							}
						},
						{
							"name": "Cube37",
							"from": [ 2.0, 0.0, -3.0 ],
							"to": [ 4.0, 1.0, -1.0 ],
							"uv": [ 2.5, 1.5 ],
							"rotationOrigin": [ 2.0, 0.0, -1.0 ],
							"faces": {
								"north": { "texture": "#black", "uv": [ 2.5, 4.5, 4.5, 5.5 ] },
								"east": { "texture": "#black", "uv": [ 4.5, 8.5, 6.5, 9.5 ] },
								"south": { "texture": "#black", "uv": [ 4.0, 1.5, 6.0, 2.5 ] },
								"west": { "texture": "#black", "uv": [ 3.5, 6.0, 5.5, 7.0 ] },
								"up": { "texture": "#black", "uv": [ 12.5, 6.0, 14.5, 8.0 ] },
								"down": { "texture": "#black", "uv": [ 5.0, 8.5, 7.0, 10.5 ] }
							}
						}
					]
				},
				{
					"name": "Cube38",
					"from": [ 2.0, 3.0, -10.0 ],
					"to": [ 3.0, 4.0, -6.0 ],
					"uv": [ 0.0, 3.5 ],
					"rotationOrigin": [ 2.0, 3.0, -6.0 ],
					"faces": {
						"north": { "texture": "#black", "uv": [ 0.5, 13.0, 1.5, 14.0 ] },
						"east": { "texture": "#black", "uv": [ 4.5, 11.0, 8.5, 12.0 ] },
						"south": { "texture": "#black", "uv": [ 9.0, 4.5, 10.0, 5.5 ] },
						"west": { "texture": "#black", "uv": [ 0.0, 3.5, 4.0, 4.5 ] },
						"up": { "texture": "#black", "uv": [ 6.5, 6.0, 7.5, 10.0 ] },
						"down": { "texture": "#black", "uv": [ 1.5, 11.5, 2.5, 15.5 ] }
					},
					"children": [
						{
							"name": "Cube39",
							"from": [ 1.0, 0.0, 4.0 ],
							"to": [ 2.0, 1.0, 6.0 ],
							"uv": [ 2.0, 0.0 ],
							"rotationOrigin": [ 1.0, 0.0, 6.0 ],
							"faces": {
								"north": { "texture": "#black", "uv": [ 12.5, 14.0, 13.5, 15.0 ] },
								"east": { "texture": "#black", "uv": [ 8.0, 8.5, 10.0, 9.5 ] },
								"south": { "texture": "#black", "uv": [ 12.0, 0.0, 13.0, 1.0 ] },
								"west": { "texture": "#black", "uv": [ 12.5, 7.5, 14.5, 8.5 ] },
								"up": { "texture": "#black", "uv": [ 9.5, 8.5, 10.5, 10.5 ] },
								"down": { "texture": "#black", "uv": [ 2.0, 11.5, 3.0, 13.5 ] }
							}
						},
						{
							"name": "Cube40",
							"from": [ 1.0, 0.0, -2.0 ],
							"to": [ 2.0, 1.0, 0.0 ],
							"uv": [ 0.5, 0.5 ],
							"rotationOrigin": [ 1.0, 0.0, 0.0 ],
							"faces": {
								"north": { "texture": "#black", "uv": [ 10.5, 3.5, 11.5, 4.5 ] },
								"east": { "texture": "#black", "uv": [ 11.0, 6.5, 13.0, 7.5 ] },
								"south": { "texture": "#black", "uv": [ 0.5, 8.0, 1.5, 9.0 ] },
								"west": { "texture": "#black", "uv": [ 9.0, 11.5, 11.0, 12.5 ] },
								"up": { "texture": "#black", "uv": [ 8.0, 0.5, 9.0, 2.5 ] },
								"down": { "texture": "#black", "uv": [ 8.5, 4.0, 9.5, 6.0 ] }
							}
						},
						{
							"name": "Cube41",
							"from": [ 2.0, 0.0, 5.0 ],
							"to": [ 4.0, 1.0, 7.0 ],
							"uv": [ 1.5, 0.5 ],
							"rotationOrigin": [ 2.0, 0.0, 7.0 ],
							"faces": {
								"north": { "texture": "#black", "uv": [ 1.5, 12.5, 3.5, 13.5 ] },
								"east": { "texture": "#black", "uv": [ 3.5, 1.0, 5.5, 2.0 ] },
								"south": { "texture": "#black", "uv": [ 8.5, 5.5, 10.5, 6.5 ] },
								"west": { "texture": "#black", "uv": [ 4.0, 14.0, 6.0, 15.0 ] },
								"up": { "texture": "#black", "uv": [ 5.5, 0.5, 7.5, 2.5 ] },
								"down": { "texture": "#black", "uv": [ 7.5, 12.5, 9.5, 14.5 ] }
							}
						},
						{
							"name": "Cube42",
							"from": [ 2.0, 0.0, -3.0 ],
							"to": [ 4.0, 1.0, -1.0 ],
							"uv": [ 6.5, 4.5 ],
							"rotationOrigin": [ 2.0, 0.0, -1.0 ],
							"faces": {
								"north": { "texture": "#black", "uv": [ 8.0, 11.5, 10.0, 12.5 ] },
								"east": { "texture": "#black", "uv": [ 10.5, 7.5, 12.5, 8.5 ] },
								"south": { "texture": "#black", "uv": [ 9.0, 11.0, 11.0, 12.0 ] },
								"west": { "texture": "#black", "uv": [ 12.0, 9.5, 14.0, 10.5 ] },
								"up": { "texture": "#black", "uv": [ 8.5, 5.5, 10.5, 7.5 ] },
								"down": { "texture": "#black", "uv": [ 6.5, 4.5, 8.5, 6.5 ] }
							}
						}
					]
				},
				{
					"name": "Cube43",
					"from": [ 2.0, 2.0, -10.0 ],
					"to": [ 3.0, 3.0, -6.0 ],
					"uv": [ 1.0, 0.5 ],
					"rotationOrigin": [ 2.0, 2.0, -6.0 ],
					"faces": {
						"north": { "texture": "#black", "uv": [ 1.0, 2.0, 2.0, 3.0 ] },
						"east": { "texture": "#black", "uv": [ 9.5, 9.0, 13.5, 10.0 ] },
						"south": { "texture": "#black", "uv": [ 9.0, 3.5, 10.0, 4.5 ] },
						"west": { "texture": "#black", "uv": [ 4.0, 8.5, 8.0, 9.5 ] },
						"up": { "texture": "#black", "uv": [ 7.0, 5.5, 8.0, 9.5 ] },
						"down": { "texture": "#black", "uv": [ 3.5, 0.5, 4.5, 4.5 ] }
					},
					"children": [
						{
							"name": "Cube44",
							"from": [ 1.0, 0.0, 4.0 ],
							"to": [ 2.0, 1.0, 6.0 ],
							"uv": [ 1.5, 1.0 ],
							"rotationOrigin": [ 1.0, 0.0, 6.0 ],
							"faces": {
								"north": { "texture": "#black", "uv": [ 3.5, 1.5, 4.5, 2.5 ] },
								"east": { "texture": "#black", "uv": [ 9.0, 1.0, 11.0, 2.0 ] },
								"south": { "texture": "#black", "uv": [ 9.0, 14.5, 10.0, 15.5 ] },
								"west": { "texture": "#black", "uv": [ 1.5, 6.0, 3.5, 7.0 ] },
								"up": { "texture": "#black", "uv": [ 8.5, 9.0, 9.5, 11.0 ] },
								"down": { "texture": "#black", "uv": [ 10.0, 9.0, 11.0, 11.0 ] }
							}
						},
						{
							"name": "Cube45",
							"from": [ 1.0, 0.0, -2.0 ],
							"to": [ 2.0, 1.0, 0.0 ],
							"uv": [ 0.0, 3.5 ],
							"rotationOrigin": [ 1.0, 0.0, 0.0 ],
							"faces": {
								"north": { "texture": "#black", "uv": [ 4.0, 10.5, 5.0, 11.5 ] },
								"east": { "texture": "#black", "uv": [ 12.5, 12.0, 14.5, 13.0 ] },
								"south": { "texture": "#black", "uv": [ 9.5, 7.0, 10.5, 8.0 ] },
								"west": { "texture": "#black", "uv": [ 14.0, 3.5, 16.0, 4.5 ] },
								"up": { "texture": "#black", "uv": [ 3.5, 14.0, 4.5, 16.0 ] },
								"down": { "texture": "#black", "uv": [ 0.0, 12.5, 1.0, 14.5 ] }
							}
						},
						{
							"name": "Cube46",
							"from": [ 2.0, 0.0, 5.0 ],
							"to": [ 4.0, 1.0, 7.0 ],
							"uv": [ 3.0, 4.0 ],
							"rotationOrigin": [ 2.0, 0.0, 7.0 ],
							"faces": {
								"north": { "texture": "#black", "uv": [ 3.0, 4.0, 5.0, 5.0 ] },
								"east": { "texture": "#black", "uv": [ 11.5, 6.0, 13.5, 7.0 ] },
								"south": { "texture": "#black", "uv": [ 8.0, 10.0, 10.0, 11.0 ] },
								"west": { "texture": "#black", "uv": [ 12.0, 8.5, 14.0, 9.5 ] },
								"up": { "texture": "#black", "uv": [ 9.5, 12.5, 11.5, 14.5 ] },
								"down": { "texture": "#black", "uv": [ 5.0, 5.5, 7.0, 7.5 ] }
							}
						},
						{
							"name": "Cube47",
							"from": [ 2.0, 0.0, -3.0 ],
							"to": [ 4.0, 1.0, -1.0 ],
							"uv": [ 1.0, 1.0 ],
							"rotationOrigin": [ 2.0, 0.0, -1.0 ],
							"faces": {
								"north": { "texture": "#black", "uv": [ 13.0, 8.0, 15.0, 9.0 ] },
								"east": { "texture": "#black", "uv": [ 1.0, 7.5, 3.0, 8.5 ] },
								"south": { "texture": "#black", "uv": [ 10.0, 9.0, 12.0, 10.0 ] },
								"west": { "texture": "#black", "uv": [ 2.5, 13.0, 4.5, 14.0 ] },
								"up": { "texture": "#black", "uv": [ 3.0, 13.0, 5.0, 15.0 ] },
								"down": { "texture": "#black", "uv": [ 4.0, 1.0, 6.0, 3.0 ] }
							}
						}
					]
				},
				{
					"name": "Cube48",
					"from": [ 5.0, 4.0, -4.0 ],
					"to": [ 11.0, 5.0, -2.0 ],
					"uv": [ 0.0, 0.5 ],
					"rotationOrigin": [ 5.0, 4.0, -2.0 ],
					"faces": {
						"north": { "texture": "#black", "uv": [ 6.0, 8.5, 12.0, 9.5 ] },
						"east": { "texture": "#black", "uv": [ 0.0, 0.5, 2.0, 1.5 ] },
						"south": { "texture": "#black", "uv": [ 4.5, 4.0, 10.5, 5.0 ] },
						"west": { "texture": "#black", "uv": [ 5.5, 8.0, 7.5, 9.0 ] },
						"up": { "texture": "#black", "uv": [ 0.0, 2.5, 6.0, 4.5 ] },
						"down": { "texture": "#black", "uv": [ 0.5, 1.0, 6.5, 3.0 ] }
					},
					"children": [
						{
							"name": "Cube49",
							"from": [ 1.0, -2.0, 1.0 ],
							"to": [ 7.0, 0.0, 3.0 ],
							"uv": [ 0.0, 1.0 ],
							"rotationOrigin": [ 1.0, -2.0, 3.0 ],
							"faces": {
								"north": { "texture": "#black", "uv": [ 5.5, 6.5, 11.5, 8.5 ] },
								"east": { "texture": "#black", "uv": [ 6.0, 3.5, 8.0, 5.5 ] },
								"south": { "texture": "#black", "uv": [ 8.0, 1.0, 14.0, 3.0 ] },
								"west": { "texture": "#black", "uv": [ 1.0, 12.5, 3.0, 14.5 ] },
								"up": { "texture": "#black", "uv": [ 0.0, 6.0, 6.0, 8.0 ] },
								"down": { "texture": "#black", "uv": [ 0.0, 5.5, 6.0, 7.5 ] }
							}
						},
						{
							"name": "Cube50",
							"from": [ 2.0, -4.0, -10.0 ],
							"to": [ 11.0, -2.0, 2.0 ],
							"uv": [ 0.0, 0.5 ],
							"rotationOrigin": [ 2.0, -4.0, 2.0 ],
							"faces": {
								"north": { "texture": "#black", "uv": [ 0.5, 2.5, 9.5, 4.5 ] },
								"east": { "texture": "#black", "uv": [ 2.5, 3.0, 14.5, 5.0 ] },
								"south": { "texture": "#black", "uv": [ 1.5, 3.5, 10.5, 5.5 ] },
								"west": { "texture": "#black", "uv": [ 3.0, 5.0, 15.0, 7.0 ] },
								"up": { "texture": "#black", "uv": [ 0.0, 0.5, 9.0, 12.5 ] },
								"down": { "texture": "#black", "uv": [ 3.0, 2.0, 12.0, 14.0 ] }
							}
						},
						{
							"name": "Cube51",
							"from": [ 7.0, -2.0, -10.0 ],
							"to": [ 11.0, 0.0, 2.0 ],
							"uv": [ 0.0, 2.5 ],
							"rotationOrigin": [ 7.0, -2.0, 2.0 ],
							"faces": {
								"north": { "texture": "#black", "uv": [ 0.0, 3.0, 4.0, 5.0 ] },
								"east": { "texture": "#black", "uv": [ 2.5, 11.0, 14.5, 13.0 ] },
								"south": { "texture": "#black", "uv": [ 0.5, 12.0, 4.5, 14.0 ] },
								"west": { "texture": "#black", "uv": [ 2.0, 6.0, 14.0, 8.0 ] },
								"up": { "texture": "#black", "uv": [ 5.5, 2.5, 9.5, 14.5 ] },
								"down": { "texture": "#black", "uv": [ 4.5, 2.5, 8.5, 14.5 ] }
							}
						},
						{
							"name": "Cube52",
							"from": [ -2.0, -4.0, -6.0 ],
							"to": [ -1.0, -2.0, -2.0 ],
							"uv": [ 3.0, 0.0 ],
							"rotationOrigin": [ -2.0, -4.0, -2.0 ],
							"faces": {
								"north": { "texture": "#black", "uv": [ 10.0, 7.5, 11.0, 9.5 ] },
								"east": { "texture": "#black", "uv": [ 4.0, 9.5, 8.0, 11.5 ] },
								"south": { "texture": "#black", "uv": [ 9.5, 10.5, 10.5, 12.5 ] },
								"west": { "texture": "#black", "uv": [ 9.0, 1.5, 13.0, 3.5 ] },
								"up": { "texture": "#black", "uv": [ 3.0, 7.0, 4.0, 11.0 ] },
								"down": { "texture": "#black", "uv": [ 5.0, 0.0, 6.0, 4.0 ] }
							}
						},
						{
							"name": "Cube53",
							"from": [ -1.0, -4.0, -7.0 ],
							"to": [ 0.0, -2.0, -1.0 ],
							"uv": [ 1.0, 0.0 ],
							"rotationOrigin": [ -1.0, -4.0, -1.0 ],
							"faces": {
								"north": { "texture": "#black", "uv": [ 3.5, 13.0, 4.5, 15.0 ] },
								"east": { "texture": "#black", "uv": [ 4.0, 7.0, 10.0, 9.0 ] },
								"south": { "texture": "#black", "uv": [ 7.0, 10.5, 8.0, 12.5 ] },
								"west": { "texture": "#black", "uv": [ 9.0, 0.0, 15.0, 2.0 ] },
								"up": { "texture": "#black", "uv": [ 1.0, 3.5, 2.0, 9.5 ] },
								"down": { "texture": "#black", "uv": [ 9.5, 3.0, 10.5, 9.0 ] }
							}
						},
						{
							"name": "Cube54",
							"from": [ 0.0, -4.0, -8.0 ],
							"to": [ 1.0, -2.0, 0.0 ],
							"uv": [ 1.0, 1.0 ],
							"rotationOrigin": [ 0.0, -4.0, 0.0 ],
							"faces": {
								"north": { "texture": "#black", "uv": [ 2.0, 1.0, 3.0, 3.0 ] },
								"east": { "texture": "#black", "uv": [ 5.5, 5.5, 13.5, 7.5 ] },
								"south": { "texture": "#black", "uv": [ 1.0, 12.0, 2.0, 14.0 ] },
								"west": { "texture": "#black", "uv": [ 7.0, 2.0, 15.0, 4.0 ] },
								"up": { "texture": "#black", "uv": [ 6.5, 3.0, 7.5, 11.0 ] },
								"down": { "texture": "#black", "uv": [ 7.5, 5.0, 8.5, 13.0 ] }
							}
						},
						{
							"name": "Cube55",
							"from": [ 1.0, -4.0, -9.0 ],
							"to": [ 2.0, -2.0, 1.0 ],
							"uv": [ 0.5, 3.5 ],
							"rotationOrigin": [ 1.0, -4.0, 1.0 ],
							"faces": {
								"north": { "texture": "#black", "uv": [ 4.5, 6.5, 5.5, 8.5 ] },
								"east": { "texture": "#black", "uv": [ 2.5, 5.5, 12.5, 7.5 ] },
								"south": { "texture": "#black", "uv": [ 0.5, 10.0, 1.5, 12.0 ] },
								"west": { "texture": "#black", "uv": [ 4.0, 8.5, 14.0, 10.5 ] },
								"up": { "texture": "#black", "uv": [ 6.5, 3.5, 7.5, 13.5 ] },
								"down": { "texture": "#black", "uv": [ 6.0, 4.0, 7.0, 14.0 ] }
							}
						},
						{
							"name": "Cube56",
							"from": [ 0.0, 0.0, -10.0 ],
							"to": [ 6.0, 1.0, -8.0 ],
							"uv": [ 1.0, 4.5 ],
							"rotationOrigin": [ 0.0, 0.0, -8.0 ],
							"faces": {
								"north": { "texture": "#black", "uv": [ 9.0, 6.5, 15.0, 7.5 ] },
								"east": { "texture": "#black", "uv": [ 9.0, 14.0, 11.0, 15.0 ] },
								"south": { "texture": "#black", "uv": [ 7.0, 10.5, 13.0, 11.5 ] },
								"west": { "texture": "#black", "uv": [ 1.0, 14.0, 3.0, 15.0 ] },
								"up": { "texture": "#black", "uv": [ 6.0, 4.5, 12.0, 6.5 ] },
								"down": { "texture": "#black", "uv": [ 7.0, 5.0, 13.0, 7.0 ] }
							}
						},
						{
							"name": "Cube57",
							"from": [ 1.0, -2.0, -11.0 ],
							"to": [ 7.0, 0.0, -9.0 ],
							"uv": [ 2.0, 0.0 ],
							"rotationOrigin": [ 1.0, -2.0, -9.0 ],
							"faces": {
								"north": { "texture": "#black", "uv": [ 8.0, 5.0, 14.0, 7.0 ] },
								"east": { "texture": "#black", "uv": [ 4.0, 0.0, 6.0, 2.0 ] },
								"south": { "texture": "#black", "uv": [ 2.0, 7.5, 8.0, 9.5 ] },
								"west": { "texture": "#black", "uv": [ 2.0, 12.0, 4.0, 14.0 ] },
								"up": { "texture": "#black", "uv": [ 6.5, 8.0, 12.5, 10.0 ] },
								"down": { "texture": "#black", "uv": [ 4.0, 9.5, 10.0, 11.5 ] }
							}
						},
						{
							"name": "Cube58",
							"from": [ 7.0, -2.0, 2.0 ],
							"to": [ 11.0, -1.0, 3.0 ],
							"uv": [ 0.5, 1.0 ],
							"rotationOrigin": [ 7.0, -2.0, 3.0 ],
							"faces": {
								"north": { "texture": "#black", "uv": [ 4.5, 8.0, 8.5, 9.0 ] },
								"east": { "texture": "#black", "uv": [ 0.5, 14.5, 1.5, 15.5 ] },
								"south": { "texture": "#black", "uv": [ 10.5, 1.0, 14.5, 2.0 ] },
								"west": { "texture": "#black", "uv": [ 7.5, 1.5, 8.5, 2.5 ] },
								"up": { "texture": "#black", "uv": [ 3.5, 6.5, 7.5, 7.5 ] },
								"down": { "texture": "#black", "uv": [ 7.5, 2.0, 11.5, 3.0 ] }
							}
						},
						{
							"name": "Cube59",
							"from": [ 7.0, -2.0, -11.0 ],
							"to": [ 11.0, -1.0, -10.0 ],
							"uv": [ 0.5, 3.0 ],
							"rotationOrigin": [ 7.0, -2.0, -10.0 ],
							"faces": {
								"north": { "texture": "#black", "uv": [ 5.0, 13.5, 9.0, 14.5 ] },
								"east": { "texture": "#black", "uv": [ 7.5, 5.0, 8.5, 6.0 ] },
								"south": { "texture": "#black", "uv": [ 9.5, 13.0, 13.5, 14.0 ] },
								"west": { "texture": "#black", "uv": [ 11.5, 7.0, 12.5, 8.0 ] },
								"up": { "texture": "#black", "uv": [ 0.5, 6.0, 4.5, 7.0 ] },
								"down": { "texture": "#black", "uv": [ 3.0, 3.0, 7.0, 4.0 ] }
							}
						},
						{
							"name": "Cube60",
							"from": [ 6.0, 0.0, -9.0 ],
							"to": [ 11.0, 1.0, 1.0 ],
							"uv": [ 2.0, 0.0 ],
							"rotationOrigin": [ 6.0, 0.0, 1.0 ],
							"faces": {
								"north": { "texture": "#black", "uv": [ 3.5, 4.5, 8.5, 5.5 ] },
								"east": { "texture": "#black", "uv": [ 2.0, 0.0, 12.0, 1.0 ] },
								"south": { "texture": "#black", "uv": [ 4.0, 6.0, 9.0, 7.0 ] },
								"west": { "texture": "#black", "uv": [ 4.0, 10.0, 14.0, 11.0 ] },
								"up": { "texture": "#black", "uv": [ 2.0, 3.0, 7.0, 13.0 ] },
								"down": { "texture": "#black", "uv": [ 2.5, 2.0, 7.5, 12.0 ] }
							}
						},
						{
							"name": "Cube61",
							"from": [ 4.0, 0.0, -1.0 ],
							"to": [ 6.0, 1.0, 0.0 ],
							"uv": [ 5.5, 0.0 ],
							"rotationOrigin": [ 4.0, 0.0, 0.0 ],
							"faces": {
								"north": { "texture": "#black", "uv": [ 10.0, 1.0, 12.0, 2.0 ] },
								"east": { "texture": "#black", "uv": [ 7.0, 1.5, 8.0, 2.5 ] },
								"south": { "texture": "#black", "uv": [ 6.0, 7.0, 8.0, 8.0 ] },
								"west": { "texture": "#black", "uv": [ 11.0, 3.0, 12.0, 4.0 ] },
								"up": { "texture": "#black", "uv": [ 5.5, 0.0, 7.5, 1.0 ] },
								"down": { "texture": "#black", "uv": [ 11.5, 13.5, 13.5, 14.5 ] }
							}
						},
						{
							"name": "Cube62",
							"from": [ 4.0, 0.0, -8.0 ],
							"to": [ 6.0, 1.0, -7.0 ],
							"uv": [ 0.0, 0.0 ],
							"rotationOrigin": [ 4.0, 0.0, -7.0 ],
							"faces": {
								"north": { "texture": "#black", "uv": [ 0.0, 11.0, 2.0, 12.0 ] },
								"east": { "texture": "#black", "uv": [ 8.5, 13.0, 9.5, 14.0 ] },
								"south": { "texture": "#black", "uv": [ 1.5, 0.0, 3.5, 1.0 ] },
								"west": { "texture": "#black", "uv": [ 5.0, 8.0, 6.0, 9.0 ] },
								"up": { "texture": "#black", "uv": [ 13.0, 3.5, 15.0, 4.5 ] },
								"down": { "texture": "#black", "uv": [ 11.5, 7.5, 13.5, 8.5 ] }
							}
						},
						{
							"name": "Cube63",
							"from": [ 5.0, 0.0, -7.0 ],
							"to": [ 6.0, 1.0, -6.0 ],
							"uv": [ 0.5, 0.0 ],
							"rotationOrigin": [ 5.0, 0.0, -6.0 ],
							"faces": {
								"north": { "texture": "#black", "uv": [ 8.0, 13.5, 9.0, 14.5 ] },
								"east": { "texture": "#black", "uv": [ 0.5, 5.0, 1.5, 6.0 ] },
								"south": { "texture": "#black", "uv": [ 9.5, 0.0, 10.5, 1.0 ] },
								"west": { "texture": "#black", "uv": [ 5.5, 12.5, 6.5, 13.5 ] },
								"up": { "texture": "#black", "uv": [ 12.5, 12.5, 13.5, 13.5 ] },
								"down": { "texture": "#black", "uv": [ 8.0, 14.5, 9.0, 15.5 ] }
							}
						},
						{
							"name": "Cube64",
							"from": [ 5.0, 0.0, -2.0 ],
							"to": [ 6.0, 1.0, -1.0 ],
							"uv": [ 1.5, 4.5 ],
							"rotationOrigin": [ 5.0, 0.0, -1.0 ],
							"faces": {
								"north": { "texture": "#black", "uv": [ 1.5, 11.0, 2.5, 12.0 ] },
								"east": { "texture": "#black", "uv": [ 8.5, 4.5, 9.5, 5.5 ] },
								"south": { "texture": "#black", "uv": [ 11.5, 7.0, 12.5, 8.0 ] },
								"west": { "texture": "#black", "uv": [ 10.0, 14.0, 11.0, 15.0 ] },
								"up": { "texture": "#black", "uv": [ 7.0, 9.5, 8.0, 10.5 ] },
								"down": { "texture": "#black", "uv": [ 5.0, 12.5, 6.0, 13.5 ] }
							}
						}
					]
				}
			]
		}
	]}