{
	"editor": {
		"allAngles": false,
		"entityTextureMode": false
	},
	"textureWidth": 16,
	"textureHeight": 16,
	"textureSizes": {
	},
	"textures": {
	},
	"elements": [
		{
			"name": "Cube6",
			"from": [ 1.0, 15.0, 8.0 ],
			"to": [ 15.0, 16.0, 9.0 ],
			"rotationOrigin": [ 1.0, 15.0, 8.0 ],
			"faces": {
				"north": { "texture": "#lead1", "uv": [ 0.0, 0.0, 14.0, 1.0 ] },
				"east": { "texture": "#lead1", "uv": [ 0.0, 0.0, 1.0, 1.0 ] },
				"south": { "texture": "#lead1", "uv": [ 0.0, 0.0, 14.0, 1.0 ] },
				"west": { "texture": "#lead1", "uv": [ 0.0, 0.0, 1.0, 1.0 ] },
				"up": { "texture": "#lead1", "uv": [ 0.0, 0.0, 14.0, 1.0 ] },
				"down": { "texture": "#lead1", "uv": [ 0.0, 0.0, 14.0, 1.0 ] }
			}
		},
		{
			"name": "Cube2",
			"from": [ 0.0, 1.0, 6.5 ],
			"to": [ 1.0, 16.0, 9.5 ],
			"rotationOrigin": [ 0.0, 1.0, 6.5 ],
			"faces": {
				"north": { "texture": "#acacia1", "uv": [ 0.0, 0.0, 1.0, 15.0 ] },
				"east": { "texture": "#acacia1", "uv": [ 0.0, 0.0, 3.0, 15.0 ] },
				"south": { "texture": "#acacia1", "uv": [ 0.0, 0.0, 1.0, 15.0 ] },
				"west": { "texture": "#acacia1", "uv": [ 0.0, 0.0, 3.0, 15.0 ] },
				"up": { "texture": "#acacia1", "uv": [ 0.0, 0.0, 1.0, 3.0 ] },
				"down": { "texture": "#acacia1", "uv": [ 0.0, 0.0, 1.0, 3.0 ] }
			}
		},
		{
			"name": "Cube3",
			"from": [ 15.0, 1.0, 6.5 ],
			"to": [ 16.0, 16.0, 9.5 ],
			"rotationOrigin": [ 15.0, 1.0, 6.5 ],
			"faces": {
				"north": { "texture": "#acacia1", "uv": [ 0.0, 0.0, 1.0, 15.0 ] },
				"east": { "texture": "#acacia1", "uv": [ 0.0, 0.0, 3.0, 15.0 ] },
				"south": { "texture": "#acacia1", "uv": [ 0.0, 0.0, 1.0, 15.0 ] },
				"west": { "texture": "#acacia1", "uv": [ 0.0, 0.0, 3.0, 15.0 ] },
				"up": { "texture": "#acacia1", "uv": [ 0.0, 0.0, 1.0, 3.0 ] },
				"down": { "texture": "#acacia1", "uv": [ 0.0, 0.0, 1.0, 3.0 ] }
			}
		},
		{
			"name": "Cube7",
			"from": [ 1.0, 30.0, 8.0 ],
			"to": [ 15.0, 31.0, 9.0 ],
			"rotationOrigin": [ 1.0, 30.0, 8.0 ],
			"faces": {
				"north": { "texture": "#lead1", "uv": [ 0.0, 0.0, 14.0, 1.0 ] },
				"east": { "texture": "#lead1", "uv": [ 0.0, 0.0, 1.0, 1.0 ] },
				"south": { "texture": "#lead1", "uv": [ 0.0, 0.0, 14.0, 1.0 ] },
				"west": { "texture": "#lead1", "uv": [ 0.0, 0.0, 1.0, 1.0 ] },
				"up": { "texture": "#lead1", "uv": [ 0.0, 0.0, 14.0, 1.0 ] },
				"down": { "texture": "#lead1", "uv": [ 0.0, 0.0, 14.0, 1.0 ] }
			}
		},
		{
			"name": "Cube5",
			"from": [ 1.0, 16.0, 7.0 ],
			"to": [ 15.0, 17.0, 8.0 ],
			"rotationOrigin": [ 1.0, 16.0, 7.0 ],
			"faces": {
				"north": { "texture": "#lead1", "uv": [ 0.0, 0.0, 14.0, 1.0 ] },
				"east": { "texture": "#lead1", "uv": [ 0.0, 0.0, 1.0, 1.0 ] },
				"south": { "texture": "#lead1", "uv": [ 0.0, 0.0, 14.0, 1.0 ] },
				"west": { "texture": "#lead1", "uv": [ 0.0, 0.0, 1.0, 1.0 ] },
				"up": { "texture": "#lead1", "uv": [ 0.0, 0.0, 14.0, 1.0 ] },
				"down": { "texture": "#lead1", "uv": [ 0.0, 0.0, 14.0, 1.0 ] }
			},
			"children": [
				{
					"name": "Cube4",
					"from": [ 0.0, -15.0, 0.0 ],
					"to": [ 14.0, -14.0, 1.0 ],
					"rotationOrigin": [ 0.0, -15.0, 0.0 ],
					"faces": {
						"north": { "texture": "#lead1", "uv": [ 0.0, 0.0, 14.0, 1.0 ] },
						"east": { "texture": "#lead1", "uv": [ 0.0, 0.0, 1.0, 1.0 ] },
						"south": { "texture": "#lead1", "uv": [ 0.0, 0.0, 14.0, 1.0 ] },
						"west": { "texture": "#lead1", "uv": [ 0.0, 0.0, 1.0, 1.0 ] },
						"up": { "texture": "#lead1", "uv": [ 0.0, 0.0, 14.0, 1.0 ] },
						"down": { "texture": "#lead1", "uv": [ 0.0, 0.0, 14.0, 1.0 ] }
					}
				},
				{
					"name": "Face2",
					"from": [ 0.0, -14.0, 0.5 ],
					"to": [ 14.0, 0.0, 0.5 ],
					"renderPass": 3,
					"rotationOrigin": [ 0.0, -14.0, 0.5 ],
					"faces": {
						"south": { "texture": "#leaded", "uv": [ 0.0, 0.0, 14.0, 14.0 ] }
					}
				}
			]
		},
		{
			"name": "Cube8",
			"from": [ 0.0, 0.0, 5.0 ],
			"to": [ 16.0, 1.0, 11.0 ],
			"rotationOrigin": [ 0.0, 0.0, 5.0 ],
			"faces": {
				"north": { "texture": "#acacia1", "uv": [ 0.0, 0.0, 16.0, 1.0 ] },
				"east": { "texture": "#acacia1", "uv": [ 0.0, 0.0, 6.0, 1.0 ] },
				"south": { "texture": "#acacia1", "uv": [ 0.0, 0.0, 16.0, 1.0 ] },
				"west": { "texture": "#acacia1", "uv": [ 0.0, 0.0, 6.0, 1.0 ] },
				"up": { "texture": "#acacia1", "uv": [ 0.0, 0.0, 16.0, 6.0 ] },
				"down": { "texture": "#acacia1", "uv": [ 0.0, 0.0, 16.0, 6.0 ] }
			}
		},
		{
			"name": "Face3",
			"from": [ 1.0, 15.0, 8.5 ],
			"to": [ 15.0, 30.0, 8.5 ],
			"renderPass": 3,
			"rotationOrigin": [ 1.0, 15.0, 8.5 ],
			"faces": {
				"south": { "texture": "#leaded", "uv": [ 0.0, 0.0, 14.0, 15.0 ] }
			}
		},
		{
			"name": "Cube10",
			"from": [ 15.0, 16.0, 6.5 ],
			"to": [ 16.0, 31.0, 9.5 ],
			"rotationOrigin": [ 15.0, 16.0, 6.5 ],
			"faces": {
				"north": { "texture": "#acacia1", "uv": [ 0.0, 0.0, 1.0, 15.0 ] },
				"east": { "texture": "#acacia1", "uv": [ 0.0, 0.0, 3.0, 15.0 ] },
				"south": { "texture": "#acacia1", "uv": [ 0.0, 0.0, 1.0, 15.0 ] },
				"west": { "texture": "#acacia1", "uv": [ 0.0, 0.0, 3.0, 15.0 ] },
				"up": { "texture": "#acacia1", "uv": [ 0.0, 0.0, 1.0, 3.0 ] },
				"down": { "texture": "#acacia1", "uv": [ 0.0, 0.0, 1.0, 3.0 ] }
			}
		},
		{
			"name": "Cube11",
			"from": [ 0.0, 16.0, 6.5 ],
			"to": [ 1.0, 31.0, 9.5 ],
			"rotationOrigin": [ 0.0, 16.0, 6.5 ],
			"faces": {
				"north": { "texture": "#acacia1", "uv": [ 0.0, 0.0, 1.0, 15.0 ] },
				"east": { "texture": "#acacia1", "uv": [ 0.0, 0.0, 3.0, 15.0 ] },
				"south": { "texture": "#acacia1", "uv": [ 0.0, 0.0, 1.0, 15.0 ] },
				"west": { "texture": "#acacia1", "uv": [ 0.0, 0.0, 3.0, 15.0 ] },
				"up": { "texture": "#acacia1", "uv": [ 0.0, 0.0, 1.0, 3.0 ] },
				"down": { "texture": "#acacia1", "uv": [ 0.0, 0.0, 1.0, 3.0 ] }
			}
		},
		{
			"name": "Cube9",
			"from": [ 0.0, 31.0, 5.0 ],
			"to": [ 16.0, 32.0, 11.0 ],
			"rotationOrigin": [ 0.0, 31.0, 5.0 ],
			"faces": {
				"north": { "texture": "#acacia1", "uv": [ 0.0, 0.0, 16.0, 1.0 ] },
				"east": { "texture": "#acacia1", "uv": [ 0.0, 0.0, 6.0, 1.0 ] },
				"south": { "texture": "#acacia1", "uv": [ 0.0, 0.0, 16.0, 1.0 ] },
				"west": { "texture": "#acacia1", "uv": [ 0.0, 0.0, 6.0, 1.0 ] },
				"up": { "texture": "#acacia1", "uv": [ 0.0, 0.0, 16.0, 6.0 ] },
				"down": { "texture": "#acacia1", "uv": [ 0.0, 0.0, 16.0, 6.0 ] }
			}
		}
	]}