[
  {
    "op": "addmerge",
    "path": "/attributes/contentConfig",
    "value": [
      {
        "code": "seeds-flax",
        "content": {
          "type": "item",
          "code": "artofgrowing:seeds-*-flax"
        },
        "foodFor": [ "chicken-*" ],
        "quantityPerFillLevel": 2,
        "maxFillLevels": 8,
        "shapesPerFillLevel": [ "block/wood/trough/small/grainfill1", "block/wood/trough/small/grainfill1", "block/wood/trough/small/grainfill2", "block/wood/trough/small/grainfill2", "block/wood/trough/small/grainfill3", "block/wood/trough/small/grainfill3", "block/wood/trough/small/grainfill4", "block/wood/trough/small/grainfill4" ],
        "textureCode": "contents-flax"
      },
      {
        "code": "seeds-spelt",
        "content": {
          "type": "item",
          "code": "artofgrowing:seeds-*-spelt"
        },
        "foodFor": [ "chicken-*" ],
        "quantityPerFillLevel": 2,
        "maxFillLevels": 8,
        "shapesPerFillLevel": [ "block/wood/trough/small/grainfill1", "block/wood/trough/small/grainfill1", "block/wood/trough/small/grainfill2", "block/wood/trough/small/grainfill2", "block/wood/trough/small/grainfill3", "block/wood/trough/small/grainfill3", "block/wood/trough/small/grainfill4", "block/wood/trough/small/grainfill4" ],
        "textureCode": "contents-spelt"
      },
      {
        "code": "seeds-rice",
        "content": {
          "type": "item",
          "code": "artofgrowing:seeds-*-rice"
        },
        "foodFor": [ "chicken-*" ],
        "quantityPerFillLevel": 2,
        "maxFillLevels": 8,
        "shapesPerFillLevel": [ "block/wood/trough/small/grainfill1", "block/wood/trough/small/grainfill1", "block/wood/trough/small/grainfill2", "block/wood/trough/small/grainfill2", "block/wood/trough/small/grainfill3", "block/wood/trough/small/grainfill3", "block/wood/trough/small/grainfill4", "block/wood/trough/small/grainfill4" ],
        "textureCode": "contents-rice"
      },
      {
        "code": "seeds-rye",
        "content": {
          "type": "item",
          "code": "artofgrowing:seeds-*-rye"
        },
        "foodFor": [ "chicken-*" ],
        "quantityPerFillLevel": 2,
        "maxFillLevels": 8,
        "shapesPerFillLevel": [ "block/wood/trough/small/grainfill1", "block/wood/trough/small/grainfill1", "block/wood/trough/small/grainfill2", "block/wood/trough/small/grainfill2", "block/wood/trough/small/grainfill3", "block/wood/trough/small/grainfill3", "block/wood/trough/small/grainfill4", "block/wood/trough/small/grainfill4" ],
        "textureCode": "contents-rye"
      },
      {
        "code": "seeds-sunflower",
        "content": {
          "type": "item",
          "code": "artofgrowing:seeds-*-sunflower"
        },
        "foodFor": [ "chicken-*" ],
        "quantityPerFillLevel": 2,
        "maxFillLevels": 8,
        "shapesPerFillLevel": [ "block/wood/trough/small/grainfill1", "block/wood/trough/small/grainfill1", "block/wood/trough/small/grainfill2", "block/wood/trough/small/grainfill2", "block/wood/trough/small/grainfill3", "block/wood/trough/small/grainfill3", "block/wood/trough/small/grainfill4", "block/wood/trough/small/grainfill4" ],
        "textureCode": "contents-sunflower-seeds"
      },
      {
        "code": "seeds-amaranth",
        "content": {
          "type": "item",
          "code": "artofgrowing:seeds-*-amaranth"
        },
        "foodFor": [ "chicken-*" ],
        "quantityPerFillLevel": 2,
        "maxFillLevels": 8,
        "shapesPerFillLevel": [ "block/wood/trough/small/grainfill1", "block/wood/trough/small/grainfill1", "block/wood/trough/small/grainfill2", "block/wood/trough/small/grainfill2", "block/wood/trough/small/grainfill3", "block/wood/trough/small/grainfill3", "block/wood/trough/small/grainfill4", "block/wood/trough/small/grainfill4" ],
        "textureCode": "contents-amaranth"
      },
      {
        "code": "seeds-pumpkin",
        "content": {
          "type": "item",
          "code": "artofgrowing:seeds-*-pumpkin"
        },
        "foodFor": [ "chicken-*" ],
        "quantityPerFillLevel": 2,
        "maxFillLevels": 8,
        "shapesPerFillLevel": [ "block/wood/trough/small/grainfill1", "block/wood/trough/small/grainfill1", "block/wood/trough/small/grainfill2", "block/wood/trough/small/grainfill2", "block/wood/trough/small/grainfill3", "block/wood/trough/small/grainfill3", "block/wood/trough/small/grainfill4", "block/wood/trough/small/grainfill4" ],
        "textureCode": "contents-pumpkin-seeds"
      },
      {
        "code": "grain-pumpkin",
        "content": {
          "type": "item",
          "code": "grain-pumpkin"
        },
        "foodFor": [ "chicken-*" ],
        "quantityPerFillLevel": 2,
        "maxFillLevels": 8,
        "shapesPerFillLevel": [ "block/wood/trough/small/grainfill1", "block/wood/trough/small/grainfill1", "block/wood/trough/small/grainfill2", "block/wood/trough/small/grainfill2", "block/wood/trough/small/grainfill3", "block/wood/trough/small/grainfill3", "block/wood/trough/small/grainfill4", "block/wood/trough/small/grainfill4" ],
        "textureCode": "contents-pumpkin"
      }
    ],
    "file": "game:blocktypes/wood/trough-small.json",
    "side": "Server"
  },
  {
    "op": "addmerge",
    "path": "/textures",
    "value": {
      "contents-pumpkin": {
        "base": "block/food/grain/pumpkin",
        "overlays": [ "block/wood/trough/small/shadow" ]
      },
      "contents-pumpkin-seeds": {
        "base": "block/food/grain/pumpkin-seeds",
        "overlays": [ "block/wood/trough/small/shadow" ]
      },
      "contents-sunflower-seeds": {
        "base": "block/food/grain/sunflower-seeds",
        "overlays": [ "block/wood/trough/small/shadow" ]
      }
    },
    "file": "game:blocktypes/wood/trough-small.json",
    "side": "Server"
  }
]