[
  {
    "file": "game:worldgen/blockpatches/crop.json",
    "op": "addmerge",
    "path": "/4/blockCodes/-",
    "value": "crop-carrot-11"
  },
  {
    "file": "game:worldgen/blockpatches/crop.json",
    "op": "addmerge",
    "path": "/5/blockCodes/-",
    "value": "crop-onion-11"
  },
  {
    "file": "game:worldgen/blockpatches/crop.json",
    "op": "addmerge",
    "path": "/6/blockCodes/-",
    "value": "crop-parsnip-11"
  },
  {
    "file": "game:worldgen/blockpatches/crop.json",
    "op": "addmerge",
    "path": "/7/blockCodes/-",
    "value": "crop-turnip-8"
  },
  {
    "file": "game:worldgen/blockpatches/crop.json",
    "op": "addmerge",
    "path": "/13/blockCodes/-",
    "value": "crop-sunflower-12"
  },
  {
    "file": "game:worldgen/blockpatches/crop.json",
    "op": "addmerge",
    "path": "/-",
    "value": {
      "comment": "Small patches of cabbage",
      "blockCodes": [ "crop-cabbage-4", "crop-cabbage-6", "crop-cabbage-9", "crop-cabbage-13", "crop-cabbage-15", "crop-cabbage-16", "crop-cabbage-16" ],
      "minTemp": 1,
      "maxTemp": 26,
      "minRain": 0.38,
      "maxRain": 0.75,
      "maxForest": 0.65,
      "quantity": {
        "avg": 5,
        "var": 5
      },
      "chance": 0.03
    }
  }
]