{
	code: "coffeetable",
	behaviors: [{name: "UnstableFalling"}, {name: "HorizontalOrientable", properties: { drop: { type:"block", code: "coffeetable-{type}" } }} ],
	variantgroups: [
		{ code:"type", states: ["acacia","baldcypress","birch","ebony","kapok","larch","maple","oak","pine","purpleheart","redwood","walnut"] }
	],
	attributes: {
		"pieFormingSurface": true
	},
	shape: { base: "block/coffeetable" },
	heldTpIdleAnimation: "holdunderarm",
	creativeinventoryByType: {
		"*": { "general": ["*"], "decorative": ["*"] }
	},
	blockmaterial: "Wood",
	replaceable: 900,
	resistance: 1.5,
	lightAbsorption: 1,
	sidesolid: {
		all: true
	},	
	sideopaque: {
		all: false
	},
    sideAo: { all: false },
	sounds: {
		"place": "game:block/planks",
		"hit": "game:block/planks",
		"break": "game:block/planks",
		"walk": "game:walk/wood"
	},
	combustibleProps: {
		burnTemperature: 600,
		burnDuration: 35,
	},
	texturesByType: {
		"*-acacia": {
			"quartz": {base: "game:block/glass/quartz"},
		    "bark": {base:"game:block/wood/bark/{type}"},
		    "planks":{base: "game:block/wood/planks/acacia1"},
		    "trunk": {base:"game:block/wood/treetrunk/{type}"}
		},
		"*-baldcypress": {
			"quartz": {base: "game:block/glass/quartz"},
		    "bark": {base:"game:block/wood/bark/{type}"},
		    "planks":{base: "game:block/wood/planks/baldcypress1"},
		    "trunk": {base:"game:block/wood/treetrunk/{type}"}
		},
		"*-birch": {
            "quartz": {base: "game:block/glass/quartz"},
		    "bark": {base:"game:block/wood/bark/{type}"},
		    "planks":{base: "game:block/wood/planks/birch1"},
		    "trunk": {base:"game:block/wood/treetrunk/{type}"}
		},
		"*-ebony": {
            "quartz": {base: "game:block/glass/quartz"},
		    "bark": {base:"game:block/wood/bark/{type}"},
		    "planks":{base: "game:block/wood/planks/ebony1"},
		    "trunk": {base:"game:block/wood/treetrunk/{type}"}
		},
        "*-kapok": {
            "quartz": {base: "game:block/glass/quartz"},
		    "bark": {base:"game:block/wood/bark/{type}"},
		    "planks":{base: "game:block/wood/planks/kapok1"},
		    "trunk": {base:"game:block/wood/treetrunk/{type}"}
		},
        "*-larch": {
            "quartz": {base: "game:block/glass/quartz"},
		    "bark": {base:"game:block/wood/bark/{type}"},
		    "planks":{base: "game:block/wood/planks/larch1"},
		    "trunk": {base:"game:block/wood/treetrunk/{type}"}
		},
        "*-maple": {
            "quartz": {base: "game:block/glass/quartz"},
		    "bark": {base:"game:block/wood/bark/{type}"},
		    "planks":{base: "game:block/wood/planks/maple1"},
		    "trunk": {base:"game:block/wood/treetrunk/{type}"}
		},
        "*-oak": {
            "quartz": {base: "game:block/glass/quartz"},
		    "bark": {base:"game:block/wood/bark/{type}"},
		    "planks":{base: "game:block/wood/planks/oak1"},
		    "trunk": {base:"game:block/wood/treetrunk/{type}"}
		},
        "*-pine": {
            "quartz": {base: "game:block/glass/quartz"},
		    "bark": {base:"game:block/wood/bark/{type}"},
		    "planks":{base: "game:block/wood/planks/pine1"},
		    "trunk": {base:"game:block/wood/treetrunk/{type}"}
		},
        "*-purpleheart": {
            "quartz": {base: "game:block/glass/quartz"},
		    "bark": {base:"game:block/wood/bark/{type}"},
		    "planks":{base: "game:block/wood/planks/purpleheart1"},
		    "trunk": {base:"game:block/wood/treetrunk/{type}"}
		},
        "*-redwood": {
            "quartz": {base: "game:block/glass/quartz"},
		    "bark": {base:"game:block/wood/bark/{type}"},
		    "planks":{base: "game:block/wood/planks/redwood1"},
		    "trunk": {base:"game:block/wood/treetrunk/{type}"}
		},
        "*-walnut": {
            "quartz": {base: "game:block/glass/quartz"},
		    "bark": {base:"game:block/wood/bark/{type}"},
		    "planks":{base: "game:block/wood/planks/walnut1"},
		    "trunk": {base:"game:block/wood/treetrunk/{type}"}
		}
	},
	materialDensity: 400,
	tpHandTransform: {
		translation: { x: -0.7, y: -0.6, z: -0.9 },
		rotation: { x: 80, y: 0, z: 0 },
		scale: 0.56
	},
	fpHandTransform: {
		translation: { x: 0.08, y: -0.2, z: 0.6 },
		rotation: { x: 33, y: 134, z: -102 }
	}
}