{
  "code": "horizontalbarrelbig",
  "class": "FoodShelves.BlockHorizontalBarrelBig",
  "creativeinventory": { "general": ["*"], "decorative": ["*"], "foodshelves": ["*"] },
  "variantgroups": [
    { "code": "type", "states": ["normal"] }
  ],
  "attributes": {
    "handbook": {
      "groupBy": [ "horizontalbarrelbig-*" ],
      "extraSections": [
        {
          "title": "foodshelves:blockdesc-canbeplacedin-title",
          "text": "foodshelves:blockdesc-horizontalbarrelbig-text"
        }
      ]
    }
  },
  "shape": {
    "base": "block/wood/barrel/horizontalbarrelbig"
  },
  "textures": {
    "bottom": { "base": "block/wood/horizontalbarrelbig/bottom" },
    "top": { "base": "block/wood/horizontalbarrelbig/top" },
    "blackbronze4": { "base": "game:block/metal/sheet/blackbronze4" },
    "aged": { "base": "game:block/wood/debarked/aged" }
  },
  "heldTpIdleAnimation": "holdbothhandslarge",
  "heldRightReadyAnimation": "heldblockready", 
  "heldTpUseAnimation": "twohandplaceblock",
  "blockmaterial": "Wood",
  "lightAbsorption": 2,
  "maxStackSize": 1,
  "faceCullMode": "NeverCull",
  "emitSideAo": { "all": false },
  "sidesolid": { "up": true },	
  "sideopaque": { "all": false },
  "replaceable": 999,
  "resistance": 1.5,
  "guiTransform": {
    "origin": { "x": 1, "y": 1, "z": 0 },
    "scale": 0.5
  },
  "tpHandTransform": {
    "translation": { "x": -1.8, "y": -0.91, "z": -0.8 },
	  "rotation": { "x": 88, "y": 25, "z": -78 },
	  "scale": 0.25
  },
  "sounds": {
    "place": "game:block/planks",
    "hit": "game:block/planks",
    "break": "game:block/planks"
  },
  "materialDensity": 400,
  "collisionSelectionBoxes": [ 
    { "x1": 0, "y1": 0, "z1": 0, "x2": 1, "y2": 1, "z2": 1 }
  ]
}
