[
	{
	"ingredientPattern": "BCW",
	"ingredients": {
		"B": { "type": "item", "code": "game:blastingpowder", "quantity": 4 },
		"C": { "type": "item", "code": "wool:twine-wool-plain" },
		"W": { "type": "block", "code": "wool:wool-plain" }
	},
        "name": "oreblastingbomb",
	"recipeGroup": 2,
	"width": 3,
	"height": 1,
	"output": { "type": "block", "code": "game:bomb-ore", "quantity": 8 }
	},

	{
	"ingredientPattern": "BCW",
	"ingredients": {
		"B": { "type": "item", "code": "game:blastingpowder", "quantity": 4 },
		"C": { "type": "item", "code": "game:flaxtwine" },
		"W": { "type": "block", "code": "wool:wool-plain" }
	},
        "name": "oreblastingbomb",
	"recipeGroup": 2,
	"width": 3,
	"height": 1,
	"output": { "type": "block", "code": "game:bomb-ore", "quantity": 8 }
	}
]
