[
  {
    "op": "addmerge",
    "path": "/texturesByType/*-syruppartbaked",
    "value": {
			"crabmeat": { "base": "primitivesurvival:item/crab/crabmeat-partbaked" },
			"snakemeat": { "base": "primitivesurvival:item/snake/snakemeat-partbaked" },
    },
    "file": "expandedfoods:itemtypes/acorns/mixing/acornstuffedpepper.json",
    "side": "server",
    dependsOn: [{ "modid": "primitivesurvival" }, { "modid": "acorns" }]
  },
  {
    "op": "addmerge",
    "path": "/texturesByType/*-syrupcooked",
    "value": {
			"crabmeat": { "base": "primitivesurvival:item/crab/crabmeat-cooked" },
			"snakemeat": { "base": "primitivesurvival:item/snake/snakemeat-cooked" },
    },
    "file": "expandedfoods:itemtypes/acorns/mixing/acornstuffedpepper.json",
    "side": "server",
    dependsOn: [{ "modid": "primitivesurvival" }, { "modid": "acorns" }]
  },
  {
    "op": "addmerge",
    "path": "/texturesByType/*-syrupcharred",
    "value": {
			"crabmeat": { "base": "primitivesurvival:item/crab/crabmeat-charred" },
			"snakemeat": { "base": "primitivesurvival:item/snake/snakemeat-charred" },
    },
    "file": "expandedfoods:itemtypes/acorns/mixing/acornstuffedpepper.json",
    "side": "server",
    dependsOn: [{ "modid": "primitivesurvival" }, { "modid": "acorns" }]
  },
  {
    "op": "addmerge",
    "path": "/texturesByType/*-partbaked",
    "value": {
			"crabmeat": { "base": "primitivesurvival:item/crab/crabmeat-partbaked" },
			"snakemeat": { "base": "primitivesurvival:item/snake/snakemeat-partbaked" },
    },
    "file": "expandedfoods:itemtypes/acorns/mixing/acornstuffedpepper.json",
    "side": "server",
    dependsOn: [{ "modid": "primitivesurvival" }, { "modid": "acorns" }]
  },
  {
    "op": "addmerge",
    "path": "/texturesByType/*-cooked",
    "value": {
			"crabmeat": { "base": "primitivesurvival:item/crab/crabmeat-cooked" },
			"snakemeat": { "base": "primitivesurvival:item/snake/snakemeat-cooked" },
    },
    "file": "expandedfoods:itemtypes/acorns/mixing/acornstuffedpepper.json",
    "side": "server",
    dependsOn: [{ "modid": "primitivesurvival" }, { "modid": "acorns" }]
  },
  {
    "op": "addmerge",
    "path": "/texturesByType/*-charred",
    "value": {
			"crabmeat": { "base": "primitivesurvival:item/crab/crabmeat-charred" },
			"snakemeat": { "base": "primitivesurvival:item/snake/snakemeat-charred" },
    },
    "file": "expandedfoods:itemtypes/acorns/mixing/acornstuffedpepper.json",
    "side": "server",
    dependsOn: [{ "modid": "primitivesurvival" }, { "modid": "acorns" }]
  },
  {
    "op": "addmerge",
    "path": "/texturesByType/*-oiled",
    "value": {
			"crabmeat": { "base": "primitivesurvival:item/crab/crabmeat-raw" },
			"snakemeat": { "base": "primitivesurvival:item/snake/snakemeat-raw" },
    },
    "file": "expandedfoods:itemtypes/acorns/mixing/acornstuffedpepper.json",
    "side": "server",
    dependsOn: [{ "modid": "primitivesurvival" }, { "modid": "acorns" }]
  },
  {
    "op": "addmerge",
    "path": "/texturesByType/*-raw",
    "value": {
			"crabmeat": { "base": "primitivesurvival:item/crab/crabmeat-raw" },
			"snakemeat": { "base": "primitivesurvival:item/snake/snakemeat-raw" },
    },
    "file": "expandedfoods:itemtypes/acorns/mixing/acornstuffedpepper.json",
    "side": "server",
    dependsOn: [{ "modid": "primitivesurvival" }, { "modid": "acorns"  }]
  },
]