[
  {
    "file": "game:itemtypes/part/rod.json",
    "op": "addmerge",
    "path": "/variantgroups/0/states/-",
    "value": "pewter"
  },
  {
    "file": "game:itemtypes/part/rod.json",
    "op": "addmerge",
    "path": "/combustiblePropsByType/rod-pewter",
    "value": {
      "meltingPoint": 232,
      "meltingDuration": 30,
      "smeltedRatio": 1,
      "smeltedStack": {
        "type": "item",
        "code": "game:ingot-pewter"
      }
    }
  },
  {
    "file": "game:itemtypes/part/rod.json",
    "op": "addmerge",
    "path": "/materialDensityByType/*-pewter",
    "value": 9000
  }
]