{
  "code": "tablewaremold",
  "classByType": {
    "*-raw-*": "Block",
    "*-burned-*": "BlockToolMold"
  },
  "behaviorsByType": {
    "*-raw-*": [
      {
        "name": "GroundStorable",
        "properties": { "layout": "SingleCenter" }
      },
      {
        "name": "Unplaceable",
        "__comment": "The ground storable obsoletes this being a block. Should be an item, but is kept a block for backwards compatibility"
      },
      { "name": "RightClickPickup" }
    ],
    "*": [
      { "name": "Lockable" },
      { "name": "UnstableFalling" },
      { "name": "HorizontalOrientable" }
    ]
  },
  "entityBehaviorsByType": {
    "tablewaremold-burned-*": [ { "name": "TemperatureSensitive" } ]
  },
  "variantgroups": [
    {
      "code": "materialtype",
      "states": [
        "raw",
        "burned"
      ]
    },
    {
      "code": "itemtype",
      "states": [
        "bowl",
        "crockbase",
        "crocklid",
        "jug"
      ]
    },
    {
      "code": "side",
      "loadFromProperties": "game:abstract/horizontalorientation"
    }
  ],
  "attributes": {
    "reinforcable": true,
    "shatteredShape": { "base": "game:block/clay/mold/shattered-ingot" }
  },
  "attributesByType": {
    "tablewaremold-burned-bowl-*": {
      "requiredUnits": 100,
      "fillHeight": 1,
      "moldrackable": true,
      "onmoldrackTransform": { "rotation": { "z": 90 } },
      "drop": {
        "type": "block",
        "code": "pewter:bowl-{metal}",
        "quantity": 4
      }
    },
    "tablewaremold-burned-crockbase-*": {
      "requiredUnits": 200,
      "fillHeight": 2,
      "moldrackable": false,
      "drop": {
        "type": "block",
        "code": "pewter:crockbase-{metal}",
        "quantity": 4
      }
    },
    "tablewaremold-burned-crocklid-*": {
      "requiredUnits": 100,
      "fillHeight": 1,
      "moldrackable": true,
      "onmoldrackTransform": { "rotation": { "z": 90 } },
      "drop": {
        "type": "block",
        "code": "pewter:crocklid-{metal}",
        "quantity": 4
      }
    },
    "tablewaremold-burned-jug-*": {
      "requiredUnits": 100,
      "fillHeight": 7,
      "moldrackable": false,
      "drop": {
        "type": "block",
        "code": "pewter:jug-{metal}",
        "quantity": 1
      },
      "fillQuadsByLevel": [
        {
          "x1": 4,
          "z1": 4,
          "x2": 12,
          "z2": 12
        },
        {
          "x1": 4,
          "z1": 4,
          "x2": 12,
          "z2": 12
        },
        {
          "x1": 4,
          "z1": 4,
          "x2": 12,
          "z2": 12
        },
        {
          "x1": 4,
          "z1": 4,
          "x2": 12,
          "z2": 12
        },
        {
          "x1": 4,
          "z1": 4,
          "x2": 12,
          "z2": 12
        },
        {
          "x1": 4,
          "z1": 4,
          "x2": 12,
          "z2": 12
        },
        {
          "x1": 4,
          "z1": 4,
          "x2": 12,
          "z2": 12
        },
        {
          "x1": 4,
          "z1": 4,
          "x2": 12,
          "z2": 12
        }
      ]
    }
  },
  "entityClassByType": {
    "tablewaremold-burned-*": "ToolMold"
  },
  "combustiblePropsByType": {
    "tablewaremold-raw-*-*": {
      "meltingPoint": 650,
      "meltingDuration": 45,
      "smeltedRatio": 1,
      "smeltingType": "fire",
      "smeltedStack": {
        "type": "block",
        "code": "pewter:tablewaremold-burned-{itemtype}-{side}"
      },
      "requiresContainer": false
    }
  },
  "blockmaterial": "Ceramic",
  "creativeinventory": {
    "general": [ "*-north" ],
    "construction": [ "*-north" ]
  },
  "replaceable": 700,
  "resistance": 1.5,
  "maxStackSize": 8,
  "lightAbsorption": 0,
  "texturesByType": {
    "tablewaremold-raw-*": { "all": { "base": "game:block/clay/blueclay" } },
    "tablewaremold-burned-*": {
      "floor": { "base": "game:block/clay/ceramic-dark" },
      "other": { "base": "game:block/clay/ceramic" }
    }
  },
  "heldTpIdleAnimationByType": {
    "tablewaremold-*-jug-*": "holdbothhands"
  },
  "heldTpUseAnimationByType": {
    "tablewaremold-*-jug-*": "twohandplaceblock"
  },
  "shapeByType": {
    "*-north": {
      "base": "pewter:block/clay/mold/{itemtype}",
      "rotateY": 90
    },
    "*-east": {
      "base": "pewter:block/clay/mold/{itemtype}",
      "rotateY": 0
    },
    "*-south": {
      "base": "pewter:block/clay/mold/{itemtype}",
      "rotateY": 270
    },
    "*-west": {
      "base": "pewter:block/clay/mold/{itemtype}",
      "rotateY": 180
    }
  },
  "sounds": {
    "walk": "game:walk/stone"
  },
  "collisionboxByType": {
    "tablewaremold-*-jug-*": {
      "x1": 0.25,
      "y1": 0,
      "z1": 0.25,
      "x2": 0.75,
      "y2": 0.50,
      "z2": 0.75
    },
    "tablewaremold-*-crockbase-*": {
      "x1": 0.0625,
      "y1": 0,
      "z1": 0.0625,
      "x2": 0.9375,
      "y2": 0.20,
      "z2": 0.9375
    },
    "*": {
      "x1": 0.0625,
      "y1": 0,
      "z1": 0.0625,
      "x2": 0.9375,
      "y2": 0.125,
      "z2": 0.9375
    }
  },
  "selectionboxByType": {
    "tablewaremold-*-jug-*": {
      "x1": 0.25,
      "y1": 0,
      "z1": 0.25,
      "x2": 0.75,
      "y2": 0.50,
      "z2": 0.75
    },
    "tablewaremold-*-crockbase-*": {
      "x1": 0.0625,
      "y1": 0,
      "z1": 0.0625,
      "x2": 0.9375,
      "y2": 0.20,
      "z2": 0.9375
    },
    "*": {
      "x1": 0.0625,
      "y1": 0,
      "z1": 0.0625,
      "x2": 0.9375,
      "y2": 0.125,
      "z2": 0.9375
    }
  },
  "sideopaque": {
    "all": false
  },
  "sidesolid": {
    "all": false
  },
  "guiTransformByType": {
    "tablewaremold-*-jug-*": {
      "translation": {
        "x": 0,
        "y": 6,
        "z": 0
      },
      "origin": {
        "x": 0.5,
        "y": 0.0625,
        "z": 0.5
      },
      "scale": 1.33
    },
    "*": {
      "translation": {
        "x": 0,
        "y": 3,
        "z": 0
      },
      "origin": {
        "x": 0.5,
        "y": 0.0625,
        "z": 0.5
      },
      "scale": 1.33
    }
  },
  "tpHandTransformByType": {
    "tablewaremold-*-jug-*": {
      "translation": {
        "x": -0.65,
        "y": -0.3,
        "z": -0.65
      },
      "rotation": {
        "x": -87,
        "y": 9,
        "z": -87
      },
      "origin": {
        "x": 0.5,
        "y": 0.125,
        "z": 0.5
      },
      "scale": 0.77
    },
    "*": {
      "translation": {
        "x": -1,
        "y": 0.2,
        "z": -0.9
      },
      "rotation": {
        "x": -87,
        "y": 9,
        "z": 4
      },
      "origin": {
        "x": 0.5,
        "y": 0.125,
        "z": 0.5
      },
      "scale": 0.5
    }
  },
  "fpHandTransformByType": {
    "*": {
      "translation": {
        "x": -0.3,
        "y": 0,
        "z": 0.5
      },
      "rotation": {
        "x": 16,
        "y": -51,
        "z": 91
      },
      "origin": {
        "x": 0.5,
        "y": 0.125,
        "z": 0.5
      }
    }
  },
  "groundTransform": {
    "translation": {
      "x": 0,
      "y": 0,
      "z": 0
    },
    "rotation": {
      "x": 0,
      "y": -45,
      "z": 0
    },
    "origin": {
      "x": 0.5,
      "y": 0,
      "z": 0.5
    },
    "scale": 2.2
  }
}