{
	"code": "slantedroofingtop",
	"combustibleProps": {
		"burnTemperature": 600,
		"burnDuration": 5
	},
	"behaviors": [
		{
			"name": "HorizontalOrientable",
			"properties": {
				"dropBlockFace": "east",
				"drop": {
					"type": "block",
					"code": "slantedroofingtop-{material}-east-free"
				}
			}
		}
	],
	"variantgroups": [
		{
			"code": "material",
			"states": [ "thatch" ]
		},
		{ "loadFromProperties": "game:abstract/horizontalorientation" },
		{
			"code": "cover",
			"states": [ "free", "snow" ]
		}
	],
	"attributes": {
		"humanoidTraversalCost": 100,
		"mapColorCode": "settlement"
	},
	"heldTpIdleAnimation": "holdbothhandslarge",
	"heldRightReadyAnimation": "heldblockready",
	"heldTpUseAnimation": "twohandplaceblock",
	"shapeByType": {
		"*-north-*": {
			"base": "game:block/roofing/main-top/{material}-{cover}",
			"rotateY": 90
		},
		"*-west-*": {
			"base": "game:block/roofing/main-top/{material}-{cover}",
			"rotateY": 180
		},
		"*-south-*": {
			"base": "game:block/roofing/main-top/{material}-{cover}",
			"rotateY": 270
		},
		"*-east-*": {
			"base": "game:block/roofing/main-top/{material}-{cover}",
			"rotateY": 0
		}
	},
	"texturesByType": {
		"*-thatch-*": {
			"bamboo-side": { "base": "artofgrowing:block/thatch/normal-side" },
			"normal-side": { "base": "artofgrowing:block/thatch/normal-side" },
			"normal-top": { "base": "artofgrowing:block/thatch/normal-top" },
			"straw1": { "base": "artofgrowing:block/thatch/straw1" }
		}
	},
	"drawtype": "json",
	"faceCullMode": "NeverCull",
	"renderpass": "OpaqueNoCull",
	"sidesolidByType": {
		"*-north-*": {
			"north": true,
			"south": false,
			"east": false,
			"west": false,
			"up": false,
			"down": true
		},
		"*-south-*": {
			"north": false,
			"south": true,
			"east": false,
			"west": false,
			"up": false,
			"down": true
		},
		"*-east-*": {
			"north": false,
			"south": false,
			"east": true,
			"west": false,
			"up": false,
			"down": true
		},
		"*-west-*": {
			"north": false,
			"south": false,
			"east": false,
			"west": true,
			"up": false,
			"down": true
		}
	},
	"sideopaque": { "all": false },
	"blockmaterialByType": {
		"*-thatch-*": "Plant"
	},
	"creativeinventory": {
		"general": [ "*-east-free" ],
		"decorative": [ "*-east-free" ],
		"artofgrowing": [ "*-east-free" ]
	},
	"replaceable": 300,
	"resistance": 2,
	"lightAbsorption": 99,
	"emitSideAo": {
		"all": true
	},
	"sideAoByType": { "*-sod-*": { "all": false } },
	"collisionSelectionBoxesByType": {
		"*-north-*": [
			{
				"x1": 0.5,
				"y1": 0,
				"z1": 0,
				"x2": 1,
				"y2": 0.8,
				"z2": 1,
				"rotateY": 90
			}
		],
		"*-west-*": [
			{
				"x1": 0.5,
				"y1": 0,
				"z1": 0,
				"x2": 1,
				"y2": 0.8,
				"z2": 1,
				"rotateY": 180
			}
		],
		"*-south-*": [
			{
				"x1": 0.5,
				"y1": 0,
				"z1": 0,
				"x2": 1,
				"y2": 0.8,
				"z2": 1,
				"rotateY": 270
			}
		],
		"*-east-*": [
			{
				"x1": 0.5,
				"y1": 0,
				"z1": 0,
				"x2": 1,
				"y2": 0.8,
				"z2": 1
			}
		]
	},
	"soundsByType": {
		"*-thatch-*": {
			"place": "game:block/plant",
			"break": "game:block/plant",
			"hit": "game:block/plant"
		}
	},
	"guiTransform": {
		"rotation": {
			"x": -22.6,
			"y": -40,
			"z": 0
		},
		"origin": {
			"x": 0.5299,
			"y": 0.65,
			"z": 0.46
		},
		"scale": 0.96
	},
	"tpHandTransform": {
		"translation": {
			"x": -1.4,
			"y": -1.1,
			"z": -0.7
		},
		"rotation": {
			"x": 19,
			"y": -168,
			"z": 71
		},
		"scale": 0.43
	},
	"groundTransform": {
		"translation": {
			"x": 0,
			"y": 0,
			"z": 0
		},
		"rotation": {
			"x": 0,
			"y": -45,
			"z": 0
		},
		"origin": {
			"x": 0.5,
			"y": 0,
			"z": 0.5
		},
		"scale": 2.2
	}
}