{
	"editor": {
		"allAngles": false,
		"entityTextureMode": false
	},
	"textureWidth": 16,
	"textureHeight": 16,
	"textureSizes": {
	},
	"textures": {
		
	},
	"elements": [
		{
			"name": "onion 2",
			"from": [ 7.5, 1.0, 7.5 ], 
			"to": [ 8.5, 2.0, 8.5 ], 
			"rotationOrigin": [ 8.8, 1.0, 9.0 ],
			"faces": {
				"north": { "texture": "#onion", "uv": [ 5.5, 12.5, 6.5, 13.5 ] },
				"east": { "texture": "#onion", "uv": [ 12.0, 12.5, 13.0, 13.5 ] },
				"south": { "texture": "#onion", "uv": [ 7.0, 12.5, 8.0, 13.5 ] },
				"west": { "texture": "#onion", "uv": [ 11.0, 13.0, 12.0, 14.0 ] },
				"up": { "texture": "#onion", "uv": [ 11.5, 4.0, 12.5, 5.0 ] },
				"down": { "texture": "#onion", "uv": [ 5.0, 8.0, 6.0, 9.0 ] }
			},
			"children": [
				{
					"name": "onion 2 top",
					"from": [ 0.12, 1.0, 0.12 ], 
					"to": [ 0.87, 1.5, 0.87 ], 
					"rotationOrigin": [ -0.75, -1.0, -0.75 ],
					"faces": {
						"north": { "texture": "#onion", "uv": [ 7.0, 4.0, 7.5, 4.5 ] },
						"east": { "texture": "#onion", "uv": [ 7.0, 4.5, 7.5, 5.0 ] },
						"south": { "texture": "#onion", "uv": [ 11.0, 4.5, 11.5, 5.0 ] },
						"west": { "texture": "#onion", "uv": [ 0.5, 4.0, 1.0, 4.5 ] },
						"up": { "texture": "#onion", "uv": [ 11.5, 4.5, 12.0, 5.0 ] },
						"down": { "texture": "#onion", "uv": [ 9.0, 7.0, 9.5, 7.5 ], "enabled": false }
					}
				},
				{
					"name": "onion bottom",
					"from": [ 0.12, -0.5, 0.12 ], 
					"to": [ 0.87, 0.0, 0.87 ], 
					"rotationOrigin": [ -0.75, 0.0, -0.75 ],
					"faces": {
						"north": { "texture": "#onion", "uv": [ 12.5, 6.5, 13.0, 7.0 ] },
						"east": { "texture": "#onion", "uv": [ 0.5, 6.0, 1.0, 6.5 ] },
						"south": { "texture": "#onion", "uv": [ 9.5, 6.0, 10.0, 6.5 ] },
						"west": { "texture": "#onion", "uv": [ 3.0, 6.5, 3.5, 7.0 ] },
						"up": { "texture": "#onion", "uv": [ 3.0, 8.0, 3.5, 8.5 ], "enabled": false },
						"down": { "texture": "#onion", "uv": [ 10.0, 5.5, 10.5, 6.0 ] }
					}
				}
			]
		}
	]}