{
	"code": "seeds",
	"class": "AOGItemPlantableSeed",
	"maxstacksizeByType": {
		"*-wild-*": 128,
		"*-small-*": 96,
		"*-medium-*": 64,
		"*-decent-*": 48,
		"*-large-*": 32,
		"*-hefty-*": 24,
		"*-gigantic-*": 16
	},
	"attributes": {
		"inContainerTexture": { "base": "game:block/food/grain/{type}" },
		"foodTags": [ "{type}" ]
	},
	"attributesByType": {
		"*-soybean": {
			"nutritionPropsWhenInMeal": {
				"satietyByType": {
					"*-wild-*": 48,
					"*-small-*": 96,
					"*-medium-*": 144,
					"*-decent-*": 192,
					"*-large-*": 240,
					"*-hefty-*": 360,
					"*-gigantic-*": 480
				},
				"foodcategory": "Protein"
			},
			"inPieProperties": {
				"texture": "game:block/food/pie/fill-{type}",
				"partType": "Filling",
				"allowMixing": false
			}
		},
		"*-peanut": {
			"nutritionPropsWhenInMeal": {
				"satietyByType": {
					"*-wild-*": 32,
					"*-small-*": 64,
					"*-medium-*": 96,
					"*-decent-*": 128,
					"*-large-*": 160,
					"*-hefty-*": 240,
					"*-gigantic-*": 320
				},
				"foodcategory": "Protein"
			},
			"inPieProperties": {
				"texture": "game:block/food/pie/fill-{type}",
				"partType": "Filling",
				"allowMixing": false
			},
			"inCookedMealProperties": {
				"texture": "game:block/food/pie/fill-{type}",
				"partType": "Filling"
			}
		}
	},
	"variantgroups": [
		{
			"code": "size",
			"states": [ "wild", "small", "medium", "decent", "large", "hefty", "gigantic" ]
		},
		{
			"code": "type",
			"states": [ "flax", "spelt", "rice", "rye", "sunflower", "amaranth", "pumpkin", "soybean", "peanut" ]
		}
	],
	"shape": { "base": "item/food/pickledvegetable/{size}/cabbage" },
	"textures": {
		"sauerkraut": { "base": "game:block/food/grain/{type}-grain" },
		"seed": { "base": "game:item/resource/seeds/{type}" }
	},
	"creativeinventory": {
		"general": [ "*" ],
		"items": [ "*" ],
		"artofgrowing": [ "*" ]
	},
	"nutritionPropsByType": {
		"*-flax": {
			"satietyByType": {
				"*-wild-*": 4,
				"*-small-*": 8,
				"*-medium-*": 12,
				"*-decent-*": 16,
				"*-large-*": 20,
				"*-hefty-*": 30,
				"*-gigantic-*": 40
			},
			"foodcategory": "Grain"
		},
		"*-rice": {
			"satietyByType": {
				"*-wild-*": 10,
				"*-small-*": 20,
				"*-medium-*": 30,
				"*-decent-*": 40,
				"*-large-*": 50,
				"*-hefty-*": 75,
				"*-gigantic-*": 100
			},
			"foodcategory": "Grain"
		},
		"*-peanut": {
			"satietyByType": {
				"*-wild-*": 32,
				"*-small-*": 64,
				"*-medium-*": 96,
				"*-decent-*": 128,
				"*-large-*": 160,
				"*-hefty-*": 240,
				"*-gigantic-*": 320
			},
			"foodcategory": "Protein"
		},
		"@*-(spelt|rye|sunflower|amaranth|pumpkin)": {
			"satietyByType": {
				"*-wild-*": 8,
				"*-small-*": 16,
				"*-medium-*": 24,
				"*-decent-*": 32,
				"*-large-*": 40,
				"*-hefty-*": 60,
				"*-gigantic-*": 80
			},
			"foodcategory": "Grain"
		}
	},
	"transitionableProps": [
		{
			"type": "Perish",
			"freshHours": { "avg": 4320 },
			"transitionHours": { "avg": 448 },
			"transitionedStack": {
				"type": "item",
				"code": "game:rot"
			},
			"transitionRatioByType": {
				"*-wild-*": 0.1,
				"*-small-*": 0.2,
				"*-medium-*": 0.3,
				"*-decent-*": 0.4,
				"*-large-*": 0.5,
				"*-hefty-*": 0.75,
				"*-gigantic-*": 1
			}
		}
	],
	"materialDensity": 450,
	"guiTransform": {
		"translation": {
			"x": 2.5,
			"y": 1,
			"z": 0
		},
		"rotation": {
			"x": 137,
			"y": 131,
			"z": 0
		},
		"origin": {
			"x": 0.5,
			"y": 0.05,
			"z": 0.5
		},
		"scale": 1.69
	},
	"fpHandTransform": {
		"translation": {
			"x": 0,
			"y": 0,
			"z": 0
		},
		"rotation": {
			"x": 51,
			"y": 90,
			"z": -30
		},
		"scale": 1.9
	},
	"tpHandTransform": {
		"translation": {
			"x": -0.25,
			"y": -1,
			"z": -1
		},
		"rotation": {
			"x": 125,
			"y": -2,
			"z": -72
		},
		"origin": {
			"x": -0.05,
			"y": 0.4,
			"z": 0.8
		},
		"scale": 0.45
	},
	"groundTransform": {
		"translation": {
			"x": 0,
			"y": 0,
			"z": 0
		},
		"rotation": {
			"x": 0,
			"y": 0,
			"z": 0
		},
		"origin": {
			"x": 0.5,
			"y": 0,
			"z": 0.5
		},
		"scale": 3.5
	}
}
