{
	"code": "pickledvegetable",
	"maxstacksizeByType": {
		"*-wild-*": 128,
		"*-small-*": 96,
		"*-medium-*": 64,
		"*-decent-*": 48,
		"*-large-*": 32,
		"*-hefty-*": 24,
		"*-gigantic-*": 16
	},
	"attributes": {
		"inContainerTexture": { "base": "game:block/wood/barrel/pickled-{type}" },
		"inBarrelShapebytype": {
			"*-cabbage": "",
			"*": "coreofart:/block/wood/barrel/{type}fill1"
		},
		"crockable": true,
		"inPieProperties": {
			"texture": "game:block/food/pie/fill-{type}",
			"partType": "Filling"
		},
		"inCookedMealProperties": {
			"texture": "game:block/food/pie/fill-{type}",
			"partType": "Filling"
		}
	},
	"variantgroups": [
		{
			"code": "size",
			"states": [ "wild", "small", "medium", "decent", "large", "hefty", "gigantic" ]
		},
		{
			"code": "type",
			"states": [ "carrot", "cabbage", "onion", "turnip", "parsnip" ]
		}
	],
	"shapebytype": {
		"*-cabbage": { "base": "item/food/pickledvegetable/{size}/{type}" },
		"*": { "base": "item/food/clear/{size}/{type}" }
	},
	"texturesByType": {
		"*": {
			"sauerkraut": { "base": "game:item/food/vegetable/sauerkraut" },
			"carrot": { "base": "game:item/food/pickledvegetable/carrot" },
			"onion": { "base": "game:item/food/pickledvegetable/onion" },
			"turnip": { "base": "game:item/food/pickledvegetable/turnip" },
			"parsnip": { "base": "game:item/food/pickledvegetable/parsnip" }
		}
	},
	"creativeinventory": {
		"general": [ "*" ],
		"items": [ "*" ],
		"artofgrowing": [ "*" ]
	},
	"nutritionPropsByType": {
		"*-cabbage": {
			"saturationByType": {
				"*-wild-*": 50,
				"*-small-*": 100,
				"*-medium-*": 150,
				"*-decent-*": 200,
				"*-large-*": 250,
				"*-hefty-*": 375,
				"*-gigantic-*": 500
			},
			"foodcategory": "Vegetable"
		},
		"*": {
			"saturationByType": {
				"*-wild-*": 16,
				"*-small-*": 32,
				"*-medium-*": 48,
				"*-decent-*": 64,
				"*-large-*": 80,
				"*-hefty-*": 120,
				"*-gigantic-*": 160
			},
			"foodcategory": "Vegetable"
		}
	},
	"transitionableProps": [
		{
			"type": "Perish",
			"freshHours": { "avg": 1800 },
			"transitionHours": { "avg": 240 },
			"transitionedStack": {
				"type": "item",
				"code": "game:rot"
			},
			"transitionRatioByType": {
				"*-wild-*": 0.1,
				"*-small-*": 0.2,
				"*-medium-*": 0.3,
				"*-decent-*": 0.4,
				"*-large-*": 0.5,
				"*-hefty-*": 0.75,
				"*-gigantic-*": 1
			}
		}
	],
	"materialDensity": 600,
	"guiTransformByType": {
		"*-cabbage": {
			"translation": {
				"x": 2.5,
				"y": 1,
				"z": 0
			},
			"rotation": {
				"x": 137,
				"y": 131,
				"z": 0
			},
			"origin": {
				"x": 0.5,
				"y": 0.05,
				"z": 0.5
			},
			"scale": 1.69
		},
		"*-carrot": {
			"translation": {
				"x": 2,
				"y": 1,
				"z": 0
			},
			"rotation": {
				"x": 180,
				"y": 44,
				"z": 56
			},
			"origin": {
				"x": 0.5,
				"y": 0.2,
				"z": 0.5
			},
			"scale": 4.75
		},
		"*-onion": {
			"translation": {
				"x": 0,
				"y": 0,
				"z": 0
			},
			"rotation": {
				"x": -37,
				"y": 135,
				"z": -155
			},
			"origin": {
				"x": 0.5,
				"y": 0.1,
				"z": 0.5
			},
			"scale": 5.35
		},
		"*-parsnip": {
			"translation": {
				"x": 2,
				"y": 2,
				"z": 0
			},
			"rotation": {
				"x": 180,
				"y": 158,
				"z": 38
			},
			"origin": {
				"x": 0.5,
				"y": 0.23,
				"z": 0.5
			},
			"scale": 3.6
		},
		"*-turnip": {
			"translation": {
				"x": 1,
				"y": 2,
				"z": 0
			},
			"rotation": {
				"x": 180,
				"y": 158,
				"z": 38
			},
			"origin": {
				"x": 0.5,
				"y": 0.18,
				"z": 0.5
			},
			"scale": 4.25
		},
		"*-olive": {
			"translation": {
				"x": 0,
				"y": 0,
				"z": 0
			},
			"rotation": {
				"x": -43,
				"y": 0,
				"z": 0
			},
			"origin": {
				"x": 0.5,
				"y": 0.6,
				"z": -0.15
			},
			"scale": 3.3
		}

	},
	"fpHandTransformByType": {
		"*-cabbage": {
			"translation": {
				"x": 0,
				"y": 0,
				"z": 0
			},
			"rotation": {
				"x": 51,
				"y": 90,
				"z": -30
			},
			"scale": 1.9
		},
		"*-carrot": {
			"translation": {
				"x": 0,
				"y": 0,
				"z": 0
			},
			"rotation": {
				"x": 45,
				"y": 47,
				"z": -30
			},
			"origin": {
				"x": 0.5,
				"y": 0.3,
				"z": 0.5
			},
			"scale": 1.9
		},
		"*-onion": {
			"translation": {
				"x": 0,
				"y": 0,
				"z": 0
			},
			"rotation": {
				"x": 45,
				"y": 47,
				"z": -30
			},
			"origin": {
				"x": 0.5,
				"y": 0.3,
				"z": 0.5
			},
			"scale": 1.9
		},
		"*-parsnip": {
			"translation": {
				"x": 0,
				"y": 0,
				"z": 0
			},
			"rotation": {
				"x": 45,
				"y": 47,
				"z": -30
			},
			"origin": {
				"x": 0.5,
				"y": 0.3,
				"z": 0.5
			},
			"scale": 1.9
		},
		"*-turnip": {
			"translation": {
				"x": 0,
				"y": 0,
				"z": 0
			},
			"rotation": {
				"x": 45,
				"y": 47,
				"z": -30
			},
			"origin": {
				"x": 0.5,
				"y": 0.3,
				"z": 0.5
			},
			"scale": 1.9
		},
		"*-olive": {
			"translation": {
				"x": -1.07,
				"y": -1.1,
				"z": -1.3
			},
			"rotation": {
				"x": 0,
				"y": 0,
				"z": 90
			},
			"scale": 0.4
		}
	},
	"tpHandTransformByType": {
		"*-cabbage": {
			"translation": {
				"x": -0.25,
				"y": -1,
				"z": -1
			},
			"rotation": {
				"x": 125,
				"y": -2,
				"z": -72
			},
			"origin": {
				"x": -0.05,
				"y": 0.4,
				"z": 0.8
			},
			"scale": 0.45
		},
		"*-carrot": {
			"translation": {
				"x": -0.57,
				"y": -0.14,
				"z": -0.56
			},
			"rotation": {
				"x": 0,
				"y": 0,
				"z": -89
			},
			"origin": {
				"x": 0.5,
				"y": 0.1,
				"z": 0.5
			},
			"scale": 0.88
		},
		"*-onion": {
			"translation": {
				"x": -0.75,
				"y": -0.13,
				"z": -0.57
			},
			"rotation": {
				"x": 0,
				"y": 0,
				"z": -67
			},
			"origin": {
				"x": 0.5,
				"y": 0.1,
				"z": 0.5
			},
			"scale": 0.84
		},
		"*-parsnip": {
			"translation": {
				"x": -0.57,
				"y": -0.14,
				"z": -0.56
			},
			"rotation": {
				"x": 0,
				"y": 0,
				"z": -89
			},
			"origin": {
				"x": 0.5,
				"y": 0.1,
				"z": 0.5
			},
			"scale": 0.88
		},
		"*-turnip": {
			"translation": {
				"x": -0.68,
				"y": -0.18,
				"z": -0.6
			},
			"rotation": {
				"x": 0,
				"y": 0,
				"z": -84
			},
			"origin": {
				"x": 0.5,
				"y": 0.1,
				"z": 0.5
			},
			"scale": 0.8
		},
		"*-olive": {
			"translation": {
				"x": -0.2,
				"y": -0.8,
				"z": 0
			},
			"rotation": {
				"x": 134,
				"y": -10,
				"z": -73
			},
			"origin": {
				"x": 0.02,
				"y": 0.1,
				"z": 0.13
			},
			"scale": 0.51
		}

	},
	"groundTransformByType": {
		"*-cabbage": {
			"translation": {
				"x": 0,
				"y": 0,
				"z": 0
			},
			"rotation": {
				"x": 0,
				"y": 0,
				"z": 0
			},
			"origin": {
				"x": 0.5,
				"y": 0,
				"z": 0.5
			},
			"scale": 3.5
		},
		"*-carrot": {
			"translation": {
				"x": 0,
				"y": 0,
				"z": 0
			},
			"rotation": {
				"x": 0,
				"y": 0,
				"z": 83
			},
			"origin": {
				"x": 0.47,
				"y": 0,
				"z": 0.5
			},
			"scale": 4.3
		},
		"*-onion": {
			"translation": {
				"x": 0,
				"y": 0,
				"z": 0
			},
			"rotation": {
				"x": 0,
				"y": 0,
				"z": 83
			},
			"origin": {
				"x": 0.47,
				"y": 0,
				"z": 0.5
			},
			"scale": 4.3
		},
		"*-parsnip": {
			"translation": {
				"x": 0,
				"y": 0,
				"z": 0
			},
			"rotation": {
				"x": 0,
				"y": 0,
				"z": 83
			},
			"origin": {
				"x": 0.47,
				"y": 0,
				"z": 0.5
			},
			"scale": 4.3
		},
		"*-turnip": {
			"translation": {
				"x": 0,
				"y": 0,
				"z": 0
			},
			"rotation": {
				"x": 0,
				"y": 0,
				"z": 75
			},
			"origin": {
				"x": 0.47,
				"y": 0,
				"z": 0.5
			},
			"scale": 3.8
		},
		"*-olive": {
			"translation": {
				"x": 0,
				"y": 0.5,
				"z": 0
			},
			"rotation": {
				"x": 0,
				"y": 0,
				"z": 0
			},
			"scale": 3.66
		}
	},
	"heldRightReadyAnimationByType": {
		"@*-(cabbage|olive)": "holdbothhands"
	},
	"heldTpIdleAnimationByType": {
		"@*-(cabbage|olive)": "holdbothhands"
	}
}