{
	"code": "elephantidae",
	"class": "EntityAgent",
	"fallDamageMultiplierByType": { "*-baby-*" :2.5,"*-elephasmaximus" :11,"*-elephasmaximusborneensis" :10,"*-loxodontaafricana" :15,"*-loxodontacyclotis" :7,"*-mammuthuscolumbi" :22,"*-mammuthusexilis" :5,"*-mammuthusprimigenius" :15,"*-palaeoloxodoncypriotes" :2.5},
	"variantgroups": [
		{"code": "age","states": [ "adult","baby" ]},
		{"code": "gender","states": [ "female","male"]},
		{"code": "type","states": [ "elephasmaximus","elephasmaximusborneensis","loxodontaafricana","loxodontacyclotis","mammuthuscolumbi","mammuthusexilis","mammuthusprimigenius","palaeoloxodoncypriotes"]}
	],
	"hitBoxSizeByType": {
		"*-adult-female-elephasmaximus": {	"x": 2.0,"y": 2.3},"*-adult-male-elephasmaximus": {	"x": 2.25,"y": 3.0},"*-baby-*-elephasmaximus": {	"x": 1.2,"y": 1.2},
		"*-adult-female-elephasmaximusborneensis": {	"x": 1.8,"y": 2.2},"*-adult-male-elephasmaximusborneensis": {	"x": 2.2,"y": 2.7},"*-baby-*-elephasmaximusborneensis": {	"x": 1.0,"y": 1.0},
		"*-adult-female-loxodontaafricana": {	"x": 2.2,"y": 2.5},"*-adult-male-loxodontaafricana": {	"x": 2.3,"y": 3.2},"*-baby-*-loxodontaafricana": {	"x": 1.0,"y": 1.0},
		"*-adult-female-loxodontacyclotis": {	"x": 1.2,"y": 1.7},"*-adult-male-loxodontacyclotis": {	"x": 1.5,"y": 2.0},"*-baby-*-loxodontacyclotis": {	"x": 0.9,"y": 0.9},
		"*-adult-female-mammuthuscolumbi": {	"x": 2.0,"y": 3.1},"*-adult-male-mammuthuscolumbi": {	"x": 2.5,"y": 3.5},"*-baby-*-mammuthuscolumbi": {	"x": 1.2,"y": 1.5},
		"*-adult-female-mammuthusexilis": {	"x": 1.3,"y": 1.5},"*-adult-male-mammuthusexilis": {	"x": 1.5,"y": 1.8},"*-baby-*-mammuthusexilis": {	"x": 0.8,"y": 0.8},
		"*-adult-female-mammuthusprimigenius": {	"x": 2.1,"y": 2.4},"*-adult-male-mammuthusprimigenius": {	"x": 2.2,"y": 2.9},	"*-baby-*-mammuthusprimigenius": {	"x": 1.0,"y": 1.0},
		"*-adult-female-palaeoloxodoncypriotes": {	"x": 0.8,"y": 0.8},"*-adult-male-palaeoloxodoncypriotes": {	"x": 1.0,"y": 1.0},	"*-baby-*-palaeoloxodoncypriotes": {	"x": 0.4,"y": 0.4}
	},
	"deadhitBoxSizeByType": {
		"*-adult-female-elephasmaximus": {	"x": 2.0,"y": 1.1},"*-adult-male-elephasmaximus": {	"x": 2.25,"y": 1.5},"*-baby-*-elephasmaximus": {	"x": 1.2,"y": 0.6},
		"*-adult-female-elephasmaximusborneensis": {	"x": 1.8,"y": 1.1},"*-adult-male-elephasmaximusborneensis": {	"x": 2.2,"y": 1.3},"*-baby-*-elephasmaximusborneensis": {	"x": 1.0,"y": 0.5},
		"*-adult-female-loxodontaafricana": {	"x": 2.2,"y": 1.2},"*-adult-male-loxodontaafricana": {	"x": 2.3,"y": 1.6},"*-baby-*-loxodontaafricana": {	"x": 1.0,"y": 0.5},
		"*-adult-female-loxodontacyclotis": {	"x": 1.2,"y": 0.8},"*-adult-male-loxodontacyclotis": {	"x": 1.5,"y": 1.0},"*-baby-*-loxodontacyclotis": {	"x": 0.9,"y": 0.4},
		"*-adult-female-mammuthuscolumbi": {	"x": 2.0,"y": 1.5},"*-adult-male-mammuthuscolumbi": {	"x": 2.5,"y": 1.7},"*-baby-*-mammuthuscolumbi": {	"x": 1.2,"y": 0.7},
		"*-adult-female-mammuthusexilis": {	"x": 1.3,"y": 0.7},"*-adult-male-mammuthusexilis": {	"x": 1.5,"y": 0.9},"*-baby-*-mammuthusexilis": {	"x": 0.8,"y": 0.4},
		"*-adult-female-mammuthusprimigenius": {	"x": 2.1,"y": 1.2},"*-adult-male-mammuthusprimigenius": {	"x": 2.2,"y": 1.4},	"*-baby-*-mammuthusprimigenius": {	"x": 1.0,"y": 0.5},
		"*-adult-female-palaeoloxodoncypriotes": {	"x": 0.8,"y": 0.4},"*-adult-male-palaeoloxodoncypriotes": {	"x": 1.0,"y": 0.5},	"*-baby-*-palaeoloxodoncypriotes": {	"x": 0.4,"y": 0.2}
	},
	"eyeHeightByType": {
		"*-adult-female-elephasmaximus": 2.5,"*-adult-male-elephasmaximus": 3.2,"*-baby-*-elephasmaximus": 1.2,
		"*-adult-female-elephasmaximusborneensis": 2.4,"*-adult-male-elephasmaximusborneensis": 2.9,"*-baby-*-elephasmaximusborneensis": 1.0,
		"*-adult-female-loxodontaafricana": 2.7,"*-adult-male-loxodontaafricana": 3.4,"*-baby-*-loxodontaafricana": 1.2,
		"*-adult-female-loxodontacyclotis": 1.9,"*-adult-male-loxodontacyclotis": 2.2,"*-baby-*-loxodontacyclotis": 0.7,
		"*-adult-female-mammuthuscolumbi": 3.4,"*-adult-male-mammuthuscolumbi": 3.75,"*-baby-*-mammuthuscolumbi": 1.2,
		"*-adult-female-mammuthusexilis": 1.7,"*-adult-male-mammuthusexilis": 2.0,"*-baby-*-mammuthusexilis": 0.7,
		"*-adult-female-mammuthusprimigenius": 2.6,"*-adult-male-mammuthusprimigenius": 3.1,"*-baby-*-mammuthusprimigenius": 1.2,
		"*-adult-female-palaeoloxodoncypriotes": 0.8,"*-adult-male-palaeoloxodoncypriotes": 1.0,"*-baby-*-palaeoloxodoncypriotes": 0.3
	},
	"weightByType": {
		"*-adult-female-elephasmaximus": 2700,"*-adult-male-elephasmaximus": 4000,"*-baby-*-elephasmaximus": 250,
		"*-adult-female-elephasmaximusborneensis": 2300,"*-adult-male-elephasmaximusborneensis": 3500,"*-baby-*-elephasmaximusborneensis": 250,
		"*-adult-female-loxodontaafricana": 3000,"*-adult-male-loxodontaafricana": 6000,"*-baby-*-loxodontaafricana": 300,
		"*-adult-female-loxodontacyclotis": 1000,"*-adult-male-loxodontacyclotis": 2000,"*-baby-*-loxodontacyclotis": 150,
		"*-adult-female-mammuthuscolumbi": 5000,"*-adult-male-mammuthuscolumbi": 9500,"*-baby-*-mammuthuscolumbi": 400,
		"*-adult-female-mammuthusexilis": 750,"*-adult-male-mammuthusexilis": 1300,"*-baby-*-mammuthusexilis": 50,
		"*-adult-female-mammuthusprimigenius": 4000,"*-adult-male-mammuthusprimigenius": 6000,"*-baby-*-mammuthusprimigenius": 200,
		"*-adult-female-palaeoloxodoncypriotes": 170,"*-adult-male-palaeoloxodoncypriotes": 350,"*-baby-*-palaeoloxodoncypriotes": 20
	},	
	"knockbackResistanceByType": {
		"*-baby-*-mammuthusexilis": 1,	
		"*-adult-*-palaeoloxodoncypriotes": 2,
		"*-baby-*-palaeoloxodoncypriotes": 0.5,	
		"*-adult-*": 5,
		"*-baby-*": 2	},	
	"attributes": {
		"tamedByType": {"*": false },
		"killedByInfoText": "deadcreature-killed",
		"basketCatchable": true,
		"trapChanceByType": {"*": 0.0 },
		"trapDestroyChanceByType": { "*-baby-*": 0.85, "*": 0.99 },
		"minGenerationToAllowHealing": 0,
		"creatureDiet": {
			"foodCategories": ["Fruit", "Vegetable"],
			"foodTags": ["grass","fruitmash","nibblecrops", "sweetBerryBush" ]
		},
		"handbook": {
			"groupcode": "creaturegroup-elephantidae"
		}
	},
	"behaviorConfigs": {
		"controlledphysics": { 
			"stepHeight": 1.1251,
			"stepUpSpeed": 0.1
		},
		"floatupwhenstuck": { "onlyWhenDead": true },
		"rideableaccessories": {
			"wearableSlotsByType": {"@.*-(loxodontacyclotis|mammuthusexilis)":[
				{ "code": "head-{type}", "forCategoryCodes": [], "attachmentPointcode": "HeadAP" }, 
				{ "code": "neckseat-{type}", "forCategoryCodes": ["saddle","elephantbridle"], "attachmentPointcode": "NeckAP","stepParentTo": {"": { "elementName": "NeckSeat" }} },
				{ "code": "middlebackunder-{type}", "forCategoryCodes": ["elephantblanket"], "attachmentPointCode": "MidUnderAP" },
				{"code": "Back Storage 1-{type}","forCategoryCodes": ["elephantsaddle","chest", "basket", "crate"],"attachmentPointcode": "BStore1AP","stepParentTo": {"": { "elementName": "BackStorage1" }}}
			],"*":[
				{ "code": "head-{type}", "forCategoryCodes": [], "attachmentPointcode": "HeadAP" }, 
				{ "code": "neckseat-{type}", "forCategoryCodes": ["saddle","elephantbridle"], "attachmentPointcode": "NeckAP","stepParentTo": {"": { "elementName": "NeckSeat" }} },
				{ "code": "middlebackunder-{type}", "forCategoryCodes": ["elephantblanket"], "attachmentPointCode": "MidUnderAP" },
				{"code": "Back Storage 1-{type}","forCategoryCodes": ["elephantsaddle","chest", "basket", "crate"],"attachmentPointcode": "BStore1AP","stepParentTo": {"": { "elementName": "BackStorage1" }}},
				{"code": "Back Storage 2","forCategoryCodes": ["chest", "basket", "crate"],"attachmentPointcode": "BStore2AP","stepParentTo": {"": { "elementName": "BackStorage2" }}},
				{"code": "Back Storage 3","forCategoryCodes": ["chest", "basket", "crate"],"attachmentPointcode": "BStore3AP","stepParentTo": {"": { "elementName": "BackStorage3" }}}
			]}
		},
		"selectionboxes": {
			"selectionBoxesByType": {"@.*-(loxodontacyclotis|mammuthusexilis)":["HeadAP","NeckAP","MidUnderAP","BStore1AP"],"*":["HeadAP","NeckAP","MidUnderAP","BStore1AP","BStore2AP","BStore3AP"]}
		},
		"rideable": {
			"interactMountAnySeat": true,
			"seats": [
				{ "apName": "Rider", "selectionBox": "NeckAP", "bodyYawLimit": 0.2, "controllable": true,
					"mountOffsetByType": { "*-female-elephasmaximus": {"x":-0.1,"y":-0.8,"z":0},"*-male-elephasmaximus": {"x":0,"y":-0.1,"z":0},
					"*-female-elephasmaximusborneensis": {"x":-0.2,"y":-0.9,"z":0},"*-male-elephasmaximusborneensis": {"x":-0.05,"y":-0.35,"z":0},
					"*-female-loxodontaafricana": {"x":-0.2,"y":-0.8,"z":0},"*-male-loxodontaafricana": {"x":0.2,"y":-0.1,"z":0},
					"*-female-loxodontacyclotis": {"x":-0.1,"y":-0.5,"z":0},"*-male-loxodontacyclotis": {"x":0.0,"y":-0.3,"z":0},
					"*-female-mammuthuscolumbi": {"x":0.15,"y":-0.25,"z":0},"*-male-mammuthuscolumbi": {"x":0.25,"y":0.2,"z":0},
					"*-female-mammuthusexilis": {"x":-0.15,"y":-0.85,"z":0},"*-male-mammuthusexilis": {"x":0.0,"y":-0.55,"z":0},
					"*-female-mammuthusprimigenius": {"x":-0.2,"y":-1.0,"z":0},"*-male-mammuthusprimigenius": {"x":0.1,"y":-0.55,"z":0},
					"*": {"x":0,"y":0.0,"z":0} } },
				{ "apName": "Rider2", "selectionBox": "BStore1AP", "bodyYawLimit": 0.2, "controllable": true,
					"mountOffsetByType": { "*-female-elephasmaximus": {"x":0.1,"y":-0.1,"z":0},"*-male-elephasmaximus": {"x":0.05,"y":0.8,"z":0},
					"*-female-elephasmaximusborneensis": {"x":0.15,"y":-0.1,"z":0},"*-male-elephasmaximusborneensis": {"x":0.1,"y":0.35,"z":0},
					"*-female-loxodontaafricana": {"x":0.35,"y":0.1,"z":0},"*-male-loxodontaafricana": {"x":0.4,"y":0.8,"z":0},
					"*-female-loxodontacyclotis": {"x":0,"y":0.3,"z":0},"*-male-loxodontacyclotis": {"x":0.0,"y":0.6,"z":0},
					"*-female-mammuthuscolumbi": {"x":0.4,"y":0.65,"z":0},"*-male-mammuthuscolumbi": {"x":0.45,"y":0.95,"z":0},
					"*-female-mammuthusexilis": {"x":-0.05,"y":-0.05,"z":0},"*-male-mammuthusexilis": {"x":-0.1,"y":0.25,"z":0},
					"*-female-mammuthusprimigenius": {"x":0.17,"y":-0.25,"z":0},"*-male-mammuthusprimigenius": {"x":0.25,"y":0.25,"z":0},
					"*": {"x":0,"y":0.0,"z":0} } }
			],
			"controls": {
				"idle": {
					"weight": 1,
					"riderAnim": {
						"animation": "sitflooridle",
						"animationSpeed": 0.00000001,
						"weight": 1,
						"withFpVariant": true,
						"blendMode": "Average", 
						"elementWeight": {
							"LowerTorso": 80,
							"UpperTorso": 80,
							"UpperFootR": 80,
							"UpperFootL": 80,
							"LowerFootR": 80,
							"LowerFootL": 80
						},
						"elementBlendMode": {
							"LowerTorso": "Average",
							"UpperTorso": "Average",
							"UpperFootR": "Average",
							"UpperFootL": "Average",
							"LowerFootR": "Average",
							"LowerFootL": "Average"
						}
					}
				},
				"swim": {
					"animation": "Swim",
					"animationSpeed": 1,
					"movespeed": 0.02,
					"weight": 10,
					"blendMode": "Average",
					"riderAnim": {
						"animation": "sitflooridle",
						"animationSpeed": 1,
						"weight": 1,	
						"withFpVariant": true,
						"blendMode": "Average", 
						"elementWeight": {
							"LowerTorso": 80,
							"UpperTorso": 80,
							"UpperFootR": 80,
							"UpperFootL": 80,
							"LowerFootR": 80,
							"LowerFootL": 80
						},
						"elementBlendMode": {
							"LowerTorso": "Average",
							"UpperTorso": "Average",
							"UpperFootR": "Average",
							"UpperFootL": "Average",
							"LowerFootR": "Average",
							"LowerFootL": "Average"
						}
					}
				},
				"walk": {
					"animation": "walk",
					"weight": 10,
						"movespeedByType": {
							"*-adult-*-elephasmaximus": 0.007,
							"*-adult-*-elephasmaximusborneensis": 0.007,
							"*-adult-*-loxodontaafricana": 0.0077,
							"*-adult-*-loxodontacyclotis": 0.006,
							"*-adult-*-mammuthuscolumbi": 0.008,
							"*-adult-*-mammuthusexilis": 0.006,
							"*-adult-*-mammuthusprimigenius": 0.007
						},
						"animationSpeedByType": {
							"*-adult-female-elephasmaximus": 0.6,"*-adult-male-elephasmaximus": 0.5,
							"*-adult-female-elephasmaximusborneensis": 0.63,"*-adult-male-elephasmaximusborneensis": 0.55,
							"*-adult-female-loxodontaafricana": 0.57,"*-adult-male-loxodontaafricana": 0.45,
							"*-adult-female-loxodontacyclotis": 0.72,"*-adult-male-loxodontacyclotis": 0.63,
							"*-adult-female-mammuthuscolumbi": 0.52,"*-adult-male-mammuthuscolumbi": 0.46,
							"*-adult-female-mammuthusexilis": 0.73,"*-adult-male-mammuthusexilis": 0.67,
							"*-adult-female-mammuthusprimigenius": 0.61,"*-adult-male-mammuthusprimigenius": 0.51,
							"*": 0.75
						},
					"blendMode": "Average",
					"riderAnim": {
						"animation": "sitflooridle",
						"animationSpeed": 1,
						"weight": 1,	
						"withFpVariant": true,
						"blendMode": "Average", 
						"elementWeight": {
							"LowerTorso": 80,
							"UpperTorso": 80,
							"UpperFootR": 80,
							"UpperFootL": 80,
							"LowerFootR": 80,
							"LowerFootL": 80
						},
						"elementBlendMode": {
							"LowerTorso": "Average",
							"UpperTorso": "Average",
							"UpperFootR": "Average",
							"UpperFootL": "Average",
							"LowerFootR": "Average",
							"LowerFootL": "Average"
						}
					}
				},
				"walkback": {
					"animation": "walkback",
					"weight": 10,
						"movespeedByType": {
							"*-adult-*-elephasmaximus": 0.007,
							"*-adult-*-elephasmaximusborneensis": 0.007,
							"*-adult-*-loxodontaafricana": 0.0077,
							"*-adult-*-loxodontacyclotis": 0.006,
							"*-adult-*-mammuthuscolumbi": 0.008,
							"*-adult-*-mammuthusexilis": 0.006,
							"*-adult-*-mammuthusprimigenius": 0.007
						},
						"animationSpeedByType": {
							"*-adult-female-elephasmaximus": 0.6,"*-adult-male-elephasmaximus": 0.5,
							"*-adult-female-elephasmaximusborneensis": 0.63,"*-adult-male-elephasmaximusborneensis": 0.55,
							"*-adult-female-loxodontaafricana": 0.57,"*-adult-male-loxodontaafricana": 0.45,
							"*-adult-female-loxodontacyclotis": 0.72,"*-adult-male-loxodontacyclotis": 0.63,
							"*-adult-female-mammuthuscolumbi": 0.52,"*-adult-male-mammuthuscolumbi": 0.46,
							"*-adult-female-mammuthusexilis": 0.73,"*-adult-male-mammuthusexilis": 0.67,
							"*-adult-female-mammuthusprimigenius": 0.61,"*-adult-male-mammuthusprimigenius": 0.51,
							"*": 0.75
						},
					"easeInSpeed": 1,
					"easeOutSpeed": 3,
					"blendMode": "Average",
					"riderAnim": {
						"animation": "sitflooridle",
						"animationSpeed": 1,
						"weight": 1,
						"withFpVariant": true,
						"blendMode": "Average", 
						"elementWeight": {
							"LowerTorso": 80,
							"UpperTorso": 80,
							"UpperFootR": 80,
							"UpperFootL": 80,
							"LowerFootR": 80,
							"LowerFootL": 80
						},
						"elementBlendMode": {
							"LowerTorso": "Average",
							"UpperTorso": "Average",
							"UpperFootR": "Average",
							"UpperFootL": "Average",
							"LowerFootR": "Average",
							"LowerFootL": "Average"
						}
					}
				},
				"sprint": {
					"animation": "Run",
					"weight": 10,
						"movespeedByType": {
							"*-adult-*-elephasmaximus": 0.056,
							"*-adult-*-elephasmaximusborneensis": 0.056,
							"*-adult-*-loxodontaafricana": 0.064,
							"*-adult-*-loxodontacyclotis": 0.048,
							"*-adult-*-mammuthuscolumbi": 0.064,
							"*-adult-*-mammuthusexilis": 0.048,
							"*-adult-*-mammuthusprimigenius": 0.056
						},
						"animationSpeedByType": {
							"*-adult-female-elephasmaximus": 4.8,"*-adult-male-elephasmaximus": 4,
							"*-adult-female-elephasmaximusborneensis": 5.04,"*-adult-male-elephasmaximusborneensis": 4.4,
							"*-adult-female-loxodontaafricana": 4.56,"*-adult-male-loxodontaafricana": 3.6,
							"*-adult-female-loxodontacyclotis": 5.76,"*-adult-male-loxodontacyclotis": 5.04,
							"*-adult-female-mammuthuscolumbi": 4.16,"*-adult-male-mammuthuscolumbi": 3.68,
							"*-adult-female-mammuthusexilis": 5.84,"*-adult-male-mammuthusexilis": 5.36,
							"*-adult-female-mammuthusprimigenius": 4.88,"*-adult-male-mammuthusprimigenius": 4.08,
							"*": 6
						},
					"blendMode": "Average",
					"riderAnim": {
						"animation": "sitflooridle",
						"animationSpeed": 2,
						"weight": 1,
						"withFpVariant": true,
						"blendMode": "Average", 
						"elementWeight": {
							"LowerTorso": 80,
							"UpperTorso": 80,
							"UpperFootR": 80,
							"UpperFootL": 80,
							"LowerFootR": 80,
							"LowerFootL": 80
						},
						"elementBlendMode": {
							"LowerTorso": "Average",
							"UpperTorso": "Average",
							"UpperFootR": "Average",
							"UpperFootL": "Average",
							"LowerFootR": "Average",
							"LowerFootL": "Average"
						}
					}
				},
				"jump": {
					"animation": "jump",
					"weight": 50,
					"easeOutSpeed": 40,
					"blendMode": "Average",
					"animationSpeed": 1,
					"movespeed": 0.08,
					"riderAnim": {
						"animation": "sitflooridle",
						"animationSpeed": 1,
						"weight": 10,
						"withFpVariant": true,
						"blendMode": "Average", 
						"elementWeight": {
							"LowerTorso": 160,
							"UpperTorso": 160,
							"UpperFootR": 160,
							"UpperFootL": 160,
							"LowerFootR": 160,
							"LowerFootL": 160
						},
						"elementBlendMode": {
							"LowerTorso": "Average",
							"UpperTorso": "Average",
							"UpperFootR": "Average",
							"UpperFootL": "Average",
							"LowerFootR": "Average",
							"LowerFootL": "Average"
						}
					}
				}
			}
		},
		"health": {
			"currenthealthByType": {
					"*-adult-female-elephasmaximus": 65,"*-adult-male-elephasmaximus": 77,"*-baby-*-elephasmaximus": 19,
					"*-adult-female-elephasmaximusborneensis": 65,"*-adult-male-elephasmaximusborneensis": 77,"*-baby-*-elephasmaximusborneensis": 19,
					"*-adult-female-loxodontaafricana": 61,"*-adult-male-loxodontaafricana": 71,"*-baby-*-loxodontaafricana": 19,
					"*-adult-female-loxodontacyclotis": 35,"*-adult-male-loxodontacyclotis": 43,"*-baby-*-loxodontacyclotis": 15,
					"*-adult-female-mammuthuscolumbi": 53,"*-adult-male-mammuthuscolumbi": 59,"*-baby-*-mammuthuscolumbi": 17,
					"*-adult-female-mammuthusexilis": 53,"*-adult-male-mammuthusexilis": 59,"*-baby-*-mammuthusexilis": 17,
					"*-adult-female-mammuthusprimigenius": 63,"*-adult-male-mammuthusprimigenius": 73,"*-baby-*-mammuthusprimigenius": 19,
					"*-adult-female-palaeoloxodoncypriotes": 65,"*-adult-male-palaeoloxodoncypriotes": 77,"*-baby-*-palaeoloxodoncypriotes": 19
			},
			"maxhealthByType": {
					"*-adult-female-elephasmaximus": 65,"*-adult-male-elephasmaximus": 77,"*-baby-*-elephasmaximus": 19,
					"*-adult-female-elephasmaximusborneensis": 65,"*-adult-male-elephasmaximusborneensis": 77,"*-baby-*-elephasmaximusborneensis": 19,
					"*-adult-female-loxodontaafricana": 61,"*-adult-male-loxodontaafricana": 71,"*-baby-*-loxodontaafricana": 19,
					"*-adult-female-loxodontacyclotis": 35,"*-adult-male-loxodontacyclotis": 43,"*-baby-*-loxodontacyclotis": 15,
					"*-adult-female-mammuthuscolumbi": 53,"*-adult-male-mammuthuscolumbi": 59,"*-baby-*-mammuthuscolumbi": 17,
					"*-adult-female-mammuthusexilis": 53,"*-adult-male-mammuthusexilis": 59,"*-baby-*-mammuthusexilis": 17,
					"*-adult-female-mammuthusprimigenius": 63,"*-adult-male-mammuthusprimigenius": 73,"*-baby-*-mammuthusprimigenius": 19,
					"*-adult-female-palaeoloxodoncypriotes": 65,"*-adult-male-palaeoloxodoncypriotes": 77,"*-baby-*-palaeoloxodoncypriotes": 19
			}
		},
		"ownable": {
			"groupCode": "mountableanimal"
		}
	},
	"drops": [],
	"client": {
		"renderer": "Shape",
		"shapeByType": {
			"*-adult-*-elephasmaximus": { "base": "entity/land/elephantidae/elephasmaximus/adult" },
			"*-baby-*-elephasmaximus": { "base": "entity/land/elephantidae/elephasmaximusborneensis/baby" },
			"*-adult-*-elephasmaximusborneensis": { "base": "entity/land/elephantidae/elephasmaximusborneensis/adult" },
			"*-baby-*-elephasmaximusborneensis": { "base": "entity/land/elephantidae/elephasmaximusborneensis/baby" },
			"*-adult-*-loxodontaafricana": { "base": "entity/land/elephantidae/loxodontaafricana/adult" },
			"*-baby-*-loxodontaafricana": { "base": "entity/land/elephantidae/loxodontacyclotis/baby" },
			"*-adult-*-loxodontacyclotis": { "base": "entity/land/elephantidae/loxodontacyclotis/adult" },
			"*-baby-*-loxodontacyclotis": { "base": "entity/land/elephantidae/loxodontacyclotis/baby" },
			"*-adult-*-mammuthuscolumbi": { "base": "entity/land/elephantidae/mammuthuscolumbi/adult" },
			"*-baby-*-mammuthuscolumbi": { "base": "entity/land/elephantidae/mammuthuscolumbi/baby" },
			"*-adult-*-mammuthusexilis": { "base": "entity/land/elephantidae/mammuthusexilis/adult" },
			"*-baby-*-mammuthusexilis": { "base": "entity/land/elephantidae/mammuthusexilis/baby" },
			"*-adult-*-mammuthusprimigenius": { "base": "entity/land/elephantidae/mammuthusprimigenius/adult" },
			"*-baby-*-mammuthusprimigenius": { "base": "entity/land/elephantidae/mammuthusprimigenius/baby" },
			"*-adult-*-palaeoloxodoncypriotes": { "base": "entity/land/elephantidae/palaeoloxodoncypriotes/adult" },
			"*-baby-*-palaeoloxodoncypriotes": { "base": "entity/land/elephantidae/palaeoloxodoncypriotes/baby" }
		},
		"textureByType": {
			"*-adult-*-elephasmaximus": { "base": "entity/elephantidae/elephasmaximus-adult" },
			"*-baby-*-elephasmaximus": { "base": "entity/elephantidae/elephasmaximusborneensis-baby" },
			"*-adult-*-elephasmaximusborneensis": { "base": "entity/elephantidae/elephasmaximusborneensis-adult" },
			"*-baby-*-elephasmaximusborneensis": { "base": "entity/elephantidae/elephasmaximusborneensis-baby" },
			"*-adult-*-loxodontaafricana": { "base": "entity/elephantidae/loxodontaafricana-adult" },
			"*-baby-*-loxodontaafricana": { "base": "entity/elephantidae/loxodontacyclotis-baby" },
			"*-adult-*-loxodontacyclotis": { "base": "entity/elephantidae/loxodontacyclotis-adult" },
			"*-baby-*-loxodontacyclotis": { "base": "entity/elephantidae/loxodontacyclotis-baby" },
			"*-adult-*-mammuthuscolumbi": { "base": "entity/elephantidae/mammuthuscolumbi-adult" },
			"*-baby-*-mammuthuscolumbi": { "base": "entity/elephantidae/mammuthuscolumbi-baby" },
			"*-adult-*-mammuthusexilis": { "base": "entity/elephantidae/mammuthusexilis-adult" },
			"*-baby-*-mammuthusexilis": { "base": "entity/elephantidae/mammuthusexilis-baby" },
			"*-adult-*-mammuthusprimigenius": { "base": "entity/elephantidae/mammuthusprimigenius-adult" },
			"*-baby-*-mammuthusprimigenius": { "base": "entity/elephantidae/mammuthusprimigenius-baby" },
			"*-adult-*-palaeoloxodoncypriotes": { "base": "entity/elephantidae/palaeoloxodoncypriotes-adult" },
			"*-baby-*-palaeoloxodoncypriotes": { "base": "entity/elephantidae/palaeoloxodoncypriotes-baby" }
		},
		"sizeByType": {
			"*-adult-female-elephasmaximus": 0.89,"*-adult-male-elephasmaximus": 1.13,"*-baby-*-elephasmaximus": 1.05,
			"*-adult-female-elephasmaximusborneensis": 0.85,"*-adult-male-elephasmaximusborneensis": 1.03,"*-baby-*-elephasmaximusborneensis": 1.0,
			"*-adult-female-loxodontaafricana": 0.93,"*-adult-male-loxodontaafricana": 1.18,"*-baby-*-loxodontaafricana": 1.05,
			"*-adult-female-loxodontacyclotis": 1.0,"*-adult-male-loxodontacyclotis": 1.13,"*-baby-*-loxodontacyclotis": 1.0,
			"*-adult-female-mammuthuscolumbi": 1.11,"*-adult-male-mammuthuscolumbi": 1.23,"*-baby-*-mammuthuscolumbi": 1.1,
			"*-adult-female-mammuthusexilis": 0.85,"*-adult-male-mammuthusexilis": 1.0,"*-baby-*-mammuthusexilis": 1.0,
			"*-adult-female-mammuthusprimigenius": 0.84,"*-adult-male-mammuthusprimigenius": 1.01,"*-baby-*-mammuthusprimigenius": 1.0,
			"*-adult-female-palaeoloxodoncypriotes": 0.85,"*-adult-male-palaeoloxodoncypriotes": 1.1,"*-baby-*-palaeoloxodoncypriotes": 0.9
		},
		"behaviors": [
			{ "code": "mortallywoundable", "enabledByType": { "*-baby-*": false,"*-palaeoloxodoncypriotes": false, "*": true},"minGeneration": 2 },
			{"code": "repulseagents" },
			{"code": "controlledphysics","stepHeight": 1.1251},
			{"code": "floatupwhenstuck","onlyWhenDead": true},
			{"code": "interpolateposition" },
			{"code": "harvestable","quantitySlots": 8},
			{ "code": "multiply", "enabledByType": { "*-adult-female-*": true, "*": false } },
			{ "code": "milkable", "enabledByType": { "*-adult-female-*": true, "*": false } },
			{"code": "despawn","minPlayerDistance": 8,"belowLightLevel": 8,"minSeconds": 300},
			{ "code": "antlergrowth", "enabledByType": {"*-baby-*": false,"*-female-elephasmaximus": false,"*-female-elephasmaximusborneensis": false,"*-female-palaeoloxodoncypriotes": false,"*": true }},
			{ "code": "selectionboxes", "enabledByType": {  "*-baby-*": false,"*-palaeoloxodoncypriotes": false, "*": true},"minGeneration": 2 },
			{ "code": "ownable", "enabledByType": { "*-baby-*": false,"*-palaeoloxodoncypriotes": false, "*": true},"minGeneration": 2 },
			{ "code": "rideableaccessories", "enabledByType": { "*-baby-*": false,"*-palaeoloxodoncypriotes": false, "*": true},"minGeneration": 2 },
			{ "code": "rideable", "enabledByType": { "*-baby-*": false,"*-palaeoloxodoncypriotes": false, "*": true},"minGeneration": 2 },
			{"code": "ropetieable","minGeneration": 2}
		],
		"animations": [
			{"code": "attack","animation": "Attack","animationSpeed": 1.2,"weight": 10,"blendMode": "AddAverage"},
			{"code": "charge","animation": "Charge","easeInSpeed": 10,"easeOutSpeed": 2,"animationSpeed": 2.2,"weight": 10,"blendMode": "Average"},
			{"code": "die","animation": "Die","easeInSpeed": 3,"animationSpeed": 0.75,"weight": 10,"blendMode": "Average","triggeredBy": { "onControls": [ "dead" ] }},
			{"code": "eat","animation": "Eat","easeInSpeed": 4,"easeOutSpeed": 4,"blendMode": "Average"},
			{"code": "hurt","animation": "Hurt","animationSpeed": 2.2,"weight": 10,"blendMode": "AddAverage"},
			{"code": "idle","animation": "Idle","animationSpeed": 0.5,"blendMode": "AddAverage","easeOutSpeed": 4,"triggeredBy": { "defaultAnim": true }},
			{"code": "roar","animation": "Roar","animationSpeed": 2.2,"weight": 10,"blendMode": "AddAverage"},
			{"code": "sit","animation": "Sit","easeInSpeed": 0.1,"easeOutSpeed": 0.5,"blendMode": "Average"},
			{"code": "sleep","animation": "Sleep","easeInSpeed": 2,"easeOutSpeed": 2,"weight": 5,"blendMode": "Average"},
			{"code": "swim","animation": "Swim","supressDefaultAnimation": true,"blendMode": "Average"},
			{"code": "walk","animation": "Walk","easeInSpeed": 10,"supressDefaultAnimation": true,"blendMode": "Average"},
			{"code": "turn-left","animation": "turn-left","easeInSpeed": 3,"easeOutSpeed": 10,"weight": 0.01,"blendMode": "Average","elementWeight": {"Head": 80,"Neck": 80,"Neck2": 80},"elementBlendMode": {"Head": "AddAverage","Neck": "AddAverage","Neck2": "AddAverage"}},
			{"code": "turn-right","animation": "turn-right","easeInSpeed": 3,"easeOutSpeed": 10,"weight": 0.01,"blendMode": "Average","elementWeight": {"Head": 80,"Neck": 80,"Neck2": 80},"elementBlendMode": {"Head": "AddAverage","Neck": "AddAverage","Neck2": "AddAverage"}},
			{"code": "wounded-idle","animation": "wounded-idle","easeInSpeed": 3,"weight": 10,"blendMode": "Average"},
			{"code": "wounded-resthead","animation": "wounded-resthead","easeInSpeed": 3,"weight": 10,"blendMode": "Average"},
			{"code": "wounded-trystand","animation": "wounded-resthead","easeInSpeed": 3,"weight": 100,"blendMode": "Average"},
			{"code": "wounded-look","animation": "wounded-look","easeInSpeed": 3,"weight": 100,"blendMode": "Average"},
			{"code": "wounded-stand","animation": "wounded-stand","easeInSpeed": 3,"weight": 10,"blendMode": "Average"},
			{"code": "dead","animation": "dead","easeInSpeed": 3,"weight": 10,"blendMode": "Average"},
			{"code": "idle-turn-left","animation": "turn-left","easeInSpeed": 3,"easeOutSpeed": 10,"weight": 0.01,"blendMode": "Average","elementWeight": {"Head": 80,"Neck": 80,"Neck2": 80},"elementBlendMode": {"Head": "AddAverage","Neck": "AddAverage","Neck2": "AddAverage"}},
			{"code": "idle-turn-right","animation": "turn-right","easeInSpeed": 3,"easeOutSpeed": 10,"weight": 0.01,"blendMode": "Average","elementWeight": {"Head": 80,"Neck": 80,"Neck2": 80},"elementBlendMode": {"Head": "AddAverage","Neck": "AddAverage","Neck2": "AddAverage"}}
		]
	},
	"server": {
		"attributes": {
			"pathfinder": {
				"minTurnAnglePerSec": 0,
				"maxTurnAnglePerSecByType": { "*-adult-*": 90, "*-baby-*": 180}
			}
		},
		"behaviors": [
			{ "code": "mortallywoundable", "whenBelowHealth": 10, "enabledByType": { "*-baby-*": false,"*-palaeoloxodoncypriotes": false, "*": true},"minGeneration": 2 },
			{ "code": "selectionboxes", "enabledByType": { "*-baby-*": false,"*-palaeoloxodoncypriotes": false, "*": true},"minGeneration": 2 },
			{ "code": "ownable", "enabledByType": { "*-baby-*": false,"*-palaeoloxodoncypriotes": false, "*": true},"minGeneration": 2 },
			{ "code": "rideableaccessories", "enabledByType": { "*-baby-*": false,"*-palaeoloxodoncypriotes": false, "*": true },"minGeneration": 2 },
			{ "code": "rideable", "enabledByType": { "*-baby-*": false,"*-palaeoloxodoncypriotes": false, "*": true},"minGeneration": 2 },
			{ "code": "repulseagents" },
			{"code": "controlledphysics","stepHeight": 1.1251},
			{"code": "despawn","minPlayerDistance": 8,"belowLightLevel": 8,"minSeconds": 300},
			{"code": "health",
				"maxhealthByType": {
					"*-adult-female-elephasmaximus": 65,"*-adult-male-elephasmaximus": 77,"*-baby-*-elephasmaximus": 19,
					"*-adult-female-elephasmaximusborneensis": 65,"*-adult-male-elephasmaximusborneensis": 77,"*-baby-*-elephasmaximusborneensis": 19,
					"*-adult-female-loxodontaafricana": 61,"*-adult-male-loxodontaafricana": 71,"*-baby-*-loxodontaafricana": 19,
					"*-adult-female-loxodontacyclotis": 35,"*-adult-male-loxodontacyclotis": 43,"*-baby-*-loxodontacyclotis": 15,
					"*-adult-female-mammuthuscolumbi": 53,"*-adult-male-mammuthuscolumbi": 59,"*-baby-*-mammuthuscolumbi": 17,
					"*-adult-female-mammuthusexilis": 53,"*-adult-male-mammuthusexilis": 59,"*-baby-*-mammuthusexilis": 17,
					"*-adult-female-mammuthusprimigenius": 63,"*-adult-male-mammuthusprimigenius": 73,"*-baby-*-mammuthusprimigenius": 19,
					"*-adult-female-palaeoloxodoncypriotes": 65,"*-adult-male-palaeoloxodoncypriotes": 77,"*-baby-*-palaeoloxodoncypriotes": 19
				}
			},
			{"code": "deaddecay",
				"hoursToDecay": 96,
				"decayedBlockByType": {
				"*-adult-*-palaeoloxodoncypriotes": "carcass-medium",
				"*-baby-*-palaeoloxodoncypriotes": "carcass-tiny",
				"*-baby-*-mammuthusexilis": "carcass-small",
				"*-adult-*": "carcass-large",
				"*-baby-*": "carcass-medium"
				}
			},
			{"code": "floatupwhenstuck","onlyWhenDead": true},
			{"code": "harvestable",
				"quantitySlots": 8,
				"drops": [
					{
						"type": "item",
						"code": "game:redmeat-raw",
						"quantityByType": {
							"*-adult-female-elephasmaximus": {"avg": 47,"var": 3},"*-adult-male-elephasmaximus": {"avg": 72,"var": 3},"*-baby-*-elephasmaximus": {"avg": 6.5,"var": 0.5},
							"*-adult-female-elephasmaximusborneensis": {"avg": 41,"var": 2},"*-adult-male-elephasmaximusborneensis": {"avg": 63,"var": 3},"*-baby-*-elephasmaximusborneensis": {"avg": 6.5,"var": 0.5},
							"*-adult-female-loxodontaafricana": {"avg": 53,"var": 3},"*-adult-male-loxodontaafricana": {"avg": 106,"var": 6},"*-baby-*-loxodontaafricana": {"avg": 7.5,"var": 0.5},
							"*-adult-female-loxodontacyclotis": {"avg": 18,"var": 1},"*-adult-male-loxodontacyclotis": {"avg": 34,"var": 3},"*-baby-*-loxodontacyclotis": {"avg": 4.5,"var": 0.5},
							"*-adult-female-mammuthuscolumbi": {"avg": 90,"var": 4},"*-adult-male-mammuthuscolumbi": {"avg": 168,"var": 9},"*-baby-*-mammuthuscolumbi": {"avg": 8,"var": 1},
							"*-adult-female-mammuthusexilis": {"avg": 13,"var": 1},"*-adult-male-mammuthusexilis": {"avg": 24,"var": 1},"*-baby-*-mammuthusexilis": {"avg": 1.5,"var": 0.5},
							"*-adult-female-mammuthusprimigenius": {"avg": 57,"var": 3},"*-adult-male-mammuthusprimigenius": {"avg": 85,"var": 5},"*-baby-*-mammuthusprimigenius": {"avg": 5,"var": 1},
							"*-adult-female-palaeoloxodoncypriotes": {"avg": 5.5,"var": 0.5},"*-adult-male-palaeoloxodoncypriotes": {"avg": 8.5,"var": 0.5},"*-baby-*-palaeoloxodoncypriotes": {"avg": 0.5,"var": 0.3}
						}
					},
					{
						"type": "item",
						"code": "game:bushmeat-raw",
						"quantityByType": {
							"*-adult-female-elephasmaximus": {"avg": 141,"var": 9},"*-adult-male-elephasmaximus": {"avg": 216,"var": 9},"*-baby-*-elephasmaximus": {"avg": 20,"var": 2},
							"*-adult-female-elephasmaximusborneensis": {"avg": 123,"var": 6},"*-adult-male-elephasmaximusborneensis": {"avg": 189,"var": 9},"*-baby-*-elephasmaximusborneensis": {"avg": 20,"var": 2},
							"*-adult-female-loxodontaafricana": {"avg": 159,"var": 9},"*-adult-male-loxodontaafricana": {"avg": 318,"var": 18},"*-baby-*-loxodontaafricana": {"avg": 20,"var": 2},
							"*-adult-female-loxodontacyclotis": {"avg": 54,"var": 3},"*-adult-male-loxodontacyclotis": {"avg": 102,"var": 9},"*-baby-*-loxodontacyclotis": {"avg": 15,"var": 2},
							"*-adult-female-mammuthuscolumbi": {"avg": 270,"var": 12},"*-adult-male-mammuthuscolumbi": {"avg": 504,"var": 27},"*-baby-*-mammuthuscolumbi": {"avg": 24,"var": 3},
							"*-adult-female-mammuthusexilis": {"avg": 39,"var": 3},"*-adult-male-mammuthusexilis": {"avg": 72,"var": 3},"*-baby-*-mammuthusexilis": {"avg": 5,"var": 2},
							"*-adult-female-mammuthusprimigenius": {"avg": 171,"var": 9},"*-adult-male-mammuthusprimigenius": {"avg": 195,"var": 15},"*-baby-*-mammuthusprimigenius": {"avg": 15,"var": 2},
							"*-adult-female-palaeoloxodoncypriotes": {"avg": 16,"var": 2},"*-adult-male-palaeoloxodoncypriotes": {"avg": 25,"var": 2},"*-baby-*-palaeoloxodoncypriotes": {"avg": 1.5,"var": 1}
						}
					},
					{
						"type": "item",
						"code": "game:fat",
						"quantityByType": {
							"*-adult-female-elephasmaximus": {"avg": 38,"var": 2},"*-adult-male-elephasmaximus": {"avg": 57,"var": 3},"*-baby-*-elephasmaximus": {"avg": 3.5,"var": 0.5},
							"*-adult-female-elephasmaximusborneensis": {"avg": 32,"var": 2},"*-adult-male-elephasmaximusborneensis": {"avg": 49,"var": 3},"*-baby-*-elephasmaximusborneensis": {"avg": 3.5,"var": 0.5},
							"*-adult-female-loxodontaafricana": {"avg": 43,"var": 2},"*-adult-male-loxodontaafricana": {"avg": 85,"var": 5},"*-baby-*-loxodontaafricana": {"avg": 4.5,"var": 0.5},
							"*-adult-female-loxodontacyclotis": {"avg": 14,"var": 1},"*-adult-male-loxodontacyclotis": {"avg": 28,"var": 2},"*-baby-*-loxodontacyclotis": {"avg": 2.5,"var": 0.5},
							"*-adult-female-mammuthuscolumbi": {"avg": 71,"var": 4},"*-adult-male-mammuthuscolumbi": {"avg": 135,"var": 7},"*-baby-*-mammuthuscolumbi": {"avg": 5.5,"var": 0.5},
							"*-adult-female-mammuthusexilis": {"avg": 10,"var": 1},"*-adult-male-mammuthusexilis": {"avg": 18,"var": 1},"*-baby-*-mammuthusexilis": {"avg": 1.5,"var": 0.5},
							"*-adult-female-mammuthusprimigenius": {"avg": 72,"var": 3},"*-adult-male-mammuthusprimigenius": {"avg": 106,"var": 5},"*-baby-*-mammuthusprimigenius": {"avg": 5,"var": 1},
							"*-adult-female-palaeoloxodoncypriotes": {"avg": 2.5,"var": 0.5},"*-adult-male-palaeoloxodoncypriotes": {"avg": 5.5,"var": 0.5},"*-baby-*-palaeoloxodoncypriotes": {"avg": 0.5,"var": 0.3}
						}
					},
					{
						"type": "item",
						"code": "elephantidae:pelt-{gender}-{type}",
						"quantityByType": {
							"*-adult-*": {"avg": 1.0,"var": 0.0},
							"*": {"avg": 0.0,"var": 0.0}
						}
					},
					{
						"type": "item",
						"code": "elephantidae:pelt-baby-{type}",
						"quantityByType": {
							"*-baby-*": {"avg": 1.0,"var": 0.0},
							"*": {"avg": 0.0,"var": 0.0}
						}
					}
				]
			},
			{"code": "breathe" },
			{"code": "multiply",
				"enabledByType": {
					"*-adult-female-*": true,
					"*": false
				},
				"spawnEntityCodesByType": {
				"*-adult-female-*": [ { "code":"elephantidae:elephantidae-baby-female-{type}"}, {"code": "elephantidae:elephantidae-baby-male-{type}"} ]},
				"requiresNearbyEntityCodeByType": {
					"*-adult-female-*": "elephantidae:elephantidae-adult-male-{type}"},
				"requiresNearbyEntityRange": 10,
				"spawnQuantityMin": 1,
				"spawnQuantityMaxByType": {"*": 1},
				"pregnancyDaysByType": {"*-elephasmaximus": 121,"*-elephasmaximusborneensis": 121,"*-loxodontaafricana": 140,"*-loxodontacyclotis": 140,"*-mammuthuscolumbi": 135,"*-mammuthusexilis": 115,"*-mammuthusprimigenius": 135,"*-palaeoloxodoncypriotes": 37},
				"multiplyCooldownDaysMinByType": {"*": 54},
				"multiplyCooldownDaysMaxByType": {"*": 90},
				"portionsEatenForMultiplyByType": {"*-elephasmaximus": 52,"*-elephasmaximusborneensis": 48,"*-loxodontaafricana": 55,"*-loxodontacyclotis": 35,"*-mammuthuscolumbi": 75,"*-mammuthusexilis": 33,"*-mammuthusprimigenius": 65,"*-palaeoloxodoncypriotes": 14}
			},
			{ "code": "milkable", "enabledByType": { "*-female-adult": true, "*": false } },
			{"code": "grow",
					"enabledByType": {
					"*-baby-*": true,
					"*": false
				},
				"hoursToGrowByType": {"*-elephasmaximus": 2016,"*-elephasmaximusborneensis": 2016,"*-loxodontaafricana": 2016,"*-loxodontacyclotis": 2016,"*-mammuthuscolumbi": 2628,"*-mammuthusexilis": 2016,"*-mammuthusprimigenius": 2628,"*-palaeoloxodoncypriotes": 2628},
				"adultEntityCodesByType": {
					"*-baby-male-*": ["elephantidae:elephantidae-adult-male-{type}"],
					"*-baby-female-*": ["elephantidae:elephantidae-adult-female-{type}"]
				}
			},
			{"code": "emotionstates",
				"states": [
					{"code": "fleeondamage","duration": 60,
						"chanceByType": {
							"*-adult-*": 1,
							"*-baby-*": 1
						},
						"slot": 2,"priority": 4,"accumType": "max","whenHealthRelBelow": 0.25},
					{"code": "aggressiveondamage","duration": 60,
						"chanceByType": {
							"*-adult-*": 1,
							"*-baby-*": 0.0
						},
						"slot": 2,"priority": 3,"accumType": "noaccum"},
					{"code": "fleeondamage","duration": 60,"slot": 2,"chanceByType": {"*-adult-*": 0.01,"*-baby-*": 1},"priority": 1,"accumType": "max"},
					{"code": "alarmherdondamage","chance": 1,"slot": 1,"priority": 1.5,"accumType": "max"},
					{"code": "saturated","duration": 1200,"chance": 1,"slot": 0,"priority": 1,"accumType": "sum"},
					{ "code": "aggressivearoundentities", "duration": 60, "chanceByType": {"*-baby-*": 0.0,"*-adult-*": 1.0}, "slot": 2, "priority": 5, "entityCodes": ["elephantidae:elephantidae-baby-male-{type}","elephantidae:elephantidae-baby-female-{type}"], "maxGeneration": 2 }
				]
			},
			{
				"code": "taskai",
				"aiCreatureType": "LandCreature",
				"aitasks": [
					{
						"code": "meleeattack",
						"animation": "Attack",
						"enabledByType": {
							"*-baby-*": false,
							"*": true},
						"entityCodesByType": {
							"*-adult-*": [ "player","bear-*","bell-*","bowtorn-*","drifter-*","hyena-*","locust-*","moose-*","shiver-*","wolf-*", "caninae-canina-adult-*","felinae-adult-*","machairodontinae-adult-*", "pantherinae-neofelis-adult-*", "pantherinae-panthera-adult-*"  ]},
						"priority": 1.9,
						"slot": 1,
						"damageByType": {
							"*-adult-female-elephasmaximus":24,"*-adult-male-elephasmaximus":29,
							"*-adult-female-elephasmaximusborneensis":22,"*-adult-male-elephasmaximusborneensis":27,
							"*-adult-female-loxodontaafricana":25,"*-adult-male-loxodontaafricana":37,
							"*-adult-female-loxodontacyclotis":17,"*-adult-male-loxodontacyclotis":21,
							"*-adult-female-mammuthuscolumbi":33,"*-adult-male-mammuthuscolumbi":51,
							"*-adult-female-mammuthusexilis":16,"*-adult-male-mammuthusexilis":19,
							"*-adult-female-mammuthusprimigenius":29,"*-adult-male-mammuthusprimigenius":37,
							"*-adult-female-palaeoloxodoncypriotes":9,"*-adult-male-palaeoloxodoncypriotes":12
						},
						"knockbackStrengthByType": {"*-palaeoloxodoncypriotes":0.5,"*":2},
						"damageTierByType": {"*-male-loxodontaafricana":4,"*-mammuthuscolumbi":4,"*-female-mammuthusexilis":2,"*-male-mammuthusprimigenius":4,"*-palaeoloxodoncypriotes":2,"*":3},
						"mincooldown": 1500,
						"maxcooldown": 1500,
						"minDistByType": {"*-male-loxodontaafricana":4,"*-mammuthuscolumbi":4,"*-female-mammuthusexilis":2,"*-male-mammuthusprimigenius":4,"*-palaeoloxodoncypriotes":1.5,"*":3},
						"minVerDistByType": {"*-male-loxodontaafricana":4,"*-mammuthuscolumbi":4,"*-female-mammuthusexilis":2,"*-male-mammuthusprimigenius":4,"*-palaeoloxodoncypriotes":1.5,"*":3},
						"attackDurationMs": 1250,
						"damagePlayerAtMs": 400,
						"animationSpeed": 1.2,
						"soundByType": {
							"*-adult-*":"elephantidae:creature/elephantidae/trumpet*"}
					},
					{
						"code": "fleeentity",
						"animation": "Run",
						"entityCodesByType": {
							"*-adult-*-palaeoloxodoncypriotes":["bear-*","bell-*","bowtorn-*","drifter-*","shiver-*","hyena-male", "hyena-female","wolf-male", "wolf-female","caninae-canina-adult-*","felinae-adult-*","machairodontinae-adult-*","pantherinae-panthera-adult-*"  ],
							"*-baby-*":["bear-*","bell-*","bowtorn-*","drifter-*","shiver-*","hyena-male", "hyena-female","wolf-male", "wolf-female","caninae-canina-adult-*","felinae-adult-*","machairodontinae-adult-*","pantherinae-panthera-adult-*"  ],
							"*": []
						},
						"priority": 1.8,
						"movespeedByType": {
							"*-adult-*-elephasmaximus": 0.028,"*-baby-*-elephasmaximus": 0.019,
							"*-adult-*-elephasmaximusborneensis": 0.028,"*-baby-*-elephasmaximusborneensis": 0.018,
							"*-adult-*-loxodontaafricana": 0.032,"*-baby-*-loxodontaafricana": 0.076,
							"*-adult-*-loxodontacyclotis": 0.024,"*-baby-*-loxodontacyclotis": 0.016,
							"*-adult-*-mammuthuscolumbi": 0.032,"*-baby-*-mammuthuscolumbi": 0.02,
							"*-adult-*-mammuthusexilis": 0.024,"*-baby-*-mammuthusexilis": 0.016,
							"*-adult-*-mammuthusprimigenius": 0.028,"*-baby-*-mammuthusprimigenius": 0.019,
							"*-adult-*-palaeoloxodoncypriotes": 0.012,"*-baby-*-palaeoloxodoncypriotes": 0.0072
						},
						"animationSpeedByType": {
							"*-baby-*": 4,
							"*-adult-female-elephasmaximus": 2.4,"*-adult-male-elephasmaximus": 2,
							"*-adult-female-elephasmaximusborneensis": 2.52,"*-adult-male-elephasmaximusborneensis": 2.2,
							"*-adult-female-loxodontaafricana": 2.28,"*-adult-male-loxodontaafricana": 1.8,
							"*-adult-female-loxodontacyclotis": 2.88,"*-adult-male-loxodontacyclotis": 2.52,
							"*-adult-female-mammuthuscolumbi": 2.08,"*-adult-male-mammuthuscolumbi": 1.84,
							"*-adult-female-mammuthusexilis": 2.92,"*-adult-male-mammuthusexilis": 2.68,
							"*-adult-female-mammuthusprimigenius": 2.44,"*-adult-male-mammuthusprimigenius": 2.04,
							"*-adult-female-palaeoloxodoncypriotes": 4,"*-adult-male-palaeoloxodoncypriotes": 3.2,
							"*": 3
						},
						"seekingRange": 25
					},
					{
						"code": "seekentity",
						"animation": "Charge",
						"entityCodesByType": {
							"*-adult-*": [ "player","bear-*","bell-*","bowtorn-*","drifter-*","shiver-*","hyena-*","locust-*", "wolf-*", "caninae-canina-adult-*", "felinae-adult-*","machairodontinae-adult-*", "pantherinae-neofelis-adult*", "pantherinae-panthera-adult*" ],
							"*": []
						},
						"priority": 1.82,
						"mincooldown": 600,
						"maxcooldown": 650,
						"seekingRange": 10,
						"movespeedByType": {
							"*-adult-*-elephasmaximus": 0.056,"*-baby-*-elephasmaximus": 0.038,
							"*-adult-*-elephasmaximusborneensis": 0.056,"*-baby-*-elephasmaximusborneensis": 0.036,
							"*-adult-*-loxodontaafricana": 0.064,"*-baby-*-loxodontaafricana": 0.038,
							"*-adult-*-loxodontacyclotis": 0.048,"*-baby-*-loxodontacyclotis": 0.032,
							"*-adult-*-mammuthuscolumbi": 0.064,"*-baby-*-mammuthuscolumbi": 0.04,
							"*-adult-*-mammuthusexilis": 0.048,"*-baby-*-mammuthusexilis": 0.032,
							"*-adult-*-mammuthusprimigenius": 0.056,"*-baby-*-mammuthusprimigenius": 0.038,
							"*-adult-*-palaeoloxodoncypriotes": 0.024,"*-baby-*-palaeoloxodoncypriotes": 0.0144
						},
						"animationSpeedByType": {
							"*-baby-*": 8,
							"*-adult-female-elephasmaximus": 4.8,"*-adult-male-elephasmaximus": 4,
							"*-adult-female-elephasmaximusborneensis": 5.04,"*-adult-male-elephasmaximusborneensis": 4.4,
							"*-adult-female-loxodontaafricana": 4.56,"*-adult-male-loxodontaafricana": 3.6,
							"*-adult-female-loxodontacyclotis": 5.76,"*-adult-male-loxodontacyclotis": 5.04,
							"*-adult-female-mammuthuscolumbi": 4.16,"*-adult-male-mammuthuscolumbi": 3.68,
							"*-adult-female-mammuthusexilis": 5.84,"*-adult-male-mammuthusexilis": 5.36,
							"*-adult-female-mammuthusprimigenius": 4.88,"*-adult-male-mammuthusprimigenius": 4.08,
							"*-adult-female-palaeoloxodoncypriotes": 8,"*-adult-male-palaeoloxodoncypriotes": 6.4,
							"*": 6
						},
						"soundByType": {
							"*-adult-*":"elephantidae:creature/elephantidae/roar*",
							"*-baby-*": "elephantidae:creature/elephantidae/babycall*"
						},
						"whenNotInEmotionState": "fleeondamage"
					},
					{
						"code": "seekentity",
						"animation": "Roar",
						"enabledByType": {
							"*": false},
						"entityCodesByType": {
							"*": [ "player","bear-*","bell-*","bowtorn-*","drifter-*","shiver-*","hyena-*","locust-*", "wolf-*", "caninae-canina-adult-*", "felinae-adult-*","machairodontinae-adult-*","pantherinae-neofelis-adult-*", "pantherinae-panthera-adult-*"  ]
						},
						"priority": 1.5,
						"priorityForCancel": 1.51,
						"seekingRange": 12,
						"movespeedByType": {
							"*": 0.0
						},
						"animationSpeed": 1.0,
						"soundByType": {
							"*-adult-*":"elephantidae:creature/elephantidae/roar*",
							"*-baby-*": "elephantidae:creature/elephantidae/babycall*"
						},
						"whenNotInEmotionState": "aggressiveondamage|fleeondamage"
					},
					{
						"code": "seekentity",
						"animation": "Run",
						"enabledByType": {
							"*-baby-*": false,
							"*": true},
						"entityCodesByType": {
							"*-adult-*": [ "player","bear-*","bell-*","bowtorn-*","drifter-*","shiver-*","hyena-*","locust-*", "wolf-*", "caninae-canina-adult-*","machairodontinae-adult-*","pantherinae-neofelis-adult-*", "pantherinae-panthera-adult-*" ]
						},
						"priority": 1.83,
						"mincooldown": 6000,
						"maxcooldown": 6500,
						"seekingRange": 32,
						"movespeedByType": {
							"*-adult-*-elephasmaximus": 0.056,"*-baby-*-elephasmaximus": 0.038,
							"*-adult-*-elephasmaximusborneensis": 0.056,"*-baby-*-elephasmaximusborneensis": 0.036,
							"*-adult-*-loxodontaafricana": 0.064,"*-baby-*-loxodontaafricana": 0.038,
							"*-adult-*-loxodontacyclotis": 0.048,"*-baby-*-loxodontacyclotis": 0.032,
							"*-adult-*-mammuthuscolumbi": 0.064,"*-baby-*-mammuthuscolumbi": 0.04,
							"*-adult-*-mammuthusexilis": 0.048,"*-baby-*-mammuthusexilis": 0.032,
							"*-adult-*-mammuthusprimigenius": 0.056,"*-baby-*-mammuthusprimigenius": 0.038,
							"*-adult-*-palaeoloxodoncypriotes": 0.024,"*-baby-*-palaeoloxodoncypriotes": 0.0144
						},
						"animationSpeedByType": {
							"*-baby-*": 8,
							"*-adult-female-elephasmaximus": 4.8,"*-adult-male-elephasmaximus": 4,
							"*-adult-female-elephasmaximusborneensis": 5.04,"*-adult-male-elephasmaximusborneensis": 4.4,
							"*-adult-female-loxodontaafricana": 4.56,"*-adult-male-loxodontaafricana": 3.6,
							"*-adult-female-loxodontacyclotis": 5.76,"*-adult-male-loxodontacyclotis": 5.04,
							"*-adult-female-mammuthuscolumbi": 4.16,"*-adult-male-mammuthuscolumbi": 3.68,
							"*-adult-female-mammuthusexilis": 5.84,"*-adult-male-mammuthusexilis": 5.36,
							"*-adult-female-mammuthusprimigenius": 4.88,"*-adult-male-mammuthusprimigenius": 4.08,
							"*-adult-female-palaeoloxodoncypriotes": 8,"*-adult-male-palaeoloxodoncypriotes": 6.4,
							"*": 6
						},
						"soundByType": {
							"*-adult-*":"elephantidae:creature/elephantidae/roar*"},
						"whenInEmotionState": "aggressiveondamage|aggressivearoundentities"
					},
					{
						"code": "fleeentity",
						"animation": "Run",
						"entityCodesByType": {
							"*-adult-*": [ "player","bear-*","bell-*","bowtorn-*","drifter-*","shiver-*","hyena-*","locust-*", "wolf-*", "caninae-canina-adult-*", "felinae-adult-*", "machairodontinae-adult-*", "pantherinae-*" ],
							"*": [ "player","bear-*","bell-*","bowtorn-*","drifter-*","shiver-*","hyena-*","locust-*", "wolf-*", "caninae-*","felinae-adult-*", "machairodontinae-*", "pantherinae-*" ]
						},
						"priority": 2.1,
						"movespeedByType": {
							"*-adult-*-elephasmaximus": 0.056,"*-baby-*-elephasmaximus": 0.038,
							"*-adult-*-elephasmaximusborneensis": 0.056,"*-baby-*-elephasmaximusborneensis": 0.036,
							"*-adult-*-loxodontaafricana": 0.064,"*-baby-*-loxodontaafricana": 0.038,
							"*-adult-*-loxodontacyclotis": 0.048,"*-baby-*-loxodontacyclotis": 0.032,
							"*-adult-*-mammuthuscolumbi": 0.064,"*-baby-*-mammuthuscolumbi": 0.04,
							"*-adult-*-mammuthusexilis": 0.048,"*-baby-*-mammuthusexilis": 0.032,
							"*-adult-*-mammuthusprimigenius": 0.056,"*-baby-*-mammuthusprimigenius": 0.038,
							"*-adult-*-palaeoloxodoncypriotes": 0.024,"*-baby-*-palaeoloxodoncypriotes": 0.0144
						},
						"animationSpeedByType": {
							"*-baby-*": 8,
							"*-adult-female-elephasmaximus": 4.8,"*-adult-male-elephasmaximus": 4,
							"*-adult-female-elephasmaximusborneensis": 5.04,"*-adult-male-elephasmaximusborneensis": 4.4,
							"*-adult-female-loxodontaafricana": 4.56,"*-adult-male-loxodontaafricana": 3.6,
							"*-adult-female-loxodontacyclotis": 5.76,"*-adult-male-loxodontacyclotis": 5.04,
							"*-adult-female-mammuthuscolumbi": 4.16,"*-adult-male-mammuthuscolumbi": 3.68,
							"*-adult-female-mammuthusexilis": 5.84,"*-adult-male-mammuthusexilis": 5.36,
							"*-adult-female-mammuthusprimigenius": 4.88,"*-adult-male-mammuthusprimigenius": 4.08,
							"*-adult-female-palaeoloxodoncypriotes": 8,"*-adult-male-palaeoloxodoncypriotes": 6.4,
							"*": 6
						},
						"seekingRange": 25,
						"soundByType": {
							"*-baby-*":"elephantidae:creature/elephantidae/babycall*"},
						"whenInEmotionState": "fleeondamage"
					},
					{
						"code": "getoutofwater",
						"animation": "Swim",
						"priority": 1.4,
						"movespeedByType": {
							"*-adult-*-elephasmaximus": 0.014,"*-baby-*-elephasmaximus": 0.0095,
							"*-adult-*-elephasmaximusborneensis": 0.014,"*-baby-*-elephasmaximusborneensis": 0.009,
							"*-adult-*-loxodontaafricana": 0.0154,"*-baby-*-loxodontaafricana": 0.0095,
							"*-adult-*-loxodontacyclotis": 0.012,"*-baby-*-loxodontacyclotis": 0.008,
							"*-adult-*-mammuthuscolumbi": 0.016,"*-baby-*-mammuthuscolumbi": 0.01,
							"*-adult-*-mammuthusexilis": 0.012,"*-baby-*-mammuthusexilis": 0.008,
							"*-adult-*-mammuthusprimigenius": 0.014,"*-baby-*-mammuthusprimigenius": 0.0095,
							"*-adult-*-palaeoloxodoncypriotes": 0.006,"*-baby-*-palaeoloxodoncypriotes": 0.0036
						},
						"animationSpeed": 1.0
					},
					{
						"code": "stayclosetoentity",
						"animation": "Walk",
						"enabledByType": {
							"*-adult-male-*": false,
							"*": true
						},
						"priority": 1.81,
						"entityCodeByType": {
							"*-adult-*": "elephantidae-baby-{gender}-{type}",
							"*-baby-*": "elephantidae-adult-female-{type}"},
						"movespeedByType": {
							"*-adult-*-elephasmaximus": 0.014,"*-baby-*-elephasmaximus": 0.0095,
							"*-adult-*-elephasmaximusborneensis": 0.014,"*-baby-*-elephasmaximusborneensis": 0.009,
							"*-adult-*-loxodontaafricana": 0.0154,"*-baby-*-loxodontaafricana": 0.0095,
							"*-adult-*-loxodontacyclotis": 0.012,"*-baby-*-loxodontacyclotis": 0.008,
							"*-adult-*-mammuthuscolumbi": 0.016,"*-baby-*-mammuthuscolumbi": 0.01,
							"*-adult-*-mammuthusexilis": 0.012,"*-baby-*-mammuthusexilis": 0.008,
							"*-adult-*-mammuthusprimigenius": 0.014,"*-baby-*-mammuthusprimigenius": 0.0095,
							"*-adult-*-palaeoloxodoncypriotes": 0.006,"*-baby-*-palaeoloxodoncypriotes": 0.0036
						},
						"animationSpeedByType": {
							"*-baby-*": 2,
							"*-adult-female-elephasmaximus": 1.2,
							"*-adult-female-elephasmaximusborneensis": 1.26,
							"*-adult-female-loxodontaafricana": 1.14,
							"*-adult-female-loxodontacyclotis": 1.44,
							"*-adult-female-mammuthuscolumbi": 1.04,
							"*-adult-female-mammuthusexilis": 1.46,
							"*-adult-female-mammuthusprimigenius": 1.22,
							"*-adult-female-palaeoloxodoncypriotes": 2,
							"*": 1.5
						},
						"maxDistanceByType": {"*-adult-*": 24,"*-baby-*": 12},
						"searchRange": 45,
						"soundByType": {
							"*-baby-*": "elephantidae:creature/elephantidae/babycall*"
						}
					},
					{
						"code": "idle",
						"animation": "Sit",
						"priority": 1.2,
						"minduration": 20000,
						"maxduration": 240000,
						"mincooldown": 6000,
						"maxcooldown": 12000,
						"priorityForCancel": 1.28,
						"chanceByType": {"*-adult-*":0.02,"*":0.2},
						"stopOnNearbyEntityCodes": [ "player", "bear-*","hyena-male", "hyena-female","wolf-male", "wolf-female"  ],
						"stopRange": 20,
						"animationSpeedByType": {
							"*-baby-*": 0.6,
							"*": 0.5
						},
						"stopOnHurt": true,
						"whenNotInEmotionState": "aggressiveondamage|aggressivearoundentities|fleeondamage"
					},
					{
						"code": "idle",
						"animation": "Idle",
						"priority": 1.2,
						"minduration": 2000,
						"maxduration": 24000,
						"mincooldown": 6000,
						"maxcooldown": 12000,
						"priorityForCancel": 1.28,
						"stopOnNearbyEntityCodes": [ "player", "bear-*","hyena-male", "hyena-female","wolf-male", "wolf-female"  ],
						"stopRange": 20,
						"animationSpeedByType": {
							"*-baby-*": 0.6,
							"*": 0.5
						},
						"stopOnHurt": true,
						"soundByType": {
							"*-elephasmaximus": "elephantidae:creature/elephantidae/squeak*",
							"*-elephasmaximusborneensis": "elephantidae:creature/elephantidae/squeak*"
						},
						"whenNotInEmotionState": "aggressiveondamage|aggressivearoundentities|fleeondamage"
					},
					{
						"code": "idle",
						"animation": "Sleep",
						"priority": 1.15,
						"minduration": 20000,
						"maxduration": 80000,
						"mincooldown": 20000,
						"maxcooldown": 40000,
						"animationSpeed": 0.3,
						"whenNotInEmotionState": "aggressiveondamage|aggressivearoundentities|fleeondamage",
						"duringDayTimeFramesByType": {
							"*":[{"fromHour": 22,"toHour": 24},{"fromHour": 0,"toHour": 2}]},
						"stopOnNearbyEntityCodes": [ "player" ],
						"stopRange": 1,
						"stopOnHurt": true
					},
					{
						"code": "seekfoodandeat",
						"animation": "Walk",
						"eatAnimation": "Eat",
						"movespeedByType": {
							"*-adult-*-elephasmaximus": 0.007,"*-baby-*-elephasmaximus": 0.00475,
							"*-adult-*-elephasmaximusborneensis": 0.007,"*-baby-*-elephasmaximusborneensis": 0.0045,
							"*-adult-*-loxodontaafricana": 0.0077,"*-baby-*-loxodontaafricana": 0.00475,
							"*-adult-*-loxodontacyclotis": 0.006,"*-baby-*-loxodontacyclotis": 0.004,
							"*-adult-*-mammuthuscolumbi": 0.008,"*-baby-*-mammuthuscolumbi": 0.005,
							"*-adult-*-mammuthusexilis": 0.006,"*-baby-*-mammuthusexilis": 0.004,
							"*-adult-*-mammuthusprimigenius": 0.007,"*-baby-*-mammuthusprimigenius": 0.00475,
							"*-adult-*-palaeoloxodoncypriotes": 0.003,"*-baby-*-palaeoloxodoncypriotes": 0.0018
						},
						"animationSpeedByType": {
							"*-baby-*": 1,
							"*-adult-female-elephasmaximus": 0.6,"*-adult-male-elephasmaximus": 0.5,
							"*-adult-female-elephasmaximusborneensis": 0.63,"*-adult-male-elephasmaximusborneensis": 0.55,
							"*-adult-female-loxodontaafricana": 0.57,"*-adult-male-loxodontaafricana": 0.45,
							"*-adult-female-loxodontacyclotis": 0.72,"*-adult-male-loxodontacyclotis": 0.63,
							"*-adult-female-mammuthuscolumbi": 0.52,"*-adult-male-mammuthuscolumbi": 0.46,
							"*-adult-female-mammuthusexilis": 0.73,"*-adult-male-mammuthusexilis": 0.67,
							"*-adult-female-mammuthusprimigenius": 0.61,"*-adult-male-mammuthusprimigenius": 0.51,
							"*-adult-female-palaeoloxodoncypriotes": 1,"*-adult-male-palaeoloxodoncypriotes": 0.8,
							"*": 0.75
						},
						"priority": 1.34,
						"eatSoundByType": {
							"*":"game:creature/animal-eat*"},
						"eatTime": 1.5,
						"eatLooseItems": true,
						"mincooldownHours": 1,
						"maxcooldownHours": 4,
						"whenNotInEmotionState": "aggressiveondamage|aggressivearoundentities|fleeondamage"
					},
					{
						"code": "idle",
						"animation": "Eat",
						"priority": 1.2,
						"priorityForCancel": 1.35,
						"minduration": 3000,
						"maxduration": 24000,
						"mincooldown": 9000,
						"maxcooldown": 20000,
						"animationSpeed": 0.5,
						"soundByType": {"*":"game:creature/animal-eat*"},
						"whenNotInEmotionState": "aggressiveondamage|aggressivearoundentities|fleeondamage"
					},
					{
						"code": "idle",
						"animation": "Roar",
						"priority": 1.0,
						"priorityForCancel": 1.35,
						"minduration": 4667,
						"maxduration": 4667,
						"chanceByType": {"*":0.2},
						"mincooldown": 8000,
						"maxcooldown": 50000,
						"animationSpeed": 0.6,
						"soundByType": {
							"*-adult-*": "elephantidae:creature/elephantidae/trumpet*",
							"*-baby-*": "elephantidae:creature/elephantidae/babycall*"
						},
						"soundRangeByType": {
							"*-baby-*": 40,
							"*-palaeoloxodoncypriotes": 80,
							"*": 120
						},
						"whenNotInEmotionState": "aggressiveondamage|aggressivearoundentities|fleeondamage"
					},
					{
						"code": "wander",
						"animation": "Walk",
						"priority": 1.0,
						"priorityForCancel": 1.35,
						"wanderChanceByType": {"*-adult-*":0.1,"*":0.5},
						"movespeedByType": {
							"*-adult-*-elephasmaximus": 0.007,"*-baby-*-elephasmaximus": 0.00475,
							"*-adult-*-elephasmaximusborneensis": 0.007,"*-baby-*-elephasmaximusborneensis": 0.0045,
							"*-adult-*-loxodontaafricana": 0.0077,"*-baby-*-loxodontaafricana": 0.00475,
							"*-adult-*-loxodontacyclotis": 0.006,"*-baby-*-loxodontacyclotis": 0.004,
							"*-adult-*-mammuthuscolumbi": 0.008,"*-baby-*-mammuthuscolumbi": 0.005,
							"*-adult-*-mammuthusexilis": 0.006,"*-baby-*-mammuthusexilis": 0.004,
							"*-adult-*-mammuthusprimigenius": 0.007,"*-baby-*-mammuthusprimigenius": 0.00475,
							"*-adult-*-palaeoloxodoncypriotes": 0.003,"*-baby-*-palaeoloxodoncypriotes": 0.0018
						},
						"animationSpeedByType": {
							"*-baby-*": 1,
							"*-adult-female-elephasmaximus": 0.6,"*-adult-male-elephasmaximus": 0.5,
							"*-adult-female-elephasmaximusborneensis": 0.63,"*-adult-male-elephasmaximusborneensis": 0.55,
							"*-adult-female-loxodontaafricana": 0.57,"*-adult-male-loxodontaafricana": 0.45,
							"*-adult-female-loxodontacyclotis": 0.72,"*-adult-male-loxodontacyclotis": 0.63,
							"*-adult-female-mammuthuscolumbi": 0.52,"*-adult-male-mammuthuscolumbi": 0.46,
							"*-adult-female-mammuthusexilis": 0.73,"*-adult-male-mammuthusexilis": 0.67,
							"*-adult-female-mammuthusprimigenius": 0.61,"*-adult-male-mammuthusprimigenius": 0.51,
							"*-adult-female-palaeoloxodoncypriotes": 1,"*-adult-male-palaeoloxodoncypriotes": 0.8,
							"*": 0.75
						},
						"preferredLightLevel": 20,
						"wanderRangeMaxByType": {"*-adult-male-*":250,"*adult-female-*":50,"*-baby-*":20},
						"whenNotInEmotionState": "aggressiveondamage|aggressivearoundentities|fleeondamage"
					},
					{
						"code": "lookaround","enabledByType": {"*": false},
						"priority": 0.5,
						"animationSpeed": 0.75,
						"whenNotInEmotionState": "aggressiveondamage|aggressivearoundentities|fleeondamage"
					}
				]
			},
			{"code": "ropetieable","minGeneration": 2},
			{"code": "pettable","minGeneration": 1},
			{
				"code": "antlergrowth",
				"enabledByType": {"*-baby-*": false,"*-female-elephasmaximus": false,"*-female-elephasmaximusborneensis": false,"*-female-palaeoloxodoncypriotes": false,"*": true  },
				"variantsByType": {
					"*-adult-male-elephasmaximus":["01", "02", "03", "04", "05","06","07","08","09"],
					"*-adult-male-elephasmaximusborneensis":["01", "02", "03", "04", "05","06","07","08","09"],
					"*-adult-female-loxodontaafricana":["01", "02", "03", "04", "05"],
					"*-adult-male-loxodontaafricana":["01", "02", "03", "04", "05","06","07","08","09"],
					"*-adult-female-loxodontacyclotis":["01", "02", "03", "04", "05", "06"],
					"*-adult-male-loxodontacyclotis":["01", "02", "03", "04", "05","06","07","08","09"],
					"*-adult-female-mammuthuscolumbi":["01", "02", "03", "04", "05", "06"],
					"*-adult-male-mammuthuscolumbi":["01", "02", "03", "04", "05","06","07","08","09"],
					"*-adult-female-mammuthusexilis":["01", "02", "03", "04", "05"],
					"*-adult-male-mammuthusexilis":["01", "02", "03", "04", "05","06","07","08","09"],
					"*-adult-female-mammuthusprimigenius":["01", "02", "03", "04"],
					"*-adult-male-mammuthusprimigenius":["01", "02", "03", "04", "05","06","07","08","09"],
					"*-adult-male-palaeoloxodoncypriotes":["01", "02", "03", "04", "05"]},
				"beginGrowMonth": -1,				
				"growDurationMonths": 12
			}
		],
		"spawnconditions": {
			"runtime": {
				"group": "neutral",
				"tryOnlySurface": true,
				"chanceByType": {
					"*-adult-female-elephasmaximus": 0.00001,"*-adult-male-elephasmaximus": 0.00001,
					"*-adult-female-elephasmaximusborneensis": 0.00001,"*-adult-male-elephasmaximusborneensis": 0.00001,
					"*-adult-female-loxodontaafricana": 0.00001,"*-adult-male-loxodontaafricana": 0.00001,
					"*-adult-female-loxodontacyclotis": 0.00001,"*-adult-male-loxodontacyclotis": 0.00001,
					"*-adult-female-mammuthuscolumbi": 0.00001,"*-adult-male-mammuthuscolumbi": 0.00001,
					"*-adult-female-mammuthusexilis": 0.00001,"*-adult-male-mammuthusexilis": 0.00001,
					"*-adult-female-mammuthusprimigenius": 0.00001,"*-adult-male-mammuthusprimigenius": 0.00001,
					"*-adult-female-palaeoloxodoncypriotes": 0.00001,"*-adult-male-palaeoloxodoncypriotes": 0.00001,
					"*": 0.0
				},
				"mindistancetoplayer": 100,
				"maxLightLevel": 7,
				"lightLevelType": "onlyBlockLight",	
				"spawnCapPlayerScaling": 0.0,	
				"groupSizeByType": {
					"*-adult-male-loxodontaafricana": { "dist": "uniform", "avg": 2.0, "var": 1.0 },
					"*-adult-female-loxodontaafricana": { "dist": "uniform", "avg": 14.0, "var": 11.0 },
					"*-adult-male-loxodontacyclotis": { "dist": "uniform", "avg": 2.0, "var": 1.0 },
					"*-adult-female-loxodontacyclotis": { "dist": "uniform", "avg": 11.5, "var": 8.5 },
					"*-adult-female-*": { "dist": "uniform", "avg": 10.0, "var": 5.0 },
					"*-adult-male-*": { "dist": "uniform", "avg": 3.0, "var": 2.0 }
				},
				"insideBlockCodes": [ "game:air", "game:gravel-*",  "game:sand-*","game:snowlayer-1","game:soil-*","game:tallgrass-*" ],
				"companionsByType": {
				"*-adult-male-*":["elephantidae:elephantidae-adult-male-{type}"],
				"*-adult-female-*":["elephantidae:elephantidae-adult-female-{type}","elephantidae:elephantidae-adult-female-{type}","elephantidae:elephantidae-adult-female-{type}","elephantidae:elephantidae-baby-female-{type}","elephantidae:elephantidae-baby-male-{type}"]}
			}
		},
		"spawnconditionsByType": {
			"elephantidae-adult-*-elephasmaximus": {
				"climate": {
					"minTemp": 14,
					"maxTemp": 40,
					"minRain": 0.15,
					"maxRain": 1.0,
					"minForestOrShrubs": 0.0,
					"maxForest": 1.0,
					"maxShrubs": 1.0,
					"minY": 0.9,
					"maxY": 1.7				
				},
				"runtime": {
					"maxQuantityByGroup": { "code": "elephantidae-*", "maxQuantity": 1 }
				}
			},
			"elephantidae-adult-*-elephasmaximusborneensis": {
				"climate": {
					"minTemp": 26,
					"maxTemp": 40,
					"minRain": 0.65,
					"maxRain": 1.0,
					"minForest": 0.2,
					"maxForest": 1.0,
					"maxShrubs": 1.0,
					"minY": 0.9,
					"maxY": 1.7				
				},
				"runtime": {
					"maxQuantityByGroup": { "code": "elephantidae-*", "maxQuantity": 1 }
				}
			},
			"elephantidae-adult-*-loxodontaafricana": {
				"climate": {
					"minTemp": 13,
					"maxTemp": 40,
					"minRain": 0.05,
					"maxRain": 1.0,
					"minForestOrShrubs": 0.0,
					"maxForest": 0.8,
					"maxShrubs": 1.0,
					"minY": 0.9,
					"maxY": 1.65				
				},
				"runtime": {
					"maxQuantityByGroup": { "code": "elephantidae-*", "maxQuantity": 1 }
				}
			},
			"elephantidae-adult-*-loxodontacyclotis": {
				"climate": {
					"minTemp": 21,
					"maxTemp": 40,
					"minRain": 0.65,
					"maxRain": 1.0,
					"minForestOrShrubs": 0.7,
					"maxForest": 1.0,
					"maxShrubs": 0.75,
					"minY": 1.0,
					"maxY": 1.5				
				},
				"runtime": {
					"maxQuantityByGroup": { "code": "elephantidae-*", "maxQuantity": 1 }
				}
			},
			"elephantidae-adult-*-mammuthuscolumbi": {
				"climate": {
					"minTemp": 0,
					"maxTemp": 23,
					"minRain": 0.05,
					"maxRain": 1.0,
					"minForestOrShrubs": 0.0,
					"maxForest": 0.7,
					"maxShrubs": 1.0,
					"minY": 0.9,
					"maxY": 1.7				
				},
				"runtime": {
					"maxQuantityByGroup": { "code": "elephantidae-*", "maxQuantity": 1 }
				}
			},
			"elephantidae-adult-*-mammuthusexilis": {
				"climate": {
					"minTemp": 11,
					"maxTemp": 17,
					"minRain": 0.22,
					"maxRain": 0.42,
					"minForestOrShrubs": 0.0,
					"maxForest": 0.6,
					"maxShrubs": 1.0,
					"minY": 0.9,
					"maxY": 1.1				
				},
				"runtime": {
					"maxQuantityByGroup": { "code": "elephantidae-*", "maxQuantity": 1 }
				}
			},
			"elephantidae-adult-*-mammuthusprimigenius": {
				"climate": {
					"minTemp": -20,
					"maxTemp": 10,
					"minRain": 0.05,
					"maxRain": 1.0,
					"minForestOrShrubs": 0.0,
					"maxForest": 0.7,
					"maxShrubs": 1.0,
					"minY": 0.9,
					"maxY": 1.7				
				},
				"runtime": {
					"maxQuantityByGroup": { "code": "elephantidae-*", "maxQuantity": 1 }
				}
			},
			"elephantidae-adult-*-palaeoloxodoncypriotes": {
				"climate": {
					"minTemp": 15,
					"maxTemp": 20,
					"minRain": 0.30,
					"maxRain": 0.65,
					"minForestOrShrubs": 0.0,
					"maxForest": 0.6,
					"maxShrubs": 1.0,
					"minY": 0.9,
					"maxY": 1.5				
				},
				"runtime": {
					"maxQuantityByGroup": { "code": "elephantidae-*", "maxQuantity": 1 }
				}
			}
		}
	},
	"soundsByType": {
"*-adult-*":{"hurt": "elephantidae:creature/elephantidae/roar*","death": "elephantidae:creature/elephantidae/roar*","idle": "elephantidae:creature/elephantidae/growl*"},
		"*-baby-*": {"hurt": "elephantidae:creature/elephantidae/babycall*","death": "elephantidae:creature/elephantidae/babycall*","idle": "elephantidae:creature/elephantidae/babycall*"}},
	"idleSoundChance": 0.25
}