[
	{
	"ingredientPattern": "LSL,_T_",
	"ingredients": {
		"L": { "type": "item", "code": "game:cloth-brown" },
		"S": { "type": "item", "code": "wool:twine-wool-plain" },
		"T": { "type": "item", "code": "wool:twine-wool-yellow" }
	},
	"recipeGroup": 5,
	"width": 3,
	"height": 2,
	"output": { "type": "item", "code": "game:clothes-hand-commoner-gloves" }
	},

	{
	"ingredientPattern": "GSG,T_T",
	"requiresTrait": "clothier",
	"ingredients": {
		"G": { "type": "item", "code": "wool:cloth-wool-gray" },
		"S": { "type": "item", "code": "game:shears-*", "isTool": true },
		"T": { "type": "item", "code": "wool:twine-wool-plain", "quantity": 2 }
        },
	"recipeGroup": 5,
	"width": 3,
	"height": 2,
	"output": { "type": "item", "code": "game:clothes-hand-surgeon" }
	}
]
