[
	{
	"ingredientPattern": "PGP,PSP,B_B",
	"requiresTrait": "clothier",
	"ingredients": {
		"P": { "type": "item", "code": "wool:cloth-wool-plain" },
		"S": { "type": "item", "code": "game:sewingkit" },
		"G": { "type": "item", "code": "wool:twine-wool-gray" },
		"B": { "type": "item", "code": "wool:twine-wool-black", "quantity": 2 }
	},
	"recipeGroup": 2,
	"width": 3,
	"height": 3,
	"output": { "type": "item", "code": "game:clothes-lowerbody-woolen-leggings" }
	},

	{
	"ingredientPattern": "GTG,GTG,B_B",
	"ingredients": {
		"G": { "type": "item", "code": "wool:cloth-wool-gray" },
		"T": { "type": "item", "code": "wool:twine-wool-plain", "quantity": 2 },
		"B": { "type": "item", "code": "wool:twine-wool-black"}
	},
	"recipeGroup": 5,
	"width": 3,
	"height": 3,
	"output": { "type": "item", "code": "game:clothes-lowerbody-shepherd-pants" }
	},

	{
	"ingredientPattern": "BCB,GSG,R_R",
	"requiresTrait": "clothier",
	"ingredients": {
		"B": { "type": "item", "code": "wool:cloth-wool-brown" },
		"G": { "type": "item", "code": "wool:cloth-wool-gray" },
		"S": { "type": "item", "code": "game:sewingkit" },
		"R": { "type": "item", "code": "wool:twine-wool-red", "quantity": 2 },
		"C": { "type": "item", "code": "wool:twine-wool-black", "quantity": 2 }
	},
	"recipeGroup": 5,
	"width": 3,
	"height": 3,
	"output": { "type": "item", "code": "game:clothes-lowerbody-warm-woolen-pants" }
	},

	{
	"ingredientPattern": "C_C,CTC",
	"ingredients": {
		"C": { "type": "item", "code": "wool:cloth-wool-blue" },
		"T": { "type": "item", "code": "wool:twine-wool-gray" }
	},
	"recipeGroup": 5,
	"width": 3,
	"height": 2,
	"output": { "type": "item", "code": "game:clothes-lowerbody-tattered-peasent-gown" }
	},

	{
	"ingredientPattern": "RTR,RNR",
	"ingredients": {
		"R": { "type": "item", "code": "game:cloth-black" },
		"T": { "type": "item", "code": "wool:twine-wool-black", "quantity": 2 },
		"N": { "type": "item", "code": "wool:twine-wool-plain" }
	},
	"recipeGroup": 5,
	"width": 3,
	"height": 2,
	"output": { "type": "item", "code": "game:clothes-lowerbody-commoner-trousers" }
	},

	{
	"ingredientPattern": "RTR,RNR",
	"ingredients": {
		"R": { "type": "item", "code": "wool:cloth-wool-black" },
		"T": { "type": "item", "code": "wool:twine-wool-black", "quantity": 2 },
		"N": { "type": "item", "code": "wool:twine-wool-plain" }
	},
	"recipeGroup": 5,
	"width": 3,
	"height": 2,
	"output": { "type": "item", "code": "game:clothes-lowerbody-commoner-trousers" }
	},

	{
	"ingredientPattern": "BGB,LNL",
	"ingredients": {
		"B": { "type": "item", "code": "wool:cloth-wool-brown" },
		"L": { "type": "item", "code": "wool:cloth-wool-blue" },
		"G": { "type": "item", "code": "wool:twine-wool-brown", "quantity": 2 },
		"N": { "type": "item", "code": "wool:kneedle-*", "isTool": true, "toolDurabilityCost": 2 }
	},
	"recipeGroup": 5,
	"width": 3,
	"height": 2,
	"output": { "type": "item", "code": "game:clothes-lowerbody-survivor" }
	},

	{
	"ingredientPattern": "CNC,C_C",
	"ingredients": {
		"C": { "type": "item", "code": "wool:cloth-wool-plain" },
		"N": { "type": "item", "code": "wool:twine-wool-plain" }
	},
	"recipeGroup": 2,
	"width": 3,
	"height": 2,
	"output": { "type": "item", "code": "game:clothes-lowerbody-homespun-pants" }
	},

	{
	"ingredientPattern": "BGB,DND,_S_",
	"requiresTrait": "clothier",
	"ingredients": {
		"B": { "type": "item", "code": "wool:cloth-wool-black" },
		"D": { "type": "item", "code": "wool:cloth-wool-darkgreen" },
		"S": { "type": "item", "code": "game:sewingkit" },
		"N": { "type": "item", "code": "wool:twine-wool-plain" },
		"G": { "type": "item", "code": "wool:twine-wool-green", "quantity": 3 }
	},
	"recipeGroup": 3,
	"width": 3,
	"height": 3,
	"output": { "type": "item", "code": "game:clothes-lowerbody-merchant-pants" }
	},

	{
	"name": "miner-pants",
	"ingredientPattern": "BTB,GSG",
	"requiresTrait": "hardy",
	"ingredients": {
		"B": { "type": "item", "code": "wool:cloth-wool-darkbrown" },
		"G": { "type": "item", "code": "game:leather-normal-gray", "quantity": 3 },
		"S": { "type": "item", "code": "game:sewingkit" },
		"T": { "type": "item", "code": "wool:twine-wool-black", "quantity": 3 }
	},
	"recipeGroup": 2,
	"width": 3,
	"height": 2,
	"output": { "type": "item", "code": "game:clothes-lowerbody-miner" }
	}
]
