[
  {
    "ingredientPattern": "PNP,GSG,PCP",
    "ingredients": {
      "P": { "type": "item", "code": "game:plank-*", "quantity": 4 },
      "N": { "type": "item", "code": "game:metalnailsandstrips-*", "quantity": 2 },
      "G": { "type": "block", "code": "game:glass-*" },
      "S": { "type": "block", "code": "game:shelf-*", "quantity": 3 },
      "C": { "type": "block", "code": "game:rockpolished-*", "quantity": 2 }
    },
    "width": 3,
    "height": 3,
    "recipeGroup": 1,
    "output": { "type": "block", "code": "coolingcabinet-normal-east" }
  }
]
