{
	"editor": {
		"allAngles": false,
		"entityTextureMode": false
	},
	"textureWidth": 16,
	"textureHeight": 16,
	"textureSizes": {
		"ceramic": [16,16],
		"ceramic-dark": [16,16]
	},
	"textures": {
		"other": "block/clay/ceramic",
		"floor": "block/clay/ceramic-dark"
	},
	"elements": [
		{
			"name": "Cube1",
			"from": [ 5.5, 0.0, 5.5 ],
			"to": [ 10.5, 1.0, 10.5 ],
			"rotationOrigin": [ 0.5, 0.0, 1.5 ],
			"faces": {
				"up": { "texture": "#floor", "uv": [ 0.0, 0.0, 5.0, 5.0 ] },
				"down": { "texture": "#other", "uv": [ 6.0, 0.0, 11.0, 5.0 ] }
			},
			"children": [
				{
					"name": "Cube2",
					"from": [ 0.0, 0.0, -1.0 ],
					"to": [ 5.0, 3.5, 0.0 ],
					"rotationOrigin": [ 0.0, 0.0, 2.0 ],
					"faces": {
						"north": { "texture": "#other", "uv": [ 0.0, 4.0, 5.0, 7.5 ] },
						"south": { "texture": "#other", "uv": [ 6.0, 4.0, 11.0, 7.5 ] },
						"up": { "texture": "#other", "uv": [ 0.0, 1.0, 5.0, 2.0 ] },
						"down": { "texture": "#other", "uv": [ 6.0, 1.0, 11.0, 2.0 ] }
					}
				},
				{
					"name": "Cube3",
					"from": [ 0.0, 0.0, 5.0 ],
					"to": [ 5.0, 3.5, 6.0 ],
					"rotationOrigin": [ 0.0, 0.0, -4.0 ],
					"faces": {
						"north": { "texture": "#other", "uv": [ 0.0, 2.0, 5.0, 5.5 ] },
						"south": { "texture": "#other", "uv": [ 6.0, 2.0, 11.0, 5.5 ] },
						"up": { "texture": "#other", "uv": [ 0.0, 0.0, 5.0, 1.0 ] },
						"down": { "texture": "#other", "uv": [ 6.0, 0.0, 11.0, 1.0 ] }
					}
				},
				{
					"name": "Cube4",
					"from": [ -1.0, 0.0, -1.0 ],
					"to": [ 0.0, 3.5, 6.0 ],
					"rotationOrigin": [ 3.0, 0.0, 2.0 ],
					"faces": {
						"north": { "texture": "#other", "uv": [ 0.0, 12.5, 1.0, 16.0 ] },
						"east": { "texture": "#other", "uv": [ 4.0, 12.5, 11.0, 16.0 ] },
						"south": { "texture": "#other", "uv": [ 4.0, 12.0, 6.0, 14.0 ], "autoUv": false },
						"west": { "texture": "#other", "uv": [ 2.0, 14.0, 16.0, 16.0 ], "autoUv": false },
						"up": { "texture": "#other", "uv": [ 0.0, 0.0, 1.0, 7.0 ] },
						"down": { "texture": "#other", "uv": [ 4.0, 0.0, 5.0, 7.0 ] }
					}
				},
				{
					"name": "Cube5",
					"from": [ 5.0, 0.0, -1.0 ],
					"to": [ 6.0, 3.5, 6.0 ],
					"rotationOrigin": [ -1.0, 0.0, 2.0 ],
					"faces": {
						"north": { "texture": "#other", "uv": [ 4.0, 9.0, 5.0, 12.5 ] },
						"east": { "texture": "#other", "uv": [ 2.0, 12.5, 9.0, 16.0 ] },
						"south": { "texture": "#other", "uv": [ 4.0, 12.0, 6.0, 14.0 ], "autoUv": false },
						"west": { "texture": "#other", "uv": [ 2.0, 14.0, 16.0, 16.0 ], "autoUv": false },
						"up": { "texture": "#other", "uv": [ 0.0, 0.0, 1.0, 7.0 ] },
						"down": { "texture": "#other", "uv": [ 4.0, 0.0, 5.0, 7.0 ] }
					}
				},
				{
					"name": "Cube9",
					"from": [ 0.5, 1.0, 0.5 ],
					"to": [ 4.5, 3.0, 4.5 ],
					"rotationOrigin": [ 0.5, 0.0, -1.5 ],
					"faces": {
						"north": { "texture": "#other", "uv": [ 0.0, 5.0, 4.0, 7.0 ] },
						"east": { "texture": "#other", "uv": [ 1.0, 5.0, 5.0, 7.0 ] },
						"south": { "texture": "#other", "uv": [ 6.0, 5.0, 10.0, 7.0 ] },
						"west": { "texture": "#other", "uv": [ 7.0, 5.0, 11.0, 7.0 ] },
						"up": { "texture": "#other", "uv": [ 0.0, 0.0, 4.0, 4.0 ] },
						"down": { "texture": "#other", "uv": [ 1.0, 0.0, 5.0, 4.0 ] }
					}
				}
			]
		}
	]}