{
	"editor": {
		"allAngles": false,
		"entityTextureMode": false
	},
	"textureWidth": 16,
	"textureHeight": 16,
	"textureSizes": {
	},
	"textures": {
		"ceramic": "block/clay/ceramic",
		"floor": "block/clay/ceramic-dark"
	},
	"elements": [
		{
			"name": "base",
			"from": [ 3.0, 0.0, 3.0 ],
			"to": [ 13.0, 1.0, 13.0 ],
			"rotationOrigin": [ 8.0, 0.0, 8.0 ],
			"faces": {
				"north": { "texture": "#ceramic", "uv": [ 2.0, 14.0, 12.0, 15.0 ] },
				"east": { "texture": "#ceramic", "uv": [ 3.5, 2.5, 13.5, 3.5 ] },
				"south": { "texture": "#ceramic", "uv": [ 2.0, 13.5, 12.0, 14.5 ] },
				"west": { "texture": "#ceramic", "uv": [ 1.5, 12.0, 11.5, 13.0 ] },
				"up": { "texture": "#floor", "uv": [ 3.5, 1.0, 13.5, 11.0 ] },
				"down": { "texture": "#ceramic", "uv": [ 0.5, 3.5, 10.5, 13.5 ] }
			},
			"children": [
				{
					"name": "layer1",
					"from": [ 1.0, 1.0, 0.0 ],
					"to": [ 9.0, 8.0, 1.0 ],
					"rotationOrigin": [ 1.0, 0.0, 0.0 ],
					"faces": {
						"north": { "texture": "#ceramic", "uv": [ 7.5, 1.5, 15.5, 8.5 ] },
						"east": { "texture": "#ceramic", "uv": [ 1.5, 2.5, 2.5, 9.5 ] },
						"south": { "texture": "#ceramic", "uv": [ 6.0, 0.0, 14.0, 7.0 ] },
						"west": { "texture": "#ceramic", "uv": [ 5.5, 3.5, 6.5, 10.5 ] },
						"up": { "texture": "#ceramic", "uv": [ 5.0, 10.5, 13.0, 11.5 ] },
						"down": { "texture": "#ceramic", "uv": [ 2.5, 2.5, 10.5, 3.5 ] }
					}
				},
				{
					"name": "cube 3",
					"from": [ 1.0, 1.0, 9.0 ],
					"to": [ 9.0, 8.0, 10.0 ],
					"rotationOrigin": [ 1.0, 0.0, -3.0 ],
					"faces": {
						"north": { "texture": "#ceramic", "uv": [ 1.5, 0.5, 9.5, 7.5 ] },
						"east": { "texture": "#ceramic", "uv": [ 14.5, 6.0, 15.5, 13.0 ] },
						"south": { "texture": "#ceramic", "uv": [ 2.5, 3.0, 10.5, 10.0 ] },
						"west": { "texture": "#ceramic", "uv": [ 4.5, 2.5, 5.5, 9.5 ] },
						"up": { "texture": "#ceramic", "uv": [ 0.5, 2.5, 8.5, 3.5 ] },
						"down": { "texture": "#ceramic", "uv": [ 6.0, 2.0, 14.0, 3.0 ] }
					}
				},
				{
					"name": "Cube4",
					"from": [ 0.0, 1.0, 0.0 ],
					"to": [ 1.0, 8.0, 10.0 ],
					"rotationOrigin": [ 0.0, 0.0, -1.0 ],
					"faces": {
						"north": { "texture": "#ceramic", "uv": [ 10.5, 6.0, 11.5, 13.0 ] },
						"east": { "texture": "#ceramic", "uv": [ 5.0, 6.0, 15.0, 13.0 ] },
						"south": { "texture": "#ceramic", "uv": [ 11.5, 0.0, 12.5, 7.0 ] },
						"west": { "texture": "#ceramic", "uv": [ 4.5, 3.0, 14.5, 10.0 ] },
						"up": { "texture": "#ceramic", "uv": [ 10.0, 2.5, 11.0, 12.5 ] },
						"down": { "texture": "#ceramic", "uv": [ 8.5, 2.5, 9.5, 12.5 ] }
					}
				},
				{
					"name": "Cube5",
					"from": [ 9.0, 1.0, 0.0 ],
					"to": [ 10.0, 8.0, 10.0 ],
					"rotationOrigin": [ -2.0, 0.0, -1.0 ],
					"faces": {
						"north": { "texture": "#ceramic", "uv": [ 11.0, 7.5, 12.0, 14.5 ] },
						"east": { "texture": "#ceramic", "uv": [ 0.5, 0.0, 10.5, 7.0 ] },
						"south": { "texture": "#ceramic", "uv": [ 3.0, 1.5, 4.0, 8.5 ] },
						"west": { "texture": "#ceramic", "uv": [ 3.0, 6.5, 13.0, 13.5 ] },
						"up": { "texture": "#ceramic", "uv": [ 9.0, 5.5, 10.0, 15.5 ] },
						"down": { "texture": "#ceramic", "uv": [ 11.0, 2.5, 12.0, 12.5 ] }
					}
				},
				{
					"name": "Cube6",
					"from": [ 1.5, 1.0, 1.5 ],
					"to": [ 8.5, 7.5, 8.5 ],
					"rotationOrigin": [ -9.5, 0.0, 0.5 ],
					"faces": {
						"north": { "texture": "#ceramic", "uv": [ 2.0, 0.5, 9.0, 7.0 ] },
						"east": { "texture": "#ceramic", "uv": [ 7.5, 4.0, 14.5, 10.5 ] },
						"south": { "texture": "#ceramic", "uv": [ 3.5, 5.5, 10.5, 12.0 ] },
						"west": { "texture": "#ceramic", "uv": [ 5.5, 6.0, 12.5, 12.5 ] },
						"up": { "texture": "#ceramic", "uv": [ 8.5, 1.5, 15.5, 8.5 ] },
						"down": { "texture": "#ceramic", "uv": [ 3.5, 8.5, 10.5, 15.5 ] }
					}
				}
			]
		}
	]}