﻿[
 {
   file: "expandedfoods:recipes/kneading/stuffedpepper.json",
    op: "addmerge", 
    path: "/3/ingredients/4/inputs/-", 
    value: { type: "item", code: "acorns:flour-acorn", quantity: 1 },
    "side": "server",
    dependsOn: [{ "modid": "acorns" }]
 },
 {
   file: "expandedfoods:recipes/kneading/stuffedpepper.json",
    op: "addmerge", 
    path: "/4/ingredients/5/inputs/-", 
    value: { type: "item", code: "acorns:flour-acorn", quantity: 1 },
    "side": "server",
    dependsOn: [{ "modid": "acorns" }]
 },
 {
   file: "expandedfoods:recipes/kneading/stuffedpepper.json",
    op: "addmerge", 
    path: "/8/ingredients/4/inputs/-", 
    value: { type: "item", code: "acorns:flour-acorn", quantity: 1 },
    "side": "server",
    dependsOn: [{ "modid": "acorns" }]
 },
]