[
	{
	"ingredientPattern": "_T_,TWT,_S_",
	"requiresTrait": "clothier",
	"ingredients": {
		"T": { "type": "item", "code": "game:flaxfibers", "quantity": 2 },
		"W": { "type": "item", "code": "wildcrafttree:driftwood" },
		"S": { "type": "item", "code": "tailorsdelight:spindle-*", "isTool": true }
	},
	"recipeGroup": 2,
	"width": 3,
	"height": 3,
	"output": { "type": "item", "code": "game:flaxtwine", "quantity": 2 }
	},

	{
	"ingredientPattern": "_T_,TWT,_T_",
	"ingredients": {
		"T": { "type": "item", "code": "game:flaxtwine" },
		"W": { "type": "item", "code": "wildcrafttree:driftwood" }
	},
	"recipeGroup": 2,
	"width": 3,
	"height": 3,
	"output": { "type": "item", "code": "game:cloth-plain", "quantity": 1 }
	}
]
