[
	{
	"ingredientPattern": "SAS, L ,SKS",
	"requiresTrait": "clothier",
	"ingredients": {
		"S": { "type": "item", "code": "wildcrafttree:willowcane-*" },
		"L": { "type": "item", "code": "tailorsdelight:leatherbundle-*", "name": "type", "quantity": 1, "allowedVariants": [ "aged", "pelt", "scraped", "prepped" ] },
		"A": { "type": "item", "code": "tailorsdelight:awl-*", "isTool": true, "toolDurabilityCost": 4 },
		"K": { "type": "item", "code": "game:knife-generic-*", "isTool": true, "toolDurabilityCost": 4 }
	},
	"recipeGroup": 2,
	"width": 3,
	"height": 3,
	"output": { "type": "block", "code": "tailorsdelight:panel-hide-{type}", "quantity": 2 }
	}
]
