{
    "code": "gachaball",
    "class": "ViconGachaBall",
    "maxstacksize": 128,

    "shape": { "base": "item/gachaball" },
    "creativeinventory": {
        "vinconomy": [ "*" ]
    },
    "guiTransform": {
        "translation": {
            "x": 0,
            "y": 0,
            "z": 0
        },
        "rotation": {
            "x": -180,
            "y": 45,
            "z": -24
        },
        "origin": {
            "x": 0.48,
            "y": 0.21,
            "z": 0.5
        },
        "scaleXyz": {
            "x": -2.33,
            "y": 2.33,
            "z": 2.33
        }
    },
    "fpHandTransform": {
        "translation": {
            "x": 0,
            "y": 0.2,
            "z": 0
        },
        "rotation": {
            "x": -14,
            "y": -152,
            "z": 28
        },
        "origin": {
            "x": 0.5,
            "y": 0.1,
            "z": 0.5
        },
        "scale": 2.07
    },
    "tpHandTransform": {
        "translation": {
            "x": -0.79,
            "y": -0.36,
            "z": -0.73
        },
        "rotation": {
            "x": 0,
            "y": -84,
            "z": 7
        },
        "origin": {
            "x": 0.5,
            "y": 0.1,
            "z": 0.5
        },
        "scale": 0.67
    },
    "groundTransform": {
        "translation": {
            "x": 0,
            "y": 0,
            "z": 0
        },
        "rotation": {
            "x": 0,
            "y": 0,
            "z": 90
        },
        "origin": {
            "x": 0.41,
            "y": 0,
            "z": 0.5
        },
        "scale": 3.4
    }
}