{
	"code": "hide",
	"variantgroups": [
		{ "code": "type", "states": [ "raw", "scraped" ] },
		{ "code": "processed", "states": [ "salted", "aged" ] },
		{ "code": "size", "states": [ "small", "medium", "large", "huge" ] }
	],
	"behaviors": [
		{ "name": "GroundStorable", "properties": { "layout": "SingleCenter", "collisionBox": { "x1": 0, "y1": 0, "z1": 0, "x2": 1, "y2": 0.1, "z2": 1 } } }
	],
	"attributes": {
		"handbook": { "groupBy": [ "hide-{type}-*" ] }
	},
	"shapeByType": {
		"hide-raw-*": { "base": "game:item/resource/hide/{size}1" },
		"hide-scraped-*": { "base": "game:item/resource/hide/{size}2" }
	},
	"texturesByType": {
		"hide-raw-salted-huge": {
			"furside": { "base": "game:item/resource/hide/raw-huge",
			       	"blendedOverlays": [ { "base": "tailorsdelight:overlays/salted_hide", "blendMode": "Overlay" } ] },
			"fleshside": { "base": "game:item/resource/hide/flesh",
			       	"blendedOverlays": [ { "base": "tailorsdelight:overlays/salted_hide", "blendMode": "Overlay" } ] }
		},
		"hide-raw-salted-*": {
			"furside": { "base": "game:item/resource/hide/raw",
			       	"blendedOverlays": [ { "base": "tailorsdelight:overlays/salted_hide", "blendMode": "Overlay" } ] },
			"fleshside": { "base": "game:item/resource/hide/flesh",
			       	"blendedOverlays": [ { "base": "tailorsdelight:overlays/salted_hide", "blendMode": "Overlay" } ] }
		},
		"hide-raw-aged-huge": {
			"furside": { "base": "game:block/leather/poor",
			       	"blendedOverlays": [ { "base": "tailorsdelight:overlays/aged_hide", "blendMode": "Overlay" },
			       			     { "base": "game:item/resource/hide/raw-huge", "blendMode": "Darken" } ] },
			"fleshside": { "base": "game:item/resource/hide/scraped" }
		},
		"hide-raw-aged-*": {
			"furside": { "base": "game:block/leather/poor",
			       	"blendedOverlays": [ { "base": "tailorsdelight:overlays/aged_hide", "blendMode": "Overlay" },
			       			     { "base": "game:item/resource/hide/raw", "blendMode": "Darken" } ] },
			"fleshside": { "base": "game:item/resource/hide/scraped" }
		},

		"hide-scraped-salted-huge": {
			"fleshside": { "base": "game:item/resource/hide/scraped",
			       	"blendedOverlays": [ { "base": "tailorsdelight:overlays/salted_hide", "blendMode": "Overlay" } ] }
		},
		"hide-scraped-salted-*": {
			"fleshside": { "base": "game:item/resource/hide/scraped",
			       	"blendedOverlays": [ { "base": "tailorsdelight:overlays/salted_hide", "blendMode": "Overlay" } ] }
		},
		"hide-scraped-aged-huge": {
			"fleshside": { "base": "game:item/resource/hide/pelt" }
		},
		"hide-scraped-aged-*": {
			"fleshside": { "base": "game:item/resource/hide/pelt" }
		}
	},
	"creativeinventory": { "general": ["*"], "items": ["*"] },
	"materialDensity": 620,
	"maxstacksizeByType": {
		"*-small": 64,
		"*-medium": 32,
		"*-large": 16,
		"*-huge": 8
	},
	"transitionablePropsByType": {
		"hide-raw-salted-*": [ {
			"type": "Cure",
			"freshHours": { "avg": 0 },
			"transitionHours": { "avg": 64 },
			"transitionedStack": { "type": "item", "code": "tailorsdelight:hide-raw-aged-{size}" },
			"transitionRatio": 1
		} ],
		"hide-scraped-salted-*": [ {
			"type": "Cure",
			"freshHours": { "avg": 0 },
			"transitionHours": { "avg": 74 },
			"transitionedStack": { "type": "item", "code": "tailorsdelight:hide-scraped-aged-{size}" },
			"transitionRatio": 1
		} ]
	},
	"tpHandTransformbyType": {
		"*-small": {
			"translation": { "x": -1.15, "y": -0.1, "z": -0.95 },
			"rotation": { "x": 0, "y": 90, "z": -74 },
			"origin": { "x": 0.5, "y": 0, "z": 0.5 },
			"scale": 0.5
		},
		"*-medium": {
			"translation": { "x": -1.26, "y": -0.2, "z": -1.24 },
			"rotation": { "x": 0, "y": 90, "z": -77 },
			"origin": { "x": 0.5, "y": 0, "z": 0.5 },
			"scale": 0.4
		},
		"*-large": {
			"translation": { "x": -1.12, "y": -0.2, "z": -1.22 },
			"rotation": { "x": 0, "y": 90, "z": -83 },
			"origin": { "x": 0.5, "y": 0, "z": 0.5 },
			"scale": 0.4
		},
		"*-huge": {
			"translation": { "x": -1.56, "y": -0.6, "z": -1.4 },
			"rotation": { "x": 0, "y": 90, "z": -82 },
			"origin": { "x": 0.5, "y": 0, "z": 0.5 },
			"scale": 0.35
		}
	},
	"guiTransformByType": {
		"*-small": {
			"rotation": { "x": 90, "y": 0.0, "z": 0.0 },
			"origin": { "x": 0.5, "y": 0.5, "z": 0.5 },
			"scale": 1.5
		},
		"*-medium": {
			"rotation": { "x": 90, "y": 0.0, "z": 0.0 },
			"origin": { "x": 0.5, "y": 0.5, "z": 0.5 },
			"scale": 0.8
		},
		"*-large": {
			"rotation": { "x": 90, "y": 0.0, "z": 0.0 },
			"origin": { "x": 0.5, "y": 0.5, "z": 0.5 },
			"scale": 0.8
		},
		"*-huge": {
			"rotation": { "x": 105, "y": 0.0, "z": 0.0 },
			"origin": { "x": 0.5, "y": 0.5, "z": 0.3 },
			"scale": 0.7
		}
	},
	"groundTransformByType": {
		"*-small": {
			"origin": { "x": 0.5, "y": 0, "z": 0.5 },
			"rotation": { "x": 0, "y": 0, "z": 0 },
			"scale": 5
		},
		"*-medium": {
			"origin": { "x": 0.5, "y": 0, "z": 0.5 },
			"rotation": { "x": 0, "y": 0, "z": 0 },
			"scale": 4
		},
		"*-large": {
			"origin": { "x": 0.5, "y": 0, "z": 0.5 },
			"rotation": { "x": 0, "y": 0, "z": 0 },
			"scale": 4
		},
		"*-huge": {
			"origin": { "x": 0.5, "y": 0, "z": 0.5 },
			"rotation": { "x": 0, "y": 0, "z": 0 },
			"scale": 4
		}
	}
}
