{
	"code": "leatherbundle",
	"behaviors": [
                { "name": "GroundStorable", "properties": { "layout": "Quadrants", "collisionBox": { "x1": 0, "y1": 0, "z1": 0, "x2": 1, "y2": 0.16, "z2": 1 } } }
	],
	"attributes": {
		"handbook": { "groupBy": ["leatherbundle-*"] },
		"scrollrackable": true,
		"comment": "rolledShape does not work without class: ItemBook but then it changes also the groundShape :-/",
		"rolledShape": "tailorsdelight:item/resource/bundle_roll",
		"onscrollrackTransform": {
			"translation": { "x": -0.61, "y": -0.218, "z": 0.48 },
			"rotation": { "x": -45, "y": 0, "z": 0 },
			"origin": { "x": 0.5, "y": 0.2, "z": 0.5 },
			"scale": 0.89
		},
		"displaycaseable": true,
		"shelvable": true,
		"onDisplayTransform": {
			"translation": { "x": 0.05, "y": 0, "z": 0 },
			"rotation": { "x": 0, "y": -45, "z": 0 },
			"origin": { "x": 0.5, "y": 0, "z": 0.5 },
			"scale": 0.8
		},
		"groundStorageTransform": {
			"translation": { "x": 0, "y": -0.04, "z": 0 },
			"rotation": { "x": 0, "y": -40, "z": 0 },
			"scale": 0.92
		}
	},
	"variantgroups": [
		{ "code":"color", "states": [ "raw", "aged", "oiled", "pelt", "scraped", "prepped", "plain", "nadiyan", "sturdy",
			"black", "blue", "darkblue", "darkbrown", "darkgreen", "darkred", "gray", "green", "orange", "pink", "purple", "red", "yellow", "white" ] }
	],
	"transitionablePropsByType": {
		"leatherbundle-raw": [ {
			"type": "Perish",
			"freshHours": { "avg": 240 },
			"transitionHours": { "avg": 72 },
			"transitionedStack": { "type": "item", "code": "game:rot" },
			"transitionRatio": 3
		} ]
	},
	"creativeinventory": { "general": ["*"], "items": ["*"] },
	"maxstacksize": 16,
	"materialDensity": 350,
	"shape": { "base": "game:item/resource/cloth" },
	"sounds": {
		"place": "game:block/leather",
		"break": "game:block/leather",
		"hit": "game:block/leather"
        },
	"texturesByType": {
		"leatherbundle-raw": { "color": { "base": "game:item/resource/hide/raw", "blendedOverlays": [ { "base": "tailorsdelight:overlays/darken", "blendMode": "Overlay" } ] } },
		"leatherbundle-aged": { "color": { "base": "game:block/leather/poor" } },
		"leatherbundle-pelt": { "color": { "base": "game:item/resource/hide/raw" } },
		"leatherbundle-oiled": { "color": { "base": "game:item/resource/hide/raw", "blendedOverlays": [ { "base": "tailorsdelight:overlays/salted_hide", "blendMode": "Overlay" } ] } },
		"leatherbundle-scraped": { "color": { "base": "game:item/resource/hide/pelt" } },
		"leatherbundle-prepped": { "color": { "base": "game:item/resource/hide/prepared" } },
		"leatherbundle-plain": { "color": { "base": "game:block/cloth/leather/normal" } },
		"leatherbundle-sturdy": { "color": { "base": "game:block/leather/chromium" } },
		"leatherbundle-darkblue": {
			"color": { "base": "game:block/leather/blue", "blendedOverlays": [ { "base": "tailorsdelight:overlays/{color}", "blendMode": "Multiply" } ] }
		},
		"leatherbundle-darkbrown": {
			"color": { "base": "game:block/leather/plain", "blendedOverlays": [ { "base": "tailorsdelight:overlays/{color}", "blendMode": "Multiply" } ] }
		},
		"leatherbundle-darkgreen": {
			"color": { "base": "game:block/leather/green", "blendedOverlays": [ { "base": "tailorsdelight:overlays/{color}", "blendMode": "Multiply" } ] }
		},
		"leatherbundle-darkred": {
			"color": { "base": "game:block/leather/red", "blendedOverlays": [ { "base": "tailorsdelight:overlays/{color}", "blendMode": "Multiply" } ] }
		},
		"leatherbundle-black": {
			"color": { "base": "game:block/leather/{color}", "blendedOverlays": [ { "base": "tailorsdelight:overlays/darken", "blendMode": "Multiply" } ] }
		},
		"leatherbundle-nadiyan": {
			"color": { "base": "game:block/leather/plain", "blendedOverlays": [ { "base": "tailorsdelight:overlays/lighten", "blendMode": "Lighten" } ] }
		},
		"*": { "color": { "base": "game:block/leather/{color}" } }
	},
	"transitionablePropsByType": {
		"*-oiled": [ {
			"type": "Cure",
			"freshHours": { "avg": 0 },
			"transitionHours": { "avg": 48 },
			"transitionedStack": { "type": "item", "code": "tailorsdelight:leatherbundle-pelt" },
			"transitionRatio": 1
		} ]
	},
	"guiTransform": {
		"rotation": { "x": -166, "y": 78, "z": -45 },
		"origin": { "x": 0.5, "y": 0.1, "z": 0.58 },
		"scaleXyz": { "x": -2.5, "y": 2.5, "z": 2.5 }
	},
	"tpHandTransform": {
		"translation": { "x": -1, "y": -0.9, "z": -1.35 },
		"rotation": { "x": 99, "y": -180, "z": 180 },
		"scale": 0.49
	},
	"groundTransform": {
		"translation": { "x": 0, "y": 0.25, "z": 0 },
		"rotation": { "x": 0, "y": 0, "z": 0 },
		"origin": { "x": 0.5, "y": 0.31, "z": 0.5299 },
		"scale": 4
	}
}
