{
	"editor": {
		"collapsedPaths": "Root/Bowl 1 floor3/candle3,Root/CandlelabraTop/Bowl 1 floor,Root/CandlelabraTop/Bowl 1 floor3,Root/CandlelabraBase,Root/Bowl 1 floor3,Root/Bowl 1 floor2/candle2,Root/Bowl 1 floor2,Root/CandlelabraTop/Bowl 1 floor2,Root/CandlelabraTop,Root/Bowl 1 floor/candle,Root/Bowl 1 floor",
		"allAngles": false,
		"entityTextureMode": false
	},
	"textureWidth": 16,
	"textureHeight": 16,
	"textureSizes": {
	},
	"textures": {
		"pewter": "pewter:block/metal/ingot/pewter",
		"candle": "game:block/candle"
	},
	"elements": [
		{
			"name": "Base1",
			"from": [ 0.0, 0.0, 0.0 ],
			"to": [ 0.0, 0.0, 0.0 ],
			"rotationOrigin": [ 8.0, 0.0, 8.0 ],
			"faces": {
				"north": { "texture": "#pewter", "reflectiveMode": 1, "uv": [ 0.0, 0.0, 0.5, 0.5 ] },
				"east": { "texture": "#pewter", "reflectiveMode": 1, "uv": [ 0.0, 0.0, 0.5, 0.5 ] },
				"south": { "texture": "#pewter", "reflectiveMode": 1, "uv": [ 0.0, 0.0, 0.5, 0.5 ] },
				"west": { "texture": "#pewter", "reflectiveMode": 1, "uv": [ 0.0, 0.0, 0.5, 0.5 ] },
				"up": { "texture": "#pewter", "reflectiveMode": 1, "uv": [ 0.0, 0.0, 0.5, 0.5 ] },
				"down": { "texture": "#pewter", "reflectiveMode": 1, "uv": [ 0.0, 0.0, 0.5, 0.5 ] }
			},
			"children": [
				{
					"name": "CandlelabraBase",
					"from": [ 0.0, 0.0, 0.0 ],
					"to": [ 0.0, 0.0, 0.0 ],
					"rotationOrigin": [ 8.0, 0.0, 8.0 ],
					"faces": {
						"north": { "texture": "#pewter", "reflectiveMode": 1, "uv": [ 0.0, 0.0, 0.5, 0.5 ] },
						"east": { "texture": "#pewter", "reflectiveMode": 1, "uv": [ 0.0, 0.0, 0.5, 0.5 ] },
						"south": { "texture": "#pewter", "reflectiveMode": 1, "uv": [ 0.0, 0.0, 0.5, 0.5 ] },
						"west": { "texture": "#pewter", "reflectiveMode": 1, "uv": [ 0.0, 0.0, 0.5, 0.5 ] },
						"up": { "texture": "#pewter", "reflectiveMode": 1, "uv": [ 0.0, 0.0, 0.5, 0.5 ] },
						"down": { "texture": "#pewter", "reflectiveMode": 1, "uv": [ 0.0, 0.0, 0.5, 0.5 ] }
					},
					"children": [
						{
							"name": "BaseBottom",
							"from": [ 5.5, 0.1, 5.5 ],
							"to": [ 10.5, 0.6, 10.5 ],
							"rotationOrigin": [ 7.0, 0.0, 7.0 ],
							"faces": {
								"north": { "texture": "#pewter", "reflectiveMode": 1, "uv": [ 0.0, 0.0, 5.0, 0.5 ] },
								"east": { "texture": "#pewter", "reflectiveMode": 1, "uv": [ 0.0, 0.0, 5.0, 0.5 ] },
								"south": { "texture": "#pewter", "reflectiveMode": 1, "uv": [ 0.0, 0.0, 5.0, 0.5 ] },
								"west": { "texture": "#pewter", "reflectiveMode": 1, "uv": [ 0.0, 0.0, 5.0, 0.5 ] },
								"up": { "texture": "#pewter", "reflectiveMode": 1, "uv": [ 0.0, 0.0, 5.0, 5.0 ] },
								"down": { "texture": "#pewter", "reflectiveMode": 1, "uv": [ 0.0, 0.0, 5.0, 5.0 ] }
							}
						},
						{
							"name": "BaseMiddle",
							"from": [ 6.5, 0.6, 6.5 ],
							"to": [ 9.5, 1.1, 9.5 ],
							"rotationOrigin": [ 7.5, 0.6, 7.5 ],
							"faces": {
								"north": { "texture": "#pewter", "reflectiveMode": 1, "uv": [ 0.0, 0.0, 3.0, 0.5 ] },
								"east": { "texture": "#pewter", "reflectiveMode": 1, "uv": [ 0.0, 0.0, 3.0, 0.5 ] },
								"south": { "texture": "#pewter", "reflectiveMode": 1, "uv": [ 0.0, 0.0, 3.0, 0.5 ] },
								"west": { "texture": "#pewter", "reflectiveMode": 1, "uv": [ 0.0, 0.0, 3.0, 0.5 ] },
								"up": { "texture": "#pewter", "reflectiveMode": 1, "uv": [ 0.0, 0.0, 3.0, 3.0 ] }
							}
						},
						{
							"name": "BaseTop",
							"from": [ 7.0, 0.6, 7.0 ],
							"to": [ 9.0, 1.6, 8.9 ],
							"rotationOrigin": [ 8.0, 0.6, 8.0 ],
							"faces": {
								"north": { "texture": "#pewter", "reflectiveMode": 1, "uv": [ 0.0, 0.0, 2.0, 1.0 ] },
								"east": { "texture": "#pewter", "reflectiveMode": 1, "uv": [ 0.0, 0.0, 1.5, 1.0 ] },
								"south": { "texture": "#pewter", "reflectiveMode": 1, "uv": [ 0.0, 0.0, 2.0, 1.0 ] },
								"west": { "texture": "#pewter", "reflectiveMode": 1, "uv": [ 0.0, 0.0, 1.5, 1.0 ] },
								"up": { "texture": "#pewter", "reflectiveMode": 1, "uv": [ 0.0, 0.0, 2.0, 1.5 ] }
							}
						}
					]
				},
				{
					"name": "CandlelabraTop",
					"from": [ 0.0, 0.0, 0.0 ],
					"to": [ 0.0, 0.0, 0.0 ],
					"rotationOrigin": [ 8.0, 0.0, 8.0 ],
					"faces": {
						"north": { "texture": "#pewter", "reflectiveMode": 1, "uv": [ 0.0, 0.0, 0.5, 0.5 ] },
						"east": { "texture": "#pewter", "reflectiveMode": 1, "uv": [ 0.0, 0.0, 0.5, 0.5 ] },
						"south": { "texture": "#pewter", "reflectiveMode": 1, "uv": [ 0.0, 0.0, 0.5, 0.5 ] },
						"west": { "texture": "#pewter", "reflectiveMode": 1, "uv": [ 0.0, 0.0, 0.5, 0.5 ] },
						"up": { "texture": "#pewter", "reflectiveMode": 1, "uv": [ 0.0, 0.0, 0.5, 0.5 ] },
						"down": { "texture": "#pewter", "reflectiveMode": 1, "uv": [ 0.0, 0.0, 0.5, 0.5 ] }
					},
					"children": [
						{
							"name": "CenterDecorS",
							"from": [ 7.8, 3.5, 9.8 ],
							"to": [ 8.3, 6.5, 10.3 ],
							"rotationOrigin": [ 8.05, 4.0, 10.05 ],
							"rotationX": -45.0,
							"faces": {
								"north": { "texture": "#pewter", "reflectiveMode": 1, "uv": [ 10.5, 5.5, 11.0, 8.5 ] },
								"east": { "texture": "#pewter", "reflectiveMode": 1, "uv": [ 4.5, 5.0, 5.0, 8.0 ] },
								"south": { "texture": "#pewter", "reflectiveMode": 1, "uv": [ 9.0, 8.5, 9.5, 11.5 ] },
								"west": { "texture": "#pewter", "reflectiveMode": 1, "uv": [ 8.5, 8.0, 9.0, 11.0 ] }
							}
						},
						{
							"name": "CenterDecorN",
							"from": [ 7.8, 3.5, 5.8 ],
							"to": [ 8.3, 6.5, 6.3 ],
							"rotationOrigin": [ 8.05, 4.0, 6.05 ],
							"rotationX": 45.0,
							"faces": {
								"north": { "texture": "#pewter", "reflectiveMode": 1, "uv": [ 8.5, 4.0, 9.0, 7.0 ] },
								"east": { "texture": "#pewter", "reflectiveMode": 1, "uv": [ 6.5, 2.0, 7.0, 5.0 ] },
								"south": { "texture": "#pewter", "reflectiveMode": 1, "uv": [ 7.0, 5.0, 7.5, 8.0 ] },
								"west": { "texture": "#pewter", "reflectiveMode": 1, "uv": [ 10.5, 8.0, 11.0, 11.0 ] }
							}
						},
						{
							"name": "CenterBottom",
							"from": [ 7.5, 1.6, 7.5 ],
							"to": [ 8.5, 2.6, 8.5 ],
							"rotationOrigin": [ 8.0, 2.1, 8.0 ],
							"faces": {
								"north": { "texture": "#pewter", "reflectiveMode": 1, "uv": [ 4.5, 5.5, 5.5, 6.5 ] },
								"east": { "texture": "#pewter", "reflectiveMode": 1, "uv": [ 3.5, 4.0, 4.5, 5.0 ] },
								"south": { "texture": "#pewter", "reflectiveMode": 1, "uv": [ 4.0, 3.5, 5.0, 4.5 ] },
								"west": { "texture": "#pewter", "reflectiveMode": 1, "uv": [ 3.5, 4.0, 4.5, 5.0 ] },
								"down": { "texture": "#pewter", "reflectiveMode": 1, "uv": [ 2.5, 2.5, 3.5, 3.5 ], "windMode": [-1,-1,-1,-1] }
							}
						},
						{
							"name": "CenterS",
							"from": [ 7.4, 2.76, 9.94 ],
							"to": [ 8.6, 3.76, 13.54 ],
							"rotationOrigin": [ 7.9, 3.3, 10.4 ],
							"rotationX": -22.5,
							"faces": {
								"east": { "texture": "#pewter", "reflectiveMode": 1, "uv": [ 5.0, 6.5, 8.5, 7.5 ] },
								"south": { "texture": "#pewter", "reflectiveMode": 1, "uv": [ 5.5, 9.5, 6.5, 10.5 ] },
								"west": { "texture": "#pewter", "reflectiveMode": 1, "uv": [ 3.5, 8.0, 7.0, 9.0 ] },
								"up": { "texture": "#pewter", "reflectiveMode": 1, "uv": [ 4.5, 8.5, 5.5, 12.0 ] },
								"down": { "texture": "#pewter", "reflectiveMode": 1, "uv": [ 5.0, 4.5, 6.0, 8.0 ], "windMode": [-1,-1,-1,-1] }
							}
						},
						{
							"name": "CenterN",
							"from": [ 7.4, 3.75, 2.66 ],
							"to": [ 8.6, 4.75, 6.26 ],
							"rotationOrigin": [ 7.9, 4.3, 3.2 ],
							"rotationX": 22.5,
							"faces": {
								"north": { "texture": "#pewter", "reflectiveMode": 1, "uv": [ 4.0, 4.5, 5.0, 5.5 ] },
								"east": { "texture": "#pewter", "reflectiveMode": 1, "uv": [ 8.5, 8.5, 12.0, 9.5 ] },
								"west": { "texture": "#pewter", "reflectiveMode": 1, "uv": [ 5.0, 11.0, 8.5, 12.0 ] },
								"up": { "texture": "#pewter", "reflectiveMode": 1, "uv": [ 4.5, 6.5, 5.5, 10.0 ], "windMode": [-1,-1,-1,-1] },
								"down": { "texture": "#pewter", "reflectiveMode": 1, "uv": [ 4.0, 5.5, 5.0, 9.0 ], "windMode": [-1,-1,-1,-1] }
							}
						},
						{
							"name": "Center",
							"from": [ 7.3, 2.6, 5.8 ],
							"to": [ 8.7, 3.7, 10.2 ],
							"rotationOrigin": [ 7.8, 3.1, 6.3 ],
							"faces": {
								"north": { "texture": "#pewter", "reflectiveMode": 1, "uv": [ 6.0, 4.0, 7.0, 5.0 ] },
								"east": { "texture": "#pewter", "reflectiveMode": 1, "uv": [ 7.5, 8.0, 11.5, 9.0 ] },
								"south": { "texture": "#pewter", "reflectiveMode": 1, "uv": [ 4.5, 5.0, 5.5, 6.0 ] },
								"west": { "texture": "#pewter", "reflectiveMode": 1, "uv": [ 4.5, 7.5, 8.5, 8.5 ] },
								"up": { "texture": "#pewter", "reflectiveMode": 1, "uv": [ 7.0, 6.5, 8.0, 10.5 ] },
								"down": { "texture": "#pewter", "reflectiveMode": 1, "uv": [ 3.5, 3.5, 4.5, 7.5 ] }
							}
						},
						{
							"name": "CenterPost",
							"from": [ 7.5, 3.0, 7.5 ],
							"to": [ 8.5, 9.0, 8.5 ],
							"rotationOrigin": [ 8.0, 3.5, 8.0 ],
							"faces": {
								"north": { "texture": "#pewter", "reflectiveMode": 1, "uv": [ 5.0, 1.5, 6.0, 7.5 ] },
								"east": { "texture": "#pewter", "reflectiveMode": 1, "uv": [ 5.5, 4.5, 6.5, 10.5 ] },
								"south": { "texture": "#pewter", "reflectiveMode": 1, "uv": [ 8.5, 6.5, 9.5, 12.5 ] },
								"west": { "texture": "#pewter", "reflectiveMode": 1, "uv": [ 6.0, 6.0, 7.0, 12.0 ] }
							}
						},
						{
							"name": "CenterPostS",
							"from": [ 7.5, 4.0, 12.5 ],
							"to": [ 8.5, 6.0, 13.5 ],
							"rotationOrigin": [ 8.0, 4.5, 13.0 ],
							"faces": {
								"north": { "texture": "#pewter", "reflectiveMode": 1, "uv": [ 6.5, 3.0, 7.5, 5.0 ] },
								"east": { "texture": "#pewter", "reflectiveMode": 1, "uv": [ 6.5, 9.5, 7.5, 11.5 ] },
								"south": { "texture": "#pewter", "reflectiveMode": 1, "uv": [ 3.5, 5.5, 4.5, 7.5 ] },
								"west": { "texture": "#pewter", "reflectiveMode": 1, "uv": [ 6.0, 5.0, 7.0, 7.0 ] }
							}
						},
						{
							"name": "CenterPostN",
							"from": [ 7.5, 4.0, 2.5 ],
							"to": [ 8.5, 6.0, 3.5 ],
							"rotationOrigin": [ 8.0, 4.5, 3.0 ],
							"faces": {
								"north": { "texture": "#pewter", "reflectiveMode": 1, "uv": [ 11.0, 9.5, 12.0, 11.5 ] },
								"east": { "texture": "#pewter", "reflectiveMode": 1, "uv": [ 9.0, 4.5, 10.0, 6.5 ] },
								"south": { "texture": "#pewter", "reflectiveMode": 1, "uv": [ 7.5, 2.5, 8.5, 4.5 ] },
								"west": { "texture": "#pewter", "reflectiveMode": 1, "uv": [ 9.5, 3.0, 10.5, 5.0 ] }
							}
						},
						{
							"name": "Bowl 1 floor3",
							"from": [ 6.25, 6.0, 11.25 ],
							"to": [ 9.75, 7.0, 14.75 ],
							"rotationOrigin": [ 6.25, 6.0, 11.25 ],
							"faces": {
								"north": { "texture": "#pewter", "reflectiveMode": 1, "uv": [ 0.5, 8.0, 4.0, 9.0 ], "windMode": [-1,-1,-1,-1] },
								"east": { "texture": "#pewter", "reflectiveMode": 1, "uv": [ 8.5, 7.5, 12.0, 8.5 ], "windMode": [-1,-1,-1,-1] },
								"south": { "texture": "#pewter", "reflectiveMode": 1, "uv": [ 10.5, 7.0, 14.0, 8.0 ], "windMode": [-1,-1,-1,-1] },
								"west": { "texture": "#pewter", "reflectiveMode": 1, "uv": [ 6.5, 4.5, 10.0, 5.5 ], "windMode": [-1,-1,-1,-1] },
								"up": { "texture": "#pewter", "reflectiveMode": 1, "uv": [ 8.0, 3.5, 11.5, 7.0 ] },
								"down": { "texture": "#pewter", "reflectiveMode": 1, "uv": [ 1.5, 5.5, 5.0, 9.0 ] }
							},
							"children": [
								{
									"name": "N 3",
									"from": [ -0.5, 0.5, -0.5 ],
									"to": [ 4.0, 2.0, 0.0 ],
									"faces": {
										"north": { "texture": "#pewter", "reflectiveMode": 1, "uv": [ 6.0, 5.0, 10.5, 6.5 ] },
										"east": { "texture": "#pewter", "reflectiveMode": 1, "uv": [ 9.0, 6.0, 9.5, 7.5 ] },
										"south": { "texture": "#pewter", "reflectiveMode": 1, "uv": [ 4.0, 7.0, 8.5, 8.5 ] },
										"west": { "texture": "#pewter", "reflectiveMode": 1, "uv": [ 12.0, 1.0, 12.5, 2.5 ] },
										"up": { "texture": "#pewter", "reflectiveMode": 1, "uv": [ 3.0, 12.0, 7.5, 12.5 ] },
										"down": { "texture": "#pewter", "reflectiveMode": 1, "uv": [ 2.0, 10.0, 6.5, 10.5 ] }
									}
								},
								{
									"name": "S 3",
									"from": [ -0.5, 0.5, 3.5 ],
									"to": [ 4.0, 2.0, 4.0 ],
									"faces": {
										"north": { "texture": "#pewter", "reflectiveMode": 1, "uv": [ 6.0, 10.0, 10.5, 11.5 ] },
										"east": { "texture": "#pewter", "reflectiveMode": 1, "uv": [ 6.0, 7.0, 6.5, 8.5 ] },
										"south": { "texture": "#pewter", "reflectiveMode": 1, "uv": [ 10.0, 3.0, 14.5, 4.5 ] },
										"west": { "texture": "#pewter", "reflectiveMode": 1, "uv": [ 11.0, 5.0, 11.5, 6.5 ] },
										"up": { "texture": "#pewter", "reflectiveMode": 1, "uv": [ 7.0, 9.0, 11.5, 9.5 ] },
										"down": { "texture": "#pewter", "reflectiveMode": 1, "uv": [ 7.0, 6.0, 11.5, 6.5 ] }
									}
								},
								{
									"name": "W 3",
									"from": [ -0.5, 0.5, 0.0 ],
									"to": [ 0.0, 2.0, 3.5 ],
									"faces": {
										"east": { "texture": "#pewter", "reflectiveMode": 1, "uv": [ 10.0, 2.0, 13.5, 3.5 ] },
										"west": { "texture": "#pewter", "reflectiveMode": 1, "uv": [ 4.0, 10.0, 7.5, 11.5 ] },
										"up": { "texture": "#pewter", "reflectiveMode": 1, "uv": [ 9.0, 7.0, 9.5, 10.5 ] },
										"down": { "texture": "#pewter", "reflectiveMode": 1, "uv": [ 14.0, 12.0, 14.5, 15.5 ] }
									}
								},
								{
									"name": "E 3",
									"from": [ 3.5, 0.5, 0.0 ],
									"to": [ 4.0, 2.0, 3.5 ],
									"faces": {
										"east": { "texture": "#pewter", "reflectiveMode": 1, "uv": [ 1.0, 6.0, 4.5, 7.5 ] },
										"west": { "texture": "#pewter", "reflectiveMode": 1, "uv": [ 7.5, 4.0, 11.0, 5.5 ] },
										"up": { "texture": "#pewter", "reflectiveMode": 1, "uv": [ 2.0, 4.0, 2.5, 7.5 ] },
										"down": { "texture": "#pewter", "reflectiveMode": 1, "uv": [ 1.0, 7.0, 1.5, 10.5 ] }
									}
								},
								{
									"name": "candle3",
									"from": [ 0.75, 1.0, 0.75 ],
									"to": [ 2.75, 5.0, 2.75 ],
									"rotationOrigin": [ -0.75, 0.0, 0.25 ],
									"faces": {
										"north": { "texture": "#candle", "uv": [ 0.0, 12.0, 2.0, 16.0 ] },
										"east": { "texture": "#candle", "uv": [ 2.0, 12.0, 4.0, 16.0 ] },
										"south": { "texture": "#candle", "uv": [ 4.0, 12.0, 6.0, 16.0 ] },
										"west": { "texture": "#candle", "uv": [ 6.0, 12.0, 8.0, 16.0 ] },
										"up": { "texture": "#candle", "uv": [ 14.0, 0.0, 16.0, 2.0 ] }
									},
									"children": [
										{
											"name": "tip3",
											"from": [ 0.8, 4.0, 0.8 ],
											"to": [ 1.2, 4.5, 1.2 ],
											"faces": {
												"north": { "texture": "#candle", "uv": [ 0.0, 0.0, 0.5, 0.5 ], "glow": 196 },
												"east": { "texture": "#candle", "uv": [ 0.0, 0.0, 0.5, 0.5 ], "glow": 196 },
												"south": { "texture": "#candle", "uv": [ 0.0, 0.0, 0.5, 0.5 ], "glow": 196 },
												"west": { "texture": "#candle", "uv": [ 0.0, 0.0, 0.5, 0.5 ], "glow": 196 },
												"up": { "texture": "#candle", "uv": [ 0.0, 0.0, 0.5, 0.5 ], "glow": 196 },
												"down": { "texture": "#candle", "uv": [ 0.0, 0.0, 0.5, 0.5 ], "glow": 196 }
											}
										}
									]
								}
							]
						},
						{
							"name": "Bowl 1 floor2",
							"from": [ 6.25, 6.0, 1.25 ],
							"to": [ 9.75, 7.0, 4.75 ],
							"rotationOrigin": [ 6.25, 6.0, 1.25 ],
							"faces": {
								"north": { "texture": "#pewter", "reflectiveMode": 1, "uv": [ 6.5, 5.5, 10.0, 6.5 ], "windMode": [-1,-1,-1,-1] },
								"east": { "texture": "#pewter", "reflectiveMode": 1, "uv": [ 10.5, 6.5, 14.0, 7.5 ], "windMode": [-1,-1,-1,-1] },
								"south": { "texture": "#pewter", "reflectiveMode": 1, "uv": [ 7.0, 7.0, 10.5, 8.0 ], "windMode": [-1,-1,-1,-1] },
								"west": { "texture": "#pewter", "reflectiveMode": 1, "uv": [ 9.5, 10.0, 13.0, 11.0 ], "windMode": [-1,-1,-1,-1] },
								"up": { "texture": "#pewter", "reflectiveMode": 1, "uv": [ 4.5, 5.0, 8.0, 8.5 ] },
								"down": { "texture": "#pewter", "reflectiveMode": 1, "uv": [ 10.5, 8.5, 14.0, 12.0 ] }
							},
							"children": [
								{
									"name": "N 2",
									"from": [ -0.5, 0.5, -0.5 ],
									"to": [ 4.0, 2.0, 0.0 ],
									"faces": {
										"north": { "texture": "#pewter", "reflectiveMode": 1, "uv": [ 9.0, 8.5, 13.5, 10.0 ] },
										"east": { "texture": "#pewter", "reflectiveMode": 1, "uv": [ 6.5, 7.0, 7.0, 8.5 ] },
										"south": { "texture": "#pewter", "reflectiveMode": 1, "uv": [ 5.0, 8.5, 9.5, 10.0 ] },
										"west": { "texture": "#pewter", "reflectiveMode": 1, "uv": [ 7.0, 11.0, 7.5, 12.5 ] },
										"up": { "texture": "#pewter", "reflectiveMode": 1, "uv": [ 7.0, 10.0, 11.5, 10.5 ] },
										"down": { "texture": "#pewter", "reflectiveMode": 1, "uv": [ 5.5, 10.0, 10.0, 10.5 ] }
									}
								},
								{
									"name": "S 2",
									"from": [ -0.5, 0.5, 3.5 ],
									"to": [ 4.0, 2.0, 4.0 ],
									"faces": {
										"north": { "texture": "#pewter", "reflectiveMode": 1, "uv": [ 6.5, 12.5, 11.0, 14.0 ] },
										"east": { "texture": "#pewter", "reflectiveMode": 1, "uv": [ 7.5, 9.5, 8.0, 11.0 ] },
										"south": { "texture": "#pewter", "reflectiveMode": 1, "uv": [ 8.0, 9.0, 12.5, 10.5 ] },
										"west": { "texture": "#pewter", "reflectiveMode": 1, "uv": [ 10.0, 3.0, 10.5, 4.5 ] },
										"up": { "texture": "#pewter", "reflectiveMode": 1, "uv": [ 5.0, 4.0, 9.5, 4.5 ] },
										"down": { "texture": "#pewter", "reflectiveMode": 1, "uv": [ 5.0, 4.5, 9.5, 5.0 ] }
									}
								},
								{
									"name": "W 2",
									"from": [ -0.5, 0.5, 0.0 ],
									"to": [ 0.0, 2.0, 3.5 ],
									"faces": {
										"east": { "texture": "#pewter", "reflectiveMode": 1, "uv": [ 10.0, 2.0, 13.5, 3.5 ] },
										"west": { "texture": "#pewter", "reflectiveMode": 1, "uv": [ 4.0, 10.0, 7.5, 11.5 ] },
										"up": { "texture": "#pewter", "reflectiveMode": 1, "uv": [ 9.0, 7.0, 9.5, 10.5 ] },
										"down": { "texture": "#pewter", "reflectiveMode": 1, "uv": [ 14.0, 12.0, 14.5, 15.5 ] }
									}
								},
								{
									"name": "E 2",
									"from": [ 3.5, 0.5, 0.0 ],
									"to": [ 4.0, 2.0, 3.5 ],
									"faces": {
										"east": { "texture": "#pewter", "reflectiveMode": 1, "uv": [ 9.0, 2.0, 12.5, 3.5 ] },
										"west": { "texture": "#pewter", "reflectiveMode": 1, "uv": [ 5.0, 4.0, 8.5, 5.5 ] },
										"up": { "texture": "#pewter", "reflectiveMode": 1, "uv": [ 9.5, 5.0, 10.0, 8.5 ] },
										"down": { "texture": "#pewter", "reflectiveMode": 1, "uv": [ 5.0, 7.0, 5.5, 10.5 ] }
									}
								},
								{
									"name": "candle2",
									"from": [ 0.75, 1.0, 0.75 ],
									"to": [ 2.75, 5.0, 2.75 ],
									"rotationOrigin": [ -0.75, 0.0, 0.25 ],
									"faces": {
										"north": { "texture": "#candle", "uv": [ 0.0, 12.0, 2.0, 16.0 ] },
										"east": { "texture": "#candle", "uv": [ 2.0, 12.0, 4.0, 16.0 ] },
										"south": { "texture": "#candle", "uv": [ 4.0, 12.0, 6.0, 16.0 ] },
										"west": { "texture": "#candle", "uv": [ 6.0, 12.0, 8.0, 16.0 ] },
										"up": { "texture": "#candle", "uv": [ 14.0, 0.0, 16.0, 2.0 ] }
									},
									"children": [
										{
											"name": "tip2",
											"from": [ 0.8, 4.0, 0.8 ],
											"to": [ 1.2, 4.5, 1.2 ],
											"faces": {
												"north": { "texture": "#candle", "uv": [ 0.0, 0.0, 0.5, 0.5 ], "glow": 196 },
												"east": { "texture": "#candle", "uv": [ 0.0, 0.0, 0.5, 0.5 ], "glow": 196 },
												"south": { "texture": "#candle", "uv": [ 0.0, 0.0, 0.5, 0.5 ], "glow": 196 },
												"west": { "texture": "#candle", "uv": [ 0.0, 0.0, 0.5, 0.5 ], "glow": 196 },
												"up": { "texture": "#candle", "uv": [ 0.0, 0.0, 0.5, 0.5 ], "glow": 196 },
												"down": { "texture": "#candle", "uv": [ 0.0, 0.0, 0.5, 0.5 ], "glow": 196 }
											}
										}
									]
								}
							]
						},
						{
							"name": "Bowl 1 floor",
							"from": [ 6.25, 9.0, 6.25 ],
							"to": [ 9.75, 10.0, 9.75 ],
							"rotationOrigin": [ 6.25, 9.0, 6.25 ],
							"faces": {
								"north": { "texture": "#pewter", "reflectiveMode": 1, "uv": [ 2.0, 5.0, 5.5, 6.0 ], "windMode": [-1,-1,-1,-1] },
								"east": { "texture": "#pewter", "reflectiveMode": 1, "uv": [ 4.0, 5.0, 7.5, 6.0 ], "windMode": [-1,-1,-1,-1] },
								"south": { "texture": "#pewter", "reflectiveMode": 1, "uv": [ 1.0, 5.5, 4.5, 6.5 ], "windMode": [-1,-1,-1,-1] },
								"west": { "texture": "#pewter", "reflectiveMode": 1, "uv": [ 3.5, 6.0, 7.0, 7.0 ], "windMode": [-1,-1,-1,-1] },
								"up": { "texture": "#pewter", "reflectiveMode": 1, "uv": [ 9.0, 8.5, 12.5, 12.0 ] },
								"down": { "texture": "#pewter", "reflectiveMode": 1, "uv": [ 8.5, 7.0, 12.0, 10.5 ] }
							},
							"children": [
								{
									"name": "N 1",
									"from": [ -0.5, 0.5, -0.5 ],
									"to": [ 4.0, 2.0, 0.0 ],
									"faces": {
										"north": { "texture": "#pewter", "reflectiveMode": 1, "uv": [ 3.5, 9.0, 8.0, 10.5 ] },
										"east": { "texture": "#pewter", "reflectiveMode": 1, "uv": [ 12.5, 3.5, 13.0, 5.0 ] },
										"south": { "texture": "#pewter", "reflectiveMode": 1, "uv": [ 2.5, 12.0, 7.0, 13.5 ] },
										"west": { "texture": "#pewter", "reflectiveMode": 1, "uv": [ 8.5, 2.0, 9.0, 3.5 ] },
										"up": { "texture": "#pewter", "reflectiveMode": 1, "uv": [ 7.5, 6.0, 12.0, 6.5 ] },
										"down": { "texture": "#pewter", "reflectiveMode": 1, "uv": [ 5.0, 8.5, 9.5, 9.0 ] }
									}
								},
								{
									"name": "S 1",
									"from": [ -0.5, 0.5, 3.5 ],
									"to": [ 4.0, 2.0, 4.0 ],
									"faces": {
										"north": { "texture": "#pewter", "reflectiveMode": 1, "uv": [ 9.5, 11.5, 14.0, 13.0 ] },
										"east": { "texture": "#pewter", "reflectiveMode": 1, "uv": [ 4.5, 4.5, 5.0, 6.0 ] },
										"south": { "texture": "#pewter", "reflectiveMode": 1, "uv": [ 8.0, 7.0, 12.5, 8.5 ] },
										"west": { "texture": "#pewter", "reflectiveMode": 1, "uv": [ 8.0, 5.0, 8.5, 6.5 ] },
										"up": { "texture": "#pewter", "reflectiveMode": 1, "uv": [ 5.5, 6.5, 10.0, 7.0 ] },
										"down": { "texture": "#pewter", "reflectiveMode": 1, "uv": [ 6.0, 9.5, 10.5, 10.0 ] }
									}
								},
								{
									"name": "W 1",
									"from": [ -0.5, 0.5, 0.0 ],
									"to": [ 0.0, 2.0, 3.5 ],
									"faces": {
										"east": { "texture": "#pewter", "reflectiveMode": 1, "uv": [ 9.0, 2.0, 12.5, 3.5 ] },
										"west": { "texture": "#pewter", "reflectiveMode": 1, "uv": [ 8.5, 4.5, 12.0, 6.0 ] },
										"up": { "texture": "#pewter", "reflectiveMode": 1, "uv": [ 7.0, 5.0, 7.5, 8.5 ] },
										"down": { "texture": "#pewter", "reflectiveMode": 1, "uv": [ 14.0, 9.0, 14.5, 12.5 ] }
									}
								},
								{
									"name": "E 1",
									"from": [ 3.5, 0.5, 0.0 ],
									"to": [ 4.0, 2.0, 3.5 ],
									"faces": {
										"east": { "texture": "#pewter", "reflectiveMode": 1, "uv": [ 8.0, 6.0, 11.5, 7.5 ] },
										"west": { "texture": "#pewter", "reflectiveMode": 1, "uv": [ 3.0, 10.5, 6.5, 12.0 ] },
										"up": { "texture": "#pewter", "reflectiveMode": 1, "uv": [ 7.0, 7.0, 7.5, 10.5 ] },
										"down": { "texture": "#pewter", "reflectiveMode": 1, "uv": [ 5.0, 8.0, 5.5, 11.5 ] }
									}
								},
								{
									"name": "candle",
									"from": [ 0.75, 1.0, 0.75 ],
									"to": [ 2.75, 5.0, 2.75 ],
									"rotationOrigin": [ -0.75, 0.0, 0.25 ],
									"faces": {
										"north": { "texture": "#candle", "uv": [ 0.0, 12.0, 2.0, 16.0 ] },
										"east": { "texture": "#candle", "uv": [ 2.0, 12.0, 4.0, 16.0 ] },
										"south": { "texture": "#candle", "uv": [ 4.0, 12.0, 6.0, 16.0 ] },
										"west": { "texture": "#candle", "uv": [ 6.0, 12.0, 8.0, 16.0 ] },
										"up": { "texture": "#candle", "uv": [ 14.0, 0.0, 16.0, 2.0 ] }
									},
									"children": [
										{
											"name": "tip",
											"from": [ 0.8, 4.0, 0.8 ],
											"to": [ 1.2, 4.5, 1.2 ],
											"faces": {
												"north": { "texture": "#candle", "uv": [ 0.0, 0.0, 0.0, 0.5 ], "glow": 196 },
												"east": { "texture": "#candle", "uv": [ 0.0, 0.0, 0.0, 0.5 ], "glow": 196 },
												"south": { "texture": "#candle", "uv": [ 0.0, 0.0, 0.0, 0.5 ], "glow": 196 },
												"west": { "texture": "#candle", "uv": [ 0.0, 0.0, 0.0, 0.5 ], "glow": 196 },
												"up": { "texture": "#candle", "uv": [ 0.0, 0.0, 0.0, 0.0 ], "glow": 196 },
												"down": { "texture": "#candle", "uv": [ 0.0, 0.0, 0.0, 0.0 ], "glow": 196 }
											}
										}
									]
								}
							]
						}
					]
				}
			]
		}
	]}