[
  {
    "file": "foodshelves:recipes/grid/glassware/coolingcabinet.json",
    "op": "addmerge",
    "path": "/0",
    "value": {
      "ingredientPattern": "PNP,GSG,PCP",
      "ingredients": {
        "P": { "type": "item", "code": "game:plank-*", "name": "wood", "quantity": 4 },
        "N": { "type": "item", "code": "game:metalnailsandstrips-*", "quantity": 2 },
        "G": { "type": "block", "code": "game:glass-*" },
        "S": { "type": "block", "code": "game:shelf-*", "quantity": 3 },
        "C": { "type": "block", "code": "game:rockpolished-*", "quantity": 2 }
      },
      "width": 3,
      "height": 3,
      "recipeGroup": 1,
      "output": { "type": "block", "code": "coolingcabinet-{wood}-east" }
    },
		"condition": { "when": "FoodShelves.EnableVariants", "isValue": "true" }
  }
]