[
  {
    "op": "replace",
    "path": "/variantgroups/1",
    "value": {
      "code": "stage",
      "states": [ "1", "2", "3", "4", "5", "6", "7", "8", "9", "10", "11" ]
    },
    "file": "game:blocktypes/plant/crop/carrot.json",
    "side": "Server"
  },
  {
    "op": "replace",
    "path": "/shapeByType",
    "value": {
      "*-1": { "base": "block/plant/crop/carrot/stage1to4" },
      "*-2": { "base": "block/plant/crop/carrot/stage1to4" },
      "*-3": { "base": "block/plant/crop/carrot/stage1to4" },
      "*-4": { "base": "block/plant/crop/carrot/stage1to4" },
      "*-5": { "base": "block/plant/crop/carrot/stage1to4" },
      "*-6": { "base": "artofgrowing:block/crop/carrot/wild/stage6" },
      "*": { "base": "artofgrowing:block/crop/carrot/wild/stage7" }
    },
    "file": "game:blocktypes/plant/crop/carrot.json",
    "side": "Server"
  },
  {
    "op": "remove",
    "path": "/textures",
    "file": "game:blocktypes/plant/crop/carrot.json",
    "side": "Server"
  },
  {
    "op": "add",
    "path": "/texturesByType",
    "value": {
      "*-11": {
        "bulb": { "base": "game:item/resource/rot/rot-solids" },
        "s": { "base": "game:block/plant/crop/carrot/s{stage}" },
        "e": { "base": "game:block/plant/crop/carrot/e{stage}" }
      },
      "*": {
        "bulb": { "base": "game:block/plant/crop/carrot/bulb" },
        "s": { "base": "game:block/plant/crop/carrot/s{stage}" },
        "e": { "base": "game:block/plant/crop/carrot/e{stage}" }
      }
    },
    "file": "game:blocktypes/plant/crop/carrot.json",
    "side": "Server"
  },
  {
    "op": "replace",
    "path": "/attributes/butterflyFeedByType",
    "value": {
      "*-9": true,
      "*-10": true,
      "*": false
    },
    "file": "game:blocktypes/plant/crop/carrot.json",
    "side": "Server"
  },
  {
    "op": "replace",
    "path": "/attributes/beeFeedByType",
    "value": {
      "*-9": true,
      "*-10": true,
      "*": false
    },
    "file": "game:blocktypes/plant/crop/carrot.json",
    "side": "Server"
  },
  {
    "op": "replace",
    "path": "/dropsByType",
    "value": {
      "*-6": [
        {
          "type": "item",
          "code": "artofgrowing:vegetable-wild-carrot",          
          "quantity": {
            "avg": 3,
            "var": 1
          }
        },
        {
          "type": "item",
          "code": "drygrass",
          "quantity": { "avg": 0.7 }
        }
      ],
      "*-7": [
        {
          "type": "item",
          "code": "artofgrowing:vegetable-wild-carrot",          
          "quantity": {
            "avg": 11,
            "var": 2
          }
        },
        {
          "type": "item",
          "code": "drygrass",
          "quantity": { "avg": 0.7 }
        }
      ],
      "*-8": [
        {
          "type": "item",
          "code": "artofgrowing:vegetable-wild-carrot",          
          "quantity": {
            "avg": 9,
            "var": 2
          }
        },
        {
          "type": "item",
          "code": "drygrass",
          "quantity": { "avg": 0.7 }
        }
      ],
      "*-9": [
        {
          "type": "item",
          "code": "artofgrowing:vegetable-wild-carrot",          
          "quantity": {
            "avg": 7,
            "var": 2
          }
        },
        {
          "type": "item",
          "code": "drygrass",
          "quantity": { "avg": 0.7 }
        }
      ],
      "*-10": [
        {
          "type": "item",
          "code": "artofgrowing:vegetable-wild-carrot",          
          "quantity": {
            "avg": 5,
            "var": 2
          }
        },
        {
          "type": "item",
          "code": "drygrass",
          "quantity": { "avg": 0.7 }
        }
      ],
      "*-11": [
        {
          "type": "item",
          "code": "artofgrowing:seeds-wild-{type}",
          "quantity": { "avg": 1.2 }
        },
        {
          "type": "item",
          "code": "artofgrowing:seeds-small-{type}",
          "quantity": { "avg": 0.3 }
        },
        {
          "type": "item",
          "code": "rot",
          "quantity": { "avg": 1 }
        },
        {
          "type": "item",
          "code": "drygrass",
          "quantity": { "avg": 0.7 }
        }
      ],
      "*": [
        {
          "type": "item",
          "code": "drygrass",
          "quantity": { "avg": 0.7 }
        }
      ]
    },
    "file": "game:blocktypes/plant/crop/carrot.json",
    "side": "Server"
  },
  {
    "op": "replace",
    "path": "/cropProps/growthStages",
    "value": 11,
    "file": "game:blocktypes/plant/crop/carrot.json",
    "side": "Server"
  },
  {
    "op": "replace",
    "path": "/cropProps/totalGrowthMonths",
    "value": 1.2,
    "file": "game:blocktypes/plant/crop/carrot.json",
    "side": "Server"
  }
]