[
  {
    "op": "replace",
    "path": "/textures",
    "value": {
      "all": { "base": "artofgrowing:block/plant/crop/soybean/wild/normal{stage}" }
    },
    "file": "game:blocktypes/plant/crop/soybean.json",
    "side": "Server"
  },
  {
    "op": "replace",
    "path": "/dropsByType",
    "value": {
      "*-11": [
        {
          "type": "item",
          "code": "artofgrowing:grainbundle-soybean-wild",
          "quantity": {
            "avg": 2,
            "var": 1
          }
        },
        {
          "type": "item",
          "code": "artofgrowing:grainbundle-soybean-small",
          "quantity": { "avg": 0.3 }
        }
      ],
      "*-10": [
        {
          "type": "item",
          "code": "artofgrowing:grainbundle-soybean-wild",
          "quantity": {
            "avg": 1,
            "var": 0.5
          }
        },
        {
          "type": "item",
          "code": "artofgrowing:grainbundle-soybean-small",
          "quantity": { "avg": 0.3 }
        }
      ],
      "*": [
        {
          "type": "item",
          "code": "drygrass",
          "quantity": { "avg": 0.7 }
        }
      ]
    },
    "file": "game:blocktypes/plant/crop/soybean.json",
    "side": "Server"
  },
  {
    "op": "replace",
    "path": "/cropProps/totalGrowthMonths",
    "value": 0.45,
    "file": "game:blocktypes/plant/crop/soybean.json",
    "side": "Server"
  }
]