[
  {
    "op": "remove",
    "path": "/shape",
    "file": "game:blocktypes/plant/crop/sunflower.json",
    "side": "Server"
  },
  {
    "op": "add",
    "path": "/shapeByType",
    "value": {
      "*-1": { "base": "block/plant/crop/sunflower/stage{stage}" },
      "*-2": { "base": "block/plant/crop/sunflower/stage{stage}" },
      "*-3": { "base": "block/plant/crop/sunflower/stage{stage}" },
      "*-4": { "base": "block/plant/crop/sunflower/stage{stage}" },
      "*": { "base": "artofgrowing:block/crop/sunflower/wild/stage{stage}" }
    },
    "file": "game:blocktypes/plant/crop/sunflower.json",
    "side": "Server"
  },
  {
    "op": "replace",
    "path": "/dropsByType",
    "value": {
      "*-12": [
        {
          "type": "item",
          "code": "artofgrowing:grainbundle-sunflower-wild",
          "quantity": {
            "avg": 4,
            "var": 1
          }
        },
        {
          "type": "item",
          "code": "artofgrowing:grainbundle-sunflower-small",
          "quantity": { "avg": 0.3 }
        }
      ],
      "*": [
        {
          "type": "item",
          "code": "thatch",
          "quantity": {
            "avg": 2,
            "var": 2
          }
        }
      ]
    },
    "file": "game:blocktypes/plant/crop/sunflower.json",
    "side": "Server"
  },
  {
    "op": "replace",
    "path": "/cropProps/totalGrowthMonths",
    "value": 0.85,
    "file": "game:blocktypes/plant/crop/sunflower.json",
    "side": "Server"
  }
]