[
  {
    "op": "addmerge",
    "path": "/attributes/meathookable",
    "value": true,
    "file": "alchemy:itemtypes/flowercutting.json",
    "side": "server",
    dependsOn: [{ "modid": "alchemy" }]
  },
  {
    "op": "addmerge",
    "path": "/attributes/meatHookTransform",
    "value": {
      "translation": {
        "x": -0.01,
        "y": -1.15,
        "z": -0.05
      },
      "rotation": {
        "x": 0,
        "y": 0,
        "z": 0
      },
      "origin": {
        "x": 0,
        "y": 0,
        "z": 0
      },
      "scale": 1
    },
    "file": "alchemy:itemtypes/flowercutting.json",
    "side": "server",
    dependsOn: [{ "modid": "alchemy" }]
  },
]