{
	"editor": {
		"allAngles": true,
		"entityTextureMode": false
	},
	"textureWidth": 16,
	"textureHeight": 16,
	"textureSizes": {
	},
	"textures": {
		"normal7-12": "game:block/plant/crop/sunflower/normal7-12"
	},
	"elements": [
		{
			"name": "origin",
			"from": [ 8.0, 0.0, 8.0 ],
			"to": [ 8.0, 0.0, 8.0 ],
			"rotationOrigin": [ 8.0, 0.0, 8.0 ],
			"faces": {
			},
			"children": [
				{
					"name": "stemdown",
					"from": [ -4.5, -0.1, -4.5 ],
					"to": [ -3.5, 13.9, -3.5 ],
					"rotationOrigin": [ -4.0, -0.1, -4.0 ],
					"rotationY": -45.0,
					"faces": {
						"north": { "texture": "#normal7-12", "uv": [ 3.0, 0.0, 4.0, 14.0 ], "windMode": [0,4,4,0] },
						"east": { "texture": "#normal7-12", "uv": [ 2.0, 0.0, 3.0, 14.0 ], "windMode": [0,4,4,0] },
						"south": { "texture": "#normal7-12", "uv": [ 3.0, 0.0, 4.0, 14.0 ], "windMode": [0,0,4,4] },
						"west": { "texture": "#normal7-12", "uv": [ 2.0, 0.0, 3.0, 14.0 ], "windMode": [0,0,4,4] },
						"down": { "texture": "#normal7-12", "uv": [ 2.5, 14.5, 3.5, 15.5 ], "windMode": [0,0,0,0] }
					},
					"children": [
						{
							"name": "stemup",
							"from": [ 0.0, 14.0, 0.0 ],
							"to": [ 1.0, 21.0, 1.0 ],
							"rotationOrigin": [ 0.5, 14.0, 0.5 ],
							"rotationZ": 22.0,
							"faces": {
								"north": { "texture": "#normal7-12", "uv": [ 2.0, 0.0, 3.0, 7.0 ], "rotation": 180, "windMode": [4,4,4,4], "windData": [0,1,1,0] },
								"east": { "texture": "#normal7-12", "uv": [ 2.0, 0.0, 3.0, 7.0 ], "rotation": 180, "windMode": [4,4,4,4], "windData": [0,1,1,0] },
								"south": { "texture": "#normal7-12", "uv": [ 3.0, 0.0, 4.0, 7.0 ], "rotation": 180, "windMode": [4,4,4,4], "windData": [0,0,1,1] },
								"west": { "texture": "#normal7-12", "uv": [ 2.0, 0.0, 3.0, 7.0 ], "rotation": 180, "windMode": [4,4,4,4], "windData": [0,0,1,1] },
								"up": { "texture": "#normal7-12", "uv": [ 2.5, 5.5, 3.5, 6.5 ], "windMode": [4,4,4,4], "windData": [1,1,1,1] }
							},
							"children": [
								{
									"name": "stemtop1",
									"from": [ 0.1, 7.0, -0.1 ],
									"to": [ 1.1, 11.0, 0.9 ],
									"rotationOrigin": [ 0.6, 7.0, 0.4 ],
									"rotationZ": 36.0,
									"faces": {
										"north": { "texture": "#normal7-12", "uv": [ 2.0, 6.5, 3.0, 10.5 ], "windMode": [4,4,4,4], "windData": [1,1,1,1] },
										"east": { "texture": "#normal7-12", "uv": [ 2.0, 1.5, 3.0, 5.5 ], "windMode": [4,4,4,4], "windData": [1,1,1,1] },
										"south": { "texture": "#normal7-12", "uv": [ 2.0, 6.5, 3.0, 10.5 ], "windMode": [4,4,4,4], "windData": [1,1,1,1] },
										"west": { "texture": "#normal7-12", "uv": [ 3.0, 7.5, 4.0, 11.5 ], "windMode": [4,4,4,4], "windData": [1,1,1,1] },
										"down": { "texture": "#normal7-12", "uv": [ 2.5, 4.5, 3.5, 5.5 ], "windMode": [4,4,4,4], "windData": [1,1,1,1] }
									},
									"children": [
										{
											"name": "head",
											"from": [ -0.91, 3.53, -1.25 ],
											"to": [ 2.59, 4.53, 2.25 ],
											"rotationOrigin": [ 0.7916, 3.5305, 0.5 ],
											"rotationX": 61.0,
											"rotationY": -46.642,
											"rotationZ": 36.0,
											"faces": {
												"north": { "texture": "#normal7-12", "uv": [ 9.0, 0.0, 10.0, 3.5 ], "rotation": 270, "windMode": [4,4,4,4], "windData": [1,1,1,1] },
												"east": { "texture": "#normal7-12", "uv": [ 9.0, 0.0, 10.0, 3.5 ], "rotation": 270, "windMode": [4,4,4,4], "windData": [1,1,1,1] },
												"south": { "texture": "#normal7-12", "uv": [ 9.0, 0.0, 10.0, 3.5 ], "rotation": 270, "windMode": [4,4,4,4], "windData": [1,1,1,1] },
												"west": { "texture": "#normal7-12", "uv": [ 9.0, 0.0, 10.0, 3.5 ], "rotation": 270, "windMode": [4,4,4,4], "windData": [1,1,1,1] },
												"up": { "texture": "#normal7-12", "uv": [ 10.0, 0.0, 13.5, 3.5 ], "windMode": [4,4,4,4], "windData": [1,1,1,1] },
												"down": { "texture": "#normal7-12", "uv": [ 10.5, 4.5, 14.0, 8.0 ], "windMode": [4,4,4,4], "windData": [1,1,1,1] }
											},
											"children": [
												{
													"name": "flowerN",
													"from": [ 0.0, 1.0, -1.5 ],
													"to": [ 3.5, 1.0, 0.0 ],
													"rotationOrigin": [ 2.0, 1.0, 0.0 ],
													"rotationX": 9.0,
													"faces": {
														"up": { "texture": "#normal7-12", "uv": [ 14.0, 5.0, 15.5, 8.5 ], "rotation": 270, "windMode": [4,4,4,4], "windData": [1,1,1,1] }
													}
												},
												{
													"name": "flowerS",
													"from": [ 0.0, 1.0, 3.5 ],
													"to": [ 3.5, 1.0, 5.0 ],
													"rotationOrigin": [ 2.0, 1.0, 3.5 ],
													"rotationX": -9.0,
													"faces": {
														"up": { "texture": "#normal7-12", "uv": [ 14.0, 5.0, 15.5, 8.5 ], "rotation": 90, "windMode": [4,4,4,4], "windData": [1,1,1,1] }
													}
												},
												{
													"name": "flowerW",
													"from": [ -1.5, 1.0, 0.0 ],
													"to": [ 0.0, 1.0, 3.5 ],
													"rotationOrigin": [ 0.0, 1.0, 2.0 ],
													"rotationZ": -9.0,
													"faces": {
														"up": { "texture": "#normal7-12", "uv": [ 14.0, 5.0, 15.5, 8.5 ], "rotation": 180, "windMode": [4,4,4,4], "windData": [1,1,1,1] }
													}
												},
												{
													"name": "flowerE",
													"from": [ 3.5, 1.0, 0.0 ],
													"to": [ 3.5, 2.5, 3.5 ],
													"rotationOrigin": [ 3.5, 1.0, 2.0 ],
													"rotationZ": -81.0,
													"faces": {
														"west": { "texture": "#normal7-12", "uv": [ 14.0, 5.0, 15.5, 8.5 ], "rotation": 270, "windMode": [4,4,4,4], "windData": [1,1,1,1] }
													}
												}
											]
										}
									]
								}
							]
						},
						{
							"name": "Leaf1",
							"from": [ -2.5, 11.0, -5.5 ],
							"to": [ 3.0, 11.0, 0.0 ],
							"rotationOrigin": [ 0.5, 11.0, 0.5 ],
							"rotationX": -66.0,
							"faces": {
								"up": { "texture": "#normal7-12", "uv": [ 4.5, 8.5, 10.0, 14.0 ], "windMode": [1,4,4,1] }
							}
						},
						{
							"name": "Leaf2",
							"from": [ -3.5, 17.0, -5.5 ],
							"to": [ 2.0, 17.0, 0.0 ],
							"rotationOrigin": [ -0.5, 17.0, 0.5 ],
							"rotationX": -69.0,
							"rotationY": 25.0,
							"rotationZ": 6.0,
							"faces": {
								"up": { "texture": "#normal7-12", "uv": [ 4.5, 8.5, 10.0, 14.0 ], "windMode": [1,4,4,1], "windData": [0,1,0,0] }
							}
						},
						{
							"name": "Leaf3",
							"from": [ -2.5, 7.0, -5.5 ],
							"to": [ 3.0, 7.0, 0.0 ],
							"rotationOrigin": [ 0.5, 7.0, 0.5 ],
							"rotationX": 72.0,
							"rotationY": -157.5,
							"faces": {
								"up": { "texture": "#normal7-12", "uv": [ 4.5, 8.5, 10.0, 14.0 ], "windMode": [1,4,4,1] }
							}
						},
						{
							"name": "Leaf4",
							"from": [ -5.5, 21.0, -5.5 ],
							"to": [ 0.0, 21.0, 0.0 ],
							"rotationOrigin": [ -2.5, 21.0, 0.5 ],
							"rotationX": 66.0,
							"rotationY": 172.0,
							"rotationZ": -22.5,
							"faces": {
								"up": { "texture": "#normal7-12", "uv": [ 4.5, 8.5, 10.0, 14.0 ], "windMode": [1,4,4,1], "windData": [0,1,1,0] }
							}
						},
						{
							"name": "Leaf5",
							"from": [ -2.5, 15.0, -5.5 ],
							"to": [ 3.0, 15.0, 0.0 ],
							"rotationOrigin": [ 0.5, 15.0, 0.5 ],
							"rotationX": 75.0,
							"rotationY": -163.0,
							"rotationZ": 30.0,
							"faces": {
								"up": { "texture": "#normal7-12", "uv": [ 4.5, 8.5, 10.0, 14.0 ], "windMode": [1,4,4,1] }
							}
						},
						{
							"name": "Leaf6",
							"from": [ -4.9, 21.0, -5.5 ],
							"to": [ 0.6, 21.0, 0.0 ],
							"rotationOrigin": [ -1.9, 21.0, 0.5 ],
							"rotationX": -100.0,
							"rotationY": -28.0,
							"rotationZ": -66.0,
							"faces": {
								"up": { "texture": "#normal7-12", "uv": [ 4.5, 8.5, 10.0, 14.0 ], "windMode": [1,4,4,1], "windData": [0,1,1,1] }
							}
						}
					]
				},
				{
					"name": "stemdown15",
					"from": [ 4.5, -0.3, -4.5 ],
					"to": [ 5.5, 13.7, -3.5 ],
					"rotationOrigin": [ 5.0, -0.3, -4.0 ],
					"rotationX": 1.0,
					"rotationY": -42.0,
					"faces": {
						"north": { "texture": "#normal7-12", "uv": [ 2.0, 0.0, 3.0, 14.0 ], "windMode": [0,4,4,0] },
						"east": { "texture": "#normal7-12", "uv": [ 3.0, 0.0, 4.0, 14.0 ], "windMode": [0,4,4,0] },
						"south": { "texture": "#normal7-12", "uv": [ 3.0, 0.0, 4.0, 14.0 ], "windMode": [0,0,4,4] },
						"west": { "texture": "#normal7-12", "uv": [ 2.0, 0.0, 3.0, 14.0 ], "windMode": [0,0,4,4] },
						"down": { "texture": "#normal7-12", "uv": [ 2.0, 14.5, 3.0, 15.5 ], "windMode": [0,0,0,0] }
					},
					"children": [
						{
							"name": "stemup16",
							"from": [ 0.0, 14.0, 0.0 ],
							"to": [ 1.0, 23.0, 1.0 ],
							"rotationOrigin": [ 0.5, 14.0, 0.5 ],
							"rotationZ": 9.0,
							"faces": {
								"north": { "texture": "#normal7-12", "uv": [ 2.0, 0.0, 3.0, 9.0 ], "rotation": 180, "windMode": [4,4,4,4], "windData": [0,1,1,0] },
								"east": { "texture": "#normal7-12", "uv": [ 3.0, 0.0, 4.0, 9.0 ], "rotation": 180, "windMode": [4,4,4,4], "windData": [0,1,1,0] },
								"south": { "texture": "#normal7-12", "uv": [ 3.0, 0.0, 4.0, 9.0 ], "rotation": 180, "windMode": [4,4,4,4], "windData": [0,0,1,1] },
								"west": { "texture": "#normal7-12", "uv": [ 3.0, 0.0, 4.0, 9.0 ], "rotation": 180, "windMode": [4,4,4,4], "windData": [0,0,1,1] },
								"up": { "texture": "#normal7-12", "uv": [ 3.0, 3.0, 4.0, 4.0 ], "windMode": [4,4,4,4], "windData": [1,1,1,1] }
							},
							"children": [
								{
									"name": "head17",
									"from": [ -2.9, 11.3, -1.25 ],
									"to": [ 0.6, 12.3, 2.25 ],
									"rotationOrigin": [ -1.2, 11.3, 0.5 ],
									"rotationX": 75.0,
									"rotationY": -45.0,
									"rotationZ": 125.0,
									"faces": {
										"north": { "texture": "#normal7-12", "uv": [ 9.0, 0.0, 10.0, 3.5 ], "rotation": 270, "windMode": [4,4,4,4], "windData": [1,1,1,1] },
										"east": { "texture": "#normal7-12", "uv": [ 9.0, 0.0, 10.0, 3.5 ], "rotation": 270, "windMode": [4,4,4,4], "windData": [1,1,1,1] },
										"south": { "texture": "#normal7-12", "uv": [ 9.0, 0.0, 10.0, 3.5 ], "rotation": 270, "windMode": [4,4,4,4], "windData": [1,1,1,1] },
										"west": { "texture": "#normal7-12", "uv": [ 9.0, 0.0, 10.0, 3.5 ], "rotation": 270, "windMode": [4,4,4,4], "windData": [1,1,1,1] },
										"up": { "texture": "#normal7-12", "uv": [ 10.0, 0.0, 13.5, 3.5 ], "windMode": [4,4,4,4], "windData": [1,1,1,1] },
										"down": { "texture": "#normal7-12", "uv": [ 10.5, 4.5, 14.0, 8.0 ], "windMode": [4,4,4,4], "windData": [1,1,1,1] }
									},
									"children": [
										{
											"name": "flowerN18",
											"from": [ 0.0, 1.0, -1.5 ],
											"to": [ 3.5, 1.0, 0.0 ],
											"rotationOrigin": [ 2.0, 1.0, 0.0 ],
											"rotationX": 9.0,
											"faces": {
												"up": { "texture": "#normal7-12", "uv": [ 14.0, 5.0, 15.5, 8.5 ], "rotation": 270, "windMode": [4,4,4,4], "windData": [1,1,1,1] }
											}
										},
										{
											"name": "flowerS19",
											"from": [ 0.0, 1.0, 3.5 ],
											"to": [ 3.5, 1.0, 5.0 ],
											"rotationOrigin": [ 2.0, 1.0, 3.5 ],
											"rotationX": -9.0,
											"faces": {
												"up": { "texture": "#normal7-12", "uv": [ 14.0, 5.0, 15.5, 8.5 ], "rotation": 90, "windMode": [4,4,4,4], "windData": [1,1,1,1] }
											}
										},
										{
											"name": "flowerW20",
											"from": [ -1.5, 1.0, 0.0 ],
											"to": [ 0.0, 1.0, 3.5 ],
											"rotationOrigin": [ 0.0, 1.0, 2.0 ],
											"rotationZ": -9.0,
											"faces": {
												"up": { "texture": "#normal7-12", "uv": [ 14.0, 5.0, 15.5, 8.5 ], "rotation": 180, "windMode": [4,4,4,4], "windData": [1,1,1,1] }
											}
										},
										{
											"name": "flowerE21",
											"from": [ 3.5, 1.0, 0.0 ],
											"to": [ 3.5, 2.5, 3.5 ],
											"rotationOrigin": [ 3.5, 1.0, 2.0 ],
											"rotationZ": -81.0,
											"faces": {
												"west": { "texture": "#normal7-12", "uv": [ 14.0, 5.0, 15.5, 8.5 ], "rotation": 270, "windMode": [4,4,4,4], "windData": [1,1,1,1] }
											}
										}
									]
								},
								{
									"name": "stemtop4",
									"from": [ 0.0, 9.0, 0.0 ],
									"to": [ 1.0, 12.0, 1.0 ],
									"rotationOrigin": [ 0.5, 9.0, 0.5 ],
									"rotationZ": 36.0,
									"faces": {
										"north": { "texture": "#normal7-12", "uv": [ 2.5, 5.0, 3.5, 8.0 ], "windMode": [4,4,4,4], "windData": [1,1,1,1] },
										"east": { "texture": "#normal7-12", "uv": [ 2.0, 5.5, 3.0, 8.5 ], "windMode": [4,4,4,4], "windData": [1,1,1,1] },
										"south": { "texture": "#normal7-12", "uv": [ 2.0, 6.0, 3.0, 9.0 ], "windMode": [4,4,4,4], "windData": [1,1,1,1] },
										"west": { "texture": "#normal7-12", "uv": [ 2.0, 1.5, 3.0, 4.5 ], "windMode": [4,4,4,4], "windData": [1,1,1,1] },
										"down": { "texture": "#normal7-12", "uv": [ 2.5, 2.0, 3.5, 3.0 ], "windMode": [4,4,4,4], "windData": [1,1,1,1] }
									}
								}
							]
						},
						{
							"name": "Leaf22",
							"from": [ -2.5, 12.0, -5.5 ],
							"to": [ 3.0, 12.0, 0.0 ],
							"rotationOrigin": [ 0.5, 12.0, 0.5 ],
							"rotationX": -72.0,
							"rotationZ": -6.0,
							"faces": {
								"up": { "texture": "#normal7-12", "uv": [ 4.5, 8.5, 10.0, 14.0 ], "windMode": [1,4,4,1] }
							}
						},
						{
							"name": "Leaf23",
							"from": [ -2.5, 18.0, -5.5 ],
							"to": [ 3.0, 18.0, 0.0 ],
							"rotationOrigin": [ 0.5, 18.0, 0.5 ],
							"rotationX": -58.0,
							"rotationY": 17.0,
							"rotationZ": 47.0,
							"faces": {
								"up": { "texture": "#normal7-12", "uv": [ 4.5, 8.5, 10.0, 14.0 ], "windMode": [1,4,4,1], "windData": [0,1,1,0] }
							}
						},
						{
							"name": "Leaf24",
							"from": [ -2.5, 10.0, -5.5 ],
							"to": [ 3.0, 10.0, 0.0 ],
							"rotationOrigin": [ 0.5, 10.0, 0.5 ],
							"rotationX": 61.0,
							"rotationY": -180.0,
							"faces": {
								"up": { "texture": "#normal7-12", "uv": [ 4.5, 8.5, 10.0, 14.0 ], "windMode": [1,4,4,1] }
							}
						},
						{
							"name": "Leaf25",
							"from": [ -2.5, 20.0, -5.5 ],
							"to": [ 3.0, 20.0, 0.0 ],
							"rotationOrigin": [ 0.5, 20.0, 0.5 ],
							"rotationX": 61.0,
							"rotationY": 161.0,
							"faces": {
								"up": { "texture": "#normal7-12", "uv": [ 4.5, 8.5, 10.0, 14.0 ], "windMode": [1,4,4,1], "windData": [0,1,1,0] }
							}
						},
						{
							"name": "Leaf26",
							"from": [ -2.5, 16.0, -5.5 ],
							"to": [ 3.0, 16.0, 0.0 ],
							"rotationOrigin": [ 0.5, 16.0, 0.5 ],
							"rotationX": 69.0,
							"rotationY": -169.0,
							"rotationZ": 28.0,
							"faces": {
								"up": { "texture": "#normal7-12", "uv": [ 4.5, 8.5, 10.0, 14.0 ], "windMode": [1,4,4,1] }
							}
						},
						{
							"name": "Leaf27",
							"from": [ -3.8, 24.0, -5.5 ],
							"to": [ 1.7, 24.0, 0.0 ],
							"rotationOrigin": [ -0.8, 24.0, 0.5 ],
							"rotationX": -75.0,
							"rotationY": -19.0,
							"rotationZ": -72.0,
							"faces": {
								"up": { "texture": "#normal7-12", "uv": [ 4.5, 8.5, 10.0, 14.0 ], "windMode": [1,4,4,1], "windData": [1,1,1,1] }
							}
						}
					]
				},
				{
					"name": "stemdown28",
					"from": [ 4.5, -0.3, 4.5 ],
					"to": [ 5.5, 14.7, 5.5 ],
					"rotationOrigin": [ 5.0, -0.3, 5.0 ],
					"rotationX": -3.0,
					"rotationY": -39.0,
					"rotationZ": -2.0,
					"faces": {
						"north": { "texture": "#normal7-12", "uv": [ 3.0, 1.0, 4.0, 16.0 ], "windMode": [0,4,4,0] },
						"east": { "texture": "#normal7-12", "uv": [ 2.0, 1.0, 3.0, 16.0 ], "windMode": [0,4,4,0] },
						"south": { "texture": "#normal7-12", "uv": [ 2.0, 1.0, 3.0, 16.0 ], "windMode": [0,0,4,4] },
						"west": { "texture": "#normal7-12", "uv": [ 3.0, 1.0, 4.0, 16.0 ], "windMode": [0,0,4,4] },
						"down": { "texture": "#normal7-12", "uv": [ 3.5, 14.5, 4.5, 15.5 ], "windMode": [0,0,0,0] }
					},
					"children": [
						{
							"name": "stemup29",
							"from": [ 0.0, 15.0, 0.0 ],
							"to": [ 1.0, 25.0, 1.0 ],
							"rotationOrigin": [ 0.5, 15.0, 0.5 ],
							"rotationZ": -9.0,
							"faces": {
								"north": { "texture": "#normal7-12", "uv": [ 2.0, 0.0, 3.0, 10.0 ], "rotation": 180, "windMode": [4,4,4,4], "windData": [0,1,1,0] },
								"east": { "texture": "#normal7-12", "uv": [ 3.0, 0.0, 4.0, 10.0 ], "rotation": 180, "windMode": [4,4,4,4], "windData": [0,1,1,0] },
								"south": { "texture": "#normal7-12", "uv": [ 3.0, 0.0, 4.0, 10.0 ], "rotation": 180, "windMode": [4,4,4,4], "windData": [0,0,1,1] },
								"west": { "texture": "#normal7-12", "uv": [ 3.0, 0.0, 4.0, 10.0 ], "rotation": 180, "windMode": [4,4,4,4], "windData": [0,0,1,1] },
								"up": { "texture": "#normal7-12", "uv": [ 3.5, 1.5, 4.5, 2.5 ], "windMode": [4,4,4,4], "windData": [1,1,1,1] }
							},
							"children": [
								{
									"name": "head30",
									"from": [ 0.75, 12.6, -1.25 ],
									"to": [ 4.25, 13.6, 2.25 ],
									"rotationOrigin": [ 2.5, 12.6, 0.5 ],
									"rotationX": 11.0,
									"rotationY": -28.0,
									"rotationZ": -102.0,
									"faces": {
										"north": { "texture": "#normal7-12", "uv": [ 9.0, 0.0, 10.0, 3.5 ], "rotation": 270, "windMode": [4,4,4,4], "windData": [1,1,1,1] },
										"east": { "texture": "#normal7-12", "uv": [ 9.0, 0.0, 10.0, 3.5 ], "rotation": 270, "windMode": [4,4,4,4], "windData": [1,1,1,1] },
										"south": { "texture": "#normal7-12", "uv": [ 9.0, 0.0, 10.0, 3.5 ], "rotation": 270, "windMode": [4,4,4,4], "windData": [1,1,1,1] },
										"west": { "texture": "#normal7-12", "uv": [ 9.0, 0.0, 10.0, 3.5 ], "rotation": 270, "windMode": [4,4,4,4], "windData": [1,1,1,1] },
										"up": { "texture": "#normal7-12", "uv": [ 10.0, 0.0, 13.5, 3.5 ], "windMode": [4,4,4,4], "windData": [1,1,1,1] },
										"down": { "texture": "#normal7-12", "uv": [ 10.5, 4.5, 14.0, 8.0 ], "windMode": [4,4,4,4], "windData": [1,1,1,1] }
									},
									"children": [
										{
											"name": "flowerN31",
											"from": [ 0.0, 1.0, -1.5 ],
											"to": [ 3.5, 1.0, 0.0 ],
											"rotationOrigin": [ 2.0, 1.0, 0.0 ],
											"rotationX": 9.0,
											"faces": {
												"up": { "texture": "#normal7-12", "uv": [ 14.0, 5.0, 15.5, 8.5 ], "rotation": 270, "windMode": [4,4,4,4], "windData": [1,1,1,1] }
											}
										},
										{
											"name": "flowerS32",
											"from": [ 0.0, 1.0, 3.5 ],
											"to": [ 3.5, 1.0, 5.0 ],
											"rotationOrigin": [ 2.0, 1.0, 3.5 ],
											"rotationX": -9.0,
											"faces": {
												"up": { "texture": "#normal7-12", "uv": [ 14.0, 5.0, 15.5, 8.5 ], "rotation": 90, "windMode": [4,4,4,4], "windData": [1,1,1,1] }
											}
										},
										{
											"name": "flowerW33",
											"from": [ -1.5, 1.0, 0.0 ],
											"to": [ 0.0, 1.0, 3.5 ],
											"rotationOrigin": [ 0.0, 1.0, 2.0 ],
											"rotationZ": -9.0,
											"faces": {
												"up": { "texture": "#normal7-12", "uv": [ 14.0, 5.0, 15.5, 8.5 ], "rotation": 180, "windMode": [4,4,4,4], "windData": [1,1,1,1] }
											}
										},
										{
											"name": "flowerE34",
											"from": [ 3.5, 1.0, 0.0 ],
											"to": [ 3.5, 2.5, 3.5 ],
											"rotationOrigin": [ 3.5, 1.0, 2.0 ],
											"rotationZ": -81.0,
											"faces": {
												"west": { "texture": "#normal7-12", "uv": [ 14.0, 5.0, 15.5, 8.5 ], "rotation": 270, "windMode": [4,4,4,4], "windData": [1,1,1,1] }
											}
										}
									]
								},
								{
									"name": "stemtop3",
									"from": [ -0.1, 9.7, -0.1 ],
									"to": [ 0.9, 13.7, 0.9 ],
									"rotationOrigin": [ 0.4, 9.7, 0.4 ],
									"rotationZ": -36.0,
									"faces": {
										"north": { "texture": "#normal7-12", "uv": [ 2.5, 6.0, 3.5, 10.0 ], "windMode": [4,4,4,4], "windData": [1,1,1,1] },
										"east": { "texture": "#normal7-12", "uv": [ 3.0, 5.0, 4.0, 9.0 ], "windMode": [4,4,4,4], "windData": [1,1,1,1] },
										"south": { "texture": "#normal7-12", "uv": [ 3.0, 4.0, 4.0, 8.0 ], "windMode": [4,4,4,4], "windData": [1,1,1,1] },
										"west": { "texture": "#normal7-12", "uv": [ 3.0, 2.5, 4.0, 6.5 ], "windMode": [4,4,4,4], "windData": [1,1,1,1] },
										"down": { "texture": "#normal7-12", "uv": [ 3.5, 6.5, 4.5, 7.5 ], "windMode": [4,4,4,4], "windData": [1,1,1,1] }
									}
								}
							]
						},
						{
							"name": "Leaf35",
							"from": [ -2.5, 13.0, -5.5 ],
							"to": [ 3.0, 13.0, 0.0 ],
							"rotationOrigin": [ 0.5, 13.0, 0.5 ],
							"rotationX": -72.0,
							"rotationZ": -8.0,
							"faces": {
								"up": { "texture": "#normal7-12", "uv": [ 4.5, 8.5, 10.0, 14.0 ], "windMode": [1,4,4,1] }
							}
						},
						{
							"name": "Leaf36",
							"from": [ -2.5, 19.0, -5.5 ],
							"to": [ 3.0, 19.0, 0.0 ],
							"rotationOrigin": [ 0.5, 19.0, 0.5 ],
							"rotationX": -72.0,
							"rotationY": 3.0,
							"rotationZ": 22.5,
							"faces": {
								"up": { "texture": "#normal7-12", "uv": [ 4.5, 8.5, 10.0, 14.0 ], "windMode": [1,4,4,1], "windData": [0,1,1,0] }
							}
						},
						{
							"name": "Leaf37",
							"from": [ -2.5, 10.0, -5.5 ],
							"to": [ 3.0, 10.0, 0.0 ],
							"rotationOrigin": [ 0.5, 10.0, 0.5 ],
							"rotationX": 66.0,
							"rotationY": -163.0,
							"faces": {
								"up": { "texture": "#normal7-12", "uv": [ 4.5, 8.5, 10.0, 14.0 ], "windMode": [1,4,4,1] }
							}
						},
						{
							"name": "Leaf38",
							"from": [ -1.5, 23.0, -5.5 ],
							"to": [ 4.0, 23.0, 0.0 ],
							"rotationOrigin": [ 1.5, 23.0, 0.5 ],
							"rotationX": 69.0,
							"rotationY": 166.0,
							"rotationZ": -22.0,
							"faces": {
								"up": { "texture": "#normal7-12", "uv": [ 4.5, 8.5, 10.0, 14.0 ], "windMode": [1,4,4,1], "windData": [1,1,1,1] }
							}
						},
						{
							"name": "Leaf39",
							"from": [ -2.5, 19.0, -5.5 ],
							"to": [ 3.0, 19.0, 0.0 ],
							"rotationOrigin": [ 0.5, 19.0, 0.5 ],
							"rotationX": 83.0,
							"rotationY": -144.0,
							"rotationZ": 36.0,
							"faces": {
								"up": { "texture": "#normal7-12", "uv": [ 4.5, 8.5, 10.0, 14.0 ], "windMode": [1,4,4,1], "windData": [0,1,1,0] }
							}
						},
						{
							"name": "Leaf40",
							"from": [ -0.5, 25.0, -5.5 ],
							"to": [ 5.0, 25.0, 0.0 ],
							"rotationOrigin": [ 2.5, 25.0, 0.5 ],
							"rotationX": -64.0,
							"rotationY": 22.0,
							"rotationZ": 30.0,
							"faces": {
								"up": { "texture": "#normal7-12", "uv": [ 4.5, 8.5, 10.0, 14.0 ], "windMode": [1,4,4,1], "windData": [1,1,1,1] }
							}
						}
					]
				},
				{
					"name": "stemdown41",
					"from": [ -4.5, -0.3, 4.5 ],
					"to": [ -3.5, 14.7, 5.5 ],
					"rotationOrigin": [ -4.0, -0.3, 5.0 ],
					"rotationX": -2.0,
					"rotationY": -30.0,
					"rotationZ": 1.0,
					"faces": {
						"north": { "texture": "#normal7-12", "uv": [ 2.0, 0.0, 3.0, 15.0 ], "windMode": [0,4,4,0] },
						"east": { "texture": "#normal7-12", "uv": [ 3.0, 0.0, 4.0, 15.0 ], "windMode": [0,4,4,0] },
						"south": { "texture": "#normal7-12", "uv": [ 2.0, 0.0, 3.0, 15.0 ], "windMode": [0,0,4,4] },
						"west": { "texture": "#normal7-12", "uv": [ 2.0, 0.0, 3.0, 15.0 ], "windMode": [0,0,4,4] },
						"down": { "texture": "#normal7-12", "uv": [ 1.5, 14.5, 2.5, 15.5 ], "windMode": [0,0,0,0] }
					},
					"children": [
						{
							"name": "stemup42",
							"from": [ 0.0, 15.0, 0.0 ],
							"to": [ 1.0, 24.0, 1.0 ],
							"rotationOrigin": [ 0.5, 15.0, 0.5 ],
							"rotationY": -42.0,
							"rotationZ": 10.0,
							"faces": {
								"north": { "texture": "#normal7-12", "uv": [ 2.0, 0.0, 3.0, 9.0 ], "rotation": 180, "windMode": [4,4,4,4], "windData": [0,1,1,0] },
								"east": { "texture": "#normal7-12", "uv": [ 3.0, 0.0, 4.0, 9.0 ], "rotation": 180, "windMode": [4,4,4,4], "windData": [0,1,1,0] },
								"south": { "texture": "#normal7-12", "uv": [ 3.0, 0.0, 4.0, 9.0 ], "rotation": 180, "windMode": [4,4,4,4], "windData": [0,0,1,1] },
								"west": { "texture": "#normal7-12", "uv": [ 3.0, 0.0, 4.0, 9.0 ], "rotation": 180, "windMode": [4,4,4,4], "windData": [0,0,1,1] },
								"up": { "texture": "#normal7-12", "uv": [ 2.5, 9.0, 3.5, 10.0 ], "windMode": [4,4,4,4], "windData": [1,1,1,1] }
							},
							"children": [
								{
									"name": "stemtop2",
									"from": [ 0.0, 8.8, 0.0 ],
									"to": [ 1.0, 11.8, 1.0 ],
									"rotationOrigin": [ 0.5, 8.8, 0.5 ],
									"rotationX": -36.0,
									"rotationY": 28.0,
									"rotationZ": 42.0,
									"faces": {
										"north": { "texture": "#normal7-12", "uv": [ 3.0, 4.0, 4.0, 7.0 ], "windMode": [4,4,4,4], "windData": [1,1,1,1] },
										"east": { "texture": "#normal7-12", "uv": [ 3.0, 3.5, 4.0, 6.5 ], "windMode": [4,4,4,4], "windData": [1,1,1,1] },
										"south": { "texture": "#normal7-12", "uv": [ 3.0, 2.5, 4.0, 5.5 ], "windMode": [4,4,4,4], "windData": [1,1,1,1] },
										"west": { "texture": "#normal7-12", "uv": [ 2.5, 1.0, 3.5, 4.0 ], "windMode": [4,4,4,4], "windData": [1,1,1,1] },
										"down": { "texture": "#normal7-12", "uv": [ 2.5, 5.5, 3.5, 6.5 ], "windMode": [4,4,4,4], "windData": [1,1,1,1] }
									},
									"children": [
										{
											"name": "head43",
											"from": [ -0.84, 2.85, -0.66 ],
											"to": [ 2.66, 3.85, 2.84 ],
											"rotationOrigin": [ 0.7608, 2.8472, 1.0405 ],
											"rotationX": 31.723,
											"rotationY": -50.116,
											"rotationZ": 69.0,
											"faces": {
												"north": { "texture": "#normal7-12", "uv": [ 9.0, 0.0, 10.0, 3.5 ], "rotation": 270, "windMode": [4,4,4,4], "windData": [1,1,1,1] },
												"east": { "texture": "#normal7-12", "uv": [ 9.0, 0.0, 10.0, 3.5 ], "rotation": 270, "windMode": [4,4,4,4], "windData": [1,1,1,1] },
												"south": { "texture": "#normal7-12", "uv": [ 9.0, 0.0, 10.0, 3.5 ], "rotation": 270, "windMode": [4,4,4,4], "windData": [1,1,1,1] },
												"west": { "texture": "#normal7-12", "uv": [ 9.0, 0.0, 10.0, 3.5 ], "rotation": 270, "windMode": [4,4,4,4], "windData": [1,1,1,1] },
												"up": { "texture": "#normal7-12", "uv": [ 10.0, 0.0, 13.5, 3.5 ], "windMode": [4,4,4,4], "windData": [1,1,1,1] },
												"down": { "texture": "#normal7-12", "uv": [ 10.5, 4.5, 14.0, 8.0 ], "windMode": [4,4,4,4], "windData": [1,1,1,1] }
											},
											"children": [
												{
													"name": "flowerN44",
													"from": [ 0.0, 1.0, -1.5 ],
													"to": [ 3.5, 1.0, 0.0 ],
													"rotationOrigin": [ 2.0, 1.0, 0.0 ],
													"rotationX": 9.0,
													"faces": {
														"up": { "texture": "#normal7-12", "uv": [ 14.0, 5.0, 15.5, 8.5 ], "rotation": 270, "windMode": [4,4,4,4], "windData": [1,1,1,1] }
													}
												},
												{
													"name": "flowerS45",
													"from": [ 0.0, 1.0, 3.5 ],
													"to": [ 3.5, 1.0, 5.0 ],
													"rotationOrigin": [ 2.0, 1.0, 3.5 ],
													"rotationX": -9.0,
													"faces": {
														"up": { "texture": "#normal7-12", "uv": [ 14.0, 5.0, 15.5, 8.5 ], "rotation": 90, "windMode": [4,4,4,4], "windData": [1,1,1,1] }
													}
												},
												{
													"name": "flowerW46",
													"from": [ -1.5, 1.0, 0.0 ],
													"to": [ 0.0, 1.0, 3.5 ],
													"rotationOrigin": [ 0.0, 1.0, 2.0 ],
													"rotationZ": -9.0,
													"faces": {
														"up": { "texture": "#normal7-12", "uv": [ 14.0, 5.0, 15.5, 8.5 ], "rotation": 180, "windMode": [4,4,4,4], "windData": [1,1,1,1] }
													}
												},
												{
													"name": "flowerE47",
													"from": [ 3.5, 1.0, 0.0 ],
													"to": [ 3.5, 2.5, 3.5 ],
													"rotationOrigin": [ 3.5, 1.0, 2.0 ],
													"rotationZ": -81.0,
													"faces": {
														"west": { "texture": "#normal7-12", "uv": [ 14.0, 5.0, 15.5, 8.5 ], "rotation": 270, "windMode": [4,4,4,4], "windData": [1,1,1,1] }
													}
												}
											]
										}
									]
								}
							]
						},
						{
							"name": "Leaf48",
							"from": [ -2.5, 12.0, -5.5 ],
							"to": [ 3.0, 12.0, 0.0 ],
							"rotationOrigin": [ 0.5, 12.0, 0.5 ],
							"rotationX": -78.0,
							"rotationY": -36.0,
							"rotationZ": -14.0,
							"faces": {
								"up": { "texture": "#normal7-12", "uv": [ 4.5, 8.5, 10.0, 14.0 ], "windMode": [1,4,4,1] }
							}
						},
						{
							"name": "Leaf49",
							"from": [ -2.5, 16.0, -5.5 ],
							"to": [ 3.0, 16.0, 0.0 ],
							"rotationOrigin": [ 0.5, 16.0, 0.5 ],
							"rotationX": -64.0,
							"rotationZ": 22.0,
							"faces": {
								"up": { "texture": "#normal7-12", "uv": [ 4.5, 8.5, 10.0, 14.0 ], "windMode": [1,4,4,1] }
							}
						},
						{
							"name": "Leaf50",
							"from": [ -2.5, 9.0, -5.5 ],
							"to": [ 3.0, 9.0, 0.0 ],
							"rotationOrigin": [ 0.5, 9.0, 0.5 ],
							"rotationX": 66.0,
							"rotationY": -180.0,
							"faces": {
								"up": { "texture": "#normal7-12", "uv": [ 4.5, 8.5, 10.0, 14.0 ], "windMode": [1,4,4,1] }
							}
						},
						{
							"name": "Leaf51",
							"from": [ -2.5, 21.0, -5.5 ],
							"to": [ 3.0, 21.0, 0.0 ],
							"rotationOrigin": [ 0.5, 21.0, 0.5 ],
							"rotationX": 72.0,
							"rotationY": 135.0,
							"rotationZ": -28.0,
							"faces": {
								"up": { "texture": "#normal7-12", "uv": [ 4.5, 8.5, 10.0, 14.0 ], "windMode": [1,4,4,1], "windData": [0,1,1,1] }
							}
						},
						{
							"name": "Leaf52",
							"from": [ -2.5, 17.0, -5.5 ],
							"to": [ 3.0, 17.0, 0.0 ],
							"rotationOrigin": [ 0.5, 17.0, 0.5 ],
							"rotationX": 72.0,
							"rotationY": -180.0,
							"rotationZ": -11.0,
							"faces": {
								"up": { "texture": "#normal7-12", "uv": [ 4.5, 8.5, 10.0, 14.0 ], "windMode": [1,4,4,1], "windData": [0,1,0,0] }
							}
						},
						{
							"name": "Leaf53",
							"from": [ -2.5, 23.3, -6.1 ],
							"to": [ 3.0, 23.3, -0.6 ],
							"rotationOrigin": [ 0.5, 24.3, -0.1 ],
							"rotationX": -80.0,
							"rotationY": -23.0,
							"rotationZ": -79.0,
							"faces": {
								"up": { "texture": "#normal7-12", "uv": [ 4.5, 8.5, 10.0, 14.0 ], "windMode": [1,4,4,1], "windData": [1,1,1,1] }
							}
						}
					]
				}
			]
		}
	]}