{
	"code": "trumpet",
	"class": "trumpet",
	"behaviors": [{ 
		"name": "GroundStorable",
		"properties": {
			"layout": "WallHalves",
			"wallOffY": 1,
			"selectionBox": { "x1": 0, "y1": 0, "z1": 0, "x2": 1, "y2": 0.1, "z2": 1 },
			"collisionBox": { "x1": 0, "y1": 0, "z1": 0, "x2": 0, "y2": 0, "z2": 0 }
		}
	}],
	"shape": { "base": "item/trumpet" },
	"attributes": {
		"rackable": true,
		"toolrackTransform": {
			"rotation": {
				"x": -90
			},
			"translation": {
				"z": -0.2
			},
			"scale": 1.25
		},
		"groundStorageTransform": {
			"translation": { "x": -0.04, "y": 0, "z": 0.08 },
			"rotation": { "x": -74, "y": 90, "z": 0 }
		},
		"handbook": {
			"extraSections": [
				{
					"title": "instruments:madefrom-title-brass",
					"text": "instruments:madefrom-brass"
				}
			]
		}
	},
	"creativeinventory": {
		"general": [ "*" ],
		"items": [ "*" ],
		"instruments": [ "*" ]
	},
	"guiTransform": {
		"translation": {
			"x": 0,
			"y": 0,
			"z": 0
		},
		"rotation": {
			"x": 146,
			"y": -45,
			"z": 0
		},
		"origin": {
			"x": 0.4,
			"y": 0.3,
			"z": 0.5
		},
		"scale": 1.8
	},
	"fpHandTransform": {
		"translation": {
			"x": 0.7,
			"y": 0.2,
			"z": 0.2
		},
		"rotation": {
			"x": 43,
			"y": -3,
			"z": 6
		},
		"origin": {
			"x": 1,
			"y": 0.4,
			"z": 0.5
		},
		"scale": 3.4
	},
	"groundTransform": {
		"translation": {
			"x": 0,
			"y": 0,
			"z": 0
		},
		"rotation": {
			"x": 0,
			"y": 0,
			"z": 0
		},
		"origin": {
			"x": 1,
			"y": 0,
			"z": 0.5
		},
		"scale": 4.17
	},
	"tpHandTransform": {
		"translation": {
			"x": -0.65,
			"y": 0.06,
			"z": -0.5
		},
		"rotation": {
			"x": 40,
			"y": 13,
			"z": -115
		},"origin": {
			"x": 0.5,
			"y": 0,
			"z": 0.5
		},
		"scale": 0.8
	},
	"heldTpUseAnimation": "holdbothhands"
}