{
  "code": "royalhorn",
  "class": "soundemittingitem",
  "enabled": true,
  "maxstacksize": 1,
  "creativeinventory": {
    "general": [ "*" ],
    "items": [ "*" ],
    "tools": [ "*" ]
  },
  "shape": {
    "base": "item/royalhorn"
  },
  "attributes": {
    "soundAudibleDistance": 32,
    "soundVolume": 0.6,
    "cooldownTime": 3,
    "rightClickSounds": [
      "item/royalhorn/royalhorn"
    ],
    "handbook": {
      "extraSections": [
        {
          "title": "rpvoicechat:Handbook.Usage.item-royalhorn.Title",
          "text": "rpvoicechat:Handbook.Usage.item-royalhorn.Text"
        }
      ]
    }
  },
  "guiTransform": {
    "translation": {
      "x": 3,
      "y": 16,
      "z": 0
    },
    "rotation": {
      "x": 16,
      "y": -57,
      "z": 0
    },
    "origin": {
      "x": 0,
      "y": 1,
      "z": 0
    },
    "scale": 1.56
  },
  "fpHandTransform": {
    "translation": {
      "x": 0.05,
      "y": 0.5,
      "z": -0.8
    },
    "rotation": {
      "x": -140,
      "y": -75,
      "z": 20
    },
    "scale": 2.5
  },
  "tpHandTransform": {
    "translation": {
      "x": -0.65,
      "y": -0.5,
      "z": -0.915
    },
    "rotation": {
      "x": 90,
      "y": 1,
      "z": 0
    },
    "scale": 1
  }
}