{
  "code": "royalhornhead",
  "enabled": true,
  "maxstacksize": 1,
  "creativeinventory": {
    "general": [ "*" ],
    "items": [ "*" ]
  },
  "shape": {
    "base": "item/royalhornhead"
  },
  "attributes": {
    "handbook": {
      "createdBy": "metalmolding"
    }
  },
  "guiTransform": {
    "rotation": {
      "x": 0,
      "y": 3,
      "z": -15
    },
    "origin": {
      "x": 1.3,
      "y": 0.9,
      "z": 0
    },
    "scale": 1.96
  },
  "fpHandTransform": {
    "translation": {
      "x": 0,
      "y": 0.07,
      "z": 2
    },
    "rotation": {
      "x": 18,
      "y": 93,
      "z": -30
    },
    "origin": {
      "x": 0,
      "y": 0,
      "z": 0
    },
    "scale": 1.64
  }
}