﻿[
  {
    "op": "addmerge",
    "path": "/ingredients/2/validStacks/-",
    "value": {
      "type": "item",
      "code": "wildcraftherb:herb-*",
      "shapeElement": "bowl/vegetable 1/*",
      "textureMapping": [
        "vegetable",
        "group10"
      ]
    },
    "file": "game:recipes/cooking/pastahot.json",
    "side": "server",
    dependsOn: [{ "modid": "wildcraftherb" }]
  },
  {
    "op": "addmerge",
    "path": "/ingredients/3/validStacks/-",
    "value": {
      "type": "item",
      "code": "wildcraftherb:herb-*",
      "shapeElement": "bowl/vegetable 2/*",
      "textureMapping": [
        "vegetable",
        "group10"
      ]
    },
    "file": "game:recipes/cooking/pastahot.json",
    "side": "server",
    dependsOn: [{ "modid": "wildcraftherb" }]
  },
  {
    "op": "addeach",
    "path": "/ingredients/5/validStacks/-",
    "value": [
        {
            type: "item",
            code: "expandedfoods:sausageherb-bushmeat-raw",
            shapeElement: "bowl/meatnugget 1/*",
            textureMapping: [ "meatnugget", "redmeat-raw" ]
        },
        {
            type: "item",
            code: "expandedfoods:sausageherb-bushmeat-dried",
            shapeElement: "bowl/meatnugget 1/*",
            textureMapping: [ "meatnugget", "redmeat-raw" ]
        },
        {
            type: "item",
            code: "expandedfoods:sausageherb-bushmeat-curing",
            shapeElement: "bowl/meatnugget 1/*",
            textureMapping: [ "meatnugget", "redmeat-raw" ]
        },
        {
            type: "item",
            code: "expandedfoods:sausageherb-bushmeat-cured",
            shapeElement: "bowl/meatnugget 1/*",
            textureMapping: [ "meatnugget", "redmeat-raw" ]
        },
        {
            type: "item",
            code: "expandedfoods:sausageherb-bushmeatcheese-raw",
            shapeElement: "bowl/meatnugget 1/*",
            textureMapping: [ "meatnugget", "redmeat-raw" ]
        },
        {
            type: "item",
            code: "expandedfoods:sausageherb-bushmeatcheese-dried",
            shapeElement: "bowl/meatnugget 1/*",
            textureMapping: [ "meatnugget", "redmeat-raw" ]
        },
        {
            type: "item",
            code: "expandedfoods:sausageherb-bushmeatcheese-curing",
            shapeElement: "bowl/meatnugget 1/*",
            textureMapping: [ "meatnugget", "redmeat-raw" ]
        },
        {
            type: "item",
            code: "expandedfoods:sausageherb-bushmeatcheese-cured",
            shapeElement: "bowl/meatnugget 1/*",
            textureMapping: [ "meatnugget", "redmeat-raw" ]
        },
        {
            type: "item",
            code: "expandedfoods:sausageherb-poultry-raw",
            shapeElement: "bowl/meatnugget 1/*",
            textureMapping: [ "meatnugget", "poultry-raw" ]
        },
        {
            type: "item",
            code: "expandedfoods:sausageherb-poultry-dried",
            shapeElement: "bowl/meatnugget 1/*",
            textureMapping: [ "meatnugget", "poultry-raw" ]
        },
        {
            type: "item",
            code: "expandedfoods:sausageherb-poultry-curing",
            shapeElement: "bowl/meatnugget 1/*",
            textureMapping: [ "meatnugget", "poultry-raw" ]
        },
        {
            type: "item",
            code: "expandedfoods:sausageherb-poultry-cured",
            shapeElement: "bowl/meatnugget 1/*",
            textureMapping: [ "meatnugget", "poultry-raw" ]
        },
        {
            type: "item",
            code: "expandedfoods:sausageherb-poultrycheese-raw",
            shapeElement: "bowl/meatnugget 1/*",
            textureMapping: [ "meatnugget", "poultry-raw" ]
        },
        {
            type: "item",
            code: "expandedfoods:sausageherb-poultrycheese-dried",
            shapeElement: "bowl/meatnugget 1/*",
            textureMapping: [ "meatnugget", "poultry-raw" ]
        },
        {
            type: "item",
            code: "expandedfoods:sausageherb-poultrycheese-curing",
            shapeElement: "bowl/meatnugget 1/*",
            textureMapping: [ "meatnugget", "poultry-raw" ]
        },
        {
            type: "item",
            code: "expandedfoods:sausageherb-poultrycheese-cured",
            shapeElement: "bowl/meatnugget 1/*",
            textureMapping: [ "meatnugget", "poultry-raw" ]
        },
        {
            type: "item",
            code: "expandedfoods:sausageherb-redmeat-raw",
            shapeElement: "bowl/meatnugget 1/*",
            textureMapping: [ "meatnugget", "redmeat-raw" ]
        },
        {
            type: "item",
            code: "expandedfoods:sausageherb-redmeat-dried",
            shapeElement: "bowl/meatnugget 1/*",
            textureMapping: [ "meatnugget", "redmeat-raw" ]
        },
        {
            type: "item",
            code: "expandedfoods:sausageherb-redmeat-curing",
            shapeElement: "bowl/meatnugget 1/*",
            textureMapping: [ "meatnugget", "redmeat-raw" ]
        },
        {
            type: "item",
            code: "expandedfoods:sausageherb-redmeat-cured",
            shapeElement: "bowl/meatnugget 1/*",
            textureMapping: [ "meatnugget", "redmeat-raw" ]
        },
        {
            type: "item",
            code: "expandedfoods:sausageherb-redmeatcheese-raw",
            shapeElement: "bowl/meatnugget 1/*",
            textureMapping: [ "meatnugget", "redmeat-raw" ]
        },
        {
            type: "item",
            code: "expandedfoods:sausageherb-redmeatcheese-dried",
            shapeElement: "bowl/meatnugget 1/*",
            textureMapping: [ "meatnugget", "redmeat-raw" ]
        },
        {
            type: "item",
            code: "expandedfoods:sausageherb-redmeatcheese-curing",
            shapeElement: "bowl/meatnugget 1/*",
            textureMapping: [ "meatnugget", "redmeat-raw" ]
        },
        {
            type: "item",
            code: "expandedfoods:sausageherb-redmeatcheese-cured",
            shapeElement: "bowl/meatnugget 1/*",
            textureMapping: [ "meatnugget", "redmeat-raw" ]
        },
        {
            type: "item",
            code: "expandedfoods:sausagefishherb-normal-raw",
            shapeElement: "bowl/meatnugget 1/*",
            textureMapping: [ "meatnugget", "poultry-raw" ]
        },
        {
            type: "item",
            code: "expandedfoods:sausagefishherb-normal-dried",
            shapeElement: "bowl/meatnugget 1/*",
            textureMapping: [ "meatnugget", "poultry-raw" ]
        },
        {
            type: "item",
            code: "expandedfoods:sausagefishherb-normal-curing",
            shapeElement: "bowl/meatnugget 1/*",
            textureMapping: [ "meatnugget", "poultry-raw" ]
        },
        {
            type: "item",
            code: "expandedfoods:sausagefishherb-normal-cured",
            shapeElement: "bowl/meatnugget 1/*",
            textureMapping: [ "meatnugget", "poultry-raw" ]
        },
        {
            type: "item",
            code: "expandedfoods:sausagefishherb-cheese-raw",
            shapeElement: "bowl/meatnugget 1/*",
            textureMapping: [ "meatnugget", "poultry-raw" ]
        },
        {
            type: "item",
            code: "expandedfoods:sausagefishherb-cheese-dried",
            shapeElement: "bowl/meatnugget 1/*",
            textureMapping: [ "meatnugget", "poultry-raw" ]
        },
        {
            type: "item",
            code: "expandedfoods:sausagefishherb-cheese-curing",
            shapeElement: "bowl/meatnugget 1/*",
            textureMapping: [ "meatnugget", "poultry-raw" ]
        },
        {
            type: "item",
            code: "expandedfoods:sausagefishherb-cheese-cured",
            shapeElement: "bowl/meatnugget 1/*",
            textureMapping: [ "meatnugget", "poultry-raw" ]
        },
    ],
    "file": "game:recipes/cooking/pastahot.json",
    "side": "server",
    dependsOn: [{ "modid": "wildcraftherb" }]
  },
  {
    "op": "addeach",
    "path": "/ingredients/6/validStacks/-",
    "value": [
        {
            type: "item",
            code: "expandedfoods:sausageherb-bushmeat-raw",
            shapeElement: "bowl/meatnugget 1/*",
            textureMapping: [ "meatnugget", "redmeat-raw" ]
        },
        {
            type: "item",
            code: "expandedfoods:sausageherb-bushmeat-dried",
            shapeElement: "bowl/meatnugget 1/*",
            textureMapping: [ "meatnugget", "redmeat-raw" ]
        },
        {
            type: "item",
            code: "expandedfoods:sausageherb-bushmeat-curing",
            shapeElement: "bowl/meatnugget 1/*",
            textureMapping: [ "meatnugget", "redmeat-raw" ]
        },
        {
            type: "item",
            code: "expandedfoods:sausageherb-bushmeat-cured",
            shapeElement: "bowl/meatnugget 1/*",
            textureMapping: [ "meatnugget", "redmeat-raw" ]
        },
        {
            type: "item",
            code: "expandedfoods:sausageherb-bushmeatcheese-raw",
            shapeElement: "bowl/meatnugget 1/*",
            textureMapping: [ "meatnugget", "redmeat-raw" ]
        },
        {
            type: "item",
            code: "expandedfoods:sausageherb-bushmeatcheese-dried",
            shapeElement: "bowl/meatnugget 1/*",
            textureMapping: [ "meatnugget", "redmeat-raw" ]
        },
        {
            type: "item",
            code: "expandedfoods:sausageherb-bushmeatcheese-curing",
            shapeElement: "bowl/meatnugget 1/*",
            textureMapping: [ "meatnugget", "redmeat-raw" ]
        },
        {
            type: "item",
            code: "expandedfoods:sausageherb-bushmeatcheese-cured",
            shapeElement: "bowl/meatnugget 1/*",
            textureMapping: [ "meatnugget", "redmeat-raw" ]
        },
        {
            type: "item",
            code: "expandedfoods:sausageherb-poultry-raw",
            shapeElement: "bowl/meatnugget 1/*",
            textureMapping: [ "meatnugget", "poultry-raw" ]
        },
        {
            type: "item",
            code: "expandedfoods:sausageherb-poultry-dried",
            shapeElement: "bowl/meatnugget 1/*",
            textureMapping: [ "meatnugget", "poultry-raw" ]
        },
        {
            type: "item",
            code: "expandedfoods:sausageherb-poultry-curing",
            shapeElement: "bowl/meatnugget 1/*",
            textureMapping: [ "meatnugget", "poultry-raw" ]
        },
        {
            type: "item",
            code: "expandedfoods:sausageherb-poultry-cured",
            shapeElement: "bowl/meatnugget 1/*",
            textureMapping: [ "meatnugget", "poultry-raw" ]
        },
        {
            type: "item",
            code: "expandedfoods:sausageherb-poultrycheese-raw",
            shapeElement: "bowl/meatnugget 1/*",
            textureMapping: [ "meatnugget", "poultry-raw" ]
        },
        {
            type: "item",
            code: "expandedfoods:sausageherb-poultrycheese-dried",
            shapeElement: "bowl/meatnugget 1/*",
            textureMapping: [ "meatnugget", "poultry-raw" ]
        },
        {
            type: "item",
            code: "expandedfoods:sausageherb-poultrycheese-curing",
            shapeElement: "bowl/meatnugget 1/*",
            textureMapping: [ "meatnugget", "poultry-raw" ]
        },
        {
            type: "item",
            code: "expandedfoods:sausageherb-poultrycheese-cured",
            shapeElement: "bowl/meatnugget 1/*",
            textureMapping: [ "meatnugget", "poultry-raw" ]
        },
        {
            type: "item",
            code: "expandedfoods:sausageherb-redmeat-raw",
            shapeElement: "bowl/meatnugget 1/*",
            textureMapping: [ "meatnugget", "redmeat-raw" ]
        },
        {
            type: "item",
            code: "expandedfoods:sausageherb-redmeat-dried",
            shapeElement: "bowl/meatnugget 1/*",
            textureMapping: [ "meatnugget", "redmeat-raw" ]
        },
        {
            type: "item",
            code: "expandedfoods:sausageherb-redmeat-curing",
            shapeElement: "bowl/meatnugget 1/*",
            textureMapping: [ "meatnugget", "redmeat-raw" ]
        },
        {
            type: "item",
            code: "expandedfoods:sausageherb-redmeat-cured",
            shapeElement: "bowl/meatnugget 1/*",
            textureMapping: [ "meatnugget", "redmeat-raw" ]
        },
        {
            type: "item",
            code: "expandedfoods:sausageherb-redmeatcheese-raw",
            shapeElement: "bowl/meatnugget 1/*",
            textureMapping: [ "meatnugget", "redmeat-raw" ]
        },
        {
            type: "item",
            code: "expandedfoods:sausageherb-redmeatcheese-dried",
            shapeElement: "bowl/meatnugget 1/*",
            textureMapping: [ "meatnugget", "redmeat-raw" ]
        },
        {
            type: "item",
            code: "expandedfoods:sausageherb-redmeatcheese-curing",
            shapeElement: "bowl/meatnugget 1/*",
            textureMapping: [ "meatnugget", "redmeat-raw" ]
        },
        {
            type: "item",
            code: "expandedfoods:sausageherb-redmeatcheese-cured",
            shapeElement: "bowl/meatnugget 1/*",
            textureMapping: [ "meatnugget", "redmeat-raw" ]
        },
        {
            type: "item",
            code: "expandedfoods:sausagefishherb-normal-raw",
            shapeElement: "bowl/meatnugget 1/*",
            textureMapping: [ "meatnugget", "poultry-raw" ]
        },
        {
            type: "item",
            code: "expandedfoods:sausagefishherb-normal-dried",
            shapeElement: "bowl/meatnugget 1/*",
            textureMapping: [ "meatnugget", "poultry-raw" ]
        },
        {
            type: "item",
            code: "expandedfoods:sausagefishherb-normal-curing",
            shapeElement: "bowl/meatnugget 1/*",
            textureMapping: [ "meatnugget", "poultry-raw" ]
        },
        {
            type: "item",
            code: "expandedfoods:sausagefishherb-normal-cured",
            shapeElement: "bowl/meatnugget 1/*",
            textureMapping: [ "meatnugget", "poultry-raw" ]
        },
        {
            type: "item",
            code: "expandedfoods:sausagefishherb-cheese-raw",
            shapeElement: "bowl/meatnugget 1/*",
            textureMapping: [ "meatnugget", "poultry-raw" ]
        },
        {
            type: "item",
            code: "expandedfoods:sausagefishherb-cheese-dried",
            shapeElement: "bowl/meatnugget 1/*",
            textureMapping: [ "meatnugget", "poultry-raw" ]
        },
        {
            type: "item",
            code: "expandedfoods:sausagefishherb-cheese-curing",
            shapeElement: "bowl/meatnugget 1/*",
            textureMapping: [ "meatnugget", "poultry-raw" ]
        },
        {
            type: "item",
            code: "expandedfoods:sausagefishherb-cheese-cured",
            shapeElement: "bowl/meatnugget 1/*",
            textureMapping: [ "meatnugget", "poultry-raw" ]
        },
    ],
    "file": "game:recipes/cooking/pastahot.json",
    "side": "server",
    dependsOn: [{ "modid": "wildcraftherb" }]
  },
]