[
	{
	"code": "white_lead",
	"perishableProps": {
		"type": "None",
		"freshHours": { "avg": 72 },
		"transitionHours": { "avg": 72 },
		"transitionRatio": 1,
		"transitionedStack": { "type": "item", "code": "em:powdered-ore-whitelead" }
	},
	"shape": { "base": "game:block/food/meal/liquid" },
	"ingredients": [
		{
		"code": "vinegar", "minQuantity": 1, "maxQuantity": 1, "portionSizeLitres": 0.2,
		"validStacks": [ { "type": "item", "code": "game:vinegarportion", "shapeElement": "game:bowl/water" } ]
		},
		{
		"code": "tannin", "minQuantity": 1, "maxQuantity": 1, "portionSizeLitres": 0.2,
		"validStacks": [ { "type": "item", "code": "game:weaktanninportion", "shapeElement": "game:bowl/water" } ]
		},
		{
		"code": "compost", "minQuantity": 1, "maxQuantity": 1,
		"validStacks": [ { "type": "item", "code": "game:compost" } ]
		},
		{
		"code": "lead", "minQuantity": 1, "maxQuantity": 1,
		"validStacks": [ { "type": "item", "code": "em:powdered-metal-lead" } ]
		}
	],
	"cooksInto": { "type": "item", "code": "em:powdered-ore-whitelead", "quantity": 2 }
	}
]
