[
  {
    "op": "addmerge",
    "path": "/texturesByType/*/vegetable-reeds",
    "value": {
      "base": "block/food/meal/group18-reeds"
    },
    "file": "game:blocktypes/clay/pot.json",
    "side": "Server"
  },
  {
    "op": "addmerge",
    "path": "/attributesByType/claypot-cooked/textureMapping/vegetable-cookedcattailroot",
    "value": [
      "vegetable",
      "vegetable-reeds"
    ],
    "file": "game:blocktypes/clay/pot.json",
    "side": "Server"
  },
  {
    "op": "addmerge",
    "path": "/attributesByType/claypot-cooked/textureMapping/vegetable-cookedpapyrusroot",
    "value": [
      "vegetable",
      "vegetable-reeds"
    ],
    "file": "game:blocktypes/clay/pot.json",
    "side": "Server"
  },
  {
    "op": "addmerge",
    "path": "/attributesByType/claypot-cooked/textureMapping/grain-pumpkin",
    "value": [
      "grain",
      "vegetable-reeds"
    ],
    "file": "game:blocktypes/clay/pot.json",
    "side": "Server"
  },
  {
    "op": "replace",
    "path": "/classByType/claypot-burned",
    "value": "COABlockCookingContainer",
    "file": "game:blocktypes/clay/pot.json",
    "side": "Server",
    "dependsOn": [
      {
        "modid": "artsxskills",
        "invert": true
      }
    ]
  }
]