[
  {
    "op": "addmerge",
    "path": "/attributes/shelvable",
    "value": true,
    "file": "wildcraftfruit:itemtypes/food/flour.json",
    "dependsOn": [
      { "modid": "wildcraftfruit" }
    ],
    "side": "Server"
  },
  {
    "op": "addmerge",
    "path": "/attributes/displaycaseable",
    "value": true,
    "file": "wildcraftfruit:itemtypes/food/flour.json",
    "dependsOn": [
      { "modid": "wildcraftfruit" }
    ],
    "side": "Server"
  },
  {
    "op": "addmerge",
    "path": "/textures",
    "value": {
      "rye-flour": { "base": "wildcraftfruit:items/grain/acorn-flour" },
      "seed": { "base": "game:item/resource/seeds/{type}" }
    },
    "file": "wildcraftfruit:itemtypes/food/flour.json",
    "dependsOn": [
      { "modid": "wildcraftfruit" }
    ],
    "side": "Server"
  },
  {
    "op": "replace",
    "path": "/shape",
    "value": { "base": "coreofart:item/food/flourbag" },
    "file": "wildcraftfruit:itemtypes/food/flour.json",
    "dependsOn": [
      { "modid": "wildcraftfruit" }
    ],
    "side": "Server"
  },
  {
    "op": "remove",
    "path": "/texture",
    "file": "wildcraftfruit:itemtypes/food/flour.json",
    "dependsOn": [
      { "modid": "wildcraftfruit" }
    ],
    "side": "Server"
  },
  {
    "op": "replace",
    "path": "/guiTransform/translation/x",
    "value": 3,
    "file": "wildcraftfruit:itemtypes/food/flour.json",
    "dependsOn": [
      { "modid": "wildcraftfruit" }
    ],
    "side": "Server"
  },
  {
    "op": "replace",
    "path": "/guiTransform/translation/y",
    "value": 0,
    "file": "wildcraftfruit:itemtypes/food/flour.json",
    "dependsOn": [
      { "modid": "wildcraftfruit" }
    ],
    "side": "Server"
  },
  {
    "op": "replace",
    "path": "/guiTransform/translation/z",
    "value": 0,
    "file": "wildcraftfruit:itemtypes/food/flour.json",
    "dependsOn": [
      { "modid": "wildcraftfruit" }
    ],
    "side": "Server"
  },
  {
    "op": "replace",
    "path": "/guiTransform/rotation/x",
    "value": 158,
    "file": "wildcraftfruit:itemtypes/food/flour.json",
    "dependsOn": [
      { "modid": "wildcraftfruit" }
    ],
    "side": "Server"
  },
  {
    "op": "replace",
    "path": "/guiTransform/rotation/y",
    "value": -145,
    "file": "wildcraftfruit:itemtypes/food/flour.json",
    "dependsOn": [
      { "modid": "wildcraftfruit" }
    ],
    "side": "Server"
  },
  {
    "op": "replace",
    "path": "/guiTransform/rotation/z",
    "value": 0,
    "file": "wildcraftfruit:itemtypes/food/flour.json",
    "dependsOn": [
      { "modid": "wildcraftfruit" }
    ],
    "side": "Server"
  },
  {
    "op": "replace",
    "path": "/guiTransform/origin/x",
    "value": 0.5,
    "file": "wildcraftfruit:itemtypes/food/flour.json",
    "dependsOn": [
      { "modid": "wildcraftfruit" }
    ],
    "side": "Server"
  },
  {
    "op": "replace",
    "path": "/guiTransform/origin/y",
    "value": 0.4,
    "file": "wildcraftfruit:itemtypes/food/flour.json",
    "dependsOn": [
      { "modid": "wildcraftfruit" }
    ],
    "side": "Server"
  },
  {
    "op": "replace",
    "path": "/guiTransform/origin/z",
    "value": 0.5,
    "file": "wildcraftfruit:itemtypes/food/flour.json",
    "dependsOn": [
      { "modid": "wildcraftfruit" }
    ],
    "side": "Server"
  },
  {
    "op": "replace",
    "path": "/guiTransform/scale",
    "value": 1.75,
    "file": "wildcraftfruit:itemtypes/food/flour.json",
    "dependsOn": [
      { "modid": "wildcraftfruit" }
    ],
    "side": "Server"
  },
  {
    "op": "replace",
    "path": "/tpHandTransform/translation/x",
    "value": -0.4,
    "file": "wildcraftfruit:itemtypes/food/flour.json",
    "dependsOn": [
      { "modid": "wildcraftfruit" }
    ],
    "side": "Server"
  },
  {
    "op": "replace",
    "path": "/tpHandTransform/translation/y",
    "value": 0.1,
    "file": "wildcraftfruit:itemtypes/food/flour.json",
    "dependsOn": [
      { "modid": "wildcraftfruit" }
    ],
    "side": "Server"
  },
  {
    "op": "replace",
    "path": "/tpHandTransform/translation/z",
    "value": 0.2,
    "file": "wildcraftfruit:itemtypes/food/flour.json",
    "dependsOn": [
      { "modid": "wildcraftfruit" }
    ],
    "side": "Server"
  },
  {
    "op": "replace",
    "path": "/tpHandTransform/rotation/x",
    "value": -64,
    "file": "wildcraftfruit:itemtypes/food/flour.json",
    "dependsOn": [
      { "modid": "wildcraftfruit" }
    ],
    "side": "Server"
  },
  {
    "op": "replace",
    "path": "/tpHandTransform/rotation/y",
    "value": 22,
    "file": "wildcraftfruit:itemtypes/food/flour.json",
    "dependsOn": [
      { "modid": "wildcraftfruit" }
    ],
    "side": "Server"
  },
  {
    "op": "replace",
    "path": "/tpHandTransform/rotation/z",
    "value": -110,
    "file": "wildcraftfruit:itemtypes/food/flour.json",
    "dependsOn": [
      { "modid": "wildcraftfruit" }
    ],
    "side": "Server"
  },
  {
    "op": "replace",
    "path": "/tpHandTransform/origin/x",
    "value": 0.2,
    "file": "wildcraftfruit:itemtypes/food/flour.json",
    "dependsOn": [
      { "modid": "wildcraftfruit" }
    ],
    "side": "Server"
  },
  {
    "op": "replace",
    "path": "/tpHandTransform/origin/y",
    "value": 0.2,
    "file": "wildcraftfruit:itemtypes/food/flour.json",
    "dependsOn": [
      { "modid": "wildcraftfruit" }
    ],
    "side": "Server"
  },
  {
    "op": "replace",
    "path": "/tpHandTransform/origin/z",
    "value": -0.1,
    "file": "wildcraftfruit:itemtypes/food/flour.json",
    "dependsOn": [
      { "modid": "wildcraftfruit" }
    ],
    "side": "Server"
  },
  {
    "op": "replace",
    "path": "/attributes/groundStorageTransform/scale",
    "value": 0.6,
    "file": "wildcraftfruit:itemtypes/food/flour.json",
    "dependsOn": [
      { "modid": "wildcraftfruit" }
    ],
    "side": "Server"
  },
  {
    "op": "replace",
    "path": "/attributes/groundStorageTransform/translation/y",
    "value": 0,
    "file": "wildcraftfruit:itemtypes/food/flour.json",
    "dependsOn": [
      { "modid": "wildcraftfruit" }
    ],
    "side": "Server"
  },
  {
    "op": "addmerge",
    "path": "/attributes/groundStorageTransform/origin",
    "value": {
      "x": 0.5,
      "y": 0,
      "z": 0.5
    },
    "file": "wildcraftfruit:itemtypes/food/flour.json",
    "dependsOn": [
      { "modid": "wildcraftfruit" }
    ],
    "side": "Server"
  },
  {
    "op": "addmerge",
    "path": "/attributes/onshelfTransform",
    "value": {
      "origin": {
        "x": 0.5,
        "y": 0,
        "z": 0.5
      },
      "scale": 0.6
    },
    "file": "wildcraftfruit:itemtypes/food/flour.json",
    "dependsOn": [
      { "modid": "wildcraftfruit" }
    ],
    "side": "Server"
  },
  {
    "op": "addmerge",
    "path": "/attributes/onDisplayTransform",
    "value": {
      "origin": {
        "x": 0.5,
        "y": 0,
        "z": 0.5
      },
      "scale": 0.6
    },
    "file": "wildcraftfruit:itemtypes/food/flour.json",
    "dependsOn": [
      { "modid": "wildcraftfruit" }
    ],
    "side": "Server"
  }
]