[
  {
    "op": "addmerge",
    "path": "/attributes/inBarrelShape",
    "value": "coreofart:/block/wood/barrel/{type}fill1",
    "file": "game:itemtypes/food/pickledvegetable.json",
    "side": "Server"
  },
  {
    "op": "addmerge",
    "path": "/attributes/inBarrelShape",
    "value": "coreofart:/block/wood/barrel/legumefill1",
    "file": "game:itemtypes/food/legume.json",
    "side": "Server"
  },
  {
    "op": "addmerge",
    "path": "/attributes/inBarrelShape",
    "value": "coreofart:/block/wood/barrel/cassavafill1",
    "file": "game:itemtypes/food/rawcassava.json",
    "side": "Server"
  },
  {
    "op": "addmerge",
    "path": "/attributes",
    "value": {
      "inBarrelShape": "coreofart:/block/wood/barrel/{type}fill1",
      "inContainerTexture": { "base": "block/wood/barrel/peeled-cassava" }
    },
    "file": "game:itemtypes/food/vegetable.json",
    "side": "Server"
  },
  {
    "op": "addmerge",
    "path": "/attributes/inBarrelShape",
    "value": "coreofart:/block/wood/barrel/cookedpapyrusrootfill1",
    "file": "game:itemtypes/resource/papyrusroot.json",
    "side": "Server"
  },
  {
    "op": "addmerge",
    "path": "/attributes/inBarrelShape",
    "value": "coreofart:/block/wood/barrel/cookedcattailrootfill1",
    "file": "game:itemtypes/resource/catttailroot.json",
    "side": "Server"
  },
  {
    "op": "addmerge",
    "path": "/attributes/inBarrelShape",
    "value": "coreofart:/block/wood/barrel/cookedcattailrootfill1",
    "file": "game:itemtypes/resource/tuleroot.json",
    "side": "Server"
  },
  {
    "op": "addmerge",
    "path": "/attributes/inContainerTexture",
    "value": { "base": "block/wood/barrel/raw-cassava" },
    "file": "game:itemtypes/resource/papyrusroot.json",
    "side": "Server"
  },
  {
    "op": "addmerge",
    "path": "/attributes/inContainerTexture",
    "value": { "base": "block/wood/barrel/raw-cassava" },
    "file": "game:itemtypes/resource/catttailroot.json",
    "side": "Server"
  },
  {
    "op": "addmerge",
    "path": "/attributes/inContainerTexture",
    "value": { "base": "block/wood/barrel/raw-cassava" },
    "file": "game:itemtypes/resource/tuleroot.json",
    "side": "Server"
  }
]