[
  {
    "op": "replace",
    "comment": "homespun upper shirt",
    "path": "/0/ingredientPattern",
    "value": "CCC,NC_",
    "file": "game:recipes/grid/clothes/plain.json",
    "side": "Server"
  },
  {
    "op": "add",
    "path": "/0/ingredients/N",
    "value": { "type": "item", "code": "tailorsdelight:needle-*" },
    "file": "game:recipes/grid/clothes/plain.json",
    "side": "Server"
  },

  {
    "op": "replace",
    "comment": "homespun pants",
    "path": "/1/ingredientPattern",
    "value": "CNC,C_C",
    "file": "game:recipes/grid/clothes/plain.json",
    "side": "Server"
  },
  {
    "op": "add",
    "path": "/1/ingredients/N",
    "value": { "type": "item", "code": "tailorsdelight:needle-*" },
    "file": "game:recipes/grid/clothes/plain.json",
    "side": "Server"
  },

  {
    "op": "replace",
    "comment": "peasent shirt",
    "path": "/2/ingredientPattern",
    "value": "CBC,NC_",
    "file": "game:recipes/grid/clothes/plain.json",
    "side": "Server"
  },
  {
    "op": "add",
    "path": "/2/ingredients/N",
    "value": { "type": "item", "code": "tailorsdelight:needle-*" },
    "file": "game:recipes/grid/clothes/plain.json",
    "side": "Server"
  },
  {
    "op": "add",
    "path": "/2/ingredients/B",
    "value": { "type": "item", "code": "tailorsdelight:buttons-mixed" },
    "file": "game:recipes/grid/clothes/plain.json",
    "side": "Server"
  },

  {
    "op": "replace",
    "comment": "pastoral shirt",
    "path": "/3/ingredientPattern",
    "value": "CCC,GST",
    "file": "game:recipes/grid/clothes/plain.json",
    "side": "Server"
  },
  {
    "op": "addmerge",
    "path": "/3/ingredients/C/quantity",
    "value": 2,
    "file": "game:recipes/grid/clothes/plain.json",
    "side": "Server"
  },
  {
    "op": "add",
    "path": "/3/ingredients/G",
    "value": { "type": "item", "code": "tailorsdelight:twine-gray" },
    "file": "game:recipes/grid/clothes/plain.json",
    "side": "Server"
  },
  {
    "op": "add",
    "path": "/3/ingredients/T",
    "value": { "type": "item", "code": "tailorsdelight:twine-blue" },
    "file": "game:recipes/grid/clothes/plain.json",
    "side": "Server"
  },

  {
    "op": "replace",
    "comment": "pastoral pants",
    "path": "/4/ingredientPattern",
    "value": "CBC,LSL",
    "file": "game:recipes/grid/clothes/plain.json",
    "side": "Server"
  },
  {
    "op": "add",
    "path": "/4/ingredients/B",
    "value": { "type": "item", "code": "tailorsdelight:buttons-mixed" },
    "file": "game:recipes/grid/clothes/plain.json",
    "side": "Server"
  },
  {
    "op": "add",
    "path": "/4/ingredients/L",
    "value": { "type": "item", "code": "tailorsdelight:leatherbundle-plain" },
    "file": "game:recipes/grid/clothes/plain.json",
    "side": "Server"
  },

  {
    "op": "replace",
    "comment": "chateau blouse",
    "path": "/5/ingredientPattern",
    "value": "CCC,BCS",
    "file": "game:recipes/grid/clothes/plain.json",
    "side": "Server"
  },
  {
    "op": "add",
    "path": "/5/ingredients/B",
    "value": { "type": "item", "code": "tailorsdelight:buttons-silver" },
    "file": "game:recipes/grid/clothes/plain.json",
    "side": "Server"
  },
  {
    "op": "replace",
    "path": "/5/ingredients/C/code",
    "value": "game:cloth-white",
    "file": "game:recipes/grid/clothes/plain.json",
    "side": "Server"
  },

  {
    "op": "replace",
    "comment": "chateau pants",
    "path": "/6/ingredientPattern",
    "value": "TBT,CSC",
    "file": "game:recipes/grid/clothes/plain.json",
    "side": "Server"
  },
  {
    "op": "add",
    "path": "/6/ingredients/T",
    "value": { "type": "item", "code": "tailorsdelight:twine-blue", "quantity": 3 },
    "file": "game:recipes/grid/clothes/plain.json",
    "side": "Server"
  },
  {
    "op": "add",
    "path": "/6/ingredients/B",
    "value": { "type": "item", "code": "tailorsdelight:buttons-silver" },
    "file": "game:recipes/grid/clothes/plain.json",
    "side": "Server"
  },

  {
    "op": "replace",
    "comment": "reindeer herder fur coat, small pelts",
    "path": "/7/ingredients/H/code",
    "value": "tailorsdelight:leatherbundle-pelt",
    "file": "game:recipes/grid/clothes/plain.json",
    "side": "Server"
  },
  {
    "op": "replace",
    "path": "/7/ingredients/R/code",
    "value": "tailorsdelight:cloth-darkred",
    "file": "game:recipes/grid/clothes/plain.json",
    "side": "Server"
  },

  {
    "op": "addmerge",
    "comment": "reindeer herder fur coat, medium, large and huge pelts",
    "path": "/8/enabled",
    "value": false,
    "file": "game:recipes/grid/clothes/plain.json",
    "side": "Server"
  },

  {
    "op": "replace",
    "comment": "plain saddle blanket",
    "path": "/9/ingredientPattern",
    "value": "CCC,FNF",
    "file": "game:recipes/grid/clothes/plain.json",
    "side": "Server"
  },
  {
    "op": "add",
    "path": "/9/ingredients/N",
    "value": { "type": "item", "code": "tailorsdelight:needle-*" },
    "file": "game:recipes/grid/clothes/plain.json",
    "side": "Server"
  },

  {
    "op": "replace",
    "comment": "chateau saddle blanket",
    "path": "/10/ingredientPattern",
    "value": "CWC,_S_",
    "file": "game:recipes/grid/clothes/plain.json",
    "side": "Server"
  },
  {
    "op": "add",
    "path": "/10/ingredients/W",
    "value": { "type": "item", "code": "game:cloth-white" },
    "file": "game:recipes/grid/clothes/plain.json",
    "side": "Server"
  }
]
