[
  {
    "op": "replace",
    "path": "/1/ingredientPattern",
    "value": "ATB,PLP,SSS",
    "file": "game:recipes/grid/miningbag.json",
    "side": "Server"
  },
  {
    "op": "add",
    "path": "/1/ingredients/A",
    "value": { "type": "item", "code": "tailorsdelight:awl-*", "isTool": true },
    "file": "game:recipes/grid/miningbag.json",
    "side": "Server"
  },
  {
    "op": "add",
    "path": "/1/ingredients/B",
    "value": { "type": "item", "code": "tailorsdelight:twine-brown" },
    "file": "game:recipes/grid/miningbag.json",
    "side": "Server"
  }
]
