[
  {
    "op": "replace",
    "path": "/attributes/groundStorageTransform",
    "value": {
	"translation": { "x": 0, "y": -0.21, "z": 0 },
	"rotation": { "x": 0, "y": 40, "z": 0 },
	"scale": 0.59
    },
    "file": "game:itemtypes/resource/flaxfibers.json",
    "side": "Server"
  },

  {
    "op": "add",
    "path": "/attributes/scrollrackable",
    "value": true,
    "file": "game:itemtypes/resource/flaxfibers.json",
    "side": "Server"
  },
  {
    "op": "add",
    "path": "/attributes/onscrollrackTransform",
    "value": {
	"translation": { "x": -0.47, "y": -0.47, "z": 0.36 },
	"rotation": { "x": -45, "y": 0, "z": 0 },
	"origin": { "x": 0.5, "y": 0.5, "z": 0.5 },
	"scale": 0.55
    },
    "file": "game:itemtypes/resource/flaxfibers.json",
    "side": "Server"
  }
]
