[
  {
    "op": "replace",
    "comment": "peasent head scarf (peasant)",
    "path": "/0/ingredientPattern",
    "value": "BB,NB",
    "file": "game:recipes/grid/clothes/blue.json",
    "side": "Server"
  },
  {
    "op": "add",
    "path": "/0/ingredients/N",
    "value": { "type": "item", "code": "tailorsdelight:needle-*" },
    "file": "game:recipes/grid/clothes/blue.json",
    "side": "Server"
  },

  {
    "op": "replace",
    "comment": "peasent gown (peasant)",
    "path": "/1/ingredientPattern",
    "value": "BNB,B_B",
    "file": "game:recipes/grid/clothes/blue.json",
    "side": "Server"
  },
  {
    "op": "add",
    "path": "/1/ingredients/N",
    "value": { "type": "item", "code": "tailorsdelight:needle-*" },
    "file": "game:recipes/grid/clothes/blue.json",
    "side": "Server"
  },

  {
    "op": "replace",
    "comment": "artisans scarf",
    "path": "/2/ingredientPattern",
    "value": "BBB,TNT",
    "file": "game:recipes/grid/clothes/blue.json",
    "side": "Server"
  },
  {
    "op": "add",
    "path": "/2/ingredients/N",
    "value": { "type": "item", "code": "tailorsdelight:needle-*" },
    "file": "game:recipes/grid/clothes/blue.json",
    "side": "Server"
  },
  {
    "op": "add",
    "path": "/2/ingredients/T",
    "value": { "type": "item", "code": "tailorsdelight:twine-blue", "quantity": 2 },
    "file": "game:recipes/grid/clothes/blue.json",
    "side": "Server"
  },

  {
    "op": "replace",
    "comment": "reindeer waistband",
    "path": "/5/ingredientPattern",
    "value": "BHB,TST",
    "file": "game:recipes/grid/clothes/blue.json",
    "side": "Server"
  },
  {
    "op": "add",
    "path": "/5/ingredients/H",
    "value": { "type": "item", "code": "tailorsdelight:buttons-horn" },
    "file": "game:recipes/grid/clothes/blue.json",
    "side": "Server"
  },
  {
    "op": "add",
    "path": "/5/ingredients/T",
    "value": { "type": "item", "code": "tailorsdelight:twine-black", "quantity": 2 },
    "file": "game:recipes/grid/clothes/blue.json",
    "side": "Server"
  },

  {
    "op": "replace",
    "comment": "cobalt mantle",
    "path": "/6/ingredientPattern",
    "value": "BEB,GYG,TST",
    "file": "game:recipes/grid/clothes/blue.json",
    "side": "Server"
  },
  {
    "op": "add",
    "path": "/6/ingredients/E",
    "value": { "type": "item", "code": "tailorsdelight:buttons-emerald" },
    "file": "game:recipes/grid/clothes/blue.json",
    "side": "Server"
  },
  {
    "op": "add",
    "path": "/6/ingredients/G",
    "value": { "type": "item", "code": "tailorsdelight:cloth-darkgreen" },
    "file": "game:recipes/grid/clothes/blue.json",
    "side": "Server"
  },
  {
    "op": "replace",
    "path": "/6/ingredients/B",
    "value": { "type": "item", "code": "tailorsdelight:cloth-darkblue" },
    "file": "game:recipes/grid/clothes/blue.json",
    "side": "Server"
  },
  {
    "op": "add",
    "path": "/6/ingredients/T",
    "value": { "type": "item", "code": "tailorsdelight:twine-black" },
    "file": "game:recipes/grid/clothes/blue.json",
    "side": "Server"
  },
  {
    "op": "replace",
    "path": "/6/height",
    "value": 3,
    "file": "game:recipes/grid/clothes/blue.json",
    "side": "Server"
  },

  {
    "op": "replace",
    "comment": "embroidered tartarean scarf",
    "path": "/7/ingredientPattern",
    "value": "BKR,YSB,RWY",
    "file": "game:recipes/grid/clothes/blue.json",
    "side": "Server"
  },
  {
    "op": "add",
    "path": "/7/ingredients/K",
    "value": { "type": "item", "code": "tailorsdelight:twine-black" },
    "file": "game:recipes/grid/clothes/blue.json",
    "side": "Server"
  },
  {
    "op": "add",
    "path": "/7/ingredients/W",
    "value": { "type": "item", "code": "tailorsdelight:twine-white" },
    "file": "game:recipes/grid/clothes/blue.json",
    "side": "Server"
  },
  {
    "op": "replace",
    "path": "/7/ingredients/B/code",
    "value": "tailorsdelight:twine-blue",
    "file": "game:recipes/grid/clothes/blue.json",
    "side": "Server"
  },
  {
    "op": "replace",
    "path": "/7/ingredients/R/code",
    "value": "tailorsdelight:twine-red",
    "file": "game:recipes/grid/clothes/blue.json",
    "side": "Server"
  },
  {
    "op": "replace",
    "path": "/7/ingredients/Y/code",
    "value": "tailorsdelight:twine-yellow",
    "file": "game:recipes/grid/clothes/blue.json",
    "side": "Server"
  },
  {
    "op": "replace",
    "path": "/7/ingredients/B/quantity",
    "value": 2,
    "file": "game:recipes/grid/clothes/blue.json",
    "side": "Server"
  },
  {
    "op": "replace",
    "path": "/7/ingredients/R/quantity",
    "value": 2,
    "file": "game:recipes/grid/clothes/blue.json",
    "side": "Server"
  },
  {
    "op": "replace",
    "path": "/7/ingredients/Y/quantity",
    "value": 2,
    "file": "game:recipes/grid/clothes/blue.json",
    "side": "Server"
  },


  {
    "op": "replace",
    "comment": "azure embroidered shirt",
    "path": "/8/ingredientPattern",
    "value": "BLB,BTB, S ",
    "file": "game:recipes/grid/clothes/blue.json",
    "side": "Server"
  },
  {
    "op": "add",
    "path": "/8/ingredients/L",
    "value": { "type": "item", "code": "tailorsdelight:buttons-lapislazuli" },
    "file": "game:recipes/grid/clothes/blue.json",
    "side": "Server"
  },
  {
    "op": "add",
    "path": "/8/ingredients/T",
    "value": { "type": "item", "code": "tailorsdelight:twine-black" },
    "file": "game:recipes/grid/clothes/blue.json",
    "side": "Server"
  },
  {
    "op": "replace",
    "path": "/8/height",
    "value": 3,
    "file": "game:recipes/grid/clothes/blue.json",
    "side": "Server"
  },

  {
    "op": "replace",
    "comment": "blue moon robe",
    "path": "/9/ingredientPattern",
    "value": "BCB,BPB, S ",
    "file": "game:recipes/grid/clothes/blue.json",
    "side": "Server"
  },
  {
    "op": "add",
    "path": "/9/ingredients/C",
    "value": { "type": "item", "code": "tailorsdelight:buttons-shells" },
    "file": "game:recipes/grid/clothes/blue.json",
    "side": "Server"
  }
]
