{
	"editor": {
		"allAngles": false,
		"entityTextureMode": false
	},
	"textureWidth": 16,
	"textureHeight": 16,
	"textureSizes": {
		"wood-generic": [16,16]
	},
	"textures": {
		"wood-generic": "game:block/wood-generic"
	},
	"elements": [
		{
			"name": "Bowl 1 floor",
			"from": [ 6.0, 0.0, 7.5 ],
			"to": [ 7.5, 0.5, 8.5 ],
			"rotationOrigin": [ -0.5, 0.0, 1.0 ],
			"faces": {
				"up": { "texture": "#wood-generic", "uv": [ 10.0, 2.0, 11.5, 3.0 ] },
				"down": { "texture": "#wood-generic", "uv": [ 5.0, 5.0, 6.5, 6.0 ] }
			},
			"children": [
				{
					"name": "N 1",
					"from": [ -0.5, 0.0, -0.5 ],
					"to": [ 2.0, 1.0, 0.0 ],
					"rotationOrigin": [ 0.5, 0.0, 0.5 ],
					"faces": {
						"north": { "texture": "#wood-generic", "uv": [ 6.0, 5.0, 8.5, 6.0 ] },
						"east": { "texture": "#wood-generic", "uv": [ 9.0, 6.0, 9.5, 7.0 ] },
						"south": { "texture": "#wood-generic", "uv": [ 4.0, 7.0, 6.5, 8.0 ] },
						"west": { "texture": "#wood-generic", "uv": [ 12.0, 1.0, 12.5, 2.0 ] },
						"up": { "texture": "#wood-generic", "uv": [ 3.0, 12.0, 5.5, 12.5 ] },
						"down": { "texture": "#wood-generic", "uv": [ 2.0, 10.0, 4.5, 10.5 ] }
					}
				},
				{
					"name": "S 1",
					"from": [ -0.5, 0.0, 1.0 ],
					"to": [ 2.0, 1.0, 1.5 ],
					"rotationOrigin": [ 0.5, 0.0, -2.0 ],
					"faces": {
						"north": { "texture": "#wood-generic", "uv": [ 6.0, 10.0, 8.5, 11.0 ] },
						"east": { "texture": "#wood-generic", "uv": [ 6.0, 7.0, 6.5, 8.0 ] },
						"south": { "texture": "#wood-generic", "uv": [ 10.0, 3.0, 12.5, 4.0 ] },
						"west": { "texture": "#wood-generic", "uv": [ 11.0, 5.0, 11.5, 6.0 ] },
						"up": { "texture": "#wood-generic", "uv": [ 7.0, 9.0, 9.5, 9.5 ] },
						"down": { "texture": "#wood-generic", "uv": [ 7.0, 6.0, 9.5, 6.5 ] }
					}
				},
				{
					"name": "W 1",
					"from": [ -0.5, 0.0, 0.0 ],
					"to": [ 0.0, 1.0, 1.0 ],
					"rotationOrigin": [ 0.5, 0.0, 0.0 ],
					"faces": {
						"east": { "texture": "#wood-generic", "uv": [ 10.0, 2.0, 11.0, 3.0 ] },
						"west": { "texture": "#wood-generic", "uv": [ 4.0, 10.0, 5.0, 11.0 ] },
						"up": { "texture": "#wood-generic", "uv": [ 9.0, 7.0, 9.5, 8.0 ] },
						"down": { "texture": "#wood-generic", "uv": [ 14.0, 12.0, 14.5, 13.0 ] }
					}
				},
				{
					"name": "E 1",
					"from": [ 1.5, 0.0, 0.0 ],
					"to": [ 2.0, 1.0, 1.0 ],
					"rotationOrigin": [ -1.5, 0.0, 0.0 ],
					"faces": {
						"east": { "texture": "#wood-generic", "uv": [ 1.0, 6.0, 2.0, 7.0 ] },
						"west": { "texture": "#wood-generic", "uv": [ 6.0, 4.0, 7.0, 5.0 ] },
						"up": { "texture": "#wood-generic", "uv": [ 2.0, 4.0, 2.5, 5.0 ] },
						"down": { "texture": "#wood-generic", "uv": [ 1.0, 7.0, 1.5, 8.0 ] }
					}
				},
				{
					"name": "N 2",
					"from": [ 2.0, 0.5, 0.0 ],
					"to": [ 6.5, 1.0, 1.0 ],
					"rotationOrigin": [ 3.0, 0.5, 1.0 ],
					"faces": {
						"north": { "texture": "#wood-generic", "uv": [ 6.0, 5.0, 10.5, 5.5 ] },
						"east": { "texture": "#wood-generic", "uv": [ 9.0, 6.0, 10.0, 6.5 ] },
						"south": { "texture": "#wood-generic", "uv": [ 4.0, 7.0, 8.5, 7.5 ] },
						"west": { "texture": "#wood-generic", "uv": [ 12.0, 1.0, 13.0, 1.5 ] },
						"up": { "texture": "#wood-generic", "uv": [ 3.0, 12.0, 7.5, 13.0 ] },
						"down": { "texture": "#wood-generic", "uv": [ 2.0, 10.0, 6.5, 11.0 ] }
					}
				}
			]
		}
	]}