{
	"editor": {
		"allAngles": true,
		"entityTextureMode": true
	},
	"textureWidth": 64,
	"textureHeight": 64,
	"textureSizes": {
	},
	"textures": {
		"material": "/Users/Asus/AppData/Roaming/VintagestoryData/Mods/Maple Cultures/assets/maplemod/textures/armor/altochinese-iron"
	},
	"elements": [
		{
			"name": "ArmorHelmet",
			"stepParentName": "Head",
			"from": [ 0.1, 0.3, -0.6 ],
			"to": [ 6.6, 5.8, 5.7 ],
			"unwrapMode": 1,
			"uv": [ 36.0, 17.5 ],
			"rotationOrigin": [ 0.1, 0.3, -0.6 ],
			"faces": {
				"north": { "texture": "#material", "uv": [ 42.0, 23.5, 48.5, 29.0 ] },
				"east": { "texture": "#material", "uv": [ 36.0, 23.5, 42.0, 29.0 ] },
				"south": { "texture": "#material", "uv": [ 54.5, 23.5, 61.0, 29.0 ] },
				"west": { "texture": "#material", "uv": [ 48.5, 23.5, 54.5, 29.0 ] },
				"up": { "texture": "#material", "uv": [ 42.0, 17.5, 48.5, 23.5 ], "rotation": 180 },
				"down": { "texture": "#material", "uv": [ 42.0, 29.0, 48.5, 35.0 ] }
			},
			"children": [
				{
					"name": "ArmorHelmetFace",
					"from": [ -0.4, 2.8, 0.0 ],
					"to": [ 0.0, 5.5, 6.3 ],
					"unwrapMode": 1,
					"uv": [ 32.0, 35.5 ],
					"rotationOrigin": [ -0.5, 2.8, 0.0 ],
					"faces": {
						"north": { "texture": "#material", "uv": [ 32.0, 41.5, 32.5, 44.0 ] },
						"south": { "texture": "#material", "uv": [ 38.5, 41.5, 39.0, 44.0 ] },
						"west": { "texture": "#material", "uv": [ 32.5, 41.5, 38.5, 44.0 ] },
						"up": { "texture": "#material", "uv": [ 32.0, 35.5, 32.5, 41.5 ], "rotation": 180 },
						"down": { "texture": "#material", "uv": [ 32.0, 44.0, 32.5, 50.0 ] }
					}
				},
				{
					"name": "ArmorHelmetTop",
					"from": [ 0.5, 5.5, 0.5 ],
					"to": [ 6.0, 6.3, 5.7 ],
					"unwrapMode": 1,
					"uv": [ 31.0, 30.0 ],
					"rotationOrigin": [ 0.5, 5.5, 0.5 ],
					"faces": {
						"north": { "texture": "#material", "uv": [ 36.0, 35.0, 41.5, 35.5 ] },
						"east": { "texture": "#material", "uv": [ 31.0, 35.0, 36.0, 35.5 ] },
						"south": { "texture": "#material", "uv": [ 46.5, 35.0, 52.0, 35.5 ] },
						"west": { "texture": "#material", "uv": [ 41.5, 35.0, 46.5, 35.5 ] },
						"up": { "texture": "#material", "uv": [ 36.0, 30.0, 41.5, 35.0 ], "rotation": 180 }
					},
					"children": [
						{
							"name": "Cube2",
							"from": [ 2.3, 0.7, 2.1 ],
							"to": [ 3.3, 1.1, 3.1 ],
							"autoUnwrap": false,
							"uv": [ 37.0, 31.5 ],
							"rotationOrigin": [ 3.0, 1.0, 2.0 ],
							"faces": {
								"north": { "texture": "#material", "uv": [ 37.0, 32.5, 38.0, 33.0 ], "windMode": [-1,-1,-1,-1] },
								"east": { "texture": "#material", "uv": [ 38.0, 32.5, 39.0, 33.0 ], "windMode": [-1,-1,-1,-1] },
								"south": { "texture": "#material", "uv": [ 39.0, 32.5, 40.0, 33.0 ], "windMode": [-1,-1,-1,-1] },
								"west": { "texture": "#material", "uv": [ 40.0, 32.5, 41.0, 32.0 ], "autoUv": false, "windMode": [-1,-1,-1,-1] },
								"up": { "texture": "#material", "uv": [ 37.0, 32.5, 38.0, 32.0 ], "autoUv": false, "windMode": [-1,-1,-1,-1] },
								"down": { "texture": "#material", "uv": [ 38.0, 32.5, 39.0, 32.0 ], "autoUv": false, "windMode": [-1,-1,-1,-1] }
							}
						},
						{
							"name": "Cube3",
							"from": [ 2.3, 1.0, 2.1 ],
							"to": [ 5.3, 1.4, 3.1 ],
							"autoUnwrap": false,
							"uv": [ 46.5, 4.0 ],
							"rotationOrigin": [ 3.0, 1.0, 2.0 ],
							"rotationZ": 8.0,
							"faces": {
								"north": { "texture": "#material", "uv": [ 46.5, 5.0, 49.5, 5.5 ] },
								"east": { "texture": "#material", "uv": [ 49.5, 5.0, 50.5, 5.5 ] },
								"south": { "texture": "#material", "uv": [ 48.5, 5.0, 51.5, 5.5 ] },
								"west": { "texture": "#material", "uv": [ 50.5, 5.0, 51.5, 5.5 ] },
								"up": { "texture": "#material", "uv": [ 46.5, 4.0, 49.5, 5.0 ] },
								"down": { "texture": "#material", "uv": [ 48.5, 4.0, 51.5, 5.0 ] }
							}
						},
						{
							"name": "Cube4",
							"from": [ 5.0, 0.8, 2.3 ],
							"to": [ 8.0, 1.2, 3.3 ],
							"autoUnwrap": false,
							"uv": [ 46.5, 5.5 ],
							"rotationOrigin": [ 6.0, 1.0, 2.0 ],
							"rotationY": -14.0,
							"rotationZ": -61.0,
							"faces": {
								"north": { "texture": "#material", "uv": [ 46.5, 6.5, 49.5, 7.0 ] },
								"east": { "texture": "#material", "uv": [ 49.5, 6.5, 50.5, 7.0 ], "rotation": 180 },
								"south": { "texture": "#material", "uv": [ 48.5, 6.5, 51.5, 7.0 ] },
								"west": { "texture": "#material", "uv": [ 50.5, 6.5, 51.5, 7.0 ] },
								"up": { "texture": "#material", "uv": [ 46.5, 5.5, 49.5, 6.5 ], "rotation": 180 },
								"down": { "texture": "#material", "uv": [ 48.5, 5.5, 51.5, 6.5 ] }
							}
						},
						{
							"name": "Cube5",
							"from": [ 5.0, 0.6, 1.7 ],
							"to": [ 8.0, 1.0, 2.7 ],
							"autoUnwrap": false,
							"uv": [ 46.5, 2.5 ],
							"rotationOrigin": [ 6.0, 1.0, 2.0 ],
							"rotationY": 25.0,
							"rotationZ": -61.0,
							"faces": {
								"north": { "texture": "#material", "uv": [ 46.5, 3.5, 49.5, 4.0 ] },
								"east": { "texture": "#material", "uv": [ 49.5, 3.5, 50.0, 4.5 ], "rotation": 90 },
								"south": { "texture": "#material", "uv": [ 48.5, 3.5, 51.5, 4.0 ] },
								"west": { "texture": "#material", "uv": [ 50.5, 3.5, 51.5, 4.0 ] },
								"up": { "texture": "#material", "uv": [ 46.5, 2.5, 49.5, 3.5 ] },
								"down": { "texture": "#material", "uv": [ 48.5, 2.5, 51.5, 3.5 ] }
							}
						}
					]
				},
				{
					"name": "111",
					"from": [ -1.3, 2.7, -0.2 ],
					"to": [ 0.0, 3.0, 6.5 ],
					"autoUnwrap": false,
					"uv": [ 36.0, 53.0 ],
					"rotationOrigin": [ -1.0, 4.0, 0.0 ],
					"rotationZ": 6.0,
					"faces": {
						"north": { "texture": "#material", "uv": [ 37.0, 59.5, 38.0, 60.0 ], "windMode": [-1,-1,-1,-1] },
						"east": { "texture": "#material", "uv": [ 42.0, 59.5, 48.5, 60.0 ], "windMode": [-1,-1,-1,-1] },
						"south": { "texture": "#material", "uv": [ 43.5, 59.5, 44.5, 60.0 ], "windMode": [-1,-1,-1,-1] },
						"west": { "texture": "#material", "uv": [ 44.5, 59.5, 51.0, 60.0 ], "windMode": [-1,-1,-1,-1] },
						"up": { "texture": "#material", "uv": [ 44.0, 58.0, 43.0, 60.5 ], "autoUv": false, "windMode": [-1,-1,-1,-1] },
						"down": { "texture": "#material", "uv": [ 45.0, 58.0, 42.0, 60.5 ], "autoUv": false, "windMode": [-1,-1,-1,-1] }
					},
					"children": [
						{
							"name": "122",
							"from": [ 2.0855, -1.2936, -0.2 ],
							"to": [ 2.2855, -0.0936, 7.8 ],
							"autoUnwrap": false,
							"uv": [ 36.0, 51.0 ],
							"rotationOrigin": [ 1.0855, -0.9936, 7.2 ],
							"rotationX": -90.0,
							"rotationY": -84.0,
							"rotationZ": -6.0,
							"faces": {
								"north": { "texture": "#material", "uv": [ 37.0, 59.0, 37.5, 60.0 ], "windMode": [-1,-1,-1,-1] },
								"east": { "texture": "#material", "uv": [ 41.5, 59.0, 49.5, 60.0 ], "windMode": [-1,-1,-1,-1] },
								"south": { "texture": "#material", "uv": [ 44.5, 59.0, 45.0, 60.0 ] },
								"west": { "texture": "#material", "uv": [ 44.0, 59.0, 51.0, 60.0 ], "autoUv": false, "windMode": [-1,-1,-1,-1] },
								"up": { "texture": "#material", "uv": [ 37.0, 58.0, 37.5, 60.0 ], "autoUv": false, "windMode": [-1,-1,-1,-1] },
								"down": { "texture": "#material", "uv": [ 43.5, 57.5, 42.0, 60.5 ], "autoUv": false }
							}
						},
						{
							"name": "121",
							"from": [ 1.29, -0.1991, -7.2 ],
							"to": [ 1.49, 1.0009, 0.8 ],
							"autoUnwrap": false,
							"uv": [ 36.0, 51.0 ],
							"rotationOrigin": [ 1.19, 9.0E-4, 0.2 ],
							"rotationX": -90.0,
							"rotationY": -84.0,
							"rotationZ": 6.0,
							"faces": {
								"north": { "texture": "#material", "uv": [ 37.0, 59.0, 37.5, 60.0 ] },
								"east": { "texture": "#material", "uv": [ 42.5, 59.0, 50.5, 60.0 ] },
								"south": { "texture": "#material", "uv": [ 44.5, 59.0, 45.0, 60.0 ] },
								"west": { "texture": "#material", "uv": [ 43.0, 59.0, 51.0, 60.0 ] },
								"up": { "texture": "#material", "uv": [ 43.0, 58.0, 42.5, 60.0 ], "autoUv": false },
								"down": { "texture": "#material", "uv": [ 44.0, 58.5, 44.5, 60.5 ], "autoUv": false }
							}
						},
						{
							"name": "33",
							"from": [ 7.5516, -0.7307, 0.1 ],
							"to": [ 8.8516, -0.5307, 6.6 ],
							"autoUnwrap": false,
							"uv": [ 36.0, 52.5 ],
							"rotationOrigin": [ 8.1516, -0.7307, 0.2 ],
							"rotationZ": -12.0,
							"faces": {
								"north": { "texture": "#material", "uv": [ 37.0, 59.0, 38.0, 59.5 ] },
								"east": { "texture": "#material", "uv": [ 43.0, 59.0, 45.5, 59.5 ], "autoUv": false },
								"south": { "texture": "#material", "uv": [ 43.5, 59.0, 44.5, 59.5 ] },
								"west": { "texture": "#material", "uv": [ 44.5, 59.0, 51.0, 59.5 ] },
								"up": { "texture": "#material", "uv": [ 45.0, 57.5, 43.0, 60.0 ], "autoUv": false },
								"down": { "texture": "#material", "uv": [ 37.0, 57.5, 38.0, 60.0 ], "autoUv": false }
							}
						}
					]
				}
			]
		}
	]}