[
  {
    "op": "addmerge",
    "path": "/ingredients/0/validStacks/-",
    "value": {
      "type": "item",
      "code": "vegetable-*",
      "shapeElement": "bowl/vegetable 1/*"
    },
    "file": "game:recipes/cooking/vegetablestew.json",
    "side": "Server"
  },
  {
    "op": "addmerge",
    "path": "/ingredients/1/validStacks/-",
    "value": {
      "type": "item",
      "code": "vegetable-*",
      "shapeElement": "bowl/vegetable 2/*"
    },
    "file": "game:recipes/cooking/vegetablestew.json",
    "side": "Server"
  },
  {
    "op": "addmerge",
    "path": "/ingredients/2/validStacks/-",
    "value": {
      "type": "item",
      "code": "vegetable-*",
      "shapeElement": "bowl/vegetable 3/*"
    },
    "file": "game:recipes/cooking/vegetablestew.json",
    "side": "Server"
  },
  {
    "op": "addmerge",
    "path": "/ingredients/3/validStacks/-",
    "value": {
      "type": "item",
      "code": "vegetable-*",
      "shapeElement": "bowl/vegetable 4/*"
    },
    "file": "game:recipes/cooking/vegetablestew.json",
    "side": "Server"
  }
]