[
    {
        "op": "addeach",
        "path": "/server/behaviors/12/aitasks/0/entityCodes/-",
        "value": [
            "dog-wolf-male",
            "dog-wolf-female",
            "dog-hunting-male",
            "dog-hunting-female"
        ],
        "file": "game:entities/land/hooved/goat.json"
    },
    {
        "op": "addeach",
        "path": "/server/behaviors/12/aitasks/1/entityCodes/-",
        "value": [
            "dog-wolf-male",
            "dog-wolf-female",
            "dog-hunting-male",
            "dog-hunting-female"
        ],
        "file": "game:entities/land/hooved/goat.json"
    },
    {
        "op": "addeach",
        "path": "/server/behaviors/12/aitasks/2/entityCodes/-",
        "value": [
            "dog-wolf-male",
            "dog-wolf-female",
            "dog-hunting-male",
            "dog-hunting-female"
        ],
        "file": "game:entities/land/hooved/goat.json"
    },
    {
        "op": "add",
        "path": "/server/behaviors/12/aitasks/-",
        "value": {
            "code": "stayclosetoshepherd",
            "priority": 1.4,
            "movespeedByType": {
                "goat-muskox-*-adult": 0.065,
                "goat-takingold-*-adult": 0.065,
                "*-baby": 0.04,
                "*": 0.06
            },
            "maxDistance": 7,
            "searchRange": 10,
            "animation": "Run",
            "animationSpeed": 2
        },
        "file": "game:entities/land/hooved/goat.json"
    }
]