[
  {
    "file": "foodshelves:blocktypes/shelves/barshelf.json",
    "op": "replace",
    "path": "/enabled",
    "value": true,
    "dependsOn": [ { "modid": "expandedfoods" } ]
  },
  {
    "file": "foodshelves:recipes/grid/shelves/barshelf.json",
    "op": "addmerge",
    "path": "/0/enabled",
    "value": true,
    "dependsOn": [ { "modid": "expandedfoods" } ]
  },
  {
    "file": "foodshelves:recipes/grid/shelves/barshelf.json",
    "op": "addmerge",
    "path": "/1/enabled",
    "value": true,
    "dependsOn": [ { "modid": "expandedfoods" } ]
  },
  {
    "file": "foodshelves:recipes/grid/shelves/barshelf.json",
    "op": "addmerge",
    "path": "/2/enabled",
    "value": true,
    "dependsOn": [ { "modid": "expandedfoods" } ]
  },
  {
    "file": "foodshelves:blocktypes/shelves/sushishelf.json",
    "op": "addmerge",
    "path": "/enabled",
    "value": false,
    "dependsOn": [ { "modid": "expandedfoods", "invert": true } ]
  },
  {
    "file": "foodshelves:recipes/grid/shelves/sushishelf.json",
    "op": "addmerge",
    "path": "/0/enabled",
    "value": true,
    "dependsOn": [ { "modid": "expandedfoods" } ]
  },
  {
    "file": "foodshelves:recipes/grid/shelves/sushishelf.json",
    "op": "addmerge",
    "path": "/13/enabled",
    "value": true,
    "condition": { "when": "FoodShelves.ExpandedFoodsVariants", "isValue": "true" }
  }
]