[
  {
    "file": "foodshelves:recipes/grid/shelves/eggshelf.json",
    "op": "addmerge",
    "path": "/0",
    "value": {
      "ingredientPattern": "_P_,PSP,_P_",
      "ingredients": {
        "P": { "type": "item", "code": "game:plank-aged" },
        "S": { "type": "block", "code": "foodshelves:breadshelf-aged-east" }
      },
      "width": 3,
      "height": 3,
      "recipeGroup": 1,
      "output": { "type": "block", "code": "eggshelf-aged-east" }
    },
		"condition": { "when": "FoodShelves.EnableVariants", "isValue": "true" }
  },
  {
    "file": "foodshelves:recipes/grid/shelves/eggshelf.json",
    "op": "addmerge",
    "path": "/0",
    "value": {
      "ingredientPattern": "_P_,PSP,_P_",
      "ingredients": {
        "P": { "type": "item", "code": "game:plank-birch" },
        "S": { "type": "block", "code": "foodshelves:breadshelf-birch-east" }
      },
      "width": 3,
      "height": 3,
      "recipeGroup": 1,
      "output": { "type": "block", "code": "eggshelf-birch-east" }
    },
		"condition": { "when": "FoodShelves.EnableVariants", "isValue": "true" }
  },
  {
    "file": "foodshelves:recipes/grid/shelves/eggshelf.json",
    "op": "addmerge",
    "path": "/0",
    "value": {
      "ingredientPattern": "_P_,PSP,_P_",
      "ingredients": {
        "P": { "type": "item", "code": "game:plank-oak" },
        "S": { "type": "block", "code": "foodshelves:breadshelf-oak-east" }
      },
      "width": 3,
      "height": 3,
      "recipeGroup": 1,
      "output": { "type": "block", "code": "eggshelf-oak-east" }
    },
		"condition": { "when": "FoodShelves.EnableVariants", "isValue": "true" }
  },
  {
    "file": "foodshelves:recipes/grid/shelves/eggshelf.json",
    "op": "addmerge",
    "path": "/0",
    "value": {
      "ingredientPattern": "_P_,PSP,_P_",
      "ingredients": {
        "P": { "type": "item", "code": "game:plank-maple" },
        "S": { "type": "block", "code": "foodshelves:breadshelf-maple-east" }
      },
      "width": 3,
      "height": 3,
      "recipeGroup": 1,
      "output": { "type": "block", "code": "eggshelf-maple-east" }
    },
		"condition": { "when": "FoodShelves.EnableVariants", "isValue": "true" }
  },
  {
    "file": "foodshelves:recipes/grid/shelves/eggshelf.json",
    "op": "addmerge",
    "path": "/0",
    "value": {
      "ingredientPattern": "_P_,PSP,_P_",
      "ingredients": {
        "P": { "type": "item", "code": "game:plank-pine" },
        "S": { "type": "block", "code": "foodshelves:breadshelf-pine-east" }
      },
      "width": 3,
      "height": 3,
      "recipeGroup": 1,
      "output": { "type": "block", "code": "eggshelf-pine-east" }
    },
		"condition": { "when": "FoodShelves.EnableVariants", "isValue": "true" }
  },
  {
    "file": "foodshelves:recipes/grid/shelves/eggshelf.json",
    "op": "addmerge",
    "path": "/0",
    "value": {
      "ingredientPattern": "_P_,PSP,_P_",
      "ingredients": {
        "P": { "type": "item", "code": "game:plank-acacia" },
        "S": { "type": "block", "code": "foodshelves:breadshelf-acacia-east" }
      },
      "width": 3,
      "height": 3,
      "recipeGroup": 1,
      "output": { "type": "block", "code": "eggshelf-acacia-east" }
    },
		"condition": { "when": "FoodShelves.EnableVariants", "isValue": "true" }
  },
  {
    "file": "foodshelves:recipes/grid/shelves/eggshelf.json",
    "op": "addmerge",
    "path": "/0",
    "value": {
      "ingredientPattern": "_P_,PSP,_P_",
      "ingredients": {
        "P": { "type": "item", "code": "game:plank-kapok" },
        "S": { "type": "block", "code": "foodshelves:breadshelf-kapok-east" }
      },
      "width": 3,
      "height": 3,
      "recipeGroup": 1,
      "output": { "type": "block", "code": "eggshelf-kapok-east" }
    },
		"condition": { "when": "FoodShelves.EnableVariants", "isValue": "true" }
  },
  {
    "file": "foodshelves:recipes/grid/shelves/eggshelf.json",
    "op": "addmerge",
    "path": "/0",
    "value": {
      "ingredientPattern": "_P_,PSP,_P_",
      "ingredients": {
        "P": { "type": "item", "code": "game:plank-baldcypress" },
        "S": { "type": "block", "code": "foodshelves:breadshelf-baldcypress-east" }
      },
      "width": 3,
      "height": 3,
      "recipeGroup": 1,
      "output": { "type": "block", "code": "eggshelf-baldcypress-east" }
    },
		"condition": { "when": "FoodShelves.EnableVariants", "isValue": "true" }
  },
  {
    "file": "foodshelves:recipes/grid/shelves/eggshelf.json",
    "op": "addmerge",
    "path": "/0",
    "value": {
      "ingredientPattern": "_P_,PSP,_P_",
      "ingredients": {
        "P": { "type": "item", "code": "game:plank-larch" },
        "S": { "type": "block", "code": "foodshelves:breadshelf-larch-east" }
      },
      "width": 3,
      "height": 3,
      "recipeGroup": 1,
      "output": { "type": "block", "code": "eggshelf-larch-east" }
    },
		"condition": { "when": "FoodShelves.EnableVariants", "isValue": "true" }
  },
  {
    "file": "foodshelves:recipes/grid/shelves/eggshelf.json",
    "op": "addmerge",
    "path": "/0",
    "value": {
      "ingredientPattern": "_P_,PSP,_P_",
      "ingredients": {
        "P": { "type": "item", "code": "game:plank-redwood" },
        "S": { "type": "block", "code": "foodshelves:breadshelf-redwood-east" }
      },
      "width": 3,
      "height": 3,
      "recipeGroup": 1,
      "output": { "type": "block", "code": "eggshelf-redwood-east" }
    },
		"condition": { "when": "FoodShelves.EnableVariants", "isValue": "true" }
  },
  {
    "file": "foodshelves:recipes/grid/shelves/eggshelf.json",
    "op": "addmerge",
    "path": "/0",
    "value": {
      "ingredientPattern": "_P_,PSP,_P_",
      "ingredients": {
        "P": { "type": "item", "code": "game:plank-ebony" },
        "S": { "type": "block", "code": "foodshelves:breadshelf-ebony-east" }
      },
      "width": 3,
      "height": 3,
      "recipeGroup": 1,
      "output": { "type": "block", "code": "eggshelf-ebony-east" }
    },
		"condition": { "when": "FoodShelves.EnableVariants", "isValue": "true" }
  },
  {
    "file": "foodshelves:recipes/grid/shelves/eggshelf.json",
    "op": "addmerge",
    "path": "/0",
    "value": {
      "ingredientPattern": "_P_,PSP,_P_",
      "ingredients": {
        "P": { "type": "item", "code": "game:plank-walnut" },
        "S": { "type": "block", "code": "foodshelves:breadshelf-walnut-east" }
      },
      "width": 3,
      "height": 3,
      "recipeGroup": 1,
      "output": { "type": "block", "code": "eggshelf-walnut-east" }
    },
		"condition": { "when": "FoodShelves.EnableVariants", "isValue": "true" }
  },
  {
    "file": "foodshelves:recipes/grid/shelves/eggshelf.json",
    "op": "addmerge",
    "path": "/0",
    "value": {
      "ingredientPattern": "_P_,PSP,_P_",
      "ingredients": {
        "P": { "type": "item", "code": "game:plank-purpleheart" },
        "S": { "type": "block", "code": "foodshelves:breadshelf-purpleheart-east" }
      },
      "width": 3,
      "height": 3,
      "recipeGroup": 1,
      "output": { "type": "block", "code": "eggshelf-purpleheart-east" }
    },
		"condition": { "when": "FoodShelves.EnableVariants", "isValue": "true" }
  },
  {
    "file": "foodshelves:recipes/grid/shelves/eggshelf.json",
    "op": "addmerge",
    "path": "/0",
    "value": {
      "ingredientPattern": "__,_S",
      "ingredients": {
        "S": { "type": "block", "code": "foodshelves:eggshelf-*-east", "name": "type", "allowedVariants": [ "aged", "birch", "oak", "maple", "pine", "acacia", "kapok", "baldcypress", "larch", "redwood", "ebony", "walnut", "purpleheart" ] }
      },
      "width": 2,
      "height": 2,
      "recipeGroup": 2,
      "output": { "type": "block", "code": "eggshelf-short{type}-east", "quantity": 2 }
    },
		"condition": { "when": "FoodShelves.EnableVariants", "isValue": "true" }
  },
  {
    "file": "foodshelves:recipes/grid/shelves/eggshelf.json",
    "op": "addmerge",
    "path": "/0",
    "value": {
      "ingredientPattern": "__,_S",
      "ingredients": {
        "S": { "type": "block", "code": "foodshelves:eggshelf-normal-east" }
      },
      "width": 2,
      "height": 2,
      "recipeGroup": 2,
      "output": { "type": "block", "code": "eggshelf-short-east", "quantity": 2 }
    },
		"condition": { "when": "FoodShelves.EnableVariants", "isValue": "true" }
  },
  {
    "file": "foodshelves:recipes/grid/shelves/eggshelf.json",
    "op": "addmerge",
    "path": "/0",
    "value": {
      "ingredientPattern": "__,_S",
      "ingredients": {
        "S": { "type": "block", "code": "foodshelves:eggshelf-short-east", "quantity": 2 }
      },
      "width": 2,
      "height": 2,
      "recipeGroup": 2,
      "output": { "type": "block", "code": "eggshelf-normal-east" }
    },
		"condition": { "when": "FoodShelves.EnableVariants", "isValue": "true" }
  },
  {
    "file": "foodshelves:recipes/grid/shelves/eggshelf.json",
    "op": "addmerge",
    "path": "/0",
    "value": {
      "ingredientPattern": "__,_S",
      "ingredients": {
        "S": { "type": "block", "code": "foodshelves:eggshelf-shortaged-east", "quantity": 2 }
      },
      "width": 2,
      "height": 2,
      "recipeGroup": 2,
      "output": { "type": "block", "code": "eggshelf-aged-east" }
    },
		"condition": { "when": "FoodShelves.EnableVariants", "isValue": "true" }
  },
  {
    "file": "foodshelves:recipes/grid/shelves/eggshelf.json",
    "op": "addmerge",
    "path": "/0",
    "value": {
      "ingredientPattern": "__,_S",
      "ingredients": {
        "S": { "type": "block", "code": "foodshelves:eggshelf-shortbirch-east", "quantity": 2 }
      },
      "width": 2,
      "height": 2,
      "recipeGroup": 2,
      "output": { "type": "block", "code": "eggshelf-birch-east" }
    },
		"condition": { "when": "FoodShelves.EnableVariants", "isValue": "true" }
  },
  {
    "file": "foodshelves:recipes/grid/shelves/eggshelf.json",
    "op": "addmerge",
    "path": "/0",
    "value": {
      "ingredientPattern": "__,_S",
      "ingredients": {
        "S": { "type": "block", "code": "foodshelves:eggshelf-shortoak-east", "quantity": 2 }
      },
      "width": 2,
      "height": 2,
      "recipeGroup": 2,
      "output": { "type": "block", "code": "eggshelf-oak-east" }
    },
		"condition": { "when": "FoodShelves.EnableVariants", "isValue": "true" }
  },
  {
    "file": "foodshelves:recipes/grid/shelves/eggshelf.json",
    "op": "addmerge",
    "path": "/0",
    "value": {
      "ingredientPattern": "__,_S",
      "ingredients": {
        "S": { "type": "block", "code": "foodshelves:eggshelf-shortmaple-east", "quantity": 2 }
      },
      "width": 2,
      "height": 2,
      "recipeGroup": 2,
      "output": { "type": "block", "code": "eggshelf-maple-east" }
    },
		"condition": { "when": "FoodShelves.EnableVariants", "isValue": "true" }
  },
  {
    "file": "foodshelves:recipes/grid/shelves/eggshelf.json",
    "op": "addmerge",
    "path": "/0",
    "value": {
      "ingredientPattern": "__,_S",
      "ingredients": {
        "S": { "type": "block", "code": "foodshelves:eggshelf-shortpine-east", "quantity": 2 }
      },
      "width": 2,
      "height": 2,
      "recipeGroup": 2,
      "output": { "type": "block", "code": "eggshelf-pine-east" }
    },
		"condition": { "when": "FoodShelves.EnableVariants", "isValue": "true" }
  },
  {
    "file": "foodshelves:recipes/grid/shelves/eggshelf.json",
    "op": "addmerge",
    "path": "/0",
    "value": {
      "ingredientPattern": "__,_S",
      "ingredients": {
        "S": { "type": "block", "code": "foodshelves:eggshelf-shortacacia-east", "quantity": 2 }
      },
      "width": 2,
      "height": 2,
      "recipeGroup": 2,
      "output": { "type": "block", "code": "eggshelf-acacia-east" }
    },
		"condition": { "when": "FoodShelves.EnableVariants", "isValue": "true" }
  },
  {
    "file": "foodshelves:recipes/grid/shelves/eggshelf.json",
    "op": "addmerge",
    "path": "/0",
    "value": {
      "ingredientPattern": "__,_S",
      "ingredients": {
        "S": { "type": "block", "code": "foodshelves:eggshelf-shortkapok-east", "quantity": 2 }
      },
      "width": 2,
      "height": 2,
      "recipeGroup": 2,
      "output": { "type": "block", "code": "eggshelf-kapok-east" }
    },
		"condition": { "when": "FoodShelves.EnableVariants", "isValue": "true" }
  },
  {
    "file": "foodshelves:recipes/grid/shelves/eggshelf.json",
    "op": "addmerge",
    "path": "/0",
    "value": {
      "ingredientPattern": "__,_S",
      "ingredients": {
        "S": { "type": "block", "code": "foodshelves:eggshelf-shortbaldcypress-east", "quantity": 2 }
      },
      "width": 2,
      "height": 2,
      "recipeGroup": 2,
      "output": { "type": "block", "code": "eggshelf-baldcypress-east" }
    },
		"condition": { "when": "FoodShelves.EnableVariants", "isValue": "true" }
  },
  {
    "file": "foodshelves:recipes/grid/shelves/eggshelf.json",
    "op": "addmerge",
    "path": "/0",
    "value": {
      "ingredientPattern": "__,_S",
      "ingredients": {
        "S": { "type": "block", "code": "foodshelves:eggshelf-shortlarch-east", "quantity": 2 }
      },
      "width": 2,
      "height": 2,
      "recipeGroup": 2,
      "output": { "type": "block", "code": "eggshelf-larch-east" }
    },
		"condition": { "when": "FoodShelves.EnableVariants", "isValue": "true" }
  },
  {
    "file": "foodshelves:recipes/grid/shelves/eggshelf.json",
    "op": "addmerge",
    "path": "/0",
    "value": {
      "ingredientPattern": "__,_S",
      "ingredients": {
        "S": { "type": "block", "code": "foodshelves:eggshelf-shortredwood-east", "quantity": 2 }
      },
      "width": 2,
      "height": 2,
      "recipeGroup": 2,
      "output": { "type": "block", "code": "eggshelf-redwood-east" }
    },
		"condition": { "when": "FoodShelves.EnableVariants", "isValue": "true" }
  },
  {
    "file": "foodshelves:recipes/grid/shelves/eggshelf.json",
    "op": "addmerge",
    "path": "/0",
    "value": {
      "ingredientPattern": "__,_S",
      "ingredients": {
        "S": { "type": "block", "code": "foodshelves:eggshelf-shortebony-east", "quantity": 2 }
      },
      "width": 2,
      "height": 2,
      "recipeGroup": 2,
      "output": { "type": "block", "code": "eggshelf-ebony-east" }
    },
		"condition": { "when": "FoodShelves.EnableVariants", "isValue": "true" }
  },
  {
    "file": "foodshelves:recipes/grid/shelves/eggshelf.json",
    "op": "addmerge",
    "path": "/0",
    "value": {
      "ingredientPattern": "__,_S",
      "ingredients": {
        "S": { "type": "block", "code": "foodshelves:eggshelf-shortwalnut-east", "quantity": 2 }
      },
      "width": 2,
      "height": 2,
      "recipeGroup": 2,
      "output": { "type": "block", "code": "eggshelf-walnut-east" }
    },
		"condition": { "when": "FoodShelves.EnableVariants", "isValue": "true" }
  },
  {
    "file": "foodshelves:recipes/grid/shelves/eggshelf.json",
    "op": "addmerge",
    "path": "/0",
    "value": {
      "ingredientPattern": "__,_S",
      "ingredients": {
        "S": { "type": "block", "code": "foodshelves:eggshelf-shortpurpleheart-east", "quantity": 2 }
      },
      "width": 2,
      "height": 2,
      "recipeGroup": 2,
      "output": { "type": "block", "code": "eggshelf-purpleheart-east" }
    },
		"condition": { "when": "FoodShelves.EnableVariants", "isValue": "true" }
  }
]