[
  {
    "file": "foodshelves:recipes/grid/shelves/pieshelf.json",
    "op": "addmerge",
    "path": "/0",
    "value": {
      "ingredientPattern": "P,P,P",
      "ingredients": {
        "P": { "type": "item", "code": "game:plank-*", "quantity": 2, "name": "wood" }
      },
      "width": 1,
      "height": 3,
      "recipeGroup": 1,
      "output": { "type": "block", "code": "pieshelf-{wood}-east" }
    },
		"condition": { "when": "FoodShelves.EnableVariants", "isValue": "true" }
  }
]