{
	"code": "toolmold",
	"classByType": {
		"toolmold-raw-*": "Block",
		"toolmold-burned-*": "BlockToolMold"
	},
	"behaviorsByType": {
		"*-raw-*": [
			{
				"name": "GroundStorable",
				"properties": { "layout": "SingleCenter" }
			},
			{
				"name": "Unplaceable",
				"__comment": "The ground storable obsoletes this being a block. Should be an item, but is kept a block for backwards compatibility"
			},
			{ "name": "RightClickPickup" }
		],
		"*": [
			{ "name": "Lockable" },
			{ "name": "UnstableFalling" }
		]
	},
	"entityBehaviorsByType": {
		"toolmold-burned-*": [ { "name": "TemperatureSensitive" } ]
	},
	"variantgroups": [
		{
			"code": "materialtype",
			"states": [ "raw", "burned" ]
		},
		{
			"code": "tooltype",
			"states": [ "bowl", "pot" ]
		}
	],
	"attributes": {
		"reinforcable": true,
		"shatteredShape": { "base": "block/clay/mold/shattered-ingot" },
		"onTongTransformByType": {
			"*": {
				"translation": {
					"x": -0.9,
					"y": -1.5,
					"z": -0.6
				},
				"rotation": {
					"x": 117,
					"y": 0,
					"z": 0
				},
				"scale": 0.74
			}
		}
	},
	"attributesByType": {
		"toolmold-burned-bowl": {
			"requiredUnits": 100,
			"fillHeight": 2.5,
			"moldrackable": false,
			"fillQuadsByLevel": [
				{
					"x1": 5,
					"z1": 5,
					"x2": 11,
					"z2": 11
				}
			],
			"drop": {
				"type": "block",
				"code": "metalbowl-{metal}-empty"
			}
		},
		"toolmold-burned-pot": {
			"requiredUnits": 350,
			"fillHeight": 7,
			"moldrackable": false,
			"fillQuadsByLevel": [
				{
					"x1": 4,
					"z1": 4,
					"x2": 12,
					"z2": 12
				}
			],
			"drop": {
				"type": "block",
				"code": "metalpot-{metal}-empty"
			}
		}
	},
	"entityClassByType": {
		"toolmold-burned-*": "ToolMold"
	},
	"combustiblePropsByType": {
		"toolmold-raw-*": {
			"meltingPoint": 650,
			"meltingDuration": 45,
			"smeltedRatio": 1,
			"smeltingType": "fire",
			"smeltedStack": {
				"type": "block",
				"code": "toolmold-burned-{tooltype}"
			},
			"requiresContainer": false
		}
	},
	"blockmaterial": "Ceramic",
	"creativeinventory": {
		"general": [ "*" ],
		"construction": [ "*" ],
		"artofcooking": [ "*" ]
	},
	"replaceable": 700,
	"resistance": 1.5,
	"maxStackSize": 8,
	"lightAbsorption": 0,
	"texturesByType": {
		"toolmold-raw-*": { "all": { "base": "game:block/clay/blueclay" } },
		"toolmold-burned-*": {
			"floor": { "base": "game:block/clay/ceramic-dark" },
			"other": { "base": "game:block/clay/ceramic" },
			"ceramic": { "base": "game:block/clay/ceramic" }
		}
	},
	"shape": {
		"base": "block/clay/mold/{tooltype}",
		"rotateYByType": { "*": 90 }
	},
	"sounds": {
		"walk": "game:walk/stone"
	},
	"collisionboxByType": {
		"*-bowl": {
			"x1": 0.28125,
			"y1": 0,
			"z1": 0.28125,
			"x2": 0.71875,
			"y2": 0.21875,
			"z2": 0.71875
		},
		"*-pot": {
			"x1": 0.1875,
			"y1": 0,
			"z1": 0.1875,
			"x2": 0.8125,
			"y2": 0.5,
			"z2": 0.8125
		}
	},
	"selectionboxByType": {
		"*-bowl": {
			"x1": 0,
			"y1": 0,
			"z1": 0,
			"x2": 1,
			"y2": 0.21875,
			"z2": 1
		},
		"*-pot": {
			"x1": 0,
			"y1": 0,
			"z1": 0,
			"x2": 1,
			"y2": 0.5,
			"z2": 1
		}
	},
	"sideopaque": {
		"all": false
	},
	"sidesolid": {
		"all": false
	},
	"heldTpIdleAnimationByType": {
		"*": "holdbothhands"
	},
	"heldTpUseAnimationByType": {
		"*": "twohandplaceblock"
	},
	"guiTransformByType": {
		"*": {
			"origin": {
				"x": 0.5,
				"y": 0.18,
				"z": 0.5
			},
			"scale": 1.8
		}
	},
	"tpHandTransformByType": {
		"*": {
			"translation": {
				"x": -0.97,
				"y": -0.1,
				"z": -0.65
			},
			"rotation": {
				"x": -51,
				"y": 23,
				"z": -114
			},
			"origin": {
				"x": 0.5,
				"y": 0.125,
				"z": 0.5
			},
			"scale": 0.56
		}
	},
	"fpHandTransformByType": {
		"*": {
			"translation": {
				"x": -0.3,
				"y": 0,
				"z": 0.5
			},
			"rotation": {
				"x": 16,
				"y": -50,
				"z": 1
			},
			"origin": {
				"x": 0.5,
				"y": 0.125,
				"z": 0.5
			}
		}
	},
	"groundTransform": {
		"translation": {
			"x": 0,
			"y": 0,
			"z": 0
		},
		"rotation": {
			"x": 0,
			"y": -45,
			"z": 0
		},
		"origin": {
			"x": 0.5,
			"y": 0,
			"z": 0.5
		},
		"scale": 2.2
	}
}