[
	{
	"name": "pattern-brush",
	"ingredientPattern": "BWR,LPS,YKG",
	"requiresTrait": "clothier",
	"ingredients": {
		"W": { "type": "item", "code": "tailorsdelight:brush-*-white", "isTool": true, "name": "white", "allowedVariants": [ "wet", "dry" ] },
		"K": { "type": "item", "code": "tailorsdelight:brush-*-black", "isTool": true, "name": "black", "allowedVariants": [ "wet", "dry" ] },
		"B": { "type": "item", "code": "tailorsdelight:brush-*-blue", "isTool": true, "name": "blue", "allowedVariants": [ "wet", "dry" ] },
		"R": { "type": "item", "code": "tailorsdelight:brush-*-red", "isTool": true, "name": "red", "allowedVariants": [ "wet", "dry" ] },
		"Y": { "type": "item", "code": "tailorsdelight:brush-*-yellow", "isTool": true, "name": "red", "allowedVariants": [ "wet", "dry" ] },
		"G": { "type": "item", "code": "tailorsdelight:brush-*-green", "isTool": true, "name": "red", "allowedVariants": [ "wet", "dry" ] },
		"S": { "type": "item", "code": "game:plumbandsquare", "returnedStack": { "type": "item", "code": "game:plumbandsquare" } },
		"L": { "type": "item", "code": "tailorsdelight:ruler-*", "isTool": true },
		"P": { "type": "item", "code": "bookbinders:parchment-vellum" }
	},
	"width": 3,
	"height": 3,
	"output": { "type": "item", "code": "tailorsdelight:patternset-empty" }
	},

	{
	"name": "pattern-brush",
	"ingredientPattern": "BWR,LPS,YKG",
	"requiresTrait": "clothier",
	"ingredients": {
		"W": { "type": "item", "code": "tailorsdelight:brush-*-white", "isTool": true, "name": "white", "allowedVariants": [ "wet", "dry" ] },
		"K": { "type": "item", "code": "tailorsdelight:brush-*-black", "isTool": true, "name": "black", "allowedVariants": [ "wet", "dry" ] },
		"B": { "type": "item", "code": "tailorsdelight:brush-*-blue", "isTool": true, "name": "blue", "allowedVariants": [ "wet", "dry" ] },
		"R": { "type": "item", "code": "tailorsdelight:brush-*-red", "isTool": true, "name": "red", "allowedVariants": [ "wet", "dry" ] },
		"Y": { "type": "item", "code": "tailorsdelight:brush-*-yellow", "isTool": true, "name": "red", "allowedVariants": [ "wet", "dry" ] },
		"G": { "type": "item", "code": "tailorsdelight:brush-*-green", "isTool": true, "name": "red", "allowedVariants": [ "wet", "dry" ] },
		"S": { "type": "item", "code": "game:plumbandsquare", "returnedStack": { "type": "item", "code": "game:plumbandsquare" } },
		"L": { "type": "item", "code": "tailorsdelight:ruler-*", "isTool": true },
		"P": { "type": "item", "code": "bookbinders:parchment-smooth" }
	},
	"width": 3,
	"height": 3,
	"output": { "type": "item", "code": "tailorsdelight:patternset-empty" }
	}
]
