[
	{
	"name": "nadiyan-blacksmith-apron",
	"ingredientPattern": "CAC,TST,FSF",
	"requiresTrait": "clothier",
	"ingredients": {
		"C": { "type": "item", "code": "tailorsdelight:leatherbundle-nadiyan" },
		"S": { "type": "item", "code": "tailorsdelight:leatherbundle-sturdy" },
		"A": { "type": "item", "code": "tailorsdelight:awl-*", "isTool": true },
		"T": { "type": "item", "code": "tailorsdelight:twine-red" },
		"F": { "type": "item", "code": "game:fat", "quantity": 1 }
	},
	"width": 3,
	"height": 3,
	"output": { "type": "item", "code": "game:clothes-nadiya-shoulder-blacksmith" }
	},

	{
	"name": "nadiyan-barber-apron",
	"ingredientPattern": "CAC,FLF,WLW",
	"requiresTrait": "clothier",
	"ingredients": {
		"C": { "type": "item", "code": "game:cloth-plain" },
		"L": { "type": "item", "code": "tailorsdelight:leatherbundle-nadiyan" },
		"A": { "type": "item", "code": "tailorsdelight:awl-*", "isTool": true },
		"F": { "type": "item", "code": "tailorsdelight:twine-blue", "quantity": 2 },
		"W": { "type": "item", "code": "game:fat" }
	},
	"width": 3,
	"height": 3,
	"output": { "type": "item", "code": "game:clothes-nadiya-shoulder-barber" }
	},

	{
	"name": "nadiyan-innkeeper-apron",
	"ingredientPattern": "CAC,TST,FSF",
	"requiresTrait": "clothier",
	"ingredients": {
		"C": { "type": "item", "code": "tailorsdelight:leatherbundle-nadiyan" },
		"S": { "type": "item", "code": "tailorsdelight:leatherbundle-plain" },
		"A": { "type": "item", "code": "tailorsdelight:awl-*", "isTool": true },
		"T": { "type": "item", "code": "tailorsdelight:twine-blue" },
		"F": { "type": "item", "code": "game:fat", "quantity": 1 }
	},
	"width": 3,
	"height": 3,
	"output": { "type": "item", "code": "game:clothes-nadiya-shoulder-innkeeper" }
	}
]
