[
	{
	"name": "nadiyan-barber-shirt",
	"ingredientPattern": "CBC,CTC,RSR",
	"requiresTrait": "clothier",
	"ingredients": {
		"C": { "type": "item", "code": "game:cloth-plain" },
		"S": { "type": "item", "code": "game:sewingkit" },
		"B": { "type": "item", "code": "tailorsdelight:buttons-*", "name": "buttons", "allowedVariants": [ "mixed", "horn" ] },
		"R": { "type": "item", "code": "tailorsdelight:twine-brown" },
		"T": { "type": "item", "code": "tailorsdelight:twine-darkblue", "quantity": 2 }
	},
	"width": 3,
	"height": 3,
	"output": { "type": "item", "code": "game:clothes-nadiya-upperbody-barber" }
	},

	{
	"name": "nadiyan-alchemist-shirt",
	"ingredientPattern": "CBC,GLG,TSR",
	"requiresTrait": "clothier",
	"ingredients": {
		"C": { "type": "item", "code": "game:cloth-plain" },
		"G": { "type": "item", "code": "game:cloth-brown" },
		"S": { "type": "item", "code": "game:sewingkit" },
		"B": { "type": "item", "code": "tailorsdelight:buttons-*", "name": "buttons", "allowedVariants": [ "mixed", "horn" ] },
		"L": { "type": "item", "code": "tailorsdelight:leatherstrips-plain", "quantity": 2 },
		"T": { "type": "item", "code": "tailorsdelight:twine-darkblue", "quantity": 2 },
		"R": { "type": "item", "code": "game:shears-*", "isTool": true }
	},
	"width": 3,
	"height": 3,
	"output": { "type": "item", "code": "game:clothes-nadiya-upperbody-alchemist" }
	},

	{
	"name": "nadiyan-alchemist-shirt",
	"ingredientPattern": "CBC,GLG,TSR",
	"requiresTrait": "tinkerer",
	"ingredients": {
		"C": { "type": "item", "code": "game:cloth-plain", "quantity": 2 },
		"G": { "type": "item", "code": "game:cloth-brown" },
		"S": { "type": "item", "code": "game:sewingkit" },
		"B": { "type": "item", "code": "tailorsdelight:buttons-*", "name": "buttons", "allowedVariants": [ "mixed", "horn" ] },
		"L": { "type": "item", "code": "tailorsdelight:leatherstrips-plain", "quantity": 3 },
		"T": { "type": "item", "code": "tailorsdelight:twine-darkblue", "quantity": 3 },
		"R": { "type": "item", "code": "game:shears-*", "isTool": true, "toolDurabilityCost": 2 }
	},
	"recipeGroup": 2,
	"width": 3,
	"height": 3,
	"output": { "type": "item", "code": "game:clothes-nadiya-upperbody-alchemist" }
	},

	{
	"name": "nadiyan-tailor-shirt",
	"ingredientPattern": "GBG,GLG,TSR",
	"requiresTrait": "clothier",
	"ingredients": {
		"G": { "type": "item", "code": "game:cloth-gray" },
		"S": { "type": "item", "code": "game:sewingkit" },
		"B": { "type": "item", "code": "tailorsdelight:buttons-*", "name": "buttons", "allowedVariants": [ "mixed", "horn" ] },
		"L": { "type": "item", "code": "tailorsdelight:twine-brown" },
		"T": { "type": "item", "code": "tailorsdelight:twine-darkblue", "quantity": 2 },
		"R": { "type": "item", "code": "game:shears-*", "isTool": true }
	},
	"width": 3,
	"height": 3,
	"output": { "type": "item", "code": "game:clothes-nadiya-upperbody-tailor" }
	},

	{
	"name": "nadiyan-musician-shirt",
	"ingredientPattern": "GBG,GLG,TST",
	"requiresTrait": "clothier",
	"ingredients": {
		"G": { "type": "item", "code": "tailorsdelight:cloth-darkblue" },
		"S": { "type": "item", "code": "game:sewingkit" },
		"B": { "type": "item", "code": "tailorsdelight:buttons-*", "name": "buttons", "allowedVariants": [ "mixed", "horn" ] },
		"L": { "type": "item", "code": "game:flaxtwine" },
		"T": { "type": "item", "code": "tailorsdelight:twine-white" }
	},
	"width": 3,
	"height": 3,
	"output": { "type": "item", "code": "game:clothes-nadiya-upperbody-musician" }
	}
]
