[
	{
	"name": "nadiyan-heavy-belt",
	"ingredientPattern": "WST,ABK",
	"requiresTrait": "clothier",
	"ingredients": {
		"B": { "type": "item", "code": "tailorsdelight:buttons-zinc" },
		"S": { "type": "item", "code": "tailorsdelight:leatherbundle-sturdy" },
		"A": { "type": "item", "code": "tailorsdelight:awl-*", "isTool": true },
		"T": { "type": "item", "code": "tailorsdelight:twine-black" },
		"W": { "type": "item", "code": "tailorsdelight:twine-white" },
		"K": { "type": "item", "code": "game:sewingkit" }
	},
	"width": 3,
	"height": 2,
	"output": { "type": "item", "code": "game:clothes-nadiya-waist-winter1" }
	}

]
