[
  {
    "op": "remove",
    "path": "/structures/5",
    "file": "game:worldgen/structures.json",
    "side": "Server"
  },
  {
    "op": "remove",
    "path": "/structures/5",
    "file": "game:worldgen/structures.json",
    "side": "Server"
  },
  {
    "op": "remove",
    "path": "/structures/5",
    "file": "game:worldgen/structures.json",
    "side": "Server"
  },
  {
    "op": "remove",
    "path": "/structures/5",
    "file": "game:worldgen/structures.json",
    "side": "Server"
  },
  {
    "op": "remove",
    "path": "/structures/5",
    "file": "game:worldgen/structures.json",
    "side": "Server"
  },
  {
    "op": "remove",
    "path": "/structures/5",
    "file": "game:worldgen/structures.json",
    "side": "Server"
  },
  {
    "op": "remove",
    "path": "/structures/5",
    "file": "game:worldgen/structures.json",
    "side": "Server"
  },
  {
    "op": "remove",
    "path": "/structures/5",
    "file": "game:worldgen/structures.json",
    "side": "Server"
  },
  {
    "op": "remove",
    "path": "/structures/5",
    "file": "game:worldgen/structures.json",
    "side": "Server"
  },
  {
    "op": "remove",
    "path": "/structures/5",
    "file": "game:worldgen/structures.json",
    "side": "Server"
  },
  {
    "op": "remove",
    "path": "/structures/5",
    "file": "game:worldgen/structures.json",
    "side": "Server"
  },
  {
    "op": "remove",
    "path": "/structures/5",
    "file": "game:worldgen/structures.json",
    "side": "Server"
  },
  {
    "op": "remove",
    "path": "/structures/5",
    "file": "game:worldgen/structures.json",
    "side": "Server"
  },
  {
    "op": "remove",
    "path": "/structures/5",
    "file": "game:worldgen/structures.json",
    "side": "Server"
  },
  {
    "op": "remove",
    "path": "/structures/5",
    "file": "game:worldgen/structures.json",
    "side": "Server"
  },
  {
    "op": "replace",
    "path": "/structures/5",
    "value": {
      "code": "lakes",
      "name": "common",
      "chance": 1.3,
      "placement": "underground",
      "schematics": [
        "underground/lakes/*"
      ],
      "rockTypeRemapGroup": "underground"
    },
    "file": "game:worldgen/structures.json",
    "side": "Server"
  },
  {
    "op": "add",
    "path": "/structures/6",
    "value": {
      "code": "olivine vugs",
      "name": "common",
      "chance": 100,
      "schematics": [
        "vug/olivine/*"
      ],
      "placement": "underground",
      "origin": "MiddleCenter",
      "replaceWithRockType": {
        "ore-olivine-peridotite": "ore-olivine-{rock}"
      },
      "insideBlockCodes": [
        "ore-olivine-peridotite"
      ]
    },
    "file": "game:worldgen/structures.json",
    "side": "Server"
  },
  {
    "op": "add",
    "path": "/structures/7",
    "value": {
      "code": "milky quartz vugs",
      "name": "common",
      "chance": 120,
      "schematics": [
        "vug/milkyquartz/*"
      ],
      "placement": "underground",
      "origin": "MiddleCenter",
      "replaceWithRockType": {
        "ore-quartz-granite": "ore-quartz-{rock}"
      },
      "insideBlockCodes": [
        "ore-quartz-andesite",
        "ore-quartz-granite",
        "ore-quartz-basalt",
        "ore-quartz-peridotite",
        "ore-quartz-claystone",
        "ore-quartz-sandstone",
        "ore-quartz-shale",
        "ore-quartz-chalk",
        "ore-quartz-limestone",
        "ore-quartz-chert",
        "ore-quartz-conglomerate",
        "ore-quartz-phyllite",
        "ore-quartz-slate"
      ]
    },
    "file": "game:worldgen/structures.json",
    "side": "Server"
  },
  {
    "op": "add",
    "path": "/structures/8",
    "value": {
      "code": "rose quartz vugs",
      "name": "common",
      "chance": 60,
      "schematics": [
        "vug/rosequartz/*"
      ],
      "placement": "underground",
      "origin": "MiddleCenter",
      "replaceWithRockType": {
        "ore-quartz-granite": "ore-quartz-{rock}"
      },
      "insideBlockCodes": [
        "ore-quartz-andesite",
        "ore-quartz-granite",
        "ore-quartz-basalt",
        "ore-quartz-peridotite",
        "ore-quartz-claystone",
        "ore-quartz-sandstone",
        "ore-quartz-shale",
        "ore-quartz-chalk",
        "ore-quartz-limestone",
        "ore-quartz-chert",
        "ore-quartz-conglomerate",
        "ore-quartz-phyllite",
        "ore-quartz-slate"
      ]
    },
    "file": "game:worldgen/structures.json",
    "side": "Server"
  },
  {
    "op": "add",
    "path": "/structures/9",
    "value": {
      "code": "smoky quartz vugs",
      "name": "common",
      "chance": 30,
      "schematics": [
        "vug/smokyquartz/*"
      ],
      "placement": "underground",
      "origin": "MiddleCenter",
      "replaceWithRockType": {
        "ore-quartz-granite": "ore-quartz-{rock}"
      },
      "insideBlockCodes": [
        "ore-quartz-andesite",
        "ore-quartz-granite",
        "ore-quartz-basalt",
        "ore-quartz-peridotite",
        "ore-quartz-claystone",
        "ore-quartz-sandstone",
        "ore-quartz-shale",
        "ore-quartz-chalk",
        "ore-quartz-limestone",
        "ore-quartz-chert",
        "ore-quartz-conglomerate",
        "ore-quartz-phyllite",
        "ore-quartz-slate"
      ]
    },
    "file": "game:worldgen/structures.json",
    "side": "Server"
  },
  {
    "op": "add",
    "path": "/structures/10",
    "value": {
      "code": "amethyst vugs",
      "name": "common",
      "chance": 16,
      "schematics": [
        "vug/amethyst/*"
      ],
      "placement": "underground",
      "origin": "MiddleCenter",
      "replaceWithRockType": {
        "ore-quartz-granite": "ore-quartz-{rock}"
      },
      "insideBlockCodes": [
        "ore-quartz-andesite",
        "ore-quartz-granite",
        "ore-quartz-basalt",
        "ore-quartz-peridotite",
        "ore-quartz-claystone",
        "ore-quartz-sandstone",
        "ore-quartz-shale",
        "ore-quartz-chalk",
        "ore-quartz-limestone",
        "ore-quartz-chert",
        "ore-quartz-conglomerate",
        "ore-quartz-phyllite",
        "ore-quartz-slate"
      ]
    },
    "file": "game:worldgen/structures.json",
    "side": "Server"
  },
  {
    "op": "add",
    "path": "/structures/11",
    "value": {
      "code": "undergroundruin",
      "name": "small",
      "chance": 130,
      "schematics": [
        "underground/small/*"
      ],
      "placement": "underground",
      "rockTypeRemapGroup": "underground"
    },
    "file": "game:worldgen/structures.json",
    "side": "Server"
  },
  {
    "op": "add",
    "path": "/structures/12",
    "value": {
      "code": "undergroundruin",
      "name": "medium",
      "chance": 50,
      "schematics": [
        "underground/medium/*"
      ],
      "placement": "underground",
      "rockTypeRemapGroup": "underground"
    },
    "file": "game:worldgen/structures.json",
    "side": "Server"
  },
  {
    "op": "add",
    "path": "/structures/13",
    "value": {
      "code": "undergroundruin",
      "name": "large",
      "chance": 10,
      "schematics": [
        "underground/large/*"
      ],
      "placement": "underground",
      "rockTypeRemapGroup": "underground"
    },
    "file": "game:worldgen/structures.json",
    "side": "Server"
  },
  {
    "op": "add",
    "path": "/structures/14",
    "value": {
      "code": "buriedtreasurechest",
      "name": "common",
      "chance": 0.1,
      "schematics": [
        "buriedtreasure/chef",
        "buriedtreasure/hidden-garden",
        "buriedtreasure/fifty-fifty",
        "buriedtreasure/vintage-story",
        "buriedtreasure/reapers-lost-treasure",
        "buriedtreasure/dissapointment",
        "buriedtreasure/blacksmith",
        "buriedtreasure/starving-artist"
      ],
      "depth": {
        "dist": "invexp",
        "avg": 3,
        "var": 5
      },
      "placement": "underground"
    },
    "file": "game:worldgen/structures.json",
    "side": "Server"
  },
  {
    "op": "add",
    "path": "/structures/15",
    "value": {
      "code": "buriedtreasurechest",
      "name": "uncommon",
      "chance": 0.05,
      "schematics": [
        "buriedtreasure/sturdy-walls",
        "buriedtreasure/royal",
        "buriedtreasure/promotion",
        "buriedtreasure/speed-chess",
        "buriedtreasure/composer",
        "buriedtreasure/alchemist",
        "buriedtreasure/royal-writer",
        "buriedtreasure/jailor"
      ],
      "depth": {
        "dist": "invexp",
        "avg": 3.5,
        "var": 30
      },
      "placement": "underground"
    },
    "file": "game:worldgen/structures.json",
    "side": "Server"
  },
  {
    "op": "add",
    "path": "/structures/16",
    "value": {
      "code": "buriedtreasurechest",
      "name": "rare",
      "chance": 0.01,
      "schematics": [
        "buriedtreasure/engineer",
        "buriedtreasure/candle-maker",
        "buriedtreasure/harmonic-notes",
        "buriedtreasure/machinist",
        "buriedtreasure/man-with-fortune",
        "buriedtreasure/wealth",
        "buriedtreasure/fading-light"
      ],
      "depth": {
        "dist": "invexp",
        "avg": 3.5,
        "var": 30
      },
      "placement": "underground"
    },
    "file": "game:worldgen/structures.json",
    "side": "Server"
  }
]