{
  "code": "basereturnteleporter-discharged",
  "class": "BlockDischargedBaseReturnTeleporter",
  "entityClass": "DischargedBaseReturnTeleporter",
  "behaviors": [ { "name": "RightClickPickup" } ],
  "entityBehaviors": [ { "name": "Animatable" } ],
  "creativeinventory": { "general": [ "*" ] },
  "drawtype": "json",
  "shape": { "base": "betterjonasdevicesfixed:returnbasedeployed" },
  "shapeInventory": { "base": "betterjonasdevicesfixed:returnbase" },
  "blockmaterial": "Metal",
  "replaceable": 900,
  "lightAbsorption": 0,
  "resistance": 3,
  "sideopaque": {
    "all": false
  },
  "sideao": { "all": false },
  "sounds": {
    "place": "game:block/planks",
    "walk": "game:walk/wood"
  },
  "fpHandTransform": {
    "translation": {
      "x": -0.25,
      "y": 0.27,
      "z": 0.8
    },
    "rotation": {
      "x": 8,
      "y": 49,
      "z": 0
    }
  },
  "tpHandTransform": {
    "translation": {
      "x": -0.77,
      "y": -0.46,
      "z": -0.72
    },
    "rotation": {
      "x": -2,
      "y": 12,
      "z": -9
    },
    "scale": 0.72
  },
  "guiTransform": {
    "rotation": {
      "x": -22.6,
      "y": -45.3,
      "z": 17
    },
    "origin": {
      "x": 0.6,
      "y": 0.1,
      "z": 0.6
    },
    "scale": 1.84
  },
  "groundTransform": {
    "translation": {
      "x": 0,
      "y": 0,
      "z": 0
    },
    "rotation": {
      "x": 0,
      "y": -45,
      "z": 0
    },
    "origin": {
      "x": 0.5,
      "y": 0,
      "z": 0.5
    },
    "scale": 3
  },
  "selectionBox": {
    "x1": 0.125,
    "y1": 0,
    "z1": 0.125,
    "x2": 0.875,
    "y2": 1,
    "z2": 0.875
  },
  "collisionBox": {
    "x1": 0.125,
    "y1": 0,
    "z1": 0.125,
    "x2": 0.875,
    "y2": 1,
    "z2": 0.875
  }
}