﻿{
	"code": "static-shield",
	"class": "EShield",
	"storageFlags": 257,
	"creativeinventory": {
		"general": [ "*" ],
		"electricity": [ "*" ]
	},
	"attributes": {
		"rechargeable": true,
		"maxcapacity": 20000,
		"consume": 20,
		"handbook": {
			"groupBy": [ "static-shield-*" ],
			"extraSections": [{
				"title": "electricityaddon:item-handbooktitle-static-shield",
				"text": "electricityaddon:item-handbooktext-static-shield"
            }]
		},
		"groundStorageTransform": {
			"translation": {
				"x": -0.3,
				"y": 0.15,
				"z": -0.04
			},
			"rotation": {
				"x": 20,
				"y": 180,
				"z": 270
			},
			"scale": 1
		},
		"eshield": {
			"blockSoundLight": "game:held/shieldblock-metal-light",
			"blockSoundHeavy": "game:held/shieldblock-metal-heavy",
			"protectionChance": {
				"passive-projectile": 0.2,
				"active-projectile": 1,
				"passive": 0.5,
				"active": 0.9
			},
			"projectileDamageAbsorption":10,
			"damageAbsorption": 8
		},
		"rackable": true,
		"moldrackable": true,
		"toolrackTransform": {
			"translation": {
				"x": -0.6,
				"y": -0.66,
				"z": -0.45
			},
			"rotation": {
				"x": 270,
				"y": 171,
				"z": 0
			},
			"scale": 1.6
		},
		"scaleX": 0.5,
		"scaleY": 0.5,
		"scaleZ": 0.5,
		"translateX": 0.22,
		"translateY": 0.5,
		"translateZ": 0.15,
		"rotateX": 0,
		"rotateY": 0,
		"rotateZ": 0
	},
	"shape": { "base": "item/static-shield" },
	"textures": {
		"bismuthbronze": { "base": "block/bismuthbronze" },
		"copper": {"base": "block/copper"},
		"iron": {"base": "block/iron"},
		"steel": {"base": "block/steel"},
		"zinc": {"base": "block/zinc"},
		"quartzglass": {"base": "block/quartzglass"},
		"coke": {"base": "block/coke"},
		"tin": {"base": "block/tin"}
		},
	"behaviors": [
	    { 
		"name": "GroundStorable",
		"properties":
		    {
			"layout": "WallHalves",
			"wallOffY": 2,
			"ctrlKey": true
		    }
		}
	],
	"fpHandTransform": {
		"translation": {
			"x": 0,
			"y": 0,
			"z": 0
		},
		"rotation": {
			"x": 10,
			"y": 149,
			"z": 90
		},
		"origin": {
			"x": 0,
			"y": -0.1,
			"z": 0.3
		},
		"scale": 5.38
	},
	"guiTransform": {
		"translation": {
			"x": 0,
			"y": 0,
			"z": 0
		},
		"rotation": {
			"x": 34,
			"y": 32,
			"z": -163
		},
		"origin": {
			"x": 0.21,
			"y": -0.21,
			"z": 0.49
		},
		"scale": 1.8
	},
	"groundTransform": {
		"translation": {
			"x": 0,
			"y": 0.37,
			"z": 0
		},
		"rotation": {
			"x": -93,
			"y": 0,
			"z": 0
		},
		"origin": {
			"x": 0.5,
			"y": 0,
			"z": 0.43
		},
		"scale": 5
	},
	"tpHandTransform": {
		"translation": {
			"x": -0.17,
			"y": 0.3,
			"z": -0.91
		},
		"rotation": {
			"x": 176,
			"y": 173,
			"z": 2
		},
		"origin": {
			"x": 0.5,
			"y": 0,
			"z": 0.5
		},
		"scale": 1
	},
	"tpOffHandTransform": {
		"translation": {
			"x": -0.18,
			"y": -0.04,
			"z": -0.1
		},
		"rotation": {
			"x": 1,
			"y": 173,
			"z": 2
		},
		"origin": {
			"x": 0.5,
			"y": 0,
			"z": 0.5
		},
		"scale": 1
	}
}