{
	"editor": {
		"allAngles": false,
		"entityTextureMode": false
	},
	"textureWidth": 16,
	"textureHeight": 16,
	"textures": {
		"wood": "wood",
		"top": "block/top"
	},
	"elements": [
		{
			"name": "Cube1",
			"from": [ 0.0, 13.0, 0.0 ],
			"to": [ 16.0, 16.0, 16.0 ],
			"rotationOrigin": [ 0.0, 1.0, 0.0 ],
			"faces": {
				"north": { "texture": "#wood", "uv": [ 0.0, 0.0, 16.0, 3.0 ] },
				"east": { "texture": "#wood", "uv": [ 0.0, 4.0, 16.0, 7.0 ] },
				"south": { "texture": "#wood", "uv": [ 0.0, 12.0, 16.0, 15.0 ] },
				"west": { "texture": "#wood", "uv": [ 0.0, 8.0, 16.0, 11.0 ] },
				"up": { "texture": "#top", "uv": [ 0.0, 0.0, 16.0, 16.0 ] },
				"down": { "texture": "#wood", "uv": [ 0.0, 0.0, 16.0, 16.0 ] }
			},
			"children": [
				{
					"name": "Cube4",
					"from": [ 10.5, -14.0, 10.5 ],
					"to": [ 14.0, 0.0, 14.0 ],
					"rotationOrigin": [ 10.5, 0.0, 10.5 ],
					"rotationX": -5.0,
					"rotationZ": 5.0,
					"faces": {
						"north": { "texture": "#wood", "uv": [ 0.5, 10.0, 14.5, 13.5 ], "rotation": 90 },
						"east": { "texture": "#wood", "uv": [ 0.5, 11.0, 14.5, 14.5 ], "rotation": 90 },
						"south": { "texture": "#wood", "uv": [ 0.0, 6.5, 14.0, 10.0 ], "rotation": 90 },
						"west": { "texture": "#wood", "uv": [ 1.0, 4.0, 15.0, 7.5 ], "rotation": 90 },
						"down": { "texture": "#wood", "uv": [ 1.0, 5.0, 4.5, 8.5 ] }
					}
				},
				{
					"name": "Cube5",
					"from": [ 2.0, -14.0, 10.5 ],
					"to": [ 5.5, 0.0, 14.0 ],
					"rotationOrigin": [ 5.5, 0.0, 10.5 ],
					"rotationX": -5.0,
					"rotationZ": -5.0,
					"faces": {
						"north": { "texture": "#wood", "uv": [ 0.5, 0.5, 14.5, 4.0 ], "rotation": 90 },
						"east": { "texture": "#wood", "uv": [ 0.5, 9.5, 14.5, 13.0 ], "rotation": 90 },
						"south": { "texture": "#wood", "uv": [ 0.0, 3.0, 14.0, 6.5 ], "rotation": 90 },
						"west": { "texture": "#wood", "uv": [ 1.5, 8.0, 15.5, 11.5 ], "rotation": 90 },
						"down": { "texture": "#wood", "uv": [ 3.0, 7.0, 6.5, 10.5 ] }
					}
				},
				{
					"name": "Cube6",
					"from": [ 2.0, -14.0, 2.0 ],
					"to": [ 5.5, 0.0, 5.5 ],
					"rotationOrigin": [ 5.0, 0.0, 5.5 ],
					"rotationX": 5.0,
					"rotationZ": -5.0,
					"faces": {
						"north": { "texture": "#wood", "uv": [ 0.0, 7.5, 14.0, 11.0 ], "rotation": 90 },
						"east": { "texture": "#wood", "uv": [ 0.0, 2.5, 14.0, 6.0 ], "rotation": 90 },
						"south": { "texture": "#wood", "uv": [ 0.5, 3.0, 14.5, 6.5 ], "rotation": 90 },
						"west": { "texture": "#wood", "uv": [ 1.5, 7.0, 15.5, 10.5 ], "rotation": 90 },
						"down": { "texture": "#wood", "uv": [ 9.0, 6.0, 12.5, 9.5 ] }
					}
				},
				{
					"name": "Cube7",
					"from": [ 10.5, -14.0, 2.0 ],
					"to": [ 14.0, 0.0, 5.5 ],
					"rotationOrigin": [ 10.5, 0.0, 5.5 ],
					"rotationX": 5.0,
					"rotationZ": 5.0,
					"faces": {
						"north": { "texture": "#wood", "uv": [ 1.5, 11.0, 15.5, 14.5 ], "rotation": 90 },
						"east": { "texture": "#wood", "uv": [ 1.5, 3.5, 15.5, 7.0 ], "rotation": 90 },
						"south": { "texture": "#wood", "uv": [ 1.5, 9.5, 15.5, 13.0 ], "rotation": 90 },
						"west": { "texture": "#wood", "uv": [ 1.5, 1.0, 15.5, 4.5 ], "rotation": 90 },
						"down": { "texture": "#wood", "uv": [ 0.5, 0.5, 4.0, 4.0 ] }
					}
				},
				{
					"name": "Cube2",
					"from": [ 4.0, -4.0, 12.0 ],
					"to": [ 12.0, -2.5, 13.0 ],
					"rotationOrigin": [ 4.0, -4.0, 12.0 ],
					"rotationX": -10.0,
					"faces": {
						"north": { "texture": "#wood", "uv": [ 1.0, 3.0, 9.0, 4.5 ] },
						"south": { "texture": "#wood", "uv": [ 4.0, 3.5, 12.0, 5.0 ] },
						"up": { "texture": "#wood", "uv": [ 3.5, 11.5, 11.5, 12.5 ] },
						"down": { "texture": "#wood", "uv": [ 4.0, 14.5, 12.0, 15.5 ] }
					}
				},
				{
					"name": "Cube3",
					"from": [ 4.0, -4.0, 3.0 ],
					"to": [ 12.0, -2.5, 4.0 ],
					"rotationOrigin": [ 4.0, -4.0, 3.0 ],
					"rotationX": 10.0,
					"faces": {
						"north": { "texture": "#wood", "uv": [ 0.0, 14.0, 8.0, 15.5 ] },
						"south": { "texture": "#wood", "uv": [ 6.5, 8.0, 14.5, 9.5 ] },
						"up": { "texture": "#wood", "uv": [ 6.0, 8.5, 14.0, 9.5 ] },
						"down": { "texture": "#wood", "uv": [ 1.5, 4.5, 9.5, 5.5 ] }
					}
				},
				{
					"name": "Cube8",
					"from": [ 3.0, -4.0, 4.0 ],
					"to": [ 4.0, -2.5, 12.0 ],
					"rotationOrigin": [ 4.0, -4.0, 4.0 ],
					"rotationZ": -10.0,
					"faces": {
						"east": { "texture": "#wood", "uv": [ 4.0, 7.0, 12.0, 8.5 ] },
						"west": { "texture": "#wood", "uv": [ 0.0, 13.0, 8.0, 14.5 ] },
						"up": { "texture": "#wood", "uv": [ 14.0, 6.5, 15.0, 14.5 ] },
						"down": { "texture": "#wood", "uv": [ 3.5, 5.5, 4.5, 13.5 ] }
					}
				},
				{
					"name": "Cube9",
					"from": [ 12.0, -4.0, 4.0 ],
					"to": [ 13.0, -2.5, 12.0 ],
					"rotationOrigin": [ 12.0, -4.0, 4.0 ],
					"rotationZ": 10.0,
					"faces": {
						"east": { "texture": "#wood", "uv": [ 1.0, 2.0, 9.0, 3.5 ] },
						"west": { "texture": "#wood", "uv": [ 4.0, 2.0, 12.0, 3.5 ] },
						"up": { "texture": "#wood", "uv": [ 12.5, 3.5, 13.5, 11.5 ] },
						"down": { "texture": "#wood", "uv": [ 5.5, 0.5, 6.5, 8.5 ] }
					}
				}
			]
		},
		{
			"name": "Shelf",
			"from": [ 5.0, 2.0, 1.0 ],
			"to": [ 11.0, 3.0, 16.0 ],
			"rotationOrigin": [ 5.0, 2.0, 1.0 ],
			"faces": {
				"south": { "texture": "#top", "uv": [ 0.0, 0.0, 6.0, 1.0 ] },
				"up": { "texture": "#wood", "uv": [ 5.0, 1.0, 11.0, 16.0 ] },
				"down": { "texture": "#wood", "uv": [ 0.0, 0.0, 6.0, 15.0 ] }
			},
			"children": [
				{
					"name": "Cube10",
					"from": [ 0.0, 0.0, -0.5 ],
					"to": [ 6.0, 2.0, 0.0 ],
					"rotationOrigin": [ 0.0, 0.0, -1.0 ],
					"faces": {
						"north": { "texture": "#wood", "uv": [ 0.0, 0.0, 6.0, 2.0 ] },
						"south": { "texture": "#wood", "uv": [ 0.0, 0.0, 6.0, 2.0 ] },
						"up": { "texture": "#top", "uv": [ 0.0, 0.0, 6.0, 0.5 ] },
						"down": { "texture": "#wood", "uv": [ 0.0, 0.0, 6.0, 0.5 ] }
					}
				},
				{
					"name": "Cube11",
					"from": [ -0.5, 0.0, -0.5 ],
					"to": [ 0.0, 2.0, 15.0 ],
					"faces": {
						"north": { "texture": "#wood", "uv": [ 0.0, 0.0, 0.5, 2.0 ] },
						"east": { "texture": "#wood", "uv": [ 0.0, 0.0, 15.5, 2.0 ] },
						"south": { "texture": "#wood", "uv": [ 0.0, 0.0, 0.5, 2.0 ] },
						"west": { "texture": "#wood", "uv": [ 0.0, 0.0, 15.5, 2.0 ] },
						"up": { "texture": "#top", "uv": [ 0.0, 0.0, 0.5, 15.5 ] },
						"down": { "texture": "#wood", "uv": [ 6.0, 0.0, 6.5, 15.5 ] }
					}
				},
				{
					"name": "Cube12",
					"from": [ 6.0, 0.0, -0.5 ],
					"to": [ 6.5, 2.0, 15.0 ],
					"rotationOrigin": [ 7.0, 0.0, 0.0 ],
					"faces": {
						"north": { "texture": "#wood", "uv": [ 0.0, 0.0, 0.5, 2.0 ] },
						"east": { "texture": "#wood", "uv": [ 0.0, 0.0, 15.5, 2.0 ] },
						"south": { "texture": "#wood", "uv": [ 0.0, 0.0, 0.5, 2.0 ] },
						"west": { "texture": "#wood", "uv": [ 0.0, 0.0, 15.5, 2.0 ] },
						"up": { "texture": "#top", "uv": [ 0.0, 0.0, 0.5, 15.5 ] },
						"down": { "texture": "#wood", "uv": [ 2.0, 0.5, 2.5, 16.0 ] }
					}
				}
			]
		}
	]}