[
	{
	"ingredientPattern": "_A_,NLN,FLF",
	"ingredients": {
		"L": { "type": "item", "code": "wool:cloth-wool-plain", "quantity": 2 },
		"F": { "type": "item", "code": "viescraftmachines:frameparts"  },
		"N": { "type": "item", "code": "game:metalnailsandstrips-copper", "quantity": 2 },
		"A": { "type": "item", "code": "viescraftmachines:toolarcspanner-*", "name": "material", "allowedVariants": [ "copper", "tinbronze", "bismuthbronze", "blackbronze", "iron", "meteoriciron", "steel" ], "isTool": true }
	},
	"recipeGroup": 2,
	"width": 3,
	"height": 3,
	"output": { "type": "item", "code": "viescraftmachines:basicmachinerideableaccessories-ridingseat", "quantity": 1 }
	}
]
