{
	"editor": {
		"allAngles": false,
		"entityTextureMode": false
	},
	"textureWidth": 16,
	"textureHeight": 16,
	"textureSizes": {
		"egg-white": [16,16],
		"egg-yolk": [16,16]
	},
	"textures": {
		"egg-white": "block/food/egg/egg-white",
		"egg-yolk": "block/food/egg/egg-yolk",
		"mat": "game:block/clay/ceramic"
	},
	"elements": [
		{
			"name": "Bowl 1 floor",
			"from": [ 6.5, 0.0, 6.5 ],
			"to": [ 9.5, 1.0, 9.5 ],
			"faces": {
				"up": { "texture": "#mat", "uv": [ 10.0, 2.0, 13.0, 5.0 ] },
				"down": { "texture": "#mat", "uv": [ 5.0, 5.0, 8.0, 8.0 ] }
			},
			"children": [
				{
					"name": "N 1",
					"from": [ -1.0, 0.0, -1.0 ],
					"to": [ 4.0, 2.0, 0.0 ],
					"faces": {
						"north": { "texture": "#mat", "uv": [ 6.0, 5.0, 11.0, 7.0 ] },
						"east": { "texture": "#mat", "uv": [ 9.0, 6.0, 10.0, 8.0 ] },
						"south": { "texture": "#mat", "uv": [ 4.0, 7.0, 9.0, 9.0 ] },
						"west": { "texture": "#mat", "uv": [ 12.0, 1.0, 13.0, 3.0 ] },
						"up": { "texture": "#mat", "uv": [ 3.0, 12.0, 8.0, 13.0 ] },
						"down": { "texture": "#mat", "uv": [ 2.0, 10.0, 7.0, 11.0 ] }
					}
				},
				{
					"name": "S 1",
					"from": [ -1.0, 0.0, 3.0 ],
					"to": [ 4.0, 2.0, 4.0 ],
					"faces": {
						"north": { "texture": "#mat", "uv": [ 6.0, 10.0, 11.0, 12.0 ] },
						"east": { "texture": "#mat", "uv": [ 6.0, 7.0, 7.0, 9.0 ] },
						"south": { "texture": "#mat", "uv": [ 10.0, 3.0, 15.0, 5.0 ] },
						"west": { "texture": "#mat", "uv": [ 11.0, 5.0, 12.0, 7.0 ] },
						"up": { "texture": "#mat", "uv": [ 7.0, 9.0, 12.0, 10.0 ] },
						"down": { "texture": "#mat", "uv": [ 7.0, 6.0, 12.0, 7.0 ] }
					}
				},
				{
					"name": "W 1",
					"from": [ -1.0, 0.0, 0.0 ],
					"to": [ 0.0, 2.0, 3.0 ],
					"faces": {
						"east": { "texture": "#mat", "uv": [ 10.0, 2.0, 13.0, 4.0 ] },
						"west": { "texture": "#mat", "uv": [ 4.0, 10.0, 7.0, 12.0 ] },
						"up": { "texture": "#mat", "uv": [ 9.0, 7.0, 10.0, 10.0 ] },
						"down": { "texture": "#mat", "uv": [ 14.0, 12.0, 15.0, 15.0 ] }
					}
				},
				{
					"name": "E 1",
					"from": [ 3.0, 0.0, 0.0 ],
					"to": [ 4.0, 2.0, 3.0 ],
					"faces": {
						"east": { "texture": "#mat", "uv": [ 1.0, 6.0, 4.0, 8.0 ] },
						"west": { "texture": "#mat", "uv": [ 6.0, 4.0, 9.0, 6.0 ] },
						"up": { "texture": "#mat", "uv": [ 2.0, 4.0, 3.0, 7.0 ] },
						"down": { "texture": "#mat", "uv": [ 1.0, 7.0, 2.0, 10.0 ] }
					}
				}
			]
		},
		{
			"name": "Content",
			"from": [ 6.5, 0.0, 6.5 ],
			"to": [ 9.5, 1.9, 9.5 ],
			"renderPass": 3,
			"rotationOrigin": [ 8.0, 0.0, 8.0 ],
			"faces": {
				"up": { "texture": "#egg-white", "uv": [ 0.0, 0.0, 3.0, 3.0 ] }
			},
			"children": [
				{
					"name": "Cube2",
					"from": [ 0.2, 1.7, 0.2 ],
					"to": [ 1.2, 2.2, 1.2 ],
					"rotationOrigin": [ 0.2, 1.7, 0.2 ],
					"faces": {
						"north": { "texture": "#egg-yolk", "uv": [ 0.0, 0.0, 1.0, 0.5 ] },
						"east": { "texture": "#egg-yolk", "uv": [ 0.0, 0.0, 1.0, 0.5 ] },
						"south": { "texture": "#egg-yolk", "uv": [ 0.0, 0.0, 1.0, 0.5 ] },
						"west": { "texture": "#egg-yolk", "uv": [ 0.0, 0.0, 1.0, 0.5 ] },
						"up": { "texture": "#egg-yolk", "uv": [ 0.0, 0.0, 1.0, 1.0 ] },
						"down": { "texture": "#egg-yolk", "uv": [ 0.0, 0.0, 1.0, 1.0 ] }
					}
				},
				{
					"name": "Cube3",
					"from": [ 1.7, 1.6, 0.3 ],
					"to": [ 2.7, 2.1, 1.3 ],
					"rotationOrigin": [ 1.7, 1.6, 0.3 ],
					"faces": {
						"north": { "texture": "#egg-yolk", "uv": [ 0.0, 0.0, 1.0, 0.5 ] },
						"east": { "texture": "#egg-yolk", "uv": [ 0.0, 0.0, 1.0, 0.5 ] },
						"south": { "texture": "#egg-yolk", "uv": [ 0.0, 0.0, 1.0, 0.5 ] },
						"west": { "texture": "#egg-yolk", "uv": [ 0.0, 0.0, 1.0, 0.5 ] },
						"up": { "texture": "#egg-yolk", "uv": [ 0.0, 0.0, 1.0, 1.0 ] },
						"down": { "texture": "#egg-yolk", "uv": [ 0.0, 0.0, 1.0, 1.0 ] }
					}
				},
				{
					"name": "Cube4",
					"from": [ 1.9, 1.5, 1.9 ],
					"to": [ 2.9, 2.0, 2.9 ],
					"rotationOrigin": [ 1.9, 1.5, 1.9 ],
					"faces": {
						"north": { "texture": "#egg-yolk", "uv": [ 0.0, 0.0, 1.0, 0.5 ] },
						"east": { "texture": "#egg-yolk", "uv": [ 0.0, 0.0, 1.0, 0.5 ] },
						"south": { "texture": "#egg-yolk", "uv": [ 0.0, 0.0, 1.0, 0.5 ] },
						"west": { "texture": "#egg-yolk", "uv": [ 0.0, 0.0, 1.0, 0.5 ] },
						"up": { "texture": "#egg-yolk", "uv": [ 0.0, 0.0, 1.0, 1.0 ] },
						"down": { "texture": "#egg-yolk", "uv": [ 0.0, 0.0, 1.0, 1.0 ] }
					}
				},
				{
					"name": "Cube5",
					"from": [ 0.4, 1.6, 1.6 ],
					"to": [ 1.4, 2.1, 2.6 ],
					"rotationOrigin": [ 0.4, 1.6, 1.6 ],
					"faces": {
						"north": { "texture": "#egg-yolk", "uv": [ 0.0, 0.0, 1.0, 0.5 ] },
						"east": { "texture": "#egg-yolk", "uv": [ 0.0, 0.0, 1.0, 0.5 ] },
						"south": { "texture": "#egg-yolk", "uv": [ 0.0, 0.0, 1.0, 0.5 ] },
						"west": { "texture": "#egg-yolk", "uv": [ 0.0, 0.0, 1.0, 0.5 ] },
						"up": { "texture": "#egg-yolk", "uv": [ 0.0, 0.0, 1.0, 1.0 ] },
						"down": { "texture": "#egg-yolk", "uv": [ 0.0, 0.0, 1.0, 1.0 ] }
					}
				}
			]
		}
	]}