{"GameVersion":"1.20.0","SizeX":6,"SizeY":5,"SizeZ":7,"BlockCodes":{"23011":"game:logquad-placed-aged-ns","23037":"game:logquad-placed-aged-we","6179":"game:rock-granite","9493":"game:agedstonebricks-granite","8613":"game:meta-underground","2966":"game:cobblestone-granite","23115":"game:logquad-barkedcorner-aged-south","456":"game:chiseledblock","2621":"game:bonysoil","8606":"game:clutter","23141":"game:logquad-barkedcorner-aged-west"},"ItemCodes":{},"Indices":[1024,2048,3072,1049600,1050624,1051648,2098176,2099200,2100224,1025,2049,3073,4097,5121,1049601,1050625,1051649,1052673,1053697,2098177,2099201,2100225,2101249,2102273,3146753,3147777,3148801,3149825,4195329,4196353,2,1026,2050,3074,4098,5122,1048578,1049602,1050626,1051650,1052674,1053698,2097154,2098178,2099202,2100226,2101250,2102274,3146754,3147778,4195330,3,1027,2051,3075,4099,5123,6147,1048579,1049603,1050627,1051651,1052675,1053699,1054723,2097155,2098179,2099203,2100227,2101251,2102275,2103299,3146755,3147779,4,1028,2052,3076,4100,5124,1048580,1049604,1050628,1051652,1052676,1053700,2097156,2098180,2099204,2100228,2101252,2102276,3146756,3147780,3148804,1029,2053,3077,4101,1049605,1050629,1051653,1052677,2098181,2099205,2100229,2101253],"BlockIds":[6179,6179,6179,6179,6179,6179,9493,9493,8613,6179,6179,6179,6179,6179,6179,6179,6179,6179,6179,2966,2966,2966,9493,2966,23115,23011,456,456,23115,456,6179,6179,6179,6179,6179,6179,6179,6179,6179,6179,6179,6179,9493,2966,2966,2966,2966,2621,23037,8606,456,6179,6179,6179,6179,6179,6179,6179,6179,6179,6179,6179,6179,6179,6179,9493,2966,2966,2966,2966,8613,8613,23037,8606,6179,6179,6179,6179,6179,6179,6179,6179,6179,6179,6179,6179,8613,9493,2966,2621,2966,2966,23141,456,456,6179,6179,6179,6179,6179,6179,6179,6179,8613,2966,9493,8613],"DecorIndices":[],"DecorIds":[],"BlockEntities":{"3148801":"!<d@[F*L$^#64c-E,TfC$31&+!<d@[F*_NU#64o6@VfsmCI<#NAIW-_Bldj%ARo7dDe!Pj$#O*mATDKnCi]UW!!)%^!!!$*A7]7hE`-gtz!=3^aFCB9*Df,QJ\"TSo8@s)7!Bk28dznFlp5E.7in$>\"'gFAlmaAO158!$DORF(o/r;f?JdA,uZQ#S1ujA7\\&CD/XK;;f?JdA,uZQ\"USXSDe!QX@;TQU$Q!5p@;0OP@<?($BjkgTF^]00Bln'#Erc7@!!!Q1!!!","3149825":"!<d@[F*L$^#64c-E,TfC$31&+!<d@[F*_QV#64o6@VfsmCI<#NAIW-_Bldj%ARo7dDe!Pj$Zg3(G@Pc)DeWa'!<<*\"E,^\"$$P@#lDfor.;f6Mt6ZljVBk28dzq!\\7hn8J@8$#O*mATDKnCi]UW!!)%^!!!$*A7]7hE`-gtz!=3^aFCB9*Df,QJ\"TSo8@s)7!Bk28czE-D9f$>\"'gFAlmaAO158!!!92F(o/r;f?JdA,uZ1#S1ujA7\\&CD/XK;;f?JdA,uZ1\"USXSDe!QX@;TQU$Q!5p@;0OP@<?($BjkgTF^]00Bln'#Erc7@!!!Q1!!!","4196353":"!<d@[F*L$^#64c-E,TfC$NL/,!<d@[F*_KT#64o6@VfsmCI<#NAIW-_Bldj%ARo7dDe!Pj$Zg3(G@Pc)DeWa'!WW3#n8NjWGjtG-$P@#lDfor.;f6Mt6ZljVBk28czGjk\\@$#O*mATDKnCi]UW!!)%^!!!$*A7]7hE`-gtz!=3^aFCB9*Df,QJ\"TSo8@s)7!Bk28ezn94k_E.7inq\"Fao$>\"'gFAlmaAO158!!!92F(o/r;f?JdA,uZ1#S1ujA7\\&CD/XK;;f?JdA,uZ1\"USXSDe!QX@;TQU$Q!5p@;0OP@<?($BjkgTF^]00Bln'#Erc7@!!!Q1!!!","3147778":"!<d@[F*L'_#64c-E,TfC$31&+!<d@[F*_KT#64o6@VfsmCI<#NAHu^]F`__:EWlSfH#R=1Anc9sE+sDIAU&<2DI[c?DJsQ4@;H&OEc6&.FCePS!!!!%$#O6pBL-NKCh;?3aZ]h4Ec6&.FCeVU!!!!*$\"ImiCh7*uARkcD$Z]ft@;0a\\FCB9&z\":&jWAohO*=9&=$!!EOFAnH*qFBJSD!!!-,De<U&ATV)Uz","4195330":"!<d@[F*L'_#64c-E,TfC$NL/,!<d@[F*_HS#64o6@VfsmCI<#NAIW-_Bldj%ARo7dDe!Pj$Zg3(G@Pc)DeWa'!WW3#n9Fs5E:A&O$P@#lDfor.;f6Mt6ZljVBk28c!!!!)q!\\7k$#O*mATDKnCi]UW!!)t#!!!$*A7]7hE`-gtz!=3^aFCB9*Df,QJ\"TSo8@s)7!Bk28dzn94k_GlIaL$>\"'gFAlmaAO158!!!92F(o/r;f?JdA,uZ1#S1ujA7\\&CD/XK;;f?JdA,uZ1\"USXSDe!QX@;TQU$Q!5p@;0OP@<?($BjkgTF^]00Bln'#Erc7@!!!Q1!!!","3147779":"!<d@[F*L*`#64c-E,TfC$31&+!<d@[F*_KT#64o6@VfsmCI<#NAHu^]F`__:EWlSfH#R=/Anc9sE+sDIAU&<2DI[c?GA1T!\":&scFCB9&=9&=$!!EUFATMNNDJ*csgCME?\":&scFCB9&=o\\O&!!rsADes6$@ru9m!!E[MAT2'lE`7'gFCbFP!!!-,De<U&ATV#S!!!!%#B+3dF(KGrz\":&jWAohO*=o\\O&!!!","3147780":"!<d@[F*L-a#64c-E,TfC$31&+!<d@[F*_KT#64o6@VfsmCI<#NAIW-_Bldj%ARo7dDe!Pj$Zg3(G@Pc)DeWa'!WW3#q!`b5E,bOO$P@#lDfor.;f6Mt6ZljVBk28c!!!!)q!\\7k$#O*mATDKnCi]UW!!)%^!!!$*A7]7hE`-gtz!=3^aFCB9*Df,QJ\"TSo8@s)7!Bk28ezn94j4GkV2on:(ED$>\"'gFAlmaAO158!!!92F(o/r;f?JdA,uZ1#S1ujA7\\&CD/XK;;f?JdA,uZ1\"USXSDe!QX@;TQU$Q!5p@;0OP@<?($BjkgTF^]00Bln'#Erc7@!!!Q1!!!","3148804":"!<d@[F*L-a#64c-E,TfC$31&+!<d@[F*_NU#64o6@VfsmCI<#NAIW-_Bldj%ARo7dDe!Pj$Zg3(G@Pc)DeWa'!<<*\"E,^\"$$P@#lDfor.;f6Mt6ZljVBk28dzq!\\7hn8J@8$#O*mATDKnCi]UW!!)%^!!!$*A7]7hE`-gtz!=3^aFCB9*Df,QJ\"TSo8@s)7!Bk28czE-D9f$>\"'gFAlmaAO158!!!92F(o/r;f?JdA,uZ1#S1ujA7\\&CD/XK;;f?JdA,uZ1\"USXSDe!QX@;TQU$Q!5p@;0OP@<?($BjkgTF^]00Bln'#Erc7@!!!Q1!!!"},"Entities":[],"ReplaceMode":2,"EntranceRotation":-1,"OriginalPos":{"X":506167,"Z":515419,"InternalY":3}}