{"GameVersion":"1.20.0","SizeX":21,"SizeY":14,"SizeZ":18,"BlockCodes":{"9700":"game:supportbeam-veryagedrotten","2966":"game:cobblestone-granite","23011":"game:logquad-placed-aged-ns","23037":"game:logquad-placed-aged-we","3080":"game:cobblestonestairs-granite-down-south-free","2985":"game:cobblestonestairs-granite-up-north-free","2267":"game:tallfern","3099":"game:cobblestonestairs-granite-up-west-free","3061":"game:cobblestonestairs-granite-up-south-free","7368":"game:plankslab-aged-down-free","7524":"game:plankstairs-aged-up-west-free","8613":"game:meta-underground","3240":"game:stonepath-free","9493":"game:agedstonebricks-granite","5535":"game:loosestones-granite-free","8611":"game:meta-filler","5122":"game:looseboulders-granite-free","16414":"game:rocktyped-rubble-free","1643":"game:torchholder-aged-empty-west","456":"game:chiseledblock","8606":"game:clutter","2028":"game:hanginglichen-oldmans-bottom","2026":"game:hanginglichen-oldmans-segment","2024":"game:hanginglichen-oldmans-top","9508":"game:dirtygravel-dry-stoney","2030":"game:hanginglichen-oldmans-short","6179":"game:rock-granite","8109":"game:chest-east","10801":"game:saltwater-still-7","8620":"game:stationarybasket-south","22892":"game:clutter-devastation","8386":"game:torch-basic-burnedout-south","7602":"game:roughhewnfence-aged-empty-free","3023":"game:cobblestonestairs-granite-up-east-free","6567":"game:woodenfence-aged-e-free","6541":"game:woodenfence-aged-empty-free","24801":"game:slantedroofingridgehalfright-agedthatch-south-free","620":"game:flowerpot-moss","614":"game:flowerpot-burnt","23621":"game:slantedroofingridgehalfleft-agedthatch-west-free","2596":"game:slantedroofingtip-agedthatch-free","24957":"game:slantedroofingbottom-agedthatch-north-free","3042":"game:cobblestonestairs-granite-down-east-free","8380":"game:torch-basic-burnedout-north","2852":"game:cobblestoneslab-granite-down-free","7646":"game:roughhewnfence-aged-w-free","23063":"game:logquad-barkedcorner-aged-north","2566":"game:slantedroofingridge-agedthatch-we-free","25035":"game:slantedroofingbottom-agedthatch-west-free","2556":"game:slantedroofingridge-agedthatch-ns-free","8618":"game:stationarybasket-north","23543":"game:slantedroofingridgehalfleft-agedthatch-north-free","25009":"game:slantedroofingbottom-agedthatch-south-free","8104":"game:trunk-north","7635":"game:roughhewnfence-aged-s-free","7613":"game:roughhewnfence-aged-n-free","7624":"game:roughhewnfence-aged-e-free","8389":"game:torch-basic-burnedout-west","24483":"game:slantedroofingridgeend-agedthatch-west-free","128":"game:multiblock-monolithic-p1-0-0","23595":"game:slantedroofingridgehalfleft-agedthatch-south-free","25243":"game:slantedroofingtop-agedthatch-west-free","25217":"game:slantedroofingtop-agedthatch-south-free","7472":"game:plankstairs-aged-up-east-free","23569":"game:slantedroofingridgehalfleft-agedthatch-east-free","24983":"game:slantedroofingbottom-agedthatch-east-free","7987":"game:roughhewnfencegate-aged-w-closed-free","24405":"game:slantedroofingridgeend-agedthatch-north-free","9453":"game:overlay-gravel-wet3","9452":"game:overlay-gravel-wet2","9454":"game:overlay-gravel-wet4","9451":"game:overlay-gravel-wet1","16365":"game:precipitate-dust-heavy"},"ItemCodes":{"274":"game:stackrandomizer-copperweapon","259":"game:stackrandomizer-cloth-mediumstatus","275":"game:stackrandomizer-resource","261":"game:stackrandomizer-accessory-lowstatus","2241":"game:clothes-upperbody-malefactor-shirt","7267":"game:clothes-nadiya-face-grain","2175":"game:clothes-lowerbody-malefactor-trousers","7288":"game:clothes-nadiya-head-alchemist","2106":"game:clothes-foot-forlorn-shoes","2288":"game:clothes-waist-sturdy-belt","2139":"game:clothes-hand-clockmaker-wristguard","2268":"game:clothes-upperbodyover-malefactor-tunic","4686":"game:stackrandomizer-clutter-ruined-toys-clothing","260":"game:stackrandomizer-cloth-highstatus","262":"game:stackrandomizer-accessory-mediumstatus","349":"game:cattailroot","4680":"game:stackrandomizer-clutter-science","3080":"game:stackrandomizer-ruinedweapon","263":"game:stackrandomizer-accessory-highstatus","271":"game:stackrandomizer-ingot","4679":"game:stackrandomizer-clutter-furniture","258":"game:stackrandomizer-cloth-lowstatus","272":"game:stackrandomizer-seed","4689":"game:stackrandomizer-kitchen"},"Indices":[9440256,9445376,9446400,9447424,9449472,10494976,2104321,2105345,2106369,3152897,3153921,3154945,4201473,4202497,4203521,5250049,5251073,5252097,6298625,6299649,6300673,7347201,7348225,7349249,8395777,8396801,8397825,9440257,9441281,9442305,9444353,9445377,9446401,9447425,9449473,10490881,10498049,1055746,1056770,1057794,2102274,2103298,2104322,2105346,2106370,2107394,2108418,3150850,3151874,3152898,3153922,3154946,3155970,3156994,4199426,4200450,4201474,4202498,4203522,4204546,4205570,5248002,5249026,5250050,5251074,5252098,5253122,5254146,6296578,6297602,6298626,6299650,6300674,6301698,6302722,7345154,7346178,7347202,7348226,7349250,7350274,7351298,8393730,8394754,8395778,8396802,8397826,8398850,8399874,9438210,9439234,9440258,9441282,9442306,9443330,9444354,9445378,9446402,9447426,9448450,9449474,9450498,9451522,10487810,10488834,10489858,10490882,10494978,11536386,1053699,1054723,1055747,1056771,1057795,1058819,1059843,2101251,2102275,2103299,2104323,2105347,2106371,2107395,2108419,2109443,3149827,3150851,3151875,3152899,3153923,3154947,3155971,3156995,3158019,4198403,4199427,4200451,4201475,4202499,4203523,4204547,4205571,4206595,5246979,5248003,5249027,5250051,5251075,5252099,5253123,5255171,6295555,6296579,6297603,6298627,6299651,6300675,6301699,6303747,7344131,7345155,7346179,7347203,7348227,7349251,7350275,7352323,8392707,8393731,8394755,8395779,8396803,8397827,8398851,8399875,8400899,9438211,9439235,9440259,9441283,9442307,9443331,9444355,9445379,9446403,9447427,9448451,9449475,9450499,9451523,9452547,9453571,10487811,10488835,10489859,10490883,10492931,11536387,1052676,1053700,1054724,1055748,1056772,1057796,1058820,1059844,1060868,2100228,2101252,2102276,2103300,2104324,2105348,2106372,2107396,2108420,2109444,2110468,3148804,3149828,3150852,3151876,3152900,3153924,3154948,3155972,3156996,3158020,3159044,4197380,4198404,4199428,4200452,4201476,4202500,4203524,4204548,4205572,4206596,4207620,5245956,5246980,5248004,5249028,5250052,5251076,5252100,5253124,5254148,5255172,5256196,6294532,6296580,6297604,6298628,6299652,6300676,6301700,6302724,6303748,6304772,7343108,7344132,7345156,7346180,7347204,7348228,7349252,7350276,7351300,7352324,7353348,8391684,8392708,8393732,8394756,8395780,8396804,8397828,8398852,8399876,8400900,8401924,9438212,9439236,9440260,9441284,9442308,9443332,9444356,9445380,9446404,9447428,9448452,9449476,9450500,9451524,10487812,10488836,10489860,10490884,10498052,11536388,7173,8197,9221,1051653,1052677,1053701,1054725,1055749,1056773,1057797,1058821,1059845,1060869,1061893,2099205,2100229,2101253,2102277,2103301,2104325,2105349,2106373,2107397,2108421,2109445,2110469,2111493,3147781,3148805,3149829,3150853,3151877,3152901,3153925,3154949,3155973,3156997,3158021,3159045,3160069,4196357,4197381,4198405,4199429,4200453,4201477,4202501,4203525,4204549,4205573,4206597,4207621,4208645,5244933,5245957,5248005,5249029,5250053,5251077,5252101,5253125,5254149,5255173,5256197,5257221,6293509,6294533,6296581,6297605,6298629,6299653,6300677,6301701,6302725,6303749,6304773,6305797,7342085,7343109,7345157,7346181,7347205,7348229,7349253,7350277,7351301,7352325,7353349,7354373,8390661,8391685,8392709,8393733,8394757,8395781,8396805,8397829,8398853,8399877,8400901,8401925,8402949,9439237,9440261,9441285,9442309,9443333,9444357,9445381,9446405,9447429,9448453,9449477,9450501,9451525,9452549,9453573,10487813,10488837,10489861,10493957,10498053,10499077,10500101,10501125,10502149,11546629,11547653,11548677,11549701,6150,7174,8198,9222,10246,1051654,1052678,1053702,1054726,1055750,1055750,1056774,1056774,1057798,1058822,1059846,1060870,1061894,2099206,2100230,2101254,2102278,2103302,2104326,2105350,2106374,2107398,2108422,2109446,2110470,2111494,3147782,3149830,3150854,3151878,3152902,3153926,3154950,3155974,3156998,3158022,3159046,3160070,4196358,4198406,4199430,4200454,4201478,4202502,4203526,4204550,4205574,4206598,4207622,4208646,5244934,5246982,5248006,5249030,5250054,5251078,5252102,5253126,5254150,5255174,5256198,5257222,6293510,6295558,6296582,6297606,6298630,6299654,6300678,6301702,6302726,6303750,6304774,6305798,7342086,7343110,7344134,7345158,7346182,7347206,7348230,7349254,7350278,7351302,7352326,7353350,7354374,8390662,8391686,8392710,8393734,8394758,8395782,8396806,8397830,8398854,8399878,8400902,8401926,8402950,9439238,9440262,9441286,9442310,9443334,9444358,9445382,9446406,9447430,9448454,9449478,9450502,9451526,9452550,9453574,10487814,10488838,10493958,10494982,10496006,10497030,10498054,10499078,10500102,10501126,10502150,11548678,11549702,11550726,6151,7175,9223,10247,11271,1050631,1051655,1052679,1053703,1054727,1055751,1056775,1057799,1058823,1059847,1060871,1061895,1062919,2098183,2099207,2100231,2101255,2102279,2103303,2104327,2105351,2106375,2107399,2108423,2109447,2110471,2111495,2112519,3146759,3147783,3148807,3149831,3150855,3151879,3152903,3153927,3154951,3155975,3156999,3158023,3159047,3160071,3161095,4195335,4196359,4197383,4198407,4199431,4200455,4201479,4202503,4203527,4204551,4205575,4206599,4207623,4208647,4209671,5243911,5244935,5245959,5246983,5248007,5249031,5250055,5251079,5252103,5253127,5254151,5255175,5256199,5257223,5258247,6292487,6293511,6294535,6295559,6296583,6297607,6298631,6299655,6300679,6301703,6302727,6303751,6304775,6305799,6306823,7341063,7342087,7343111,7344135,7345159,7346183,7347207,7348231,7349255,7350279,7351303,7352327,7353351,7354375,7355399,8389639,8390663,8391687,8392711,8393735,8394759,8395783,8396807,8397831,8398855,8399879,8400903,8401927,8402951,8403975,9438215,9439239,9440263,9441287,9442311,9443335,9444359,9445383,9446407,9447431,9448455,9449479,9450503,9451527,9452551,9453575,9454599,10490887,10491911,10492935,10493959,10494983,10496007,10498055,10499079,10500103,10501127,10502151,11541511,11543559,11547655,11548679,11550727,12592135,13640711,5128,6152,7176,8200,9224,10248,1050632,1051656,1052680,1053704,1054728,1055752,1056776,1057800,1058824,1059848,1060872,1061896,1062920,2098184,2099208,2100232,2101256,2102280,2103304,2104328,2105352,2106376,2107400,2108424,2109448,2110472,2111496,2112520,3146760,3147784,3148808,3149832,3150856,3151880,3152904,3153928,3154952,3155976,3157000,3158024,3159048,3160072,3161096,4195336,4196360,4197384,4198408,4199432,4200456,4201480,4202504,4203528,4204552,4205576,4206600,4207624,4208648,4209672,5243912,5244936,5245960,5246984,5248008,5249032,5250056,5252104,5253128,5254152,5255176,5256200,5257224,5258248,6292488,6294536,6295560,6296584,6297608,6298632,6299656,6300680,6301704,6302728,6303752,6305800,6306824,7341064,7342088,7343112,7344136,7345160,7346184,7347208,7348232,7349256,7350280,7351304,7352328,7354376,7355400,8389640,8390664,8391688,8392712,8393736,8394760,8395784,8396808,8397832,8398856,8399880,8400904,8402952,8403976,9438216,9439240,9440264,9441288,9442312,9443336,9444360,9445384,9446408,9447432,9448456,9449480,9450504,9451528,9452552,10492936,10493960,10494984,10497032,10498056,10499080,10500104,10501128,10502152,11542536,11543560,11546632,11548680,11550728,12591112,13638664,13639688,13640712,6153,7177,8201,9225,1050633,1051657,1052681,1053705,1054729,1055753,1056777,1057801,1058825,1059849,1060873,1061897,1062921,2098185,2099209,2100233,2101257,2102281,2103305,2104329,2105353,2106377,2107401,2108425,2109449,2110473,2111497,2112521,3146761,3147785,3148809,3149833,3150857,3151881,3152905,3153929,3154953,3155977,3157001,3158025,3159049,3160073,3161097,4195337,4196361,4197385,4198409,4199433,4200457,4201481,4202505,4203529,4204553,4205577,4206601,4207625,4208649,4209673,5243913,5244937,5245961,5246985,5248009,5249033,5250057,5251081,5252105,5254153,5255177,5256201,5257225,5258249,6292489,6293513,6294537,6295561,6296585,6298633,6299657,6300681,6302729,6303753,6304777,6305801,6306825,7341065,7342089,7343113,7344137,7345161,7346185,7347209,7348233,7349257,7350281,7351305,7352329,7353353,7354377,7355401,8389641,8390665,8391689,8392713,8393737,8394761,8395785,8396809,8397833,8398857,8399881,8400905,8401929,8402953,8403977,9438217,9439241,9440265,9441289,9442313,9443337,9444361,9445385,9446409,9447433,9448457,9449481,9450505,9451529,9452553,9453577,10491913,10492937,10493961,10494985,10498057,10499081,10500105,10501129,10502153,11541513,11543561,11546633,11548681,11549705,11550729,12590089,12592137,13638665,13639689,13640713,8202,9226,1051658,1052682,1053706,1054730,1055754,1056778,1057802,1058826,1059850,1060874,1061898,2099210,2100234,2101258,2102282,2103306,2104330,2105354,2106378,2107402,2108426,2109450,2110474,2111498,3147786,3148810,3149834,3150858,3151882,3152906,3153930,3154954,3155978,3157002,3158026,3159050,3160074,4196362,4197386,4198410,4199434,4200458,4201482,4202506,4204554,4205578,4206602,4207626,4208650,5243914,5244938,5245962,5248010,5249034,5250058,5251082,5253130,5254154,5255178,5256202,5257226,6293514,6294538,6296586,6297610,6298634,6299658,6301706,6302730,6303754,6304778,6305802,7342090,7343114,7345162,7346186,7347210,7348234,7349258,7350282,7352330,7353354,7354378,8390666,8391690,8392714,8393738,8394762,8395786,8396810,8397834,8398858,8399882,8400906,8401930,8402954,9437194,9438218,9439242,9440266,9441290,9442314,9443338,9444362,9445386,9446410,9447434,9448458,9449482,9450506,9451530,9452554,9453578,9454602,10487818,10501130,10502154,10503178,1051659,1052683,1053707,1054731,1055755,1056779,1057803,1058827,1059851,1060875,1061899,2099211,2100235,2101259,2102283,2103307,2104331,2105355,2106379,2107403,2108427,2109451,2110475,2111499,3147787,3148811,3149835,3150859,3151883,3152907,3153931,3154955,3155979,3157003,3158027,3159051,3160075,4196363,4197387,4198411,4199435,4200459,4201483,4202507,4203531,4204555,4205579,4206603,4207627,4208651,5243915,5244939,5245963,5246987,5248011,5249035,5250059,5251083,5252107,5253131,5254155,5255179,5256203,5257227,6292491,6293515,6294539,6295563,6296587,6297611,6298635,6299659,6300683,6301707,6302731,6303755,6304779,6305803,7342091,7343115,7344139,7345163,7346187,7347211,7349259,7350283,7351307,7352331,7353355,7354379,8390667,8391691,8392715,8393739,8394763,8395787,8396811,8397835,8398859,8399883,8400907,8401931,8402955,9439243,9440267,9441291,9442315,9443339,9444363,9445387,9446411,9447435,9448459,9449483,9450507,9451531,9452555,9453579,9454603,10492939,10493963,10499083,1052684,1053708,1054732,1055756,1056780,1057804,1058828,1059852,1060876,2100236,2101260,2102284,2103308,2104332,2105356,2106380,2107404,2108428,2109452,2110476,3148812,3149836,3150860,3151884,3152908,3153932,3154956,3155980,3157004,3158028,3159052,4197388,4198412,4199436,4200460,4201484,4202508,4203532,4204556,4205580,4206604,4207628,5243916,5244940,5245964,5246988,5248012,5249036,5250060,5251084,5252108,5253132,5254156,5255180,5256204,6293516,6294540,6295564,6296588,6297612,6298636,6299660,6300684,6301708,6302732,6303756,6304780,7343116,7344140,7345164,7346188,7347212,7348236,7349260,7350284,7351308,7352332,7353356,8391692,8392716,8393740,8394764,8395788,8396812,8397836,8398860,8399884,8400908,8401932,9439244,9440268,9441292,9442316,9443340,9444364,9445388,9446412,9447436,9448460,9449484,9450508,9451532,9452556,10487820,10490892,10491916,10492940,10493964,1053709,1054733,1055757,1056781,1057805,1058829,1059853,2101261,2102285,2103309,2104333,2105357,2106381,2107405,2108429,2109453,3149837,3150861,3151885,3152909,3153933,3154957,3155981,3157005,3158029,4196365,4197389,4198413,4199437,4200461,4201485,4202509,4203533,4204557,4205581,4206605,5244941,5245965,5246989,5248013,5249037,5250061,5251085,5252109,5253133,5254157,5255181,6294541,6295565,6296589,6297613,6298637,6299661,6300685,6301709,6302733,6303757,7344141,7345165,7346189,7347213,7348237,7349261,7350285,7351309,7352333,8392717,8393741,8394765,8395789,8396813,8397837,8398861,8399885,8400909,9440269,9441293,9442317,9443341,9444365,9445389,9446413,9447437,9448461,9449485,9451533,9452557,10488845,10489869,10490893,10491917,10492941,10494989,10500109,11540493,12589069,1055758,1056782,1057806,2102286,2103310,2104334,2105358,2106382,2107406,2108430,3150862,3151886,3153934,3154958,3155982,3157006,4199438,4200462,4201486,4202510,4204558,4205582,4206606,5245966,5248014,5249038,5250062,5251086,5253134,5254158,5255182,6294542,6295566,6296590,6297614,6298638,6300686,6301710,6302734,6303758,7343118,7344142,7345166,7346190,7347214,7349262,7350286,7351310,8392718,8393742,8394766,8395790,8396814,8397838,8398862,8399886,9439246,9440270,9441294,9442318,9443342,9444366,9445390,9446414,9447438,9448462,9449486,9450510,9451534,9452558,10488846,10489870,10490894,10491918,10498062,10499086,11540494,2104335,2105359,2106383,2107407,3152911,3153935,3154959,3155983,3157007,4200463,4201487,4202511,4203535,4204559,4205583,5249039,5250063,5251087,5252111,5253135,5254159,5255183,6296591,6297615,6298639,6299663,6300687,6301711,6302735,7344143,7345167,7346191,7347215,7348239,7349263,7350287,7351311,8392719,8395791,8396815,8397839,9438223,9439247,9440271,9441295,9442319,9443343,9444367,9445391,9446415,9447439,9448463,9449487,9450511,10489871,10490895,10491919,10496015,10497039,10498063,10499087,11540495,4203536,4204560,5250064,5251088,5252112,5253136,6297616,6298640,6299664,6300688,9439248,9440272,9441296,9442320,9443344,9444368,9445392,9446416,9447440,9448464,9449488,9450512,9451536,10489872,10490896,10491920,10493968,10497040,10498064,10499088,10500112,9440273,9441297,9442321,9443345,9444369,9446417,9447441,9448465,9449489,9450513,9451537,9452561,10490897,10492945,10494993,10496017,10497041,10498065,10499089,10500113,9442322,9443346,9444370,9445394,9446418,9447442,9448466,9450514,9451538,10490898,10491922,10497042,10498066,10499090,11545618,11546642,9443347,9444371,9445395,9446419,9447443,9448467,9450515,10491923,10496019,10497043,9444372,9445396,9446420,9447444,9448468,10494996],"BlockIds":[8613,3240,9493,8613,8613,5535,2966,8613,8613,8613,8611,8611,8613,8611,8613,8613,8611,8613,9493,8611,8611,9493,8613,8613,2966,2966,8613,2966,3240,2966,8613,3240,3240,9493,9493,5122,5122,2966,2966,8613,9493,8613,8613,8613,8613,8613,8613,9493,9493,8613,8613,8611,8613,8613,8613,2966,8611,16414,8613,8613,9493,2966,9493,8611,8611,8613,2966,8613,2966,2966,1643,8611,8611,9493,9493,9493,8613,8611,8611,8611,9493,9493,8613,9493,9700,9700,8613,2966,9493,8613,9493,9493,2966,9493,8613,9493,3240,2966,8613,9493,3240,2966,3240,456,456,456,5535,5535,456,2966,2966,9493,8613,8613,8613,8613,2966,8613,8613,8606,8613,8613,8613,8613,9493,2966,16414,8611,8611,8606,16414,8613,8613,8613,9493,8611,8611,8611,8611,8611,8611,16414,9493,2966,8611,8611,8611,8611,8611,8606,9493,8613,8611,8611,8611,2028,8611,8613,2966,8613,8611,8611,8611,2026,8611,8613,8613,8613,8613,9700,8611,2024,8611,8613,8613,2966,2966,9493,8613,8613,9493,3240,8613,9493,3240,8613,9493,8613,3240,3240,3240,8613,456,456,8606,456,5535,456,9493,8613,2966,8613,2966,8613,8613,2966,9493,9493,8613,9508,9508,8611,8606,16414,16414,8613,8613,2966,2966,8611,8606,8611,8611,8611,8611,8611,8606,8611,9493,8613,8611,8611,8611,8611,8611,8611,8611,2028,8611,2966,8613,8611,8611,8611,8611,8611,8611,8611,2026,8611,8613,8613,8611,8611,8611,8611,8611,8611,2026,8611,9493,9493,8613,8611,8611,2028,8611,8611,8611,2026,8611,9493,2966,8613,8611,8611,2024,8611,8611,2030,2024,9700,9493,3240,9493,8613,9493,9493,3240,9493,3240,3240,3240,9493,8613,8613,3240,456,8606,8606,8606,5535,456,6179,6179,6179,2966,2966,2966,2966,6179,6179,6179,6179,9493,8613,2966,9493,8613,16414,8611,8606,16414,6179,8606,8613,8613,8109,8613,2966,2966,8613,8611,8611,8611,8611,8611,8606,8611,8611,8611,16414,8613,8613,16414,8611,8611,8611,8611,8611,8611,8611,8611,8611,8611,9493,9493,8613,8611,8611,8611,8611,8611,8611,8611,8611,8611,2966,9493,8613,8611,8611,8611,8611,8611,8611,8611,2028,8611,9493,2966,8613,8611,8611,8611,8611,8611,8611,8611,2026,8611,8613,8613,8613,8613,9700,8611,8611,8611,9700,9700,8611,2024,9700,2966,3240,9493,2966,3240,3240,3240,9493,3240,2966,3240,2966,8613,9493,2966,9493,456,456,456,5122,456,456,456,456,456,456,456,456,456,6179,6179,6179,6179,6179,2966,8613,8613,6179,8606,10801,8620,10801,6179,6179,2966,2966,2966,2966,9508,9508,8611,6179,6179,6179,6179,6179,9508,8606,8606,6179,8613,8611,8611,8606,8611,6179,16414,9508,8611,8611,8611,8613,2966,8611,8611,8611,8611,8611,8611,22892,8611,8611,8611,2966,9493,8611,8611,8611,8611,8611,8611,8611,8611,8611,8611,9493,8613,8611,8611,8611,8611,8611,8611,8611,8611,8611,8611,2966,9493,8613,8611,2028,8611,8611,456,456,9700,8611,8611,8611,9493,2966,8613,8611,2024,9700,456,456,9508,9508,8611,8611,9700,9493,8613,9493,3240,3240,3240,2985,9508,9508,9508,3080,2966,2966,9493,9493,2966,5535,5535,8606,8606,5122,5122,456,2966,9493,2966,456,8606,8606,456,6179,6179,6179,6179,6179,8613,9493,8613,6179,6179,10801,6179,10801,10801,6179,9493,8613,8613,9493,8611,8606,8606,8611,8109,6179,6179,6179,6179,9508,9508,8611,8613,8613,9493,8611,8611,8611,8611,6179,6179,6179,6179,16414,8606,8606,8611,16414,2966,2966,8606,8611,8611,8611,16414,6179,2966,6179,8611,8611,8611,8611,8611,9493,2966,8611,8611,8611,8611,8611,16414,6179,9508,8611,8611,2028,8611,8611,9493,2966,8386,8611,8611,8611,8611,8611,2966,9508,9700,8611,2026,8611,8611,9493,8613,8611,8611,8611,8611,8611,8611,2966,9508,9508,9700,2026,8611,8611,8613,8613,8613,9700,2030,8611,8611,8613,9493,9508,9508,8611,2024,8611,9700,8613,8613,8613,3240,9493,8613,2966,9493,2966,2966,9493,3240,2966,2966,9493,2966,9493,8613,5535,5535,7602,3023,6567,5122,3061,2966,2966,456,456,7602,6541,8606,8606,456,7602,24801,6179,6179,6179,6179,6179,6179,2966,9493,2966,6179,10801,10801,10801,10801,10801,6179,6179,6179,8613,8613,16414,8606,8606,6179,6179,10801,10801,6179,9493,9508,8611,8611,620,9493,9493,8611,8611,8611,8611,9508,6179,10801,6179,6179,8606,8611,8611,8611,2966,9493,8611,8611,8611,8611,614,6179,8611,6179,9508,8611,8611,8611,8606,2966,8613,8611,8611,8611,8611,8611,6179,9493,22892,8611,8611,8611,8611,8613,8613,8611,8611,8611,8611,6179,8611,9493,8611,8611,8611,8611,8613,8613,8613,8611,8611,2028,8611,2966,8611,6179,9700,8611,8611,8611,8613,8613,8613,9700,8611,2024,8611,9493,8611,2966,8613,9700,8611,9700,2966,2966,3240,2966,3240,3240,3240,2966,8611,9493,2966,2966,9493,8613,8613,2966,3061,8611,9493,456,456,456,456,2966,456,8611,8606,456,8606,456,8606,23621,2596,24957,6179,6179,6179,6179,9493,8613,2966,6179,10801,10801,10801,10801,6179,2966,6179,8613,2966,2966,8613,9508,8606,9508,6179,6179,10801,6179,9508,9508,8606,8606,9508,2966,2966,9700,8606,8611,8606,9508,6179,6179,6179,3042,8606,8611,8611,8611,9493,2966,8611,8611,8611,8611,8611,16414,6179,9508,456,8611,8611,8611,8611,8613,2966,8611,8611,8611,8611,8611,8606,6179,8613,8611,8611,8611,8611,9493,8613,8611,8611,8611,8611,8613,9493,8613,8611,8611,8611,8611,2966,8613,8611,8611,8611,8611,8613,8613,9493,8613,8613,9700,8611,8611,8380,9493,9493,8611,8611,8611,9700,8613,8613,2966,8613,8613,8613,8611,8611,9700,2966,3240,3240,8613,8613,3240,9493,2966,9493,2966,9493,3240,9493,9493,9493,2966,9493,5535,6541,2852,7646,456,8606,456,456,9493,7602,6541,456,456,456,23063,7602,6541,2566,25035,2556,6179,6179,8613,9493,8613,6179,6179,10801,6179,6179,2966,9493,2966,2966,8613,9508,8611,8606,9508,2966,6179,2966,8606,8606,9508,2966,8613,16414,8611,8611,8611,8611,6179,456,456,8611,8611,8606,2966,9493,8611,8611,8611,8611,8611,6179,8611,8611,8611,8611,2966,8109,9493,8611,8611,8611,8611,8613,8611,8611,8611,8611,2966,2966,8611,8611,8611,8611,8613,8611,8611,8611,8611,2966,2966,8611,8611,8611,8611,8613,8613,8611,8611,8611,8613,8613,9700,8613,8613,8613,8611,8613,8613,8613,8613,8611,9700,2966,8613,3240,9493,8613,3240,2966,2966,2966,2966,2966,3240,2966,9493,3240,3240,9493,2966,2966,5535,5122,5535,5122,2966,8613,9493,2966,9493,6179,9493,9493,9493,8613,8613,9493,8613,9508,9508,8606,8606,6179,456,8606,8611,8611,8613,2966,2966,8613,8611,8611,8611,8611,8606,8611,8611,8611,8611,8611,2966,8613,16414,8611,8611,8611,8611,8611,8611,8611,8611,8611,8611,8613,8611,8613,8611,8611,8611,8611,8611,8611,8611,8611,8611,8611,8611,9493,8611,2966,8611,8611,8611,8611,8611,8611,8611,8611,8611,8611,8611,9493,2966,8611,8611,8611,8611,8611,8611,8611,8611,8611,8611,2966,9493,9700,8611,8611,2028,9700,8613,8613,8611,8611,8611,9700,8613,3240,3240,2966,8613,9493,2966,2966,3240,3240,3240,3240,9493,8613,3240,2966,3240,5535,8606,5535,8613,8613,9493,9493,2966,9493,9493,9493,2966,9493,8613,9508,16414,8618,8613,8613,8613,8613,8613,2966,9493,9508,8611,8611,8611,8611,8606,8611,8613,8613,8613,9493,2028,8611,8611,8611,8611,8611,8611,8611,8613,8613,8611,8611,8613,2026,8611,8611,8611,8611,8611,8611,8611,8613,2966,8611,8613,2026,8611,8611,8611,8611,8611,8611,8611,8606,9493,2966,2026,8611,8611,8611,8611,2028,8611,8611,8606,2966,9493,2024,8611,8611,8611,8611,2024,8611,8611,2030,2966,9493,3240,9493,8613,2966,9493,2966,9493,3240,3240,9493,9493,2966,3240,8606,23543,5122,5122,5535,8613,9493,9493,8613,2966,2966,8613,8613,16414,8613,8613,8613,8613,8613,8613,9493,2966,8611,8611,8606,8606,16414,16414,8613,2966,8611,8611,2966,8611,8611,8611,8611,8611,8611,8613,8613,8611,8611,9493,8611,8611,8611,8611,8611,8611,8611,8613,8611,9493,8611,2028,8611,8611,8611,8611,8613,8613,2966,8611,2026,8611,8611,8611,9700,8613,8613,2966,9700,2024,8611,8611,2030,8613,8613,9493,8613,8613,3240,2966,2966,3240,9493,3240,3240,3240,2966,3240,25009,8104,7635,7613,8606,5122,5122,7624,23621,8613,9493,9493,8613,2966,8613,8613,8611,8611,2966,2966,2966,8613,8611,8613,8613,2966,8613,8389,16414,8611,8613,8611,8611,2966,9493,8611,8611,8611,8611,8611,8611,8611,8613,2966,8611,8613,8611,8611,8611,8611,8611,2966,9493,8611,8611,8611,9493,8611,2966,8613,9700,8613,8611,8613,2966,9493,3240,8613,3240,2966,3240,3240,3240,3240,3240,9493,2966,3240,8613,24483,128,23595,5535,8606,5122,25243,2966,2966,2966,8611,2966,9493,8611,8611,8611,8611,9493,8613,8613,8611,8611,8611,8613,8613,8613,8611,8611,8611,8611,8611,8613,8613,8613,8611,8611,8611,8611,8611,9493,8613,8613,8611,8611,8611,9493,8613,2966,8613,2966,9493,9493,2966,3240,2966,3240,3240,3240,2966,3240,3240,7602,25217,8606,25217,7472,7368,23569,24983,8611,8611,8611,8611,8611,8611,8611,8611,8611,8611,3240,2966,2966,3240,3240,3240,9493,3240,3240,3240,2966,3240,2966,5535,7987,7613,5535,456,8109,456,7602,8613,3240,3240,3240,2966,9493,2966,3240,2966,9493,3240,3240,24405,5535,5122,8606,456,8606,456,456,9493,2966,3240,3240,3240,3240,3240,9493,3240,456,8606,456,7602,456,7635,7613,9493,3240,3240,9493,2966,2966,8613,456,5535,25035,8613,3240,2966,3240,8613,5535],"DecorIndices":[1055749,1056773,7174,8198,1054726,1057798,1057798,1058822,2104326,2105350,9445382,9445382,9446406,9447430,7175,9223,10247,1054727,1054727,1056775,1056775,1056775,1056775,1059847,2104327,2104327,2105351,2106375,2107399,3153927,4202503,6152,7176,8200,9224,10248,1053704,1059848,2103304,2103304,2106376,2106376,3152904,3152904,3154952,4203528,5250056,6153,7177,8201,9225,1053705,1058825,1058825,2103305,2104329,2104329,2104329,2106377,2106377,3153929,3153929,8202,1054730,1055754,1055754,1057802,2105354,1056779],"DecorIds":[16786669,16786668,67118317,67118318,33563884,16786667,9454,16786668,83895533,83895532,67125229,16365,67125229,67125229,67118317,67118317,67118318,16786669,33563885,16786667,50341101,33563885,9452,9452,16786669,83895534,16786669,83895533,83895532,16786668,16786667,67118316,67118317,67118317,67118317,67118317,33563884,9453,33563884,83895534,83895531,9451,83895531,33563883,9454,9453,33563885,67118317,67118315,67118317,67118316,33563883,9452,50341102,83895533,33563883,83895533,50341102,83895532,9454,50341099,83895534,67118317,50341100,33563883,50341102,50341099,50341099,50341101],"BlockEntities":{"4202498":"!<d@[F*PU4#64c-E,TfC#64`(!<d@[F*ab?#64o6@VfsmCI<#NAJK6(@r$13E+NQ3Ecki#Ch521Eb/ec\"E\\p.AJT</@Ua.b/R`^6Cgh?=/SB*4DJ=3(\":&scFCB9&=9&=$!!EUFATMNNDJ*csdSp$-\":&scFCB9&=o\\O&!!rsADes6$@ru9m!!E[MAT2'lE`7'gFCbFP!!!-,De<U&ATV#S!!!!%#B+3dF(KGrz\":&jWAohO*=o\\O&!!!","6298626":"!<d@[F*PU4#64c-E,TfC#ljr*!<d@[F*a_>#64o6@VfsmCI<#NAK,`0EarcrDerrqE\\1^4ARmB(D/aTB/U(cIF8u","8395778":"!<d@[F*PU4#64c-E,TfC$NL/,!<d@[F*a_>#64o6@VfsmCI<#NAK#W4E,]`9FCJfiD(TpBEd;)+ARoh\"FED)3#R+[K@;U'-!\"'_R\"Vh\";J3OYW%0HT\\4r+(ss#qG'!!#8$j@^U!!!","8396802":"!<d@[F*PU4#64c-E,TfC$NL/,!<d@[F*ab?#64o6@VfsmCI<#NAK#W4E,]`9FCJfiD(TpBEd;)+ARoh\"FED)3#R+[K@;U'5!\"(\"Z%h/L=J3F\\J!!#5(!!%O6&e>EO!5PoU!!$uR*<Z@m^)5p(!!","10487810":"!<d@[F*PU4#64c-E,TfC%0-A.!<d@[F*aP9#64o6@VfsmCI<#NAIW-_Bldj%ARo7dDe!Pj$#O*mATDKnCi]UW!!&;m!!!$*A7]7hE`-gtz!=3^aFCB9*Df,QJ\"TSo8@s)7!Bk28ezn:(E<q\"FcEq#:=\"$>\"'gFAlmaAO158!$_aUF(o/r;f?JdA,uZT#S1ujA7\\&CD/XK;;f?JdA,uZT\"USXSDe!QX@;TQU$Q!5p@;0OP@<?($BjkgTF^]00Bln'#Erc7@!!!Q1!!!","10488834":"!<d@[F*PU4#64c-E,TfC%0-A.!<d@[F*aS:#64o6@VfsmCI<#NAIW-_Bldj%ARo7dDe!Pj$Zg3(G@Pc)DeWa'!rr<$q!`b5E,^\"$Gkh\"5$P@#lDfor.;f6Mt6ZljVBk28czGjk\\@$#O*mATDKnCi]UW!!&;m!!!$*A7]7hE`-gtz!=3^aFCB9*Df,QJ\"TSo8@s)7!Bk28ezn94j<q\"FcEn:(ED$>\"'gFAlmaAO158!!!92F(o/r;f?JdA,uZ1#S1ujA7\\&CD/XK;;f?JdA,uZ1\"USXSDe!QX@;TQU$Q!5p@;0OP@<?($BjkgTF^]00Bln'#Erc7@!!!Q1!!!","10489858":"!<d@[F*PU4#64c-E,TfC%0-A.!<d@[F*aV;#64o6@VfsmCI<#NAIW-_Bldj%ARo7dDe!Pj$Zg3(G@Pc)DeWa'!<<*\"E,bOO$P@#lDfor.;f6Mt6ZljVBk28c!!!!)nF-Dc$#O*mATDKnCi]UW!!)%^!!!$*A7]7hE`-gtz!=3^aFCB9*Df,QJ\"TSo8@s)7!Bk28czE;'><$>\"'gFAlmaAO158!!!92F(o/r;f?JdA,uZ1#S1ujA7\\&CD/XK;;f?JdA,uZ1\"USXSDe!QX@;TQU$Q!5p@;0OP@<?($BjkgTF^]00Bln'#Erc7@!!!Q1!!!","11536386":"!<d@[F*PU4#64c-E,TfC%KHJ/!<d@[F*aP9#64o6@VfsmCI<#NAIW-_Bldj%ARo7dDe!Pj$Zg3(G@Pc)DeWa'!WW3#E:A&OGkh\"5$P@#lDfor.;f6Mt6ZljVBk28czGjk\\@$#O*mATDKnCi]UW!!)t#!!!$*A7]7hE`-gtz!=3^aFCB9*Df,QJ\"TSo8@s)7!Bk28dzn94j<q\"Fao$>\"'gFAlmaAO158!!!92F(o/r;f?JdA,uZ1#S1ujA7\\&CD/XK;;f?JdA,uZ1\"USXSDe!QX@;TQU$Q!5p@;0OP@<?($BjkgTF^]00Bln'#Erc7@!!!Q1!!!","2104323":"!<d@[F*PX5#64c-E,TfC\"TSN&!<d@[F*a_>#64o6@VfsmCI<#NAHu^]F`__:EWlSfH#R=(FCAWpATTMFFDl&.1^\"&(DffE0AQSp4!!!-.D.Rd%6#L=OA^XNS56M43DffE0AQf'6!!!<3@rH1\"ARfgnA,l`?Eb02uBl[-o@<?&\\!!!!%#B+3dF(KGqz\":&jWAohO*=TAF%!!EOFAnH*qFBSYE!!!!","3150851":"!<d@[F*PX5#64c-E,TfC\"onW'!<d@[F*aY<#64o6@VfsmCI<#NAJK6(@r$13E+NQ3Ecki#Ch521Eb/ec\"E\\p.AJT</@Ua.b/R`^6Cgh?@/SB*4DJ=3(\":&scFCB9&=9&=$!!EUFATMNNDJ*csgCMCj\":&scFCB9&=o\\O&!!rsADes6$@ru9m!!E[MAT2'lE`7'gFCbFP!!!-,De<U&ATV#S!!!!%#B+3dF(KGrz\":&jWAohO*=o\\O&!!!","3153923":"!<d@[F*PX5#64c-E,TfC\"onW'!<d@[F*ab?#64o6@VfsmCI<#NAHu^]F`__:EWlSfH#R=0@qBP!ATBG@ATV?s0eIEgBl7Km1B[r'DffE0AQSp4!!!-.D.Rd%6#L=OA`V%#56M43DffE0AQf'6!!!<3@rH1\"ARfgnA,l`?Eb02uBl[-o@<?&\\!!!!%#B+3dF(KGqz\":&jWAohO*=TAF%!!EOFAnH*qFBSYE!!!!","3154947":"!<d@[F*PX5#64c-E,TfC\"onW'!<d@[F*ae@#64o6@VfsmCI<#NAJK6(@r$13E+NQ3Ecki#Ch521Eb/ec\"E\\p.AJT</@Ua.b/R`^6Cgh??/SB*4DJ=3(\":&scFCB9&=9&=$!!EUFATMNNDJ*csgCMCj\":&scFCB9&=o\\O&!!rsADes6$@ru9m!!E[MAT2'lE`7'gFCbFP!!!-,De<U&ATV#S!!!!%#B+3dF(KGrz\":&jWAohO*=o\\O&!!!","4205571":"!<d@[F*PX5#64c-E,TfC#64`(!<d@[F*akB#64o6@VfsmCI<#NAJK6(@r$13E+NQ3Ecki#Ch521Eb/ec\"E\\p.AJT</@Ua.b/R`^6Cgh?>/SB*4DJ=3(\":&scFCB9&=9&=$!!EUFATMNNDJ*csjNA<(\":&scFCB9&=o\\O&!!rsADes6$@ru9m!!E[MAT2'lE`7'gFCbFP!!!-,De<U&ATV#S!!!!%#B+3dF(KGrz\":&jWAohO*=o\\O&!!!","5253123":"!<d@[F*PX5#64c-E,TfC#QOi)!<d@[F*ahA#64o6@VfsmCI<#NAHu^]F`__:EWlSfH#R=0@qBP!ATBG@ATV?s1+d!IBl%L$B*8H[DffE0AQSp4!!!-.D.Rd%6#L=OA`V#M5Qh=4DffE0AQf'6!!!<3@rH1\"ARfgnA,l`?Eb02uBl[-o@<?&\\!!!!%#B+3dF(KGqz\":&jWAohO*=TAF%!!EOFAnH*qFBSYE!!!!","8394755":"!<d@[F*PX5#64c-E,TfC$NL/,!<d@[F*a\\=#64o6@VfsmCI<#NAK#W4E,]`9FCJfiD(TpBEd;)+ARoh\"FED)3#R+[K@;U'-!\"'_R\"Vh\";J3OYW%5,=UZk`Q>Im4qR!.[<Oj@^U!!!","10487811":"!<d@[F*PX5#64c-E,TfC%0-A.!<d@[F*aP9#64o6@VfsmCI<#NAIW-_Bldj%ARo7dDe!Pj$#O*mATDKnCi]UW!!&;m!!!$*A7]7hE`-gtz!=3^aFCB9*Df,QJ\"TSo8@s)7!Bk28eznFlp5E;oooq#:=\"$>\"'gFAlmaAO158!%\\B^F(o/r;f?JdA,uZ]#S1ujA7\\&CD/XK;;f?JdA,uZ]\"USXSDe!QX@;TQU$Q!5p@;0OP@<?($BjkgTF^]00Bln'#Erc7@!!!Q1!!!","10488835":"!<d@[F*PX5#64c-E,TfC%0-A.!<d@[F*aS:#64o6@VfsmCI<#NAIW-_Bldj%ARo7dDe!Pj$Zg3(G@Pc)DeWa'!<<*\"nF1o-$P@#lDfor.;f6Mt6ZljVBk28czq!\\7k$#O*mATDKnCi]UW!!&;m!!!$*A7]7hE`-gtz!=3^aFCB9*Df,QJ\"TSo8@s)7!Bk28dzE.7kDn:(ED$>\"'gFAlmaAO158!!!92F(o/r;f?JdA,uZ1#S1ujA7\\&CD/XK;;f?JdA,uZ1\"USXSDe!QX@;TQU$Q!5p@;0OP@<?($BjkgTF^]00Bln'#Erc7@!!!Q1!!!","10489859":"!<d@[F*PX5#64c-E,TfC%0-A.!<d@[F*aV;#64o6@VfsmCI<#NAHu^]F`__:EWlSfH#R=(FCAWpAM%qFBl7Km1B[r'DffE0AQSp4!!!-.D.Rd%6#L=OA_Ra;4p2+2DffE0AQf'6!!!<3@rH1\"ARfgnA,l`?Eb02uBl[-o@<?&\\!!!!%#B+3dF(KGqz\":&jWAohO*=TAF%!!EOFAnH*qFBSYE!!!!","10490883":"!<d@[F*PX5#64c-E,TfC%0-A.!<d@[F*aY<#64o6@VfsmCI<#NAIW-_Bldj%ARo7dDe!Pj$Zg3(G@Pc)DeWa'!WW3#E,bOOGkh\"5$P@#lDfor.;f6Mt6ZljVBk28c!!!!)n8J@8$#O*mATDKnCi]UW!!&;m!!!$*A7]7hE`-gtz!=3^aFCB9*Df,QJ\"TSo8@s)7!Bk28dzE;'><q\"Fao$>\"'gFAlmaAO158!!!92F(o/r;f?JdA,uZ1#S1ujA7\\&CD/XK;;f?JdA,uZ1\"USXSDe!QX@;TQU$Q!5p@;0OP@<?($BjkgTF^]00Bln'#Erc7@!!!Q1!!!","11536387":"!<d@[F*PX5#64c-E,TfC%KHJ/!<d@[F*aP9#64o6@VfsmCI<#NAIW-_Bldj%ARo7dDe!Pj$Zg3(G@Pc)DeWa'!WW3#E,bOOGkh\"5$P@#lDfor.;f6Mt6ZljVBk28c!!!!)n8J@8$#O*mATDKnCi]UW!!)t#!!!$*A7]7hE`-gtz!=3^aFCB9*Df,QJ\"TSo8@s)7!Bk28dzE;'><q\"Fao$>\"'gFAlmaAO158!!!92F(o/r;f?JdA,uZ1#S1ujA7\\&CD/XK;;f?JdA,uZ1\"USXSDe!QX@;TQU$Q!5p@;0OP@<?($BjkgTF^]00Bln'#Erc7@!!!Q1!!!","2105348":"!<d@[F*P[6#64c-E,TfC\"TSN&!<d@[F*ab?#64o6@VfsmCI<#NAHu^]F`__:EWlSfH#R=)@rGskBl5MCDfdRIBk.>OEc6&.FCePS!!!!%$#O6pBL-NKCh;$nq`b2gEc6&.FCeVU!!!!*$\"ImiCh7*uARkcD$Z]ft@;0a\\FCB9&z\":&jWAohO*=9&=$!!EOFAnH*qFBJSD!!!-,De<U&ATV)Uz","2106372":"!<d@[F*P[6#64c-E,TfC\"TSN&!<d@[F*ae@#64o6@VfsmCI<#NAJK6(@r$13E+NQ3Ecki#Ch521Eb/ec\"E\\p.AJT</@Ua.b/R`^6Cgh?@/SB*4DJ=3(\":&scFCB9&=9&=$!!EUFATMNNDJ*csjNA<(\":&scFCB9&=o\\O&!!rsADes6$@ru9m!!E[MAT2'lE`7'gFCbFP!!!-,De<U&ATV#S!!!!%#B+3dF(KGrz\":&jWAohO*=o\\O&!!!","2107396":"!<d@[F*P[6#64c-E,TfC\"TSN&!<d@[F*ahA#64o6@VfsmCI<#NAJK6(@r$13E+NQ3Ecki#Ch521Eb/ec\"E\\p.AJT</@Ua.b/R`^6Cgh??/SB*4DJ=3(\":&scFCB9&=9&=$!!EUFATMNNDJ*csjNA<(\":&scFCB9&=o\\O&!!rsADes6$@ru9m!!E[MAT2'lE`7'gFCbFP!!!-,De<U&ATV#S!!!!%#B+3dF(KGrz\":&jWAohO*=o\\O&!!!","3150852":"!<d@[F*P[6#64c-E,TfC\"onW'!<d@[F*aY<#64o6@VfsmCI<#NAHu^]F`__:EWlSfH#R=(FCAWpATTMFFDl&.3<TS-DffE0AQSp4!!!-.D.Rd%6#L=OA^XNS56M43DffE0AQf'6!!!<3@rH1\"ARfgnA,l`?Eb02uBl[-o@<?&\\!!!!%#B+3dF(KGqz\":&jWAohO*=TAF%!!EOFAnH*qFBSYE!!!!","3156996":"!<d@[F*P[6#64c-E,TfC\"onW'!<d@[F*akB#64o6@VfsmCI<#NAHu^]F`__:EWlSfH#R=(FCAWpATTMFFDl&.3<TS-DffE0AQSp4!!!-.D.Rd%6#L=OA`2r/^]Xm_DffE0AQf'6!!!<3@rH1\"ARfgnA,l`?Eb02uBl[-o@<?&\\!!!!%#B+3dF(KGqz\":&jWAohO*=TAF%!!EOFAnH*qFBSYE!!!!","8400900":"!<d@[F*P[6#64c-E,TfC$NL/,!<d@[F*anC#64o6@VfsmCI<#NAK#W4E,]`9FCJfiD(TpBEd;)+ARoh\"FED)3#R+[K@;U'^!\"((\\%h/L=J3F\\J!.[9S!!%O6&e>HLs$&^_qYu%0*<6)t^_l-*+9`)u$4dRG!.[6J!!%O6*<6(i58\"J9qu;.1(&n5?^`<CT&A]4E9)n","10487812":"!<d@[F*P[6#64c-E,TfC%0-A.!<d@[F*aP9#64o6@VfsmCI<#NAIW-_Bldj%ARo7dDe!Pj$#O*mATDKnCi]UW!!&;m!!!$*A7]7hE`-gtz!=3^aFCB9*Df,QJ\"TSo8@s)7!Bk28ezE;'?_GlIaLq\"Fao$>\"'gFAlmaAO158!!!92F(o/r;f?JdA,uZ1#S1ujA7\\&CD/XK;;f?JdA,uZ1\"USXSDe!QX@;TQU$Q!5p@;0OP@<?($BjkgTF^]00Bln'#Erc7@!!!Q1!!!","10488836":"!<d@[F*P[6#64c-E,TfC%0-A.!<d@[F*aS:#64o6@VfsmCI<#NAHu^]F`__:EWlSfH#R=&E+s-\"/TboLCi_<6#BFa)@<?'_z\":8pVF(djWB5D/6&';Ng#BFa)@<?'az#mk*[Ci!ZmFCet_\":K6]E+*I$;flGiAH2]1!!EOFAnH*qFBAMC!!!-,De<U&ATV&T!!!!%#B+3dF(KGsz!!","10489860":"!<d@[F*P[6#64c-E,TfC%0-A.!<d@[F*aV;#64o6@VfsmCI<#NAHu^]F`__:EWlSfH#R=,E,Ti?ATE&LF`_24F(oH30a%`%DffE0AQSp4!!!-.D.Rd%6#L=OA_Ra;^'\"[]DffE0AQf'6!!!<3@rH1\"ARfgnA,l`?Eb02uBl[-o@<?&\\!!!!%#B+3dF(KGqz\":&jWAohO*=TAF%!!EOFAnH*qFBSYE!!!!","10490884":"!<d@[F*P[6#64c-E,TfC%0-A.!<d@[F*aY<#64o6@VfsmCI<#NAHu^]F`__:EWlSfH#R=(FCAWpATTMFFDl&.1'@i&DffE0AQSp4!!!-.D.Rd%6#L=OA`V#M5Qh=4DffE0AQf'6!!!<3@rH1\"ARfgnA,l`?Eb02uBl[-o@<?&\\!!!!%#B+3dF(KGqz\":&jWAohO*=TAF%!!EOFAnH*qFBSYE!!!!","11536388":"!<d@[F*P[6#64c-E,TfC%KHJ/!<d@[F*aP9#64o6@VfsmCI<#NAIW-_Bldj%ARo7dDe!Pj$Zg3(G@Pc)DeWa'!<<*\"E-V*W$P@#lDfor.;f6Mt6ZljVBk28dzn8J@5q!\\7k$#O*mATDKnCi]UW!!)t#!!!$*A7]7hE`-gtz!=3^aFCB9*Df,QJ\"TSo8@s)7!Bk28czGkV1D$>\"'gFAlmaAO158!!!92F(o/r;f?JdA,uZ1#S1ujA7\\&CD/XK;;f?JdA,uZ1\"USXSDe!QX@;TQU$Q!5p@;0OP@<?($BjkgTF^]00Bln'#Erc7@!!!Q1!!!","2101253":"!<d@[F*P^7#64c-E,TfC\"TSN&!<d@[F*aV;#64o6@VfsmCI<#NAJK6(@r$13E+NQ3Ecki#Ch521Eb/ec\"E\\p.AJT</@Ua.b/R`^6Cgh?>/SB*4DJ=3(\":&scFCB9&=9&=$!!EUFATMNNDJ*csgCHk?\":&scFCB9&=o\\O&!!rsADes6$@ru9m!!E[MAT2'lE`7'gFCbFP!!!-,De<U&ATV#S!!!!%#B+3dF(KGrz\":&jWAohO*=o\\O&!!!","2103301":"!<d@[F*P^7#64c-E,TfC\"TSN&!<d@[F*a\\=#64o6@VfsmCI<#NAHu^]F`__:EWlSfH#R=2@rc\"\"AM7P6@<?'4F)>?%Cb948E--@.#BFa)@<?'_z\":8pVF(djWB5D/6&'7!<#BFa)@<?'az#mk*[Ci!ZmFCet_\":K6]E+*I$;flGiAH2]1!!EOFAnH*qFBAMC!!!-,De<U&ATV&T!!!!%#B+3dF(KGsz!!","2104325":"!<d@[F*P^7#64c-E,TfC\"TSN&!<d@[F*a_>#64o6@VfsmCI<#NAJK6(@r$13E+NQ3Ecki#Ch521Eb/ec\"E\\p.AJT</@Ua.b/R`^6Cgh?=/SB*4DJ=3(\":&scFCB9&=9&=$!!EUFATMNNDJ*csgCME@\":&scFCB9&=o\\O&!!rsADes6$@ru9m!!E[MAT2'lE`7'gFCbFP!!!-,De<U&ATV#S!!!!%#B+3dF(KGrz\":&jWAohO*=o\\O&!!!","2106373":"!<d@[F*P^7#64c-E,TfC\"TSN&!<d@[F*ae@#64o6@VfsmCI<#NAHu^]F`__:EWlSfH#R=,@rGskBl5MCDfdRKD_5d>A-<-XDffE0AQSp4!!!-.D.Rd%6#L=OA_R_e^]Xm_DffE0AQf'6!!!<3@rH1\"ARfgnA,l`?Eb02uBl[-o@<?&\\!!!!%#B+3dF(KGqz\":&jWAohO*=TAF%!!EOFAnH*qFBSYE!!!!","2109445":"!<d@[F*P^7#64c-E,TfC\"TSN&!<d@[F*anC#64o6@VfsmCI<#NAI;p\\ATMrFARTY%\"po!]G%GQ5DfU+(#'\"^#Dfg%+!!!!'\"`nKuFE7Zf0E;+R!!!W4!!!$\"!!!!(!AXWU!!!!$!<<*#z#6?U\\!<<*\"'*/(5!<<*\"!!`N]!!*'\"!!NB'!!*'\"!!!6)2#mXW!!!Z5!!!$\"z!!NdCDfS0\\De!QMDe*Dd@q]FpF=h'4F*%QgFEqh:$=e!jCgh:(ARmS\"$#O6pBL-NKCh;$nq`b&","3154949":"!<d@[F*P^7#64c-E,TfC\"onW'!<d@[F*ae@#64o6@VfsmCI<#NAHu^]F`__:EWlSfH#R=,F),?'ATVj./Rr^9E+*6u0a%`%DffE0AQSp4!!!-.D.Rd%6#L=OA_IYd^B=d^DffE0AQf'6!!!<3@rH1\"ARfgnA,l`?Eb02uBl[-o@<?&\\!!!!%#B+3dF(KGq!!'gK\":&jWAohO*=TAG@^B=d[AnH*qFBSYE!!!!","3159045":"!<d@[F*P^7#64c-E,TfC\"onW'!<d@[F*aqD#64o6@VfsmCI<#NAJK6(@r$13E+NQ3Ecki#Ch521Eb/ec\"E\\p.AJT</@Ua.b/R`^6Cgh?=/SB*4DJ=3(\":&scFCB9&=9&=$!!EUFATMNNDJ*csi9`0_\":&scFCB9&=o\\O&!!rsADes6$@ru9m!!E[MAT2'lE`7'gFCbFP!!!-,De<U&ATV#S!!!!%#B+3dF(KGrz\":&jWAohO*=o\\O&!!!","4197381":"!<d@[F*P^7#64c-E,TfC#64`(!<d@[F*aS:#64o6@VfsmCI<#NAJK6(@r$13E+NQ3Ecki#Ch521Eb/ec\"E\\p.AJT</@Ua.b/R`^6Cgh??/SB*4DJ=3(\":&scFCB9&=9&=$!!EUFATMNNDJ*csgCHk?\":&scFCB9&=o\\O&!!rsADes6$@ru9m!!E[MAT2'lE`7'gFCbFP!!!-,De<U&ATV#S!!!!%#B+3dF(KGrz\":&jWAohO*=o\\O&!!!","8393733":"!<d@[F*P^7#64c-E,TfC$NL/,!<d@[F*aY<#64o6@VfsmCI<#NAK#W4E,]`9FCJfiD(TpBEd;)+ARoh\"FED)3#R+[K@;U'2!\"'nW$4Qt8J3F\\J!.[9H%h/pI!'_4ss$&^g!!!Qr)!\"=4!WW","8397829":"!<d@[F*P^7#64c-E,TfC$NL/,!<d@[F*ae@#64o6@VfsmCI<#NAK#W4E,]`9FCJfiD(TpBEd;)+ARoh\"FED)3#R+[K@;U'2!\"'nW$4Qt8J3P%S!!#4r%h/L=J3ObK!.[9S!!!!`)!\"=4!rr","8398853":"!<d@[F*P^7#64c-E,TfC$NL/,!<d@[F*ahA#64o6@VfsmCI<#NAK#W4E,]`9FCJfiD(TpBEd;)+ARoh\"FED)3#R+[K@;U'2!\"'nW$4Qt8J3P%S!.[6G%h/L=J3ObK!.[9S!!%O5)!\"=4!rr","8401925":"!<d@[F*P^7#64c-E,TfC$NL/,!<d@[F*aqD#64o6@VfsmCI<#NAK#W4E,]`9FCJfiD(TpBEd;)+ARoh\"FED)3#R+[K@;U'0!\"'hU%h/L=!'_1u!'iah!!%O6&df'N!._cu!!&\\-)!\"<i","10487813":"!<d@[F*P^7#64c-E,TfC%0-A.!<d@[F*aP9#64o6@VfsmCI<#NAIW-_Bldj%ARo7dDe!Pj$Zg3(G@Pc)DeWa'!<<*\"E;9/-$P@#lDfor.;f6Mt6ZljVBk28czn8J@8$#O*mATDKnCi]UW!!)t#!!!$*A7]7hE`-gtz!=3^aFCB9*Df,QJ\"TSo8@s)7!Bk28czq\"Fao$>\"'gFAlmaAO158!!!92F(o/r;f?JdA,uZ1#S1ujA7\\&CD/XK;;f?JdA,uZ1\"USXSDe!QX@;TQU$Q!5p@;0OP@<?($BjkgTF^]00Bln'#Erc7@!!!Q1!!!","10488837":"!<d@[F*P^7#64c-E,TfC%0-A.!<d@[F*aS:#64o6@VfsmCI<#NAIW-_Bldj%ARo7dDe!Pj$Zg3(G@Pc)DeWa'!WW3#q\"XjhGjonW$P@#lDfor.;f6Mt6ZljVBk28czE:<i8$#O*mATDKnCi]UW!!&;m!!!$*A7]7hE`-gtz!=3^aFCB9*Df,QJ\"TSo8@s)7!Bk28d!!!!)nFlp=q#:=\"$>\"'gFAlmaAO158!!!92F(o/r;f?JdA,uZ1#S1ujA7\\&CD/XK;;f?JdA,uZ1\"USXSDe!QX@;TQU$Q!5p@;0OP@<?($BjkgTF^]00Bln'#Erc7@!!!Q1!!!","10489861":"!<d@[F*P^7#64c-E,TfC%0-A.!<d@[F*aV;#64o6@VfsmCI<#NAIW-_Bldj%ARo7dDe!Pj$Zg3(G@Pc)DeWa'!WW3#E:A&OEHq3X$P@#lDfor.;f6Mt6ZljVBk28c!!!!)q!\\7k$#O*mATDKnCi]UW!!&;m!!!$*A7]7hE`-gtz!=3^aFCB9*Df,QJ\"TSo8@s)7!Bk28dzn94j4GkV1D$>\"'gFAlmaAO158!!!92F(o/r;f?JdA,uZ1#S1ujA7\\&CD/XK;;f?JdA,uZ1\"USXSDe!QX@;TQU$Q!5p@;0OP@<?($BjkgTF^]00Bln'#Erc7@!!!Q1!!!","10498053":"!<d@[F*P^7#64c-E,TfC%0-A.!<d@[F*anC#64o6@VfsmCI<#NAIW-_Bldj%ARo7dDe!Pj$#O*mATDKnCi]UW!!&;m!!!$*A7]7hE`-gtz!=3^aFCB9*Df,QJ\"TSo8@s)7!Bk28ezn:(Fgq#:=\"q\"Fao$>\"'gFAlmaAO158!##VEF(o/r;f?JdA,uZD#S1ujA7\\&CD/XK;;f?JdA,uZD\"USXSDe!QX@;TQU$Q!5p@;0OP@<?($BjkgTF^]00Bln'#Erc7@!!!Q1!!!","10499077":"!<d@[F*P^7#64c-E,TfC%0-A.!<d@[F*aqD#64o6@VfsmCI<#NAIW-_Bldj%ARo7dDe!Pj$#O*mATDKnCi]UW!!&;m!!!$*A7]7hE`-gtz!=3^aFCB9*Df,QJ\"TSo8@s)7!Bk28d!!!!)nFlp=q#:=\"$>\"'gFAlmaAO158!!!92F(o/r;f?JdA,uZ1#S1ujA7\\&CD/XK;;f?JdA,uZ1\"USXSDe!QX@;TQU$Q!5p@;0OP@<?($BjkgTF^]00Bln'#Erc7@!!!Q1!!!","10500101":"!<d@[F*P^7#64c-E,TfC%0-A.!<d@[F*atE#64o6@VfsmCI<#NAIW-_Bldj%ARo7dDe!Pj$#O*mATDKnCi]UW!!&;m!!!$*A7]7hE`-gtz!=3^aFCB9*Df,QJ\"TSo8@s)7!Bk28eznFlp5q#:>Mn:(ED$>\"'gFAlmaAO158!%%sXF(o/r;f?JdA,uZW#S1ujA7\\&CD/XK;;f?JdA,uZW\"USXSDe!QX@;TQU$Q!5p@;0OP@<?($BjkgTF^]00Bln'#Erc7@!!!Q1!!!","10501125":"!<d@[F*P^7#64c-E,TfC%0-A.!<d@[F*b\"F#64o6@VfsmCI<#NAIW-_Bldj%ARo7dDe!Pj$#O*mATDKnCi]UW!!&;m!!!$*A7]7hE`-gtz!=3^aFCB9*Df,QJ\"TSo8@s)7!Bk28dznFlp=nG`Io$>\"'gFAlmaAO158!$V[TF(o/r;f?JdA,uZS#S1ujA7\\&CD/XK;;f?JdA,uZS\"USXSDe!QX@;TQU$Q!5p@;0OP@<?($BjkgTF^]00Bln'#Erc7@!!!Q1!!!","10502149":"!<d@[F*P^7#64c-E,TfC%0-A.!<d@[F*b%G#64o6@VfsmCI<#NAIW-_Bldj%ARo7dDe!Pj$#O*mATDKnCi]UW!!&;m!!!$*A7]7hE`-gtz!=3^aFCB9*Df,QJ\"TSo8@s)7!Bk28dzn94j<q\"Fao$>\"'gFAlmaAO158!!!92F(o/r;f?JdA,uZ1#S1ujA7\\&CD/XK;;f?JdA,uZ1\"USXSDe!QX@;TQU$Q!5p@;0OP@<?($BjkgTF^]00Bln'#Erc7@!!!Q1!!!","11546629":"!<d@[F*P^7#64c-E,TfC%KHJ/!<d@[F*anC#64o6@VfsmCI<#NAIW-_Bldj%ARo7dDe!Pj$Zg3(G@Pc)DeWa'!<<*\"Gkh\"5$P@#lDfor.;f6Mt6ZljVBk28dzn8J@.Gjk\\@$#O*mATDKnCi]UW!!)%^!!!$*A7]7hE`-gtz!=3^aFCB9*Df,QJ\"TSo8@s)7!Bk28c!!!!)q\"Fao$>\"'gFAlmaAO158!!!92F(o/r;f?JdA,uZ1#S1ujA7\\&CD/XK;;f?JdA,uZ1\"USXSDe!QX@;TQU$Q!5p@;0OP@<?($BjkgTF^]00Bln'#Erc7@!!!Q1!!!","11547653":"!<d@[F*P^7#64c-E,TfC%KHJ/!<d@[F*aqD#64o6@VfsmCI<#NAIW-_Bldj%ARo7dDe!Pj$Zg3(G@Pc)DeWa'!<<*\"GjonW$P@#lDfor.;f6Mt6ZljVBk28dzE:<i5q!\\7k$#O*mATDKnCi]UW!!)%^!!!$*A7]7hE`-gtz!=3^aFCB9*Df,QJ\"TSo8@s)7!Bk28c!!!!)n94j<$>\"'gFAlmaAO158!!!92F(o/r;f?JdA,uZ1#S1ujA7\\&CD/XK;;f?JdA,uZ1\"USXSDe!QX@;TQU$Q!5p@;0OP@<?($BjkgTF^]00Bln'#Erc7@!!!Q1!!!","11548677":"!<d@[F*P^7#64c-E,TfC%KHJ/!<d@[F*atE#64o6@VfsmCI<#NAIW-_Bldj%ARo7dDe!Pj$Zg3(G@Pc)DeWa'!<<*\"GjtG-$P@#lDfor.;f6Mt6ZljVBk28czE:<i8$#O*mATDKnCi]UW!!)%^!!!$*A7]7hE`-gtz!=3^aFCB9*Df,QJ\"TSo8@s)7!Bk28c!!!!)nFlng$>\"'gFAlmaAO158!!!92F(o/r;f?JdA,uZ1#S1ujA7\\&CD/XK;;f?JdA,uZ1\"USXSDe!QX@;TQU$Q!5p@;0OP@<?($BjkgTF^]00Bln'#Erc7@!!!Q1!!!","11549701":"!<d@[F*P^7#64c-E,TfC%KHJ/!<d@[F*b\"F#64o6@VfsmCI<#NAIW-_Bldj%ARo7dDe!Pj$Zg3(G@Pc)DeWa'!<<*\"GjonW$P@#lDfor.;f6Mt6ZljVBk28dzE:<i5q!\\7k$#O*mATDKnCi]UW!!)%^!!!$*A7]7hE`-gtz!=3^aFCB9*Df,QJ\"TSo8@s)7!Bk28c!!!!)n94j<$>\"'gFAlmaAO158!!!92F(o/r;f?JdA,uZ1#S1ujA7\\&CD/XK;;f?JdA,uZ1\"USXSDe!QX@;TQU$Q!5p@;0OP@<?($BjkgTF^]00Bln'#Erc7@!!!Q1!!!","1055750":"!<d@[F*Pa8#64c-E,TfC\"98E%!<d@[F*a_>#64o6@VfsmCI<#NAHu^]F`__:EWlSfH#R=.E+s-\"/T>`A@qg!uDf0Z8DesIt#BFa)@<?'_z\":8pVF(djWB5D/6%nXP>#BFa)@<?'az#mk*[Ci!ZmFCet_\":K6]E+*I$;flGiAH2]1!!EOFAnH*qFBAMC!!!-,De<U&ATV&T!!!!%#B+3dF(KGsz!!","1056774":"!<d@[F*Pa8#64c-E,TfC\"98E%!<d@[F*ab?#64o6@VfsmCI<#NAJT?/@<?4%DIIR2@UX=nATTMFDfp/8\"po!]G%GQ5DfU+(#'\"^#Dfg%+!!!!'\"`nKuFE7Zf0E;+R!!'h@!!!$\"!!!-.@rH6qBln'-DUgD`4obfg0`V4S!!$LK!!!$\"!!!-.@rH6qBln'-DO<u;4obfg1&q=T!!%KS!!!$\"!!!-.@rH6qBln'-DF7)74obfg1B7FU!!%6`!!!$\"!!!-.@rH6qBln'-DMnEM4obfg1]ROV!!#%c!!!$\"!!!-.@rH6qBln'-DUaE94obfg2#mXW!!)Ko!!!$\"!!!!(!B'oY!!!\"'#QOi*z#6?a`!<<*\"g^!l[!<<*\"\":8RVDIdI'Bl@lKn97%r!!!02AoD]VCi<g!6Z6LH(3=S+FD5Z2@<-X&@<63qF=hQPF`_:#\"E\\p.AHZFSARkoMD.Rd%6#L=OA_R_e^]4","2109446":"!<d@[F*Pa8#64c-E,TfC\"TSN&!<d@[F*anC#64o6@VfsmCI<#NAHu^]F`__:EWlSfH#R=(F),?'ATVj./So?CB*8H[DffE0AQSp4!!!-.D.Rd%6#L=OA_Ra;56M43DffE0AQf'6!!!<3@rH1\"ARfgnA,l`?Eb02uBl[-o@<?&\\!!!!%#B+3dF(KGqz\":&jWAohO*=TAF%4p2+/AnH*qFBSYEJ3<l","2110470":"!<d@[F*Pa8#64c-E,TfC\"TSN&!<d@[F*aqD#64o6@VfsmCI<#NAHu^]F`__:EWlSfH#R=*@rGskBl5MCDfdR>C12,c#BFa)@<?'_z\":8pVF(djWB5D/6&'7$=#BFa)@<?'az#mk*[Ci!ZmFCet_\":K6]E+*I$;flGiAH2]1!!EOFAnH*qFBAMC!!!-,De<U&ATV&T!!!!%#B+3dF(KGsz!!","3151878":"!<d@[F*Pa8#64c-E,TfC\"onW'!<d@[F*a\\=#64o6@VfsmCI<#NAHu^]F`__:EWlSfH#R=0@qBP!ATBG@ATV?s1+dNhBl7Km1'@i&DffE0AQSp4!!!-.D.Rd%6#L=OA_R_e^B=d^DffE0AQf'6!!!<3@rH1\"ARfgnA,l`?Eb02uBl[-o@<?&\\!!!!%#B+3dF(KGqz\":&jWAohO*=TAF%!!EOFAnH*qFBSYE!!!!","3154950":"!<d@[F*Pa8#64c-E,TfC\"onW'!<d@[F*ae@#64o6@VfsmCI<#NAJK6(@r$13E+NQ3Ecki#Ch521Eb/ec\"E\\p.AJT</@Ua.b/R`^6Cgh?>/SB*4DJ=3(\":&scFCB9&=9&=$!!EUFATMNNDJ*csjNEk(\":&scFCB9&=o\\O&!!rsADes6$@ru9m!!E[MAT2'lE`7'gFCbFP!!!-,De<U&ATV#S!!!!%#B+3dF(KGrz\":&jWAohO*=o\\O&!!!","4204550":"!<d@[F*Pa8#64c-E,TfC#64`(!<d@[F*ahA#64o6@VfsmCI<#NAJ8QiF`__:E\\1g5G%#H6@<?4%D?U/bH#R=,FCB'&0k,03@r#Xt/R`:'A-<-XDffE0AQSp4!!!-.D.Rd%6#L=OA_Ra;4p2+2DffE0AQf'6!!!<3@rH1\"ARfgnA,l`?Eb02uBl[-o@<?&\\!!!!%#B+3dF(KGqz\":&jWAohO*=TAGP]`\\RYAnH*qFBSYE!'UQ\"Dg#]4EbT&q<+U;rF`M%\\De*DnFCB3-Blds!A7Kb$Ec5i0@r#Xl!!","7348230":"!<d@[F*Pa8#64c-E,TfC$31&+!<d@[F*ab?#64o6@VfsmCI<#NAIW-_Bldj%ARo7dDe!Pg\"_)%OD0$m$$6TZ_%0-A.590_(!'_),%0?N[^(p\\JJ&!'+!)Potj@]jeD..NtEbSruErc7@!!iu5!!*@9ARfY!;K$XW!!!!\"#]aj*@<?4%D?-=5!\"0$AF^f9'A9.eP!!!#orr@RgIfK`]ASl.';e]cR6#Qc(\":,<TBk1dRDes,u!<<6.%s)GqAO1-LDf^#!Des,u!<<6+$\"@^h@r\"hJD.N\\T%rZK&B5)6lCdW>SDeWa'!WW3#JFNR=!;Q9g$Q!5p@;0OP@<?($BjkgTF^]00Bln'#Erc7@!!!E-!!!","7349254":"!<d@[F*Pa8#64c-E,TfC$31&+!<d@[F*ae@#64o6@VfsmCI<#NAIW-_Bldj%ARo7dDe!Pg\"_)%OD0$d!$69H\\%0-A.590_(!'_)''`\\5a590b)!'_=]9-=<E$#O*mATDKnCi]UW!!&u+!!!$*A7]7hE`-gtz!=3^aFCB9*Df,QJ\"TSo8@s)7!Bk28d!!!\"Ln:(EDn94j<$>\"'gFAlmaAO158!!!92F(o/r;f?JdA,uZ1#S1ujA7\\&CD/XK;;f?JdA,uZ1\"USXSDe!QX@;TQU$P./rBkM-t@;J;R@W,skErl=A!!)N_!.aQg!\"0TOG%#*$9jr-TEbSru;0?;bFD5i2ATIkP!!!!-!!!!","7350278":"!<d@[F*Pa8#64c-E,TfC$31&+!<d@[F*ahA#64o6@VfsmCI<#NAK#W4E,]`9FCJfiD(TpBEd;)+ARoh\"FED)3#R+[K@;U'Q!\"'nW$4Qt8J3P%S!.[9H%h8I:s#q/Y;X^q4!!'gL)!\"=4!t$%U$4Qt8J3P%S!.[6G$5EO@J3P%V!.[6Mj@^Tt!!","8394758":"!<d@[F*Pa8#64c-E,TfC$NL/,!<d@[F*a\\=#64o6@VfsmCI<#NAK#W4E,]`9FCJfiD(TpBEd;)+ARoh\"FED)3#R+[K@;U'7!\"((\\%h/L=!'_1u!.[9S!!!!`&e>HMs8P7t!!%Pa*<6'^5T&QT+9_`","8395782":"!<d@[F*Pa8#64c-E,TfC$NL/,!<d@[F*a_>#64o6@VfsmCI<#NAIW-_Bldj%ARo7dDe!Pj$#O*mATDKnCi]UW!!!95!!!$*A7]7hE`-gtz!=3^aFCB9*Df,QJ\"TSo8@s)7!Bk28d!!!\"LnG`Ioq\"Fao$>\"'gFAlmaAO158!\"]DBF(o/r;f?JdA,uZA#S1ujA7\\&CD/XK;;f?JdA,uZA\"USXSDe!QX@;TQU$P./rBkM-t@;J;R@W,skErl=A!.aS=!!)fg!\"0TOG%#*$9jr-TEbSru;0?;bFD5i2ATIkP!!!!-!!!!","8396806":"!<d@[F*Pa8#64c-E,TfC$NL/,!<d@[F*ab?#64o6@VfsmCI<#NAIW-_Bldj%ARo7dDe!Pj$#O*mATDKnCi]UW!!&u+!!!$*A7]7hE`-gtz!=3^aFCB9*Df,QJ\"TSo8@s)7!Bk28dznFlp5E.7in$>\"'gFAlmaAO158!$DORF(o/r;f?JdA,uZQ#S1ujA7\\&CD/XK;;f?JdA,uZQ\"USXSDe!QX@;TQU$P./rBkM-t@;J;R@W,skErl=A!!)N_!.aQg!\"0TOG%#*$9jr-TEbSru;0?;bFD5i2ATIkP!!!!-!!!!","8401926":"!<d@[F*Pa8#64c-E,TfC$NL/,!<d@[F*aqD#64o6@VfsmCI<#NAK#W4E,]`9FCJfiD(TpBEd;)+ARoh\"FED)3#R+[K@;U'7!\"((\\%h/L=!'_1u!.[9S!!%O6&e>EO!._Bj\"98G:*<6(i^_l-*+9_`","10493958":"!<d@[F*Pa8#64c-E,TfC%0-A.!<d@[F*ab?#64o6@VfsmCI<#NAHu^]F`__:EWlSfH#R=(FCAWpATTMFFDl&.2$=/)DffE0AQSp4!!!-.D.Rd%6#L=OA_Ra;^'\"[]DffE0AQf'6!!!<3@rH1\"ARfgnA,l`?Eb02uBl[-o@<?&\\!!!!%#B+3dF(KGqz\":&jWAohO*=TAF%!!EOFAnH*qFBSYE!!!!","10494982":"!<d@[F*Pa8#64c-E,TfC%0-A.!<d@[F*ae@#64o6@VfsmCI<#NAHu^]F`__:EWlSfH#R=(FCAWpATTMFFDl&.1'@i&DffE0AQSp4!!!-.D.Rd%6#L=OA`2r/^]Xm_DffE0AQf'6!!!<3@rH1\"ARfgnA,l`?Eb02uBl[-o@<?&\\!!!!%#B+3dF(KGqz\":&jWAohO*=TAF%!!EOFAnH*qFBSYE!!!!","10498054":"!<d@[F*Pa8#64c-E,TfC%0-A.!<d@[F*anC#64o6@VfsmCI<#NAIW-_Bldj%ARo7dDe!Pj$#O*mATDKnCi]UW!!&;m!!!$*A7]7hE`-gtz!=3^aFCB9*Df,QJ\"TSo8@s)7!Bk28eznFlp5E;oooq#:=\"$>\"'gFAlmaAO158!%\\B^F(o/r;f?JdA,uZ]#S1ujA7\\&CD/XK;;f?JdA,uZ]\"USXSDe!QX@;TQU$Q!5p@;0OP@<?($BjkgTF^]00Bln'#Erc7@!!!Q1!!!","10502150":"!<d@[F*Pa8#64c-E,TfC%0-A.!<d@[F*b%G#64o6@VfsmCI<#NAIW-_Bldj%ARo7dDe!Pj$#O*mATDKnCi]UW!!&;m!!!$*A7]7hE`-gtz!=3^aFCB9*Df,QJ\"TSo8@s)7!Bk28ezn:(E<q\"FcEq#:=\"$>\"'gFAlmaAO158!$_aUF(o/r;f?JdA,uZT#S1ujA7\\&CD/XK;;f?JdA,uZT\"USXSDe!QX@;TQU$Q!5p@;0OP@<?($BjkgTF^]00Bln'#Erc7@!!!Q1!!!","11548678":"!<d@[F*Pa8#64c-E,TfC%KHJ/!<d@[F*atE#64o6@VfsmCI<#NAHu^]F`__:EWlSfH#R=,E,Ti?ATE&LF`_24F(oH31^\"&(DffE0AQSp4!!!-.D.Rd%6#L=OA`V#M5Qh=4DffE0AQf'6!!!<3@rH1\"ARfgnA,l`?Eb02uBl[-o@<?&\\!!!!%#B+3dF(KGqz\":&jWAohO*=TAF%!!EOFAnH*qFBSYE!!!!","11549702":"!<d@[F*Pa8#64c-E,TfC%KHJ/!<d@[F*b\"F#64o6@VfsmCI<#NAHu^]F`__:EWlSfH#R=*@V'('@V'(%Ecl)6ARmS\"#BFa)@<?'_z\":8pVF(djWB5D/;m4U^-#BFa)@<?'az#mk*[Ci!ZmFCet_\":K6]E+*I$;flGiAH2]1!!EOFAnH*qFBAMC!!!-,De<U&ATV&T!!!!%#B+3dF(KGsz!!","11550726":"!<d@[F*Pa8#64c-E,TfC%KHJ/!<d@[F*b%G#64o6@VfsmCI<#NAIW-_Bldj%ARo7dDe!Pj$Zg3(G@Pc)DeWa'!WW3#q\"XjhE:A&O$P@#lDfor.;f6Mt6ZljVBk28czGjk\\@$#O*mATDKnCi]UW!!)t#!!!$*A7]7hE`-gtz!=3^aFCB9*Df,QJ\"TSo8@s)7!Bk28dzn94kgq#:=\"$>\"'gFAlmaAO158!!!92F(o/r;f?JdA,uZ1#S1ujA7\\&CD/XK;;f?JdA,uZ1\"USXSDe!QX@;TQU$Q!5p@;0OP@<?($BjkgTF^]00Bln'#Erc7@!!!Q1!!!","2100231":"!<d@[F*Pd9#64c-E,TfC\"TSN&!<d@[F*aS:#64o6@VfsmCI<#NAHu^]F`__:EWlSfH#R=,F),?'ATVj./Rr^9E+*6u1B[r'DffE0AQSp4!!!-.D.Rd%6#L=OA`2r/5Qh=4DffE0AQf'6!!!<3@rH1\"ARfgnA,l`?Eb02uBl[-o@<?&\\!!!!%#B+3dF(KGq!!!!`\":&jWAohO*=TAGP4Tl\".AnH*qFBSYE5e[3","2101255":"!<d@[F*Pd9#64c-E,TfC\"TSN&!<d@[F*aV;#64o6@VfsmCI<#NAHu^]F`__:EWlSfH#R=-@ps7cCh7[0F^fDD@WcQuBJTbrEc6&.FCePS!!!!%$#O6pBL-NKCh;$nq`b2gEc6&.FCeVU!!!!*$\"ImiCh7*uARkcD$Z]ft@;0a\\FCB9&z\":&jWAohO*=9&=$!!EOFAnH*qFBJSD!!!-,De<U&ATV)Uz","2103303":"!<d@[F*Pd9#64c-E,TfC\"TSN&!<d@[F*a\\=#64o6@VfsmCI<#NAI;p\\ATMrFARTY%\"po!]G%GQ5DfU+(#'\"^#Dfg%'!!!!'\"`nKuFE7Zf0E;+R!!#b,!!!$\"!!!!(!AXWU!!!!%!<<*#z#6?U\\!<<*\"\"p\"](!<<*\"!!!!&$taEu6>URMCI<#NAI;p\\ATMrFARTY%\"U&pmE+KDiDerrqDCo:0ARkoMD.Rd%6#L=OA`2r/^]4","3155975":"!<d@[F*Pd9#64c-E,TfC\"onW'!<d@[F*ahA#64o6@VfsmCI<#NAJK6(@r$13E+NQ3Ecki#Ch521Eb/ec\"E\\p.AJT</@Ua.b/R`^6Cgh??/SB*4DJ=3(\":&scFCB9&=9&=$!!EUFATMNNDJ*csgCHlj\":&scFCB9&=o\\O&!!rsADes6$@ru9m!!E[MAT2'lE`7'gFCbFP!!!-,De<U&ATV#S!!!!%#B+3dF(KGrz\":&jWAohO*=o\\O&!!!","3156999":"!<d@[F*Pd9#64c-E,TfC\"onW'!<d@[F*akB#64o6@VfsmCI<#NAHu^]F`__:EWlSfH#R=(FCAWpATTMFFDl&.2ZsA+DffE0AQSp4!!!-.D.Rd%6#L=OAH2]1!!EOIDffE0AQf'6!!!<3@rH1\"ARfgnA,l`?Eb02uBl[-o@<?&\\!!!!%#B+3dF(KGqz\":&jWAohO*=TAF%!!EOFAnH*qFBSYE!!!!","3158023":"!<d@[F*Pd9#64c-E,TfC\"onW'!<d@[F*anC#64o6@VfsmCI<#NAHu^]F`__:EWlSfH#R='FCAWpATTM6CghTK\":&scFCB9&=9&=$!!EUFATMNNDJ*csdSp%X\":&scFCB9&=o\\O&!!rsADes6$@ru9m!!E[MAT2'lE`7'gFCbFP!!!-,De<U&ATV#S!!!!%#B+3dF(KGrz\":&jWAohO*=o\\O&!!!","3160071":"!<d@[F*Pd9#64c-E,TfC\"onW'!<d@[F*atE#64o6@VfsmCI<#NAJK6(@r$13E+NQ3Ecki#Ch521Eb/ec\"E\\p.AJT</@Ua.b/R`^6Cgh??/SB*4DJ=3(\":&scFCB9&=9&=$!!EUFATMNNDJ*csi9`0_\":&scFCB9&=o\\O&!!rsADes6$@ru9m!!E[MAT2'lE`7'gFCbFP!!!-,De<U&ATV#S!!!!%#B+3dF(KGrz\":&jWAohO*=o\\O&!!!","4196359":"!<d@[F*Pd9#64c-E,TfC#64`(!<d@[F*aP9#64o6@VfsmCI<#NAHu^]F`__:EWlSfH#R=-@qBP!ATBG@ATV?s0eITXChs4ZEc6&.FCePS!!!!%$#O6pBL-NKCh3SH!!!-,Ec6&.FCeVU!!!!*$\"ImiCh7*uARkcD$Z]ft@;0a\\FCB9&z\":&jWAohO*=9&=$!!EOFAnH*qFBJSD!!!-,De<U&ATV)Uz","4200455":"!<d@[F*Pd9#64c-E,TfC#64`(!<d@[F*a\\=#64o6@VfsmCI<#NAJK6(@r$13E+NQ3Ecki#Ch521Eb/ec\"E\\p.AJT</@Ua.b/R`^6Cgh??/SB*4DJ=3(\":&scFCB9&=9&=$!!EUFATMNNDJ*csjNA<(\":&scFCB9&=o\\O&!!rsADes6$@ru9m!!E[MAT2'lE`7'gFCbFP!!!-,De<U&ATV#S!!!!%#B+3dF(KGrz\":&jWAohO*=o\\O&!!!","5250055":"!<d@[F*Pd9#64c-E,TfC#QOi)!<d@[F*a_>#64o6@VfsmCI<#NAJK6(@r$13E+NQ3Ecki#Ch521Eb/ec\"E\\p.AJT</@Ua.b/R`^6Cgh?@/SB*4DJ=3(\":&scFCB9&=9&=$!!EUFATMNNDJ*csgCHk@\":&scFCB9&=o\\O&!!rsADes6$@ru9m!!E[MAT2'lE`7'gFCbFP!!!-,De<U&ATV#S!!!!%#B+3dF(KGrz\":&jWAohO*=o\\O&!!!","6301703":"!<d@[F*Pd9#64c-E,TfC#ljr*!<d@[F*ahA#64o6@VfsmCI<#NAK#W4E,]`9FCJfiD(TpBEd;)+ARoh\"FED)3#R+[K@;U'Q!\"'nW$4Qt8J3ObK!.[9H%h8R=Im4\\Js*m6R!!%O6)!\"=4\"UZ7W\"Vh\";J3OYW%J9[M^(gVJ!5KWOs*m3Lj@^U!!!","7351303":"!<d@[F*Pd9#64c-E,TfC$31&+!<d@[F*akB#64o6@VfsmCI<#NAK#W4E,]`9FCJfiD(TpBEd;)+ARoh\"FED)3#R+[K@;U'g!\"'AH!\"oVJ!!%O6'`\\465T&QT+9Dle$31\\L%0-BY^D-_K!'hPW]t6';j@^Ts$5a*R%0-BY58\";4!!%O6'`\\465T&QT+9Dl[$31\\B'`\\4V5T&QT+9DN","8391687":"!<d@[F*Pd9#64c-E,TfC$NL/,!<d@[F*aS:#64o6@VfsmCI<#NAK#W4E,]`9FCJfiD(TpBEd;)+ARoh\"FED)3#R+[K@;U'7!\"((\\%h/L=J3F\\J!.[9S!!%O5&e>EU!'ia`rr52I*<6(i5T&QT+9_`","8402951":"!<d@[F*Pd9#64c-E,TfC$NL/,!<d@[F*atE#64o6@VfsmCI<#NAK#W4E,]`9FCJfiD(TpBEd;)+ARoh\"FED)3#R+[K@;U'7!\"((\\%h/L=J3F\\J!.[9S!!%O6&e>HJs$&^_rVq@3*<6()^_l-*+9_`","10501127":"!<d@[F*Pd9#64c-E,TfC%0-A.!<d@[F*b\"F#64o6@VfsmCI<#NAIW-_Bldj%ARo7dDe!Pj$#O*mATDKnCi]UW!!&;m!!!$*A7]7hE`-gtz!=3^aFCB9*Df,QJ\"TSo8@s)7!Bk28dznFlp5E.7in$>\"'gFAlmaAO158!$DORF(o/r;f?JdA,uZQ#S1ujA7\\&CD/XK;;f?JdA,uZQ\"USXSDe!QX@;TQU$Q!5p@;0OP@<?($BjkgTF^]00Bln'#Erc7@!!!Q1!!!","10502151":"!<d@[F*Pd9#64c-E,TfC%0-A.!<d@[F*b%G#64o6@VfsmCI<#NAIW-_Bldj%ARo7dDe!Pj$#O*mATDKnCi]UW!!&;m!!!$*A7]7hE`-gtz!=3^aFCB9*Df,QJ\"TSo8@s)7!Bk28ezn:(E<q\"Fc=GlIaL$>\"'gFAlmaAO158!%A0[F(o/r;f?JdA,uZZ#S1ujA7\\&CD/XK;;f?JdA,uZZ\"USXSDe!QX@;TQU$Q!5p@;0OP@<?($BjkgTF^]00Bln'#Erc7@!!!Q1!!!","11547655":"!<d@[F*Pd9#64c-E,TfC%KHJ/!<d@[F*aqD#64o6@VfsmCI<#NAHu^]F`__:EWlSfH#R=(FCAWpATTMFFDl&.2$=/)DffE0AQSp4!!!-.D.Rd%6#L=OA`2r/^]Xm_DffE0AQf'6!!!<3@rH1\"ARfgnA,l`?Eb02uBl[-o@<?&\\!!!!%#B+3dF(KGqz\":&jWAohO*=TAF%!!EOFAnH*qFBSYE!!!!","11548679":"!<d@[F*Pd9#64c-E,TfC%KHJ/!<d@[F*atE#64o6@VfsmCI<#NAHu^]F`__:EWlSfH#R='Ecki#Ch52BDf9/A\":&scFCB9&=9&=$!!EUFATMNNDJ*csjNEk(\":&scFCB9&=o\\O&!!rsADes6$@ru9m!!E[MAT2'lE`7'gFCbFP!!!-,De<U&ATV#S!!!!%#B+3dF(KGrz\":&jWAohO*=o\\O&!!!","11550727":"!<d@[F*Pd9#64c-E,TfC%KHJ/!<d@[F*b%G#64o6@VfsmCI<#NAIW-_Bldj%ARo7dDe!Pj$#O*mATDKnCi]UW!!)t#!!!$*A7]7hE`-gtz!=3^aFCB9*Df,QJ\"TSo8@s)7!Bk28ezn94k_q#:=\"q\"Fao$>\"'gFAlmaAO158!!!92F(o/r;f?JdA,uZ1#S1ujA7\\&CD/XK;;f?JdA,uZ1\"USXSDe!QX@;TQU$Q!5p@;0OP@<?($BjkgTF^]00Bln'#Erc7@!!!Q1!!!","2099208":"!<d@[F*Pg:#64c-E,TfC\"TSN&!<d@[F*aP9#64o6@VfsmCI<#NAJK6(@r$13E+NQ3Ecki#Ch521Eb/ec\"E\\p.AJT</@Ua.b/R`^6Cgh?=/SB*4DJ=3(\":&scFCB9&=9&=$!!EUFATMNNDJ*csz\":&scFCB9&=o\\O&!!rsADes6$@ru9m!!E[MAT2'lE`7'gFCbFP!!!-,De<U&ATV#S!!!!%#B+3dF(KGrz\":&jWAohO*=o\\O&!!!","2100232":"!<d@[F*Pg:#64c-E,TfC\"TSN&!<d@[F*aS:#64o6@VfsmCI<#NAHu^]F`__:EWlSfH#R=*@rGskBl5MCDfdRLE+Nni#BFa)@<?'_z\":8pVF(djWB5D/;m4U^-#BFa)@<?'az#mk*[Ci!ZmFCet_\":K6]E+*I$;flGiAH2]1!!EOFAnH*qFBAMC!!!-,De<U&ATV&T!!!!%#B+3dF(KGsz!!","2101256":"!<d@[F*Pg:#64c-E,TfC\"TSN&!<d@[F*aV;#64o6@VfsmCI<#NAHu^]F`__:EWlSfH#R=(@qBP!ATBG@ATV?s1^\"&(DffE0AQSp4!!!-.D.Rd%6#L=OA`V%#^B=d^DffE0AQf'6!!!<3@rH1\"ARfgnA,l`?Eb02uBl[-o@<?&\\!!!!%#B+3dF(KGqz\":&jWAohO*=TAF%!!EOFAnH*qFBSYE!!!!","2111496":"!<d@[F*Pg:#64c-E,TfC\"TSN&!<d@[F*atE#64o6@VfsmCI<#NAI`<gDg,c5E,ThMD/XK:\"po!]G%GQ5DfU+(#'\"^#Dfg%$!!!!'\"`nKuFE7Zf0E;(Q!!(aZ!!!$\"z!!EUFATMNNDJ*csjNA<(!!","3157000":"!<d@[F*Pg:#64c-E,TfC\"onW'!<d@[F*akB#64o6@VfsmCI<#NAHu^]F`__:EWlSfH#R=4@rc\"\"AM7P6@<?'4F)>?%Cb9[MBl7Km1B[r'DffE0AQSp4!!!-.D.Rd%6#L=OA`V%#56M43DffE0AQf'6!!!<3@rH1\"ARfgnA,l`?Eb02uBl[-o@<?&\\!!!!%#B+3dF(KGqz\":&jWAohO*=TAF%!!EOFAnH*qFBSYE!!!!","4200456":"!<d@[F*Pg:#64c-E,TfC#64`(!<d@[F*a\\=#64o6@VfsmCI<#NAIiBhDg,c5E,ThM@Wc^/F9W%cDK]T/FDl2F!=!ObCi=E:!<<*\"\"pK'aDfg%*!AFKS!!!\")!<<*#z!!!-.D.Rd%6#L=OA`2r/^]4","4208648":"!<d@[F*Pg:#64c-E,TfC#64`(!<d@[F*atE#64o6@VfsmCI<#NAHu^]F`__:EWlSfH#R=-@qBP!ATBG@ATV?s1G*fZChs4ZEc6&.FCePS!!!!%$#O6pBL-NKCh;?38\\bH6Ec6&.FCeVU!!!!*$\"ImiCh7*uARkcD$Z]ft@;0a\\FCB9&z\":&jWAohO*=9&=$!!EOFAnH*qFBJSD!!!-,De<U&ATV)Uz","5253128":"!<d@[F*Pg:#64c-E,TfC#QOi)!<d@[F*ahA#64o6@VfsmCI<#NAJ8QiF`__:E\\1g5G%#H6@<?4%D?U/bH#R=,FCB'&0k,03@r#Xt/R`:'A-<-XDffE0AQSp4!!!-.D.Rd%6#L=OA^rME5Qh=4DffE0AQf'6!!!<3@rH1\"ARfgnA,l`?Eb02uBl[-o@<?&\\!!!!%#B+3dF(KGq!!%P_\":&jWAohO*=TAF%!!EOFAnH*qFBSYETY:RCDg#]4EbT&q<+U;rF`M%\\De*DnFCB3-Blds!A7Kb$Ec5i0@r#Xl!!","7350280":"!<d@[F*Pg:#64c-E,TfC$31&+!<d@[F*ahA#64o6@VfsmCI<#NAK#W4E,]`9FCJfiD(TpBEd;)+ARoh\"FED)3#R+[K@;U'(!\"'PM!\"oeO!s!j8'`\\46^`<LWJ3Fh29-=99","8391688":"!<d@[F*Pg:#64c-E,TfC$NL/,!<d@[F*aS:#64o6@VfsmCI<#NAK#W4E,]`9FCJfiD(TpBEd;)+ARoh\"FED)3#R+[K@;U'2!\"'nW$4Qt85X,t`!!#4r%h8%.s#q.t!.[9S!!%O7)!\"=4!WW","8399880":"!<d@[F*Pg:#64c-E,TfC$NL/,!<d@[F*akB#64o6@VfsmCI<#NAK#W4E,]`9FCJfiD(TpBEd;)+ARoh\"FED)3#R+[K@;U'2!\"'nW$4Qt8!'_1u!.[9H%h8C8s#q1rs*m6R!!%O7)!\"=4!WW","8402952":"!<d@[F*Pg:#64c-E,TfC$NL/,!<d@[F*atE#64o6@VfsmCI<#NAK#W4E,]`9FCJfiD(TpBEd;)+ARoh\"FED)3#R+[K@;U'5!\"(\"Z%h/L=!'_1u!.[9S!!%O6&e>HHs*m6J!!'gM*<Z@-58`HS!!","10497032":"!<d@[F*Pg:#64c-E,TfC%0-A.!<d@[F*akB#64o6@VfsmCI<#NAIW-_Bldj%ARo7dDe!Pj$Zg3(G@Pc)DeWa'!<<*\"E;9/-$P@#lDfor.;f6Mt6ZljVBk28czn8J@8$#O*mATDKnCi]UW!!)t#!!!$*A7]7hE`-gtz!=3^aFCB9*Df,QJ\"TSo8@s)7!Bk28czq\"Fao$>\"'gFAlmaAO158!!!92F(o/r;f?JdA,uZ1#S1ujA7\\&CD/XK;;f?JdA,uZ1\"USXSDe!QX@;TQU$Q!5p@;0OP@<?($BjkgTF^]00Bln'#Erc7@!!!Q1!!!","10498056":"!<d@[F*Pg:#64c-E,TfC%0-A.!<d@[F*anC#64o6@VfsmCI<#NAIW-_Bldj%ARo7dDe!Pj$#O*mATDKnCi]UW!!&;m!!!$*A7]7hE`-gtz!=3^aFCB9*Df,QJ\"TSo8@s)7!Bk28dzq#:>Mn:(ED$>\"'gFAlmaAO158!!EQ6F(o/r;f?JdA,uZ5#S1ujA7\\&CD/XK;;f?JdA,uZ5\"USXSDe!QX@;TQU$Q!5p@;0OP@<?($BjkgTF^]00Bln'#Erc7@!!!Q1!!!","10499080":"!<d@[F*Pg:#64c-E,TfC%0-A.!<d@[F*aqD#64o6@VfsmCI<#NAIW-_Bldj%ARo7dDe!Pj$#O*mATDKnCi]UW!!&;m!!!$*A7]7hE`-gtz!=3^aFCB9*Df,QJ\"TSo8@s)7!Bk28fzn94j4GlIboE.7kDq#:=\"$>\"'gFAlmaAO158!!ii:F(o/r;f?JdA,uZ9#S1ujA7\\&CD/XK;;f?JdA,uZ9\"USXSDe!QX@;TQU$Q!5p@;0OP@<?($BjkgTF^]00Bln'#Erc7@!!!Q1!!!","10500104":"!<d@[F*Pg:#64c-E,TfC%0-A.!<d@[F*atE#64o6@VfsmCI<#NAIW-_Bldj%ARo7dDe!Pj$#O*mATDKnCi]UW!!&;m!!!$*A7]7hE`-gtz!=3^aFCB9*Df,QJ\"TSo8@s)7!Bk28ezn:(E<q\"FcEq#:=\"$>\"'gFAlmaAO158!$_aUF(o/r;f?JdA,uZT#S1ujA7\\&CD/XK;;f?JdA,uZT\"USXSDe!QX@;TQU$Q!5p@;0OP@<?($BjkgTF^]00Bln'#Erc7@!!!Q1!!!","10502152":"!<d@[F*Pg:#64c-E,TfC%0-A.!<d@[F*b%G#64o6@VfsmCI<#NAIW-_Bldj%ARo7dDe!Pj$#O*mATDKnCi]UW!!&;m!!!$*A7]7hE`-gtz!=3^aFCB9*Df,QJ\"TSo8@s)7!Bk28dzn:(EDq#:=\"$>\"'gFAlmaAO158!!<K5F(o/r;f?JdA,uZ4#S1ujA7\\&CD/XK;;f?JdA,uZ4\"USXSDe!QX@;TQU$Q!5p@;0OP@<?($BjkgTF^]00Bln'#Erc7@!!!Q1!!!","11543560":"!<d@[F*Pg:#64c-E,TfC%KHJ/!<d@[F*ae@#64o6@VfsmCI<#NAHu^]F`__:EWlSfH#R=\"@Wc0rATT[1#BFa)@<?'_z\":8pVF(djWB5D/?b8*>G#BFa)@<?'az#mk*[Ci!ZmFCet_\":K6]E+*I$;flGiAH2]1!!EOFAnH*qFBAMC!!!-,De<U&ATV&T!!!!%#B+3dF(KGsz!!","11546632":"!<d@[F*Pg:#64c-E,TfC%KHJ/!<d@[F*anC#64o6@VfsmCI<#NAIW-_Bldj%ARo7dDe!Pj$Zg3(G@Pc)DeWa'!<<*\"GjonW$P@#lDfor.;f6Mt6ZljVBk28dzE:<i5q!\\7k$#O*mATDKnCi]UW!!)t#!!!$*A7]7hE`-gtz!=3^aFCB9*Df,QJ\"TSo8@s)7!Bk28c!!!!)n94j<$>\"'gFAlmaAO158!!!92F(o/r;f?JdA,uZ1#S1ujA7\\&CD/XK;;f?JdA,uZ1\"USXSDe!QX@;TQU$Q!5p@;0OP@<?($BjkgTF^]00Bln'#Erc7@!!!Q1!!!","11548680":"!<d@[F*Pg:#64c-E,TfC%KHJ/!<d@[F*atE#64o6@VfsmCI<#NAHu^]F`__:EWlSfH#R=&E+s-\"/TboLCi_B8#BFa)@<?'_z\":8pVF(djWB5D/;m4U^-#BFa)@<?'az#mk*[Ci!ZmFCet_\":K6]E+*I$;flGiAH2]1!!EOFAnH*qFBAMC!!!-,De<U&ATV&T!!!!%#B+3dF(KGsz!!","11550728":"!<d@[F*Pg:#64c-E,TfC%KHJ/!<d@[F*b%G#64o6@VfsmCI<#NAIW-_Bldj%ARo7dDe!Pj$#O*mATDKnCi]UW!!)t#!!!$*A7]7hE`-gtz!=3^aFCB9*Df,QJ\"TSo8@s)7!Bk28cznG`Io$>\"'gFAlmaAO158!'^_qF(o/r;f?JdA,uZp#S1ujA7\\&CD/XK;;f?JdA,uZp\"USXSDe!QX@;TQU$Q!5p@;0OP@<?($BjkgTF^]00Bln'#Erc7@!!!Q1!!!","12591112":"!<d@[F*Pg:#64c-E,TfC%fcS0!<d@[F*ab?#64o6@VfsmCI<#NAHu^]F`__:EWlSfH#R=,@q]:bDK@I@BOPUm/S/g11'@i&DffE0AQSp4!!!-.D.Rd%6#L=OA^XNS56M43DffE0AQf'6!!!<3@rH1\"ARfgnA,l`?Eb02uBl[-o@<?&\\!!!!%#B+3dF(KGqz\":&jWAohO*=TAF%!!EOFAnH*qFBSYE!!!!","2101257":"!<d@[F*Pj;#64c-E,TfC\"TSN&!<d@[F*aV;#64o6@VfsmCI<#NAHu^]F`__:EWlSfH#R=*@V'('@V'(%Ecl)6ARmS\"#BFa)@<?'_z\":8pVF(djWB5D/?bEfmG#BFa)@<?'az#mk*[Ci!ZmFCet_\":K6]E+*I$;flGiAH2]1!!EOFAnH*qFBAMC!!!-,De<U&ATV&T!!!!%#B+3dF(KGsz!!","2109449":"!<d@[F*Pj;#64c-E,TfC\"TSN&!<d@[F*anC#64o6@VfsmCI<#NAHu^]F`__:EWlSfH#R=*@qBP!ATBG6ATD3rBk&q%#BFa)@<?'_z\":8pVF(djWB5D/6&'7!<#BFa)@<?'az#mk*[Ci!ZmFCet_\":K6]E+*I$;flGiAH2]1!!EOFAnH*qFBAMC!!!-,De<U&ATV&T!!!!%#B+3dF(KGsz!!","2110473":"!<d@[F*Pj;#64c-E,TfC\"TSN&!<d@[F*aqD#64o6@VfsmCI<#NAHu^]F`__:EWlSfH#R=)@rGskBl5MCDfdRIBk.>OEc6&.FCePS!!!!%$#O6pBL-NKCh;Pl00fXFEc6&.FCeVU!!!!*$\"ImiCh7*uARkcD$Z]ft@;0a\\FCB9&z\":&jWAohO*=9&=$!!EOFAnH*qFBJSD!!!-,De<U&ATV)Uz","3147785":"!<d@[F*Pj;#64c-E,TfC\"onW'!<d@[F*aP9#64o6@VfsmCI<#NAK#W4E,]`9FCJfiD(TpBEd;)+ARoh\"FED)3#R+[K@;U'-!\"'_R$4Qt85X-7h!.[6G$4Qt8J3ObK!4Y92j@^Tu!!","3148809":"!<d@[F*Pj;#64c-E,TfC\"onW'!<d@[F*aS:#64o6@VfsmCI<#NAHu^]F`__:EWlSfH#R='FCAWpATTM6CghTK\":&scFCB9&=9&=$!!EUFATMNNDJ*csgCHk?\":&scFCB9&=o\\O&!!rsADes6$@ru9m!!E[MAT2'lE`7'gFCbFP!!!-,De<U&ATV#S!!!!%#B+3dF(KGrz\":&jWAohO*=o\\O&!!!","3150857":"!<d@[F*Pj;#64c-E,TfC\"onW'!<d@[F*aY<#64o6@VfsmCI<#NAHu^]F`__:EWlSfH#R=(FCAWpATTMFFDl&.1^\"&(DffE0AQSp4!!!-.D.Rd%6#L=OA_R_e5Qh=4DffE0AQf'6!!!<3@rH1\"ARfgnA,l`?Eb02uBl[-o@<?&\\!!!!%#B+3dF(KGqz\":&jWAohO*=TAF%!!EOFAnH*qFBSYE!!!!","3157001":"!<d@[F*Pj;#64c-E,TfC\"onW'!<d@[F*akB#64o6@VfsmCI<#NAHu^]F`__:EWlSfH#R=,F),?'ATVj./Rr^9E+*6u1'@i&DffE0AQSp4!!!-.D.Rd%6#L=OA`V%#56M43DffE0AQf'6!!!<3@rH1\"ARfgnA,l`?Eb02uBl[-o@<?&\\!!!!%#B+3dF(KGq!!%P_\":&jWAohO*=TAGP]`\\RYAnH*qFBSYE^qKd","4201481":"!<d@[F*Pj;#64c-E,TfC#64`(!<d@[F*a_>#64o6@VfsmCI<#NAJK6(@r$13E+NQ3Ecki#Ch521Eb/ec\"E\\p.AJT</@Ua.b/R`^6Cgh?@/SB*4DJ=3(\":&scFCB9&=9&=$!!EUFATMNNDJ*csjNA<(\":&scFCB9&=o\\O&!!rsADes6$@ru9m!!E[MAT2'lE`7'gFCbFP!!!-,De<U&ATV#S!!!!%#B+3dF(KGrz\":&jWAohO*=o\\O&!!!","4204553":"!<d@[F*Pj;#64c-E,TfC#64`(!<d@[F*ahA#64o6@VfsmCI<#NAIW-_Bldj%ARo7dDe!Pj$#O*mATDKnCi]UW!!!rH!!!$*A7]7hE`-gtz!=3^aFCB9*Df,QJ\"TSo8@s)7!Bk28ezn94k_E.7inq\"Fao$>\"'gFAlmaAO158!!!92F(o/r;f?JdA,uZ1#S1ujA7\\&CD/XK;;f?JdA,uZ1\"USXSDe!QX@;TQU$P./rBkM-t@;J;R@W,skErl=A!!)N_!.]%g!\"0TOG%#*$9jr-TEbSru;0?;bFD5i2ATIkP!!!!-!!!!","5250057":"!<d@[F*Pj;#64c-E,TfC#QOi)!<d@[F*a_>#64o6@VfsmCI<#NAHu^]F`__:EWlSfH#R=0@qBP!ATBG@ATV?s0eHmHBl%L$B*8H[DffE0AQSp4!!!-.D.Rd%6#L=OA`V#M5Qh=4DffE0AQf'6!!!<3@rH1\"ARfgnA,l`?Eb02uBl[-o@<?&\\!!!!%#B+3dF(KGqz\":&jWAohO*=TAF%!!EOFAnH*qFBSYE!!!!","7351305":"!<d@[F*Pj;#64c-E,TfC$31&+!<d@[F*akB#64o6@VfsmCI<#NAK#W4E,]`9FCJfiD(TpBEd;)+ARoh\"FED)3#R+[K@;U'7!\"((\\%h/L=J3F\\J!.[9S!!%O6&e>ES!._cu!!!!U*<6(i^DQ$)+9_`","8393737":"!<d@[F*Pj;#64c-E,TfC$NL/,!<d@[F*aY<#64o6@VfsmCI<#NAK#W4E,]`9FCJfiD(TpBEd;)+ARoh\"FED)3#R+[K@;U'5!\"(\"Z%h/L=J3ObK!!#5(!!%O6&e>HMs*m6Jrr52I*<6()^_l-*!!","8402953":"!<d@[F*Pj;#64c-E,TfC$NL/,!<d@[F*atE#64o6@VfsmCI<#NAK#W4E,]`9FCJfiD(TpBEd;)+ARoh\"FED)3#R+[K@;U'5!\"(\"Z%h/L=!'_1u!'iah!!%O6&e>EO!.[9K!!!#6*<6(i58`HS!!","10498057":"!<d@[F*Pj;#64c-E,TfC%0-A.!<d@[F*anC#64o6@VfsmCI<#NAIW-_Bldj%ARo7dDe!Pj$#O*mATDKnCi]UW!!&;m!!!$*A7]7hE`-gtz!=3^aFCB9*Df,QJ\"TSo8@s)7!Bk28ezn:(E<q\"Fc=GlIaL$>\"'gFAlmaAO158!%A0[F(o/r;f?JdA,uZZ#S1ujA7\\&CD/XK;;f?JdA,uZZ\"USXSDe!QX@;TQU$Q!5p@;0OP@<?($BjkgTF^]00Bln'#Erc7@!!!Q1!!!","10499081":"!<d@[F*Pj;#64c-E,TfC%0-A.!<d@[F*aqD#64o6@VfsmCI<#NAHu^]F`__:EWlSfH#R='Ecki#Ch52BDf9/C\":&scFCB9&=9&=$!!EUFATMNNDJ*csgCHk?\":&scFCB9&=o\\O&!!rsADes6$@ru9m!!E[MAT2'lE`7'gFCbFP!!!-,De<U&ATV#S!!!!%#B+3dF(KGrz\":&jWAohO*=o\\O&!!!","10500105":"!<d@[F*Pj;#64c-E,TfC%0-A.!<d@[F*atE#64o6@VfsmCI<#NAIW-_Bldj%ARo7dDe!Pj$#O*mATDKnCi]UW!!&;m!!!$*A7]7hE`-gtz!=3^aFCB9*Df,QJ\"TSo8@s)7!Bk28dznFlp5E.7in$>\"'gFAlmaAO158!$DORF(o/r;f?JdA,uZQ#S1ujA7\\&CD/XK;;f?JdA,uZQ\"USXSDe!QX@;TQU$Q!5p@;0OP@<?($BjkgTF^]00Bln'#Erc7@!!!Q1!!!","10501129":"!<d@[F*Pj;#64c-E,TfC%0-A.!<d@[F*b\"F#64o6@VfsmCI<#NAIW-_Bldj%ARo7dDe!Pj$#O*mATDKnCi]UW!!&;m!!!$*A7]7hE`-gtz!=3^aFCB9*Df,QJ\"TSo8@s)7!Bk28ezn94j4GlIboE.7in$>\"'gFAlmaAO158!!ii:F(o/r;f?JdA,uZ9#S1ujA7\\&CD/XK;;f?JdA,uZ9\"USXSDe!QX@;TQU$Q!5p@;0OP@<?($BjkgTF^]00Bln'#Erc7@!!!Q1!!!","11546633":"!<d@[F*Pj;#64c-E,TfC%KHJ/!<d@[F*anC#64o6@VfsmCI<#NAIW-_Bldj%ARo7dDe!Pj$Zg3(G@Pc)DeWa'!<<*\"E:A&O$P@#lDfor.;f6Mt6ZljVBk28czq!\\7k$#O*mATDKnCi]UW!!)t#!!!$*A7]7hE`-gtz!=3^aFCB9*Df,QJ\"TSo8@s)7!Bk28czn94j<$>\"'gFAlmaAO158!!!92F(o/r;f?JdA,uZ1#S1ujA7\\&CD/XK;;f?JdA,uZ1\"USXSDe!QX@;TQU$Q!5p@;0OP@<?($BjkgTF^]00Bln'#Erc7@!!!Q1!!!","11548681":"!<d@[F*Pj;#64c-E,TfC%KHJ/!<d@[F*atE#64o6@VfsmCI<#NAIW-_Bldj%ARo7dDe!Pj$Zg3(G@Pc)DeWa'!<<*\"E-V*W$P@#lDfor.;f6Mt6ZljVBk28dzn8J@5q!\\7k$#O*mATDKnCi]UW!!)%^!!!$*A7]7hE`-gtz!=3^aFCB9*Df,QJ\"TSo8@s)7!Bk28czGkV1D$>\"'gFAlmaAO158!!!92F(o/r;f?JdA,uZ1#S1ujA7\\&CD/XK;;f?JdA,uZ1\"USXSDe!QX@;TQU$Q!5p@;0OP@<?($BjkgTF^]00Bln'#Erc7@!!!Q1!!!","11549705":"!<d@[F*Pj;#64c-E,TfC%KHJ/!<d@[F*b\"F#64o6@VfsmCI<#NAIW-_Bldj%ARo7dDe!Pj$#O*mATDKnCi]UW!!)%^!!!$*A7]7hE`-gtz!=3^aFCB9*Df,QJ\"TSo8@s)7!Bk28ezE;'><q#:>Mn:(ED$>\"'gFAlmaAO158!!!92F(o/r;f?JdA,uZ1#S1ujA7\\&CD/XK;;f?JdA,uZ1\"USXSDe!QX@;TQU$Q!5p@;0OP@<?($BjkgTF^]00Bln'#Erc7@!!!Q1!!!","2103306":"!<d@[F*Pm<#64c-E,TfC\"TSN&!<d@[F*a\\=#64o6@VfsmCI<#NAHu^]F`__:EWlSfH#R=(FCAWpATTMFFDl&.2ZsA+DffE0AQSp4!!!-.D.Rd%6#L=OA`2r/^]Xm_DffE0AQf'6!!!<3@rH1\"ARfgnA,l`?Eb02uBl[-o@<?&\\!!!!%#B+3dF(KGqz\":&jWAohO*=TAF%!!EOFAnH*qFBSYE!!!!","2108426":"!<d@[F*Pm<#64c-E,TfC\"TSN&!<d@[F*akB#64o6@VfsmCI<#NAHu^]F`__:EWlSfH#R=,@rGskBl5MCDfdRKD_5d>A-<-XDffE0AQSp4!!!-.D.Rd%6#L=OA`2r/5Qh=4DffE0AQf'6!!!<3@rH1\"ARfgnA,l`?Eb02uBl[-o@<?&\\!!!!%#B+3dF(KGqz\":&jWAohO*=TAF%!!EOFAnH*qFBSYE!!!!","2109450":"!<d@[F*Pm<#64c-E,TfC\"TSN&!<d@[F*anC#64o6@VfsmCI<#NAHu^]F`__:EWlSfH#R=-@ps7cCh7[0F^fDD@WcQuBJBVpEc6&.FCePS!!!!%$#O6pBL-NKCh;Pl00fXFEc6&.FCeVU!!!!*$\"ImiCh7*uARkcD$Z]ft@;0a\\FCB9&z\":&jWAohO*=9&=$!!EOFAnH*qFBJSD!!!-,De<U&ATV)Uz","3148810":"!<d@[F*Pm<#64c-E,TfC\"onW'!<d@[F*aS:#64o6@VfsmCI<#NAJK6(@r$13E+NQ3Ecki#Ch521Eb/ec\"E\\p.AJT</@Ua.b/R`^6Cgh?@/SB*4DJ=3(\":&scFCB9&=9&=$!!EUFATMNNDJ*csgCME?\":&scFCB9&=o\\O&!!rsADes6$@ru9m!!E[MAT2'lE`7'gFCbFP!!!-,De<U&ATV#S!!!!%#B+3dF(KGrz\":&jWAohO*=o\\O&!!!","3154954":"!<d@[F*Pm<#64c-E,TfC\"onW'!<d@[F*ae@#64o6@VfsmCI<#NAIW-_Bldj%ARo7dDe!Pj$#O*mATDKnCi]UW!!)[\"!!!$*A7]7hE`-gtz!=3^aFCB9*Df,QJ\"TSo8@s)7!Bk28dzn94j4GlIaL$>\"'gFAlmaAO158!!!92F(o/r;f?JdA,uZ1#S1ujA7\\&CD/XK;;f?JdA,uZ1\"USXSDe!QX@;TQU$P./rBkM-t@;J;R@W,skErl=A!!)N_!.akE!\"0TOG%#*$9jr-TEbSru;0?;bFD5i2ATIkP!!!!-!!!!","3155978":"!<d@[F*Pm<#64c-E,TfC\"onW'!<d@[F*ahA#64o6@VfsmCI<#NAIW-_Bldj%ARo7dDe!Pj$#O*mATDKnCi]UW!!&;m!!!$*A7]7hE`-gtz!=3^aFCB9*Df,P7\"98f7@s)7!Bk28eznFlp5E;oooq#:=\"$>\"'gFAlmaAO158!%\\B^F(o/r;f?JdA,uZ]#S1ujA7\\&CD/XK;;f?JdA,uZ]\"USXSDe!QX@;TQU$Q!5p@;0OP@<?($BjkgTF^]00Bln'#Erc7@!!!Q1!!!","3159050":"!<d@[F*Pm<#64c-E,TfC\"onW'!<d@[F*aqD#64o6@VfsmCI<#NAHu^]F`__:EWlSfH#R='FCAWpATTM6CghTF\":&scFCB9&=9&=$!!EUFATMNNDJ*csjNEk(\":&scFCB9&=o\\O&!!rsADes6$@ru9m!!E[MAT2'lE`7'gFCbFP!!!-,De<U&ATV#S!!!!%#B+3dF(KGrz\":&jWAohO*=o\\O&!!!","5243914":"!<d@[F*Pm<#64c-E,TfC#QOi)!<d@[F*aM8#64o6@VfsmCI<#NAI;p\\ATMrFARTY%\"po!]G%GQ5DfU+(#'\"^#Dfg%+!!!!'\"`nKuFE7Zf0E;+R!!#P&!!!$\"!!!!(!AOQT!!!!)$ig8.z#6?U\\!<<*\"#6=f)!<<*\"!!`N^!!*'\"!!`N)!!*'\"!!!6)2?3aX!!!-&!!!$\"!!!!(!B0uZ!!!!0!<<*#z!!!02AoD]VCi<g!6Z6LH$=da\\F*'!F@<6Mo\"E\\p.AI;pcCi!O!F(Jl:\":8pVF(djWB5D/-;u8cZ","8391690":"!<d@[F*Pm<#64c-E,TfC$NL/,!<d@[F*aS:#64o6@VfsmCI<#NAK#W4E,]`9FCJfiD(TpBEd;)+ARoh\"FED)3#R+[K@;U'2!\"'nW$4Qt85X,t`!!#4r%h8I:5<fnYs8P8'!!&ZW)!\"=4!WW","8401930":"!<d@[F*Pm<#64c-E,TfC$NL/,!<d@[F*aqD#64o6@VfsmCI<#NAK#W4E,]`9FCJfiD(TpBEd;)+ARoh\"FED)3#R+[K@;U'5!\"(\"Z%h/L=!'_1u!.[9S!!%O6&e>EQ!'n:6!!%O**WH(g^DQ$)!!","2103307":"!<d@[F*Pp=#64c-E,TfC\"TSN&!<d@[F*a\\=#64o6@VfsmCI<#NAHu^]F`__:EWlSfH#R=+F),?'ATVj./TYlB@qf@f\":&scFCB9&=9&=$!!EUFATMNNDJ*csz\":&scFCB9&=o\\O&!!rsADes6$@ru9m!!E[MAT2'lE`7'gFCbFP!!!-,De<U&ATV#S!!!!%#B+3dF(KGrz\":&jWAohO*=o\\PQ4TG","2104331":"!<d@[F*Pp=#64c-E,TfC\"TSN&!<d@[F*a_>#64o6@VfsmCI<#NAHu^]F`__:EWlSfH#R=*@rGskBl5MCDfdR>C12,c#BFa)@<?'_z\":8pVF(djWB5D/6&'7$=#BFa)@<?'az#mk*[Ci!ZmFCet_\":K6]E+*I$;flGiAH2]1!!EOFAnH*qFBAMC!!!-,De<U&ATV&T!!!!%#B+3dF(KGsz!!","2106379":"!<d@[F*Pp=#64c-E,TfC\"TSN&!<d@[F*ae@#64o6@VfsmCI<#NAIW-_Bldj%ARo7dDe!Pj$#O*mATDKnCi]UW!!!rH!!!$*A7]7hE`-gtz!=3^aFCB9*Df,QJ\"TSo8@s)7!Bk28dznFlp5E;onD$>\"'gFAlmaAO158!%8*ZF(o/r;f?JdA,uZY#S1ujA7\\&CD/XK;;f?JdA,uZY\"USXSDe!QX@;TQU$P./rBkM-t@;J;R@W,skErl=A!!)N_!.]%g!\"0TOG%#*$9jr-TEbSru;0?;bFD5i2ATIkP!!!!-!!!!","2107403":"!<d@[F*Pp=#64c-E,TfC\"TSN&!<d@[F*ahA#64o6@VfsmCI<#NAHu^]F`__:EWlSfH#R=2@qBP!ATBG6ATD3rBk&kLEcl)6ARmP!#BFa)@<?'_z\":8pVF(djWB5D/6%nStg#BFa)@<?'az#mk*[Ci!ZmFCet_\":K6]E+*I$;flGiAH2]1!!EOFAnH*qFBAMC!!!-,De<U&ATV&T!!!!%#B+3dF(KGsz!!","3153931":"!<d@[F*Pp=#64c-E,TfC\"onW'!<d@[F*ab?#64o6@VfsmCI<#NAHu^]F`__:EWlSfH#R=%@UX:tBk(R^AMaMpEc6&.FCePS!!!!%$#O6pBL-NKCh;Pl00fXFEc6&.FCeVU!!!!*$\"ImiCh7*uARkcD$Z]ft@;0a\\FCB9&z\":&jWAohO*=9&=$!!EOFAnH*qFBJSD!!!-,De<U&ATV)Uz","4197387":"!<d@[F*Pp=#64c-E,TfC#64`(!<d@[F*aS:#64o6@VfsmCI<#NAJK6(@r$13E+NQ3Ecki#Ch521Eb/ec\"E\\p.AJT</@Ua.b/R`^6Cgh?>/SB*4DJ=3(\":&scFCB9&=9&=$!!EUFATMNNDJ*csgCHlj\":&scFCB9&=o\\O&!!rsADes6$@ru9m!!E[MAT2'lE`7'gFCbFP!!!-,De<U&ATV#S!!!!%#B+3dF(KGrz\":&jWAohO*=o\\O&!!!","8391691":"!<d@[F*Pp=#64c-E,TfC$NL/,!<d@[F*aS:#64o6@VfsmCI<#NAK#W4E,]`9FCJfiD(TpBEd;)+ARoh\"FED)3#R+[K@;U'2!\"'nW$4Qt85X,t`!!#4r%h812J%l^\"!2.(I!!&ZW)!\"=4!WW","8395787":"!<d@[F*Pp=#64c-E,TfC$NL/,!<d@[F*a_>#64o6@VfsmCI<#NAK#W4E,]`9FCJfiD(TpBEd;)+ARoh\"FED)3#R+[K@;U'5!\"(\"Z%h/L=5X,t`!!#5(!!%O6&e>HNs5-$UqZ$RZ*<6()^_l-*!!","8401931":"!<d@[F*Pp=#64c-E,TfC$NL/,!<d@[F*aqD#64o6@VfsmCI<#NAK#W4E,]`9FCJfiD(TpBEd;)+ARoh\"FED)3#R+[K@;U'7!\"((\\%h/L=!'_1u!.[9S!!%O6&e>HJs8P7trVq@3*<6()^_l-*+9_`","10493963":"!<d@[F*Pp=#64c-E,TfC%0-A.!<d@[F*ab?#64o6@VfsmCI<#NAHu^]F`__:EWlSfH#R=,E,Ti?ATE&LF`_24F(oH31'@i&DffE0AQSp4!!!-.D.Rd%6#L=OA`V%#56M43DffE0AQf'6!!!<3@rH1\"ARfgnA,l`?Eb02uBl[-o@<?&\\!!!!%#B+3dF(KGqz\":&jWAohO*=TAF%!!EOFAnH*qFBSYE!!!!","2103308":"!<d@[F*Ps>#64c-E,TfC\"TSN&!<d@[F*a\\=#64o6@VfsmCI<#NAJK6(@r$13E+NQ3Ecki#Ch521Eb/ec\"E\\p.AJT</@Ua.b/R`^6Cgh??/SB*4DJ=3(\":&scFCB9&=9&=$!!EUFATMNNDJ*csgCMCi\":&scFCB9&=o\\O&!!rsADes6$@ru9m!!E[MAT2'lE`7'gFCbFP!!!-,De<U&ATV#S!!!!%#B+3dF(KGrz\":&jWAohO*=o\\O&!!!","2104332":"!<d@[F*Ps>#64c-E,TfC\"TSN&!<d@[F*a_>#64o6@VfsmCI<#NAJT?/@<?4%DIIR2@UX=nATTMADfTr5\"po!]G%GQ5DfU+(#'\"^#Dfg%+!!!!'\"`nKuFE7Zf0E;+R!!!N1!!!$\"!!!!(!Aa]V!!!!h&c_n4z#6?[^!<<*\"!W`9$!<<*\"!!`N_!!*'\"!##A5!!*'\"z\"Uo!]E^FS\\@r\"GMA7ZNtFCB9*Df0!(H\"(3'CLqT>DJsQ;BE\\N\\H#R<u@:s.^1'@o#ATMNNDJ*csgCME?!!","3154956":"!<d@[F*Ps>#64c-E,TfC\"onW'!<d@[F*ae@#64o6@VfsmCI<#NAHu^]F`__:EWlSfH#R='FCAWpATTM6CghTF\":&scFCB9&=9&=$!!EUFATMNNDJ*csgCME?\":&scFCB9&=o\\O&!!rsADes6$@ru9m!!E[MAT2'lE`7'gFCbFP!!!-,De<U&ATV#S!!!!%#B+3dF(KGrz\":&jWAohO*=o\\O&!!!","6303756":"!<d@[F*Ps>#64c-E,TfC#ljr*!<d@[F*anC#64o6@VfsmCI<#NAHu^]F`__:EWlSfH#R=-@q]:gA7]RkATBACF_P`)A2+2lEc6&.FCePS!!!!%$#O6pBL-NKCh;\\N(;L%XEc6&.FCeVU!!!!*$\"ImiCh7*uARkcD$Z]ft@;0a\\FCB9&z\":&jWAohO*=9&=$!!EOFAnH*qFBJSD!!!-,De<U&ATV)Uz","7352332":"!<d@[F*Ps>#64c-E,TfC$31&+!<d@[F*anC#64o6@VfsmCI<#NAHu^]F`__:EWlSfH#R=,@ps7cCh7[0F^cqDBl7R\"AHW6YDffE0AQSp4!!!-.D.Rd%6#L=OA^OHR^B=d^DffE0AQmh!ahS2h@rH1\"ARfgnA,l`?Eb02uBl[-o@<?&\\!!!!%#B+3dF(KGq!!!#5\":&jWAohO*=TAGP^B=d[AnH*qFBSYE!!!!","10487820":"!<d@[F*Ps>#64c-E,TfC%0-A.!<d@[F*aP9#64o6@VfsmCI<#NAHu^]F`__:EWlSfH#R=(FCAWpATTMFFDl&.2$=/)DffE0AQSp4!!!-.D.Rd%6#L=OA`V%#56M43DffE0AQf'6!!!<3@rH1\"ARfgnA,l`?Eb02uBl[-o@<?&\\!!!!%#B+3dF(KGqz\":&jWAohO*=TAF%!!EOFAnH*qFBSYE!!!!","2102285":"!<d@[F*Q!?#64c-E,TfC\"TSN&!<d@[F*aY<#64o6@VfsmCI<#NAJK6(@r$13E+NQ3Ecki#Ch521Eb/ec\"E\\p.AJT</@Ua.b/R`^6Cgh?=/SB*4DJ=3(\":&scFCB9&=9&=$!!EUFATMNNDJ*csgCHlj\":&scFCB9&=o\\O&!!rsADes6$@ru9m!!E[MAT2'lE`7'gFCbFP!!!-,De<U&ATV#S!!!!%#B+3dF(KGrz\":&jWAohO*=o\\O&!!!","3152909":"!<d@[F*Q!?#64c-E,TfC\"onW'!<d@[F*a_>#64o6@VfsmCI<#NAHu^]F`__:EWlSfH#R=*@qBP!ATBG6ATD3rBk&k##BFa)@<?'_z\":8pVF(djWB5D,Z!!!!%#BFa)@<?'az#mk*[Ci!ZmFCet_\":K6]E+*I$;flGiAH2]1!!EOFAnH*qFBAMC!!!-,De<U&ATV&T!!!!%#B+3dF(KGsz!!","3153933":"!<d@[F*Q!?#64c-E,TfC\"onW'!<d@[F*ab?#64o6@VfsmCI<#NAHu^]F`__:EWlSfH#R=(FCAWpATTMFFDl&.2ZsA+DffE0AQSp4!!!-.D.Rd%6#L=OA_R_e^B=d^DffE0AQf'6!!!<3@rH1\"ARfgnA,l`?Eb02uBl[-o@<?&\\!!!!%#B+3dF(KGqz\":&jWAohO*=TAF%!!EOFAnH*qFBSYE!!!!","3154957":"!<d@[F*Q!?#64c-E,TfC\"onW'!<d@[F*ae@#64o6@VfsmCI<#NAJK6(@r$13E+NQ3Ecki#Ch521Eb/ec\"E\\p.AJT</@Ua.b/R`^6Cgh??/SB*4DJ=3(\":&scFCB9&=9&=$!!EUFATMNNDJ*csdSp%X\":&scFCB9&=o\\O&!!rsADes6$@ru9m!!E[MAT2'lE`7'gFCbFP!!!-,De<U&ATV#S!!!!%#B+3dF(KGrz\":&jWAohO*=o\\O&!!!","3155981":"!<d@[F*Q!?#64c-E,TfC\"onW'!<d@[F*ahA#64o6@VfsmCI<#NAJK6(@r$13E+NQ3Ecki#Ch521Eb/ec\"E\\p.AJT</@Ua.b/R`^6Cgh?>/SB*4DJ=3(\":&scFCB9&=9&=$!!EUFATMNNDJ*csi9`25\":&scFCB9&=o\\O&!!rsADes6$@ru9m!!E[MAT2'lE`7'gFCbFP!!!-,De<U&ATV#S!!!!%#B+3dF(KGrz\":&jWAohO*=o\\O&!!!","7350285":"!<d@[F*Q!?#64c-E,TfC$31&+!<d@[F*ahA#64o6@VfsmCI<#NAK#W4E,]`9FCJfiD(TpBEd;)+ARoh\"FED)3#R+[K@;U'R!\"'hU$5EO@J3FtR!.[9H%h7h(J%cWt!5Lf>!!#8L)!\"<s+:8Gj!!%O5*<6(i58\"J9s8W,5'`\\5a^`<CTJ3On39)n","8393741":"!<d@[F*Q!?#64c-E,TfC$NL/,!<d@[F*aY<#64o6@VfsmCI<#NAK#W4E,]`9FCJfiD(TpBEd;)+ARoh\"FED)3#R+[K@;U'V!\"'nW$4Qt85X,t`!!#4r%h/L=J3ObK!$K&t!W\\lX)!\"=4!X^+Y$4Qt8J3ObK!'ia]%h/L=J3ObK!4]fb[YYj/)!\"=4!rr","10489869":"!<d@[F*Q!?#64c-E,TfC%0-A.!<d@[F*aV;#64o6@VfsmCI<#NAIEU#F`(tHDJsQ;BEecWDK]T/FDl2F!=!ObCi=E:&c_n3\"pK'aDfg%*!AFKS!!!!)$ig8.z#6?X]!<<*\"&-2b2!<<*\"!!`N^!!*'\"!##A5!!*'\"!!!6)2ZNjY!!!95!!!$\"!!!!(!\\lA/!<<*\"\"T\\T'!<<*\"!!`Q[0`V4S!!#k/!!!$\"!!!!(!\\lP4!<<*\"'*/(5!<<*\"!!`Q[2?3aX!!#k/!!!$\"z!!NdCDfS0\\De!QMDe*DeFE2MACFsFBEcbsu\"E\\p.AI;pcCi!O!F(Jl<\":8pVF(djWB5D/6&'7!8","10492941":"!<d@[F*Q!?#64c-E,TfC%0-A.!<d@[F*a_>#64o6@VfsmCI<#NAHu^]F`__:EWlSfH#R=(FCAWpAM%qFBl7Km0a%`%DffE0AQSp4!!!-.D.Rd%6#L=OA`V#M^]Xm_DffE0AQf'6!!!<3@rH1\"ARfgnA,l`?Eb02uBl[-o@<?&\\!!!!%#B+3dF(KGqz\":&jWAohO*=TAF%!!EOFAnH*qFBSYE!!!!","4202510":"!<d@[F*Q$@#64c-E,TfC#64`(!<d@[F*ab?#64o6@VfsmCI<#NAJK6(@r$13E+NQ3Ecki#Ch521Eb/ec\"E\\p.AJT</@Ua.b/R`^6Cgh?@/SB*4DJ=3(\":&scFCB9&=9&=$!!EUFATMNNDJ*csgCME@\":&scFCB9&=o\\O&!!rsADes6$@ru9m!!E[MAT2'lE`7'gFCbFP!!!-,De<U&ATV#S!!!!%#B+3dF(KGrz\":&jWAohO*=o\\O&!!!","8395790":"!<d@[F*Q$@#64c-E,TfC$NL/,!<d@[F*a_>#64o6@VfsmCI<#NAK#W4E,]`9FCJfiD(TpBEd;)+ARoh\"FED)3#R+[K@;U'2!\"'nW$4Qt8!'_1u!'ia]%h/^CJA2iss$+7=s8RR6)!\"=4!WW","10498062":"!<d@[F*Q$@#64c-E,TfC%0-A.!<d@[F*anC#64o6@VfsmCI<#NAHu^]F`__:EWlSfH#R='Ecki#Ch52BDf9/A\":&scFCB9&=9&=$!!EUFATMNNDJ*csgCME?\":&scFCB9&=o\\O&!!rsADes6$@ru9m!!E[MAT2'lE`7'gFCbFP!!!-,De<U&ATV#S!!!!%#B+3dF(KGrz\":&jWAohO*=o\\O&!!!","10491919":"!<d@[F*Q'A#64c-E,TfC%0-A.!<d@[F*a\\=#64o6@VfsmCI<#NAHu^]F`__:EWlSfH#R=(FCAWpAM%qFBl7Km1^\"&(DffE0AQSp4!!!-.D.Rd%6#L=OA_Ra;4p2+2DffE0AQf'6!!!<3@rH1\"ARfgnA,l`?Eb02uBl[-o@<?&\\!!!!%#B+3dF(KGqz\":&jWAohO*=TAF%!!EOFAnH*qFBSYE!!!!","10497040":"!<d@[F*Q*B#64c-E,TfC%0-A.!<d@[F*akB#64o6@VfsmCI<#NAIW-_Bldj%ARo7dDe!Pj$#O*mATDKnCi]UW!!(([!!!$*A7]7hE`-gtz!=3^aFCB9*Df,QJ\"TSo8@s)7!Bk28czE-D9f$>\"'gFAlmaAO158!!!92F(o/r;f?JdA,uZ1#S1ujA7\\&CD/XK;;f?JdA,uZ1\"USXSDe!QX@;TQU$P./rBkM-t@;J;R@W,skErc7@!!)N_!\"0TOG%#*$9jr-TEbSru;0?;bFD5i2ATIkP!!!!)!!!!","10498064":"!<d@[F*Q*B#64c-E,TfC%0-A.!<d@[F*anC#64o6@VfsmCI<#NAI;p\\ATMrFARTY%\"po!]G%GQ5DfU+(#'\"^#Dfg%'!!!!'\"`nKuFE7Zf0`V4S!!!6)!!!$\"z!!NdCDfS0\\De!QMDe*Dd@q]FpF=h'4F*%QgFEqh:#]Fp'/R`:'A-<3UATMNNDJ*csgCMCi!!","10499088":"!<d@[F*Q*B#64c-E,TfC%0-A.!<d@[F*aqD#64o6@VfsmCI<#NAIW-_Bldj%ARo7dDe!Pj$Zg3(G@Pc)DeWa'!<<*\"Gkh\"5$P@#lDfor.;f6Mt6ZljVBk28dzn8J@.Gjk\\@$#O*mATDKnCi]UW!!$OM!!!$*A7]7hE`-gtz!=3^aFCB9*Df,QJ\"TSo8@s)7!Bk28c!!!!)q\"Fao$>\"'gFAlmaAO158!!!92F(o/r;f?JdA,uZ1#S1ujA7\\&CD/XK;;f?JdA,uZ1\"USXSDe!QX@;TQU$P./rBkM-t@;J;R@W,skErl=A!!)N_!.]%g!\"0TOG%#*$9jr-TEbSru;0?;bFD5i2ATIkP!!!!-!!!!","10496017":"!<d@[F*Q-C#64c-E,TfC%0-A.!<d@[F*ahA#64o6@VfsmCI<#NAHu^]F`__:EWlSfH#R=(FCAWpATTMFFDl&.2ZsA+DffE0AQSp4!!!-.D.Rd%6#L=OA^XNS56M43DffE0AQf'6!!!<3@rH1\"ARfgnA,l`?Eb02uBl[-o@<?&\\!!!!%#B+3dF(KGqz\":&jWAohO*=TAF%!!EOFAnH*qFBSYE!!!!","10497041":"!<d@[F*Q-C#64c-E,TfC%0-A.!<d@[F*akB#64o6@VfsmCI<#NAIW-_Bldj%ARo7dDe!Pj$#O*mATDKnCi]UW!!$OM!!!$*A7]7hE`-gtz!=3^aFCB9*Df,QJ\"TSo8@s)7!Bk28dzq\"Faon94j<$>\"'gFAlmaAO158!!!92F(o/r;f?JdA,uZ1#S1ujA7\\&CD/XK;;f?JdA,uZ1\"USXSDe!QX@;TQU$P./rBkM-t@;J;R@W,skErl=A!!)N_!.]%g!\"0TOG%#*$9jr-TEbSru;0?;bFD5i2ATIkP!!!!-!!!!","10498065":"!<d@[F*Q-C#64c-E,TfC%0-A.!<d@[F*anC#64o6@VfsmCI<#NAHu^]F`__:EWlSfH#R=(FCAWpAM%qFBl7Km2$=/)DffE0AQSp4!!!-.D.Rd%6#L=OA`V%#^B=d^DffE0AQf'6!!!<3@rH1\"ARfgnA,l`?Eb02uBl[-o@<?&\\!!!!%#B+3dF(KGqz\":&jWAohO*=TAF%!!EOFAnH*qFBSYE!!!!","10499089":"!<d@[F*Q-C#64c-E,TfC%0-A.!<d@[F*aqD#64o6@VfsmCI<#NAIW-_Bldj%ARo7dDe!Pj$Zg3(G@Pc)DeWa'!WW3#E;9/-GjonW$P@#lDfor.;f6Mt6ZljVBk28czE,Ydb$#O*mATDKnCi]UW!!$OM!!!$*A7]7hE`-gtz!=3^aFCB9*Df,QJ\"TSo8@s)7!Bk28dzq\"Faon94j<$>\"'gFAlmaAO158!!!92F(o/r;f?JdA,uZ1#S1ujA7\\&CD/XK;;f?JdA,uZ1\"USXSDe!QX@;TQU$P./rBkM-t@;J;R@W,skErl=A!!)N_!.]%g!\"0TOG%#*$9jr-TEbSru;0?;bFD5i2ATIkP!!!!-!!!!","10500113":"!<d@[F*Q-C#64c-E,TfC%0-A.!<d@[F*atE#64o6@VfsmCI<#NAIW-_Bldj%ARo7dDe!Pj$#O*mATDKnCi]UW!!$OM!!!$*A7]7hE`-gtz!=3^aFCB9*Df,QJ\"TSo8@s)7!Bk28cznFlng$>\"'gFAlmaAO158!$DORF(o/r;f?JdA,uZQ#S1ujA7\\&CD/XK;;f?JdA,uZQ\"USXSDe!QX@;TQU$P./rBkM-t@;J;R@W,skErl=A!!)N_!.]%g!\"0TOG%#*$9jr-TEbSru;0?;bFD5i2ATIkP!!!!-!!!!","10490898":"!<d@[F*Q0D#64c-E,TfC%0-A.!<d@[F*aY<#64o6@VfsmCI<#NAIW-_Bldj%ARo7dDe!Pj$Zg3(G@Pc)DeWa'!<<*\"Gkh\"5$P@#lDfor.;f6Mt6ZljVBk28dzn8J@.Gjk\\@$#O*mATDKnCi]UW!!)%^!!!$*A7]7hE`-gtz!=3^aFCB9*Df,O\\#65,:@s)7!Bk28c!!!!)q\"Fao$>\"'gFAlmaAO158!!!92F(o/r;f?JdA,uZ1#S1ujA7\\&CD/XK;;f?JdA,uZ1\"USXSDe!QX@;TQU$Q!5p@;0OP@<?($BjkgTF^]00Bln'#Erc7@!!!Q1!!!","10491922":"!<d@[F*Q0D#64c-E,TfC%0-A.!<d@[F*a\\=#64o6@VfsmCI<#NAHu^]F`__:EWlSfH#R=&E+s-\"/TboLCi_?7#BFa)@<?'_z\":8pVF(djWB5D/?bEfmG#BFa)@<?'az#mk*[Ci!ZmFCet_\":K6]E+*I$;flGiAH2]1!!EOFAnH*qFBAMC!!!-,De<U&ATV&T!!!!%#B+3dF(KGsz!!","10497042":"!<d@[F*Q0D#64c-E,TfC%0-A.!<d@[F*akB#64o6@VfsmCI<#NAIW-_Bldj%ARo7dDe!Pj$#O*mATDKnCi]UW!!(([!!!$*A7]7hE`-gtz!=3^aFCB9*Df,QJ\"TSo8@s)7!Bk28ezn94j4GkV2gE.7in$>\"'gFAlmaAO158!!!92F(o/r;f?JdA,uZ1#S1ujA7\\&CD/XK;;f?JdA,uZ1\"USXSDe!QX@;TQU$P./rBkM-t@;J;R@W,skErc7@!!)N_!\"0TOG%#*$9jr-TEbSru;0?;bFD5i2ATIkP!!!!)!!!!","10499090":"!<d@[F*Q0D#64c-E,TfC%0-A.!<d@[F*aqD#64o6@VfsmCI<#NAIW-_Bldj%ARo7dDe!Pj$Zg3(G@Pc)DeWa'!WW3#E:A&OEHq3X$P@#lDfor.;f6Mt6ZljVBk28c!!!!)q!\\7k$#O*mATDKnCi]UW!!(([!!!$*A7]7hE`-gtz!=3^aFCB9*Df,QJ\"TSo8@s)7!Bk28dzn94j4GkV1D$>\"'gFAlmaAO158!!!92F(o/r;f?JdA,uZ1#S1ujA7\\&CD/XK;;f?JdA,uZ1\"USXSDe!QX@;TQU$P./rBkM-t@;J;R@W,skErc7@!!)N_!\"0TOG%#*$9jr-TEbSru;0?;bFD5i2ATIkP!!!!)!!!!","10491923":"!<d@[F*Q3E#64c-E,TfC%0-A.!<d@[F*a\\=#64o6@VfsmCI<#NAIW-_Bldj%ARo7dDe!Pj$Zg3(G@Pc)DeWa'!<<*\"E,^\"$$P@#lDfor.;f6Mt6ZljVBk28dzq!\\7hn8J@8$#O*mATDKnCi]UW!!)%^!!!$*A7]7hE`-gtz!=3^aFCB9*Df,P7\"98f7@s)7!Bk28czE-D9f$>\"'gFAlmaAO158!!!92F(o/r;f?JdA,uZ1#S1ujA7\\&CD/XK;;f?JdA,uZ1\"USXSDe!QX@;TQU$Q!5p@;0OP@<?($BjkgTF^]00Bln'#Erc7@!!!Q1!!!"},"Entities":[],"ReplaceMode":2,"EntranceRotation":-1,"OriginalPos":{"X":506043,"Z":515481,"InternalY":3}}