{"GameVersion":"1.20.0","SizeX":6,"SizeY":5,"SizeZ":8,"BlockCodes":{"23011":"game:logquad-placed-aged-ns","0":"game:air","16363":"game:attachingplant-spottymold","9449":"game:attachingplant-mold","23037":"game:logquad-placed-aged-we","6179":"game:rock-granite","8613":"game:meta-underground","9493":"game:agedstonebricks-granite","2621":"game:bonysoil","23115":"game:logquad-barkedcorner-aged-south","456":"game:chiseledblock","8620":"game:stationarybasket-south","2966":"game:cobblestone-granite","8606":"game:clutter","8610":"game:groundstorage","9670":"game:planks-rottenebony-we","8607":"game:coalpile","16364":"game:attachingplant-sparsemold","9459":"game:oxidation-rust-normal"},"ItemCodes":{"275":"game:stackrandomizer-resource","270":"game:stackrandomizer-fuel","4688":"game:stackrandomizer-materials-mining","258":"game:stackrandomizer-cloth-lowstatus","4690":"game:powder-charcoal","351":"game:charcoal"},"Indices":[3072,4096,1051648,2100224,2049,3073,4097,5121,1050625,1051649,1052673,1053697,2099201,2100225,2101249,2102273,3147777,3148801,3149825,2,1026,2050,3074,4098,5122,6146,7170,1049602,1050626,1051650,1052674,1053698,1054722,1055746,2098178,2099202,2100226,2101250,2102274,2103298,2104322,3146754,3147778,3148802,3149826,3150850,3,1027,2051,3075,4099,5123,6147,7171,1048579,1049603,1050627,1051651,1052675,1053699,1054723,1055747,2097155,2098179,2099203,2100227,2101251,2102275,2103299,3146755,3147779,3148803,3149827,3150851,1028,2052,3076,4100,5124,6148,1049604,1050628,1051652,1052676,1053700,1054724,2098180,2099204,2100228,2101252,2102276,2103300,3146756,3148804,3149828,4195332,1029,2053,3077,4101],"BlockIds":[6179,6179,6179,8613,6179,6179,6179,6179,6179,6179,6179,6179,9493,9493,2621,8613,23115,456,8620,6179,6179,6179,6179,6179,6179,6179,6179,6179,6179,6179,6179,6179,6179,6179,9493,2966,2966,2966,9493,8613,8613,8606,456,8606,8606,8610,6179,6179,6179,6179,6179,6179,6179,6179,6179,6179,6179,6179,6179,6179,6179,6179,8613,9493,2621,2966,2966,2966,9493,9670,8610,8607,8606,8606,6179,6179,6179,6179,6179,6179,6179,6179,6179,6179,6179,6179,9493,8613,8613,2966,9493,9493,9670,8606,8610,8607,6179,6179,6179,6179],"DecorIndices":[2100225,2101249,3147777,3147777,3147777,3147777,3147777,2098178,2099202,2100226,2101250,2102274,2101251,2102275,2103299,3146755,3146755,3146755,3146755,2098180,2101252,2103300,3146756],"DecorIds":[67118313,67125228,67125228,16793579,33563881,50348011,16364,67125227,67118313,67125227,67118313,67125228,67125227,67125227,67125228,9459,33563881,50341107,67118313,33563881,67125228,67118313,33563891],"BlockEntities":{"3148801":"!<d@[F*Jt@#64c-E,TfC$31&+!<d@[F*_NU#64o6@VfsmCI<#NAIW-_Bldj%ARo7dDe!Pj$Zg3(G@Pc)DeWa'!WW3#E:A&OEHq3X$P@#lDfor.;f6Mt6ZljVBk28c!!!!)q!\\7k$#O*mATDKnCi]UW!!)%^!!!B4A7]7hE_0e_\"onW'zlTY@Lkp-6/kp-6/lTY@Lz!=34I@rHBcDfbsZ!!!$*Ec6&.FD5Z2!2'Jq$O:0a@W,skErl=A!!)M4!!%9<!!ipCD/\")jBk1d@DZKh<#RPQdA7\\\\XCh[D\\!!!98F(o/r6#:CVF*(?!Ch[D\\!!!0/@VfsmCJJ;TAH3)S@<Q'nCe\\>[ATDKnCf,=`DKKT7Bk;>dz&-)\\1","3149825":"!<d@[F*Jt@#64c-E,TfC$31&+!<d@[F*_QV#64o6@VfsmCI<#NAJT?/@<?4%DIIR2@UX=nATTMFDfp/8\"po!]G%GQ5DfU+(#'\"^#Dfg%+!!!!'\"`nKuFE7Zf0E;+R!!!Z5!!!$\"!!!!(!AXWU!!!!/!<<*#z#6?U\\!<<*\":_Ea.!<<*\"!!`N]!!*'\"!\"K#0!!*'\"!!!6)2ZNjY!!!'$!!!$\"z!!NdCDfS0\\De!QMDe*DpF*(i4Bl@ltEd;,&F),?//TYiQFD(g\\FEqh:\"^u%TA248oD.Rd%6#L=OA`2r/^]4","3146754":"!<d@[F*K\"A#64c-E,TfC$31&+!<d@[F*_HS#64o6@VfsmCI<#NAHu^]F`__:EWlSfH#R='Ecki#Ch52BDf9/@\":&scFCB9&=9&=$!!EUFATMNNDJ*csz\":&scFCB9&=o\\O&!!rsADes6$@ru9m!!E[MAT2'lE`7'gFCbFP!!!-,De<U&ATV#S!!!!%#B+3dF(KGrz\":&jWAohO*=o\\O&!!!","3147778":"!<d@[F*K\"A#64c-E,TfC$31&+!<d@[F*_KT#64o6@VfsmCI<#NAIW-_Bldj%ARo7dDe!Pj$Zg3(G@Pc)DeWa'!<<*\"n8NjW$P@#lDfor.;f6Mt6ZljVBk28dzq!\\7hn8J@8$#O*mATDKnCi]UW!!)t#!!!B4A7]7hE_0e_\"onW'kp-6/kp-6/kp-6/zlTY@Lz!=34I@rHBcDfbsZ!!!$*Ec6&.FD5Z2!2'Jq$O:0a@W,skErc7@!!$tf!!ipCD/\")jBk1d@DZKh<#RPQdA7\\\\XCh[D\\!!!98F(o/r6#:CVF*(?!Ch[D\\!!!0/@VfsmCJJ;TAH3)S@<Q'nCe\\>[ATDKnCf,=`DKKT7Bk;>dz&-)\\1","3148802":"!<d@[F*K\"A#64c-E,TfC$31&+!<d@[F*_NU#64o6@VfsmCI<#NAHu^]F`__:EWlSfH#R=&E+s-\"/TboLCi_B8#BFa)@<?'_z\":8pVF(djWB5D/?bEb?q#BFa)@<?'az#mk*[Ci!ZmFCet_\":K6]E+*I$;flGiAH2]1!!EOFAnH*qFBAMC!!!-,De<U&ATV&T!!!!%#B+3dF(KGsz!!","3149826":"!<d@[F*K\"A#64c-E,TfC$31&+!<d@[F*_QV#64o6@VfsmCI<#NAHu^]F`__:EWlSfH#R=,E,Ti?ATE&LF`_24F(oH31'@i&DffE0AQSp4!!!-.D.Rd%6#L=OA_R_e56M43DffE0AQf'6!!!<3@rH1\"ARfgnA,l`?Eb02uBl[-o@<?&\\!!!!%#B+3dF(KGqz\":&jWAohO*=TAF%!!EOFAnH*qFBSYE!!!!","3150850":"!<d@[F*K\"A#64c-E,TfC$31&+!<d@[F*_TW#64o6@VfsmCI<#NAIW9mDfor.F*)>@@:s-S'lml&@;0UnDJ):YEc+9fEaa'(Df,OT!!!-2F*(i2F@:7l@<?4%D?'Y:!!rsGF$b\"iDJ=!$!!*@;Bl[d(Df]#,\\H`*8#\\IdkAT2R/=UG-/!!*@;Bl[d(Df])sh$3o\\#\\J3jCiF<6==(K_!!*@;F_,B.Df]%g!!!!\"#\\J3jCiF<6>&)ju!!WaDDK]T/FDl2F!=!ObCi=E:\"98E%\"pK'aDfg%*!AFKS!!!!s&c_n4z!!!<;AoD^\"AQ*\\hEa`Tl:i^JnErZLO@Wc^/Bl7P`!toEYF*(Aq@r#%^FCAuVDfp)Azz\":8pVF(djWB5D,Z!!!!\"$=S$u@:Nt?@:NjKz","3147779":"!<d@[F*K%B#64c-E,TfC$31&+!<d@[F*_KT#64o6@VfsmCI<#NAIW9mDfor.F*)>@@:s-S'lml&@;0UnDJ):YEc+9fEaa'(Df,OT!!!-2F*(i2F@:7l@<?4%D?'Y:!!rsGF$b\"iDJ=!$!!*@;Bl[d(Df]#-\\H`*8#\\IdkAT2R/=UG-/!!*@;Bl[d(Df])ph$3o\\#\\J3jCiF<6==1Q`!!*@;F_,B.Df]%g!!!!\"#\\J3jCiF<6>%cXr!!WaDDK]T/FDl2F!=!ObCi=E:\"98E%\"pK'aDfg%*!AFKS!!!!s&c_n4z!!!<;AoD^\"AQ*\\hEa`Tl:i^JnErZLO@Wc^/Bl7P`!toEYF*(Aq@r#%^FCAuVDfp)Azz\":8pVF(djWB5D/6&'7$:$=S$u@:Nt?@:NjKz","3148803":"!<d@[F*K%B#64c-E,TfC$31&+!<d@[F*_NU#64o6@VfsmCI<#NAI)da@;KmsCh3eWBl8**DKKf;Gl\\+hF)5c:Erc7@!!WUJCi=E:#6?LY!<<*\"?NC-,!<<*\"!!!!*#@_grDJ=!$!!<jM@<6NiBk(pXDffE(88iWkErZ1?z!!rsGF$jk]@:F%a!!!","3149827":"!<d@[F*K%B#64c-E,TfC$31&+!<d@[F*_QV#64o6@VfsmCI<#NAHu^]F`__:EWlSfH#R=(FCAWpATTM@ATV?s0a%`%DffE0AQSp4!!!-.D.Rd%6#L=OA^XNS56M43DffE0AQf'6!!!<3@rH1\"ARfgnA,l`?Eb02uBl[-o@<?&\\!!!!%#B+3dF(KGqz\":&jWAohO*=TAF%!!EOFAnH*qFBSYE!!!09Dg#]4EbT&q<+U;rF`M%\\De*Db@rHC.De*Ei!!","3150851":"!<d@[F*K%B#64c-E,TfC$31&+!<d@[F*_TW#64o6@VfsmCI<#NAHu^]F`__:EWlSfH#R=&E+s-\"/TboLCi_<6#BFa)@<?'_z\":8pVF(djWB5D/6&'7$=#BFa)@<?'az#mk*[Ci!ZmFCet_\":K6]E+*I$;flGiAH2]1!!EOFAnH*qFBAMC!!!-,De<U&ATV&T!!!!%#B+3dF(KGsz!!","3148804":"!<d@[F*K(C#64c-E,TfC$31&+!<d@[F*_NU#64o6@VfsmCI<#NAHu^]F`__:EWlSfH#R='Ecki#Ch52BDf9/A\":&scFCB9&=9&=$!!EUFATMNNDJ*csgCME@\":&scFCB9&=o\\O&!!rsADes6$@ru9m!!E[MAT2'lE`7'gFCbFP!!!-,De<U&ATV#S!!!!%#B+3dF(KGrz\":&jWAohO*=o\\O&!!!","3149828":"!<d@[F*K(C#64c-E,TfC$31&+!<d@[F*_QV#64o6@VfsmCI<#NAIW9mDfor.F*)>@@:s-S'lml&@;0UnDJ):YEc+9fEaa'(Df,OT!!!-2F*(i2F@:7l@<?4%D?'Y:!!rsGF$b\"iDJ=!$!!*@;Bl[d(Df]#.\\H`*8#\\IdkAT2R/=UG-/!!*@;Bl[d(Df])rh$3o\\#\\J3jCiF<6==:Wa!!*@;F_,B.Df]%g!!!!\"#\\J3jCiF<6>%udt!!WaDDK]T/FDl2F!=!ObCi=E:\"98E%\"pK'aDfg%*!AXWU!!!!s&c_n4z!!!<;AoD^\"AQ*\\hEa`Tl:i^JnErZLO@Wc^/Bl7P`!toEYF*(Aq@r#%^FCAuVDfp)Azz\":8pVF(djWB5D/6&'7$:$=S$u@:Nt?@:NjKz","4195332":"!<d@[F*K(C#64c-E,TfC$NL/,!<d@[F*_HS#64o6@VfsmCI<#NAI)da@;KmsCh3eWBl8**DKKf;Gl\\+hF)5c:Erc7@!!WUJCi=E:#6?LY!<<*\"?NC-,!<<*\"!!!!*#@_grDJ=!$!!<jM@<6NiBk(pXDffE(88iWkErZ1?z!!rsGF$jk]@:F%a!!!"},"Entities":[],"ReplaceMode":2,"EntranceRotation":-1,"OriginalPos":{"X":506136,"Z":515419,"InternalY":3}}