{"GameVersion":"1.20.0","SizeX":7,"SizeY":4,"SizeZ":7,"BlockCodes":{"23037":"game:logquad-placed-aged-we","16363":"game:attachingplant-spottymold","16364":"game:attachingplant-sparsemold","0":"game:air","23011":"game:logquad-placed-aged-ns","9449":"game:attachingplant-mold","6179":"game:rock-granite","8613":"game:meta-underground","2621":"game:bonysoil","9493":"game:agedstonebricks-granite","2966":"game:cobblestone-granite","456":"game:chiseledblock","8109":"game:chest-east","8610":"game:groundstorage","8606":"game:clutter","8607":"game:coalpile","23141":"game:logquad-barkedcorner-aged-west"},"ItemCodes":{"270":"game:stackrandomizer-fuel","3080":"game:stackrandomizer-ruinedweapon","4690":"game:powder-charcoal","351":"game:charcoal"},"Indices":[1024,2048,3072,4096,1049600,1050624,1051648,1052672,2098176,2099200,2100224,2101248,1,1025,2049,3073,4097,5121,1048577,1049601,1050625,1051649,1052673,1053697,2097153,2098177,2099201,2100225,2101249,2102273,3146753,2,1026,2050,3074,4098,5122,6146,1048578,1049602,1050626,1051650,1052674,1053698,1054722,2097154,2098178,2099202,2100226,2101250,2102274,2103298,3145730,3146754,3147778,3148802,3,1027,2051,3075,4099,5123,6147,1048579,1049603,1050627,1051651,1052675,1053699,1054723,2097155,2098179,2099203,2100227,2101251,2102275,3146755,3147779,3149827,1028,2052,3076,4100,5124,6148,1049604,1050628,1051652,1052676,1053700,1054724,2097156,2098180,2099204,2100228,2101252,2102276,2103300,3146756,3147780,3148804,3149828,1029,2053,3077,4101,5125,1049605,1050629,1051653,1052677,1053701,2098181,2099205,2100229,2101253,2102277,3146757,3147781,2054,3078,4102,1051654,1052678,2100230],"BlockIds":[6179,6179,6179,6179,6179,6179,6179,6179,8613,2621,9493,8613,6179,6179,6179,6179,6179,6179,6179,6179,6179,6179,6179,6179,9493,2621,9493,2966,8613,2966,456,6179,6179,6179,6179,6179,6179,6179,6179,6179,6179,6179,6179,6179,6179,9493,2966,2966,2966,2966,8613,8613,8109,456,8610,8606,6179,6179,6179,6179,6179,6179,6179,6179,6179,6179,6179,6179,6179,6179,9493,2966,2966,2966,9493,9493,8607,8606,8606,6179,6179,6179,6179,6179,6179,6179,6179,6179,6179,6179,6179,8613,9493,2966,2966,2966,2621,8613,456,8606,8606,8610,6179,6179,6179,6179,6179,6179,6179,6179,6179,6179,2966,2966,2966,8613,9493,23141,456,6179,6179,6179,6179,6179,2966],"DecorIndices":[2100224,2099201,2100225,2097154,2099202,2100226,2101250,2099203,2100227,2102275,2098180,2099204,2100228,2102277,3146757,3146757,3146757,3146757,3146757,2100230],"DecorIds":[67118313,67125228,67118313,67125227,67125227,67125228,67125227,67125228,67125228,67125228,67118313,67118313,67125227,67118313,50341097,67125227,33563881,16793580,9449,67125228],"BlockEntities":{"3146753":"!<d@[F*PI1#64c-E,TfC$31&+!<d@[F*_KT#64o6@VfsmCI<#NAIW-_Bldj%ARo7dDe!Pj$Zg3(G@Pc)DeWa'!WW3#E:A&OGkh\"5$P@#lDfor.;f6Mt6ZljVBk28czGjk\\@$#O*mATDKnCi]UW!!)t#!!!B4A7]7hE_0e_\"onW'lTY@LlotIMlotIMlotIMlTY@Lz!=34I@rHBcDfbsZ!!!$*Ec6&.FD5Z2!2'Jq$O:0a@W,skErl=A!!)M4!!rAo!!ipCD/\")jBk1d@DZKh<#RPQdA7\\\\XCh[D\\!!!98F(o/r6#:CVF*(?!Ch[D\\!!!0/@VfsmCJJ;TAH3)S@<Q'nCe\\>[ATDKnCf,=`DKKT7Bk;>dz&-)\\1","3145730":"!<d@[F*PL2#64c-E,TfC$31&+!<d@[F*_HS#64o6@VfsmCI<#NAI;p\\ATMrFARTY%\"po!]G%GQ5DfU+(#'\"^#Dfg%'!!!!'\"`nKuFE7Zf0E;+R!!!K0!!!$\"!!!!(!AXWU!!!!)$ig8.z!!!02AoD]VCi<g!6Z6LH$=da\\F*'!F@<6Mo\"E\\p.AI*3uCb9(.ARkoMD.Rd%6#L=OA`2r/5QC","3146754":"!<d@[F*PL2#64c-E,TfC$31&+!<d@[F*_KT#64o6@VfsmCI<#NAIW-_Bldj%ARo7dDe!Pj$Zg3(G@Pc)DeWa'!<<*\"E;9/-$P@#lDfor.;f6Mt6ZljVBk28czn8J@8$#O*mATDKnCi]UW!!)t#!!!B4A7]7hE_0e_\"onW'lTY@LlotIMlotIMzlotIMz!=34I@rHBcDfbsZ!!!$*Ec6&.FD5Z2!2'Jq$O:0a@W,skErc7@!!)fg!!ipCD/\")jBk1d@DZKh<#RPQdA7\\\\XCh[D\\!!!98F(o/r6#:CVF*(?!Ch[D\\!!!0/@VfsmCJJ;TAH3)S@<Q'nCe\\>[ATDKnCf,=`DKKT7Bk;>dz&-)\\1","3147778":"!<d@[F*PL2#64c-E,TfC$31&+!<d@[F*_NU#64o6@VfsmCI<#NAIW9mDfor.F*)>@@:s-S'lml&@;0UnDJ):YEc+9fEaa'(Df,OT!!!-2F*(i2F@:7l@<?4%D?'Y:!!rsGF$b\"iDJ=!$!!*@;Bl[d(Df]$r\\H`*8#\\IdkAT2R/=UG-/!!*@;Bl[d(Df])qh$3o\\#\\J3jCiF<6=MVHP!!*@;F_,B.Df]%g!!!!\"#\\J3jCiF<6>%l^s!!WaDDK]T/FDl2F!=!ObCi=E:\"98E%\"pK'aDfg%*!AFKS!!!!s&c_n4z!!!<;AoD^\"AQ*\\hEa`Tl:i^JnErZLO@Wc^/Bl7P`!toEYF*(Aq@r#%^FCAuVDfp)Azz\":8pVF(djWB5D,Z!!!!\"$=S$u@:Nt?@:NjKz","3148802":"!<d@[F*PL2#64c-E,TfC$31&+!<d@[F*_QV#64o6@VfsmCI<#NAHu^]F`__:EWlSfH#R=(FCAWpATTM@ATV?s1B[r'DffE0AQSp4!!!-.D.Rd%6#L=OA`V%#56M43DffE0AQf'6!!!<3@rH1\"ARfgnA,l`?Eb02uBl[-o@<?&\\!!!!%#B+3dF(KGqz\":&jWAohO*=TAF%!!EOFAnH*qFBSYE!!!09Dg#]4EbT&q<+U;rF`M%\\De*Db@rHC.De*Ei!!","3146755":"!<d@[F*PO3#64c-E,TfC$31&+!<d@[F*_KT#64o6@VfsmCI<#NAI)da@;KmsCh3eWBl8**DKKf;Gl\\+hF)5c:Erc7@!!WUJCi=E:#6?LY!<<*\"?NC-,!<<*\"!!!!*#@_grDJ=!$!!<jM@<6NiBk(pXDffE(88iWkErZ1?z!!rsGF$jk]@:F%a!!!","3147779":"!<d@[F*PO3#64c-E,TfC$31&+!<d@[F*_NU#64o6@VfsmCI<#NAHu^]F`__:EWlSfH#R=&FCB'&/SAm.F)s;D#BFa)@<?'_z\":8pVF(djWB5D/6&'7!<#BFa)@<?'az#mk*[Ci!ZmFCet_\":K6]E+*I$;flGiAH2]1!!EOFAnH*qFBAMC!!!-,De<U&ATV&T!!!!%#B+3dF(KGsz\"VYftATDg*A7\\_OG]\\(KAOCBHAI2jbEcQ)/ARmOr","3149827":"!<d@[F*PO3#64c-E,TfC$31&+!<d@[F*_TW#64o6@VfsmCI<#NAHu^]F`__:EWlSfH#R='Ecki#Ch52BDf9/A\":&scFCB9&=9&=$!!EUFATMNNDJ*csi9`0_\":&scFCB9&=o\\O&!!rsADes6$@ru9m!!E[MAT2'lE`7'gFCbFP!!!-,De<U&ATV#S!!!!%#B+3dF(KGrz\":&jWAohO*=o\\O&!!!","3146756":"!<d@[F*PR4#64c-E,TfC$31&+!<d@[F*_KT#64o6@VfsmCI<#NAIW-_Bldj%ARo7dDe!Pj$Zg3(G@Pc)DeWa'!<<*\"GjonW$P@#lDfor.;f6Mt6ZljVBk28dzE:<i5q!\\7k$#O*mATDKnCi]UW!!)t#!!!B4A7]7hE_0e_\"onW'lotIMzlotIMlTY@LlotIMz!=34I@rHBcDfbsZ!!!$*Ec6&.FD5Z2!2'Jq$O:0a@W,skErc7@!!r(<!!ipCD/\")jBk1d@DZKh<#RPQdA7\\\\XCh[D\\!!!98F(o/r6#:CVF*(?!Ch[D\\!!!0/@VfsmCJJ;TAH3)S@<Q'nCe\\>[ATDKnCf,=`DKKT7Bk;>dz&-)\\1","3147780":"!<d@[F*PR4#64c-E,TfC$31&+!<d@[F*_NU#64o6@VfsmCI<#NAHu^]F`__:EWlSfH#R=-E,Ti?ATE&L@rH7,@;0UjE]!t)Ec6&.FCePS!!!!%$#O6pBL-NKCh;?3ah@l_Ec6&.FCeVU!!!!*$\"ImiCh7*uARkcD$Z]ft@;0a\\FCB9&z\":&jWAohO*=9&=$!!EOFAnH*qFBJSD!!!-,De<U&ATV)Uz","3148804":"!<d@[F*PR4#64c-E,TfC$31&+!<d@[F*_QV#64o6@VfsmCI<#NAHu^]F`__:EWlSfH#R=,E,Ti?ATE&LF`_24F(oH32ZsA+DffE0AQSp4!!!-.D.Rd%6#L=OA`V%#^B=d^DffE0AQf'6!!!<3@rH1\"ARfgnA,l`?Eb02uBl[-o@<?&\\!!!!%#B+3dF(KGqz\":&jWAohO*=TAF%!!EOFAnH*qFBSYE!!!!","3149828":"!<d@[F*PR4#64c-E,TfC$31&+!<d@[F*_TW#64o6@VfsmCI<#NAIW9mDfor.F*)>@@:s-S'lml&@;0UnDJ):YEc+9fEaa'(Df,OT!!!-2F*(i2F@:7l@<?4%D?'Y:!!rsGF$b\"iDJ=!$!!*@;Bl[d(Df]$t\\H`*8#\\IdkAT2R/=UG-/!!*@;Bl[d(Df])sh$3o\\#\\J3jCiF<6=MhTR!!*@;F_,B.Df]%g!!!!\"#\\J3jCiF<6>&)ju!!WaDDK]T/FDl2F!=!ObCi=E:\"98E%\"pK'aDfg%*!AFKS!!!!s&c_n4z!!!<;AoD^\"AQ*\\hEa`Tl:i^JnErZLO@Wc^/Bl7P`!toEYF*(Aq@r#%^FCAuVDfp)Azz\":8pVF(djWB5D/6&';Qe$=S$u@:Nt?@:NjKz","3147781":"!<d@[F*PU5#64c-E,TfC$31&+!<d@[F*_NU#64o6@VfsmCI<#NAIW-_Bldj%ARo7dDe!Pj$Zg3(G@Pc)DeWa'!WW3#q!`b5E,bOO$P@#lDfor.;f6Mt6ZljVBk28c!!!!)q!\\7k$#O*mATDKnCi]UW!!)%^!!!B4A7]7hE_0e_\"onW'zlTY@LlotIMkp-6/lTY@Lz!=34I@rHBcDfbsZ!!!$*Ec6&.FD5Z2!2'Jq$O:0a@W,skEruCB!!)M4!!%9<!/U,o!!ipCD/\")jBk1d@DZKh<#RPQdA7\\\\XCh[D\\!!!98F(o/r6#:CVF*(?!Ch[D\\!!!0/@VfsmCJJ;TAH3)S@<Q'nCe\\>[ATDKnCf,=`DKKT7Bk;>dz&-)\\1"},"Entities":[],"ReplaceMode":2,"EntranceRotation":-1,"OriginalPos":{"X":506291,"Z":515419,"InternalY":3}}