{"GameVersion":"1.20.0","SizeX":8,"SizeY":8,"SizeZ":10,"BlockCodes":{"2852":"game:cobblestoneslab-granite-down-free","7368":"game:plankslab-aged-down-free","9699":"game:supportbeam-veryaged","2985":"game:cobblestonestairs-granite-up-north-free","2795":"game:cobblestoneslab-granite-south-free","2966":"game:cobblestone-granite","3023":"game:cobblestonestairs-granite-up-east-free","2814":"game:cobblestoneslab-granite-west-free","0":"game:air","9448":"game:attachingplant-spottymoss","1918":"game:attachingplant-moss","3061":"game:cobblestonestairs-granite-up-south-free","6179":"game:rock-granite","8613":"game:meta-underground","2647":"game:forestfloor-6","2645":"game:forestfloor-4","456":"game:chiseledblock","8606":"game:clutter","2309":"game:wildvine-section-west","2670":"game:soil-medium-none","5535":"game:loosestones-granite-free","2310":"game:wildvine-end-west","2298":"game:wildvine-end-north","2306":"game:wildvine-end-south","2305":"game:wildvine-section-south","2642":"game:forestfloor-1","9493":"game:agedstonebricks-granite","5122":"game:looseboulders-granite-free","632":"game:lootvessel-food","2302":"game:wildvine-end-east"},"ItemCodes":{},"Indices":[5120,6144,7168,1053696,1054720,1055744,2100224,2101248,2102272,2103296,2104320,2105344,3149824,3150848,3151872,3152896,4200448,3073,4097,8193,1051649,1052673,1056769,2100225,2101249,2102273,2103297,2104321,2105345,3148801,3150849,3151873,3152897,3153921,4199425,4200449,5248001,5249025,6296577,6297601,1026,2050,3074,8194,1049602,1050626,1051650,1056770,2097154,2098178,2099202,2100226,2101250,2102274,2103298,2104322,2105346,3147778,3148802,3150850,3151874,3152898,4198402,4199426,5248002,5249026,6296578,6297602,7345154,4099,8195,1052675,1056771,2100227,2101251,2102275,2103299,2104323,2105347,2106371,3149827,3150851,3151875,3152899,3153923,4200451,4201475,5249027,4100,5124,6148,8196,1052676,1053700,1054724,1056772,2101252,2102276,2103300,2104324,2105348,2106372,3149828,3150852,3151876,3152900,3153924,4200452,7173,8197,1055749,1056773,2102277,2104325,2105349,2106373,3153925,2106374,3154950,2106375],"BlockIds":[6179,6179,6179,6179,6179,6179,8613,2647,2645,2647,2647,8613,456,8606,456,456,2309,6179,6179,6179,6179,6179,6179,2647,2645,2670,2670,2645,2647,5535,2966,2966,456,5535,456,456,2310,456,2309,456,6179,6179,6179,6179,6179,6179,6179,6179,8613,2966,2647,2670,2645,2670,2966,2645,2645,456,456,2966,8606,456,2298,2966,456,2306,456,2305,456,6179,6179,6179,6179,8613,2647,2642,9493,2670,2645,2647,456,456,456,456,8606,2966,456,456,6179,6179,6179,6179,6179,6179,6179,6179,2647,2645,2647,2645,2647,8613,456,456,5122,632,456,2302,6179,6179,6179,6179,8613,2647,2647,2647,456,2647,5535,8613],"DecorIndices":[3150849,3151873,3151873,3150850,4199426,4199426,4199426,4200451],"DecorIds":[9448,50341096,16779134,1918,33563880,50341096,16779134,50341096],"BlockEntities":{"3149824":"!<d@[F*Pa8#64c-E,TfC$31&+!<d@[F*_KT#64o6@VfsmCI<#NAIW-_Bldj%ARo7dDe!Pj$Zg3(G@Pc)DeWa'!<<*\"GjonW$P@#lDfor.;f6Mt6ZljVBk28dzE:<i5q!\\7k$#O*mATDKnCi]UW!!\"8P!!!$*A7]7hE`-gtz!=3^aFCB9*Df,QJ\"TSo8@s)7!Bk28c!!!!)n94j<$>\"'gFAlmaAO158!!!92F(o/r;f?JdA,uZ1#S1ujA7\\&CD/XK;;f?JdA,uZ1\"USXSDe!QX@;TQm7ri$UBlmo/@rGgcCh7[0Df0,/F)58o$P./rBkM-t@;J;R@W,skErc7@!!)N_!\"0TOG%#*$9jr-TEbSru;0?;bFD5i2ATIkP!!!!)!!!!","3150848":"!<d@[F*Pa8#64c-E,TfC$31&+!<d@[F*_NU#64o6@VfsmCI<#NAHu^]F`__:EWlSfH#R=*Ecki#Ch52.Ea`HnARmV##BFa)@<?'_z\":8pVF(djWB5D/?b8.kr#BFa)@<?'az#mk*[Ci!ZmFCet_\":K6]E+*I$;flGiAH2]1!!EOFAnH*qFBAMC!!!-,De<U&ATV&T!!!!%#B+3dF(KGsz!!","3151872":"!<d@[F*Pa8#64c-E,TfC$31&+!<d@[F*_QV#64o6@VfsmCI<#NAIW-_Bldj%ARo7dDe!Pj$#O*mATDKnCi]UW!!(([!!!$*A7]7hE`-gtz!=3^aFCB9*Df,QJ\"TSo8@s)7!Bk28dzn94j<q\"Fao$>\"'gFAlmaAO158!!!92F(o/r;f?JdA,uZ1#S1ujA7\\&CD/XK;;f?JdA,uZ1\"USXSDe!QX@;TQe6\"ab>+EqaBA7]X$F)58o$P./rBkM-t@;J;R@W,skErc7@!!)N_!\"0TOG%#*$9jr-TEbSru;0?;bFD5i2ATIkP!!!!)!!!!","3152896":"!<d@[F*Pa8#64c-E,TfC$31&+!<d@[F*_TW#64o6@VfsmCI<#NAIW-_Bldj%ARo7dDe!Pg\"_)%OD0$s&$6ffa%0-BY590_(5X,kl%0-A.5S\\UHC9no\\!5Lf9j%CKt$O_#nDg,]6@W,skErc7@!-!2W!\"0BOEc6)<A5dAaG=-L^DeWa'!WW3#!:Xq-#l*lh$OLZYFCfK,@;Kuc!!!!E$NL/-#\\7LVDfS`oF8u:@!!*@GDffE0Bl@khTEP<'#@hmcDeWa'!<<*\"!-n5<#RY-[Blm9fA7\\&F!<<**$$0fkAQ*M`Bk.5E!!j*VBk1d@Ci+*3FAm*oBk.5E!!N[<Ci<g!:18!N(e8UTDJ=3(+Cf>!@VfUsFDl&.+EM@-@LE]bEbT0#DII?KF^f9'A9.bO!!!#gpAbR;@<Q'nCe\\>[ATDKnCf,=`DKKT7Bk;>dz#QOi)","3152897":"!<d@[F*Pd9#64c-E,TfC$31&+!<d@[F*_TW#64o6@VfsmCI<#NAIW-_Bldj%ARo7dDe!Pj$Zg3(G@Pc)DeWa'!WW3#n8NjWGjtG-$P@#lDfor.;f6Mt6ZljVBk28czGjk\\@$#O*mATDKnCi]UW!!&u+!!!$*A7]7hE`-gtz!=3^aFCB9*Df,QJ\"TSo8@s)7!Bk28ezn94k_E.7inq\"Fao$>\"'gFAlmaAO158!!!92F(o/r;f?JdA,uZ1#S1ujA7\\&CD/XK;;f?JdA,uZ1\"USXSDe!QX@;TQo7ri$UBlmo/@rGgcCh7[0Df0,/F*(i)EcVU!DfTQ)Bl7?q6ZljVBk28dznFlp5n:(EG(L_JqBl$LPFCfK,@;Je`@;^1$FD5<-!<<*\"!\"8i-!!","4199425":"!<d@[F*Pd9#64c-E,TfC$NL/,!<d@[F*_NU#64o6@VfsmCI<#NAIW-_Bldj%ARo7dDe!Pj$Zg3(G@Pc)DeWa'!WW3#q\"XjhE-V*W$P@#lDfor.;f6Mt6ZljVBk28czn8J@8$#O*mATDKnCi]UW!!)<l!!!$*A7]7hE`-gtz!=3^aFCB9*Df,QJ\"TSo8@s)7!Bk28dzq\"FcEq#:=\"$>\"'gFAlmaAO158!!!92F(o/r;f?JdA,uZ1#S1ujA7\\&CD/XK;;f?JdA,uZ1\"USXSDe!QX@;TQm7ri$UBlmo/@rGgcCh7[0Df0,/F)58o$P./rBkM-t@;J;R@W,skErc7@!!)fo!\"0TOG%#*$9jr-TEbSru;0?;bFD5i2ATIkP!!!!)!!!!","4200449":"!<d@[F*Pd9#64c-E,TfC$NL/,!<d@[F*_QV#64o6@VfsmCI<#NAIW-_Bldj%ARo7dDe!Pj$#O*mATDKnCi]UW!!&;m!!!$*A7]7hE`-gtz!=3^aFCB9*Df,QJ\"TSo8@s)7!Bk28ezn:(E<q\"Fc=GlIaL$>\"'gFAlmaAO158!%A0[F(o/r;f?JdA,uZZ#S1ujA7\\&CD/XK;;f?JdA,uZZ\"USXSDe!QX@;TQh7ri$UBlmo/@rGgcCh7[0Df0+o(L_JqBl$LPFCfK,@;Je`@;^1$FD5<-!<<*\"!\"],1!!","5249025":"!<d@[F*Pd9#64c-E,TfC$ig8-!<d@[F*_QV#64o6@VfsmCI<#NAIW-_Bldj%ARo7dDe!Pj$Zg3(G@Pc)DeWa'!WW3#q\"XjhE,^\"$$P@#lDfor.;f6Mt6ZljVBk28czGjk\\@$#O*mATDKnCi]UW!!(=Q!!!$*A7]7hE`-gtz!=3^aFCB9*Df,QJ\"TSo8@s)7!Bk28ezn94j<q#:>Mn:(ED$>\"'gFAlmaAO158!!3E4F(o/r;f?JdA,uZ3#S1ujA7\\&CD/XK;;f?JdA,uZ3\"USXSDe!QX@;TQo7ri$UBlmo/@rGgcCh7[0Df0,/F*(i)EcVU!DfTQ)Bl7?q6ZljVBk28dznFlp=nG`Ir(L_JqBl$LPFCfK,@;Je`@;^1$FD5<-!<<*\"!\"8i-!!","6297601":"!<d@[F*Pd9#64c-E,TfC%0-A.!<d@[F*_QV#64o6@VfsmCI<#NAIW-_Bldj%ARo7dDe!Pj$Zg3(G@Pc)DeWa'!<<*\"GjonW$P@#lDfor.;f6Mt6ZljVBk28dzE:<i5q!\\7k$#O*mATDKnCi]UW!!\"8P!!!$*A7]7hE`-gtz!=3^aFCB9*Df,QJ\"TSo8@s)7!Bk28c!!!!)n94j<$>\"'gFAlmaAO158!!!92F(o/r;f?JdA,uZ1#S1ujA7\\&CD/XK;;f?JdA,uZ1\"USXSDe!QX@;TQm7ri$UBlmo/@rGgcCh7[0Df0,/F)58o$P./rBkM-t@;J;R@W,skErc7@!!)N_!\"0TOG%#*$9jr-TEbSru;0?;bFD5i2ATIkP!!!!)!!!!","3147778":"!<d@[F*Pg:#64c-E,TfC$31&+!<d@[F*_ER#64o6@VfsmCI<#NAIW-_Bldj%ARo7dDe!Pj$Zg3(G@Pc)DeWa'!WW3#E,^\"$Gkh\"5$P@#lDfor.;f6Mt6ZljVBk28dzGjk\\=n8J@8$#O*mATDKnCi]UW!!\"8P!!!$*A7]7hE`-gtz!=3^aFCB9*Df,QJ\"TSo8@s)7!Bk28dzE-D9fq\"Fao$>\"'gFAlmaAO158!!!92F(o/r;f?JdA,uZ1#S1ujA7\\&CD/XK;;f?JdA,uZ1\"USXSDe!QX@;TQm7ri$UBlmo/@rGgcCh7[0Df0,/F)58o$P./rBkM-t@;J;R@W,skErc7@!!)N_!\"0TOG%#*$9jr-TEbSru;0?;bFD5i2ATIkP!!!!)!!!!","3148802":"!<d@[F*Pg:#64c-E,TfC$31&+!<d@[F*_HS#64o6@VfsmCI<#NAIW-_Bldj%ARo7dDe!Pj$#O*mATDKnCi]UW!!&;m!!!$*A7]7hE`-gtz!=3^aFCB9*Df,QJ\"TSo8@s)7!Bk28eznFlp5GlIc\"n:(ED$>\"'gFAlmaAO158!$DORF(o/r;f?JdA,uZQ#S1ujA7\\&CD/XK;;f?JdA,uZQ\"USXSDe!QX@;TQh7ri$UBlmo/@rGgcCh7[0Df0+o(L_JqBl$LPFCfK,@;Je`@;^1$FD5<-!<<*\"!\"],1!!","3151874":"!<d@[F*Pg:#64c-E,TfC$31&+!<d@[F*_QV#64o6@VfsmCI<#NAHu^]F`__:EWlSfH#R=*Ecki#Ch52.Ea`HnARmV##BFa)@<?'_z\":8pVF(djWB5D,Z!!!!%#BFa)@<?'az#mk*[Ci!ZmFCet_\":K6]E+*I$;flGiAH2]1!!EOFAnH*qFBAMC!!!-,De<U&ATV&T!!!!%#B+3dF(KGsz!!","3152898":"!<d@[F*Pg:#64c-E,TfC$31&+!<d@[F*_TW#64o6@VfsmCI<#NAIW-_Bldj%ARo7dDe!Pj$Zg3(G@Pc)DeWa'!<<*\"E:A&O$P@#lDfor.;f6Mt6ZljVBk28czq!\\7k$#O*mATDKnCi]UW!!\"8P!!!$*A7]7hE`-gtz!=3^aFCB9*Df,QJ\"TSo8@s)7!Bk28czn94j<$>\"'gFAlmaAO158!!!92F(o/r;f?JdA,uZ1#S1ujA7\\&CD/XK;;f?JdA,uZ1\"USXSDe!QX@;TQm7ri$UBlmo/@rGgcCh7[0Df0,/F)58o$P./rBkM-t@;J;R@W,skErc7@!!)N_!\"0TOG%#*$9jr-TEbSru;0?;bFD5i2ATIkP!!!!)!!!!","5248002":"!<d@[F*Pg:#64c-E,TfC$ig8-!<d@[F*_NU#64o6@VfsmCI<#NAIW-_Bldj%ARo7dDe!Pj$#O*mATDKnCi]UW!!&;m!!!$*A7]7hE`-gtz!=3^aFCB9*Df,QJ\"TSo8@s)7!Bk28ezE;onDq#:>Mn:(ED$>\"'gFAlmaAO158!#u7NF(o/r;f?JdA,uZM#S1ujA7\\&CD/XK;;f?JdA,uZM\"USXSDe!QX@;TQh7ri$UBlmo/@rGgcCh7[0Df0+o(L_JqBl$LPFCfK,@;Je`@;^1$FD5<-!<<*\"!\"],1!!","6296578":"!<d@[F*Pg:#64c-E,TfC%0-A.!<d@[F*_NU#64o6@VfsmCI<#NAIW-_Bldj%ARo7dDe!Pj$Zg3(G@Pc)DeWa'!WW3#n8SC-q\"Xjh$P@#lDfor.;f6Mt6ZljVBk28c!!!!)n8J@8$#O*mATDKnCi]UW!!&;m!!!$*A7]7hE`-gtz!=3^aFCB9*Df,QJ\"TSo8@s)7!Bk28dzE;onDq#:=\"$>\"'gFAlmaAO158!\"9,>F(o/r;f?JdA,uZ=#S1ujA7\\&CD/XK;;f?JdA,uZ=\"USXSDe!QX@;TQh7ri$UBlmo/@rGgcCh7[0Df0+o(L_JqBl$LPFCfK,@;Je`@;^1$FD5<-!<<*\"!\"],1!!","7345154":"!<d@[F*Pg:#64c-E,TfC%KHJ/!<d@[F*_NU#64o6@VfsmCI<#NAIW-_Bldj%ARo7dDe!Pj$Zg3(G@Pc)DeWa'!WW3#n9Fs5Gkh\"5$P@#lDfor.;f6Mt6ZljVBk28czn8J@8$#O*mATDKnCi]UW!!)<l!!!$*A7]7hE`-gtz!=3^aFCB9*Df,QJ\"TSo8@s)7!Bk28dzq\"Fc=GlIaL$>\"'gFAlmaAO158!!!92F(o/r;f?JdA,uZ1#S1ujA7\\&CD/XK;;f?JdA,uZ1\"USXSDe!QX@;TQm7ri$UBlmo/@rGgcCh7[0Df0,/F)58o$P./rBkM-t@;J;R@W,skErc7@!!)fo!\"0TOG%#*$9jr-TEbSru;0?;bFD5i2ATIkP!!!!)!!!!","3149827":"!<d@[F*Pj;#64c-E,TfC$31&+!<d@[F*_KT#64o6@VfsmCI<#NAIW-_Bldj%ARo7dDe!Pj$Zg3(G@Pc)DeWa'!<<*\"E,^\"$$P@#lDfor.;f6Mt6ZljVBk28dzq!\\7hn8J@8$#O*mATDKnCi]UW!!\"8P!!!$*A7]7hE`-gtz!=3^aFCB9*Df,QJ\"TSo8@s)7!Bk28czE-D9f$>\"'gFAlmaAO158!!!92F(o/r;f?JdA,uZ1#S1ujA7\\&CD/XK;;f?JdA,uZ1\"USXSDe!QX@;TQm7ri$UBlmo/@rGgcCh7[0Df0,/F)58o$P./rBkM-t@;J;R@W,skErc7@!!)N_!\"0TOG%#*$9jr-TEbSru;0?;bFD5i2ATIkP!!!!)!!!!","3150851":"!<d@[F*Pj;#64c-E,TfC$31&+!<d@[F*_NU#64o6@VfsmCI<#NAIW-_Bldj%ARo7dDe!Pj$#O*mATDKnCi]UW!!*!*!!!$*A7]7hE`-gtz!=3^aFCB9*Df,QJ\"TSo8@s)7!Bk28dzE;'?_GlIaL$>\"'gFAlmaAO158!!!92F(o/r;f?JdA,uZ1#S1ujA7\\&CD/XK;;f?JdA,uZ1\"USXSDe!QX@;TQm7ri$UBlmo/@rGgcCh7[0Df0,/F)58o$P./rBkM-t@;J;R@W,skErc7@!!%!<!\"0TOG%#*$9jr-TEbSru;0?;bFD5i2ATIkP!!!!)!!!!","3151875":"!<d@[F*Pj;#64c-E,TfC$31&+!<d@[F*_QV#64o6@VfsmCI<#NAIW-_Bldj%ARo7dDe!Pj$#O*mATDKnCi]UW!!&;m!!!B4A7]7hE_0e_\"onW'zkTg-.kTg-.IKoiQzz!=34I@rHBcDfbsZ!!!$*Ec6&.FD5Z2!2'Jq$O:0a@W,skEruCB!!)N_!.]%g!/UFM!!ipCD/\")jBk1d@DZKhh#RPQdA7\\\\XCh[D\\!%\\BdF(o/r6#:CVF*(?!Ch[D\\!%\\9[@VfsmCJJ;TAJ7RS@;]e$AKYK$@Ua.bF*)><AIB;_G%#*$9jr-TEbSru;0?;bFD5i2ATIkP!!!!1!!!!","3152899":"!<d@[F*Pj;#64c-E,TfC$31&+!<d@[F*_TW#64o6@VfsmCI<#NAIW-_Bldj%ARo7dDe!Pj$#O*mATDKnCi]UW!!&;m!!!$*A7]7hE`-gtz!=3^aFCB9*Df,QJ\"TSo8@s)7!Bk28dznFlp=nG`Io$>\"'gFAlmaAO158!$V[TF(o/r;f?JdA,uZS#S1ujA7\\&CD/XK;;f?JdA,uZS\"USXSDe!QX@;TQh7ri$UBlmo/@rGgcCh7[0Df0+o(L_JqBl$LPFCfK,@;Je`@;^1$FD5<-!<<*\"!\"],1!!","3153923":"!<d@[F*Pj;#64c-E,TfC$31&+!<d@[F*_WX#64o6@VfsmCI<#NAHu^]F`__:EWlSfH#R=*Ecki#Ch52.Ea`HnARmV##BFa)@<?'_z\":8pVF(djWB5D/6&';Ng#BFa)@<?'az#mk*[Ci!ZmFCet_\":K6]E+*I$;flGiAH2]1!!EOFAnH*qFBAMC!!!-,De<U&ATV&T!!!!%#B+3dF(KGsz!!","4201475":"!<d@[F*Pj;#64c-E,TfC$NL/,!<d@[F*_TW#64o6@VfsmCI<#NAIW-_Bldj%ARo7dDe!Pj$Zg3(G@Pc)DeWa'!WW3#E:A&OGkh\"5$P@#lDfor.;f6Mt6ZljVBk28czGjk\\@$#O*mATDKnCi]UW!!\"8P!!!$*A7]7hE`-gtz!=3^aFCB9*Df,QJ\"TSo8@s)7!Bk28dzn94j<q\"Fao$>\"'gFAlmaAO158!!!92F(o/r;f?JdA,uZ1#S1ujA7\\&CD/XK;;f?JdA,uZ1\"USXSDe!QX@;TQm7ri$UBlmo/@rGgcCh7[0Df0,/F)58o$P./rBkM-t@;J;R@W,skErc7@!!)N_!\"0TOG%#*$9jr-TEbSru;0?;bFD5i2ATIkP!!!!)!!!!","5249027":"!<d@[F*Pj;#64c-E,TfC$ig8-!<d@[F*_QV#64o6@VfsmCI<#NAIW-_Bldj%ARo7dDe!Pj$Zg3(G@Pc)DeWa'!rr<$n9Fs5E,^\"$Gkh\"5$P@#lDfor.;f6Mt6ZljVBk28c!!!!)n8J@8$#O*mATDKnCi]UW!!)[\"!!!B4A7]7hE_0e_\"onW'kTg-.zzzzz!=34I@rHBcDfbsZ!!!$*Ec6&.FD5Z2!2'Jq$O:0a@W,skEruCB!!%!4!.]=o!!rAo!!ipCD/\")jBk1d@DZKh<#RPQdA7\\\\XCh[D\\!!!98F(o/r6#:CVF*(?!Ch[D\\!!!0/@VfsmCJJ;TAK\"'Z@;]e$AKYK$@Ua.bF*)><AKZ&9@;0b'$P./rBkM-t@;J;R@W,skErl=A!!)N_!.akE!\"0TOG%#*$9jr-TEbSru;0?;bFD5i2ATIkP!!!!-!!!!","3149828":"!<d@[F*Pm<#64c-E,TfC$31&+!<d@[F*_KT#64o6@VfsmCI<#NAIW-_Bldj%ARo7dDe!Pj$Zg3(G@Pc)DeWa'!<<*\"E;9/-$P@#lDfor.;f6Mt6ZljVBk28czn8J@8$#O*mATDKnCi]UW!!\"8P!!!$*A7]7hE`-gtz!=3^aFCB9*Df,QJ\"TSo8@s)7!Bk28czq\"Fao$>\"'gFAlmaAO158!!!92F(o/r;f?JdA,uZ1#S1ujA7\\&CD/XK;;f?JdA,uZ1\"USXSDe!QX@;TQm7ri$UBlmo/@rGgcCh7[0Df0,/F)58o$P./rBkM-t@;J;R@W,skErc7@!!)N_!\"0TOG%#*$9jr-TEbSru;0?;bFD5i2ATIkP!!!!)!!!!","3150852":"!<d@[F*Pm<#64c-E,TfC$31&+!<d@[F*_NU#64o6@VfsmCI<#NAIW-_Bldj%ARo7dDe!Pj$Zg3(G@Pc)DeWa'!<<*\"E,^\"$$P@#lDfor.;f6Mt6ZljVBk28dzq!\\7hn8J@8$#O*mATDKnCi]UW!!\"8P!!!$*A7]7hE`-gtz!=3^aFCB9*Df,QJ\"TSo8@s)7!Bk28czE-D9f$>\"'gFAlmaAO158!!!92F(o/r;f?JdA,uZ1#S1ujA7\\&CD/XK;;f?JdA,uZ1\"USXSDe!QX@;TQm7ri$UBlmo/@rGgcCh7[0Df0,/F)58o$P./rBkM-t@;J;R@W,skErc7@!!)N_!\"0TOG%#*$9jr-TEbSru;0?;bFD5i2ATIkP!!!!)!!!!","3153924":"!<d@[F*Pm<#64c-E,TfC$31&+!<d@[F*_WX#64o6@VfsmCI<#NAIW-_Bldj%ARo7dDe!Pj$Zg3(G@Pc)DeWa'!WW3#E:A&OEHq3X$P@#lDfor.;f6Mt6ZljVBk28c!!!!)q!\\7k$#O*mATDKnCi]UW!!\"8P!!!$*A7]7hE`-gtz!=3^aFCB9*Df,QJ\"TSo8@s)7!Bk28dzn94j4GkV1D$>\"'gFAlmaAO158!!!92F(o/r;f?JdA,uZ1#S1ujA7\\&CD/XK;;f?JdA,uZ1\"USXSDe!QX@;TQm7ri$UBlmo/@rGgcCh7[0Df0,/F)58o$P./rBkM-t@;J;R@W,skErc7@!!)N_!\"0TOG%#*$9jr-TEbSru;0?;bFD5i2ATIkP!!!!)!!!!","3153925":"!<d@[F*Pp=#64c-E,TfC$31&+!<d@[F*_WX#64o6@VfsmCI<#NAIW-_Bldj%ARo7dDe!Pj$Zg3(G@Pc)DeWa'!WW3#E,^\"$Gkh\"5$P@#lDfor.;f6Mt6ZljVBk28dzGjk\\=n8J@8$#O*mATDKnCi]UW!!(([!!!$*A7]7hE`-gtz!=3^aFCB9*Df,QJ\"TSo8@s)7!Bk28dzE-D9fq\"Fao$>\"'gFAlmaAO158!!!92F(o/r;f?JdA,uZ1#S1ujA7\\&CD/XK;;f?JdA,uZ1\"USXSDe!QX@;TQe6\"ab>+EqaBA7]X$F)58o$P./rBkM-t@;J;R@W,skErc7@!!)N_!\"0TOG%#*$9jr-TEbSru;0?;bFD5i2ATIkP!!!!)!!!!"},"Entities":[],"ReplaceMode":2,"EntranceRotation":-1,"OriginalPos":{"X":506043,"Z":515419,"InternalY":3}}