{
	"editor": {
		"allAngles": false,
		"entityTextureMode": false
	},
	"textureWidth": 16,
	"textureHeight": 16,
	"textureSizes": {
	},
	"textures": {
		"frame": "block/glass/frame",
		"smoky": "block/glass/smoky",
		"surface": "block/wood/shelf/surface"
	},
	"elements": [
		{
			"name": "Base",
			"from": [ 0.0, 3.0, 0.0 ],
			"to": [ 16.0, 4.0, 16.0 ],
			"rotationOrigin": [ 0.0, 3.0, 0.0 ],
			"faces": {
				"north": { "texture": "#surface", "uv": [ 0.0, 3.0, 16.0, 4.0 ] },
				"east": { "texture": "#surface", "uv": [ 0.0, 3.0, 16.0, 4.0 ] },
				"south": { "texture": "#surface", "uv": [ 0.0, 3.0, 16.0, 4.0 ] },
				"west": { "texture": "#surface", "uv": [ 0.0, 3.0, 16.0, 4.0 ] },
				"up": { "texture": "#surface", "uv": [ 0.0, 3.0, 16.0, 16.0 ], "autoUv": false },
				"down": { "texture": "#surface", "uv": [ 0.0, 3.0, 16.0, 16.0 ], "autoUv": false }
			},
			"children": [
				{
					"name": "Fence1",
					"from": [ 2.0, -3.0, 0.5 ],
					"to": [ 14.0, 0.0, 1.5 ],
					"rotationOrigin": [ 8.0, -3.0, 8.0 ],
					"faces": {
						"north": { "texture": "#surface", "uv": [ 2.0, 0.5, 14.0, 3.5 ] },
						"south": { "texture": "#surface", "uv": [ 2.0, 0.5, 14.0, 3.5 ] },
						"down": { "texture": "#surface", "uv": [ 0.0, 0.0, 12.0, 1.0 ] }
					},
					"children": [
						{
							"name": "Fence2",
							"from": [ 0.0, 0.0, 0.0 ],
							"to": [ 12.0, 3.0, 1.0 ],
							"rotationOrigin": [ 6.0, 0.0, 7.5 ],
							"rotationY": 90.0,
							"faces": {
								"north": { "texture": "#surface", "uv": [ 2.0, 0.5, 14.0, 3.5 ] },
								"south": { "texture": "#surface", "uv": [ 2.0, 0.5, 14.0, 3.5 ] },
								"down": { "texture": "#surface", "uv": [ 0.0, 0.0, 12.0, 1.0 ] }
							}
						},
						{
							"name": "Fence3",
							"from": [ 0.0, 0.0, 0.0 ],
							"to": [ 12.0, 3.0, 1.0 ],
							"rotationOrigin": [ 6.0, 0.0, 7.5 ],
							"rotationY": 180.0,
							"faces": {
								"north": { "texture": "#surface", "uv": [ 2.0, 0.5, 14.0, 3.5 ] },
								"south": { "texture": "#surface", "uv": [ 2.0, 0.5, 14.0, 3.5 ] },
								"down": { "texture": "#surface", "uv": [ 0.0, 0.0, 12.0, 1.0 ] }
							}
						},
						{
							"name": "Fence4",
							"from": [ 0.0, 0.0, 0.0 ],
							"to": [ 12.0, 3.0, 1.0 ],
							"rotationOrigin": [ 6.0, 0.0, 7.5 ],
							"rotationY": -90.0,
							"faces": {
								"north": { "texture": "#surface", "uv": [ 2.0, 0.5, 14.0, 3.5 ] },
								"south": { "texture": "#surface", "uv": [ 2.0, 0.5, 14.0, 3.5 ] },
								"down": { "texture": "#surface", "uv": [ 0.0, 0.0, 12.0, 1.0 ] }
							}
						}
					]
				},
				{
					"name": "originedgebase",
					"from": [ 0.0, -1.0, 0.0 ],
					"to": [ 0.0, -1.0, 0.0 ],
					"rotationOrigin": [ 0.0, -1.0, 0.0 ],
					"faces": {
					},
					"children": [
						{
							"name": "Edge1",
							"from": [ 0.0, -2.0, 0.0 ],
							"to": [ 2.0, 1.0, 2.0 ],
							"rotationOrigin": [ 0.0, -2.0, 0.0 ],
							"faces": {
								"north": { "texture": "#surface", "uv": [ 14.0, 13.0, 16.0, 16.0 ] },
								"east": { "texture": "#surface", "uv": [ 5.0, 13.0, 7.0, 16.0 ] },
								"south": { "texture": "#surface", "uv": [ 7.0, 13.0, 9.0, 16.0 ] },
								"west": { "texture": "#surface", "uv": [ 0.0, 13.0, 2.0, 16.0 ] },
								"down": { "texture": "#surface", "uv": [ 0.0, 0.0, 2.0, 2.0 ] }
							}
						},
						{
							"name": "Edge2",
							"from": [ 14.0, -2.0, 0.0 ],
							"to": [ 16.0, 1.0, 2.0 ],
							"rotationOrigin": [ 14.0, -2.0, 0.0 ],
							"faces": {
								"north": { "texture": "#surface", "uv": [ 0.0, 13.0, 2.0, 16.0 ] },
								"east": { "texture": "#surface", "uv": [ 14.0, 13.0, 16.0, 16.0 ] },
								"south": { "texture": "#surface", "uv": [ 7.0, 13.0, 9.0, 16.0 ] },
								"west": { "texture": "#surface", "uv": [ 9.0, 13.0, 11.0, 16.0 ] },
								"down": { "texture": "#surface", "uv": [ 0.0, 0.0, 2.0, 2.0 ] }
							}
						},
						{
							"name": "Edge3",
							"from": [ 14.0, -2.0, 14.0 ],
							"to": [ 16.0, 1.0, 16.0 ],
							"rotationOrigin": [ 14.0, -2.0, 14.0 ],
							"faces": {
								"north": { "texture": "#surface", "uv": [ 3.0, 13.0, 5.0, 16.0 ] },
								"east": { "texture": "#surface", "uv": [ 0.0, 13.0, 2.0, 16.0 ] },
								"south": { "texture": "#surface", "uv": [ 14.0, 13.0, 16.0, 16.0 ] },
								"west": { "texture": "#surface", "uv": [ 9.0, 13.0, 11.0, 16.0 ] },
								"down": { "texture": "#surface", "uv": [ 0.0, 0.0, 2.0, 2.0 ] }
							}
						},
						{
							"name": "Edge4",
							"from": [ 0.0, -2.0, 14.0 ],
							"to": [ 2.0, 1.0, 16.0 ],
							"rotationOrigin": [ 0.0, -2.0, 14.0 ],
							"faces": {
								"north": { "texture": "#surface", "uv": [ 3.0, 13.0, 5.0, 16.0 ] },
								"east": { "texture": "#surface", "uv": [ 5.0, 13.0, 7.0, 16.0 ] },
								"south": { "texture": "#surface", "uv": [ 0.0, 13.0, 2.0, 16.0 ] },
								"west": { "texture": "#surface", "uv": [ 14.0, 13.0, 16.0, 16.0 ] },
								"down": { "texture": "#surface", "uv": [ 0.0, 0.0, 2.0, 2.0 ] }
							}
						}
					]
				},
				{
					"name": "Shelf",
					"from": [ 1.0, 6.0, 1.0 ],
					"to": [ 15.0, 7.0, 15.0 ],
					"rotationOrigin": [ 1.0, 6.0, 1.0 ],
					"faces": {
						"north": { "texture": "#surface", "uv": [ 1.0, 3.0, 15.0, 4.0 ] },
						"east": { "texture": "#surface", "uv": [ 1.0, 3.0, 15.0, 4.0 ] },
						"south": { "texture": "#surface", "uv": [ 1.0, 3.0, 15.0, 4.0 ] },
						"west": { "texture": "#surface", "uv": [ 1.0, 3.0, 15.0, 4.0 ] },
						"up": { "texture": "#surface", "uv": [ 0.0, 3.0, 16.0, 16.0 ], "autoUv": false },
						"down": { "texture": "#surface", "uv": [ 0.0, 3.0, 16.0, 16.0 ], "autoUv": false }
					},
					"children": [
						{
							"name": "originedgeb",
							"from": [ -1.0, -2.0, -1.0 ],
							"to": [ -1.0, -2.0, -1.0 ],
							"rotationOrigin": [ -1.0, -2.0, -1.0 ],
							"faces": {
							},
							"children": [
								{
									"name": "Edge5",
									"from": [ 1.0, -3.0, 1.0 ],
									"to": [ 3.0, 2.0, 3.0 ],
									"rotationOrigin": [ 1.0, -3.0, 1.0 ],
									"faces": {
										"north": { "texture": "#surface", "uv": [ 14.0, 11.0, 16.0, 16.0 ] },
										"east": { "texture": "#surface", "uv": [ 5.0, 11.0, 7.0, 16.0 ] },
										"south": { "texture": "#surface", "uv": [ 7.0, 11.0, 9.0, 16.0 ] },
										"west": { "texture": "#surface", "uv": [ 0.0, 11.0, 2.0, 16.0 ] }
									}
								},
								{
									"name": "Edge6",
									"from": [ 13.0, -3.0, 1.0 ],
									"to": [ 15.0, 2.0, 3.0 ],
									"rotationOrigin": [ 13.0, -3.0, 1.0 ],
									"faces": {
										"north": { "texture": "#surface", "uv": [ 0.0, 11.0, 2.0, 16.0 ] },
										"east": { "texture": "#surface", "uv": [ 14.0, 11.0, 16.0, 16.0 ] },
										"south": { "texture": "#surface", "uv": [ 7.0, 11.0, 9.0, 16.0 ] },
										"west": { "texture": "#surface", "uv": [ 9.0, 11.0, 11.0, 16.0 ] }
									}
								},
								{
									"name": "Edge7",
									"from": [ 13.0, -3.0, 13.0 ],
									"to": [ 15.0, 2.0, 15.0 ],
									"rotationOrigin": [ 13.0, -3.0, 13.0 ],
									"faces": {
										"north": { "texture": "#surface", "uv": [ 3.0, 11.0, 5.0, 16.0 ] },
										"east": { "texture": "#surface", "uv": [ 0.0, 11.0, 2.0, 16.0 ] },
										"south": { "texture": "#surface", "uv": [ 14.0, 11.0, 16.0, 16.0 ] },
										"west": { "texture": "#surface", "uv": [ 9.0, 11.0, 11.0, 16.0 ] }
									}
								},
								{
									"name": "Edge8",
									"from": [ 1.0, -3.0, 13.0 ],
									"to": [ 3.0, 2.0, 15.0 ],
									"rotationOrigin": [ 1.0, -3.0, 13.0 ],
									"faces": {
										"north": { "texture": "#surface", "uv": [ 3.0, 11.0, 5.0, 16.0 ] },
										"east": { "texture": "#surface", "uv": [ 5.0, 11.0, 7.0, 16.0 ] },
										"south": { "texture": "#surface", "uv": [ 0.0, 11.0, 2.0, 16.0 ] },
										"west": { "texture": "#surface", "uv": [ 14.0, 11.0, 16.0, 16.0 ] }
									}
								}
							]
						},
						{
							"name": "originglassb",
							"from": [ -1.0, -2.0, -1.0 ],
							"to": [ -1.0, -2.0, -1.0 ],
							"rotationOrigin": [ -1.0, -2.0, -1.0 ],
							"faces": {
							},
							"children": [
								{
									"name": "glass",
									"from": [ 1.5, -3.0, 1.5 ],
									"to": [ 14.5, 2.0, 14.5 ],
									"renderPass": 3,
									"rotationOrigin": [ 8.0, -3.0, 7.0 ],
									"faces": {
										"north": { "texture": "#smoky", "uv": [ 0.0, 0.0, 13.0, 5.0 ], "windMode": [-1,-1,-1,-1] },
										"east": { "texture": "#smoky", "uv": [ 0.0, 0.0, 13.0, 5.0 ], "windMode": [-1,-1,-1,-1] },
										"south": { "texture": "#smoky", "uv": [ 0.0, 0.0, 13.0, 5.0 ], "windMode": [-1,-1,-1,-1] },
										"west": { "texture": "#smoky", "uv": [ 0.0, 0.0, 13.0, 5.0 ] }
									}
								},
								{
									"name": "frame1",
									"from": [ 1.49, -3.0, 3.0 ],
									"to": [ 1.99, 2.0, 13.0 ],
									"renderPass": 1,
									"rotationOrigin": [ 7.0, -3.0, 8.0 ],
									"faces": {
										"west": { "texture": "#frame", "uv": [ 0.0, 0.0, 16.0, 16.0 ], "autoUv": false }
									}
								},
								{
									"name": "frame2",
									"from": [ 2.4883, -3.0, 4.0019 ],
									"to": [ 2.9883, 2.0, 14.0019 ],
									"renderPass": 1,
									"rotationOrigin": [ 8.0, -3.0, 9.0 ],
									"rotationY": 89.9802,
									"faces": {
										"west": { "texture": "#frame", "uv": [ 0.0, 0.0, 16.0, 16.0 ], "autoUv": false }
									}
								},
								{
									"name": "frame3",
									"from": [ 3.49, -3.0, 3.0 ],
									"to": [ 3.99, 2.0, 13.0 ],
									"renderPass": 1,
									"rotationOrigin": [ 9.0, -3.0, 8.0 ],
									"rotationX": -180.0,
									"rotationZ": -180.0,
									"faces": {
										"west": { "texture": "#frame", "uv": [ 0.0, 0.0, 16.0, 16.0 ], "autoUv": false }
									}
								},
								{
									"name": "frame4",
									"from": [ 2.4917, -3.0, 1.9981 ],
									"to": [ 2.9917, 2.0, 11.9981 ],
									"renderPass": 1,
									"rotationOrigin": [ 8.0, -3.0, 7.0 ],
									"rotationY": -89.9802,
									"faces": {
										"west": { "texture": "#frame", "uv": [ 0.0, 0.0, 16.0, 16.0 ], "autoUv": false }
									}
								}
							]
						},
						{
							"name": "Topedge1",
							"from": [ 1.0, 1.0, 1.0 ],
							"to": [ 3.0, 2.0, 3.0 ],
							"rotationOrigin": [ 1.0, 1.0, 1.0 ],
							"faces": {
								"north": { "texture": "#surface", "uv": [ 1.5, 3.0, 3.5, 4.0 ] },
								"east": { "texture": "#surface", "uv": [ 12.0, 3.0, 14.0, 4.0 ] },
								"south": { "texture": "#surface", "uv": [ 5.0, 3.0, 7.0, 4.0 ] },
								"west": { "texture": "#surface", "uv": [ 7.0, 3.0, 9.0, 4.0 ] },
								"up": { "texture": "#surface", "uv": [ 0.0, 0.0, 2.0, 2.0 ] }
							},
							"children": [
								{
									"name": "Topedge2",
									"from": [ 10.0, 0.0, 0.0 ],
									"to": [ 12.0, 1.0, 2.0 ],
									"rotationOrigin": [ 10.0, 0.0, 0.0 ],
									"faces": {
										"north": { "texture": "#surface", "uv": [ 1.5, 3.0, 3.5, 4.0 ] },
										"east": { "texture": "#surface", "uv": [ 12.0, 3.0, 14.0, 4.0 ] },
										"south": { "texture": "#surface", "uv": [ 5.0, 3.0, 7.0, 4.0 ] },
										"west": { "texture": "#surface", "uv": [ 7.0, 3.0, 9.0, 4.0 ] },
										"up": { "texture": "#surface", "uv": [ 0.0, 0.0, 2.0, 2.0 ] }
									}
								},
								{
									"name": "Topedge3",
									"from": [ 10.0, 0.0, 10.0 ],
									"to": [ 12.0, 1.0, 12.0 ],
									"rotationOrigin": [ 10.0, 0.0, 10.0 ],
									"faces": {
										"north": { "texture": "#surface", "uv": [ 1.5, 3.0, 3.5, 4.0 ] },
										"east": { "texture": "#surface", "uv": [ 12.0, 3.0, 14.0, 4.0 ] },
										"south": { "texture": "#surface", "uv": [ 5.0, 3.0, 7.0, 4.0 ] },
										"west": { "texture": "#surface", "uv": [ 7.0, 3.0, 9.0, 4.0 ] },
										"up": { "texture": "#surface", "uv": [ 0.0, 0.0, 2.0, 2.0 ] }
									}
								},
								{
									"name": "Topedge4",
									"from": [ 0.0, 0.0, 10.0 ],
									"to": [ 2.0, 1.0, 12.0 ],
									"rotationOrigin": [ 0.0, 0.0, 10.0 ],
									"faces": {
										"north": { "texture": "#surface", "uv": [ 1.5, 3.0, 3.5, 4.0 ] },
										"east": { "texture": "#surface", "uv": [ 12.0, 3.0, 14.0, 4.0 ] },
										"south": { "texture": "#surface", "uv": [ 5.0, 3.0, 7.0, 4.0 ] },
										"west": { "texture": "#surface", "uv": [ 7.0, 3.0, 9.0, 4.0 ] },
										"up": { "texture": "#surface", "uv": [ 0.0, 0.0, 2.0, 2.0 ] }
									}
								}
							]
						}
					]
				}
			]
		}
	]}