{
	"textureWidth": 16,
	"textureHeight": 16,
	"textureSizes": {},
	"textures": {},
	"elements": [
		{
			"name": "Cube2",
			"from": [ 6.0, 0.0, 6.0 ],
			"to": [ 8.0, 2.0, 8.0 ],
			"rotationOrigin": [ 6.0, 0.0, 6.0 ],
			"faces": {
				"north": { "texture": "#ice", "uv": [ 0.0, 0.0, 2.0, 2.0 ] },
				"east": { "texture": "#ice", "uv": [ 0.0, 0.0, 2.0, 2.0 ] },
				"south": { "texture": "#ice", "uv": [ 0.0, 0.0, 2.0, 2.0 ] },
				"west": { "texture": "#ice", "uv": [ 0.0, 0.0, 2.0, 2.0 ] },
				"up": { "texture": "#ice", "uv": [ 0.0, 0.0, 2.0, 2.0 ] },
				"down": { "texture": "#ice", "uv": [ 0.0, 0.0, 2.0, 2.0 ] }
			}
		},
		{
			"name": "Cube3",
			"from": [ 8.0, 0.0, 7.0 ],
			"to": [ 11.0, 3.0, 10.0 ],
			"rotationOrigin": [ 8.0, 0.0, 7.0 ],
			"faces": {
				"north": { "texture": "#ice", "uv": [ 0.0, 0.0, 3.0, 3.0 ] },
				"east": { "texture": "#ice", "uv": [ 0.0, 0.0, 3.0, 3.0 ] },
				"south": { "texture": "#ice", "uv": [ 0.0, 0.0, 3.0, 3.0 ] },
				"west": { "texture": "#ice", "uv": [ 0.0, 0.0, 3.0, 3.0 ] },
				"up": { "texture": "#ice", "uv": [ 0.0, 0.0, 3.0, 3.0 ] },
				"down": { "texture": "#ice", "uv": [ 0.0, 0.0, 3.0, 3.0 ] }
			}
		},
		{
			"name": "Cube4",
			"from": [ 5.0, 0.0, 8.0 ],
			"to": [ 6.0, 1.0, 9.0 ],
			"rotationOrigin": [ 5.0, 0.0, 8.0 ],
			"faces": {
				"north": { "texture": "#ice", "uv": [ 0.0, 0.0, 1.0, 1.0 ] },
				"south": { "texture": "#ice", "uv": [ 0.0, 0.0, 1.0, 1.0 ] },
				"west": { "texture": "#ice", "uv": [ 0.0, 0.0, 1.0, 1.0 ] },
				"up": { "texture": "#ice", "uv": [ 0.0, 0.0, 1.0, 1.0 ] },
				"down": { "texture": "#ice", "uv": [ 0.0, 0.0, 1.0, 1.0 ] }
			}
		},
		{
			"name": "Cube5",
			"from": [ 6.0, 0.0, 8.0 ],
			"to": [ 8.0, 1.8, 10.0 ],
			"rotationOrigin": [ 6.0, 0.0, 8.0 ],
			"faces": {
				"south": { "texture": "#ice", "uv": [ 0.0, 0.0, 2.0, 1.5 ] },
				"west": { "texture": "#ice", "uv": [ 0.0, 0.0, 2.0, 1.5 ] },
				"up": { "texture": "#ice", "uv": [ 0.0, 0.0, 2.0, 2.0 ] },
				"down": { "texture": "#ice", "uv": [ 0.0, 0.0, 2.0, 2.0 ] }
			}
		},
		{
			"name": "Cube6",
			"from": [ 10.0, 0.0, 5.5 ],
			"to": [ 11.5, 1.5, 7.0 ],
			"rotationOrigin": [ 10.0, 0.0, 5.0 ],
			"faces": {
				"north": { "texture": "#ice", "uv": [ 0.0, 0.0, 1.5, 1.5 ] },
				"east": { "texture": "#ice", "uv": [ 0.0, 0.0, 1.5, 1.5 ] },
				"south": { "texture": "#ice", "uv": [ 0.0, 0.0, 1.5, 1.5 ] },
				"west": { "texture": "#ice", "uv": [ 0.0, 0.0, 1.5, 1.5 ] },
				"up": { "texture": "#ice", "uv": [ 0.0, 0.0, 1.5, 1.5 ] },
				"down": { "texture": "#ice", "uv": [ 0.0, 0.0, 1.5, 1.5 ] }
			}
		},
		{
			"name": "Cube7",
			"from": [ 9.0, 0.0, 10.0 ],
			"to": [ 10.0, 1.0, 11.0 ],
			"rotationOrigin": [ 9.0, 0.0, 10.0 ],
			"faces": {
				"south": { "texture": "#ice", "uv": [ 0.0, 0.0, 1.0, 1.0 ] },
				"west": { "texture": "#ice", "uv": [ 0.0, 0.0, 1.0, 1.0 ] },
				"up": { "texture": "#ice", "uv": [ 0.0, 0.0, 1.0, 1.0 ] },
				"down": { "texture": "#ice", "uv": [ 0.0, 0.0, 1.0, 1.0 ] }
			}
		},
		{
			"name": "Cube8",
			"from": [ 11.0, 0.0, 7.0 ],
			"to": [ 12.0, 1.0, 8.0 ],
			"rotationOrigin": [ 11.0, 0.0, 7.0 ],
			"faces": {
				"north": { "texture": "#ice", "uv": [ 0.0, 0.0, 1.0, 1.0 ] },
				"east": { "texture": "#ice", "uv": [ 0.0, 0.0, 1.0, 1.0 ] },
				"south": { "texture": "#ice", "uv": [ 0.0, 0.0, 1.0, 1.0 ] },
				"up": { "texture": "#ice", "uv": [ 0.0, 0.0, 1.0, 1.0 ] },
				"down": { "texture": "#ice", "uv": [ 0.0, 0.0, 1.0, 1.0 ] }
			}
		},
		{
			"name": "Cube9",
			"from": [ 8.0, 0.0, 5.75 ],
			"to": [ 9.25, 1.25, 7.0 ],
			"rotationOrigin": [ 8.0, 0.0, 5.0 ],
			"faces": {
				"north": { "texture": "#ice", "uv": [ 0.0, 0.0, 1.0, 1.0 ] },
				"east": { "texture": "#ice", "uv": [ 0.0, 0.0, 1.0, 1.0 ] },
				"west": { "texture": "#ice", "uv": [ 0.0, 0.0, 1.0, 1.0 ] },
				"up": { "texture": "#ice", "uv": [ 0.0, 0.0, 1.0, 1.0 ] },
				"down": { "texture": "#ice", "uv": [ 0.0, 0.0, 1.0, 1.0 ] }
			}
		},
		{
			"name": "Cube10",
			"from": [ 9.0, -0.3, 5.95 ],
			"to": [ 10.65, 1.35, 7.6 ],
			"rotationOrigin": [ 9.0, -0.3, 5.2 ],
			"rotationX": -22.5,
			"faces": {
				"north": { "texture": "#ice", "uv": [ 0.0, 0.0, 1.5, 1.5 ] },
				"east": { "texture": "#ice", "uv": [ 0.0, 0.0, 1.5, 1.5 ] },
				"south": { "texture": "#ice", "uv": [ 0.0, 0.0, 1.5, 1.5 ] },
				"west": { "texture": "#ice", "uv": [ 0.0, 0.0, 1.5, 1.5 ] },
				"up": { "texture": "#ice", "uv": [ 0.0, 0.0, 1.5, 1.5 ] },
				"down": { "texture": "#ice", "uv": [ 0.0, 0.0, 1.5, 1.5 ] }
			}
		},
		{
			"name": "Cube11",
			"from": [ 9.6, 0.01, 10.2 ],
			"to": [ 11.0, 1.41, 11.6 ],
			"rotationOrigin": [ 9.6, 0.0, 10.2 ],
			"rotationY": 22.5,
			"faces": {
				"north": { "texture": "#ice", "uv": [ 0.0, 0.0, 1.0, 1.0 ] },
				"east": { "texture": "#ice", "uv": [ 0.0, 0.0, 1.0, 1.0 ] },
				"south": { "texture": "#ice", "uv": [ 0.0, 0.0, 1.0, 1.0 ] },
				"west": { "texture": "#ice", "uv": [ 0.0, 0.0, 1.0, 1.0 ] },
				"up": { "texture": "#ice", "uv": [ 0.0, 0.0, 1.0, 1.0 ] },
				"down": { "texture": "#ice", "uv": [ 0.0, 0.0, 1.0, 1.0 ] }
			}
		},
		{
			"name": "Cube12",
			"from": [ 7.0, 0.01, 9.0 ],
			"to": [ 8.4, 1.31, 10.6 ],
			"rotationOrigin": [ 7.0, 0.0, 9.0 ],
			"faces": {
				"east": { "texture": "#ice", "uv": [ 0.0, 0.0, 1.5, 1.0 ] },
				"south": { "texture": "#ice", "uv": [ 0.0, 0.0, 1.0, 1.0 ] },
				"west": { "texture": "#ice", "uv": [ 0.0, 0.0, 1.5, 1.0 ] },
				"up": { "texture": "#ice", "uv": [ 0.0, 0.0, 1.0, 1.5 ] },
				"down": { "texture": "#ice", "uv": [ 0.0, 0.0, 1.0, 1.5 ] }
			}
		}
	]}