{
  "ingredient": {
    "type": "item",
    "code": "game:clay-*",
    "name": "type",
    "allowedVariants": [ "blue", "fire", "red" ]
  },
  "pattern": [
    [
      "_____",
      "_###_",
      "_###_",
      "_###_",
      "_____",
      "_____",
      "_____"
    ],
    [
      "#####",
      "#___#",
      "#___#",
      "#___#",
      "#####",
      "_____",
      "_____"
    ],
    [
      "#####",
      "#___#",
      "#___#",
      "#___#",
      "#####",
      "__#__",
      "__#__"
    ],
    [
      "#####",
      "#___#",
      "#___#",
      "#___#",
      "#####",
      "_____",
      "__#__"
    ],
    [
      "#####",
      "#___#",
      "#___#",
      "#___#",
      "#####",
      "__#__",
      "__#__"
    ],
    [
      "#####",
      "#___#",
      "#___#",
      "#___#",
      "#####",
      "_____",
      "_____"
    ]
  ],
  "name": "mug",
  "output": {
    "type": "block",
    "code": "mug-{type}-raw-east"
  }
}