{
	code: "chiseledchimney",
	"class": "BlockDeco",
	entityclass: "ParticleEmitter",
	behaviors: [{"name": "BBChiseledCover"},{name: "NoParticles"}, {name: "NWOrientable"}],
	entityBehaviors: [{"name": "BEBChiseledCover"}],
	
	
	shapeByType: {
		"*": { base: "game:block/clay/chimney" }
		
	},
	blockmaterial: "Ceramic",
	creativeinventory: { "general": ["*"],"chiseltools": ["*"] },
	replaceable: 700,
	resistance: 3,
	lightAbsorption: 1,
	textures: {
		brick: { 
			base: "game:block/clay/blueclay", 
			alternates: [ { base: "game:block/clay/blueclay" } ] 
		},
	},
	sounds: {
		walk: "walk/stone",
	},
	sideopaque: {
		all: false
	},
	sidesolid: {
		all: false
	},
	particlePropertiesByType: {
		"*": [
			{
				hsvaColor: [{ avg: 0, var: 0 }, { avg: 0, var: 0 }, { avg: 140, var: 20 },  { avg: 220, var: 50 }],
				opacityEvolve: { transform: "quadratic", factor: -24 },
				gravityEffect: { avg: 0, var: 0 },
				posOffset: [ { avg: 0, var: 0.1 }, { avg: 0.3, var: 0 }, { avg: 0, var: 0.4 }],
				velocity: [ { avg: 0, var: 0.05 }, { avg: 0.4, var: 0.05 }, { avg: 0, var: 0.05 }],
				quantity: { avg: 0.1 },
				size: { avg: 0.6, var: 0.08 },
				sizeEvolve: { transform: "linear", factor: 3 },
				particleModel: "Quad",
				lifeLength: { avg: 14 },
				selfPropelled: true,
				windAffectednes: 0.5
			}
		]
		
	},
	collisionbox: { 
		x1: 0.25, y1: 0, z1: 0.25, x2: 0.75, y2: 0.5, z2: 0.75
		
	},
	selectionbox: { 
		x1: 0.25, y1: 0, z1: 0.25, x2: 0.75, y2: 0.75, z2: 0.75
		
	},
	particlecollisionboxes: [ { x1: 0, y1: 0, z1: 0.0625, x2: 0.125, y2: 0.5, z2: 0.9375},
		{ x1: 0.875, y1: 0, z1: 0.0625, x2: 1, y2: 0.5, z2: 0.9375},
		{ x1: 0.25, y1: 0, z1: 0.495, x2: 0.75, y2: 0.5, z2: 0.505}
	]
}