{
	"editor": {
		"allAngles": false,
		"entityTextureMode": false
	},
	"textureWidth": 16,
	"textureHeight": 16,
	"textureSizes": {
	},
	"textures": {
		"surface": "surface"
	},
	"elements": [
		{
			"name": "BShelf",
			"from": [ 1.0, 0.0, 1.0 ],
			"to": [ 15.0, 1.0, 15.0 ],
			"rotationOrigin": [ 1.0, 0.0, 1.0 ],
			"faces": {
				"up": { "texture": "#surface", "uv": [ 0.0, 3.0, 16.0, 16.0 ], "autoUv": false },
				"down": { "texture": "#surface", "uv": [ 0.0, 3.0, 16.0, 16.0 ], "autoUv": false }
			},
			"children": [
				{
					"name": "Edge1",
					"from": [ 0.0, 0.0, 0.0 ],
					"to": [ 0.0, 0.0, 0.0 ],
					"rotationOrigin": [ 7.0, 0.0, 7.0 ],
					"faces": {
					},
					"children": [
						{
							"name": "Fence1",
							"from": [ 1.0, 0.0, 14.0 ],
							"to": [ 13.0, 3.0, 15.0 ],
							"rotationOrigin": [ 1.0, 0.0, 14.0 ],
							"faces": {
								"north": { "texture": "#surface", "uv": [ 2.0, 12.5, 14.0, 15.5 ] },
								"south": { "texture": "#surface", "uv": [ 2.0, 13.0, 14.0, 16.0 ] },
								"up": { "texture": "#surface", "uv": [ 3.0, 4.0, 15.0, 5.0 ] },
								"down": { "texture": "#surface", "uv": [ 3.0, 4.0, 15.0, 5.0 ] }
							}
						},
						{
							"name": "Fence2",
							"from": [ 14.0, 0.0, 14.9952 ],
							"to": [ 16.0, 16.0, 15.9952 ],
							"rotationOrigin": [ 14.0, 0.0, 15.0 ],
							"rotationY": 89.9802,
							"faces": {
								"north": { "texture": "#surface", "uv": [ 0.0, 7.0, 16.0, 9.0 ], "rotation": 270 },
								"east": { "texture": "#surface", "uv": [ 0.0, 6.0, 16.0, 7.0 ], "rotation": 270 },
								"south": { "texture": "#surface", "uv": [ 0.0, 6.5, 16.0, 8.5 ], "rotation": 270 },
								"west": { "texture": "#surface", "uv": [ 0.0, 7.0, 16.0, 8.0 ], "rotation": 270 },
								"up": { "texture": "#surface", "uv": [ 6.5, 5.0, 8.5, 6.0 ] },
								"down": { "texture": "#surface", "uv": [ 6.5, 6.5, 8.5, 7.5 ] }
							}
						},
						{
							"name": "Fence3",
							"from": [ 13.0, 0.0, 15.0 ],
							"to": [ 14.0, 16.0, 16.0 ],
							"rotationOrigin": [ 13.0, 0.0, 15.0 ],
							"rotationY": 89.9802,
							"faces": {
								"north": { "texture": "#surface", "uv": [ 0.0, 7.0, 16.0, 8.0 ], "rotation": 270 },
								"east": { "texture": "#surface", "uv": [ 0.0, 6.0, 16.0, 7.0 ], "rotation": 270 },
								"west": { "texture": "#surface", "uv": [ 0.0, 10.5, 16.0, 11.5 ], "rotation": 270 },
								"up": { "texture": "#surface", "uv": [ 7.0, 3.5, 8.0, 4.5 ] },
								"down": { "texture": "#surface", "uv": [ 6.5, 3.5, 7.5, 4.5 ] }
							}
						},
						{
							"name": "FenceH1",
							"from": [ 0.5, 4.5, 13.5 ],
							"to": [ 14.0, 6.0, 14.0 ],
							"rotationOrigin": [ 1.0, 4.0, 13.0 ],
							"faces": {
								"north": { "texture": "#surface", "uv": [ 0.0, 0.0, 13.5, 1.5 ] },
								"south": { "texture": "#surface", "uv": [ 0.0, 0.0, 13.5, 1.5 ] },
								"up": { "texture": "#surface", "uv": [ 0.0, 0.0, 13.5, 0.5 ] },
								"down": { "texture": "#surface", "uv": [ 0.0, 0.0, 13.5, 0.5 ] }
							}
						},
						{
							"name": "FenceH2",
							"from": [ 0.5, 7.5, 13.5 ],
							"to": [ 14.0, 9.0, 14.0 ],
							"rotationOrigin": [ 1.0, 4.0, 13.0 ],
							"faces": {
								"north": { "texture": "#surface", "uv": [ 0.0, 0.0, 13.5, 1.5 ] },
								"south": { "texture": "#surface", "uv": [ 0.0, 0.0, 13.5, 1.5 ] },
								"up": { "texture": "#surface", "uv": [ 0.0, 0.0, 13.5, 0.5 ] },
								"down": { "texture": "#surface", "uv": [ 0.0, 0.0, 13.5, 0.5 ] }
							}
						},
						{
							"name": "FenceH3",
							"from": [ 0.5, 10.5, 13.5 ],
							"to": [ 14.0, 12.0, 14.0 ],
							"rotationOrigin": [ 1.0, 4.0, 13.0 ],
							"faces": {
								"north": { "texture": "#surface", "uv": [ 0.0, 0.0, 13.5, 1.5 ] },
								"south": { "texture": "#surface", "uv": [ 0.0, 0.0, 13.5, 1.5 ] },
								"up": { "texture": "#surface", "uv": [ 0.0, 0.0, 13.5, 0.5 ] },
								"down": { "texture": "#surface", "uv": [ 0.0, 0.0, 13.5, 0.5 ] }
							}
						}
					]
				},
				{
					"name": "Edge2",
					"from": [ 0.0, 0.0, 0.0 ],
					"to": [ 0.0, 0.0, 0.0 ],
					"rotationOrigin": [ 7.0, 0.0, 7.0 ],
					"rotationY": 90.0,
					"faces": {
					},
					"children": [
						{
							"name": "Fence4",
							"from": [ 1.0, 0.0, 14.0 ],
							"to": [ 13.0, 3.0, 15.0 ],
							"rotationOrigin": [ 1.0, 0.0, 14.0 ],
							"faces": {
								"north": { "texture": "#surface", "uv": [ 2.0, 12.5, 14.0, 15.5 ] },
								"south": { "texture": "#surface", "uv": [ 2.0, 13.0, 14.0, 16.0 ] },
								"up": { "texture": "#surface", "uv": [ 3.0, 4.0, 15.0, 5.0 ] },
								"down": { "texture": "#surface", "uv": [ 3.0, 4.0, 15.0, 5.0 ] }
							}
						},
						{
							"name": "Fence5",
							"from": [ 14.0, 0.0, 14.9952 ],
							"to": [ 16.0, 16.0, 15.9952 ],
							"rotationOrigin": [ 14.0, 0.0, 15.0 ],
							"rotationY": 89.9802,
							"faces": {
								"north": { "texture": "#surface", "uv": [ 0.0, 7.0, 16.0, 9.0 ], "rotation": 270 },
								"east": { "texture": "#surface", "uv": [ 0.0, 6.0, 16.0, 7.0 ], "rotation": 270 },
								"south": { "texture": "#surface", "uv": [ 0.0, 6.5, 16.0, 8.5 ], "rotation": 270 },
								"west": { "texture": "#surface", "uv": [ 0.0, 7.0, 16.0, 8.0 ], "rotation": 270 },
								"up": { "texture": "#surface", "uv": [ 6.5, 5.0, 8.5, 6.0 ] },
								"down": { "texture": "#surface", "uv": [ 6.5, 6.5, 8.5, 7.5 ] }
							}
						},
						{
							"name": "Fence6",
							"from": [ 13.0, 0.0, 15.0 ],
							"to": [ 14.0, 16.0, 16.0 ],
							"rotationOrigin": [ 13.0, 0.0, 15.0 ],
							"rotationY": 89.9802,
							"faces": {
								"north": { "texture": "#surface", "uv": [ 0.0, 7.0, 16.0, 8.0 ], "rotation": 270 },
								"east": { "texture": "#surface", "uv": [ 0.0, 6.0, 16.0, 7.0 ], "rotation": 270 },
								"west": { "texture": "#surface", "uv": [ 0.0, 10.5, 16.0, 11.5 ], "rotation": 270 },
								"up": { "texture": "#surface", "uv": [ 7.0, 3.5, 8.0, 4.5 ] },
								"down": { "texture": "#surface", "uv": [ 6.5, 3.5, 7.5, 4.5 ] }
							}
						},
						{
							"name": "FenceH4",
							"from": [ 0.5, 4.5, 13.5 ],
							"to": [ 14.0, 6.0, 14.0 ],
							"rotationOrigin": [ 1.0, 4.0, 13.0 ],
							"faces": {
								"north": { "texture": "#surface", "uv": [ 0.0, 0.0, 13.5, 1.5 ] },
								"south": { "texture": "#surface", "uv": [ 0.0, 0.0, 13.5, 1.5 ] },
								"up": { "texture": "#surface", "uv": [ 0.0, 0.0, 13.5, 0.5 ] },
								"down": { "texture": "#surface", "uv": [ 0.0, 0.0, 13.5, 0.5 ] }
							}
						},
						{
							"name": "FenceH5",
							"from": [ 0.5, 7.5, 13.5 ],
							"to": [ 14.0, 9.0, 14.0 ],
							"rotationOrigin": [ 1.0, 4.0, 13.0 ],
							"faces": {
								"north": { "texture": "#surface", "uv": [ 0.0, 0.0, 13.5, 1.5 ] },
								"south": { "texture": "#surface", "uv": [ 0.0, 0.0, 13.5, 1.5 ] },
								"up": { "texture": "#surface", "uv": [ 0.0, 0.0, 13.5, 0.5 ] },
								"down": { "texture": "#surface", "uv": [ 0.0, 0.0, 13.5, 0.5 ] }
							}
						},
						{
							"name": "FenceH6",
							"from": [ 0.5, 10.5, 13.5 ],
							"to": [ 14.0, 12.0, 14.0 ],
							"rotationOrigin": [ 1.0, 4.0, 13.0 ],
							"faces": {
								"north": { "texture": "#surface", "uv": [ 0.0, 0.0, 13.5, 1.5 ] },
								"south": { "texture": "#surface", "uv": [ 0.0, 0.0, 13.5, 1.5 ] },
								"up": { "texture": "#surface", "uv": [ 0.0, 0.0, 13.5, 0.5 ] },
								"down": { "texture": "#surface", "uv": [ 0.0, 0.0, 13.5, 0.5 ] }
							}
						}
					]
				},
				{
					"name": "Edge3",
					"from": [ 0.0, 0.0, 0.0 ],
					"to": [ 0.0, 0.0, 0.0 ],
					"rotationOrigin": [ 7.0, 0.0, 7.0 ],
					"rotationY": 180.0,
					"faces": {
					},
					"children": [
						{
							"name": "Fence7",
							"from": [ 1.0, 0.0, 14.0 ],
							"to": [ 13.0, 3.0, 15.0 ],
							"rotationOrigin": [ 1.0, 0.0, 14.0 ],
							"faces": {
								"north": { "texture": "#surface", "uv": [ 2.0, 12.5, 14.0, 15.5 ] },
								"south": { "texture": "#surface", "uv": [ 2.0, 13.0, 14.0, 16.0 ] },
								"up": { "texture": "#surface", "uv": [ 3.0, 4.0, 15.0, 5.0 ] },
								"down": { "texture": "#surface", "uv": [ 3.0, 4.0, 15.0, 5.0 ] }
							}
						},
						{
							"name": "Fence8",
							"from": [ 14.0, 0.0, 14.9952 ],
							"to": [ 16.0, 16.0, 15.9952 ],
							"rotationOrigin": [ 14.0, 0.0, 15.0 ],
							"rotationY": 89.9802,
							"faces": {
								"north": { "texture": "#surface", "uv": [ 0.0, 7.0, 16.0, 9.0 ], "rotation": 270 },
								"east": { "texture": "#surface", "uv": [ 0.0, 6.0, 16.0, 7.0 ], "rotation": 270 },
								"south": { "texture": "#surface", "uv": [ 0.0, 6.5, 16.0, 8.5 ], "rotation": 270 },
								"west": { "texture": "#surface", "uv": [ 0.0, 7.0, 16.0, 8.0 ], "rotation": 270 },
								"up": { "texture": "#surface", "uv": [ 6.5, 5.0, 8.5, 6.0 ] },
								"down": { "texture": "#surface", "uv": [ 6.5, 6.5, 8.5, 7.5 ] }
							}
						},
						{
							"name": "Fence9",
							"from": [ 13.0, 0.0, 15.0 ],
							"to": [ 14.0, 16.0, 16.0 ],
							"rotationOrigin": [ 13.0, 0.0, 15.0 ],
							"rotationY": 89.9802,
							"faces": {
								"north": { "texture": "#surface", "uv": [ 0.0, 7.0, 16.0, 8.0 ], "rotation": 270 },
								"east": { "texture": "#surface", "uv": [ 0.0, 6.0, 16.0, 7.0 ], "rotation": 270 },
								"west": { "texture": "#surface", "uv": [ 0.0, 10.5, 16.0, 11.5 ], "rotation": 270 },
								"up": { "texture": "#surface", "uv": [ 7.0, 3.5, 8.0, 4.5 ] },
								"down": { "texture": "#surface", "uv": [ 6.5, 3.5, 7.5, 4.5 ] }
							}
						},
						{
							"name": "FenceH7",
							"from": [ 0.5, 4.5, 13.5 ],
							"to": [ 14.0, 6.0, 14.0 ],
							"rotationOrigin": [ 1.0, 4.0, 13.0 ],
							"faces": {
								"north": { "texture": "#surface", "uv": [ 0.0, 0.0, 13.5, 1.5 ] },
								"south": { "texture": "#surface", "uv": [ 0.0, 0.0, 13.5, 1.5 ] },
								"up": { "texture": "#surface", "uv": [ 0.0, 0.0, 13.5, 0.5 ] },
								"down": { "texture": "#surface", "uv": [ 0.0, 0.0, 13.5, 0.5 ] }
							}
						},
						{
							"name": "FenceH8",
							"from": [ 0.5, 7.5, 13.5 ],
							"to": [ 14.0, 9.0, 14.0 ],
							"rotationOrigin": [ 1.0, 4.0, 13.0 ],
							"faces": {
								"north": { "texture": "#surface", "uv": [ 0.0, 0.0, 13.5, 1.5 ] },
								"south": { "texture": "#surface", "uv": [ 0.0, 0.0, 13.5, 1.5 ] },
								"up": { "texture": "#surface", "uv": [ 0.0, 0.0, 13.5, 0.5 ] },
								"down": { "texture": "#surface", "uv": [ 0.0, 0.0, 13.5, 0.5 ] }
							}
						},
						{
							"name": "FenceH9",
							"from": [ 0.5, 10.5, 13.5 ],
							"to": [ 14.0, 12.0, 14.0 ],
							"rotationOrigin": [ 1.0, 4.0, 13.0 ],
							"faces": {
								"north": { "texture": "#surface", "uv": [ 0.0, 0.0, 13.5, 1.5 ] },
								"south": { "texture": "#surface", "uv": [ 0.0, 0.0, 13.5, 1.5 ] },
								"up": { "texture": "#surface", "uv": [ 0.0, 0.0, 13.5, 0.5 ] },
								"down": { "texture": "#surface", "uv": [ 0.0, 0.0, 13.5, 0.5 ] }
							}
						}
					]
				},
				{
					"name": "Edge4",
					"from": [ 0.0, 0.0, 0.0 ],
					"to": [ 0.0, 0.0, 0.0 ],
					"rotationOrigin": [ 7.0, 0.0, 7.0 ],
					"rotationY": -90.0,
					"faces": {
					},
					"children": [
						{
							"name": "Fence10",
							"from": [ 1.0, 0.0, 14.0 ],
							"to": [ 13.0, 3.0, 15.0 ],
							"rotationOrigin": [ 1.0, 0.0, 14.0 ],
							"faces": {
								"north": { "texture": "#surface", "uv": [ 2.0, 12.5, 14.0, 15.5 ] },
								"south": { "texture": "#surface", "uv": [ 2.0, 13.0, 14.0, 16.0 ] },
								"up": { "texture": "#surface", "uv": [ 3.0, 4.0, 15.0, 5.0 ] },
								"down": { "texture": "#surface", "uv": [ 3.0, 4.0, 15.0, 5.0 ] }
							}
						},
						{
							"name": "Fence11",
							"from": [ 14.0, 0.0, 14.9952 ],
							"to": [ 16.0, 16.0, 15.9952 ],
							"rotationOrigin": [ 14.0, 0.0, 15.0 ],
							"rotationY": 89.9802,
							"faces": {
								"north": { "texture": "#surface", "uv": [ 0.0, 7.0, 16.0, 9.0 ], "rotation": 270 },
								"east": { "texture": "#surface", "uv": [ 0.0, 6.0, 16.0, 7.0 ], "rotation": 270 },
								"south": { "texture": "#surface", "uv": [ 0.0, 6.5, 16.0, 8.5 ], "rotation": 270 },
								"west": { "texture": "#surface", "uv": [ 0.0, 7.0, 16.0, 8.0 ], "rotation": 270 },
								"up": { "texture": "#surface", "uv": [ 6.5, 5.0, 8.5, 6.0 ] },
								"down": { "texture": "#surface", "uv": [ 6.5, 6.5, 8.5, 7.5 ] }
							}
						},
						{
							"name": "Fence12",
							"from": [ 13.0, 0.0, 15.0 ],
							"to": [ 14.0, 16.0, 16.0 ],
							"rotationOrigin": [ 13.0, 0.0, 15.0 ],
							"rotationY": 89.9802,
							"faces": {
								"north": { "texture": "#surface", "uv": [ 0.0, 7.0, 16.0, 8.0 ], "rotation": 270 },
								"east": { "texture": "#surface", "uv": [ 0.0, 6.0, 16.0, 7.0 ], "rotation": 270 },
								"west": { "texture": "#surface", "uv": [ 0.0, 10.5, 16.0, 11.5 ], "rotation": 270 },
								"up": { "texture": "#surface", "uv": [ 7.0, 3.5, 8.0, 4.5 ] },
								"down": { "texture": "#surface", "uv": [ 6.5, 3.5, 7.5, 4.5 ] }
							}
						},
						{
							"name": "FenceH10",
							"from": [ 0.5, 4.5, 13.5 ],
							"to": [ 14.0, 6.0, 14.0 ],
							"rotationOrigin": [ 1.0, 4.0, 13.0 ],
							"faces": {
								"north": { "texture": "#surface", "uv": [ 0.0, 0.0, 13.5, 1.5 ] },
								"south": { "texture": "#surface", "uv": [ 0.0, 0.0, 13.5, 1.5 ] },
								"up": { "texture": "#surface", "uv": [ 0.0, 0.0, 13.5, 0.5 ] },
								"down": { "texture": "#surface", "uv": [ 0.0, 0.0, 13.5, 0.5 ] }
							}
						},
						{
							"name": "FenceH11",
							"from": [ 0.5, 7.5, 13.5 ],
							"to": [ 14.0, 9.0, 14.0 ],
							"rotationOrigin": [ 1.0, 4.0, 13.0 ],
							"faces": {
								"north": { "texture": "#surface", "uv": [ 0.0, 0.0, 13.5, 1.5 ] },
								"south": { "texture": "#surface", "uv": [ 0.0, 0.0, 13.5, 1.5 ] },
								"up": { "texture": "#surface", "uv": [ 0.0, 0.0, 13.5, 0.5 ] },
								"down": { "texture": "#surface", "uv": [ 0.0, 0.0, 13.5, 0.5 ] }
							}
						},
						{
							"name": "FenceH12",
							"from": [ 0.5, 10.5, 13.5 ],
							"to": [ 14.0, 12.0, 14.0 ],
							"rotationOrigin": [ 1.0, 4.0, 13.0 ],
							"faces": {
								"north": { "texture": "#surface", "uv": [ 0.0, 0.0, 13.5, 1.5 ] },
								"south": { "texture": "#surface", "uv": [ 0.0, 0.0, 13.5, 1.5 ] },
								"up": { "texture": "#surface", "uv": [ 0.0, 0.0, 13.5, 0.5 ] },
								"down": { "texture": "#surface", "uv": [ 0.0, 0.0, 13.5, 0.5 ] }
							}
						}
					]
				}
			]
		}
	]}