{
	"code": "pumpkin",
	"classByType": {
		"*-4": "AOGBlockPumpkin",
		"*": "Block"
	},
	"behaviorsByType": {
		"*-4": [
			{ "name": "RightClickPickup" },
			{ "name": "UnstableFalling" }
		],
		"*": [
			{
				"name": "GroundStorable",
				"properties": {
					"layoutByType": {
						"*-decent-3": "SingleCenter",
						"*-large-3": "SingleCenter",
						"*-hefty-3": "SingleCenter",
						"*-gigantic-3": "SingleCenter",
						"*": "Quadrants"
					},
					"collisionBoxByType": {
						"*-fruit-decent-3": {
							"x1": 0.21875,
							"y1": 0,
							"z1": 0.21875,
							"x2": 0.78125,
							"y2": 0.5625,
							"z2": 0.78125
						},
						"*-fruit-large-3": {
							"x1": 0.21875,
							"y1": 0,
							"z1": 0.21875,
							"x2": 0.78125,
							"y2": 0.5625,
							"z2": 0.78125
						},
						"*-fruit-hefty-3": {
							"x1": 0.21875,
							"y1": 0,
							"z1": 0.21875,
							"x2": 0.78125,
							"y2": 0.5625,
							"z2": 0.78125
						},
						"*-fruit-gigantic-3": {
							"x1": 0.21875,
							"y1": 0,
							"z1": 0.21875,
							"x2": 0.78125,
							"y2": 0.5625,
							"z2": 0.78125
						},
						"*": {
							"x1": 0,
							"y1": 0,
							"z1": 0,
							"x2": 1,
							"y2": 0.25,
							"z2": 1
						}
					}
				}
			},
			{ "name": "AOGPlacing" },
			{ "name": "RightClickPickup" },
			{ "name": "UnstableFalling" }
		]
	},
	"variantgroups": [
		{
			"code": "variant",
			"states": [ "fruit" ]
		},
		{
			"code": "size",
			"states": [ "wild", "small", "medium", "decent", "large", "hefty", "gigantic" ]
		},
		{
			"code": "stage",
			"states": [ "1", "2", "3", "4" ]
		}
	],
	"maxstacksize": 8,
	"creativeinventory": {
		"general": [ "*-fruit-*-4" ],
		"flora": [ "*-fruit-*-4" ],
		"artofgrowing": [ "*-fruit-*-4" ]
	},
	"shape": { "base": "artofgrowing:block/pumpkin/fruit/{size}/pumpkin-stage{stage}" },
	"blockmaterial": "Plant",
	"randomizeRotationsByType": {
		"*-4": false,
		"*": true
	},
	"heldTpIdleAnimationByType": {
		"*-gigantic-4": "holdbothhandslarge",
		"*-hefty-4": "holdbothhandslarge",
		"*-large-4": "holdbothhandslarge",
		"*-decent-4": "holdbothhandslarge"
	},
	"attributes": {
		"canChiselByType": {
			"*-4": true
		},
		"chiselShapeFromCollisionBox": true,
		"handbook": {
			"extraSections": [
				{
					"title": "artofgrowing:block-handbooktitle-pumpkinfruit",
					"text": "artofgrowing:block-handbooktext-pumpkinfruit"
				}
			]
		}
	},
	"attributesByType": {
		"*-1": {
			"shelvable": true
		},
		"*-2": {
			"shelvable": true
		},
		"*-small-*": {
			"shelvable": true
		},
		"*-wild-*": {
			"shelvable": true
		}
	},
	"sideopaque": {
		"all": false
	},
	"sidesolid": {
		"all": false
	},
	"replaceable": 5000,
	"lightAbsorption": 0,
	"resistance": 1,
	"collisionboxByType": {
		"*-fruit-wild-1": {
			"x1": 0.46875,
			"y1": 0,
			"z1": 0.46875,
			"x2": 0.53125,
			"y2": 0.0625,
			"z2": 0.53125
		},
		"*-fruit-*-1": {
			"x1": 0.40625,
			"y1": 0,
			"z1": 0.40625,
			"x2": 0.59375,
			"y2": 0.1875,
			"z2": 0.59375
		},
		"*-fruit-wild-2": {
			"x1": 0.4375,
			"y1": 0,
			"z1": 0.4375,
			"x2": 0.5625,
			"y2": 0.125,
			"z2": 0.5625
		},
		"*-fruit-small-2": {
			"x1": 0.375,
			"y1": 0,
			"z1": 0.375,
			"x2": 0.625,
			"y2": 0.25,
			"z2": 0.625
		},
		"*-fruit-medium-2": {
			"x1": 0.34375,
			"y1": 0,
			"z1": 0.34375,
			"x2": 0.65625,
			"y2": 0.3125,
			"z2": 0.65625
		},
		"*-fruit-*-2": {
			"x1": 0.3125,
			"y1": 0,
			"z1": 0.3125,
			"x2": 0.6875,
			"y2": 0.375,
			"z2": 0.6875
		},
		"*-fruit-wild-3": {
			"x1": 0.40625,
			"y1": 0,
			"z1": 0.40625,
			"x2": 0.59375,
			"y2": 0.1875,
			"z2": 0.59375
		},
		"*-fruit-small-3": {
			"x1": 0.34375,
			"y1": 0,
			"z1": 0.34375,
			"x2": 0.65625,
			"y2": 0.3125,
			"z2": 0.65625
		},
		"*-fruit-medium-3": {
			"x1": 0.28125,
			"y1": 0,
			"z1": 0.28125,
			"x2": 0.71875,
			"y2": 0.4375,
			"z2": 0.71875
		},
		"*-fruit-*-3": {
			"x1": 0.21875,
			"y1": 0,
			"z1": 0.21875,
			"x2": 0.78125,
			"y2": 0.5625,
			"z2": 0.78125
		},
		"*-fruit-wild-4": {
			"x1": 0.375,
			"y1": 0,
			"z1": 0.375,
			"x2": 0.625,
			"y2": 0.25,
			"z2": 0.625
		},
		"*-fruit-small-4": {
			"x1": 0.3125,
			"y1": 0,
			"z1": 0.3125,
			"x2": 0.6875,
			"y2": 0.375,
			"z2": 0.6875
		},
		"*-fruit-medium-4": {
			"x1": 0.25,
			"y1": 0,
			"z1": 0.25,
			"x2": 0.75,
			"y2": 0.5,
			"z2": 0.75
		},
		"*-fruit-decent-4": {
			"x1": 0.1875,
			"y1": 0,
			"z1": 0.1875,
			"x2": 0.8125,
			"y2": 0.625,
			"z2": 0.8125
		},
		"*-fruit-large-4": {
			"x1": 0.125,
			"y1": 0,
			"z1": 0.125,
			"x2": 0.875,
			"y2": 0.75,
			"z2": 0.875
		},
		"*-fruit-hefty-4": {
			"x1": 0.0625,
			"y1": 0,
			"z1": 0.0625,
			"x2": 0.9375,
			"y2": 0.875,
			"z2": 0.9375
		},
		"*-fruit-*-4": {
			"x1": 0,
			"y1": 0,
			"z1": 0,
			"x2": 1,
			"y2": 1,
			"z2": 1
		}
	},
	"selectionboxByType": {
		"*-fruit-wild-1": {
			"x1": 0.46875,
			"y1": 0,
			"z1": 0.46875,
			"x2": 0.53125,
			"y2": 0.0625,
			"z2": 0.53125
		},
		"*-fruit-*-1": {
			"x1": 0.40625,
			"y1": 0,
			"z1": 0.40625,
			"x2": 0.59375,
			"y2": 0.1875,
			"z2": 0.59375
		},
		"*-fruit-wild-2": {
			"x1": 0.4375,
			"y1": 0,
			"z1": 0.4375,
			"x2": 0.5625,
			"y2": 0.125,
			"z2": 0.5625
		},
		"*-fruit-small-2": {
			"x1": 0.375,
			"y1": 0,
			"z1": 0.375,
			"x2": 0.625,
			"y2": 0.25,
			"z2": 0.625
		},
		"*-fruit-medium-2": {
			"x1": 0.34375,
			"y1": 0,
			"z1": 0.34375,
			"x2": 0.65625,
			"y2": 0.3125,
			"z2": 0.65625
		},
		"*-fruit-*-2": {
			"x1": 0.3125,
			"y1": 0,
			"z1": 0.3125,
			"x2": 0.6875,
			"y2": 0.375,
			"z2": 0.6875
		},
		"*-fruit-wild-3": {
			"x1": 0.40625,
			"y1": 0,
			"z1": 0.40625,
			"x2": 0.59375,
			"y2": 0.1875,
			"z2": 0.59375
		},
		"*-fruit-small-3": {
			"x1": 0.34375,
			"y1": 0,
			"z1": 0.34375,
			"x2": 0.65625,
			"y2": 0.3125,
			"z2": 0.65625
		},
		"*-fruit-medium-3": {
			"x1": 0.28125,
			"y1": 0,
			"z1": 0.28125,
			"x2": 0.71875,
			"y2": 0.4375,
			"z2": 0.71875
		},
		"*-fruit-*-3": {
			"x1": 0.21875,
			"y1": 0,
			"z1": 0.21875,
			"x2": 0.78125,
			"y2": 0.5625,
			"z2": 0.78125
		},
		"*-fruit-wild-4": {
			"x1": 0.375,
			"y1": 0,
			"z1": 0.375,
			"x2": 0.625,
			"y2": 0.25,
			"z2": 0.625
		},
		"*-fruit-small-4": {
			"x1": 0.3125,
			"y1": 0,
			"z1": 0.3125,
			"x2": 0.6875,
			"y2": 0.375,
			"z2": 0.6875
		},
		"*-fruit-medium-4": {
			"x1": 0.25,
			"y1": 0,
			"z1": 0.25,
			"x2": 0.75,
			"y2": 0.5,
			"z2": 0.75
		},
		"*-fruit-decent-4": {
			"x1": 0.1875,
			"y1": 0,
			"z1": 0.1875,
			"x2": 0.8125,
			"y2": 0.625,
			"z2": 0.8125
		},
		"*-fruit-large-4": {
			"x1": 0.125,
			"y1": 0,
			"z1": 0.125,
			"x2": 0.875,
			"y2": 0.75,
			"z2": 0.875
		},
		"*-fruit-hefty-4": {
			"x1": 0.0625,
			"y1": 0,
			"z1": 0.0625,
			"x2": 0.9375,
			"y2": 0.875,
			"z2": 0.9375
		},
		"*-fruit-*-4": {
			"x1": 0,
			"y1": 0,
			"z1": 0,
			"x2": 1,
			"y2": 1,
			"z2": 1
		}
	},
	"texturesByType": {
		"*-4": {
			"sides": { "base": "artofgrowing:block/plant/pumpkin/fruit/{size}/stage4-side" },
			"up": { "base": "artofgrowing:block/plant/pumpkin/fruit/{size}/stage4-top" },
			"down": { "base": "artofgrowing:block/plant/pumpkin/fruit/{size}/stage4-bottom" },
			"0": { "base": "artofgrowing:block/plant/pumpkin/fruit/{size}/stage4-side" },
			"1": { "base": "artofgrowing:block/plant/pumpkin/fruit/{size}/stage4-top" },
			"2": { "base": "artofgrowing:block/plant/pumpkin/fruit/{size}/stage4-bottom" },
			"inside-north": { "base": "game:block/fire" },
			"inside-east": { "base": "game:block/fire" },
			"inside-south": { "base": "game:block/fire" },
			"inside-west": { "base": "game:block/fire" },
			"inside-up": { "base": "game:block/fire" },
			"inside-down": { "base": "game:block/fire" }
		}
	},
	"guitransform": {
		"rotation": {
			"x": 0,
			"y": 0,
			"z": 0
		}
	},
	"sounds": {
		"place": "game:block/pumpkin",
		"break": "game:block/pumpkin",
		"hit": "game:block/pumpkin"
	},
	"materialDensity": 200,
	"transitionableProps": [
		{
			"type": "Perish",
			"freshHours": { "avg": 432 },
			"transitionHours": { "avg": 144 },
			"transitionedStack": {
				"type": "item",
				"code": "game:rot"
			},
			"transitionRatio": 2
		}
	],
	"guiTransform": {
		"translation": {
			"x": 0,
			"y": -1,
			"z": 0
		},
		"rotation": {
			"x": -27,
			"y": -39,
			"z": 0
		},
		"scale": 1.11
	},
	"tpHandTransform": {
		"translation": {
			"x": -1.4,
			"y": -0.8,
			"z": -0.59
		},
		"rotation": {
			"x": -59,
			"y": 18,
			"z": -100
		},
		"scale": 0.43
	},
	"groundTransform": {
		"translation": {
			"x": 0,
			"y": 0,
			"z": 0
		},
		"rotation": {
			"x": 0,
			"y": -45,
			"z": 0
		},
		"origin": {
			"x": 0.5,
			"y": 0,
			"z": 0.5
		},
		"scale": 2.47
	}
}
