{
    "code": "edrill",
    "class": "EDrill",
    "attributes": {
        "rechargeable": true,
        "maxcapacity": 20000,
        "consume": 20,
		"handbook": {
			"groupBy": [ "edrill-*" ],
			"extraSections": [{
				"title": "electricityaddon:item-handbooktitle-edrill",
				"text": "electricityaddon:item-handbooktext-edrill"
            }]
		},
		"toolrackTransform": {
			"translation": {
				"x": 0.1,
				"y": -0.66,
				"z": 0
			},
			"rotation": {
				"x": 180,
				"y": 90,
				"z": 0
			},
			"scale": 1.3
		},
		"groundStorageTransform": {			
			"translation": {
                "x": 0,
                "y": 0,
                "z": 0
            },
            "rotation": {
                "x": -180,
                "y": -180,
                "z": -180
            },
            "origin": {
                "x": 0.5,
				"y": 0.2,
                "z": 0.5299
                },
            "scale": 0.9
			}
    },	
    "shape": { "base": "item/electricalgdrill" },
    "textures": {
        "bismuthbronze": { "base": "block/bismuthbronze" },
        "brass": { "base": "block/brass" },
            "copper": { "base": "block/copper" },
            "copper-hot": { "base": "block/copper-hot" },
            "gold": { "base": "block/gold" },
            "green": { "base": "block/green" },
            "iron": { "base": "block/iron" },
            "molybdochalkos": { "base": "block/molybdochalkos" },
            "steel": { "base": "block/steel" },
            "uranium": { "base": "block/uranium" },
            "zinc": { "base": "block/zinc" }
    },
    "heldTpIdleAnimation": "holdbothhandslarge",
    "heldRightReadyAnimation": "holdbothhandslarge",
    "heldTpUseAnimation": "twohandplaceblock",
    "heldTpHitAnimation": "twohandplaceblock",
    "creativeinventory": {
        "general": [ "*" ],
        "electricity": [ "*" ]
    },
    "tool": "pickaxe",
    "enabled": true,
    "miningtierbytype": {
        "*": 5
    },
	"behaviors": [{ 
		"name": "GroundStorable",
		"properties": {
			"layout": "WallHalves",
     		"wallOffY": 0,
			"ctrlKey": true			
		}
	}],
    "miningspeedbytype": {
        "*": {
            "soil": 5,
            "sand": 5,
            "gravel": 5,
            "snow": 5,
            "ceramic": 3.25,
            "stone": 9,
            "ore": 9,
            "metal": 9,
            "ice": 4.25
        }
    },
    "attacktierbytype": {
        "*": 3
    },
    "attackpowerbytype": {
        "*": 2.0
    },
    "attackRange": 1.5,
    "fpHandTransform": {
        "translation": {
            "x": -1.09,
            "y": 0.4,
            "z": 0.2
        },
        "rotation": {
            "x": 6,
            "y": 0,
            "z": 0
        },
        "scale": 2.6
    },
    "guiTransform": {
        "rotation": {
            "x": -46,
            "y": -137,
            "z": -180
        },
        "origin": {
            "x": 0.6,
            "y": 0.1,
            "z": 0.62
        },
        "scale": 2.3
    },
    "tpHandTransform": {
        "translation": {
            "x": -0.3,
            "y": -0.35,
            "z": -0.1
        },
        "rotation": {
            "x": -80,
            "y": -172,
            "z": 101
        },
        "origin": {
            "x": 0.8,
            "y": -0.6,
            "z": -0.3
        },
        "scale": 0.86
    },
    "groundTransform": {
        "translation": {
            "x": 0,
            "y": 0,
            "z": 0
        },
        "rotation": {
            "x": -180,
            "y": 0,
            "z": -180
        },
        "origin": {
            "x": 0.5,
            "y": 0.1,
            "z": 0.5299
        },
        "scale": 4.5
    }
	
}