{
	code: "dryfruit",
	maxstacksize: 64,
	variantgroups: [
		{ "code": "fruit",  loadFromProperties: "block/fruit" }
	],
	materialDensityByType: {"*": 600},
	attributes: {
		displaycaseable: true,
		shelvable: true,
		"handbook": { "groupBy": [ "dryfruit-*" ] },
		nutritionPropsWhenInMeal: { 
			satietyByType:  { 
				"*-saguaro": 90, 
				"*-cranberry": 90,
				"*-cherry":  60,
				"*-lychee":  60, 
				"*-breadfruit": 250,
				"*":  120 
			},
			healthByType:  { "*-saguaro": 0.5 },
			foodcategory: "Fruit" 
		},
		bakingProperties: {
			temp: 100,
			levelFrom: 0.5,
			levelTo: 1.0,
			startScaleY: 0.8,
			endScaleY: 0.8,
			initialCode: "game:fruit-{fruit}",
		},
		inPiePropertiesByType: {
			"*-pinkapple": { texture: "game:block/food/pie/fill-apple", partType: 'Filling' },
			"*-redapple": { texture: "game:block/food/pie/fill-apple", partType: 'Filling' },
			"*-yellowapple": { texture: "game:block/food/pie/fill-apple", partType: 'Filling' },
			"*": { texture: "game:block/food/pie/fill-{fruit}", partType: 'Filling' },
		},
		onDisplayTransformByType: {
			"@*-(redcurrant|whitecurrant|blackcurrant|blueberry|cranberry)": {
				"translation": {
				"x": 0.0,
				"y": -0.075,
				"z": 0.05
				},
				"scale": 0.8
			},
			"*-breadfruit": {
				"translation": {
				"x": 0.0,
				"y": -0.1,
				"z": -0.05
				},
				"rotation": {
				"x": 0,
				"y": 45,
				"z": 0
				},
				"scale": 0.8
			},
			"*-saguaro": {
				"translation": {
				"x": 0,
				"y": -0.15,
				"z": 0
				},
				"scale": 0.7
			},
			"*-pomegranate": {
				"translation": {
				"x": 0.0,
				"y": -0.15,
				"z": 0.05
				},
				"rotation": {
				"x": 0,
				"y": -45,
				"z": 0
				},
				"scale": 0.7
			},
			"*-lychee": {
				"translation": {
				"x": 0.0,
				"y": -0.175,
				"z": 0.0
				},
				"scale": 0.65
			},
			"*-mango": {
				"rotation": {
				"x": 0,
				"y": 45,
				"z": 0
				},
				"translation": {
				"x": 0.0,
				"y": -0.11,
				"z": 0.0
				},
				"scale": 0.8
			},
			"*-pineapple": {
				"translation": {
				"x": 0.0,
				"y": -0.15,
				"z": 0.0
				},
				"scale": 0.7
			},
			"*-cherry": {
				"translation": {
				"x": 0.0,
				"y": -0.1,
				"z": 0.05
				},
				"rotation": {
				"x": 0,
				"y": 45,
				"z": 0
				},
				"scale": 0.8
			},
			"*": {
				"translation": {
				"x": 0.0,
				"y": -0.1,
				"z": 0.05
				},
				"scale": 0.8
			},
		},
		inContainerTextureByType: {
			"@*-(redapple|pinkapple|yellowapple)": { base: "game:block/barrel/apple" },
			"*": { base: "game:block/barrel/{fruit}" },
		},
	},
	shapebytype: { 
		"*": { base: "item/food/dryfruit/{fruit}" }
	},
	"textures": {
		"breadfruit": { "base": "item/food/dryfruit/breadfruit" },
		"blueberry": { "base": "item/food/dryfruit/blueberry" },
		"cherry": { "base": "item/food/dryfruit/cherry" },
		"cranberry": { "base": "item/food/dryfruit/cranberry" },
		"currant": { "base": "item/food/dryfruit/currant" },
		"lychee": { "base": "item/food/dryfruit/lychee" },
		"mango": { "base": "item/food/dryfruit/mango" },
		"orange": { "base": "item/food/dryfruit/orange" },
		"pineapple": { "base": "item/food/dryfruit/pineapple" },
		"peach": { "base": "item/food/dryfruit/peach" },
		"pear": { "base": "item/food/dryfruit/pear" },
		"pomegranate": { "base": "item/food/dryfruit/pomegranate" },
		"pinkapple": { "base": "item/food/dryfruit/pinkapple" },
		"redapple": { "base": "item/food/dryfruit/redapple" },
		"saguaro": { "base": "item/food/dryfruit/saguaro" },
		"yellowapple": { "base": "item/food/dryfruit/yellowapple" },
		"fill-apple": { "base": "item/food/dryfruit/fill-apple" },
		"fill-breadfruit": { "base": "item/food/dryfruit/fill-breadfruit" },
		"fill-mango": { "base": "item/food/dryfruit/fill-mango" },
		"fill-orange": { "base": "item/food/dryfruit/fill-orange" },
		"fill-peach": { "base": "item/food/dryfruit/fill-peach" },
		"fill-pear": { "base": "item/food/dryfruit/fill-pear" },
		"fill-pomegranate": { "base": "item/food/dryfruit/fill-pomegranate" },
		"fill-saguaro": { "base": "item/food/dryfruit/fill-saguaro" },
	},
	creativeinventory: { "general": ["*"], "items": ["*"], "expandedfoods": ["*"] },
	nutritionPropsByType: {
		"*-saguaro": { satiety: 50, health: 0.5, foodcategory: "Fruit" },
		"*-cranberry": { satiety: 50, foodcategory: "Fruit" },
		"*-cherry": { satiety: 35, foodcategory: "Fruit" },
		"*-lychee": { satiety: 35, foodcategory: "Fruit" },
		"*-breadfruit": { satiety: 175, foodcategory: "Fruit" },
		"*": { satiety: 70, foodcategory: "Fruit" }
	},
	transitionablePropsByType: {
		"*-cranberry": [{
			type: "Perish",
			freshHours: { avg: 960 },
			transitionHours: { avg: 12 },
			transitionedStack: { type: "item", code: "game:rot" },
			transitionRatio: 0.25
		}],
        "@*-(orange|mango|lychee|pomegranate)": [{
            type: "Perish",
            freshHours: { avg: 3600 },
            transitionHours: { avg: 48 },
            transitionedStack: { type: "item", code: "game:rot" },
            transitionRatio: 0.25
        }],
        "@*-(pinkapple|redapple|yellowapple|pear|breadfruit)": [{
            type: "Perish",
            freshHours: { avg: 9600 },
            transitionHours: { avg: 48 },
            transitionedStack: { type: "item", code: "game:rot" },
            transitionRatio: 0.25
        }],
		"*": [{
			type: "Perish",
			freshHours: { avg: 480 },
			transitionHours: { avg: 12 },
			transitionedStack: { type: "item", code: "game:rot" },
			transitionRatio: 0.25
		}]
	},
	guiTransformByType: {
		"*-pomegranate": {
			translation: { x: 3, y: 3, z: 0 },
			rotation: { x: 180, y: -86, z: 36 },
			origin: { x: 0.5, y: 0, z: 0.5 },
			scale: 2.3
		},
		"*-lychee": {
			translation: { x: 3, y: 3, z: 0 },
			rotation: { x: 151, y: 31, z: -14 },
			origin: { x: 0.5, y: 0.05, z: 0.5 },
			scale: 2.8
		},
		"*-breadfruit": {
			translation: { x: 4, y: 3, z: 0 },
			rotation: { x: 172, y: -63, z: 33 },
			origin: { x: 0.5, y: 0, z: 0.5 },
			scale: 2.6
		},
		"*-pineapple": {
			translation: { x: 2, y: 3, z: 0 },
			rotation: { x: 127, y: 180, z: 23 },
			origin: { x: 0.55, y: 0.05, z: 0.5 },
			scale: 2.04
		},
		"*-blueberry": {
			translation: { x: 0, y: -2, z: 0 },
			rotation: { x: 128, y: 33, z: 14 },
			origin: { x: 0.475, y: 0.0, z: 0.58 },
			scale: 2.6
		},
		"@*-(redcurrant|whitecurrant|blackcurrant)": {
			translation: { x: 0, y: 0, z: 0 },
			rotation: { x: 83, y: -103, z: -55 },
			origin: { x: 0.53, y: 0.05, z: 0.53 },
			scale: 2.6
		},
		"*-cranberry": {
			rotation: { x: 134, y: -39, z: 18 },
			origin: { x: 0.5299, y: 0.02, z: 0.5299 },
			scale: 2.6
		},
		"*-saguaro": {
			translation: { x: 3, y: 0, z: 0 },
			rotation: { x: -59, y: -112, z: 180 },
			origin: { x: 0.5, y: 0.1, z: 0.5 },
			scale: 2.2
		},
		"@*(-redapple|-yellowapple|-pinkapple|-cherry|-orange)": {
			translation: { x: 0, y: 3, z: 0 },
			rotation: { x: 171, y: -63, z: 33 },
			origin: { x: 0.5, y: 0, z: 0.5 },
			scale: 2.6
		},
		"*-mango": {
			translation: { x: 3, y: 3, z: 0 },
			rotation: { x: 171, y: -63, z: 33 },
			origin: { x: 0.5, y: 0, z: 0.5 },
			scale: 2.5
		},
		"*-cherry": {
			translation: { x: 2, y: 6, z: 0 },
			rotation: { x: 159, y: -2, z: 28 },
			origin: { x: 0.5, y: 0, z: 0.5 },
			scale: 2.6
		},
		"*-peach": {
			translation: { x: 3, y: 3, z: 0 },
			rotation: { x: 171, y: -63, z: 33 },
			origin: { x: 0.5, y: 0, z: 0.5 },
			scale: 2.6
		},
		"*-pear": {
			translation: { x: 0, y: 0, z: 0 },
			rotation: { x: 171, y: -63, z: 33 },
			origin: { x: 0.5, y: 0.05, z: 0.55 },
			scale: 2.6
		}
	},
	tpHandTransformByType: {
		"*-pomegranate": {
			translation: { x: -1.28, y: -0.2, z: -1.24 },
			rotation: { x: -13, y: -62, z: 10 },
			origin: { x: 0.5, y: 0, z: 0.5 },
			scale: 0.4
		},
		"*-lychee": {
			translation: { x: -1.6, y: -0.43, z: -1.65 },
			rotation: { x: 103, y: -90, z: 78 },
			origin: { x: 0.7, y: 0.1, z: 0.7 },
			scale: 0.38
		},
		"*-breadfruit": {
			translation: { x: -1.75, y: -0.43, z: -1.51 },
			rotation: { x: 7, y: 3, z: -180 },
			origin: { x: 0.8, y: 0.1, z: 0.6 },
			scale: 0.42
		},
		"*-pineapple": {
			translation: { x: -1.25, y: -0.3, z: -1.41 },
			rotation: { x: 0, y: 0, z: 0 },
			origin: { x: 0.5, y: 0.1, z: 0.5 },
			scale: 0.4
		},
		"*-saguaro": {
			translation: { x: -1.3, y: -0.6, z: -1.3 },
			rotation: { x: 0, y: 0, z: 0 },
			origin: { x: 0.5, y: 0.3, z: 0.5 },
			scale: 0.4
		},
		"*-blueberry": {
			translation: { x: -1.5, y: -2.15, z: -1.5 },
			rotation: { x: -2, y: -75, z: 180 },
		},
		"@*-(cranberry|redcurrant|whitecurrant|blackcurrant)": {
			translation: { x: -1.5, y: -2.15, z: -1.7 },
			rotation: { x: 180, y: -65, z: 18 }
		},
		"@*(-redapple|-yellowapple|-pinkapple|-cherry|-peach|-pear|-orange|-mango)": {
			translation: { x: -1.28, y: -0.97, z: -1.24 },
			rotation: { x: -13, y: -62, z: 10 },
			scale: 0.4
		}
	},
	groundTransformByType: {
		"*-pomegranate": {
			translation: { x: 0, y: 0.07, z: 0 },
			rotation: { x: 90, y: 0, z: 0 },
			origin: { x: 0.5, y: 0.5, z: 0.53 },
			scale: 1.8
		},
		"*-lychee": {
			translation: { x: 0, y: 0, z: 0 },
			rotation: { x: 0, y: 0, z: -3 },
			origin: { x: 0.47, y: 0, z: 0.5 },
			scale: 3.5
		},
		"*-breadfruit": {
			translation: { x: 0, y: 0, z: 0 },
			rotation: { x: 0, y: 0, z: -3 },
			origin: { x: 0.5, y: 0, z: 0.5 },
			scale: 2.3
		},
		"*-pineapple": {
			translation: { x: 0, y: 0, z: 0 },
			rotation: { x: 0, y: 0, z: -3 },
			origin: { x: 0.47, y: 0, z: 0.5 },
			scale: 2.35
		},
		"*-saguaro": {
			translation: { x: 0, y: 0, z: 0 },
			rotation: { x: 0, y: 0, z: 0 },
			origin: { x: 0.5, y: 0, z: 0.5 },
			scale: 2.3
		},
		"@*-(redapple|yellowapple|pinkapple|cherry|peach|pear|orange|mango)": {
			translation: { x: 0, y: 0, z: 0 },
			rotation: { x: 0, y: 0, z: 0 },
			origin: { x: 0.5, y: 0, z: 0.5 },
			scale: 3.4
		},
		"@*-(redcurrant|whitecurrant|blackcurrant|breadfruit)": {
			translation: { x: 0, y: 0.05, z: 0 },
			rotation: { x: 0, y: 0, z: 0 },
			origin: { x: 0.5, y: 0, z: 0.5 },
			scale: 2.3
		},
		"@*-(blueberry|cranberry)": {
			translation: { x: 0, y: 0.05, z: 0 },
			rotation: { x: 0, y: 0, z: 0 },
			origin: { x: 0.5, y: 0, z: 0.5 },
			scale: 2.3
		},
		"*": { 
			scale: 2.3
		}
	}
}