[
  {
    "file": "foodshelves:recipes/grid/barrels/barrelrack.json",
    "op": "addmerge",
    "path": "/0",
    "value": {
      "ingredientPattern": "__,_B",
      "ingredients": {
        "B": { "type": "block", "code": "foodshelves:barrelrack-top*-north", "quantity": 2, "name": "wood" }
      },
      "width": 2,
      "height": 2,
      "recipeGroup": 3,
      "output": { "type": "block", "code": "barrelrack-normal{wood}-north" }
    },
		"condition": { "when": "FoodShelves.EnableVariants", "isValue": "true" }
  },
  {
    "file": "foodshelves:recipes/grid/barrels/barrelrack.json",
    "op": "addmerge",
    "path": "/0",
    "value": {
      "ingredientPattern": "__,_B",
      "ingredients": {
        "B": { "type": "block", "code": "foodshelves:barrelrack-normal*-north", "name": "wood" }
      },
      "width": 2,
      "height": 2,
      "recipeGroup": 2,
      "output": { "type": "block", "code": "barrelrack-top{wood}-north", "quantity": 2 }
    },
		"condition": { "when": "FoodShelves.EnableVariants", "isValue": "true" }
  },
  {
    "file": "foodshelves:recipes/grid/barrels/barrelrack.json",
    "op": "addmerge",
    "path": "/0",
    "value": {
      "ingredientPattern": "PSP,S_S,PSP",
      "ingredients": {
        "S": { "type": "item", "code": "game:stick" },
        "P": { "type": "item", "code": "game:plank-*", "name": "wood" }
      },
      "width": 3,
      "height": 3,
      "recipeGroup": 1,
      "output": { "type": "block", "code": "barrelrack-normal{wood}-north" }
    },
		"condition": { "when": "FoodShelves.EnableVariants", "isValue": "true" }
  }
]