[
  {
    "file": "foodshelves:recipes/grid/barrels/barrelbig.json",
    "op": "addmerge",
    "path": "/0",
    "value": {
      "ingredientPattern": "SPS,NP_,SPS",
      "ingredients": {
        "S": { "type": "item", "code": "game:stick", "quantity": 4 },
        "N": { "type": "item", "code": "game:metalnailsandstrips-*" },
        "P": { "type": "item", "code": "game:plank-*", "quantity": 4, "name": "wood", "skipVariants": ["aged"] }
      },
      "width": 3,
      "height": 3,
      "recipeGroup": 1,
      "output": { "type": "block", "code": "horizontalbarrelbig-{wood}" }
    },
		"condition": { "when": "FoodShelves.EnableVariants", "isValue": "true" }
  }
]