﻿{
  "code": "carbine",
  "class": "Item",
  "creativeinventory": {},
  "maxstacksize": 1,
  "durability": 1250,
  "rackable": true,
  "tool": "bow",
  "behaviors": [
    {
      "name": "GroundStorable",
      "properties": {
        "layout": "WallHalves",
        "wallOffY": 2,
        "sprintKey": true,
        "selectionBox": {"x1": 0, "y1": 0, "z1": 0, "x2": 1, "y2": 0.1, "z2": 1},
        "collisionBox": {"x1": 0, "y1": 0, "z1": 0, "x2": 0, "y2": 0, "z2": 0}
      }
    }
  ],
  "attributes": {
    "toolrackTransform": {"translation": {"x": 1.4, "y": 0.55, "z": 0.5}, "rotation": {"x": 1, "y": 95, "z": -90}, "origin": {"x": 0, "y": 0, "z": 0}, "scale": 1.34},
    "groundStorageTransform": {"translation": {"x": 0.55, "y": 0.44, "z": 0.75}, "rotation": {"x": 100, "y": 4, "z": -101}, "origin": {"x": 0, "y": 0, "z": 0}, "scale": 0.81},
    "inWallmountTransform": {"translation": {"x": -0.38, "y": -0.03, "z": -0.04}, "rotation": {"x": 90, "y": -84, "z": 90}, "origin": {"x": 0, "y": 0, "z": 0}, "scale": 0.81},
    "inWeaponrackTransform": {"translation": {"x": 0, "y": 0.02, "z": 0.08}, "rotation": {"x": 82, "y": 0, "z": 0}, "origin": {"x": 0, "y": 0, "z": 0}, "scale": 0.81}
  },
  "shape": {"base": "maltiezfirearms:firearms/carbine", "alternates": []},
  "heldTpHitAnimation": "firearmsempty",
  "heldLeftTpIdleAnimation": "firearmsempty",
  "heldLeftReadyAnimation": "firearmsempty",
  "heldRightReadyAnimation": "firearmsempty",
  "heldOldTpIdleAnimation": "firearmsempty",
  "heldTpUseAnimation": "firearmsempty",
  "guiTransform": {
    "translation": {"x": 0, "y": 0, "z": 0},
    "rotation": {"x": -14, "y": 20, "z": -180},
    "origin": {"x": -0.93, "y": -0.7, "z": -3},
    "scaleXyz": {"x": -1.89, "y": 1.89, "z": 1.89}
  },
  "fpHandTransform": {"translation": {"x": 0.2, "y": 0.6, "z": 1}, "rotation": {"x": 0, "y": 0, "z": 0}, "origin": {"x": 0, "y": 0, "z": 0}, "scale": 4},
  "tpHandTransform": {"translation": {"x": 0, "y": 0, "z": 0}, "rotation": {"x": 0, "y": -90, "z": 0}, "origin": {"x": 0, "y": 0, "z": 0}, "scale": 0.8},
  "groundTransform": {"translation": {"x": 0, "y": 0.05, "z": 0}, "rotation": {"x": 0, "y": 0, "z": 90}, "origin": {"x": 0, "y": 0, "z": 0}, "scale": 4.8}
}