﻿{
  "code": "pistol",
  "class": "Item",
  "creativeinventory": {},
  "variantgroups": [{"code": "type", "states": ["plain", "tarnished"]}],
  "maxstacksize": 1,
  "durabilityByType": {"*-plain": 600, "*-tarnished": 60},
  "rackable": true,
  "tool": "bow",
  "behaviors": [
    {
      "name": "GroundStorable",
      "properties": {
        "layout": "Quadrants",
        "wallOffY": 1,
        "sprintKey": true,
        "selectionBox": {"x1": 0, "y1": 0, "z1": 0, "x2": 1, "y2": 0.1, "z2": 1},
        "collisionBox": {"x1": 0, "y1": 0, "z1": 0, "x2": 0, "y2": 0, "z2": 0}
      }
    }
  ],
  "attributes": {
    "toolrackTransform": {"translation": {"x": 1.05, "y": 0.55, "z": 0.5}, "rotation": {"x": -1, "y": 95, "z": -90}, "origin": {"x": 0, "y": 0, "z": 0}, "scale": 1.34},
    "groundStorageTransform": {"translation": {"x": 0.7, "y": 0.04, "z": 0.7}, "rotation": {"x": 0, "y": 57, "z": 90}, "origin": {"x": 0, "y": 0, "z": 0}, "scale": 0.8},
    "inPistolstandTransform": {"translation": {"x": -0.25, "y": -0.05, "z": 0}, "rotation": {"x": 90, "y": -96, "z": 103}, "origin": {"x": 0, "y": 0, "z": 0}, "scale": 0.81}
  },
  "shape": {"base": "maltiezfirearms:firearms/pistol"},
  "texturesByType": {
    "*-tarnished": {
      "metal": {"base": "game:block/metal/tarnished/tinbronze"},
      "brass": {"base": "game:block/metal/tarnished/brass"},
      "wood": {"base": "game:block/wood/debarked/aged"}
    },
    "*": {}
  },
  "guiTransform": {
    "translation": {"x": 0, "y": 0, "z": 0},
    "rotation": {"x": -27, "y": 30, "z": -180},
    "origin": {"x": -0.38, "y": -0.34, "z": -0.9},
    "scaleXyz": {"x": -2.22, "y": 2.22, "z": 2.22}
  },
  "tpHandTransform": {"translation": {"x": 0, "y": 0, "z": 0}, "rotation": {"x": 0, "y": -90, "z": 0}, "origin": {"x": 0, "y": 0, "z": 0}, "scale": 0.8},
  "groundTransform": {"translation": {"x": 0, "y": 0.05, "z": 0}, "rotation": {"x": 0, "y": 0, "z": 90}, "origin": {"x": 0, "y": 0, "z": 0}, "scale": 4.8},
  "tpOffHandTransform": {"translation": {"x": -0.17, "y": -0.1, "z": -0.05}, "rotation": {"x": 90, "y": 0, "z": -90}, "origin": {"x": 0, "y": 0, "z": 0}, "scale": 0.8}
}