﻿{
  "enabled": false,
  "ingredient": {
    "type": "item",
    "code": "game:clay-*",
    "name": "type",
    "allowedVariants": [ "blue", "fire" ]
  },
  "pattern": [
    [
      "#########",
      "#########",
      "#########",
      "#########",
      "#########",
      "#########",
      "#########",
      "#########",
      "#########"
    ],
    [
      "#########",
      "#########",
      "####_####",
      "###___###",
      "##_____##",
      "###___###",
      "####_####",
      "#########",
      "#########"
    ],
    [
      "#########",
      "#########",
      "####_####",
      "###___###",
      "##_____##",
      "###___###",
      "####_####",
      "#########",
      "#########"
    ],
    [
      "#########",
      "#########",
      "####_####",
      "###___###",
      "##_____##",
      "###___###",
      "####_####",
      "#########",
      "#########"
    ],
    [
      "#########",
      "#########",
      "###___###",
      "##_____##",
      "##_____##",
      "##_____##",
      "###___###",
      "#########",
      "#########"
    ]

  ],
  "name": "Royal horn head mold",
  "output": {
    "type": "block",
    "code": "toolmold-raw-hornhead"
  }
}