{
	"code": "crop",
	"class": "BlockCrop",
	"frostable": true,
	"behaviors": [
		{ "name": "Unstable" }
	],
	"variantgroups": [
		{
			"code": "size",
			"states": [ "wild", "small", "medium", "decent", "large", "hefty", "gigantic" ]
		},
		{
			"code": "type",
			"states": [ "cabbage" ]
		},
		{
			"code": "stage",
			"states": [ "1", "2", "3", "4", "5", "6", "7", "8", "9", "10", "11", "12", "13", "14", "15", "16" ]
		}
	],
	"creativeinventory": {
		"general": [ "" ],
		"plants": [ "" ]
	},
	"renderpass": "OpaqueNoCull",
	"randomizeRotations": true,
	"shapeByType": {
		"*-wild-*-2": { "base": "block/plant/crop/cabbage/stage1" },
		"*-small-*-2": { "base": "block/plant/crop/cabbage/stage1" },
		"*-medium-*-2": { "base": "block/plant/crop/cabbage/stage1" },
		"*-wild-*-3": { "base": "block/plant/crop/cabbage/stage1" },
		"*-small-*-3": { "base": "block/plant/crop/cabbage/stage1" },
		"*-medium-*-3": { "base": "block/plant/crop/cabbage/stage2" },
		"*-wild-*-4": { "base": "block/plant/crop/cabbage/stage1" },
		"*-small-*-4": { "base": "block/plant/crop/cabbage/stage2" },
		"*-medium-*-4": { "base": "block/plant/crop/cabbage/stage3" },
		"*-wild-*-5": { "base": "block/plant/crop/cabbage/stage2" },
		"*-small-*-5": { "base": "block/plant/crop/cabbage/stage3" },
		"*-medium-*-5": { "base": "block/plant/crop/cabbage/stage4" },
		"*-wild-*-6": { "base": "block/plant/crop/cabbage/stage3" },
		"*-small-*-6": { "base": "block/plant/crop/cabbage/stage4" },
		"*-medium-*-6": { "base": "block/plant/crop/cabbage/stage5" },
		"*-wild-*-7": { "base": "block/plant/crop/cabbage/stage4" },
		"*-small-*-7": { "base": "block/plant/crop/cabbage/stage5" },
		"*-medium-*-7": { "base": "block/plant/crop/cabbage/stage6" },
		"*-wild-*-8": { "base": "block/plant/crop/cabbage/stage5" },
		"*-small-*-8": { "base": "block/plant/crop/cabbage/stage6" },
		"*-medium-*-8": { "base": "block/plant/crop/cabbage/stage7" },
		"*-wild-*-9": { "base": "block/plant/crop/cabbage/stage6" },
		"*-small-*-9": { "base": "block/plant/crop/cabbage/stage7" },
		"*-medium-*-9": { "base": "block/plant/crop/cabbage/stage8" },
		"*-wild-*-10": { "base": "block/plant/crop/cabbage/stage7" },
		"*-small-*-10": { "base": "block/plant/crop/cabbage/stage8" },
		"*-medium-*-10": { "base": "block/plant/crop/cabbage/stage9" },
		"*-gigantic-*-10": { "base": "block/plant/crop/cabbage/stage11" },
		"*-wild-*-11": { "base": "block/plant/crop/cabbage/stage8" },
		"*-small-*-11": { "base": "block/plant/crop/cabbage/stage9" },
		"*-medium-*-11": { "base": "block/plant/crop/cabbage/stage10" },
		"*-hefty-*-11": { "base": "block/plant/crop/cabbage/stage12" },
		"*-gigantic-*-11": { "base": "artofgrowing:block/crop/cabbage/large/stage12" },
		"*-12": { "base": "artofgrowing:block/crop/cabbage/{size}/stage12" },
		"*-13": { "base": "artofgrowing:block/crop/cabbage/{size}/stage12" },
		"*-14": { "base": "artofgrowing:block/crop/cabbage/{size}/stage12" },
		"*-15": { "base": "artofgrowing:block/crop/cabbage/{size}/stage12" },
		"*-16": { "base": "artofgrowing:block/crop/cabbage/{size}/stage12" },
		"*": { "base": "block/plant/crop/cabbage/stage{stage}" }
	},
	"blockmaterial": "Plant",
	"texturesByType": {
		"*-13": {
			"top": { "base": "block/plant/crop/cabbage/top1" }
		},
		"*-14": {
			"top": { "base": "block/plant/crop/cabbage/top2" }
		},
		"*-15": {
			"top": { "base": "block/plant/crop/cabbage/top3" }
		},
		"*-16": {
			"top": { "base": "block/plant/crop/cabbage/top4" }
		}
	},
	"attributes": {
		"foodTags": [ "nibbleCrop" ],
		"butterflyFeedByType": {
			"*-13": true,
			"*-14": true,
			"*-15": true,
			"*": false
		},
		"beeFeedByType": {
			"*-13": true,
			"*-14": true,
			"*-15": true,
			"*": false
		},
		"sitHeight": 0.35,
		"tickGrowthProbability": 0.05,
		"handbook": {
			"groupBy": [ "crop-*" ]
		}
	},
	"sideopaque": {
		"all": false
	},
	"sidesolid": {
		"all": false
	},
	"replaceable": 3000,
	"lightAbsorption": 0,
	"resistance": 0.5,
	"sounds": {
		"place": "block/plant",
		"break": "block/plant",
		"hit": "block/plant"
	},
	"rainPermeable": false,
	"dropsByType": {
		"*-11": [
			{
				"type": "item",
				"code": "artofgrowing:vegetable-{size}-cabbage",
				"quantity": {
					"avg": 0.85,
					"var": 0.1
				}
			}
		],
		"*-12": [
			{
				"type": "item",
				"code": "artofgrowing:vegetable-{size}-cabbage",
				"quantity": {
					"avg": 2,
					"var": 0
				}
			}
		],
		"*-13": [
			{
				"type": "item",
				"code": "artofgrowing:vegetable-{size}-cabbage",
				"quantity": {
					"avg": 1.7,
					"var": 0.2
				}
			}
		],
		"*-14": [
			{
				"type": "item",
				"code": "artofgrowing:vegetable-{size}-cabbage",
				"quantity": {
					"avg": 1.5,
					"var": 0.2
				}
			}
		],
		"*-15": [
			{
				"type": "item",
				"code": "artofgrowing:vegetable-{size}-cabbage",
				"quantity": {
					"avg": 1.2,
					"var": 0.2
				}
			}
		],
		"*-16": [
			{
				"type": "item",
				"code": "artofgrowing:seeds-{size}-cabbage",
				"quantity": { "avg": 1.2 }
			},
			{
				"type": "item",
				"codeByType": {
					"*-wild-*": "artofgrowing:seeds-small-{type}",
					"*-small-*": "artofgrowing:seeds-medium-{type}",
					"*-medium-*": "artofgrowing:seeds-decent-{type}",
					"*-decent-*": "artofgrowing:seeds-large-{type}",
					"*-large-*": "artofgrowing:seeds-hefty-{type}",
					"*-hefty-*": "artofgrowing:seeds-gigantic-{type}",
					"*-gigantic-*": "artofgrowing:seeds-gigantic-{type}"
				},
				"quantity": { "avg": 0.3 }
			},
			{
				"type": "item",
				"code": "rot",
				"quantity": { "avg": 1 }
			},
			{
				"type": "item",
				"code": "drygrass",
				"quantity": { "avg": 0.7 }
			}
		],
		"*": [
			{
				"type": "item",
				"code": "drygrass",
				"quantity": { "avg": 0.7 }
			}
		]
	},
	"cropProps": {
		"requiredNutrient": "N",
		"nutrientConsumptionByType": {
			"*-wild-*": 20,
			"*-small-*": 25,
			"*-medium-*": 30,
			"*-decent-*": 35,
			"*-large-*": 40,
			"*-hefty-*": 45,
			"*-gigantic-*": 50
		},
		"growthStages": 16,
		"totalGrowthMonthsByType": {
			"*-wild-*": 1.2,
			"*-small-*": 1.4,
			"*-medium-*": 1.6,
			"*-decent-*": 1.8,
			"*-large-*": 2.0,
			"*-hefty-*": 2.2,
			"*-gigantic-*": 2.4
		},
		"heatDamageAboveByType": {
			"*-wild-*": 39,
			"*-small-*": 38,
			"*-medium-*": 37,
			"*-decent-*": 36,
			"*-large-*": 35,
			"*-hefty-*": 34,
			"*-gigantic-*": 33
		}
	},
	"collisionbox": null,
	"selectionbox": {
		"x1": 0.0625,
		"y1": 0,
		"z1": 0.0625,
		"x2": 0.9375,
		"y2": 0.25,
		"z2": 0.9375
	},
	"materialDensity": 200,
	"combustibleProps": {
		"burnTemperature": 600,
		"burnDuration": 10
	}
}
