{
	"code": "crop",
	"class": "AOGBlockCrop",
	"frostable": true,
	"behaviors": [ { "name": "Unstable" } ],
	"variantgroups": [
		{
			"code": "size",
			"states": [ "wild", "small", "medium", "decent", "large", "hefty", "gigantic" ]
		},
		{
			"code": "type",
			"states": [ "flax" ]
		},
		{
			"code": "stage",
			"states": [ "1", "2", "3", "4", "5", "6", "7", "8", "9" ]
		}
	],
	"creativeinventory": {
		"general": [ "" ],
		"plants": [ "" ]
	},
	"renderpass": "OpaqueNoCull",
	"shape": { "base": "block/plant/crop/default*" },
	"blockmaterial": "Plant",
	"texturesByType": {
		"*-gigantic-*": {
			"crop": { "base": "block/plant/crop/{type}/normal{stage}" }
		},
		"*": {
			"crop": { "base": "artofgrowing:block/plant/crop/flax/{size}/normal{stage}" }
		}
	},
	"attributes": {
		"foodTags": [ "nibbleCrop" ],
		"butterflyFeedByType": {
			"*-1": false,
			"*-9": false,
			"*": true
		},
		"beeFeedByType": {
			"*-1": false,
			"*-9": false,
			"*": true
		},
		"sitHeight": 0.35,
		"tickGrowthProbability": 0.05,
		"handbook": {
			"groupBy": [ "crop-*" ]
		}
	},
	"sideopaque": {
		"all": false
	},
	"sidesolid": {
		"all": false
	},
	"replaceable": 3000,
	"lightAbsorption": 0,
	"resistance": 0.5,
	"sounds": {
		"place": "block/plant",
		"break": "block/plant",
		"hit": "block/plant"
	},
	"rainPermeable": false,
	"dropsByType": {
		"*-9": [
			{
				"type": "item",
				"code": "artofgrowing:grainbundle-flax-{size}-wet",
				"quantity": {
					"avg": 8,
					"var": 1
				}
			},
			{
				"type": "item",
				"codeByType": {
					"*-wild-*": "artofgrowing:grainbundle-flax-small-wet",
					"*-small-*": "artofgrowing:grainbundle-flax-medium-wet",
					"*-medium-*": "artofgrowing:grainbundle-flax-decent-wet",
					"*-decent-*": "artofgrowing:grainbundle-flax-large-wet",
					"*-large-*": "artofgrowing:grainbundle-flax-hefty-wet",
					"*-hefty-*": "artofgrowing:grainbundle-flax-gigantic-wet",
					"*-gigantic-*": "artofgrowing:grainbundle-flax-gigantic-wet"
				},
				"quantity": { "avg": 0.3 }
			}
		],
		"*": [
			{
				"type": "item",
				"code": "thatch",
				"quantity": { "avg": 0.7 }
			}
		]
	},
	"cropProps": {
		"requiredNutrient": "K",
		"nutrientConsumptionByType": {
			"*-wild-*": 30,
			"*-small-*": 35,
			"*-medium-*": 40,
			"*-decent-*": 45,
			"*-large-*": 50,
			"*-hefty-*": 55,
			"*-gigantic-*": 60
		},
		"growthStages": 9,
		"totalGrowthMonthsByType": {
			"*-wild-*": 1.2,
			"*-small-*": 1.4,
			"*-medium-*": 1.6,
			"*-decent-*": 1.8,
			"*-large-*": 2.0,
			"*-hefty-*": 2.2,
			"*-gigantic-*": 2.4
		}
	},
	"collisionbox": null,
	"selectionbox": {
		"x1": 0.0625,
		"y1": 0,
		"z1": 0.0625,
		"x2": 0.9375,
		"y2": 0.25,
		"z2": 0.9375
	},
	"materialDensity": 200,
	"combustibleProps": {
		"burnTemperature": 600,
		"burnDuration": 10
	}
}
