{
	"code": "crop",
	"class": "BlockCrop",
	"frostable": true,
	"behaviors": [ { "name": "Unstable" } ],
	"variantgroups": [
		{
			"code": "size",
			"states": [ "wild", "small", "medium", "decent", "large", "hefty", "gigantic" ]
		},
		{
			"code": "type",
			"states": [ "onion" ]
		},
		{
			"code": "stage",
			"states": [ "1", "2", "3", "4", "5", "6", "7", "8", "9", "10", "11" ]
		}
	],
	"creativeinventory": {
		"general": [ "" ],
		"plants": [ "" ]
	},
	"renderpass": "OpaqueNoCull",
	"shapeByType": {
		"*-1": { "base": "block/plant/crop/onion/stage1to4" },
		"*-2": { "base": "block/plant/crop/onion/stage1to4" },
		"*-3": { "base": "block/plant/crop/onion/stage1to4" },
		"*-4": { "base": "block/plant/crop/onion/stage1to4" },
		"*-large-*-5": { "base": "artofgrowing:block/crop/onion/wild/stage7" },
		"*-hefty-*-5": { "base": "artofgrowing:block/crop/onion/small/stage7" },
		"*-gigantic-*-5": { "base": "artofgrowing:block/crop/onion/medium/stage7" },
		"*-5": { "base": "block/plant/crop/onion/stage1to4" },
		"*-medium-*-6": { "base": "artofgrowing:block/crop/onion/wild/stage7" },
		"*-decent-*-6": { "base": "artofgrowing:block/crop/onion/small/stage7" },
		"*-large-*-6": { "base": "artofgrowing:block/crop/onion/medium/stage7" },
		"*-hefty-*-6": { "base": "artofgrowing:block/crop/onion/decent/stage7" },
		"*-gigantic-*-6": { "base": "artofgrowing:block/crop/onion/large/stage7" },
		"*-6": { "base": "block/plant/crop/onion/stage1to4" },
		"*": { "base": "artofgrowing:block/crop/onion/{size}/stage7" }
	},
	"blockmaterial": "Plant",
	"texturesByType": {
		"*-11": {
			"bulb": { "base": "item/resource/rot/rot-solids" },
			"s": { "base": "block/plant/crop/onion/s{stage}" },
			"e": { "base": "block/plant/crop/onion/e{stage}" }
		},
		"*": {
			"bulb": { "base": "block/plant/crop/onion/bulb" },
			"s": { "base": "block/plant/crop/onion/s{stage}" },
			"e": { "base": "block/plant/crop/onion/e{stage}" }
		}
	},
	"attributes": {
		"foodTags": [ "nibbleCrop" ],
		"butterflyFeedByType": {
			"*-9": true,
			"*-10": true,
			"*": false
		},
		"beeFeedByType": {
			"*-9": true,
			"*-10": true,
			"*": false
		},
		"sitHeight": 0.35,
		"tickGrowthProbability": 0.05,
		"handbook": {
			"groupBy": [ "crop-*" ]
		}
	},
	"sideopaque": {
		"all": false
	},
	"sidesolid": {
		"all": false
	},
	"replaceable": 3000,
	"lightAbsorption": 0,
	"resistance": 0.5,
	"sounds": {
		"place": "block/plant",
		"break": "block/plant",
		"hit": "block/plant"
	},
	"rainPermeable": false,
	"dropsByType": {
		"*-2": [
			{
				"type": "item",
				"code": "artofgrowing:vegetable-scallions",
				"quantity": { "avg": 0.5 }
			}
		],
		"*-3": [
			{
				"type": "item",
				"code": "artofgrowing:vegetable-scallions",
				"quantity": { "avg": 1.5 }
			}
		],
		"*-4": [
			{
				"type": "item",
				"code": "artofgrowing:vegetable-scallions",
				"quantity": {
					"avg": 2,
					"var": 1
				}
			}
		],
		"*-5": [
			{
				"type": "item",
				"code": "artofgrowing:vegetable-scallions",
				"quantity": {
					"avg": 3,
					"var": 1
				}
			}
		],
		"*-6": [
			{
				"type": "item",
				"code": "artofgrowing:vegetable-{size}-onion",				
				"quantity": {
					"avg": 3,
					"var": 1
				}
			},
			{
				"type": "item",
				"code": "artofgrowing:vegetable-scallions",
				"quantity": {
					"avg": 4,
					"var": 1
				}
			}
		],
		"*-7": [
			{
				"type": "item",
				"code": "artofgrowing:vegetable-{size}-onion",				
				"quantity": {
					"avg": 12,
					"var": 2
				}
			},
			{
				"type": "item",
				"code": "artofgrowing:vegetable-scallions",
				"quantity": {
					"avg": 5,
					"var": 1
				}
			}
		],
		"*-8": [
			{
				"type": "item",
				"code": "artofgrowing:vegetable-{size}-onion",				
				"quantity": {
					"avg": 10,
					"var": 2
				}
			},
			{
				"type": "item",
				"code": "drygrass",
				"quantity": { "avg": 0.7 }
			}
		],
		"*-9": [
			{
				"type": "item",
				"code": "artofgrowing:vegetable-{size}-onion",				
				"quantity": {
					"avg": 8,
					"var": 2
				}
			},
			{
				"type": "item",
				"code": "drygrass",
				"quantity": { "avg": 0.7 }
			}
		],
		"*-10": [
			{
				"type": "item",
				"code": "artofgrowing:vegetable-{size}-onion",				
				"quantity": {
					"avg": 6,
					"var": 2
				}
			},
			{
				"type": "item",
				"code": "drygrass",
				"quantity": { "avg": 0.7 }
			}
		],
		"*-11": [
			{
				"type": "item",
				"code": "artofgrowing:seeds-{size}-onion",				
				"quantity": { "avg": 1.2 }
			},
			{
				"type": "item",
				"codeByType": {
					"*-wild-*": "artofgrowing:seeds-small-{type}",
					"*-small-*": "artofgrowing:seeds-medium-{type}",
					"*-medium-*": "artofgrowing:seeds-decent-{type}",
					"*-decent-*": "artofgrowing:seeds-large-{type}",
					"*-large-*": "artofgrowing:seeds-hefty-{type}",
					"*-hefty-*": "artofgrowing:seeds-gigantic-{type}",
					"*-gigantic-*": "artofgrowing:seeds-gigantic-{type}"
				},
				"quantity": { "avg": 0.3 }
			},
			{
				"type": "item",
				"code": "rot",
				"quantity": { "avg": 1 }
			},
			{
				"type": "item",
				"code": "drygrass",
				"quantity": { "avg": 0.7 }
			}
		],
		"*": [
			{
				"type": "item",
				"code": "artofgrowing:vegetable-scallions",
				"quantity": { "avg": 0.1 }
			}
		]
	},
	"cropProps": {
		"requiredNutrient": "P",
		"nutrientConsumptionByType": {
			"*-wild-*": 15,
			"*-small-*": 20,
			"*-medium-*": 25,
			"*-decent-*": 30,
			"*-large-*": 35,
			"*-hefty-*": 40,
			"*-gigantic-*": 45
		},
		"growthStages": 11,
		"totalGrowthMonthsByType": {
			"*-wild-*": 2.1,
			"*-small-*": 2.3,
			"*-medium-*": 2.5,
			"*-decent-*": 2.7,
			"*-large-*": 2.9,
			"*-hefty-*": 3.1,
			"*-gigantic-*": 3.3
		},
		"coldDamageBelowByType": {
			"*-wild-*": -5,
			"*-small-*": -4,
			"*-medium-*": -3,
			"*-decent-*": -2,
			"*-large-*": -1,
			"*-hefty-*": 0,
			"*-gigantic-*": 1
		}
	},
	"collisionbox": null,
	"selectionbox": {
		"x1": 0.0625,
		"y1": 0,
		"z1": 0.0625,
		"x2": 0.9375,
		"y2": 0.25,
		"z2": 0.9375
	},
	"materialDensity": 200,
	"combustibleProps": {
		"burnTemperature": 600,
		"burnDuration": 10
	}
}
