{
	"code": "crop",
	"class": "BlockCrop",
	"frostable": true,
	"behaviors": [ { "name": "Unstable" } ],
	"variantgroups": [
		{
			"code": "size",
			"states": [ "wild", "small", "medium", "decent", "large", "hefty", "gigantic" ]
		},
		{
			"code": "type",
			"states": [ "parsnip" ]
		},
		{
			"code": "stage",
			"states": [ "1", "2", "3", "4", "5", "6", "7", "8", "9", "10", "11", "12" ]
		}
	],
	"creativeinventory": {
		"general": [ "" ],
		"plants": [ "" ]
	},
	"renderpass": "OpaqueNoCull",
	"shapeByType": {
		"*-1": { "base": "block/plant/crop/parsnip/stage1to5" },
		"*-2": { "base": "block/plant/crop/parsnip/stage1to5" },
		"*-3": { "base": "block/plant/crop/parsnip/stage1to5" },
		"*-4": { "base": "block/plant/crop/parsnip/stage1to5" },
		"*-5": { "base": "block/plant/crop/parsnip/stage1to5" },
		"*-6": { "base": "artofgrowing:block/crop/parsnip/{size}/stage6" },
		"*-7": { "base": "artofgrowing:block/crop/parsnip/{size}/stage7" },
		"*": { "base": "artofgrowing:block/crop/parsnip/{size}/stage8" }
	},
	"blockmaterial": "Plant",
	"texturesByType": {
		"*-12": {
			"bulb": { "base": "item/resource/rot/rot-solids" },
			"s": { "base": "block/plant/crop/parsnip/s{stage}" },
			"e": { "base": "block/plant/crop/parsnip/e{stage}" }
		},
		"*": {
			"bulb": { "base": "block/plant/crop/parsnip/bulb" },
			"s": { "base": "block/plant/crop/parsnip/s{stage}" },
			"e": { "base": "block/plant/crop/parsnip/e{stage}" }
		}
	},
	"attributes": {
		"foodTags": [ "nibbleCrop" ],
		"butterflyFeedByType": {
			"*-10": true,
			"*-11": true,
			"*": false
		},
		"beeFeedByType": {
			"*-10": true,
			"*-11": true,
			"*": false
		},
		"sitHeight": 0.35,
		"tickGrowthProbability": 0.05,
		"handbook": {
			"groupBy": [ "crop-*" ]
		}
	},
	"sideopaque": {
		"all": false
	},
	"sidesolid": {
		"all": false
	},
	"replaceable": 3000,
	"lightAbsorption": 0,
	"resistance": 0.5,
	"sounds": {
		"place": "block/plant",
		"break": "block/plant",
		"hit": "block/plant"
	},
	"rainPermeable": false,
	"dropsByType": {
		"*-7": [
			{
				"type": "item",
				"code": "artofgrowing:vegetable-{size}-parsnip",				
				"quantity": {
					"avg": 4,
					"var": 1
				}
			},
			{
				"type": "item",
				"code": "drygrass",
				"quantity": { "avg": 0.7 }
			}
		],
		"*-8": [
			{
				"type": "item",
				"code": "artofgrowing:vegetable-{size}-parsnip",				
				"quantity": {
					"avg": 12,
					"var": 2
				}
			},
			{
				"type": "item",
				"code": "drygrass",
				"quantity": { "avg": 0.7 }
			}
		],
		"*-9": [
			{
				"type": "item",
				"code": "artofgrowing:vegetable-{size}-parsnip",				
				"quantity": {
					"avg": 10,
					"var": 2
				}
			},
			{
				"type": "item",
				"code": "drygrass",
				"quantity": { "avg": 0.7 }
			}
		],
		"*-10": [
			{
				"type": "item",
				"code": "artofgrowing:vegetable-{size}-parsnip",				
				"quantity": {
					"avg": 8,
					"var": 2
				}
			},
			{
				"type": "item",
				"code": "drygrass",
				"quantity": { "avg": 0.7 }
			}
		],
		"*-11": [
			{
				"type": "item",
				"code": "artofgrowing:vegetable-{size}-parsnip",				
				"quantity": {
					"avg": 6,
					"var": 2
				}
			},
			{
				"type": "item",
				"code": "drygrass",
				"quantity": { "avg": 0.7 }
			}
		],
		"*-12": [
			{
				"type": "item",
				"code": "artofgrowing:seeds-{size}-parsnip",				
				"quantity": { "avg": 1.2 }
			},
			{
				"type": "item",
				"codeByType": {
					"*-wild-*": "artofgrowing:seeds-small-{type}",
					"*-small-*": "artofgrowing:seeds-medium-{type}",
					"*-medium-*": "artofgrowing:seeds-decent-{type}",
					"*-decent-*": "artofgrowing:seeds-large-{type}",
					"*-large-*": "artofgrowing:seeds-hefty-{type}",
					"*-hefty-*": "artofgrowing:seeds-gigantic-{type}",
					"*-gigantic-*": "artofgrowing:seeds-gigantic-{type}"
				},
				"quantity": { "avg": 0.3 }
			},
			{
				"type": "item",
				"code": "rot",
				"quantity": { "avg": 1 }
			},
			{
				"type": "item",
				"code": "drygrass",
				"quantity": { "avg": 0.7 }
			}
		],
		"*": [
			{
				"type": "item",
				"code": "drygrass",
				"quantity": { "avg": 0.7 }
			}
		]
	},
	"cropProps": {
		"requiredNutrient": "P",
		"nutrientConsumptionByType": {
			"*-wild-*": 5,
			"*-small-*": 10,
			"*-medium-*": 15,
			"*-decent-*": 20,
			"*-large-*": 25,
			"*-hefty-*": 30,
			"*-gigantic-*": 35
		},
		"growthStages": 12,
		"totalGrowthMonthsByType": {
			"*-wild-*": 2.2,
			"*-small-*": 2.4,
			"*-medium-*": 2.6,
			"*-decent-*": 2.8,
			"*-large-*": 3.0,
			"*-hefty-*": 3.2,
			"*-gigantic-*": 3.4
		},
		"coldDamageBelowByType": {
			"*-wild-*": -14,
			"*-small-*": -13,
			"*-medium-*": -12,
			"*-decent-*": -11,
			"*-large-*": -10,
			"*-hefty-*": -9,
			"*-gigantic-*": -8
		},
		"damageGrowthStuntMul": 0.75,
		"coldDamageRipeMul": 0.5,
		"heatDamageAboveByType": {
			"*-wild-*": 36,
			"*-small-*": 35,
			"*-medium-*": 34,
			"*-decent-*": 33,
			"*-large-*": 32,
			"*-hefty-*": 31,
			"*-gigantic-*": 30
		}
	},
	"collisionbox": null,
	"selectionbox": {
		"x1": 0.0625,
		"y1": 0,
		"z1": 0.0625,
		"x2": 0.9375,
		"y2": 0.25,
		"z2": 0.9375
	},
	"materialDensity": 200,
	"combustibleProps": {
		"burnTemperature": 600,
		"burnDuration": 10
	}
}
