{
	"code": "crop",
	"class": "BlockCrop",
	"behaviors": [ { "name": "Unstable" } ],
	"variantgroups": [
		{
			"code": "size",
			"states": [ "wild", "small", "medium", "decent", "large", "hefty", "gigantic" ]
		},
		{
			"code": "type",
			"states": [ "soybean" ]
		},
		{
			"code": "stage",
			"states": [ "1", "2", "3", "4", "5", "6", "7", "8", "9", "10", "11" ]
		}
	],
	"creativeinventory": {
		"general": [ "" ],
		"plants": [ "" ]
	},
	"renderpass": "OpaqueNoCull",
	"shape": { "base": "block/plant/crop/cross" },
	"blockmaterial": "Plant",
	"randomizeRotations": true,
	"texturesByType": {
		"*-gigantic-*": {
			"all": { "base": "block/plant/crop/{type}/normal{stage}" }
		},
		"*": {
			"all": { "base": "artofgrowing:block/plant/crop/{type}/{size}/normal{stage}" }
		}
	},
	"attributes": {
		"foodTags": [ "nibbleCrop" ],
		"butterflyFeedByType": {
			"*-1": false,
			"*-11": false,
			"*": true
		},
		"beeFeedByType": {
			"*-1": false,
			"*-11": false,
			"*": true
		},
		"sitHeight": 0.35,
		"tickGrowthProbability": 0.05,
		"handbook": {
			"include": true
		}
	},
	"sideopaque": {
		"all": false
	},
	"sidesolid": {
		"all": false
	},
	"replaceable": 3000,
	"lightAbsorption": 0,
	"resistance": 0.5,
	"sounds": {
		"place": "block/plant",
		"break": "block/plant",
		"hit": "block/plant"
	},
	"rainPermeable": false,
	"dropsByType": {
		"*-10": [
			{
				"type": "item",
				"code": "artofgrowing:grainbundle-soybean-{size}",
				"quantity": {
					"avg": 1,
					"var": 0.5
				}
			},
			{
				"type": "item",
				"codeByType": {
					"*-wild-*": "artofgrowing:grainbundle-soybean-small",
					"*-small-*": "artofgrowing:grainbundle-soybean-medium",
					"*-medium-*": "artofgrowing:grainbundle-soybean-decent",
					"*-decent-*": "artofgrowing:grainbundle-soybean-large",
					"*-large-*": "artofgrowing:grainbundle-soybean-hefty",
					"*-hefty-*": "artofgrowing:grainbundle-soybean-gigantic",
					"*-gigantic-*": "artofgrowing:grainbundle-soybean-gigantic"
				},
				"quantity": { "avg": 0.3 }
			}
		],
		"*-11": [
			{
				"type": "item",
				"code": "artofgrowing:grainbundle-soybean-{size}",
				"quantity": {
					"avg": 2,
					"var": 1
				}
			},
			{
				"type": "item",
				"codeByType": {
					"*-wild-*": "artofgrowing:grainbundle-soybean-small",
					"*-small-*": "artofgrowing:grainbundle-soybean-medium",
					"*-medium-*": "artofgrowing:grainbundle-soybean-decent",
					"*-decent-*": "artofgrowing:grainbundle-soybean-large",
					"*-large-*": "artofgrowing:grainbundle-soybean-hefty",
					"*-hefty-*": "artofgrowing:grainbundle-soybean-gigantic",
					"*-gigantic-*": "artofgrowing:grainbundle-soybean-gigantic"
				},
				"quantity": { "avg": 0.3 }
			}
		],
		"*": [
			{
				"type": "item",
				"code": "drygrass",
				"quantity": { "avg": 0.7 }
			}
		]
	},
	"cropProps": {
		"__comment": "Common rates of nutrients to be applied are 50 to 60 lb/acre N, 25 lb/acre P2O5 and 30 lb/acre K2O. - http://www.heirloom-organics.com/guide/va/guidetogrowingspelt.html",
		"requiredNutrient": "K",
		"nutrientConsumptionByType": {
			"*-wild-*": 15,
			"*-small-*": 20,
			"*-medium-*": 25,
			"*-decent-*": 30,
			"*-large-*": 35,
			"*-hefty-*": 40,
			"*-gigantic-*": 45
		},
		"growthStages": 11,
		"totalGrowthMonthsByType": {
			"*-wild-*": 0.45,
			"*-small-*": 0.65,
			"*-medium-*": 0.85,
			"*-decent-*": 1.05,
			"*-large-*": 1.25,
			"*-hefty-*": 1.45,
			"*-gigantic-*": 1.65
		}
	},
	"collisionbox": null,
	"selectionbox": {
		"x1": 0.0625,
		"y1": 0,
		"z1": 0.0625,
		"x2": 0.9375,
		"y2": 0.25,
		"z2": 0.9375
	},
	"materialDensity": 200,
	"vertexFlags": {
		"grassWindwave": true,
		"weakWave": true
	},
	"combustibleProps": {
		"burnTemperature": 600,
		"burnDuration": 10
	},
	"frostable": true
}
