{
	"code": "crop",
	"class": "BlockCrop",
	"frostable": true,
	"behaviors": [ { "name": "Unstable" } ],
	"variantgroups": [
		{
			"code": "size",
			"states": [ "wild", "small", "medium", "decent", "large", "hefty", "gigantic" ]
		},
		{
			"code": "type",
			"states": [ "sunflower" ]
		},
		{
			"code": "stage",
			"states": [ "1", "2", "3", "4", "5", "6", "7", "8", "9", "10", "11", "12" ]
		}
	],
	"creativeinventory": {
		"general": [ "" ],
		"plants": [ "" ]
	},
	"renderpass": "OpaqueNoCull",
	"shapeByType": {
		"*-1": { "base": "game:block/plant/crop/sunflower/stage{stage}" },
		"*-2": { "base": "game:block/plant/crop/sunflower/stage{stage}" },
		"*-3": { "base": "game:block/plant/crop/sunflower/stage{stage}" },
		"*-4": { "base": "game:block/plant/crop/sunflower/stage{stage}" },
		"*-5": { "base": "artofgrowing:block/crop/sunflower/wild/stage{stage}" },
		"*-wild-*-6": { "base": "artofgrowing:block/crop/sunflower/wild/stage{stage}" },
		"*-6": { "base": "artofgrowing:block/crop/sunflower/small/stage{stage}" },
		"*-wild-*-7": { "base": "artofgrowing:block/crop/sunflower/wild/stage{stage}" },
		"*-small-*-7": { "base": "artofgrowing:block/crop/sunflower/small/stage{stage}" },
		"*-7": { "base": "artofgrowing:block/crop/sunflower/medium/stage{stage}" },
		"*-large-*-8": { "base": "artofgrowing:block/crop/sunflower/decent/stage{stage}" },
		"*-hefty-*-8": { "base": "artofgrowing:block/crop/sunflower/decent/stage{stage}" },
		"*-gigantic-*-8": { "base": "artofgrowing:block/crop/sunflower/decent/stage{stage}" },
		"*-hefty-*-9": { "base": "artofgrowing:block/crop/sunflower/large/stage{stage}" },
		"*-gigantic-*-9": { "base": "artofgrowing:block/crop/sunflower/large/stage{stage}" },
		"*-gigantic-*-10": { "base": "artofgrowing:block/crop/sunflower/hefty/stage{stage}" },
		"*": { "base": "artofgrowing:block/crop/sunflower/{size}/stage{stage}" }
	},
	"blockmaterial": "Plant",
	"faceCullMode": "NeverCull",
	"randomizeRotations": true,
	"attributes": {
		"foodTagsByType": {
			"*-1": [ "nibbleCrop" ],
			"*-2": [ "nibbleCrop" ],
			"*-3": [ "nibbleCrop" ]
		},
		"butterflyFeedByType": {
			"*-1": false,
			"*-2": false,
			"*-3": false,
			"*-12": false,
			"*": true
		},
		"beeFeedByType": {
			"*-1": false,
			"*-2": false,
			"*-3": false,
			"*-12": false,
			"*": true
		},
		"sitHeight": 0.9,
		"tickGrowthProbability": 0.05,
		"handbook": {
			"include": true
		}
	},
	"sideopaque": {
		"all": false
	},
	"sidesolid": {
		"all": false
	},
	"replaceable": 3000,
	"lightAbsorption": 0,
	"resistance": 0.5,
	"sounds": {
		"place": "block/plant",
		"break": "block/plant",
		"hit": "block/plant"
	},
	"rainPermeable": false,
	"dropsByType": {
		"*-12": [
			{
				"type": "item",
				"code": "artofgrowing:grainbundle-sunflower-{size}",
				"quantity": {
					"avg": 4,
					"var": 1
				}
			},
			{
				"type": "item",
				"codeByType": {
					"*-wild-*": "artofgrowing:grainbundle-sunflower-small",
					"*-small-*": "artofgrowing:grainbundle-sunflower-medium",
					"*-medium-*": "artofgrowing:grainbundle-sunflower-decent",
					"*-decent-*": "artofgrowing:grainbundle-sunflower-large",
					"*-large-*": "artofgrowing:grainbundle-sunflower-hefty",
					"*-hefty-*": "artofgrowing:grainbundle-sunflower-gigantic",
					"*-gigantic-*": "artofgrowing:grainbundle-sunflower-gigantic"
				},
				"quantity": { "avg": 0.3 }
			}
		],
		"*": [
			{
				"type": "item",
				"code": "thatch",
				"quantity": {
					"avg": 2,
					"var": 2
				}
			}
		]
	},
	"cropProps": {
		"requiredNutrient": "N",
		"nutrientConsumptionByType": {
			"*-wild-*": 20,
			"*-small-*": 25,
			"*-medium-*": 30,
			"*-decent-*": 35,
			"*-large-*": 40,
			"*-hefty-*": 45,
			"*-gigantic-*": 50
		},
		"growthStages": 12,
		"totalGrowthMonthsByType": {
			"*-wild-*": 0.85,
			"*-small-*": 1.1,
			"*-medium-*": 1.35,
			"*-decent-*": 1.6,
			"*-large-*": 1.85,
			"*-hefty-*": 2.1,
			"*-gigantic-*": 2.35
		}
	},
	"collisionbox": null,
	"selectionbox": {
		"x1": 0.0625,
		"y1": 0,
		"z1": 0.0625,
		"x2": 0.9375,
		"y2": 0.25,
		"z2": 0.9375
	},
	"materialDensity": 200,
	"combustibleProps": {
		"burnTemperature": 600,
		"burnDuration": 10
	}
}
