{
  "enabled": false,
  "code": "sailwidecustom",
  "shape": { "base": "millwright:item/sailwide" },
  "class": "ItemSailCustom",
  "variantgroups": [
    {
      "code": "material",
      "states": [ "wool" ]
    },
    {
      "code": "color",
      "states": [ "white", "brown", "black" ]
    }
  ],
  "textures": {
    "wood": { "base": "game:block/wood/planks/generic" },
    "iron": { "base": "game:block/metal/plate/iron" }
  },
  "texturesByType": {
    "*-wool-*": {
      "cloth": { "base": "game:block/cloth/wool/{color}1" }
    }
  },
  "creativeinventory": {
    "general": [ "*" ],
    "items": [ "*" ],
    "mechanics": [ "*" ],
    "millwright": [ "*" ]
  },
  "maxstacksize": 8,
  "materialDensity": 510,
  "guiTransform": {
    "translation": {
      "x": 0,
      "y": 0,
      "z": 0
    },
    "rotation": {
      "x": -17,
      "y": -42,
      "z": -131
    },
    "origin": {
      "x": 0.6,
      "y": -0.1,
      "z": 0.4
    },
    "scale": 1.69
  },
  "fpHandTransform": {
    "translation": {
      "x": 0.05,
      "y": 0.3,
      "z": 0
    },
    "rotation": {
      "x": -28,
      "y": -89,
      "z": 108
    },
    "origin": {
      "x": 0.5,
      "y": 0.1,
      "z": 0.5
    },
    "scale": 1.22
  },
  "groundTransform": {
    "translation": {
      "x": 0,
      "y": 0,
      "z": 0
    },
    "rotation": {
      "x": -1,
      "y": 0,
      "z": 0
    },
    "origin": {
      "x": 0.5,
      "y": 0,
      "z": 0.5
    },
    "scale": 2.7
  },
  "tpHandTransform": {
    "translation": {
      "x": -0.8,
      "y": 0.21,
      "z": -0.73
    },
    "rotation": {
      "x": -80,
      "y": 3,
      "z": 17
    },
    "origin": {
      "x": 0.5,
      "y": 0.1,
      "z": 0.5
    },
    "scale": 0.7
  }
}
