{
	"code": "cookedvegetable",
	"maxstacksize": 64,
	"attributes": {
		"inContainerTexture": { "base": "artofcooking:block/wood/barrel/{state}-{type}" },
		"inBarrelShapebytype": {
			"*-fried-*": "",
			"*": "coreofart:/block/wood/barrel/{type}fill1"
		},
		"crockable": true,
		"inPieProperties": {
			"texture": "game:block/food/pie/fill-{type}",
			"partType": "Filling"
		}
	},
	"variantgroups": [
		{
			"code": "state",
			"states": [ "baked", "fried", "boiled" ]
		},
		{
			"code": "type",
			"states": [ "carrot", "cabbage", "onion", "turnip", "parsnip", "pumpkin", "potato", "cassava" ]
		}
	],
	"shapebytype": {
		"*-cabbage": { "base": "item/food/cookedvegetable/sauerkraut" },
		"*": { "base": "item/food/cookedvegetable/{type}" }
	},
	"texture": { "base": "item/food/cookedvegetable/{state}/{type}" },
	"creativeinventory": {
		"general": [ "" ],
		"items": [ "" ],
		"artofcooking": [ "" ]
	},
	"nutritionPropsByType": {
		"*-cabbage": {
			"saturation": 250,
			"foodcategory": "Vegetable"
		},
		"*": {
			"saturation": 80,
			"foodcategory": "Vegetable"
		}
	},
	"transitionableProps": [
		{
			"type": "Perish",
			"freshHours": { "avg": 1800 },
			"transitionHours": { "avg": 240 },
			"transitionedStack": {
				"type": "item",
				"code": "game:rot"
			},
			"transitionRatio": 0.5
		}
	],
	"materialDensity": 600,
	"guiTransformByType": {
		"*-cabbage": {
			"translation": {
				"x": 2.5,
				"y": 1,
				"z": 0
			},
			"rotation": {
				"x": 137,
				"y": 131,
				"z": 0
			},
			"origin": {
				"x": 0.5,
				"y": 0.05,
				"z": 0.5
			},
			"scale": 1.69
		},
		"*-carrot": {
			"translation": {
				"x": 2,
				"y": 1,
				"z": 0
			},
			"rotation": {
				"x": 180,
				"y": 44,
				"z": 56
			},
			"origin": {
				"x": 0.5,
				"y": 0.2,
				"z": 0.5
			},
			"scale": 4.75
		},
		"*-onion": {
			"translation": {
				"x": 0,
				"y": 0,
				"z": 0
			},
			"rotation": {
				"x": -37,
				"y": 135,
				"z": -155
			},
			"origin": {
				"x": 0.5,
				"y": 0.1,
				"z": 0.5
			},
			"scale": 5.35
		},
		"*-potato": {
			"translation": {
				"x": 0,
				"y": 0,
				"z": 0
			},
			"rotation": {
				"x": -37,
				"y": 135,
				"z": -155
			},
			"origin": {
				"x": 0.5,
				"y": 0.1,
				"z": 0.5
			},
			"scale": 3.35
		},
		"*-parsnip": {
			"translation": {
				"x": 2,
				"y": 2,
				"z": 0
			},
			"rotation": {
				"x": 180,
				"y": 158,
				"z": 38
			},
			"origin": {
				"x": 0.5,
				"y": 0.23,
				"z": 0.5
			},
			"scale": 3.6
		},
		"*-turnip": {
			"translation": {
				"x": 1,
				"y": 2,
				"z": 0
			},
			"rotation": {
				"x": 180,
				"y": 158,
				"z": 38
			},
			"origin": {
				"x": 0.5,
				"y": 0.18,
				"z": 0.5
			},
			"scale": 4.25
		},
		"*": {
			"translation": {
				"x": 2,
				"y": 2,
				"z": 0
			},
			"rotation": {
				"x": 127,
				"y": 180,
				"z": 38
			},
			"origin": {
				"x": 0.5,
				"y": 0.05,
				"z": 0.5
			},
			"scale": 3.5999
		}
	},
	"fpHandTransformByType": {
		"*-cabbage": {
			"translation": {
				"x": 0,
				"y": 0,
				"z": 0
			},
			"rotation": {
				"x": 51,
				"y": 90,
				"z": -30
			},
			"scale": 1.9
		},
		"*-carrot": {
			"translation": {
				"x": 0,
				"y": 0,
				"z": 0
			},
			"rotation": {
				"x": 45,
				"y": 47,
				"z": -30
			},
			"origin": {
				"x": 0.5,
				"y": 0.3,
				"z": 0.5
			},
			"scale": 1.9
		},
		"*-onion": {
			"translation": {
				"x": 0,
				"y": 0,
				"z": 0
			},
			"rotation": {
				"x": 45,
				"y": 47,
				"z": -30
			},
			"origin": {
				"x": 0.5,
				"y": 0.3,
				"z": 0.5
			},
			"scale": 1.9
		},
		"*-potato": {
			"translation": {
				"x": 0,
				"y": 0,
				"z": 0
			},
			"rotation": {
				"x": 45,
				"y": 47,
				"z": -30
			},
			"origin": {
				"x": 0.5,
				"y": 0.3,
				"z": 0.5
			},
			"scale": 1.9
		},
		"*-parsnip": {
			"translation": {
				"x": 0,
				"y": 0,
				"z": 0
			},
			"rotation": {
				"x": 45,
				"y": 47,
				"z": -30
			},
			"origin": {
				"x": 0.5,
				"y": 0.3,
				"z": 0.5
			},
			"scale": 1.9
		},
		"*-turnip": {
			"translation": {
				"x": 0,
				"y": 0,
				"z": 0
			},
			"rotation": {
				"x": 45,
				"y": 47,
				"z": -30
			},
			"origin": {
				"x": 0.5,
				"y": 0.3,
				"z": 0.5
			},
			"scale": 1.9
		},
		"*": {
			"translation": {
				"x": 0,
				"y": 0.22,
				"z": 0
			},
			"rotation": {
				"x": 45,
				"y": 47,
				"z": -30
			},
			"origin": {
				"x": 0.5,
				"y": 0.1,
				"z": 0.5
			},
			"scale": 1.8999
		}
	},
	"tpHandTransformByType": {
		"*-cabbage": {
			"translation": {
				"x": -0.25,
				"y": -1,
				"z": -1
			},
			"rotation": {
				"x": 125,
				"y": -2,
				"z": -72
			},
			"origin": {
				"x": -0.05,
				"y": 0.4,
				"z": 0.8
			},
			"scale": 0.45
		},
		"*-carrot": {
			"translation": {
				"x": -0.57,
				"y": -0.14,
				"z": -0.56
			},
			"rotation": {
				"x": 0,
				"y": 0,
				"z": -89
			},
			"origin": {
				"x": 0.5,
				"y": 0.1,
				"z": 0.5
			},
			"scale": 0.88
		},
		"*-onion": {
			"translation": {
				"x": -0.75,
				"y": -0.13,
				"z": -0.57
			},
			"rotation": {
				"x": 0,
				"y": 0,
				"z": -67
			},
			"origin": {
				"x": 0.5,
				"y": 0.1,
				"z": 0.5
			},
			"scale": 0.84
		},
		"*-potato": {
			"translation": {
				"x": -0.75,
				"y": -0.13,
				"z": -0.57
			},
			"rotation": {
				"x": 0,
				"y": 0,
				"z": -67
			},
			"origin": {
				"x": 0.5,
				"y": 0.1,
				"z": 0.5
			},
			"scale": 0.84
		},
		"*-parsnip": {
			"translation": {
				"x": -0.57,
				"y": -0.14,
				"z": -0.56
			},
			"rotation": {
				"x": 0,
				"y": 0,
				"z": -89
			},
			"origin": {
				"x": 0.5,
				"y": 0.1,
				"z": 0.5
			},
			"scale": 0.88
		},
		"*-turnip": {
			"translation": {
				"x": -0.68,
				"y": -0.18,
				"z": -0.6
			},
			"rotation": {
				"x": 0,
				"y": 0,
				"z": -84
			},
			"origin": {
				"x": 0.5,
				"y": 0.1,
				"z": 0.5
			},
			"scale": 0.8
		},
		"*": {
			"translation": {
				"x": -0.8,
				"y": -0.2,
				"z": -0.59
			},
			"rotation": {
				"x": 84,
				"y": 3,
				"z": 4
			},
			"origin": {
				"x": 0.5,
				"y": 0.1,
				"z": 0.5
			},
			"scale": 0.75
		}
	},
	"groundTransformByType": {
		"*-cabbage": {
			"translation": {
				"x": 0,
				"y": 0,
				"z": 0
			},
			"rotation": {
				"x": 0,
				"y": 0,
				"z": 0
			},
			"origin": {
				"x": 0.5,
				"y": 0,
				"z": 0.5
			},
			"scale": 3.5
		},
		"*-carrot": {
			"translation": {
				"x": 0,
				"y": 0,
				"z": 0
			},
			"rotation": {
				"x": 0,
				"y": 0,
				"z": 83
			},
			"origin": {
				"x": 0.47,
				"y": 0,
				"z": 0.5
			},
			"scale": 4.3
		},
		"*-onion": {
			"translation": {
				"x": 0,
				"y": 0,
				"z": 0
			},
			"rotation": {
				"x": 0,
				"y": 0,
				"z": 83
			},
			"origin": {
				"x": 0.47,
				"y": 0,
				"z": 0.5
			},
			"scale": 4.3
		},
		"*-potato": {
			"translation": {
				"x": 0,
				"y": 0,
				"z": 0
			},
			"rotation": {
				"x": 0,
				"y": 0,
				"z": 83
			},
			"origin": {
				"x": 0.47,
				"y": 0,
				"z": 0.5
			},
			"scale": 4.3
		},
		"*-parsnip": {
			"translation": {
				"x": 0,
				"y": 0,
				"z": 0
			},
			"rotation": {
				"x": 0,
				"y": 0,
				"z": 83
			},
			"origin": {
				"x": 0.47,
				"y": 0,
				"z": 0.5
			},
			"scale": 4.3
		},
		"*-turnip": {
			"translation": {
				"x": 0,
				"y": 0,
				"z": 0
			},
			"rotation": {
				"x": 0,
				"y": 0,
				"z": 75
			},
			"origin": {
				"x": 0.47,
				"y": 0,
				"z": 0.5
			},
			"scale": 3.8
		},
		"*": {
			"translation": {
				"x": 0,
				"y": 0.01,
				"z": 0
			},
			"rotation": {
				"x": 0,
				"y": 0,
				"z": 0
			},
			"origin": {
				"x": 0.47,
				"y": 0,
				"z": 0.5
			},
			"scale": 4.0
		}
	},
	"heldRightReadyAnimationByType": {
		"@*-(cabbage|olive|bellpepper)": "holdbothhands"
	},
	"heldTpIdleAnimationByType": {
		"@*-(cabbage|olive|bellpepper)": "holdbothhands"
	}
}