{
	"code": "flatbread",
	"behaviors": [
		{
			"name": "GroundStorable",
			"properties": {
				"layout": "Quadrants",
				"collisionBox": {
					"x1": 0,
					"y1": 0,
					"z1": 0,
					"x2": 1,
					"y2": 0.1,
					"z2": 1
				}
			}
		}
	],
	"maxstacksizeByType": {
		"*-charred": 192,
		"*": 128
	},
	"variantgroups": [
		{
			"code": "type",
			"states": [ "spelt", "rye", "flax", "rice", "cassava", "amaranth", "sunflower" ]
		},
		{
			"code": "state",
			"states": [ "raw", "partbaked", "perfect", "charred" ]
		}
	],
	"shape": { "base": "item/food/flatbread" },

	"texturesbytype": {
		"*-acorn-raw": { "dough": { "base": "wildcraftfruit:block/food/pie/{type}1" } },
		"*-acorn-partbaked": { "dough": { "base": "wildcraftfruit:block/food/pie/{type}2" } },
		"*-acorn-perfect": { "dough": { "base": "wildcraftfruit:block/food/pie/{type}3" } },
		"*-acorn-charred": { "dough": { "base": "wildcraftfruit:block/food/pie/{type}4" } },
		"*-raw": { "dough": { "base": "game:block/food/pie/{type}1" } },
		"*-partbaked": { "dough": { "base": "game:block/food/pie/{type}2" } },
		"*-perfect": { "dough": { "base": "game:block/food/pie/{type}3" } },
		"*-charred": { "dough": { "base": "game:block/food/pie/{type}4" } }
	},
	"creativeinventory": {
		"general": [ "*" ],
		"items": [ "*" ],
		"artofcooking": [ "*" ]
	},
	"attributes": {
		"shelvable": true,
		"onDisplayTransform": {
			"origin": {
				"x": 0.5,
				"y": 0,
				"z": 0.5
			},
			"scale": 0.9
		}
	},
	"attributesByType": {
		"*-raw": {
			"bakingProperties": {
				"temp": 160,
				"levelFrom": 0.0,
				"levelTo": 0.25,
				"startScaleY": 0.9,
				"endScaleY": 0.95,
				"resultCode": "artofcooking:flatbread-{type}-partbaked"
			},
			"handbook": {
				"extraSections": [
					{
						"title": "artofcooking:item-handbooktitle-doughforming",
						"text": "artofcooking:item-handbooktext-doughforming"
					}
				]
			}
		},
		"*-partbaked": {
			"bakingProperties": {
				"temp": 160,
				"levelFrom": 0.25,
				"levelTo": 0.5,
				"startScaleY": 0.95,
				"endScaleY": 1.10,
				"resultCode": "artofcooking:flatbread-{type}-perfect",
				"initialCode": "artofcooking:flatbread-{type}-raw"
			}
		},
		"*-perfect": {
			"bakingProperties": {
				"temp": 160,
				"levelFrom": 0.5,
				"levelTo": 0.75,
				"startScaleY": 1.10,
				"endScaleY": 1.13,
				"resultCode": "artofcooking:flatbread-{type}-charred",
				"initialCode": "artofcooking:flatbread-{type}-partbaked"
			}
		},
		"*-charred": {
			"bakingProperties": {
				"temp": 160,
				"levelFrom": 0.75,
				"levelTo": 1,
				"startScaleY": 1.13,
				"endScaleY": 1.10,
				"initialCode": "artofcooking:flatbread-{type}-perfect"
			}
		}
	},
	"combustiblePropsByType": {
		"*-raw": {
			"meltingPoint": 200,
			"meltingDuration": 20,
			"smeltedRatio": 1,
			"smeltingType": "bake",
			"smeltedStack": {
				"type": "item",
				"code": "artofcooking:flatbread-{type}-charred"
			},
			"requiresContainer": false
		},
		"*-partbaked": {
			"meltingPoint": 200,
			"meltingDuration": 15,
			"smeltedRatio": 1,
			"smeltingType": "bake",
			"smeltedStack": {
				"type": "item",
				"code": "artofcooking:flatbread-{type}-charred"
			},
			"requiresContainer": false
		},
		"*-perfect": {
			"meltingPoint": 200,
			"meltingDuration": 15,
			"smeltedRatio": 1,
			"smeltingType": "bake",
			"smeltedStack": {
				"type": "item",
				"code": "artofcooking:flatbread-{type}-charred"
			},
			"requiresContainer": false
		}
	},
	"nutritionPropsByType": {
		"*-flax-partbaked": {
			"saturation": 45,
			"foodcategory": "Grain"
		},
		"*-flax-perfect": {
			"saturation": 80,
			"foodcategory": "Grain"
		},
		"*-flax-charred": {
			"saturation": 50,
			"foodcategory": "Grain"
		},

		"*-rice-partbaked": {
			"saturation": 80,
			"foodcategory": "Grain"
		},
		"*-rice-perfect": {
			"saturation": 165,
			"foodcategory": "Grain"
		},
		"*-rice-charred": {
			"saturation": 110,
			"foodcategory": "Grain"
		},

		"*-acorn-partbaked": {
			"saturation": 85,
			"foodcategory": "Grain"
		},
		"*-acorn-perfect": {
			"saturation": 175,
			"foodcategory": "Grain"
		},
		"*-acorn-charred": {
			"saturation": 115,
			"foodcategory": "Grain"
		},

		"*-partbaked": {
			"saturation": 75,
			"foodcategory": "Grain"
		},
		"*-perfect": {
			"saturation": 150,
			"foodcategory": "Grain"
		},
		"*-charred": {
			"saturation": 105,
			"foodcategory": "Grain"
		}
	},
	"transitionablePropsByType": {
		"*-raw": [
			{
				"type": "Perish",
				"freshHours": { "avg": 48 },
				"transitionHours": { "avg": 24 },
				"transitionedStack": {
					"type": "item",
					"code": "game:rot"
				},
				"transitionRatio": 1
			}
		],
		"*-partbaked": [
			{
				"type": "Perish",
				"freshHours": { "avg": 180 },
				"transitionHours": { "avg": 24 },
				"transitionedStack": {
					"type": "item",
					"code": "game:rot"
				},
				"transitionRatio": 1
			}
		],
		"*-perfect": [
			{
				"type": "Perish",
				"freshHours": { "avg": 288 },
				"transitionHours": { "avg": 36 },
				"transitionedStack": {
					"type": "item",
					"code": "game:rot"
				},
				"transitionRatio": 1
			}
		],
		"*-charred": [
			{
				"type": "Perish",
				"freshHours": { "avg": 630 },
				"transitionHours": { "avg": 60 },
				"transitionedStack": {
					"type": "item",
					"code": "game:rot"
				},
				"transitionRatio": 1
			}
		]
	},
	"materialDensity": 200,
	"heldTpIdleAnimation": "holdbothhands",
	"heldRightReadyAnimation": "holdbothhands",
	"guiTransform": {
		"translation": {
			"x": 2.5,
			"y": 1,
			"z": 0
		},
		"rotation": {
			"x": 137,
			"y": 131,
			"z": 0
		},
		"origin": {
			"x": 0.5,
			"y": 0.05,
			"z": 0.5
		},
		"scale": 2.69
	},
	"groundTransform": {
		"translation": {
			"x": 0,
			"y": 0,
			"z": 0
		},
		"rotation": {
			"x": 0,
			"y": 0,
			"z": 0
		},
		"origin": {
			"x": 0.5,
			"y": 0,
			"z": 0.5
		},
		"scale": 4.5
	},
	"tpHandTransform": {
		"translation": {
			"x": -0.06,
			"y": 0.4,
			"z": 1.1
		},
		"rotation": {
			"x": 10,
			"y": 6,
			"z": -89
		},
		"origin": {
			"x": 0.03,
			"y": 0,
			"z": -0.1
		},
		"scale": 0.7
	},
	"fpHandTransform": {
		"translation": {
			"x": 0,
			"y": 0,
			"z": 0
		},
		"rotation": {
			"x": 51,
			"y": 90,
			"z": -30
		},
		"scale": 1.9
	}
}