{
	"code": "lavash",
	"class": "AOCItemLavash",
	"behaviors": [
		{
			"name": "GroundStorable",
			"properties": {
				"layout": "SingleCenter",
				"collisionBox": {
					"x1": 0,
					"y1": 0,
					"z1": 0,
					"x2": 1,
					"y2": 0.1,
					"z2": 1
				}
			}
		}
	],
	"maxstacksizeByType": {
		"*-charred": 48,
		"*": 32
	},
	"variantgroups": [
		{
			"code": "type",
			"states": [ "spelt", "rye", "flax", "rice", "cassava", "amaranth", "sunflower" ]
		},
		{
			"code": "state",
			"states": [ "raw", "partbaked", "perfect", "charred" ]
		}
	],
	"shape": { "base": "item/food/lavash" },

	"texturesbytype": {
		"*-acorn-raw": { "lavash": { "base": "wildcraftfruit:block/food/pie/{type}1" } },
		"*-acorn-partbaked": { "lavash": { "base": "wildcraftfruit:block/food/pie/{type}2" } },
		"*-acorn-perfect": { "lavash": { "base": "wildcraftfruit:block/food/pie/{type}3" } },
		"*-acorn-charred": { "lavash": { "base": "wildcraftfruit:block/food/pie/{type}4" } },
		"*-raw": { "lavash": { "base": "game:block/food/pie/{type}1" } },
		"*-partbaked": { "lavash": { "base": "game:block/food/pie/{type}2" } },
		"*-perfect": { "lavash": { "base": "game:block/food/pie/{type}3" } },
		"*-charred": { "lavash": { "base": "game:block/food/pie/{type}4" } }
	},
	"creativeinventory": {
		"general": [ "*" ],
		"items": [ "*" ],
		"artofcooking": [ "*" ]
	},
	"attributes": {
		"inCookedMealPropertiesByType": {
			"*-acorn-raw": {
				"texture": "wildcraftfruit:block/food/pie/{type}1"
			},
			"*-acorn-partbaked": {
				"texture": "wildcraftfruit:block/food/pie/{type}2"
			},
			"*-acorn-perfect": {
				"texture": "wildcraftfruit:block/food/pie/{type}3"
			},
			"*-acorn-charred": {
				"texture": "wildcraftfruit:block/food/pie/{type}4"
			},
			"*-raw": {
				"texture": "game:block/food/pie/{type}1"
			},
			"*-partbaked": {
				"texture": "game:block/food/pie/{type}2"
			},
			"*-perfect": {
				"texture": "game:block/food/pie/{type}3"
			},
			"*-charred": {
				"texture": "game:block/food/pie/{type}4"
			}
		}
	},
	"attributesByType": {
		"*-raw": {
			"bakingProperties": {
				"LargeItem": true,
				"temp": 160,
				"levelFrom": 0.0,
				"levelTo": 0.25,
				"startScaleY": 0.9,
				"endScaleY": 0.95,
				"resultCode": "artofcooking:lavash-{type}-partbaked"
			},
			"handbook": {
				"extraSections": [
					{
						"title": "artofcooking:item-handbooktitle-doughforming",
						"text": "artofcooking:item-handbooktext-doughforming"
					}
				]
			}
		},
		"*-partbaked": {
			"bakingProperties": {
				"LargeItem": true,
				"temp": 160,
				"levelFrom": 0.25,
				"levelTo": 0.5,
				"startScaleY": 0.95,
				"endScaleY": 1.10,
				"resultCode": "artofcooking:lavash-{type}-perfect",
				"initialCode": "artofcooking:lavash-{type}-raw"
			},
			"handbook": {
				"extraSections": [
					{
						"title": "artofcooking:item-handbooktitle-shawarma",
						"text": "artofcooking:item-handbooktext-shawarma"
					}
				]
			},
			"nutritionPropsWhenInMealByType": {
				"*-flax-*": {
					"satiety": 175,
					"foodcategory": "Grain"
				},
				"*-rice-*": {
					"satiety": 400,
					"foodcategory": "Grain"
				},
				"*-acorn-*": {
					"satiety": 425,
					"foodcategory": "Grain"
				},
				"*": {
					"satiety": 375,
					"foodcategory": "Grain"
				}
			}
		},
		"*-perfect": {
			"bakingProperties": {
				"LargeItem": true,
				"temp": 160,
				"levelFrom": 0.5,
				"levelTo": 0.75,
				"startScaleY": 1.10,
				"endScaleY": 1.13,
				"resultCode": "artofcooking:lavash-{type}-charred",
				"initialCode": "artofcooking:lavash-{type}-partbaked"
			},
			"handbook": {
				"extraSections": [
					{
						"title": "artofcooking:item-handbooktitle-shawarma",
						"text": "artofcooking:item-handbooktext-shawarma"
					}
				]
			},
			"nutritionPropsWhenInMealByType": {
				"*-flax-*": {
					"satiety": 400,
					"foodcategory": "Grain"
				},
				"*-rice-*": {
					"satiety": 825,
					"foodcategory": "Grain"
				},
				"*-acorn-*": {
					"satiety": 875,
					"foodcategory": "Grain"
				},
				"*": {
					"satiety": 750,
					"foodcategory": "Grain"
				}
			}
		},
		"*-charred": {
			"bakingProperties": {
				"LargeItem": true,
				"temp": 160,
				"levelFrom": 0.75,
				"levelTo": 1,
				"startScaleY": 1.13,
				"endScaleY": 1.10,
				"initialCode": "artofcooking:lavash-{type}-perfect"
			},
			"handbook": {
				"extraSections": [
					{
						"title": "artofcooking:item-handbooktitle-shawarma",
						"text": "artofcooking:item-handbooktext-shawarma"
					}
				]
			},
			"nutritionPropsWhenInMealByType": {
				"*-flax-*": {
					"satiety": 250,
					"foodcategory": "Grain"
				},
				"*-rice-*": {
					"satiety": 550,
					"foodcategory": "Grain"
				},
				"*-acorn-*": {
					"satiety": 575,
					"foodcategory": "Grain"
				},
				"*": {
					"satiety": 525,
					"foodcategory": "Grain"
				}
			}
		}
	},
	"combustiblePropsByType": {
		"*-raw": {
			"meltingPoint": 200,
			"meltingDuration": 20,
			"smeltedRatio": 1,
			"smeltingType": "bake",
			"smeltedStack": {
				"type": "item",
				"code": "artofcooking:lavash-{type}-charred"
			},
			"requiresContainer": false
		},
		"*-partbaked": {
			"meltingPoint": 200,
			"meltingDuration": 15,
			"smeltedRatio": 1,
			"smeltingType": "bake",
			"smeltedStack": {
				"type": "item",
				"code": "artofcooking:lavash-{type}-charred"
			},
			"requiresContainer": false
		},
		"*-perfect": {
			"meltingPoint": 200,
			"meltingDuration": 15,
			"smeltedRatio": 1,
			"smeltingType": "bake",
			"smeltedStack": {
				"type": "item",
				"code": "artofcooking:lavash-{type}-charred"
			},
			"requiresContainer": false
		}
	},
	"nutritionPropsByType": {
		"*-flax-partbaked": {
			"saturation": 140,
			"foodcategory": "Grain"
		},
		"*-flax-perfect": {
			"saturation": 320,
			"foodcategory": "Grain"
		},
		"*-flax-charred": {
			"saturation": 200,
			"foodcategory": "Grain"
		},

		"*-rice-partbaked": {
			"saturation": 320,
			"foodcategory": "Grain"
		},
		"*-rice-perfect": {
			"saturation": 660,
			"foodcategory": "Grain"
		},
		"*-rice-charred": {
			"saturation": 440,
			"foodcategory": "Grain"
		},

		"*-acorn-partbaked": {
			"saturation": 340,
			"foodcategory": "Grain"
		},
		"*-acorn-perfect": {
			"saturation": 700,
			"foodcategory": "Grain"
		},
		"*-acorn-charred": {
			"saturation": 460,
			"foodcategory": "Grain"
		},

		"*-partbaked": {
			"saturation": 300,
			"foodcategory": "Grain"
		},
		"*-perfect": {
			"saturation": 600,
			"foodcategory": "Grain"
		},
		"*-charred": {
			"saturation": 420,
			"foodcategory": "Grain"
		}
	},
	"transitionablePropsByType": {
		"*-raw": [
			{
				"type": "Perish",
				"freshHours": { "avg": 48 },
				"transitionHours": { "avg": 24 },
				"transitionedStack": {
					"type": "item",
					"code": "game:rot"
				},
				"transitionRatio": 1
			}
		],
		"*-partbaked": [
			{
				"type": "Perish",
				"freshHours": { "avg": 180 },
				"transitionHours": { "avg": 24 },
				"transitionedStack": {
					"type": "item",
					"code": "game:rot"
				},
				"transitionRatio": 1
			}
		],
		"*-perfect": [
			{
				"type": "Perish",
				"freshHours": { "avg": 288 },
				"transitionHours": { "avg": 36 },
				"transitionedStack": {
					"type": "item",
					"code": "game:rot"
				},
				"transitionRatio": 1
			}
		],
		"*-charred": [
			{
				"type": "Perish",
				"freshHours": { "avg": 630 },
				"transitionHours": { "avg": 60 },
				"transitionedStack": {
					"type": "item",
					"code": "game:rot"
				},
				"transitionRatio": 1
			}
		]
	},
	"materialDensity": 200,
	"heldTpIdleAnimation": "holdbothhandslarge",
	"heldRightReadyAnimation": "holdbothhandslarge",
	"guiTransform": {
		"translation": {
			"x": 2.5,
			"y": 1,
			"z": 0
		},
		"rotation": {
			"x": 137,
			"y": 131,
			"z": 0
		},
		"origin": {
			"x": 0.5,
			"y": 0.05,
			"z": 0.5
		},
		"scale": 1.69
	},
	"groundTransform": {
		"translation": {
			"x": 0,
			"y": 0,
			"z": 0
		},
		"rotation": {
			"x": 0,
			"y": 0,
			"z": 0
		},
		"origin": {
			"x": 0.5,
			"y": 0,
			"z": 0.5
		},
		"scale": 4.5
	},
	"tpHandTransform": {
		"translation": {
			"x": -0.06,
			"y": 0.4,
			"z": 1.1
		},
		"rotation": {
			"x": 10,
			"y": 6,
			"z": -89
		},
		"origin": {
			"x": 0.03,
			"y": 0,
			"z": -0.1
		},
		"scale": 0.7
	},
	"fpHandTransform": {
		"translation": {
			"x": 0,
			"y": 0,
			"z": 0
		},
		"rotation": {
			"x": 51,
			"y": 90,
			"z": -30
		},
		"scale": 1.9
	}
}