{
	"editor": {
		"allAngles": true,
		"entityTextureMode": false
	},
	"textureWidth": 16,
	"textureHeight": 16,
	"textureSizes": {
	},
	"textures": {
		"cabbage": "game:block/plant/crop/cabbage/cabbage",
		"bottom12": "game:block/plant/crop/cabbage/bottom12",
		"top": "game:block/plant/crop/cabbage/top"
	},
	"elements": [
		{
			"name": "cabbage",
			"from": [ 4.5, 0.0, 4.5 ], 
			"to": [ 11.5, 5.0, 11.5 ], 
			"rotationOrigin": [ 8.0, 0.0, 8.0 ],
			"faces": {
				"north": { "texture": "#cabbage", "uv": [ 6.0, 3.0, 13.0, 8.0 ] },
				"east": { "texture": "#cabbage", "uv": [ 0.0, 3.0, 7.0, 8.0 ] },
				"south": { "texture": "#cabbage", "uv": [ 6.5, 11.0, 13.5, 16.0 ] },
				"west": { "texture": "#cabbage", "uv": [ 0.0, 11.0, 7.0, 16.0 ] },
				"up": { "texture": "#cabbage", "uv": [ 6.0, 2.0, 13.0, 9.0 ] },
				"down": { "texture": "#cabbage", "uv": [ 6.0, 2.0, 13.0, 9.0 ] }
			},
			"children": [
				{
					"name": "top",
					"from": [ 0.5, 5.0, 0.5 ], 
					"to": [ 6.5, 5.5, 6.5 ], 
					"faces": {
						"north": { "texture": "#cabbage", "uv": [ 0.0, 0.0, 6.0, 0.5 ] },
						"east": { "texture": "#cabbage", "uv": [ 0.0, 0.0, 6.0, 0.5 ] },
						"south": { "texture": "#cabbage", "uv": [ 0.0, 0.0, 6.0, 0.5 ] },
						"west": { "texture": "#cabbage", "uv": [ 0.0, 0.0, 6.0, 0.5 ] },
						"up": { "texture": "#top", "uv": [ 7.0, 6.0, 13.0, 12.0 ] },
						"down": { "texture": "#cabbage", "uv": [ 0.0, 0.0, 6.0, 6.0 ], "enabled": false }
					}
				},
				{
					"name": "medium 1",
					"from": [ 0.0, 2.0, 6.3 ], 
					"to": [ 14.0, 9.0, 6.3 ], 
					"rotationOrigin": [ 7.0, 2.0, 6.3 ],
					"rotationX": 32.0,
					"rotationY": 45.0,
					"rotationZ": -22.5,
					"faces": {
						"north": { "texture": "#bottom12", "uv": [ 1.0, 9.0, 15.0, 16.0 ], "enabled": false },
						"east": { "texture": "#null", "uv": [ 0.0, 0.0, 0.5, 7.0 ], "enabled": false },
						"south": { "texture": "#bottom12", "uv": [ 2.0, 9.0, 16.0, 16.0 ] },
						"west": { "texture": "#null", "uv": [ 0.0, 0.0, 0.5, 7.0 ], "enabled": false },
						"up": { "texture": "#null", "uv": [ 0.0, 0.0, 14.0, 0.5 ], "enabled": false },
						"down": { "texture": "#cabbage", "uv": [ 0.0, 0.0, 14.0, 0.5 ], "enabled": false }
					}
				},
				{
					"name": "medium 2",
					"from": [ -6.4, 2.0, 1.0 ], 
					"to": [ 7.6, 9.0, 1.0 ], 
					"rotationOrigin": [ 0.6, 2.0, 1.0 ],
					"rotationX": -32.0,
					"rotationY": 45.0,
					"rotationZ": 22.5,
					"faces": {
						"north": { "texture": "#bottom12", "uv": [ 1.0, 9.0, 15.0, 16.0 ], "enabled": false },
						"east": { "texture": "#null", "uv": [ 0.0, 0.0, 0.5, 7.0 ], "enabled": false },
						"south": { "texture": "#bottom12", "uv": [ 1.0, 9.0, 15.0, 16.0 ] },
						"west": { "texture": "#null", "uv": [ 0.0, 0.0, 0.5, 7.0 ], "enabled": false },
						"up": { "texture": "#null", "uv": [ 0.0, 0.0, 14.0, 0.5 ], "enabled": false },
						"down": { "texture": "#cabbage", "uv": [ 0.0, 0.0, 14.0, 0.5 ], "enabled": false }
					}
				},
				{
					"name": "medium 3",
					"from": [ 0.0, 2.0, 0.7 ], 
					"to": [ 14.0, 9.0, 0.7 ], 
					"rotationOrigin": [ 7.0, 2.0, 0.7 ],
					"rotationX": -32.0,
					"rotationY": -40.0,
					"rotationZ": -22.5,
					"faces": {
						"north": { "texture": "#bottom12", "uv": [ 1.0, 9.0, 15.0, 16.0 ], "enabled": false },
						"east": { "texture": "#null", "uv": [ 0.0, 0.0, 0.5, 7.0 ], "enabled": false },
						"south": { "texture": "#bottom12", "uv": [ 1.5, 9.0, 15.5, 16.0 ] },
						"west": { "texture": "#null", "uv": [ 0.0, 0.0, 0.5, 7.0 ], "enabled": false },
						"up": { "texture": "#null", "uv": [ 0.0, 0.0, 14.0, 0.5 ], "enabled": false },
						"down": { "texture": "#cabbage", "uv": [ 0.0, 0.0, 14.0, 0.5 ], "enabled": false }
					}
				},
				{
					"name": "medium 4",
					"from": [ -6.2, 2.0, 7.0 ], 
					"to": [ 7.8, 9.0, 7.0 ], 
					"rotationOrigin": [ 0.8, 2.0, 7.0 ],
					"rotationX": 32.0,
					"rotationY": -40.0,
					"rotationZ": 23.5,
					"faces": {
						"north": { "texture": "#bottom12", "uv": [ 1.0, 9.0, 15.0, 16.0 ], "enabled": false },
						"east": { "texture": "#null", "uv": [ 0.0, 0.0, 0.5, 7.0 ], "enabled": false },
						"south": { "texture": "#bottom12", "uv": [ 1.5, 9.0, 15.5, 16.0 ] },
						"west": { "texture": "#null", "uv": [ 0.0, 0.0, 0.5, 7.0 ], "enabled": false },
						"up": { "texture": "#null", "uv": [ 0.0, 0.0, 14.0, 0.5 ], "enabled": false },
						"down": { "texture": "#cabbage", "uv": [ 0.0, 0.0, 14.0, 0.5 ], "enabled": false }
					}
				},
				{
					"name": "small W",
					"from": [ 0.0, 5.0, 0.5 ], 
					"to": [ 0.0, 7.0, 6.5 ], 
					"rotationOrigin": [ 0.0, 5.0, 3.0 ],
					"rotationZ": -30.0,
					"faces": {
						"north": { "texture": "#null", "uv": [ 0.0, 0.0, 0.5, 2.0 ], "enabled": false },
						"east": { "texture": "#null", "uv": [ 0.0, 0.0, 6.0, 2.0 ], "enabled": false },
						"south": { "texture": "#null", "uv": [ 0.0, 0.0, 0.5, 2.0 ], "enabled": false },
						"west": { "texture": "#bottom12", "uv": [ 5.5, 12.0, 11.5, 14.0 ] },
						"up": { "texture": "#null", "uv": [ 0.0, 0.0, 0.5, 6.0 ], "enabled": false },
						"down": { "texture": "#null", "uv": [ 0.0, 0.0, 0.5, 6.0 ], "enabled": false }
					}
				},
				{
					"name": "small E",
					"from": [ 7.0, 5.0, 0.5 ], 
					"to": [ 7.0, 7.0, 6.5 ], 
					"rotationOrigin": [ 7.0, 5.0, 3.0 ],
					"rotationZ": 30.0,
					"faces": {
						"north": { "texture": "#null", "uv": [ 0.0, 0.0, 0.5, 2.0 ], "enabled": false },
						"east": { "texture": "#bottom12", "uv": [ 5.5, 12.0, 11.5, 14.0 ] },
						"south": { "texture": "#null", "uv": [ 0.0, 0.0, 0.5, 2.0 ], "enabled": false },
						"west": { "texture": "#bottom12", "uv": [ 6.0, 12.0, 12.0, 14.0 ], "enabled": false },
						"up": { "texture": "#cabbage", "uv": [ 0.0, 0.0, 0.5, 6.0 ], "enabled": false },
						"down": { "texture": "#null", "uv": [ 0.0, 0.0, 0.5, 6.0 ], "enabled": false }
					}
				},
				{
					"name": "small N",
					"from": [ 0.5, 5.0, 0.0 ], 
					"to": [ 6.5, 7.0, 0.0 ], 
					"rotationOrigin": [ 2.5, 5.0, 0.0 ],
					"rotationX": 30.0,
					"faces": {
						"north": { "texture": "#bottom12", "uv": [ 5.5, 12.0, 11.5, 14.0 ] },
						"east": { "texture": "#null", "uv": [ 0.0, 0.0, 0.5, 2.0 ], "enabled": false },
						"south": { "texture": "#null", "uv": [ 0.0, 0.0, 6.0, 2.0 ], "enabled": false },
						"west": { "texture": "#null", "uv": [ 0.0, 0.0, 0.5, 2.0 ], "enabled": false },
						"up": { "texture": "#null", "uv": [ 0.0, 0.0, 6.0, 0.5 ], "enabled": false },
						"down": { "texture": "#null", "uv": [ 0.0, 0.0, 6.0, 0.5 ], "enabled": false }
					}
				},
				{
					"name": "small S",
					"from": [ 0.5, 5.0, 7.0 ], 
					"to": [ 6.5, 7.0, 7.0 ], 
					"rotationOrigin": [ 2.5, 5.0, 7.0 ],
					"rotationX": -30.0,
					"faces": {
						"north": { "texture": "#bottom12", "uv": [ 6.0, 11.0, 12.0, 13.0 ], "enabled": false },
						"east": { "texture": "#null", "uv": [ 0.0, 0.0, 0.5, 2.0 ], "enabled": false },
						"south": { "texture": "#bottom12", "uv": [ 5.5, 12.0, 11.5, 14.0 ] },
						"west": { "texture": "#null", "uv": [ 0.0, 0.0, 0.5, 2.0 ], "enabled": false },
						"up": { "texture": "#null", "uv": [ 0.0, 0.0, 6.0, 0.5 ], "enabled": false },
						"down": { "texture": "#null", "uv": [ 0.0, 0.0, 6.0, 0.5 ], "enabled": false }
					}
				}
			]
		}
	]}