[
  {
    "op": "add",
    "path": "/client/behaviors/-",
    "value": {
	"code": "shearable",
	"enabledByType": {
		"elephantidae-adult-*-mammuthuscolumbi": true,
		"elephantidae-adult-*-mammuthusprimigenius": true,
		"*": false
	},
	"hoursPerUnitByType" : {
		"*": 42
	},
	"hoursPerUnitGenerationalReduction" : 0.5,
	"hoursPerUnitMaxReduction" : 8.0,
	"maxGenBonusByType" : {
		"*": 4
	},
	"generationalMaxGrowthBonus" : 2,
	"generationalScratchChanceReduction" : 0.05,
	"minQuantityByType": {
		"*": 8
	},
	"maxQuantityByType": {
		"*": 16
	},
	"minGen": 2,
	"shearsBonusByType": {
		"*": 2
	},
	"scratchChance": 0.45,
	"dropByType": {
		"*-mammuthuscolumbi": "wool:fleece-generic-red",
		"*": "wool:fleece-generic-brown"
	},
	"shearSound": "game:sounds/player/scrape.ogg"
    },
    "file": "entities/land/elephantidae.json",
    "side": "Server",
    "dependsOn": [{ "modid": "wool" }]
  },

  {
    "op": "add",
    "path": "/server/behaviors/-",
    "value": {
	"code": "shearable",
	"enabledByType": {
		"elephantidae-adult-*-mammuthuscolumbi": true,
		"elephantidae-adult-*-mammuthusprimigenius": true,
		"*": false
	},
	"hoursPerUnitByType" : {
		"*": 42
	},
	"hoursPerUnitGenerationalReduction" : 0.5,
	"hoursPerUnitMaxReduction" : 8.0,
	"maxGenBonusByType" : {
		"*": 4
	},
	"generationalMaxGrowthBonus" : 2,
	"generationalScratchChanceReduction" : 0.05,
	"minQuantityByType": {
		"*": 8
	},
	"maxQuantityByType": {
		"*": 16
	},
	"minGen": 2,
	"shearsBonusByType": {
		"*": 2
	},
	"scratchChance": 0.45,
	"dropByType": {
		"*-mammuthuscolumbi": "wool:fleece-generic-red",
		"*": "wool:fleece-generic-brown"
	},
	"shearSound": "game:sounds/player/scrape.ogg"
    },
    "file": "entities/land/elephantidae.json",
    "side": "Server",
    "dependsOn": [{ "modid": "wool" }]
  }
]

