[
	{
		"ingredientPattern": "С",
		"ingredients": {
			"С": {
				"type": "block",
				"code": "copperpot-*"
			}
		},
		"width": 1,
		"height": 1,
		"output": {
			"type": "item",
			"code": "game:ingot-copper",
			"quantity": 4
		}
	},
	{
		"ingredientPattern": "С",
		"ingredients": {
			"С": {
				"type": "block",
				"code": "dirtycopperpot-*"
			}
		},
		"width": 1,
		"height": 1,
		"output": {
			"type": "item",
			"code": "game:ingot-copper",
			"quantity": 4
		}
	},
	{
		"ingredientPattern": "С",
		"ingredients": {
			"С": {
				"type": "block",
				"code": "copperbowl-*"
			}
		},
		"width": 1,
		"height": 1,
		"output": {
			"type": "item",
			"code": "game:ingot-copper",
			"quantity": 1
		}
	}
]