{
  "ingredientPattern": "WAF",
  "ingredients": {
    "W": {
      "type": "block",
      "code": "artofcooking:metalbowl-*-empty"
    },
    "A": {
      "type": "item",
      "code": "wildcraftfruit:flour-acorn"
    },
    "F": {
      "type": "item",
      "code": "game:flour-*",
      "allowedVariants": [ "rice", "rye", "spelt", "amaranth" ],
      "name": "type"
    }
  },
  "width": 3,
  "height": 1,
  "attributes": {
    "liquidContainerProps": {
      "requiresContent": {
        "type": "item",
        "code": "game:waterportion"
      },
      "requiresLitres": 2
    }
  },
  "name": "dough-acorn",
  "shapeless": true,
  "enabled": false,
  "output": {
    "type": "item",
    "code": "wildcraftfruit:dough-acorn",
    "quantity": 2
  }
}