{
	"code": "humanoid-trader-clockmaker",
	"class": "EntityTrader",
	"canClimb": true,
	"hitboxSize": { "x": 0.6, "y": 1.75 },
	"deadHitboxSize": { "x": 0.75, "y": 0.5 },
	"client": {
		"renderer": "Shape",
		"shape": { "base": "entity/humanoid/trader" },
		"texture": { "base": "entity/humanoid/trader", "alternates": [
			{ "base": "entity/humanoid/traderclothes/set1" },
			{ "base": "entity/humanoid/traderclothes/set2" },
			{ "base": "entity/humanoid/traderclothes/set3" },
			{ "base": "entity/humanoid/traderclothes/set4" },
			{ "base": "entity/humanoid/traderclothes/set5" }
		] },
		"behaviors": [
			{ "code": "nametag", "showtagonlywhentargeted": true },
			{ "code": "repulseagents" },
			{ "code": "controlledphysics", "stepHeight": 1.01 },
			{ "code": "interpolateposition" },
			{ "code": "conversable", "dialogue": "config/dialogue/trader" }
		],
		"animations": [
			{
				"code": "die",
				"animation": "die",
				"animationSpeed": 1.75,
				"weight": 10,
				"blendMode": "AddAverage"
			},
			{
				"code": "hurt",
				"animation": "hurt",
				"animationSpeed": 2,
				"blendMode": "AddAverage"
			},
			{ "code": "rowdywelcome", "animation": "rowdywelcome", "blendMode": "AddAverage" },
			{ "code": "lazywelcome", "animation": "lazywelcome", "blendMode": "AddAverage" },
			{ "code": "lazynod", "animation": "lazynod", "blendMode": "AddAverage" }
		]
	},
	"attributes": {
		"tradeProps": {
			"money": { "avg": 100, "var": 20 },
//Торговець продає гравцю
			"selling": {
				"maxItems": 8,
				"list": [
					{
						"code": "nightvisiondevice",
						"type": "item",
						"stacksize": 1,
						"stock": {
							"avg": 1,
							"var": 0.5
						},
						"price": {
							"avg": 300,
							"var": 20.5
						}
					},
					{
						"code": "riftward",
						"type": "block",
						"stacksize": 1,
						"stock": {
							"avg": 1,
							"var": 0.5
						},
						"price": {
							"avg": 85,
							"var": 20.5
						}
					},
					{
						"code": "basereturnteleporter",
						"type": "block",
						"stacksize": 1,
						"stock": {
							"avg": 1,
							"var": 0.5
						},
						"price": {
							"avg": 180,
							"var": 40
						}
					},
					{
						"code": "corpsereturnteleporter-north",
						"type": "block",
						"stacksize": 1,
						"stock": {
							"avg": 1,
							"var": 0.5
						},
						"price": {
							"avg": 400,
							"var": 40
						}
					},
					{
						"code": "gear-temporal",
						"type": "item",
						"stacksize": 1,
						"stock": {
							"avg": 4,
							"var": 0.5
						},
						"price": {
							"avg": 5,
							"var": 0.5
						}
					},
					{
						"code": "ingot-lead",
						"type": "item",
						"stacksize": 1,
						"stock": {
							"avg": 4,
							"var": 0.5
						},
						"price": {
							"avg": 6,
							"var": 0.5
						}
					},
                    {
						"code": "spear-generic-hacking",
						"type": "item",
						"stacksize": 1,
						"stock": {
							"avg": 4,
							"var": 0.5
						},
						"price": {
							"avg": 25,
							"var": 2.5
						}
					},
					{
                        "code": "resonator-north",
                        "type": "block",
                        "stacksize": 1,
                        "stock": {
                            "avg": 1,
                            "var": 0.25
                        },
                        "price": {
                            "avg": 30,
                             "var": 7.5
                        }
                    },

				]
			},
			//Торговець купляє у гравця
			"buying": {
				"maxItems": 8,
				"list": [
					{
						"code": "jonasframes-gearbox01",
						"type": "item",
						"stacksize": 1,
						"stock": {
							"avg": 1.5,
							"var": 0.25
						},
						"price": {
							"avg": 10,
							"var": 1.5
						}
					},
					{
						"code": "jonasframes-gearbox02",
						"type": "item",
						"stacksize": 1,
						"stock": {
							"avg": 1.5,
							"var": 0.25
						},
						"price": {
							"avg": 13,
							"var": 1.5
						}
					},
					{
						"code": "jonasframes-oscillator01",
						"type": "item",
						"stacksize": 1,
						"stock": {
							"avg": 1.5,
							"var": 0.25
						},
						"price": {
							"avg": 3,
							"var": 1.5
						}
					},
					{
						"code": "jonasframes-spring01",
						"type": "item",
						"stacksize": 1,
						"stock": {
							"avg": 1.5,
							"var": 0.25
						},
						"price": {
							"avg": 12,
							"var": 1.5
						}
					},
					{
						"code": "jonasframes-joint01",
						"type": "item",
						"stacksize": 1,
						"stock": {
							"avg": 1.5,
							"var": 0.25
						},
						"price": {
							"avg": 1,
							"var": 0.25
						}
					},
					{
						"code": "jonasframes-gears01",
						"type": "item",
						"stacksize": 1,
						"stock": {
							"avg": 1.5,
							"var": 0.25
						},
						"price": {
							"avg": 2,
							"var": 0.25
						}
					},
					{
						"code": "jonasframes-gears02",
						"type": "item",
						"stacksize": 1,
						"stock": {
							"avg": 1.5,
							"var": 0.25
						},
						"price": {
							"avg": 4,
							"var": 1.5
						}
					},
					{
						"code": "jonasparts-connector01",
						"type": "item",
						"stacksize": 1,
						"stock": {
							"avg": 1.5,
							"var": 0.25
						},
						"price": {
							"avg": 3,
							"var": 1.5
						}
					},
					{
						"code": "jonasparts-cylinder01",
						"type": "item",
						"stacksize": 1,
						"stock": {
							"avg": 1.5,
							"var": 0.25
						},
						"price": {
							"avg": 10,
							"var": 1.5
						}
					},
					{
						"code": "jonasparts-cylinder02",
						"type": "item",
						"stacksize": 1,
						"stock": {
							"avg": 1.5,
							"var": 0.25
						},
						"price": {
							"avg": 4,
							"var": 1.5
						}
					},
					{
						"code": "jonasparts-tank01",
						"type": "item",
						"stacksize": 1,
						"stock": {
							"avg": 1.5,
							"var": 0.25
						},
						"price": {
							"avg": 11,
							"var": 1.5
						}
					},
					{
						"code": "jonasparts-tank02",
						"type": "item",
						"stacksize": 1,
						"stock": {
							"avg": 1.5,
							"var": 0.25
						},
						"price": {
							"avg": 4,
							"var": 1.5
						}
					},
					{
						"code": "jonasparts-valve01",
						"type": "item",
						"stacksize": 1,
						"stock": {
							"avg": 1.5,
							"var": 0.25
						},
						"price": {
							"avg": 2,
							"var": 1.25
						}
					},
					{
						"code": "returndeath-returndeath1",
						"type": "item",
						"stacksize": 1,
						"stock": {
							"avg": 1.5,
							"var": 0.25
						},
						"price": {
							"avg": 8,
							"var": 1.25
						}
					},
					{
						"code": "returndeath-returndeath2",
						"type": "item",
						"stacksize": 1,
						"stock": {
							"avg": 1.5,
							"var": 0.25
						},
						"price": {
							"avg": 17,
							"var": 1.25
						}
					},
					{
						"code": "returnbase-returnbasebottom",
						"type": "item",
						"stacksize": 1,
						"stock": {
							"avg": 1.5,
							"var": 0.25
						},
						"price": {
							"avg": 12,
							"var": 1.25
						}
					},
					{
						"code": "returnbase-returnbasetop",
						"type": "item",
						"stacksize": 1,
						"stock": {
							"avg": 1.5,
							"var": 0.25
						},
						"price": {
							"avg": 20,
							"var": 1.25
						}
					},
					{
						"code": "returnbase-returnbaseend",
						"type": "item",
						"stacksize": 1,
						"stock": {
							"avg": 1.5,
							"var": 0.25
						},
						"price": {
							"avg": 20,
							"var": 1.25
						}
					},
					{
						"code": "nightvisionupgrades-nightvisionpower",
						"type": "item",
						"stacksize": 1,
						"stock": {
							"avg": 1.5,
							"var": 0.25
						},
						"price": {
							"avg": 23,
							"var": 1.25
						}
					},
					{
						"code": "nightvisionupgrades-nightvisionlens1",
						"type": "item",
						"stacksize": 1,
						"stock": {
							"avg": 1.5,
							"var": 0.25
						},
						"price": {
							"avg": 6,
							"var": 1.25
						}
					},
					{
						"code": "nightvisionupgrades-nightvisionlens2",
						"type": "item",
						"stacksize": 1,
						"stock": {
							"avg": 1.5,
							"var": 0.25
						},
						"price": {
							"avg": 9,
							"var": 1.25
						}
					}
				]
			}
		}
	},
	"server": {
		"attributes": {
			"pathfinder": {
				"minTurnAnglePerSec": 720,
				"maxTurnAnglePerSec": 1440
			}

		},
		"behaviors": [
			{ "code": "nametag", "showtagonlywhentargeted": true,
				"selectFromRandomName": ["Sheldon", "Howard", "Leonard", "Rajesh", "Viktor", "Jayce"] },
			{ "code": "repulseagents" },
			{ "code": "controlledphysics", "stepHeight": 1.01 },
			{ "code": "reviveondeath", "minHours": 24, "maxHours": 72 },
			{ "code": "health", "currenthealth": 25, "maxhealth": 25 },
			{
				"code": "emotionstates",
				"states": [
					{ "code": "aggressiveondamage", "duration": 6, "chance": 0.6, "slot": 0, "priority": 2, "accumType": "noaccum" },
					{ "code": "fleeondamage", "duration": 10, "chance": 0.4, "slot": 0, "priority": 1, "accumType": "max" }
				]
			},
			{
				"code": "taskai",
				"aitasks": [
					{
						"code": "meleeattack",
						"entityCodes": ["player"],
						"priority": 2,
						"damage": 5,
						"mincooldown": 2500,
						"maxcooldown": 3500,
						"attackDurationMs": 900,
						"damagePlayerAtMs": 300,
						"animation": "Attack",
						"animationSpeed": 2,
						"whenInEmotionState": "aggressiveondamage"
					},
					{
						"code": "seekentity",
						"entityCodes": ["player"],
						"priority": 1.5,
						"mincooldown": 1000,
						"maxcooldown": 1500,
						"seekingRange": 20,
						"movespeed": 0.035,
						"animation": "Run",
						"animationSpeed": 1.75,
						"whenInEmotionState": "aggressiveondamage"
					},
					{
						"code": "fleeentity",
						"entityCodes": ["player"],
						"priority": 1.5,
						"movespeed": 0.035,
						"seekingRange": 12,
						"animation": "Run",
						"animationSpeed": 1.75,
						"whenInEmotionState": "fleeondamage"
					},
					{
						"code": "idle",
						"priority": 1.2,
						"minduration": 2500,
						"maxduration": 2500,
						"mincooldown": 2000,
						"maxcooldown": 10000,
						"animation": "laugh"
					},
					{
						"code": "idle",
						"priority": 1.2,
						"minduration": 2500,
						"maxduration": 2500,
						"mincooldown": 5000,
						"maxcooldown": 30000,
						"animation": "idle2"
					},
					{
						"code": "wander",
						"priority": 1.0,
						"movespeed": 0.01,
						"animation": "Walk",
						"wanderChance": 0.005,
						"maxDistanceToSpawn": 4,
						"wanderRangeMin": 1,
						"wanderRangeMax": 3,
						"teleportWhenOutOfRange": true,
						"teleportInGameHours": 1
					},
					{
						"code": "lookaround",
						"priority": 0.5
					}
				]
			},
			{ "code": "conversable", "dialogue": "config/dialogue/trader" }
		]
	},
	"sounds": {
	}
}