{
	"code": "humanoid-trader-antique",
	"class": "EntityTrader",
	"canClimb": true,
	"hitboxSize": { "x": 0.6, "y": 1.75 },
	"deadHitboxSize": { "x": 0.75, "y": 0.5 },
	"client": {
		"renderer": "Shape",
		"shape": { "base": "entity/humanoid/trader" },
		"texture": { "base": "entity/humanoid/trader", "alternates": [
			{ "base": "entity/humanoid/traderclothes/set1" },
			{ "base": "entity/humanoid/traderclothes/set2" },
			{ "base": "entity/humanoid/traderclothes/set3" },
			{ "base": "entity/humanoid/traderclothes/set4" },
			{ "base": "entity/humanoid/traderclothes/set5" }
		] },
		"behaviors": [
			{ "code": "nametag", "showtagonlywhentargeted": true },
			{ "code": "repulseagents" },
			{ "code": "controlledphysics", "stepHeight": 1.01 },
			{ "code": "interpolateposition" },
			{ "code": "conversable", "dialogue": "config/dialogue/trader" }
		],
		"animations": [
			{
				"code": "die",
				"animation": "die",
				"animationSpeed": 1.75,
				"weight": 10,
				"blendMode": "AddAverage"
			},
			{
				"code": "hurt",
				"animation": "hurt",
				"animationSpeed": 2,
				"blendMode": "AddAverage"
			},
			{ "code": "rowdywelcome", "animation": "rowdywelcome", "blendMode": "AddAverage" },
			{ "code": "lazywelcome", "animation": "lazywelcome", "blendMode": "AddAverage" },
			{ "code": "lazynod", "animation": "lazynod", "blendMode": "AddAverage" }
		]
	},
	"attributes": {
		"tradeProps": {
			"money": { "avg": 100, "var": 20 },
//Торговець продає гравцю
			"selling": {
				"maxItems": 16,
				"list": [
					{
						"code": "game:clutter",
						"attributes": { "type": "globe1",  "collected": true },
						"type": "block",
						"stacksize": 1,
						"stock": {
							"avg": 1,
							"var": 0
						},
						"price": {
							"avg": 12.5,
							"var": 2.5
						}
					},
					{
						"code": "game:clutter",
						"attributes": { "type": "globe2",  "collected": true },
						"type": "block",
						"stacksize": 1,
						"stock": {
							"avg": 1,
							"var": 0
						},
						"price": {
							"avg": 12.5,
							"var": 2.5
						}
					},
					{
						"code": "game:chest-east",
						"attributes": { "type": "golden" },
						"type": "block",
						"stacksize": 1,
						"stock": {
							"avg": 1,
							"var": 0						
						},
						"price": {
							"avg": 25,
							"var": 5
						}
					},
					{
						"code": "game:chest-east",
						"attributes": { "type": "owl" },
						"type": "block",
						"stacksize": 1,
						"stock": {
							"avg": 1,
							"var": 0
						},
						"price": {
							"avg": 20,
							"var": 5
						}
					},
					{
						"code": "game:clutter",
						"attributes": { "type": "armillary-pristine",  "collected": true },
						"type": "block",
						"stacksize": 1,
						"stock": {
							"avg": 1,
							"var": 0
						},
						"price": {
							"avg": 20,
							"var": 0
						}
					},
					{
						"code": "game:clutter",
						"attributes": { "type": "musicbox-pristine",  "collected": true },
						"type": "block",
						"stacksize": 1,
						"stock": {
							"avg": 1,
							"var": 0
						},
						"price": {
							"avg": 20,
							"var": 0
						}
					},
					{
						"code": "game:clutter",
						"attributes": { "type": "musicbox-pristine2",  "collected": true },
						"type": "block",
						"stacksize": 1,
						"stock": {
							"avg": 1,
							"var": 0
						},
						"price": {
							"avg": 20,
							"var": 0
						}
					},
					{
						"code": "game:clutter",
						"attributes": { "type": "pottery/art1",  "collected": true },
						"type": "block",
						"stacksize": 1,
						"stock": {
							"avg": 1,
							"var": 0
						},
						"price": {
							"avg": 10,
							"var": 2.25
						}
					},
					{
						"code": "game:clutter",
						"attributes": { "type": "pottery/art2",  "collected": true },
						"type": "block",
						"stacksize": 1,
						"stock": {
							"avg": 1,
							"var": 0
						},
						"price": {
							"avg": 10,
							"var": 2.25
						}
					},
					{
						"code": "game:clutter",
						"attributes": { "type": "pottery/art3",  "collected": true },
						"type": "block",
						"stacksize": 1,
						"stock": {
							"avg": 1,
							"var": 0
						},
						"price": {
							"avg": 10,
							"var": 2.25
						}
					},
					{
						"code": "game:clutter",
						"attributes": { "type": "pottery/art4",  "collected": true },
						"type": "block",
						"stacksize": 1,
						"stock": {
							"avg": 1,
							"var": 0
						},
						"price": {
							"avg": 10,
							"var": 2.25
						}
					},
					{
						"code": "game:clutter",
						"attributes": { "type": "pottery/art5",  "collected": true },
						"type": "block",
						"stacksize": 1,
						"stock": {
							"avg": 1,
							"var": 0
						},
						"price": {
							"avg": 10,
							"var": 2.25
						}
					},
					{
						"code": "game:clutter",
						"attributes": { "type": "pottery/art6",  "collected": true },
						"type": "block",
						"stacksize": 1,
						"stock": {
							"avg": 1,
							"var": 0
						},
						"price": {
							"avg": 10,
							"var": 2.25
						}
					},
					{
						"code": "game:clutter",
						"attributes": { "type": "pottery/art7",  "collected": true },
						"type": "block",
						"stacksize": 1,
						"stock": {
							"avg": 1,
							"var": 0
						},
						"price": {
							"avg": 10,
							"var": 2.25
						}
					},
					{
						"code": "game:clutter",
						"attributes": { "type": "pottery/art8",  "collected": true },
						"type": "block",
						"stacksize": 1,
						"stock": {
							"avg": 1,
							"var": 0
						},
						"price": {
							"avg": 10,
							"var": 2.25
						}
					},
					{
						"code": "game:clutter",
						"attributes": { "type": "pottery/art9",  "collected": true },
						"type": "block",
						"stacksize": 1,
						"stock": {
							"avg": 1,
							"var": 0
						},
						"price": {
							"avg": 10,
							"var": 2.25
						}
					},
					{
						"code": "game:clutter",
						"attributes": { "type": "pottery/art10",  "collected": true },
						"type": "block",
						"stacksize": 1,
						"stock": {
							"avg": 1,
							"var": 0
						},
						"price": {
							"avg": 10,
							"var": 2.25
						}
					},
					{
						"code": "game:clutter",
						"attributes": { "type": "pottery/art11",  "collected": true },
						"type": "block",
						"stacksize": 1,
						"stock": {
							"avg": 1,
							"var": 0
						},
						"price": {
							"avg": 10,
							"var": 2.25
						}
					},
					{
						"code": "game:clutter",
						"attributes": { "type": "pottery/art12",  "collected": true },
						"type": "block",
						"stacksize": 1,
						"stock": {
							"avg": 1,
							"var": 0
						},
						"price": {
							"avg": 10,
							"var": 2.25
						}
					},
					{
						"code": "game:clutter",
						"attributes": { "type": "pottery/art13",  "collected": true },
						"type": "block",
						"stacksize": 1,
						"stock": {
							"avg": 1,
							"var": 0
						},
						"price": {
							"avg": 10,
							"var": 2.25
						}
					},
					{
						"code": "game:clutter",
						"attributes": { "type": "pottery/art14",  "collected": true },
						"type": "block",
						"stacksize": 1,
						"stock": {
							"avg": 1,
							"var": 0
						},
						"price": {
							"avg": 10,
							"var": 2.25
						}
					},
					{
						"code": "game:clutter",
						"attributes": { "type": "pottery/art15",  "collected": true },
						"type": "block",
						"stacksize": 1,
						"stock": {
							"avg": 1,
							"var": 0
						},
						"price": {
							"avg": 10,
							"var": 2.25
						}
					},
					{
						"code": "game:clutter",
						"attributes": { "type": "pottery/art16",  "collected": true },
						"type": "block",
						"stacksize": 1,
						"stock": {
							"avg": 1,
							"var": 0
						},
						"price": {
							"avg": 10,
							"var": 2.25
						}
					},
					{
						"code": "game:clutter",
						"attributes": { "type": "pottery/art17",  "collected": true },
						"type": "block",
						"stacksize": 1,
						"stock": {
							"avg": 1,
							"var": 0
						},
						"price": {
							"avg": 10,
							"var": 2.25
						}
					},
					{
						"code": "game:clutter",
						"attributes": { "type": "pottery/art18",  "collected": true },
						"type": "block",
						"stacksize": 1,
						"stock": {
							"avg": 1,
							"var": 0
						},
						"price": {
							"avg": 10,
							"var": 2.25
						}
					},
					{
						"code": "game:clutter",
						"attributes": { "type": "pottery/art19",  "collected": true },
						"type": "block",
						"stacksize": 1,
						"stock": {
							"avg": 1,
							"var": 0
						},
						"price": {
							"avg": 10,
							"var": 2.25
						}
					},
					{
						"code": "game:clutter",
						"attributes": { "type": "pottery/art20",  "collected": true },
						"type": "block",
						"stacksize": 1,
						"stock": {
							"avg": 1,
							"var": 0
						},
						"price": {
							"avg": 10,
							"var": 2.25
						}
					},
					{
						"code": "game:clutter",
						"attributes": { "type": "pottery/art21",  "collected": true },
						"type": "block",
						"stacksize": 1,
						"stock": {
							"avg": 1,
							"var": 0
						},
						"price": {
							"avg": 10,
							"var": 2.25
						}
					},
					{
						"code": "game:clutter",
						"attributes": { "type": "pottery/art22",  "collected": true },
						"type": "block",
						"stacksize": 1,
						"stock": {
							"avg": 1,
							"var": 0
						},
						"price": {
							"avg": 10,
							"var": 2.25
						}
					},
					{
						"code": "game:clutter",
						"attributes": { "type": "pottery/art23",  "collected": true },
						"type": "block",
						"stacksize": 1,
						"stock": {
							"avg": 1,
							"var": 0
						},
						"price": {
							"avg": 10,
							"var": 2.25
						}
					},
					{
						"code": "game:clutter",
						"attributes": { "type": "pottery/art24",  "collected": true },
						"type": "block",
						"stacksize": 1,
						"stock": {
							"avg": 1,
							"var": 0
						},
						"price": {
							"avg": 10,
							"var": 2.25
						}
					},
					{
						"code": "game:clutter",
						"attributes": { "type": "pottery/art25",  "collected": true },
						"type": "block",
						"stacksize": 1,
						"stock": {
							"avg": 1,
							"var": 0
						},
						"price": {
							"avg": 10,
							"var": 2.25
						}
					},
					{
						"code": "game:clutter",
						"attributes": { "type": "pottery/art26",  "collected": true },
						"type": "block",
						"stacksize": 1,
						"stock": {
							"avg": 1,
							"var": 0
						},
						"price": {
							"avg": 10,
							"var": 2.25
						}
					},
					{
						"code": "game:clutter",
						"attributes": { "type": "pottery/art27",  "collected": true },
						"type": "block",
						"stacksize": 1,
						"stock": {
							"avg": 1,
							"var": 0
						},
						"price": {
							"avg": 10,
							"var": 2.25
						}
					},
					{
						"code": "game:clutter",
						"attributes": { "type": "bookshelves/lecturn-book-closed",  "collected": true },
						"type": "block",
						"stacksize": 1,
						"stock": {
							"avg": 1,
							"var": 0
						},
						"price": {
							"avg": 15,
							"var": 2.25
						}
					},
					{
						"code": "game:clutter",
						"attributes": { "type": "bookshelves/lecturn-book-open",  "collected": true },
						"type": "block",
						"stacksize": 1,
						"stock": {
							"avg": 1,
							"var": 0
						},
						"price": {
							"avg": 15,
							"var": 2.25
						}
					},
					{
						"code": "game:clutter",
						"attributes": { "type": "bookshelves/lecturn-empty",  "collected": true },
						"type": "block",
						"stacksize": 1,
						"stock": {
							"avg": 1,
							"var": 0
						},
						"price": {
							"avg": 10,
							"var": 2.25
						}
					},
					{
						"code": "game:clutter",
						"attributes": { "type": "bookshelves/lectern-large-book-open",  "collected": true },
						"type": "block",
						"stacksize": 1,
						"stock": {
							"avg": 1,
							"var": 0
						},
						"price": {
							"avg": 10,
							"var": 2.25
						}
					},
					{
						"code": "game:clutter",
						"attributes": { "type": "bookshelves/bookstand-book-open",  "collected": true },
						"type": "block",
						"stacksize": 1,
						"stock": {
							"avg": 1,
							"var": 0
						},
						"price": {
							"avg": 15,
							"var": 2.25
						}
					},
					{
						"code": "game:clutter",
						"attributes": { "type": "bookshelves/bookstand-empty",  "collected": true },
						"type": "block",
						"stacksize": 1,
						"stock": {
							"avg": 1,
							"var": 0
						},
						"price": {
							"avg": 10,
							"var": 2.25
						}
					},				
					{
						"code": "game:clutter",
						"attributes": { "type": "bookshelves/bookstack1",  "collected": true },
						"type": "block",
						"stacksize": 1,
						"stock": {
							"avg": 1,
							"var": 0
						},
						"price": {
							"avg": 40,
							"var": 2.25
						}
					},
					{
						"code": "game:clutter",
						"attributes": { "type": "bookshelves/bookstack2",  "collected": true },
						"type": "block",
						"stacksize": 1,
						"stock": {
							"avg": 1,
							"var": 0
						},
						"price": {
							"avg": 30,
							"var": 2.25
						}
					},
					{
						"code": "game:clutter",
						"attributes": { "type": "bookshelves/bookstack3",  "collected": true },
						"type": "block",
						"stacksize": 1,
						"stock": {
							"avg": 1,
							"var": 0
						},
						"price": {
							"avg": 30,
							"var": 2.25
						}
					},
					{
						"code": "game:clutter",
						"attributes": { "type": "bookshelves/bookstack4",  "collected": true },
						"type": "block",
						"stacksize": 1,
						"stock": {
							"avg": 1,
							"var": 0
						},
						"price": {
							"avg": 30,
							"var": 2.25
						}
					},
					{
						"code": "game:clutter",
						"attributes": { "type": "bookshelves/bookpile1",  "collected": true },
						"type": "block",
						"stacksize": 1,
						"stock": {
							"avg": 1,
							"var": 0
						},
						"price": {
							"avg": 30,
							"var": 2.25
						}
					},
					{
						"code": "game:clutter",
						"attributes": { "type": "bookshelves/bookpile2",  "collected": true },
						"type": "block",
						"stacksize": 1,
						"stock": {
							"avg": 1,
							"var": 0
						},
						"price": {
							"avg": 30,
							"var": 2.25
						}
					},
					{
						"code": "game:clutter",
						"attributes": { "type": "bookshelves/bookpile3",  "collected": true },
						"type": "block",
						"stacksize": 1,
						"stock": {
							"avg": 1,
							"var": 0
						},
						"price": {
							"avg": 30,
							"var": 2.25
						}
					},
					{
						"code": "game:clutter",
						"attributes": { "type": "bookshelves/bookpile4",  "collected": true },
						"type": "block",
						"stacksize": 1,
						"stock": {
							"avg": 1,
							"var": 0
						},
						"price": {
							"avg": 30,
							"var": 2.25
						}
					},
					{
						"code": "game:clutter",
						"attributes": { "type": "bookshelves/bookpile5",  "collected": true },
						"type": "block",
						"stacksize": 1,
						"stock": {
							"avg": 1,
							"var": 0
						},
						"price": {
							"avg": 30,
							"var": 2.25
						}
					},
					{
						"code": "game:clutter",
						"attributes": { "type": "table-tavern-double",  "collected": true },
						"type": "block",
						"stacksize": 1,
						"stock": {
							"avg": 1,
							"var": 0
						},
						"price": {
							"avg": 40,
							"var": 2.25
						}
					},
					{
						"code": "game:clutter",
						"attributes": { "type": "table-tavern-single",  "collected": true },
						"type": "block",
						"stacksize": 1,
						"stock": {
							"avg": 1,
							"var": 0
						},
						"price": {
							"avg": 20,
							"var": 2.25
						}
					},
					{
						"code": "game:clutter",
						"attributes": { "type": "table-noble-double",  "collected": true },
						"type": "block",
						"stacksize": 1,
						"stock": {
							"avg": 1,
							"var": 0
						},
						"price": {
							"avg": 50,
							"var": 2.25
						}
					},
					{
						"code": "game:clutter",
						"attributes": { "type": "table-noble-single",  "collected": true },
						"type": "block",
						"stacksize": 1,
						"stock": {
							"avg": 1,
							"var": 0
						},
						"price": {
							"avg": 25,
							"var": 2.25
						}
					},	
					{
						"code": "game:clutter",
						"attributes": { "type": "pile-alchemy01",  "collected": true },
						"type": "block",
						"stacksize": 1,
						"stock": {
							"avg": 1,
							"var": 0
						},
						"price": {
							"avg": 15,
							"var": 2.25
						}
					},
					{
						"code": "game:clutter",
						"attributes": { "type": "pile-alchemy02",  "collected": true },
						"type": "block",
						"stacksize": 1,
						"stock": {
							"avg": 1,
							"var": 0
						},
						"price": {
							"avg": 15,
							"var": 2.25
						}
					},
					{
						"code": "game:clutter",
						"attributes": { "type": "pile-alchemy03",  "collected": true },
						"type": "block",
						"stacksize": 1,
						"stock": {
							"avg": 1,
							"var": 0
						},
						"price": {
							"avg": 15,
							"var": 2.25
						}
					},
					{
						"code": "game:clutter",
						"attributes": { "type": "pile-navigation",  "collected": true },
						"type": "block",
						"stacksize": 1,
						"stock": {
							"avg": 1,
							"var": 0
						},
						"price": {
							"avg": 25,
							"var": 2.25
						}
					},
					{
						"code": "game:clutter",
						"attributes": { "type": "pile-reagents01",  "collected": true },
						"type": "block",
						"stacksize": 1,
						"stock": {
							"avg": 1,
							"var": 0
						},
						"price": {
							"avg": 15,
							"var": 2.25
						}
					},
					{
						"code": "game:clutter",
						"attributes": { "type": "pile-reagents02",  "collected": true },
						"type": "block",
						"stacksize": 1,
						"stock": {
							"avg": 1,
							"var": 0
						},
						"price": {
							"avg": 15,
							"var": 2.25
						}
					},
					{
						"code": "game:clutter",
						"attributes": { "type": "pile-reagents03",  "collected": true },
						"type": "block",
						"stacksize": 1,
						"stock": {
							"avg": 1,
							"var": 0
						},
						"price": {
							"avg": 15,
							"var": 2.25
						}
					},
					{
						"code": "game:clutter",
						"attributes": { "type": "pile-reagents04",  "collected": true },
						"type": "block",
						"stacksize": 1,
						"stock": {
							"avg": 1,
							"var": 0
						},
						"price": {
							"avg": 15,
							"var": 2.25
						}
					},
					{
						"code": "game:clutter",
						"attributes": { "type": "pile-reagents05",  "collected": true },
						"type": "block",
						"stacksize": 1,
						"stock": {
							"avg": 1,
							"var": 0
						},
						"price": {
							"avg": 15,
							"var": 2.25
						}
					},
					{
						"code": "game:clutter",
						"attributes": { "type": "pile-reagents06",  "collected": true },
						"type": "block",
						"stacksize": 1,
						"stock": {
							"avg": 1,
							"var": 0
						},
						"price": {
							"avg": 15,
							"var": 2.25
						}
					},
					{
						"code": "game:clutter",
						"attributes": { "type": "book-big-closed",  "collected": true },
						"type": "block",
						"stacksize": 1,
						"stock": {
							"avg": 1,
							"var": 0
						},
						"price": {
							"avg": 15,
							"var": 2.25
						}
					},
					{
						"code": "game:clutter",
						"attributes": { "type": "drafting-table-stuff",  "collected": true },
						"type": "block",
						"stacksize": 1,
						"stock": {
							"avg": 1,
							"var": 0
						},
						"price": {
							"avg": 15,
							"var": 2.25
						}
					},
					{
						"code": "game:clutter",
						"attributes": { "type": "bookrow/bookrow1",  "collected": true },
						"type": "block",
						"stacksize": 1,
						"stock": {
							"avg": 1,
							"var": 0
						},
						"price": {
							"avg": 25,
							"var": 2.25
						}
					},
					{
						"code": "game:clutter",
						"attributes": { "type": "bookrow/bookrow2",  "collected": true },
						"type": "block",
						"stacksize": 1,
						"stock": {
							"avg": 1,
							"var": 0
						},
						"price": {
							"avg": 25,
							"var": 2.25
						}
					},
					{
						"code": "game:clutter",
						"attributes": { "type": "bookrow/bookrow3",  "collected": true },
						"type": "block",
						"stacksize": 1,
						"stock": {
							"avg": 1,
							"var": 0
						},
						"price": {
							"avg": 25,
							"var": 2.25
						}
					},
					{
						"code": "game:clutter",
						"attributes": { "type": "bookrow/bookrow4",  "collected": true },
						"type": "block",
						"stacksize": 1,
						"stock": {
							"avg": 1,
							"var": 0
						},
						"price": {
							"avg": 25,
							"var": 2.25
						}
					},
					{
						"code": "game:clutter",
						"attributes": { "type": "bookrow/bookrow5",  "collected": true },
						"type": "block",
						"stacksize": 1,
						"stock": {
							"avg": 1,
							"var": 0
						},
						"price": {
							"avg": 25,
							"var": 2.25
						}
					},
				]
			},
			//Торговець купляє у гравця
			"buying": {
				"maxItems": 16,
				"list": [
					{
						"code": "game:clutter",
						"attributes": { "type": "music-box1" },
						"type": "block",
						"stacksize": 1,
						"stock": {
							"avg": 1,
							"var": 0
						},
						"price": {
							"avg": 5,
							"var": 0
						}
					},
					{
						"code": "game:clutter",
						"attributes": { "type": "music-box4" },
						"type": "block",
						"stacksize": 1,
						"stock": {
							"avg": 1,
							"var": 0
						},
						"price": {
							"avg": 5,
							"var": 0
						}
					},
					{
						"code": "game:clutter",
						"attributes": { "type": "equi-dial" },
						"type": "block",
						"stacksize": 1,
						"stock": {
							"avg": 1,
							"var": 0
						},
						"price": {
							"avg": 5,
							"var": 0
						}
					},
					{
						"code": "game:clutter",
						"attributes": { "type": "diptych-dial" },
						"type": "block",
						"stacksize": 1,
						"stock": {
							"avg": 1,
							"var": 0
						},
						"price": {
							"avg": 5,
							"var": 0
						}
					},
					{
						"code": "game:clutter",
						"attributes": { "type": "globe1" },
						"type": "block",
						"stacksize": 1,
						"stock": {
							"avg": 1,
							"var": 0
						},
						"price": {
							"avg": 5,
							"var": 0
						}
					},
					{
						"code": "game:clutter",
						"attributes": { "type": "globe2" },
						"type": "block",
						"stacksize": 1,
						"stock": {
							"avg": 1,
							"var": 0
						},
						"price": {
							"avg": 5,
							"var": 0
						}
					},
					{
						"code": "game:clutter",
						"attributes": { "type": "alidade" },
						"type": "block",
						"stacksize": 1,
						"stock": {
							"avg": 1,
							"var": 0
						},
						"price": {
							"avg": 5,
							"var": 0
						}
					},
					{
						"code": "game:clutter",
						"attributes": { "type": "abacus1" },
						"type": "block",
						"stacksize": 1,
						"stock": {
							"avg": 1,
							"var": 0
						},
						"price": {
							"avg": 5,
							"var": 0
						}
					},
					{
						"code": "game:clutter",
						"attributes": { "type": "abacus2" },
						"type": "block",
						"stacksize": 1,
						"stock": {
							"avg": 1,
							"var": 0
						},
						"price": {
							"avg": 5,
							"var": 0
						}
					},
					{
						"code": "game:clutter",
						"attributes": { "type": "astrolabe" },
						"type": "block",
						"stacksize": 1,
						"stock": {
							"avg": 1,
							"var": 0
						},
						"price": {
							"avg": 5,
							"var": 0
						}
					},
					{
						"code": "game:clutter",
						"attributes": { "type": "armillary1" },
						"type": "block",
						"stacksize": 1,
						"stock": {
							"avg": 1,
							"var": 0
						},
						"price": {
							"avg": 5,
							"var": 0
						}
					},
					{
						"code": "game:chest-east",
						"attributes": { "type": "golden-aged" },
						"type": "block",
						"stacksize": 1,
						"stock": {
							"avg": 1,
							"var": 0
						},
						"price": {
							"avg": 12.5,
							"var": 2.5
						}
					},
					{
						"code": "game:chest-east",
						"attributes": { "type": "owl-aged" },
						"type": "block",
						"stacksize": 1,
						"stock": {
							"avg": 1,
							"var": 0
						},
						"price": {
							"avg": 7.5,
							"var": 2.5
						}
					},
					{
						"code": "game:tuningcylinder-1",
						"type": "item",
						"stacksize": 1,
						"stock": {
							"avg": 1,
							"var": 0
						},
						"price": {
							"avg": 6,
							"var": 1
						}
					},
					{
						"code": "game:tuningcylinder-2",
						"type": "item",
						"stacksize": 1,
						"stock": {
							"avg": 1,
							"var": 0
						},
						"price": {
							"avg": 6,
							"var": 1
						}
					},
					{
						"code": "game:tuningcylinder-3",
						"type": "item",
						"stacksize": 1,
						"stock": {
							"avg": 1,
							"var": 0
						},
						"price": {
							"avg": 6,
							"var": 1
						}
					},
					{
						"code": "game:tuningcylinder-4",
						"type": "item",
						"stacksize": 1,
						"stock": {
							"avg": 1,
							"var": 0
						},
						"price": {
							"avg": 6,
							"var": 1
						}
					},
					{
						"code": "game:tuningcylinder-5",
						"type": "item",
						"stacksize": 1,
						"stock": {
							"avg": 1,
							"var": 0
						},
						"price": {
							"avg": 6,
							"var": 1
						}
					},
					{
						"code": "game:tuningcylinder-6",
						"type": "item",
						"stacksize": 1,
						"stock": {
							"avg": 1,
							"var": 0
						},
						"price": {
							"avg": 6,
							"var": 1
						}
					},
					{
						"code": "game:tuningcylinder-7",
						"type": "item",
						"stacksize": 1,
						"stock": {
							"avg": 1,
							"var": 0
						},
						"price": {
							"avg": 6,
							"var": 1
						}
					},
					{
						"code": "game:tuningcylinder-8",
						"type": "item",
						"stacksize": 1,
						"stock": {
							"avg": 1,
							"var": 0
						},
						"price": {
							"avg": 6,
							"var": 1
						}
					},
					{
						"code": "game:tuningcylinder-9",
						"type": "item",
						"stacksize": 1,
						"stock": {
							"avg": 1,
							"var": 0
						},
						"price": {
							"avg": 6,
							"var": 1
						}
					},
					{
						"code": "game:tuningcylinder-10",
						"type": "item",
						"stacksize": 1,
						"stock": {
							"avg": 1,
							"var": 0
						},
						"price": {
							"avg": 6,
							"var": 1
						}
					},
                    {
						"code": "game:clutter",
						"attributes": { "type": "golem-skull" },
						"type": "block",
						"stacksize": 1,
						"stock": {
							"avg": 1,
							"var": 0
						},
						"price": {
							"avg": 10,
							"var": 0
						}
					},
					{
						"code": "game:clutter",
						"attributes": { "type": "golem-head" },
						"type": "block",
						"stacksize": 1,
						"stock": {
							"avg": 1,
							"var": 0
						},
						"price": {
							"avg": 15,
							"var": 0
						}
					},
					{
						"code": "game:lore-book-aged-orangebrown",
						"type": "item",
						"stacksize": 1,
						"stock": {
							"avg": 1,
							"var": 0
						},
						"price": {
							"avg": 5,
							"var": 1
						}
					},
					{
						"code": "game:lore-book-aged-orange",
						"type": "item",
						"stacksize": 1,
						"stock": {
							"avg": 1,
							"var": 0
						},
						"price": {
							"avg": 5,
							"var": 1
						}
					},
					{
						"code": "game:lore-book-aged-darkgreen",
						"type": "item",
						"stacksize": 1,
						"stock": {
							"avg": 1,
							"var": 0
						},
						"price": {
							"avg": 5,
							"var": 1
						}
					},
					{
						"code": "game:lore-book-aged-darkgray",
						"type": "item",
						"stacksize": 1,
						"stock": {
							"avg": 1,
							"var": 0
						},
						"price": {
							"avg": 5,
							"var": 1
						}
					},
					{
						"code": "game:lore-book-aged-cherryred",
						"type": "item",
						"stacksize": 1,
						"stock": {
							"avg": 1,
							"var": 0
						},
						"price": {
							"avg": 5,
							"var": 1
						}
					},
					{
						"code": "game:lore-book-aged-brickred",
						"type": "item",
						"stacksize": 1,
						"stock": {
							"avg": 1,
							"var": 0
						},
						"price": {
							"avg": 5,
							"var": 1
						}
					},
					{
						"code": "game:lore-book-aged-darkolive",
						"type": "item",
						"stacksize": 1,
						"stock": {
							"avg": 1,
							"var": 0
						},
						"price": {
							"avg": 5,
							"var": 1
						}
					},
					{
						"code": "game:lore-book-aged-darkbeige",
						"type": "item",
						"stacksize": 1,
						"stock": {
							"avg": 1,
							"var": 0
						},
						"price": {
							"avg": 5,
							"var": 1
						}
					},
					{
						"code": "game:lore-book-aged-olive",
						"type": "item",
						"stacksize": 1,
						"stock": {
							"avg": 1,
							"var": 0
						},
						"price": {
							"avg": 5,
							"var": 1
						}
					},
					{
						"code": "game:lore-book-aged-purpleorange",
						"type": "item",
						"stacksize": 1,
						"stock": {
							"avg": 1,
							"var": 0
						},
						"price": {
							"avg": 5,
							"var": 1
						}
					},
					{
						"code": "game:lore-book-aged-gray",
						"type": "item",
						"stacksize": 1,
						"stock": {
							"avg": 1,
							"var": 0
						},
						"price": {
							"avg": 5,
							"var": 1
						}
					},
					
				]
			}
		}
	},
	"server": {
		"attributes": {
			"pathfinder": {
				"minTurnAnglePerSec": 720,
				"maxTurnAnglePerSec": 1440
			}

		},
		"behaviors": [
			{ "code": "nametag", "showtagonlywhentargeted": true,
				"selectFromRandomName": ["Gunter", "Markus", "Mark", "Steven", "Remo"] },
			{ "code": "repulseagents" },
			{ "code": "controlledphysics", "stepHeight": 1.01 },
			{ "code": "reviveondeath", "minHours": 24, "maxHours": 72 },
			{ "code": "health", "currenthealth": 25, "maxhealth": 25 },
			{
				"code": "emotionstates",
				"states": [
					{ "code": "aggressiveondamage", "duration": 6, "chance": 0.6, "slot": 0, "priority": 2, "accumType": "noaccum" },
					{ "code": "fleeondamage", "duration": 10, "chance": 0.4, "slot": 0, "priority": 1, "accumType": "max" }
				]
			},
			{
				"code": "taskai",
				"aitasks": [
					{
						"code": "meleeattack",
						"entityCodes": ["player"],
						"priority": 2,
						"damage": 5,
						"mincooldown": 2500,
						"maxcooldown": 3500,
						"attackDurationMs": 900,
						"damagePlayerAtMs": 300,
						"animation": "Attack",
						"animationSpeed": 2,
						"whenInEmotionState": "aggressiveondamage"
					},
					{
						"code": "seekentity",
						"entityCodes": ["player"],
						"priority": 1.5,
						"mincooldown": 1000,
						"maxcooldown": 1500,
						"seekingRange": 20,
						"movespeed": 0.035,
						"animation": "Run",
						"animationSpeed": 1.75,
						"whenInEmotionState": "aggressiveondamage"
					},
					{
						"code": "fleeentity",
						"entityCodes": ["player"],
						"priority": 1.5,
						"movespeed": 0.035,
						"seekingRange": 12,
						"animation": "Run",
						"animationSpeed": 1.75,
						"whenInEmotionState": "fleeondamage"
					},
					{
						"code": "idle",
						"priority": 1.2,
						"minduration": 2500,
						"maxduration": 2500,
						"mincooldown": 2000,
						"maxcooldown": 10000,
						"animation": "laugh"
					},
					{
						"code": "idle",
						"priority": 1.2,
						"minduration": 2500,
						"maxduration": 2500,
						"mincooldown": 5000,
						"maxcooldown": 30000,
						"animation": "idle2"
					},
					{
						"code": "wander",
						"priority": 1.0,
						"movespeed": 0.01,
						"animation": "Walk",
						"wanderChance": 0.005,
						"maxDistanceToSpawn": 4,
						"wanderRangeMin": 1,
						"wanderRangeMax": 3,
						"teleportWhenOutOfRange": true,
						"teleportInGameHours": 1
					},
					{
						"code": "lookaround",
						"priority": 0.5
					}
				]
			},
			{ "code": "conversable", "dialogue": "config/dialogue/trader" }
		]
	},
	"sounds": {
	}
}