{
	"code": "humanoid-trader-painter",
	"class": "EntityTrader",
	"canClimb": true,
	"hitboxSize": { "x": 0.6, "y": 1.75 },
	"deadHitboxSize": { "x": 0.75, "y": 0.5 },
	"client": {
		"renderer": "Shape",
		"shape": { "base": "entity/humanoid/trader" },
		"texture": { "base": "entity/humanoid/trader", "alternates": [
			{ "base": "entity/humanoid/traderclothes/set1" },
			{ "base": "entity/humanoid/traderclothes/set2" },
			{ "base": "entity/humanoid/traderclothes/set3" },
			{ "base": "entity/humanoid/traderclothes/set4" },
			{ "base": "entity/humanoid/traderclothes/set5" }
		] },
		"behaviors": [
			{ "code": "nametag", "showtagonlywhentargeted": true },
			{ "code": "repulseagents" },
			{ "code": "controlledphysics", "stepHeight": 1.01 },
			{ "code": "interpolateposition" },
			{ "code": "conversable", "dialogue": "config/dialogue/trader" }
		],
		"animations": [
			{
				"code": "die",
				"animation": "die",
				"animationSpeed": 1.75,
				"weight": 10,
				"blendMode": "AddAverage"
			},
			{
				"code": "hurt",
				"animation": "hurt",
				"animationSpeed": 2,
				"blendMode": "AddAverage"
			},
			{ "code": "rowdywelcome", "animation": "rowdywelcome", "blendMode": "AddAverage" },
			{ "code": "lazywelcome", "animation": "lazywelcome", "blendMode": "AddAverage" },
			{ "code": "lazynod", "animation": "lazynod", "blendMode": "AddAverage" }
		]
	},
	"attributes": {
		"tradeProps": {
			"money": { "avg": 100, "var": 20 },
//Торговець продає гравцю
			"selling": {
				"maxItems": 12,
				"list": [
					{
						"code": "creativeblock-0",
						"type": "block",
						"stacksize": 16,
						"stock": {
							"avg": 5,
							"var": 1.25
						},
						"price": {
							"avg": 10,
							"var": 0.25
						}
					},
					{
						"code": "creativeblock-1",
						"type": "block",
						"stacksize": 16,
						"stock": {
							"avg": 5,
							"var": 1.25
						},
						"price": {
							"avg": 10,
							"var": 0.25
						}
					},
					{
						"code": "creativeblock-2",
						"type": "block",
						"stacksize": 16,
						"stock": {
							"avg": 5,
							"var": 1.25
						},
						"price": {
							"avg": 10,
							"var": 0.25
						}
					},
					{
						"code": "creativeblock-3",
						"type": "block",
						"stacksize": 16,
						"stock": {
							"avg": 5,
							"var": 1.25
						},
						"price": {
							"avg": 10,
							"var": 0.25
						}
					},
					{
						"code": "creativeblock-4",
						"type": "block",
						"stacksize": 16,
						"stock": {
							"avg": 5,
							"var": 1.25
						},
						"price": {
							"avg": 10,
							"var": 0.25
						}
					},
					{
						"code": "creativeblock-5",
						"type": "block",
						"stacksize": 16,
						"stock": {
							"avg": 5,
							"var": 1.25
						},
						"price": {
							"avg": 10,
							"var": 0.25
						}
					},
					{
						"code": "creativeblock-6",
						"type": "block",
						"stacksize": 16,
						"stock": {
							"avg": 5,
							"var": 1.25
						},
						"price": {
							"avg": 10,
							"var": 0.25
						}
					},
					{
						"code": "creativeblock-7",
						"type": "block",
						"stacksize": 16,
						"stock": {
							"avg": 5,
							"var": 1.25
						},
						"price": {
							"avg": 10,
							"var": 0.25
						}
					},
					{
						"code": "creativeblock-8",
						"type": "block",
						"stacksize": 16,
						"stock": {
							"avg": 5,
							"var": 1.25
						},
						"price": {
							"avg": 10,
							"var": 0.25
						}
					},
					{
						"code": "creativeblock-9",
						"type": "block",
						"stacksize": 16,
						"stock": {
							"avg": 5,
							"var": 1.25
						},
						"price": {
							"avg": 10,
							"var": 0.25
						}
					},
					{
						"code": "creativeblock-10",
						"type": "block",
						"stacksize": 16,
						"stock": {
							"avg": 5,
							"var": 1.25
						},
						"price": {
							"avg": 10,
							"var": 0.25
						}
					},
					{
						"code": "creativeblock-11",
						"type": "block",
						"stacksize": 16,
						"stock": {
							"avg": 5,
							"var": 1.25
						},
						"price": {
							"avg": 10,
							"var": 0.25
						}
					},
					{
						"code": "creativeblock-12",
						"type": "block",
						"stacksize": 16,
						"stock": {
							"avg": 5,
							"var": 1.25
						},
						"price": {
							"avg": 10,
							"var": 0.25
						}
					},
					{
						"code": "creativeblock-13",
						"type": "block",
						"stacksize": 16,
						"stock": {
							"avg": 5,
							"var": 1.25
						},
						"price": {
							"avg": 10,
							"var": 0.25
						}
					},
					{
						"code": "creativeblock-14",
						"type": "block",
						"stacksize": 16,
						"stock": {
							"avg": 5,
							"var": 1.25
						},
						"price": {
							"avg": 10,
							"var": 0.25
						}
					},
					{
						"code": "creativeblock-15",
						"type": "block",
						"stacksize": 16,
						"stock": {
							"avg": 5,
							"var": 1.25
						},
						"price": {
							"avg": 10,
							"var": 0.25
						}
					},
					{
						"code": "creativeblock-16",
						"type": "block",
						"stacksize": 16,
						"stock": {
							"avg": 5,
							"var": 1.25
						},
						"price": {
							"avg": 10,
							"var": 0.25
						}
					},
					{
						"code": "creativeblock-17",
						"type": "block",
						"stacksize": 16,
						"stock": {
							"avg": 5,
							"var": 1.25
						},
						"price": {
							"avg": 10,
							"var": 0.25
						}
					},
					{
						"code": "creativeblock-18",
						"type": "block",
						"stacksize": 16,
						"stock": {
							"avg": 5,
							"var": 1.25
						},
						"price": {
							"avg": 10,
							"var": 0.25
						}
					},
					{
						"code": "creativeblock-19",
						"type": "block",
						"stacksize": 16,
						"stock": {
							"avg": 5,
							"var": 1.25
						},
						"price": {
							"avg": 10,
							"var": 0.25
						}
					},
					{
						"code": "creativeblock-20",
						"type": "block",
						"stacksize": 16,
						"stock": {
							"avg": 5,
							"var": 1.25
						},
						"price": {
							"avg": 10,
							"var": 0.25
						}
					},
					{
						"code": "creativeblock-21",
						"type": "block",
						"stacksize": 16,
						"stock": {
							"avg": 5,
							"var": 1.25
						},
						"price": {
							"avg": 10,
							"var": 0.25
						}
					},
					{
						"code": "creativeblock-22",
						"type": "block",
						"stacksize": 16,
						"stock": {
							"avg": 5,
							"var": 1.25
						},
						"price": {
							"avg": 10,
							"var": 0.25
						}
					},
					{
						"code": "creativeblock-22",
						"type": "block",
						"stacksize": 16,
						"stock": {
							"avg": 5,
							"var": 1.25
						},
						"price": {
							"avg": 10,
							"var": 0.25
						}
					},
					{
						"code": "creativeblock-23",
						"type": "block",
						"stacksize": 16,
						"stock": {
							"avg": 5,
							"var": 1.25
						},
						"price": {
							"avg": 10,
							"var": 0.25
						}
					},
					{
						"code": "creativeblock-24",
						"type": "block",
						"stacksize": 16,
						"stock": {
							"avg": 5,
							"var": 1.25
						},
						"price": {
							"avg": 10,
							"var": 0.25
						}
					},
					{
						"code": "creativeblock-25",
						"type": "block",
						"stacksize": 16,
						"stock": {
							"avg": 5,
							"var": 1.25
						},
						"price": {
							"avg": 10,
							"var": 0.25
						}
					},
					{
						"code": "creativeblock-26",
						"type": "block",
						"stacksize": 16,
						"stock": {
							"avg": 5,
							"var": 1.25
						},
						"price": {
							"avg": 10,
							"var": 0.25
						}
					},
					{
						"code": "creativeblock-27",
						"type": "block",
						"stacksize": 16,
						"stock": {
							"avg": 5,
							"var": 1.25
						},
						"price": {
							"avg": 10,
							"var": 0.25
						}
					},
					{
						"code": "creativeblock-28",
						"type": "block",
						"stacksize": 16,
						"stock": {
							"avg": 5,
							"var": 1.25
						},
						"price": {
							"avg": 10,
							"var": 0.25
						}
					},
					{
						"code": "creativeblock-29",
						"type": "block",
						"stacksize": 16,
						"stock": {
							"avg": 5,
							"var": 1.25
						},
						"price": {
							"avg": 10,
							"var": 0.25
						}
					},
					{
						"code": "creativeblock-30",
						"type": "block",
						"stacksize": 16,
						"stock": {
							"avg": 5,
							"var": 1.25
						},
						"price": {
							"avg": 10,
							"var": 0.25
						}
					},
					{
						"code": "creativeblock-31",
						"type": "block",
						"stacksize": 16,
						"stock": {
							"avg": 5,
							"var": 1.25
						},
						"price": {
							"avg": 10,
							"var": 0.25
						}
					},
					{
						"code": "creativeblock-32",
						"type": "block",
						"stacksize": 16,
						"stock": {
							"avg": 5,
							"var": 1.25
						},
						"price": {
							"avg": 10,
							"var": 0.25
						}
					},
					{
						"code": "creativeblock-33",
						"type": "block",
						"stacksize": 16,
						"stock": {
							"avg": 5,
							"var": 1.25
						},
						"price": {
							"avg": 10,
							"var": 0.25
						}
					},
					{
						"code": "creativeblock-34",
						"type": "block",
						"stacksize": 16,
						"stock": {
							"avg": 5,
							"var": 1.25
						},
						"price": {
							"avg": 10,
							"var": 0.25
						}
					},
					{
						"code": "creativeblock-35",
						"type": "block",
						"stacksize": 16,
						"stock": {
							"avg": 5,
							"var": 1.25
						},
						"price": {
							"avg": 10,
							"var": 0.25
						}
					},
					{
						"code": "creativeblock-36",
						"type": "block",
						"stacksize": 16,
						"stock": {
							"avg": 5,
							"var": 1.25
						},
						"price": {
							"avg": 10,
							"var": 0.25
						}
					},
					{
						"code": "creativeblock-37",
						"type": "block",
						"stacksize": 16,
						"stock": {
							"avg": 5,
							"var": 1.25
						},
						"price": {
							"avg": 10,
							"var": 0.25
						}
					},
					{
						"code": "creativeblock-38",
						"type": "block",
						"stacksize": 16,
						"stock": {
							"avg": 5,
							"var": 1.25
						},
						"price": {
							"avg": 10,
							"var": 0.25
						}
					},
					{
						"code": "creativeblock-39",
						"type": "block",
						"stacksize": 16,
						"stock": {
							"avg": 5,
							"var": 1.25
						},
						"price": {
							"avg": 10,
							"var": 0.25
						}
					},
					{
						"code": "creativeblock-40",
						"type": "block",
						"stacksize": 16,
						"stock": {
							"avg": 5,
							"var": 1.25
						},
						"price": {
							"avg": 10,
							"var": 0.25
						}
					},
					{
						"code": "creativeblock-41",
						"type": "block",
						"stacksize": 16,
						"stock": {
							"avg": 5,
							"var": 1.25
						},
						"price": {
							"avg": 10,
							"var": 0.25
						}
					},
					{
						"code": "creativeblock-42",
						"type": "block",
						"stacksize": 16,
						"stock": {
							"avg": 5,
							"var": 1.25
						},
						"price": {
							"avg": 10,
							"var": 0.25
						}
					},
					{
						"code": "creativeblock-43",
						"type": "block",
						"stacksize": 16,
						"stock": {
							"avg": 5,
							"var": 1.25
						},
						"price": {
							"avg": 10,
							"var": 0.25
						}
					},
					{
						"code": "creativeblock-44",
						"type": "block",
						"stacksize": 16,
						"stock": {
							"avg": 5,
							"var": 1.25
						},
						"price": {
							"avg": 10,
							"var": 0.25
						}
					},
					{
						"code": "creativeblock-45",
						"type": "block",
						"stacksize": 16,
						"stock": {
							"avg": 5,
							"var": 1.25
						},
						"price": {
							"avg": 10,
							"var": 0.25
						}
					},
					{
						"code": "creativeblock-46",
						"type": "block",
						"stacksize": 16,
						"stock": {
							"avg": 5,
							"var": 1.25
						},
						"price": {
							"avg": 10,
							"var": 0.25
						}
					},
					{
						"code": "creativeblock-47",
						"type": "block",
						"stacksize": 16,
						"stock": {
							"avg": 5,
							"var": 1.25
						},
						"price": {
							"avg": 10,
							"var": 0.25
						}
					},
					{
						"code": "creativeblock-48",
						"type": "block",
						"stacksize": 16,
						"stock": {
							"avg": 5,
							"var": 1.25
						},
						"price": {
							"avg": 10,
							"var": 0.25
						}
					},
					{
						"code": "creativeblock-49",
						"type": "block",
						"stacksize": 16,
						"stock": {
							"avg": 5,
							"var": 1.25
						},
						"price": {
							"avg": 10,
							"var": 0.25
						}
					},
					{
						"code": "creativeblock-50",
						"type": "block",
						"stacksize": 16,
						"stock": {
							"avg": 5,
							"var": 1.25
						},
						"price": {
							"avg": 10,
							"var": 0.25
						}
					},
					{
						"code": "creativeblock-51",
						"type": "block",
						"stacksize": 16,
						"stock": {
							"avg": 5,
							"var": 1.25
						},
						"price": {
							"avg": 10,
							"var": 0.25
						}
					},
					{
						"code": "creativeblock-52",
						"type": "block",
						"stacksize": 16,
						"stock": {
							"avg": 5,
							"var": 1.25
						},
						"price": {
							"avg": 10,
							"var": 0.25
						}
					},
					{
						"code": "creativeblock-53",
						"type": "block",
						"stacksize": 16,
						"stock": {
							"avg": 5,
							"var": 1.25
						},
						"price": {
							"avg": 10,
							"var": 0.25
						}
					},
					{
						"code": "creativeblock-54",
						"type": "block",
						"stacksize": 16,
						"stock": {
							"avg": 5,
							"var": 1.25
						},
						"price": {
							"avg": 10,
							"var": 0.25
						}
					},
					{
						"code": "creativeblock-55",
						"type": "block",
						"stacksize": 16,
						"stock": {
							"avg": 5,
							"var": 1.25
						},
						"price": {
							"avg": 10,
							"var": 0.25
						}
					},
					{
						"code": "creativeblock-56",
						"type": "block",
						"stacksize": 16,
						"stock": {
							"avg": 5,
							"var": 1.25
						},
						"price": {
							"avg": 10,
							"var": 0.25
						}
					},
					{
						"code": "creativeblock-57",
						"type": "block",
						"stacksize": 16,
						"stock": {
							"avg": 5,
							"var": 1.25
						},
						"price": {
							"avg": 10,
							"var": 0.25
						}
					},
					{
						"code": "creativeblock-58",
						"type": "block",
						"stacksize": 16,
						"stock": {
							"avg": 5,
							"var": 1.25
						},
						"price": {
							"avg": 10,
							"var": 0.25
						}
					},
					{
						"code": "creativeblock-59",
						"type": "block",
						"stacksize": 16,
						"stock": {
							"avg": 5,
							"var": 1.25
						},
						"price": {
							"avg": 10,
							"var": 0.25
						}
					},
					{
						"code": "creativeblock-60",
						"type": "block",
						"stacksize": 16,
						"stock": {
							"avg": 5,
							"var": 1.25
						},
						"price": {
							"avg": 10,
							"var": 0.25
						}
					},
					{
						"code": "creativeblock-61",
						"type": "block",
						"stacksize": 16,
						"stock": {
							"avg": 5,
							"var": 1.25
						},
						"price": {
							"avg": 10,
							"var": 0.25
						}
					},
					{
						"code": "creativeblock-62",
						"type": "block",
						"stacksize": 16,
						"stock": {
							"avg": 5,
							"var": 1.25
						},
						"price": {
							"avg": 10,
							"var": 0.25
						}
					},
					{
						"code": "creativeblock-63",
						"type": "block",
						"stacksize": 16,
						"stock": {
							"avg": 5,
							"var": 1.25
						},
						"price": {
							"avg": 10,
							"var": 0.25
						}
					},
					{
						"code": "creativeblock-64",
						"type": "block",
						"stacksize": 16,
						"stock": {
							"avg": 5,
							"var": 1.25
						},
						"price": {
							"avg": 10,
							"var": 0.25
						}
					},
					{
						"code": "creativeblock-65",
						"type": "block",
						"stacksize": 16,
						"stock": {
							"avg": 5,
							"var": 1.25
						},
						"price": {
							"avg": 10,
							"var": 0.25
						}
					},
					{
						"code": "creativeblock-66",
						"type": "block",
						"stacksize": 16,
						"stock": {
							"avg": 5,
							"var": 1.25
						},
						"price": {
							"avg": 10,
							"var": 0.25
						}
					},
					{
						"code": "creativeblock-67",
						"type": "block",
						"stacksize": 16,
						"stock": {
							"avg": 5,
							"var": 1.25
						},
						"price": {
							"avg": 10,
							"var": 0.25
						}
					},
					{
						"code": "creativeblock-68",
						"type": "block",
						"stacksize": 16,
						"stock": {
							"avg": 5,
							"var": 1.25
						},
						"price": {
							"avg": 10,
							"var": 0.25
						}
					},
					{
						"code": "creativeblock-69",
						"type": "block",
						"stacksize": 16,
						"stock": {
							"avg": 5,
							"var": 1.25
						},
						"price": {
							"avg": 10,
							"var": 0.25
						}
					},
					{
						"code": "creativeblock-70",
						"type": "block",
						"stacksize": 16,
						"stock": {
							"avg": 5,
							"var": 1.25
						},
						"price": {
							"avg": 10,
							"var": 0.25
						}
					},
					{
						"code": "creativeblock-71",
						"type": "block",
						"stacksize": 16,
						"stock": {
							"avg": 5,
							"var": 1.25
						},
						"price": {
							"avg": 10,
							"var": 0.25
						}
					},
					{
						"code": "creativeblock-72",
						"type": "block",
						"stacksize": 16,
						"stock": {
							"avg": 5,
							"var": 1.25
						},
						"price": {
							"avg": 10,
							"var": 0.25
						}
					},
					{
						"code": "creativeblock-73",
						"type": "block",
						"stacksize": 16,
						"stock": {
							"avg": 5,
							"var": 1.25
						},
						"price": {
							"avg": 10,
							"var": 0.25
						}
					},
					{
						"code": "creativeblock-74",
						"type": "block",
						"stacksize": 16,
						"stock": {
							"avg": 5,
							"var": 1.25
						},
						"price": {
							"avg": 10,
							"var": 0.25
						}
					},
					{
						"code": "creativeblock-75",
						"type": "block",
						"stacksize": 16,
						"stock": {
							"avg": 5,
							"var": 1.25
						},
						"price": {
							"avg": 10,
							"var": 0.25
						}
					},
					{
						"code": "creativeblock-76",
						"type": "block",
						"stacksize": 16,
						"stock": {
							"avg": 5,
							"var": 1.25
						},
						"price": {
							"avg": 10,
							"var": 0.25
						}
					},
					{
						"code": "creativeblock-77",
						"type": "block",
						"stacksize": 16,
						"stock": {
							"avg": 5,
							"var": 1.25
						},
						"price": {
							"avg": 10,
							"var": 0.25
						}
					},
					{
						"code": "creativeblock-78",
						"type": "block",
						"stacksize": 16,
						"stock": {
							"avg": 5,
							"var": 1.25
						},
						"price": {
							"avg": 10,
							"var": 0.25
						}
					},
					{
						"code": "creativeblock-79",
						"type": "block",
						"stacksize": 16,
						"stock": {
							"avg": 5,
							"var": 1.25
						},
						"price": {
							"avg": 10,
							"var": 0.25
						}
					},
					{
						"code": "glass-green",
						"type": "block",
						"stacksize": 3,
						"stock": {
							"avg": 5,
							"var": 1.25
						},
						"price": {
							"avg": 2,
							"var": 0.25
						}
					},
					{
						"code": "glass-blue",
						"type": "block",
						"stacksize": 3,
						"stock": {
							"avg": 5,
							"var": 1.25
						},
						"price": {
							"avg": 2,
							"var": 0.25
						}
					},
					{
						"code": "glass-violet",
						"type": "block",
						"stacksize": 3,
						"stock": {
							"avg": 5,
							"var": 1.25
						},
						"price": {
							"avg": 2,
							"var": 0.25
						}
					},
					{
						"code": "glass-red",
						"type": "block",
						"stacksize": 3,
						"stock": {
							"avg": 5,
							"var": 1.25
						},
						"price": {
							"avg": 2,
							"var": 0.25
						}
					},
					{
						"code": "glass-yellow",
						"type": "block",
						"stacksize": 3,
						"stock": {
							"avg": 5,
							"var": 1.25
						},
						"price": {
							"avg": 2,
							"var": 0.25
						}
					},
					{
						"code": "glass-brown",
						"type": "block",
						"stacksize": 3,
						"stock": {
							"avg": 5,
							"var": 1.25
						},
						"price": {
							"avg": 2,
							"var": 0.25
						}
					},
					{
						"code": "glass-vintage",
						"type": "block",
						"stacksize": 3,
						"stock": {
							"avg": 5,
							"var": 1.25
						},
						"price": {
							"avg": 2,
							"var": 0.25
						}
					},
					{
						"code": "glass-smoky",
						"type": "block",
						"stacksize": 3,
						"stock": {
							"avg": 5,
							"var": 1.25
						},
						"price": {
							"avg": 2,
							"var": 0.25
						}
					},
					{
						"code": "glass-pink",
						"type": "block",
						"stacksize": 3,
						"stock": {
							"avg": 5,
							"var": 1.25
						},
						"price": {
							"avg": 2,
							"var": 0.25
						}
					}
					
				]
			},
			//Торговець купляє у гравця
			"buying": {
				"maxItems": 12,
				"list": [
					{
						"code": "woodbucket",
						"type": "block",
						"stacksize": 1,
						"stock": {
							"avg": 1,
							"var": 0.25
						},
						"price": {
							"avg": 5,
							"var": 0.25
						},
						"attributes": {
							"ucontents": [
								{
									"type": "item",
									"code": "dye-blue",
									"makefull": true
								}
							]
						}
					},
					{
						"code": "woodbucket",
						"type": "block",
						"stacksize": 1,
						"stock": {
							"avg": 1,
							"var": 0.25
						},
						"price": {
							"avg": 5,
							"var": 0.25
						},
						"attributes": {
							"ucontents": [
								{
									"type": "item",
									"code": "dye-red",
									"makefull": true
								}
							]
						}
					},
					{
						"code": "woodbucket",
						"type": "block",
						"stacksize": 1,
						"stock": {
							"avg": 1,
							"var": 0.25
						},
						"price": {
							"avg": 5,
							"var": 0.25
						},
						"attributes": {
							"ucontents": [
								{
									"type": "item",
									"code": "dye-yellow",
									"makefull": true
								}
							]
						}
					},
					{
						"code": "woodbucket",
						"type": "block",
						"stacksize": 1,
						"stock": {
							"avg": 1,
							"var": 0.25
						},
						"price": {
							"avg": 4,
							"var": 0.25
						},
						"attributes": {
							"ucontents": [
								{
									"type": "item",
									"code": "dye-green",
									"makefull": true
								}
							]
						}
					},
					{
						"code": "woodbucket",
						"type": "block",
						"stacksize": 1,
						"stock": {
							"avg": 1,
							"var": 0.25
						},
						"price": {
							"avg": 5,
							"var": 0.25
						},
						"attributes": {
							"ucontents": [
								{
									"type": "item",
									"code": "dye-purple",
									"makefull": true
								}
							]
						}
					},
					{
						"code": "woodbucket",
						"type": "block",
						"stacksize": 1,
						"stock": {
							"avg": 1,
							"var": 0.25
						},
						"price": {
							"avg": 5,
							"var": 0.25
						},
						"attributes": {
							"ucontents": [
								{
									"type": "item",
									"code": "dye-woad",
									"makefull": true
								}
							]
						}
					},
					{
						"code": "woodbucket",
						"type": "block",
						"stacksize": 1,
						"stock": {
							"avg": 1,
							"var": 0.25
						},
						"price": {
							"avg": 5,
							"var": 0.25
						},
						"attributes": {
							"ucontents": [
								{
									"type": "item",
									"code": "dye-orange",
									"makefull": true
								}
							]
						}
					},
					{
						"code": "woodbucket",
						"type": "block",
						"stacksize": 1,
						"stock": {
							"avg": 1,
							"var": 0.25
						},
						"price": {
							"avg": 5,
							"var": 0.25
						},
						"attributes": {
							"ucontents": [
								{
									"type": "item",
									"code": "dye-black",
									"makefull": true
								}
							]
						}
					},
					{
						"code": "woodbucket",
						"type": "block",
						"stacksize": 1,
						"stock": {
							"avg": 1,
							"var": 0.25
						},
						"price": {
							"avg": 5,
							"var": 0.25
						},
						"attributes": {
							"ucontents": [
								{
									"type": "item",
									"code": "dye-gray",
									"makefull": true
								}
							]
						}
					},
					{
						"code": "woodbucket",
						"type": "block",
						"stacksize": 1,
						"stock": {
							"avg": 1,
							"var": 0.25
						},
						"price": {
							"avg": 5,
							"var": 0.25
						},
						"attributes": {
							"ucontents": [
								{
									"type": "item",
									"code": "dye-pink",
									"makefull": true
								}
							]
						}
					},
					{
						"code": "woodbucket",
						"type": "block",
						"stacksize": 1,
						"stock": {
							"avg": 1,
							"var": 0.25
						},
						"price": {
							"avg": 5,
							"var": 0.25
						},
						"attributes": {
							"ucontents": [
								{
									"type": "item",
									"code": "dye-white",
									"makefull": true
								}
							]
						}
					},
					{
						"code": "woodbucket",
						"type": "block",
						"stacksize": 1,
						"stock": {
							"avg": 1,
							"var": 0.25
						},
						"price": {
							"avg": 10,
							"var": 0.25
						},
						"attributes": {
							"ucontents": [
								{
									"type": "item",
									"code": "dilutedalumportion",
									"makefull": true
								}
							]
						}
					},
					{
						"code": "woodbucket",
						"type": "block",
						"stacksize": 1,
						"stock": {
							"avg": 1,
							"var": 0.25
						},
						"price": {
							"avg": 10,
							"var": 0.25
						},
						"attributes": {
							"ucontents": [
								{
									"type": "item",
									"code": "dilutedcassiteriteportion",
									"makefull": true
								}
							]
						}
					},
					{
						"code": "painting-howl-north",
						"type": "block",
						"stacksize": 1,
						"stock": {
							"avg": 1,
							"var": 0.25
						},
						"price": {
							"avg": 7,
							"var": 1.25
						}
					},
					{
						"code": "painting-elk-north",
						"type": "block",
						"stacksize": 1,
						"stock": {
							"avg": 1,
							"var": 0.25
						},
						"price": {
							"avg": 7,
							"var": 1.25
						}
					},
					{
						"code": "painting-underwater-north",
						"type": "block",
						"stacksize": 1,
						"stock": {
							"avg": 1,
							"var": 0.25
						},
						"price": {
							"avg": 7,
							"var": 1.25
						}
					},
					{
						"code": "painting-prey-north",
						"type": "block",
						"stacksize": 1,
						"stock": {
							"avg": 1,
							"var": 0.25
						},
						"price": {
							"avg": 7,
							"var": 1.25
						}
					},
					{
						"code": "painting-family1-north",
						"type": "block",
						"stacksize": 1,
						"stock": {
							"avg": 1,
							"var": 0.25
						},
						"price": {
							"avg": 7,
							"var": 1.25
						}
					},
					{
						"code": "painting-forestdawn-north",
						"type": "block",
						"stacksize": 1,
						"stock": {
							"avg": 1,
							"var": 0.25
						},
						"price": {
							"avg": 7,
							"var": 1.25
						}
					},
					{
						"code": "painting-fishandtherain-north",
						"type": "block",
						"stacksize": 1,
						"stock": {
							"avg": 1,
							"var": 0.25
						},
						"price": {
							"avg": 7,
							"var": 1.25
						}
					},
					{
						"code": "painting-bogfort-north",
						"type": "block",
						"stacksize": 1,
						"stock": {
							"avg": 1,
							"var": 0.25
						},
						"price": {
							"avg": 7,
							"var": 1.25
						}
					},
					{
						"code": "painting-butterfly-north",
						"type": "block",
						"stacksize": 1,
						"stock": {
							"avg": 1,
							"var": 0.25
						},
						"price": {
							"avg": 7,
							"var": 1.25
						}
					},
					{
						"code": "painting-castleruin-north",
						"type": "block",
						"stacksize": 1,
						"stock": {
							"avg": 1,
							"var": 0.25
						},
						"price": {
							"avg": 7,
							"var": 1.25
						}
					},
					{
						"code": "painting-cow-north",
						"type": "block",
						"stacksize": 1,
						"stock": {
							"avg": 1,
							"var": 0.25
						},
						"price": {
							"avg": 7,
							"var": 1.25
						}
					},
					{
						"code": "painting-glam-north",
						"type": "block",
						"stacksize": 1,
						"stock": {
							"avg": 1,
							"var": 0.25
						},
						"price": {
							"avg": 7,
							"var": 1.25
						}
					},
					{
						"code": "painting-hunter-north",
						"type": "block",
						"stacksize": 1,
						"stock": {
							"avg": 1,
							"var": 0.25
						},
						"price": {
							"avg": 7,
							"var": 1.25
						}
					},
					{
						"code": "painting-hunterintheforest-north",
						"type": "block",
						"stacksize": 1,
						"stock": {
							"avg": 1,
							"var": 0.25
						},
						"price": {
							"avg": 7,
							"var": 1.25
						}
					},
					{
						"code": "painting-iris-north",
						"type": "block",
						"stacksize": 1,
						"stock": {
							"avg": 1,
							"var": 0.25
						},
						"price": {
							"avg": 7,
							"var": 1.25
						}
					},
					{
						"code": "painting-seraph-north",
						"type": "block",
						"stacksize": 1,
						"stock": {
							"avg": 1,
							"var": 0.25
						},
						"price": {
							"avg": 7,
							"var": 1.25
						}
					},
					{
						"code": "painting-sleepingwolf-north",
						"type": "block",
						"stacksize": 1,
						"stock": {
							"avg": 1,
							"var": 0.25
						},
						"price": {
							"avg": 7,
							"var": 1.25
						}
					},
					{
						"code": "painting-sodhouse-north",
						"type": "block",
						"stacksize": 1,
						"stock": {
							"avg": 1,
							"var": 0.25
						},
						"price": {
							"avg": 12,
							"var": 1.25
						}
					},
					{
						"code": "painting-sunkenruin-north",
						"type": "block",
						"stacksize": 1,
						"stock": {
							"avg": 1,
							"var": 0.25
						},
						"price": {
							"avg": 7,
							"var": 1.25
						}
					},
					{
						"code": "painting-thunderlord-north",
						"type": "block",
						"stacksize": 1,
						"stock": {
							"avg": 1,
							"var": 0.25
						},
						"price": {
							"avg": 12,
							"var": 1.25
						}
					},
					{
						"code": "painting-traveler-north",
						"type": "block",
						"stacksize": 1,
						"stock": {
							"avg": 1,
							"var": 0.25
						},
						"price": {
							"avg": 7,
							"var": 1.25
						}
					},
					{
						"code": "painting-trout-north",
						"type": "block",
						"stacksize": 1,
						"stock": {
							"avg": 1,
							"var": 0.25
						},
						"price": {
							"avg": 12,
							"var": 1.25
						}
					},
					{
						"code": "painting-oldvillage-north",
						"type": "block",
						"stacksize": 1,
						"stock": {
							"avg": 1,
							"var": 0.25
						},
						"price": {
							"avg": 7,
							"var": 1.25
						}
					},
					{
						"code": "painting-lastday-north",
						"type": "block",
						"stacksize": 1,
						"stock": {
							"avg": 1,
							"var": 0.25
						},
						"price": {
							"avg": 12,
							"var": 1.25
						}
					},
					{
						"code": "painting-uncle1-north",
						"type": "block",
						"stacksize": 1,
						"stock": {
							"avg": 1,
							"var": 0.25
						},
						"price": {
							"avg": 7,
							"var": 1.25
						}
					},

				]
			}
		}
	},
	"server": {
		"attributes": {
			"pathfinder": {
				"minTurnAnglePerSec": 720,
				"maxTurnAnglePerSec": 1440
			}

		},
		"behaviors": [
			{ "code": "nametag", "showtagonlywhentargeted": true,
				"selectFromRandomName": ["Leonard", "Clod", "Pablo", "Vincent", "Edward", "Mykyta",] },
			{ "code": "repulseagents" },
			{ "code": "controlledphysics", "stepHeight": 1.01 },
			{ "code": "reviveondeath", "minHours": 24, "maxHours": 72 },
			{ "code": "health", "currenthealth": 25, "maxhealth": 25 },
			{
				"code": "emotionstates",
				"states": [
					{ "code": "aggressiveondamage", "duration": 6, "chance": 0.6, "slot": 0, "priority": 2, "accumType": "noaccum" },
					{ "code": "fleeondamage", "duration": 10, "chance": 0.4, "slot": 0, "priority": 1, "accumType": "max" }
				]
			},
			{
				"code": "taskai",
				"aitasks": [
					{
						"code": "meleeattack",
						"entityCodes": ["player"],
						"priority": 2,
						"damage": 5,
						"mincooldown": 2500,
						"maxcooldown": 3500,
						"attackDurationMs": 900,
						"damagePlayerAtMs": 300,
						"animation": "Attack",
						"animationSpeed": 2,
						"whenInEmotionState": "aggressiveondamage"
					},
					{
						"code": "seekentity",
						"entityCodes": ["player"],
						"priority": 1.5,
						"mincooldown": 1000,
						"maxcooldown": 1500,
						"seekingRange": 20,
						"movespeed": 0.035,
						"animation": "Run",
						"animationSpeed": 1.75,
						"whenInEmotionState": "aggressiveondamage"
					},
					{
						"code": "fleeentity",
						"entityCodes": ["player"],
						"priority": 1.5,
						"movespeed": 0.035,
						"seekingRange": 12,
						"animation": "Run",
						"animationSpeed": 1.75,
						"whenInEmotionState": "fleeondamage"
					},
					{
						"code": "idle",
						"priority": 1.2,
						"minduration": 2500,
						"maxduration": 2500,
						"mincooldown": 2000,
						"maxcooldown": 10000,
						"animation": "laugh"
					},
					{
						"code": "idle",
						"priority": 1.2,
						"minduration": 2500,
						"maxduration": 2500,
						"mincooldown": 5000,
						"maxcooldown": 30000,
						"animation": "idle2"
					},
					{
						"code": "wander",
						"priority": 1.0,
						"movespeed": 0.01,
						"animation": "Walk",
						"wanderChance": 0.005,
						"maxDistanceToSpawn": 4,
						"wanderRangeMin": 1,
						"wanderRangeMax": 3,
						"teleportWhenOutOfRange": true,
						"teleportInGameHours": 1
					},
					{
						"code": "lookaround",
						"priority": 0.5
					}
				]
			},
			{ "code": "conversable", "dialogue": "config/dialogue/trader" }
		]
	},
	"sounds": {
	}
}