{
	"code": "humanoid-trader-lepidopterologist",
	"class": "EntityTrader",
	"canClimb": true,
	"hitboxSize": { "x": 0.6, "y": 1.75 },
	"deadHitboxSize": { "x": 0.75, "y": 0.5 },
	"client": {
		"renderer": "Shape",
		"shape": { "base": "entity/humanoid/trader" },
		"texture": { "base": "entity/humanoid/trader", "alternates": [
			{ "base": "entity/humanoid/traderclothes/set1" },
			{ "base": "entity/humanoid/traderclothes/set2" },
			{ "base": "entity/humanoid/traderclothes/set3" },
			{ "base": "entity/humanoid/traderclothes/set4" },
			{ "base": "entity/humanoid/traderclothes/set5" }
		] },
		"behaviors": [
			{ "code": "nametag", "showtagonlywhentargeted": true },
			{ "code": "repulseagents" },
			{ "code": "controlledphysics", "stepHeight": 1.01 },
			{ "code": "interpolateposition" },
			{ "code": "conversable", "dialogue": "config/dialogue/trader" }
		],
		"animations": [
			{
				"code": "die",
				"animation": "die",
				"animationSpeed": 1.75,
				"weight": 10,
				"blendMode": "AddAverage"
			},
			{
				"code": "hurt",
				"animation": "hurt",
				"animationSpeed": 2,
				"blendMode": "AddAverage"
			},
			{ "code": "rowdywelcome", "animation": "rowdywelcome", "blendMode": "AddAverage" },
			{ "code": "lazywelcome", "animation": "lazywelcome", "blendMode": "AddAverage" },
			{ "code": "lazynod", "animation": "lazynod", "blendMode": "AddAverage" }
		]
	},
	"attributes": {
		"tradeProps": {
			"money": { "avg": 100, "var": 20 },
//Торговець продає гравцю
			"selling": {
				"maxItems": 8,
				"list": [
					{
						"code": "bugnet-copper",
						"type": "item",
						"stacksize": 1,
						"stock": {
							"avg": 1,
							"var": 0.5
						},
						"price": {
							"avg": 5,
							"var": 2
						}
					},
					{
						"code": "displaycase-generic",
						"type": "block",
						"stacksize": 1,
						"stock": {
							"avg": 1,
							"var": 0.5
						},
						"price": {
							"avg": 7,
							"var": 1.5
						}
					},
					{
						"code": "talldisplaycase-generic",
						"type": "block",
						"stacksize": 1,
						"stock": {
							"avg": 1,
							"var": 0.5
						},
						"price": {
							"avg": 10,
							"var": 1.5
						}
					}
				]
			},
			//Торговець купляє у гравця
			"buying": {
				"maxItems": 16,
				"list": [
					{
						"code": "butterfly-dead-acmonbluefemale",
						"type": "item",
						"stacksize": 1,
						"stock": {
							"avg": 1,
							"var": 0.5
						},
						"price": {
							"avg": 7,
							"var": 2.5
						}
					},
					{
						"code": "butterfly-dead-acmonbluemale",
						"type": "item",
						"stacksize": 1,
						"stock": {
							"avg": 1,
							"var": 0.5
						},
						"price": {
							"avg": 7,
							"var": 2.5
						}
					},
					{
						"code": "butterfly-dead-aegamorphobluefemale",
						"type": "item",
						"stacksize": 1,
						"stock": {
							"avg": 1,
							"var": 0.5
						},
						"price": {
							"avg": 7,
							"var": 2.5
						}
					},
					{
						"code": "butterfly-dead-aegamorphobrownfemale",
						"type": "item",
						"stacksize": 1,
						"stock": {
							"avg": 1,
							"var": 0.5
						},
						"price": {
							"avg": 7,
							"var": 2.5
						}
					},
					{
						"code": "butterfly-dead-aegamorphomale",
						"type": "item",
						"stacksize": 1,
						"stock": {
							"avg": 1,
							"var": 0.5
						},
						"price": {
							"avg": 7,
							"var": 2.5
						}
					},
					{
						"code": "butterfly-dead-africancloudedyellowmale",
						"type": "item",
						"stacksize": 1,
						"stock": {
							"avg": 1,
							"var": 0.5
						},
						"price": {
							"avg": 7,
							"var": 2.5
						}
					},
					{
						"code": "butterfly-dead-africanmapwing",
						"type": "item",
						"stacksize": 1,
						"stock": {
							"avg": 1,
							"var": 0.5
						},
						"price": {
							"avg": 7,
							"var": 2.5
						}
					},
					{
						"code": "butterfly-dead-amberphantom",
						"type": "item",
						"stacksize": 1,
						"stock": {
							"avg": 1,
							"var": 0.5
						},
						"price": {
							"avg": 7,
							"var": 2.5
						}
					},
					{
						"code": "butterfly-dead-apollobutterflyfemale",
						"type": "item",
						"stacksize": 1,
						"stock": {
							"avg": 1,
							"var": 0.5
						},
						"price": {
							"avg": 7,
							"var": 2.5
						}
					},
					{
						"code": "butterfly-dead-apollobutterflymale",
						"type": "item",
						"stacksize": 1,
						"stock": {
							"avg": 1,
							"var": 0.5
						},
						"price": {
							"avg": 7,
							"var": 2.5
						}
					},
					{
						"code": "butterfly-dead-arcticwhitefemale",
						"type": "item",
						"stacksize": 1,
						"stock": {
							"avg": 1,
							"var": 0.5
						},
						"price": {
							"avg": 7,
							"var": 2.5
						}
					},
					{
						"code": "butterfly-dead-arcticwhitemale",
						"type": "item",
						"stacksize": 1,
						"stock": {
							"avg": 1,
							"var": 0.5
						},
						"price": {
							"avg": 7,
							"var": 2.5
						}
					},
					{
						"code": "butterfly-dead-atlasmothfemale",
						"type": "item",
						"stacksize": 1,
						"stock": {
							"avg": 1,
							"var": 0.5
						},
						"price": {
							"avg": 7,
							"var": 2.5
						}
					},
					{
						"code": "butterfly-dead-atlasmothmale",
						"type": "item",
						"stacksize": 1,
						"stock": {
							"avg": 1,
							"var": 0.5
						},
						"price": {
							"avg": 7,
							"var": 2.5
						}
					},
					{
						"code": "butterfly-dead-bloodredglidermale",
						"type": "item",
						"stacksize": 1,
						"stock": {
							"avg": 1,
							"var": 0.5
						},
						"price": {
							"avg": 7,
							"var": 2.5
						}
					},
					{
						"code": "butterfly-dead-bloodredgliderpalefemale",
						"type": "item",
						"stacksize": 1,
						"stock": {
							"avg": 1,
							"var": 0.5
						},
						"price": {
							"avg": 7,
							"var": 2.5
						}
					},
					{
						"code": "butterfly-dead-bloodredgliderredfemale",
						"type": "item",
						"stacksize": 1,
						"stock": {
							"avg": 1,
							"var": 0.5
						},
						"price": {
							"avg": 7,
							"var": 2.5
						}
					},
					{
						"code": "butterfly-dead-blueadmiral",
						"type": "item",
						"stacksize": 1,
						"stock": {
							"avg": 1,
							"var": 0.5
						},
						"price": {
							"avg": 7,
							"var": 2.5
						}
					},
					{
						"code": "butterfly-dead-bluepansyfemale",
						"type": "item",
						"stacksize": 1,
						"stock": {
							"avg": 1,
							"var": 0.5
						},
						"price": {
							"avg": 7,
							"var": 2.5
						}
					},
					{
						"code": "butterfly-dead-borderedrusticfemale",
						"type": "item",
						"stacksize": 1,
						"stock": {
							"avg": 1,
							"var": 0.5
						},
						"price": {
							"avg": 7,
							"var": 2.5
						}
					},
					{
						"code": "butterfly-dead-brownhairstreakmale",
						"type": "item",
						"stacksize": 1,
						"stock": {
							"avg": 1,
							"var": 0.5
						},
						"price": {
							"avg": 7,
							"var": 2.5
						}
					},
					{
						"code": "butterfly-dead-brownhairstreakmale",
						"type": "item",
						"stacksize": 1,
						"stock": {
							"avg": 1,
							"var": 0.5
						},
						"price": {
							"avg": 7,
							"var": 2.5
						}
					},
					{
						"code": "butterfly-dead-cardinalapollofemale",
						"type": "item",
						"stacksize": 1,
						"stock": {
							"avg": 1,
							"var": 0.5
						},
						"price": {
							"avg": 7,
							"var": 2.5
						}
					},
					{
						"code": "butterfly-dead-cardinalapollomale",
						"type": "item",
						"stacksize": 1,
						"stock": {
							"avg": 1,
							"var": 0.5
						},
						"price": {
							"avg": 7,
							"var": 2.5
						}
					},
					{
						"code": "butterfly-dead-checkeredwhitemale",
						"type": "item",
						"stacksize": 1,
						"stock": {
							"avg": 1,
							"var": 0.5
						},
						"price": {
							"avg": 7,
							"var": 2.5
						}
					},
					{
						"code": "butterfly-dead-checkeredwhitefemale",
						"type": "item",
						"stacksize": 1,
						"stock": {
							"avg": 1,
							"var": 0.5
						},
						"price": {
							"avg": 7,
							"var": 2.5
						}
					},
					{
						"code": "butterfly-dead-chestnuttiger",
						"type": "item",
						"stacksize": 1,
						"stock": {
							"avg": 1,
							"var": 0.5
						},
						"price": {
							"avg": 7,
							"var": 2.5
						}
					},
					{
						"code": "butterfly-dead-chocolatealbatrossdryseasonmale",
						"type": "item",
						"stacksize": 1,
						"stock": {
							"avg": 1,
							"var": 0.5
						},
						"price": {
							"avg": 7,
							"var": 2.5
						}
					},
					{
						"code": "butterfly-dead-chocolatealbatrosswetseasonfemale",
						"type": "item",
						"stacksize": 1,
						"stock": {
							"avg": 1,
							"var": 0.5
						},
						"price": {
							"avg": 7,
							"var": 2.5
						}
					},
					{
						"code": "butterfly-dead-chocolatealbatrosswetseasonmale",
						"type": "item",
						"stacksize": 1,
						"stock": {
							"avg": 1,
							"var": 0.5
						},
						"price": {
							"avg": 7,
							"var": 2.5
						}
					},
					{
						"code": "butterfly-dead-cleopatrafemale",
						"type": "item",
						"stacksize": 1,
						"stock": {
							"avg": 1,
							"var": 0.5
						},
						"price": {
							"avg": 7,
							"var": 2.5
						}
					},
					{
						"code": "butterfly-dead-cleopatramale",
						"type": "item",
						"stacksize": 1,
						"stock": {
							"avg": 1,
							"var": 0.5
						},
						"price": {
							"avg": 7,
							"var": 2.5
						}
					},
					{
						"code": "butterfly-dead-cloudedapollofemale",
						"type": "item",
						"stacksize": 1,
						"stock": {
							"avg": 1,
							"var": 0.5
						},
						"price": {
							"avg": 7,
							"var": 2.5
						}
					},
					{
						"code": "butterfly-dead-cloudedapollomale",
						"type": "item",
						"stacksize": 1,
						"stock": {
							"avg": 1,
							"var": 0.5
						},
						"price": {
							"avg": 7,
							"var": 2.5
						}
					},
					{
						"code": "butterfly-dead-comma",
						"type": "item",
						"stacksize": 1,
						"stock": {
							"avg": 1,
							"var": 0.5
						},
						"price": {
							"avg": 7,
							"var": 2.5
						}
					},
					{
						"code": "butterfly-dead-commaabdilutus",
						"type": "item",
						"stacksize": 1,
						"stock": {
							"avg": 1,
							"var": 0.5
						},
						"price": {
							"avg": 7,
							"var": 2.5
						}
					},
					{
						"code": "butterfly-dead-commonbrimstonefemale",
						"type": "item",
						"stacksize": 1,
						"stock": {
							"avg": 1,
							"var": 0.5
						},
						"price": {
							"avg": 7,
							"var": 2.5
						}
					},
					{
						"code": "butterfly-dead-commonbrimstonemale",
						"type": "item",
						"stacksize": 1,
						"stock": {
							"avg": 1,
							"var": 0.5
						},
						"price": {
							"avg": 7,
							"var": 2.5
						}
					},
					{
						"code": "butterfly-dead-commongreenbirdwingfemale",
						"type": "item",
						"stacksize": 1,
						"stock": {
							"avg": 1,
							"var": 0.5
						},
						"price": {
							"avg": 7,
							"var": 2.5
						}
					},
					{
						"code": "butterfly-dead-commongreenbirdwingmale",
						"type": "item",
						"stacksize": 1,
						"stock": {
							"avg": 1,
							"var": 0.5
						},
						"price": {
							"avg": 7,
							"var": 2.5
						}
					},
					{
						"code": "butterfly-dead-commongreencharaxes",
						"type": "item",
						"stacksize": 1,
						"stock": {
							"avg": 1,
							"var": 0.5
						},
						"price": {
							"avg": 7,
							"var": 2.5
						}
					},
					{
						"code": "butterfly-dead-commonmestra",
						"type": "item",
						"stacksize": 1,
						"stock": {
							"avg": 1,
							"var": 0.5
						},
						"price": {
							"avg": 7,
							"var": 2.5
						}
					},
					{
						"code": "butterfly-dead-commonwhitegliderfemale",
						"type": "item",
						"stacksize": 1,
						"stock": {
							"avg": 1,
							"var": 0.5
						},
						"price": {
							"avg": 7,
							"var": 2.5
						}
					},
					{
						"code": "butterfly-dead-commonyellowswallowtailfemale",
						"type": "item",
						"stacksize": 1,
						"stock": {
							"avg": 1,
							"var": 0.5
						},
						"price": {
							"avg": 7,
							"var": 2.5
						}
					},
					{
						"code": "butterfly-dead-commonyellowswallowtailmale",
						"type": "item",
						"stacksize": 1,
						"stock": {
							"avg": 1,
							"var": 0.5
						},
						"price": {
							"avg": 7,
							"var": 2.5
						}
					},
					{
						"code": "butterfly-dead-cynthiasfritillarymale",
						"type": "item",
						"stacksize": 1,
						"stock": {
							"avg": 1,
							"var": 0.5
						},
						"price": {
							"avg": 7,
							"var": 2.5
						}
					},
					{
						"code": "butterfly-dead-darkbluepansy",
						"type": "item",
						"stacksize": 1,
						"stock": {
							"avg": 1,
							"var": 0.5
						},
						"price": {
							"avg": 7,
							"var": 2.5
						}
					},
					{
						"code": "butterfly-dead-dawncloudedbutterflymale",
						"type": "item",
						"stacksize": 1,
						"stock": {
							"avg": 1,
							"var": 0.5
						},
						"price": {
							"avg": 7,
							"var": 2.5
						}
					},
					{
						"code": "butterfly-dead-dawncloudedbutterflywhitefemale",
						"type": "item",
						"stacksize": 1,
						"stock": {
							"avg": 1,
							"var": 0.5
						},
						"price": {
							"avg": 7,
							"var": 2.5
						}
					},
					{
						"code": "butterfly-dead-dawncloudedbutterflyyellowfemale",
						"type": "item",
						"stacksize": 1,
						"stock": {
							"avg": 1,
							"var": 0.5
						},
						"price": {
							"avg": 7,
							"var": 2.5
						}
					},
					{
						"code": "butterfly-dead-dottedglory",
						"type": "item",
						"stacksize": 1,
						"stock": {
							"avg": 1,
							"var": 0.5
						},
						"price": {
							"avg": 7,
							"var": 2.5
						}
					},
					{
						"code": "butterfly-dead-easterncommasummerform",
						"type": "item",
						"stacksize": 1,
						"stock": {
							"avg": 1,
							"var": 0.5
						},
						"price": {
							"avg": 7,
							"var": 2.5
						}
					},
					{
						"code": "butterfly-dead-easterntigerswallowtaildarkfemale",
						"type": "item",
						"stacksize": 1,
						"stock": {
							"avg": 1,
							"var": 0.5
						},
						"price": {
							"avg": 7,
							"var": 2.5
						}
					},
					{
						"code": "butterfly-dead-easterntigerswallowtailmale",
						"type": "item",
						"stacksize": 1,
						"stock": {
							"avg": 1,
							"var": 0.5
						},
						"price": {
							"avg": 7,
							"var": 2.5
						}
					},
					{
						"code": "butterfly-dead-edwardsforesterfemale",
						"type": "item",
						"stacksize": 1,
						"stock": {
							"avg": 1,
							"var": 0.5
						},
						"price": {
							"avg": 7,
							"var": 2.5
						}
					},
					{
						"code": "butterfly-dead-edwardsforestermale",
						"type": "item",
						"stacksize": 1,
						"stock": {
							"avg": 1,
							"var": 0.5
						},
						"price": {
							"avg": 7,
							"var": 2.5
						}
					},
					{
						"code": "butterfly-dead-emeraldswallowtail",
						"type": "item",
						"stacksize": 1,
						"stock": {
							"avg": 1,
							"var": 0.5
						},
						"price": {
							"avg": 7,
							"var": 2.5
						}
					},
					{
						"code": "butterfly-dead-eroessachiliensisfemale",
						"type": "item",
						"stacksize": 1,
						"stock": {
							"avg": 1,
							"var": 0.5
						},
						"price": {
							"avg": 7,
							"var": 2.5
						}
					},
					{
						"code": "butterfly-dead-eroessachiliensismale",
						"type": "item",
						"stacksize": 1,
						"stock": {
							"avg": 1,
							"var": 0.5
						},
						"price": {
							"avg": 7,
							"var": 2.5
						}
					},
					{
						"code": "butterfly-dead-falsecomma",
						"type": "item",
						"stacksize": 1,
						"stock": {
							"avg": 1,
							"var": 0.5
						},
						"price": {
							"avg": 7,
							"var": 2.5
						}
					},
					{
						"code": "butterfly-dead-freyerspurpleemperormale",
						"type": "item",
						"stacksize": 1,
						"stock": {
							"avg": 1,
							"var": 0.5
						},
						"price": {
							"avg": 7,
							"var": 2.5
						}
					},
					{
						"code": "butterfly-dead-gardentigermothmale",
						"type": "item",
						"stacksize": 1,
						"stock": {
							"avg": 1,
							"var": 0.5
						},
						"price": {
							"avg": 7,
							"var": 2.5
						}
					},
					{
						"code": "butterfly-dead-giantnorthernsulfurfemale",
						"type": "item",
						"stacksize": 1,
						"stock": {
							"avg": 1,
							"var": 0.5
						},
						"price": {
							"avg": 7,
							"var": 2.5
						}
					},
					{
						"code": "butterfly-dead-giantnorthernsulfurmale",
						"type": "item",
						"stacksize": 1,
						"stock": {
							"avg": 1,
							"var": 0.5
						},
						"price": {
							"avg": 7,
							"var": 2.5
						}
					},
					{
						"code": "butterfly-dead-godartsnumberwing",
						"type": "item",
						"stacksize": 1,
						"stock": {
							"avg": 1,
							"var": 0.5
						},
						"price": {
							"avg": 7,
							"var": 2.5
						}
					},
					{
						"code": "butterfly-dead-goldbandedforester",
						"type": "item",
						"stacksize": 1,
						"stock": {
							"avg": 1,
							"var": 0.5
						},
						"price": {
							"avg": 7,
							"var": 2.5
						}
					},
					{
						"code": "butterfly-dead-goldenbirdwingfemale",
						"type": "item",
						"stacksize": 1,
						"stock": {
							"avg": 1,
							"var": 0.5
						},
						"price": {
							"avg": 7,
							"var": 2.5
						}
					},
					{
						"code": "butterfly-dead-goldenbirdwingmale",
						"type": "item",
						"stacksize": 1,
						"stock": {
							"avg": 1,
							"var": 0.5
						},
						"price": {
							"avg": 7,
							"var": 2.5
						}
					},
					{
						"code": "butterfly-dead-goldenjezebelfemale",
						"type": "item",
						"stacksize": 1,
						"stock": {
							"avg": 1,
							"var": 0.5
						},
						"price": {
							"avg": 7,
							"var": 2.5
						}
					},
					{
						"code": "butterfly-dead-goldenjezebelmale",
						"type": "item",
						"stacksize": 1,
						"stock": {
							"avg": 1,
							"var": 0.5
						},
						"price": {
							"avg": 7,
							"var": 2.5
						}
					},
					{
						"code": "butterfly-dead-goliathbirdwingmale",
						"type": "item",
						"stacksize": 1,
						"stock": {
							"avg": 1,
							"var": 0.5
						},
						"price": {
							"avg": 7,
							"var": 2.5
						}
					},
					{
						"code": "butterfly-dead-grapevineepimenis",
						"type": "item",
						"stacksize": 1,
						"stock": {
							"avg": 1,
							"var": 0.5
						},
						"price": {
							"avg": 7,
							"var": 2.5
						}
					},
					{
						"code": "butterfly-dead-grayhairstreak",
						"type": "item",
						"stacksize": 1,
						"stock": {
							"avg": 1,
							"var": 0.5
						},
						"price": {
							"avg": 7,
							"var": 2.5
						}
					},
					{
						"code": "butterfly-dead-graypansy",
						"type": "item",
						"stacksize": 1,
						"stock": {
							"avg": 1,
							"var": 0.5
						},
						"price": {
							"avg": 7,
							"var": 2.5
						}
					},
					{
						"code": "butterfly-dead-greenhairstreakmale",
						"type": "item",
						"stacksize": 1,
						"stock": {
							"avg": 1,
							"var": 0.5
						},
						"price": {
							"avg": 7,
							"var": 2.5
						}
					},
					{
						"code": "butterfly-dead-greenveinedwhitefemale",
						"type": "item",
						"stacksize": 1,
						"stock": {
							"avg": 1,
							"var": 0.5
						},
						"price": {
							"avg": 7,
							"var": 2.5
						}
					},
					{
						"code": "butterfly-dead-greenveinedwhitemale",
						"type": "item",
						"stacksize": 1,
						"stock": {
							"avg": 1,
							"var": 0.5
						},
						"price": {
							"avg": 7,
							"var": 2.5
						}
					},
					{
						"code": "butterfly-dead-ireniametalmark",
						"type": "item",
						"stacksize": 1,
						"stock": {
							"avg": 1,
							"var": 0.5
						},
						"price": {
							"avg": 7,
							"var": 2.5
						}
					},
					{
						"code": "butterfly-dead-juttaarctic",
						"type": "item",
						"stacksize": 1,
						"stock": {
							"avg": 1,
							"var": 0.5
						},
						"price": {
							"avg": 7,
							"var": 2.5
						}
					},
					{
						"code": "butterfly-dead-largebluefemale",
						"type": "item",
						"stacksize": 1,
						"stock": {
							"avg": 1,
							"var": 0.5
						},
						"price": {
							"avg": 7,
							"var": 2.5
						}
					},
					{
						"code": "butterfly-dead-largeorangesulphurfemale",
						"type": "item",
						"stacksize": 1,
						"stock": {
							"avg": 1,
							"var": 0.5
						},
						"price": {
							"avg": 7,
							"var": 2.5
						}
					},
					{
						"code": "butterfly-dead-largeorangesulphurmale",
						"type": "item",
						"stacksize": 1,
						"stock": {
							"avg": 1,
							"var": 0.5
						},
						"price": {
							"avg": 7,
							"var": 2.5
						}
					},
					{
						"code": "butterfly-dead-largeorangesulphurwhitefemale",
						"type": "item",
						"stacksize": 1,
						"stock": {
							"avg": 1,
							"var": 0.5
						},
						"price": {
							"avg": 7,
							"var": 2.5
						}
					},
					{
						"code": "butterfly-dead-largewhitefemale",
						"type": "item",
						"stacksize": 1,
						"stock": {
							"avg": 1,
							"var": 0.5
						},
						"price": {
							"avg": 7,
							"var": 2.5
						}
					},
					{
						"code": "butterfly-dead-largewhitemale",
						"type": "item",
						"stacksize": 1,
						"stock": {
							"avg": 1,
							"var": 0.5
						},
						"price": {
							"avg": 7,
							"var": 2.5
						}
					},
					{
						"code": "butterfly-dead-lemonemigrantalcmeoneformmale",
						"type": "item",
						"stacksize": 1,
						"stock": {
							"avg": 1,
							"var": 0.5
						},
						"price": {
							"avg": 7,
							"var": 2.5
						}
					},
					{
						"code": "butterfly-dead-lemonemigrantfemale",
						"type": "item",
						"stacksize": 1,
						"stock": {
							"avg": 1,
							"var": 0.5
						},
						"price": {
							"avg": 7,
							"var": 2.5
						}
					},
					{
						"code": "butterfly-dead-lemonemigranthilariaformmale",
						"type": "item",
						"stacksize": 1,
						"stock": {
							"avg": 1,
							"var": 0.5
						},
						"price": {
							"avg": 7,
							"var": 2.5
						}
					},
					{
						"code": "butterfly-dead-limehawkmoth",
						"type": "item",
						"stacksize": 1,
						"stock": {
							"avg": 1,
							"var": 0.5
						},
						"price": {
							"avg": 7,
							"var": 2.5
						}
					},
					{
						"code": "butterfly-dead-macrocosmamoth",
						"type": "item",
						"stacksize": 1,
						"stock": {
							"avg": 1,
							"var": 0.5
						},
						"price": {
							"avg": 7,
							"var": 2.5
						}
					},
					{
						"code": "butterfly-dead-madagascansunsetmoth",
						"type": "item",
						"stacksize": 1,
						"stock": {
							"avg": 1,
							"var": 0.5
						},
						"price": {
							"avg": 7,
							"var": 2.5
						}
					},
					{
						"code": "butterfly-dead-malachitebutterfly",
						"type": "item",
						"stacksize": 1,
						"stock": {
							"avg": 1,
							"var": 0.5
						},
						"price": {
							"avg": 7,
							"var": 2.5
						}
					},
					{
						"code": "butterfly-dead-mapbutterflymalespringform",
						"type": "item",
						"stacksize": 1,
						"stock": {
							"avg": 1,
							"var": 0.5
						},
						"price": {
							"avg": 7,
							"var": 2.5
						}
					},
					{
						"code": "butterfly-dead-mapbutterflymalesummerform",
						"type": "item",
						"stacksize": 1,
						"stock": {
							"avg": 1,
							"var": 0.5
						},
						"price": {
							"avg": 7,
							"var": 2.5
						}
					},
					{
						"code": "butterfly-dead-meadowbluemale",
						"type": "item",
						"stacksize": 1,
						"stock": {
							"avg": 1,
							"var": 0.5
						},
						"price": {
							"avg": 7,
							"var": 2.5
						}
					},
					{
						"code": "butterfly-dead-meadowbrownfemale",
						"type": "item",
						"stacksize": 1,
						"stock": {
							"avg": 1,
							"var": 0.5
						},
						"price": {
							"avg": 7,
							"var": 2.5
						}
					},
					{
						"code": "butterfly-dead-meadowbrownmale",
						"type": "item",
						"stacksize": 1,
						"stock": {
							"avg": 1,
							"var": 0.5
						},
						"price": {
							"avg": 7,
							"var": 2.5
						}
					},
					{
						"code": "butterfly-dead-mexicanmarbledwhitefemale",
						"type": "item",
						"stacksize": 1,
						"stock": {
							"avg": 1,
							"var": 0.5
						},
						"price": {
							"avg": 7,
							"var": 2.5
						}
					},
					{
						"code": "butterfly-dead-mexicanmarbledwhitemale",
						"type": "item",
						"stacksize": 1,
						"stock": {
							"avg": 1,
							"var": 0.5
						},
						"price": {
							"avg": 7,
							"var": 2.5
						}
					},
					{
						"code": "butterfly-dead-milbertstortoiseshellfemale",
						"type": "item",
						"stacksize": 1,
						"stock": {
							"avg": 1,
							"var": 0.5
						},
						"price": {
							"avg": 7,
							"var": 2.5
						}
					},
					{
						"code": "butterfly-dead-milbertstortoiseshellmale",
						"type": "item",
						"stacksize": 1,
						"stock": {
							"avg": 1,
							"var": 0.5
						},
						"price": {
							"avg": 7,
							"var": 2.5
						}
					},
					{
						"code": "butterfly-dead-monarch",
						"type": "item",
						"stacksize": 1,
						"stock": {
							"avg": 1,
							"var": 0.5
						},
						"price": {
							"avg": 7,
							"var": 2.5
						}
					},
					{
						"code": "butterfly-dead-morphoportis",
						"type": "item",
						"stacksize": 1,
						"stock": {
							"avg": 1,
							"var": 0.5
						},
						"price": {
							"avg": 7,
							"var": 2.5
						}
					},
					{
						"code": "butterfly-dead-mountainapollofemale",
						"type": "item",
						"stacksize": 1,
						"stock": {
							"avg": 1,
							"var": 0.5
						},
						"price": {
							"avg": 7,
							"var": 2.5
						}
					},
					{
						"code": "butterfly-dead-mourningcloak",
						"type": "item",
						"stacksize": 1,
						"stock": {
							"avg": 1,
							"var": 0.5
						},
						"price": {
							"avg": 7,
							"var": 2.5
						}
					},
					{
						"code": "butterfly-dead-nessusleafwingmale",
						"type": "item",
						"stacksize": 1,
						"stock": {
							"avg": 1,
							"var": 0.5
						},
						"price": {
							"avg": 7,
							"var": 2.5
						}
					},
					{
						"code": "butterfly-dead-nessusleafwingmale",
						"type": "item",
						"stacksize": 1,
						"stock": {
							"avg": 1,
							"var": 0.5
						},
						"price": {
							"avg": 7,
							"var": 2.5
						}
					},
					{
						"code": "butterfly-dead-northernbrownargusfemale",
						"type": "item",
						"stacksize": 1,
						"stock": {
							"avg": 1,
							"var": 0.5
						},
						"price": {
							"avg": 7,
							"var": 2.5
						}
					},
					{
						"code": "butterfly-dead-northernbrownargusmale",
						"type": "item",
						"stacksize": 1,
						"stock": {
							"avg": 1,
							"var": 0.5
						},
						"price": {
							"avg": 7,
							"var": 2.5
						}
					},
					{
						"code": "butterfly-dead-nyctemerakinabaluensis",
						"type": "item",
						"stacksize": 1,
						"stock": {
							"avg": 1,
							"var": 0.5
						},
						"price": {
							"avg": 7,
							"var": 2.5
						}
					},
					{
						"code": "butterfly-dead-oleanderhawkmothmale",
						"type": "item",
						"stacksize": 1,
						"stock": {
							"avg": 1,
							"var": 0.5
						},
						"price": {
							"avg": 7,
							"var": 2.5
						}
					},
					{
						"code": "butterfly-dead-orangebarredsulphurmale",
						"type": "item",
						"stacksize": 1,
						"stock": {
							"avg": 1,
							"var": 0.5
						},
						"price": {
							"avg": 7,
							"var": 2.5
						}
					},
					{
						"code": "butterfly-dead-orangebarredsulphurthalestrisredfemale",
						"type": "item",
						"stacksize": 1,
						"stock": {
							"avg": 1,
							"var": 0.5
						},
						"price": {
							"avg": 7,
							"var": 2.5
						}
					},
					{
						"code": "butterfly-dead-orangebarredsulphurthalestrisyellowfemale",
						"type": "item",
						"stacksize": 1,
						"stock": {
							"avg": 1,
							"var": 0.5
						},
						"price": {
							"avg": 7,
							"var": 2.5
						}
					},
					{
						"code": "butterfly-dead-orangeemigrantfemale",
						"type": "item",
						"stacksize": 1,
						"stock": {
							"avg": 1,
							"var": 0.5
						},
						"price": {
							"avg": 7,
							"var": 2.5
						}
					},
					{
						"code": "butterfly-dead-orangeemigrantmale",
						"type": "item",
						"stacksize": 1,
						"stock": {
							"avg": 1,
							"var": 0.5
						},
						"price": {
							"avg": 7,
							"var": 2.5
						}
					},
					{
						"code": "butterfly-dead-orangetiger",
						"type": "item",
						"stacksize": 1,
						"stock": {
							"avg": 1,
							"var": 0.5
						},
						"price": {
							"avg": 7,
							"var": 2.5
						}
					},
					{
						"code": "butterfly-dead-orangetipfemale",
						"type": "item",
						"stacksize": 1,
						"stock": {
							"avg": 1,
							"var": 0.5
						},
						"price": {
							"avg": 7,
							"var": 2.5
						}
					},
					{
						"code": "butterfly-dead-orangetipmale",
						"type": "item",
						"stacksize": 1,
						"stock": {
							"avg": 1,
							"var": 0.5
						},
						"price": {
							"avg": 7,
							"var": 2.5
						}
					},
					{
						"code": "butterfly-dead-orangetippedanglesulfur",
						"type": "item",
						"stacksize": 1,
						"stock": {
							"avg": 1,
							"var": 0.5
						},
						"price": {
							"avg": 7,
							"var": 2.5
						}
					},
					{
						"code": "butterfly-dead-ornithopterapriamuseuphorionabgoldenmale",
						"type": "item",
						"stacksize": 1,
						"stock": {
							"avg": 1,
							"var": 0.5
						},
						"price": {
							"avg": 7,
							"var": 2.5
						}
					},
					{
						"code": "butterfly-dead-ornithopterapriamusmiokensismale",
						"type": "item",
						"stacksize": 1,
						"stock": {
							"avg": 1,
							"var": 0.5
						},
						"price": {
							"avg": 7,
							"var": 2.5
						}
					},
					{
						"code": "butterfly-dead-paintedbeauty",
						"type": "item",
						"stacksize": 1,
						"stock": {
							"avg": 1,
							"var": 0.5
						},
						"price": {
							"avg": 7,
							"var": 2.5
						}
					},
					{
						"code": "butterfly-dead-peacock",
						"type": "item",
						"stacksize": 1,
						"stock": {
							"avg": 1,
							"var": 0.5
						},
						"price": {
							"avg": 7,
							"var": 2.5
						}
					},
					{
						"code": "butterfly-dead-peacockpansy",
						"type": "item",
						"stacksize": 1,
						"stock": {
							"avg": 1,
							"var": 0.5
						},
						"price": {
							"avg": 7,
							"var": 2.5
						}
					},
					{
						"code": "butterfly-dead-pearlcharaxesfemale",
						"type": "item",
						"stacksize": 1,
						"stock": {
							"avg": 1,
							"var": 0.5
						},
						"price": {
							"avg": 7,
							"var": 2.5
						}
					},
					{
						"code": "butterfly-dead-pearlcharaxesmale",
						"type": "item",
						"stacksize": 1,
						"stock": {
							"avg": 1,
							"var": 0.5
						},
						"price": {
							"avg": 7,
							"var": 2.5
						}
					},
					{
						"code": "butterfly-dead-purpleedgedcoppermale",
						"type": "item",
						"stacksize": 1,
						"stock": {
							"avg": 1,
							"var": 0.5
						},
						"price": {
							"avg": 7,
							"var": 2.5
						}
					},
					{
						"code": "butterfly-dead-purpleemperorfemale",
						"type": "item",
						"stacksize": 1,
						"stock": {
							"avg": 1,
							"var": 0.5
						},
						"price": {
							"avg": 7,
							"var": 2.5
						}
					},
					{
						"code": "butterfly-dead-purpleemperormale",
						"type": "item",
						"stacksize": 1,
						"stock": {
							"avg": 1,
							"var": 0.5
						},
						"price": {
							"avg": 7,
							"var": 2.5
						}
					},
					{
						"code": "butterfly-dead-purplespottedswallowtail",
						"type": "item",
						"stacksize": 1,
						"stock": {
							"avg": 1,
							"var": 0.5
						},
						"price": {
							"avg": 7,
							"var": 2.5
						}
					},
					{
						"code": "butterfly-dead-purplishcopperfemale",
						"type": "item",
						"stacksize": 1,
						"stock": {
							"avg": 1,
							"var": 0.5
						},
						"price": {
							"avg": 7,
							"var": 2.5
						}
					},
					{
						"code": "butterfly-dead-purplishcoppermale",
						"type": "item",
						"stacksize": 1,
						"stock": {
							"avg": 1,
							"var": 0.5
						},
						"price": {
							"avg": 7,
							"var": 2.5
						}
					},
					{
						"code": "butterfly-dead-queenvictoriasbirdwingmale",
						"type": "item",
						"stacksize": 1,
						"stock": {
							"avg": 1,
							"var": 0.5
						},
						"price": {
							"avg": 7,
							"var": 2.5
						}
					},
					{
						"code": "butterfly-dead-redadmiral",
						"type": "item",
						"stacksize": 1,
						"stock": {
							"avg": 1,
							"var": 0.5
						},
						"price": {
							"avg": 7,
							"var": 2.5
						}
					},
					{
						"code": "butterfly-dead-rockgraylingmale",
						"type": "item",
						"stacksize": 1,
						"stock": {
							"avg": 1,
							"var": 0.5
						},
						"price": {
							"avg": 7,
							"var": 2.5
						}
					},
					{
						"code": "butterfly-dead-rustic",
						"type": "item",
						"stacksize": 1,
						"stock": {
							"avg": 1,
							"var": 0.5
						},
						"price": {
							"avg": 7,
							"var": 2.5
						}
					},
					{
						"code": "butterfly-dead-sagebrushgirdlemoth",
						"type": "item",
						"stacksize": 1,
						"stock": {
							"avg": 1,
							"var": 0.5
						},
						"price": {
							"avg": 7,
							"var": 2.5
						}
					},
					{
						"code": "butterfly-dead-scarletmormonfemale",
						"type": "item",
						"stacksize": 1,
						"stock": {
							"avg": 1,
							"var": 0.5
						},
						"price": {
							"avg": 7,
							"var": 2.5
						}
					},
					{
						"code": "butterfly-dead-scarletmormonmale",
						"type": "item",
						"stacksize": 1,
						"stock": {
							"avg": 1,
							"var": 0.5
						},
						"price": {
							"avg": 7,
							"var": 2.5
						}
					},
					{
						"code": "butterfly-dead-silkyowl",
						"type": "item",
						"stacksize": 1,
						"stock": {
							"avg": 1,
							"var": 0.5
						},
						"price": {
							"avg": 7,
							"var": 2.5
						}
					},
					{
						"code": "butterfly-dead-silverybluemale",
						"type": "item",
						"stacksize": 1,
						"stock": {
							"avg": 1,
							"var": 0.5
						},
						"price": {
							"avg": 7,
							"var": 2.5
						}
					},
					{
						"code": "butterfly-dead-smallcopperabschmidtiifemale",
						"type": "item",
						"stacksize": 1,
						"stock": {
							"avg": 1,
							"var": 0.5
						},
						"price": {
							"avg": 7,
							"var": 2.5
						}
					},
					{
						"code": "butterfly-dead-smallcoppermale",
						"type": "item",
						"stacksize": 1,
						"stock": {
							"avg": 1,
							"var": 0.5
						},
						"price": {
							"avg": 7,
							"var": 2.5
						}
					},
					{
						"code": "butterfly-dead-smallheathfemale",
						"type": "item",
						"stacksize": 1,
						"stock": {
							"avg": 1,
							"var": 0.5
						},
						"price": {
							"avg": 7,
							"var": 2.5
						}
					},
					{
						"code": "butterfly-dead-smallheathmale",
						"type": "item",
						"stacksize": 1,
						"stock": {
							"avg": 1,
							"var": 0.5
						},
						"price": {
							"avg": 7,
							"var": 2.5
						}
					},
					{
						"code": "butterfly-dead-smalltortoiseshell",
						"type": "item",
						"stacksize": 1,
						"stock": {
							"avg": 1,
							"var": 0.5
						},
						"price": {
							"avg": 7,
							"var": 2.5
						}
					},
					{
						"code": "butterfly-dead-smallwhitefemale",
						"type": "item",
						"stacksize": 1,
						"stock": {
							"avg": 1,
							"var": 0.5
						},
						"price": {
							"avg": 7,
							"var": 2.5
						}
					},
					{
						"code": "butterfly-dead-smallwhitemale",
						"type": "item",
						"stacksize": 1,
						"stock": {
							"avg": 1,
							"var": 0.5
						},
						"price": {
							"avg": 7,
							"var": 2.5
						}
					},
					{
						"code": "butterfly-dead-southerndogfacemale",
						"type": "item",
						"stacksize": 1,
						"stock": {
							"avg": 1,
							"var": 0.5
						},
						"price": {
							"avg": 7,
							"var": 2.5
						}
					},
					{
						"code": "butterfly-dead-southerndogfacewhitefemale",
						"type": "item",
						"stacksize": 1,
						"stock": {
							"avg": 1,
							"var": 0.5
						},
						"price": {
							"avg": 7,
							"var": 2.5
						}
					},
					{
						"code": "butterfly-dead-southerndogfaceyellowfemale",
						"type": "item",
						"stacksize": 1,
						"stock": {
							"avg": 1,
							"var": 0.5
						},
						"price": {
							"avg": 7,
							"var": 2.5
						}
					},
					{
						"code": "butterfly-dead-stichelseyemarkfemale",
						"type": "item",
						"stacksize": 1,
						"stock": {
							"avg": 1,
							"var": 0.5
						},
						"price": {
							"avg": 7,
							"var": 2.5
						}
					},
					{
						"code": "butterfly-dead-stichelseyemarkmale",
						"type": "item",
						"stacksize": 1,
						"stock": {
							"avg": 1,
							"var": 0.5
						},
						"price": {
							"avg": 7,
							"var": 2.5
						}
					},
					{
						"code": "butterfly-dead-tawnycoster",
						"type": "item",
						"stacksize": 1,
						"stock": {
							"avg": 1,
							"var": 0.5
						},
						"price": {
							"avg": 7,
							"var": 2.5
						}
					},
					{
						"code": "butterfly-dead-thalainachionoptila",
						"type": "item",
						"stacksize": 1,
						"stock": {
							"avg": 1,
							"var": 0.5
						},
						"price": {
							"avg": 7,
							"var": 2.5
						}
					},
					{
						"code": "butterfly-dead-theanoalpinemale",
						"type": "item",
						"stacksize": 1,
						"stock": {
							"avg": 1,
							"var": 0.5
						},
						"price": {
							"avg": 7,
							"var": 2.5
						}
					},
					{
						"code": "butterfly-dead-tropicalwhitedryseasonfemale",
						"type": "item",
						"stacksize": 1,
						"stock": {
							"avg": 1,
							"var": 0.5
						},
						"price": {
							"avg": 7,
							"var": 2.5
						}
					},
					{
						"code": "butterfly-dead-tropicalwhitemale",
						"type": "item",
						"stacksize": 1,
						"stock": {
							"avg": 1,
							"var": 0.5
						},
						"price": {
							"avg": 7,
							"var": 2.5
						}
					},
					{
						"code": "butterfly-dead-tropicalwhitewetseasonfemale",
						"type": "item",
						"stacksize": 1,
						"stock": {
							"avg": 1,
							"var": 0.5
						},
						"price": {
							"avg": 7,
							"var": 2.5
						}
					},
					{
						"code": "butterfly-dead-twobarredflasher",
						"type": "item",
						"stacksize": 1,
						"stock": {
							"avg": 1,
							"var": 0.5
						},
						"price": {
							"avg": 7,
							"var": 2.5
						}
					},
					{
						"code": "butterfly-dead-wallacesgoldenbirdwingmale",
						"type": "item",
						"stacksize": 1,
						"stock": {
							"avg": 1,
							"var": 0.5
						},
						"price": {
							"avg": 7,
							"var": 2.5
						}
					},
					{
						"code": "butterfly-dead-westernbluecharaxesfemale",
						"type": "item",
						"stacksize": 1,
						"stock": {
							"avg": 1,
							"var": 0.5
						},
						"price": {
							"avg": 7,
							"var": 2.5
						}
					},
					{
						"code": "butterfly-dead-westernbluecharaxesmale",
						"type": "item",
						"stacksize": 1,
						"stock": {
							"avg": 1,
							"var": 0.5
						},
						"price": {
							"avg": 7,
							"var": 2.5
						}
					},
					{
						"code": "butterfly-dead-whiteangledsulphurmale",
						"type": "item",
						"stacksize": 1,
						"stock": {
							"avg": 1,
							"var": 0.5
						},
						"price": {
							"avg": 7,
							"var": 2.5
						}
					},
					{
						"code": "butterfly-dead-woodwhitefemale",
						"type": "item",
						"stacksize": 1,
						"stock": {
							"avg": 1,
							"var": 0.5
						},
						"price": {
							"avg": 7,
							"var": 2.5
						}
					},
					{
						"code": "butterfly-dead-woodwhitemale",
						"type": "item",
						"stacksize": 1,
						"stock": {
							"avg": 1,
							"var": 0.5
						},
						"price": {
							"avg": 7,
							"var": 2.5
						}
					},
					{
						"code": "butterfly-dead-yellowpansyfemale",
						"type": "item",
						"stacksize": 1,
						"stock": {
							"avg": 1,
							"var": 0.5
						},
						"price": {
							"avg": 7,
							"var": 2.5
						}
					},
					{
						"code": "butterfly-dead-yellowpansymale",
						"type": "item",
						"stacksize": 1,
						"stock": {
							"avg": 1,
							"var": 0.5
						},
						"price": {
							"avg": 7,
							"var": 2.5
						}
					}
					
				]
			}
		}
	},
	"server": {
		"attributes": {
			"pathfinder": {
				"minTurnAnglePerSec": 720,
				"maxTurnAnglePerSec": 1440
			}

		},
		"behaviors": [
			{ "code": "nametag", "showtagonlywhentargeted": true,
				"selectFromRandomName": ["Martin", "Mett", "Tori", "Emitt", "Evan", "Tommy", "Lenny"] },
			{ "code": "repulseagents" },
			{ "code": "controlledphysics", "stepHeight": 1.01 },
			{ "code": "reviveondeath", "minHours": 24, "maxHours": 72 },
			{ "code": "health", "currenthealth": 25, "maxhealth": 25 },
			{
				"code": "emotionstates",
				"states": [
					{ "code": "aggressiveondamage", "duration": 6, "chance": 0.6, "slot": 0, "priority": 2, "accumType": "noaccum" },
					{ "code": "fleeondamage", "duration": 10, "chance": 0.4, "slot": 0, "priority": 1, "accumType": "max" }
				]
			},
			{
				"code": "taskai",
				"aitasks": [
					{
						"code": "meleeattack",
						"entityCodes": ["player"],
						"priority": 2,
						"damage": 5,
						"mincooldown": 2500,
						"maxcooldown": 3500,
						"attackDurationMs": 900,
						"damagePlayerAtMs": 300,
						"animation": "Attack",
						"animationSpeed": 2,
						"whenInEmotionState": "aggressiveondamage"
					},
					{
						"code": "seekentity",
						"entityCodes": ["player"],
						"priority": 1.5,
						"mincooldown": 1000,
						"maxcooldown": 1500,
						"seekingRange": 20,
						"movespeed": 0.035,
						"animation": "Run",
						"animationSpeed": 1.75,
						"whenInEmotionState": "aggressiveondamage"
					},
					{
						"code": "fleeentity",
						"entityCodes": ["player"],
						"priority": 1.5,
						"movespeed": 0.035,
						"seekingRange": 12,
						"animation": "Run",
						"animationSpeed": 1.75,
						"whenInEmotionState": "fleeondamage"
					},
					{
						"code": "idle",
						"priority": 1.2,
						"minduration": 2500,
						"maxduration": 2500,
						"mincooldown": 2000,
						"maxcooldown": 10000,
						"animation": "laugh"
					},
					{
						"code": "idle",
						"priority": 1.2,
						"minduration": 2500,
						"maxduration": 2500,
						"mincooldown": 5000,
						"maxcooldown": 30000,
						"animation": "idle2"
					},
					{
						"code": "wander",
						"priority": 1.0,
						"movespeed": 0.01,
						"animation": "Walk",
						"wanderChance": 0.005,
						"maxDistanceToSpawn": 4,
						"wanderRangeMin": 1,
						"wanderRangeMax": 3,
						"teleportWhenOutOfRange": true,
						"teleportInGameHours": 1
					},
					{
						"code": "lookaround",
						"priority": 0.5
					}
				]
			},
			{ "code": "conversable", "dialogue": "config/dialogue/trader" }
		]
	},
	"sounds": {
	}
}