{
	"code": "humanoid-trader-sommelier",
	"class": "EntityTrader",
	"canClimb": true,
	"hitboxSize": { "x": 0.6, "y": 1.75 },
	"deadHitboxSize": { "x": 0.75, "y": 0.5 },
	"client": {
		"renderer": "Shape",
		"shape": { "base": "entity/humanoid/trader" },
		"texture": { "base": "entity/humanoid/trader", "alternates": [
			{ "base": "entity/humanoid/traderclothes/set1" },
			{ "base": "entity/humanoid/traderclothes/set2" },
			{ "base": "entity/humanoid/traderclothes/set3" },
			{ "base": "entity/humanoid/traderclothes/set4" },
			{ "base": "entity/humanoid/traderclothes/set5" }
		] },
		"behaviors": [
			{ "code": "nametag", "showtagonlywhentargeted": true },
			{ "code": "repulseagents" },
			{ "code": "controlledphysics", "stepHeight": 1.01 },
			{ "code": "interpolateposition" },
			{ "code": "conversable", "dialogue": "config/dialogue/trader" }
		],
		"animations": [
			{
				"code": "die",
				"animation": "die",
				"animationSpeed": 1.75,
				"weight": 10,
				"blendMode": "AddAverage"
			},
			{
				"code": "hurt",
				"animation": "hurt",
				"animationSpeed": 2,
				"blendMode": "AddAverage"
			},
			{ "code": "rowdywelcome", "animation": "rowdywelcome", "blendMode": "AddAverage" },
			{ "code": "lazywelcome", "animation": "lazywelcome", "blendMode": "AddAverage" },
			{ "code": "lazynod", "animation": "lazynod", "blendMode": "AddAverage" }
		]
	},
	"attributes": {
		"tradeProps": {
			"money": { "avg": 100, "var": 20 },
//Торговець продає гравцю
			"selling": {
				"maxItems": 8,
				"list": [
					{
						"code": "woodbucket",
						"type": "block",
						"stacksize": 4,
						"stock": {
							"avg": 4,
							"var": 0.25
						},
						"price": {
							"avg": 4,
							"var": 0.25
						}
					},
					{
						"code": "cheese-waxedcheddar-4slice",
						"type": "item",
						"stacksize": 1,
						"stock": {
							"avg": 4,
							"var": 0.25
						},
						"price": {
							"avg": 10,
							"var": 2.5
						}
					},
					{
						"code": "cheese-blue-4slice",
						"type": "item",
						"stacksize": 1,
						"stock": {
							"avg": 4,
							"var": 0.25
						},
						"price": {
							"avg": 8,
							"var": 2
						}
					},
					{
						"code": "jug-blue-fired",
						"type": "block",
						"stacksize": 1,
						"stock": {
							"avg": 4,
							"var": 0.25
						},
						"price": {
							"avg": 3,
							"var": 0.25
						}
					},
					{
						"code": "jug-fire-fired",
						"type": "block",
						"stacksize": 1,
						"stock": {
							"avg": 4,
							"var": 0.25
						},
						"price": {
							"avg": 3,
							"var": 0.25
						}
					},
					{
						"code": "jug-black-fired",
						"type": "block",
						"stacksize": 1,
						"stock": {
							"avg": 4,
							"var": 0.25
						},
						"price": {
							"avg": 3,
							"var": 0.25
						}
					},
					{
						"code": "jug-brown-fired",
						"type": "block",
						"stacksize": 1,
						"stock": {
							"avg": 4,
							"var": 0.25
						},
						"price": {
							"avg": 3,
							"var": 0.25
						}
					},
					{
						"code": "jug-cream-fired",
						"type": "block",
						"stacksize": 1,
						"stock": {
							"avg": 4,
							"var": 0.25
						},
						"price": {
							"avg": 3,
							"var": 0.25
						}
					},
					{
						"code": "jug-gray-fired",
						"type": "block",
						"stacksize": 1,
						"stock": {
							"avg": 4,
							"var": 0.25
						},
						"price": {
							"avg": 3,
							"var": 0.25
						}
					},
					{
						"code": "jug-orange-fired",
						"type": "block",
						"stacksize": 1,
						"stock": {
							"avg": 4,
							"var": 0.25
						},
						"price": {
							"avg": 3,
							"var": 0.25
						}
					},
					{
						"code": "jug-red-fired",
						"type": "block",
						"stacksize": 1,
						"stock": {
							"avg": 4,
							"var": 0.25
						},
						"price": {
							"avg": 3,
							"var": 0.25
						}
					},
					{
						"code": "jug-tan-fired",
						"type": "block",
						"stacksize": 1,
						"stock": {
							"avg": 4,
							"var": 0.25
						},
						"price": {
							"avg": 3,
							"var": 0.25
						}
					},
				]
			},
			//Торговець купляє у гравця
			"buying": {
				"maxItems": 12,
				"list": [
					{
						"code": "woodbucket",
						"type": "block",
						"stacksize": 4,
						"stock": {
							"avg": 1,
							"var": 0.25
						},
						"price": {
							"avg": 40,
							"var": 10.25
						},
						"attributes": {
							"ucontents": [
								{
									"type": "item",
									"code": "spiritportion-redcurrant",
									"makefull": true
								}
							]
						}
					},
					{
						"code": "woodbucket",
						"type": "block",
						"stacksize": 4,
						"stock": {
							"avg": 1,
							"var": 0.25
						},
						"price": {
							"avg": 40,
							"var": 10.25
						},
						"attributes": {
							"ucontents": [
								{
									"type": "item",
									"code": "spiritportion-whitecurrant",
									"makefull": true
								}
							]
						}
					},
					{
						"code": "woodbucket",
						"type": "block",
						"stacksize": 4,
						"stock": {
							"avg": 1,
							"var": 0.25
						},
						"price": {
							"avg": 40,
							"var": 10.25
						},
						"attributes": {
							"ucontents": [
								{
									"type": "item",
									"code": "spiritportion-blackcurrant",
									"makefull": true
								}
							]
						}
					},
					{
						"code": "woodbucket",
						"type": "block",
						"stacksize": 4,
						"stock": {
							"avg": 1,
							"var": 0.25
						},
						"price": {
							"avg": 40,
							"var": 10.25
						},
						"attributes": {
							"ucontents": [
								{
									"type": "item",
									"code": "spiritportion-blueberry",
									"makefull": true
								}
							]
						}
					},
					{
						"code": "woodbucket",
						"type": "block",
						"stacksize": 4,
						"stock": {
							"avg": 1,
							"var": 0.25
						},
						"price": {
							"avg": 40,
							"var": 10.25
						},
						"attributes": {
							"ucontents": [
								{
									"type": "item",
									"code": "spiritportion-cranberry",
									"makefull": true
								}
							]
						}
					},
					{
						"code": "woodbucket",
						"type": "block",
						"stacksize": 4,
						"stock": {
							"avg": 1,
							"var": 0.25
						},
						"price": {
							"avg": 40,
							"var": 10.25
						},
						"attributes": {
							"ucontents": [
								{
									"type": "item",
									"code": "spiritportion-apple",
									"makefull": true
								}
							]
						}
					},
					{
						"code": "woodbucket",
						"type": "block",
						"stacksize": 4,
						"stock": {
							"avg": 1,
							"var": 0.25
						},
						"price": {
							"avg": 40,
							"var": 10.25
						},
						"attributes": {
							"ucontents": [
								{
									"type": "item",
									"code": "spiritportion-pineapple",
									"makefull": true
								}
							]
						}
					},
					{
						"code": "woodbucket",
						"type": "block",
						"stacksize": 4,
						"stock": {
							"avg": 1,
							"var": 0.25
						},
						"price": {
							"avg": 40,
							"var": 10.25
						},
						"attributes": {
							"ucontents": [
								{
									"type": "item",
									"code": "spiritportion-lychee",
									"makefull": true
								}
							]
						}
					},
					{
						"code": "woodbucket",
						"type": "block",
						"stacksize": 4,
						"stock": {
							"avg": 1,
							"var": 0.25
						},
						"price": {
							"avg": 40,
							"var": 10.25
						},
						"attributes": {
							"ucontents": [
								{
									"type": "item",
									"code": "spiritportion-mango",
									"makefull": true
								}
							]
						}
					},
					{
						"code": "woodbucket",
						"type": "block",
						"stacksize": 4,
						"stock": {
							"avg": 1,
							"var": 0.25
						},
						"price": {
							"avg": 40,
							"var": 10.25
						},
						"attributes": {
							"ucontents": [
								{
									"type": "item",
									"code": "spiritportion-saguaro",
									"makefull": true
								}
							]
						}
					},
					{
						"code": "woodbucket",
						"type": "block",
						"stacksize": 4,
						"stock": {
							"avg": 1,
							"var": 0.25
						},
						"price": {
							"avg": 40,
							"var": 10.25
						},
						"attributes": {
							"ucontents": [
								{
									"type": "item",
									"code": "spiritportion-cherry",
									"makefull": true
								}
							]
						}
					},
					{
						"code": "woodbucket",
						"type": "block",
						"stacksize": 4,
						"stock": {
							"avg": 1,
							"var": 0.25
						},
						"price": {
							"avg": 40,
							"var": 10.25
						},
						"attributes": {
							"ucontents": [
								{
									"type": "item",
									"code": "spiritportion-peach",
									"makefull": true
								}
							]
						}
					},
					{
						"code": "woodbucket",
						"type": "block",
						"stacksize": 4,
						"stock": {
							"avg": 1,
							"var": 0.25
						},
						"price": {
							"avg": 40,
							"var": 10.25
						},
						"attributes": {
							"ucontents": [
								{
									"type": "item",
									"code": "spiritportion-pear",
									"makefull": true
								}
							]
						}
					},
					{
						"code": "woodbucket",
						"type": "block",
						"stacksize": 4,
						"stock": {
							"avg": 1,
							"var": 0.25
						},
						"price": {
							"avg": 40,
							"var": 10.25
						},
						"attributes": {
							"ucontents": [
								{
									"type": "item",
									"code": "spiritportion-orange",
									"makefull": true
								}
							]
						}
					},
					{
						"code": "woodbucket",
						"type": "block",
						"stacksize": 4,
						"stock": {
							"avg": 1,
							"var": 0.25
						},
						"price": {
							"avg": 40,
							"var": 10.25
						},
						"attributes": {
							"ucontents": [
								{
									"type": "item",
									"code": "spiritportion-pomegranate",
									"makefull": true
								}
							]
						}
					}

				]
			}
		}
	},
	"server": {
		"attributes": {
			"pathfinder": {
				"minTurnAnglePerSec": 720,
				"maxTurnAnglePerSec": 1440
			}

		},
		"behaviors": [
			{ "code": "nametag", "showtagonlywhentargeted": true,
				"selectFromRandomName": ["Sebastian", "Gustav", "Dionysus", "Geralt", "Pedro", "Channing", "Jeffrey", "Taron", "Colin", "Mark"] },
			{ "code": "repulseagents" },
			{ "code": "controlledphysics", "stepHeight": 1.01 },
			{ "code": "reviveondeath", "minHours": 24, "maxHours": 72 },
			{ "code": "health", "currenthealth": 25, "maxhealth": 25 },
			{
				"code": "emotionstates",
				"states": [
					{ "code": "aggressiveondamage", "duration": 6, "chance": 0.6, "slot": 0, "priority": 2, "accumType": "noaccum" },
					{ "code": "fleeondamage", "duration": 10, "chance": 0.4, "slot": 0, "priority": 1, "accumType": "max" }
				]
			},
			{
				"code": "taskai",
				"aitasks": [
					{
						"code": "meleeattack",
						"entityCodes": ["player"],
						"priority": 2,
						"damage": 5,
						"mincooldown": 2500,
						"maxcooldown": 3500,
						"attackDurationMs": 900,
						"damagePlayerAtMs": 300,
						"animation": "Attack",
						"animationSpeed": 2,
						"whenInEmotionState": "aggressiveondamage"
					},
					{
						"code": "seekentity",
						"entityCodes": ["player"],
						"priority": 1.5,
						"mincooldown": 1000,
						"maxcooldown": 1500,
						"seekingRange": 20,
						"movespeed": 0.035,
						"animation": "Run",
						"animationSpeed": 1.75,
						"whenInEmotionState": "aggressiveondamage"
					},
					{
						"code": "fleeentity",
						"entityCodes": ["player"],
						"priority": 1.5,
						"movespeed": 0.035,
						"seekingRange": 12,
						"animation": "Run",
						"animationSpeed": 1.75,
						"whenInEmotionState": "fleeondamage"
					},
					{
						"code": "idle",
						"priority": 1.2,
						"minduration": 2500,
						"maxduration": 2500,
						"mincooldown": 2000,
						"maxcooldown": 10000,
						"animation": "laugh"
					},
					{
						"code": "idle",
						"priority": 1.2,
						"minduration": 2500,
						"maxduration": 2500,
						"mincooldown": 5000,
						"maxcooldown": 30000,
						"animation": "idle2"
					},
					{
						"code": "wander",
						"priority": 1.0,
						"movespeed": 0.01,
						"animation": "Walk",
						"wanderChance": 0.005,
						"maxDistanceToSpawn": 4,
						"wanderRangeMin": 1,
						"wanderRangeMax": 3,
						"teleportWhenOutOfRange": true,
						"teleportInGameHours": 1
					},
					{
						"code": "lookaround",
						"priority": 0.5
					}
				]
			},
			{ "code": "conversable", "dialogue": "config/dialogue/trader" }
		]
	},
	"sounds": {
	}
}