[
	{
	"name": "brush-black-nugget",
	"ingredientPattern": "SK,TC",
	"ingredients": {
		"S": { "type": "item", "code": "game:stick" },
		"K": { "type": "item", "code": "game:knife-generic-*" },
		"T": { "type": "item", "code": "game:flaxtwine" },
		"C": { "type": "item", "code": "game:nugget-*", "name": "black", "allowedVariants": [ "cassiterite", "chromite", "galena" ] }
	},
	"recipeGroup": 2,
	"width": 2,
	"height": 2,
	"output": { "type": "item", "code": "tailorsdelight:brush-dry-black" }
	},

	{
	"name": "brush-black-metalbit",
	"ingredientPattern": "SK,TC",
	"ingredients": {
		"S": { "type": "item", "code": "game:stick" },
		"K": { "type": "item", "code": "game:knife-generic-*" },
		"T": { "type": "item", "code": "game:flaxtwine" },
		"C": { "type": "item", "code": "game:metalbit-*", "name": "black", "allowedVariants": [ "lead", "chromium" ] }
	},
	"recipeGroup": 2,
	"width": 2,
	"height": 2,
	"output": { "type": "item", "code": "tailorsdelight:brush-dry-black" }
	},

	{
	"name": "brush-black-charcoal",
	"ingredientPattern": "SK,TC,F_",
	"ingredients": {
		"S": { "type": "item", "code": "game:stick" },
		"K": { "type": "item", "code": "game:knife-generic-*" },
		"T": { "type": "item", "code": "game:flaxtwine" },
		"F": { "type": "item", "code": "game:fat" },
		"C": { "type": "item", "code": "game:charcoal" }
	},
	"width": 2,
	"height": 3,
	"output": { "type": "item", "code": "tailorsdelight:brush-dry-black" }
	},

	{
	"name": "brush-black-powder",
	"ingredientPattern": "SK,TC,F_",
	"ingredients": {
		"S": { "type": "item", "code": "game:stick" },
		"K": { "type": "item", "code": "game:knife-generic-*" },
		"T": { "type": "item", "code": "game:flaxtwine" },
		"F": { "type": "item", "code": "game:fat" },
		"C": { "type": "item", "code": "em:powdered-ore-*", "name": "black", "allowedVariants": [ "chromite", "coal", "galena", "graphite", "magnetite", "manganesedioxide" ] }
	},
	"width": 2,
	"height": 3,
	"output": { "type": "item", "code": "tailorsdelight:brush-dry-black" }
	},

	{
	"name": "brush-black-powder",
	"ingredientPattern": "SK,TC,F_",
	"ingredients": {
		"S": { "type": "item", "code": "game:stick" },
		"K": { "type": "item", "code": "game:knife-generic-*" },
		"T": { "type": "item", "code": "game:flaxtwine" },
		"F": { "type": "item", "code": "game:fat" },
		"C": { "type": "item", "code": "em:powdered-metal-*", "name": "black", "allowedVariants": [ "rusty" ] }
	},
	"width": 2,
	"height": 3,
	"output": { "type": "item", "code": "tailorsdelight:brush-dry-black" }
	},

	{
	"name": "brush-black-ore",
	"ingredientPattern": "SK,TC",
	"ingredients": {
		"S": { "type": "item", "code": "game:stick" },
		"K": { "type": "item", "code": "game:knife-generic-*" },
		"T": { "type": "item", "code": "game:flaxtwine" },
		"C": { "type": "item", "code": "game:ore-*", "name": "black", "allowedVariants": [ "anthracite" ] }
	},
	"recipeGroup": 2,
	"width": 2,
	"height": 2,
	"output": { "type": "item", "code": "tailorsdelight:brush-dry-black" }
	},


	{
	"name": "brush-black-charcoal_powder",
	"ingredientPattern": "SK,TC,F_",
	"ingredients": {
		"S": { "type": "item", "code": "game:stick" },
		"K": { "type": "item", "code": "game:knife-generic-*" },
		"T": { "type": "item", "code": "game:flaxtwine" },
		"F": { "type": "item", "code": "game:fat" },
		"C": { "type": "item", "code": "game:powder-charcoal" }
	},
	"width": 2,
	"height": 3,
	"output": { "type": "item", "code": "tailorsdelight:brush-dry-black" }
	}
]
