[
	{
	"ingredientPattern": "S,H",
	"ingredients": {
		"S": { "type": "item", "code": "game:salt" },
		"H": { "type": "item", "code": "game:hide-scraped-small", "name": "size" }
	},
	"width": 1,
	"height": 2,
	"output": { "type": "item", "code": "tailorsdelight:hide-scraped-salted-small", "quantity": 1 }
	},

	{
	"ingredientPattern": "S,H",
	"ingredients": {
		"S": { "type": "item", "code": "game:salt", "quantity": 2 },
		"H": { "type": "item", "code": "game:hide-scraped-medium", "name": "size" }
	},
	"width": 1,
	"height": 2,
	"output": { "type": "item", "code": "tailorsdelight:hide-scraped-salted-medium", "quantity": 1 }
	},

	{
	"ingredientPattern": "S,H",
	"ingredients": {
		"S": { "type": "item", "code": "game:salt", "quantity": 3 },
		"H": { "type": "item", "code": "game:hide-scraped-large", "name": "size" }
	},
	"width": 1,
	"height": 2,
	"output": { "type": "item", "code": "tailorsdelight:hide-scraped-salted-large", "quantity": 1 }
	},

	{
	"ingredientPattern": "S,H",
	"ingredients": {
		"S": { "type": "item", "code": "game:salt", "quantity": 5 },
		"H": { "type": "item", "code": "game:hide-scraped-huge", "name": "size" }
	},
	"width": 1,
	"height": 2,
	"output": { "type": "item", "code": "tailorsdelight:hide-scraped-salted-huge", "quantity": 1 }
	},


	{
	"ingredientPattern": "S,H",
	"ingredients": {
		"S": { "type": "item", "code": "game:salt" },
		"H": { "type": "item", "code": "game:hide-raw-small", "name": "size" }
	},
	"width": 1,
	"height": 2,
	"output": { "type": "item", "code": "tailorsdelight:hide-raw-salted-small", "quantity": 1 }
	},

	{
	"ingredientPattern": "S,H",
	"ingredients": {
		"S": { "type": "item", "code": "game:salt", "quantity": 2 },
		"H": { "type": "item", "code": "game:hide-raw-medium", "name": "size" }
	},
	"width": 1,
	"height": 2,
	"output": { "type": "item", "code": "tailorsdelight:hide-raw-salted-medium", "quantity": 1 }
	},

	{
	"ingredientPattern": "S,H",
	"ingredients": {
		"S": { "type": "item", "code": "game:salt", "quantity": 3 },
		"H": { "type": "item", "code": "game:hide-raw-large", "name": "size" }
	},
	"width": 1,
	"height": 2,
	"output": { "type": "item", "code": "tailorsdelight:hide-raw-salted-large", "quantity": 1 }
	},

	{
	"ingredientPattern": "S,H",
	"ingredients": {
		"S": { "type": "item", "code": "game:salt", "quantity": 5 },
		"H": { "type": "item", "code": "game:hide-raw-huge", "name": "size" }
	},
	"width": 1,
	"height": 2,
	"output": { "type": "item", "code": "tailorsdelight:hide-raw-salted-huge", "quantity": 1 }
	}
]
