[
	{
	"ingredientPattern": "HS,KA",
	"ingredients": {
		"H": { "type": "item", "code": "game:hide-raw-small", "quantity": 3 } ,
		"S": { "type": "item", "code": "game:stick" },
		"K": { "type": "item", "code": "game:knife-generic-*", "isTool": true },
		"A": { "type": "item", "code": "tailorsdelight:awl-*", "isTool": true }
	},
	"width": 2,
	"height": 2,
	"output": { "type": "item", "code": "tailorsdelight:leatherbundle-raw", "quantity": 1 }
	},

	{
	"ingredientPattern": "HS,KA",
	"ingredients": {
		"H": { "type": "item", "code": "game:hide-raw-medium", "quantity": 1 },
		"S": { "type": "item", "code": "game:stick" },
		"A": { "type": "item", "code": "tailorsdelight:awl-*", "isTool": true },
		"K": { "type": "item", "code": "game:knife-generic-*", "isTool": true }
	},
	"width": 2,
	"height": 2,
	"output": { "type": "item", "code": "tailorsdelight:leatherbundle-raw", "quantity": 1 }
	},

	{
	"ingredientPattern": "HS,KA",
	"ingredients": {
		"H": { "type": "item", "code": "game:hide-raw-large" },
		"S": { "type": "item", "code": "game:stick" },
		"A": { "type": "item", "code": "tailorsdelight:awl-*", "isTool": true },
		"K": { "type": "item", "code": "game:knife-generic-*", "isTool": true }
	},
	"width": 2,
	"height": 2,
	"output": { "type": "item", "code": "tailorsdelight:leatherbundle-raw", "quantity": 2 }
	},

	{
	"ingredientPattern": "HS,KA",
	"ingredients": {
		"H": { "type": "item", "code": "game:hide-raw-huge" },
		"S": { "type": "item", "code": "game:stick" },
		"A": { "type": "item", "code": "tailorsdelight:awl-*", "isTool": true },
		"K": { "type": "item", "code": "game:knife-generic-*", "isTool": true }
	},
	"width": 2,
	"height": 2,
	"output": { "type": "item", "code": "tailorsdelight:leatherbundle-raw", "quantity": 3 }
	},


	{
	"ingredientPattern": "HS,KA",
	"ingredients": {
		"H": { "type": "item", "code": "game:hide-pelt-small", "quantity": 3 } ,
		"S": { "type": "item", "code": "game:stick" },
		"K": { "type": "item", "code": "game:knife-generic-*", "isTool": true },
		"A": { "type": "item", "code": "tailorsdelight:awl-*", "isTool": true }
	},
	"width": 2,
	"height": 2,
	"output": { "type": "item", "code": "tailorsdelight:leatherbundle-pelt", "quantity": 1 }
	},

	{
	"ingredientPattern": "HS,KA",
	"ingredients": {
		"H": { "type": "item", "code": "game:hide-pelt-medium", "quantity": 1 },
		"S": { "type": "item", "code": "game:stick" },
		"A": { "type": "item", "code": "tailorsdelight:awl-*", "isTool": true },
		"K": { "type": "item", "code": "game:knife-generic-*", "isTool": true }
	},
	"width": 2,
	"height": 2,
	"output": { "type": "item", "code": "tailorsdelight:leatherbundle-pelt", "quantity": 1 }
	},

	{
	"ingredientPattern": "HS,KA",
	"ingredients": {
		"H": { "type": "item", "code": "game:hide-pelt-large" },
		"S": { "type": "item", "code": "game:stick" },
		"A": { "type": "item", "code": "tailorsdelight:awl-*", "isTool": true },
		"K": { "type": "item", "code": "game:knife-generic-*", "isTool": true }
	},
	"width": 2,
	"height": 2,
	"output": { "type": "item", "code": "tailorsdelight:leatherbundle-pelt", "quantity": 2 }
	},

	{
	"ingredientPattern": "HS,KA",
	"ingredients": {
		"H": { "type": "item", "code": "game:hide-pelt-huge" },
		"S": { "type": "item", "code": "game:stick" },
		"A": { "type": "item", "code": "tailorsdelight:awl-*", "isTool": true },
		"K": { "type": "item", "code": "game:knife-generic-*", "isTool": true }
	},
	"width": 2,
	"height": 2,
	"output": { "type": "item", "code": "tailorsdelight:leatherbundle-pelt", "quantity": 3 }
	},


	{
	"ingredientPattern": "HS,KA",
	"ingredients": {
		"H": { "type": "item", "code": "game:hide-prepared-small", "quantity": 3 } ,
		"S": { "type": "item", "code": "game:stick" },
		"A": { "type": "item", "code": "tailorsdelight:awl-*", "isTool": true },
		"K": { "type": "item", "code": "game:knife-generic-*", "isTool": true }
	},
	"width": 2,
	"height": 2,
	"output": { "type": "item", "code": "tailorsdelight:leatherbundle-prepped", "quantity": 1 }
	},

	{
	"ingredientPattern": "HS,KA",
	"ingredients": {
		"H": { "type": "item", "code": "game:hide-prepared-medium", "quantity": 1 },
		"S": { "type": "item", "code": "game:stick" },
		"A": { "type": "item", "code": "tailorsdelight:awl-*", "isTool": true },
		"K": { "type": "item", "code": "game:knife-generic-*", "isTool": true }
	},
	"width": 2,
	"height": 2,
	"output": { "type": "item", "code": "tailorsdelight:leatherbundle-prepped", "quantity": 1 }
	},

	{
	"ingredientPattern": "HS,KA",
	"ingredients": {
		"H": { "type": "item", "code": "game:hide-prepared-large" },
		"S": { "type": "item", "code": "game:stick" },
		"A": { "type": "item", "code": "tailorsdelight:awl-*", "isTool": true },
		"K": { "type": "item", "code": "game:knife-generic-*", "isTool": true }
	},
	"width": 2,
	"height": 2,
	"output": { "type": "item", "code": "tailorsdelight:leatherbundle-prepped", "quantity": 2 }
	},

	{
	"ingredientPattern": "HS,KA",
	"ingredients": {
		"H": { "type": "item", "code": "game:hide-prepared-huge" },
		"S": { "type": "item", "code": "game:stick" },
		"A": { "type": "item", "code": "tailorsdelight:awl-*", "isTool": true },
		"K": { "type": "item", "code": "game:knife-generic-*", "isTool": true }
	},
	"width": 2,
	"height": 2,
	"output": { "type": "item", "code": "tailorsdelight:leatherbundle-prepped", "quantity": 3 }
	},


	{
	"ingredientPattern": "HS,KA",
	"ingredients": {
		"H": { "type": "item", "code": "tailorsdelight:hide-raw-aged-small", "quantity": 3 } ,
		"S": { "type": "item", "code": "game:stick" },
		"A": { "type": "item", "code": "tailorsdelight:awl-*", "isTool": true },
		"K": { "type": "item", "code": "game:knife-generic-*", "isTool": true }
	},
	"width": 2,
	"height": 2,
	"output": { "type": "item", "code": "tailorsdelight:leatherbundle-aged", "quantity": 1 }
	},

	{
	"ingredientPattern": "HS,KA",
	"ingredients": {
		"H": { "type": "item", "code": "tailorsdelight:hide-raw-aged-medium", "quantity": 1 },
		"S": { "type": "item", "code": "game:stick" },
		"A": { "type": "item", "code": "tailorsdelight:awl-*", "isTool": true },
		"K": { "type": "item", "code": "game:knife-generic-*", "isTool": true }
	},
	"width": 2,
	"height": 2,
	"output": { "type": "item", "code": "tailorsdelight:leatherbundle-aged", "quantity": 1 }
	},

	{
	"ingredientPattern": "HS,KA",
	"ingredients": {
		"H": { "type": "item", "code": "tailorsdelight:hide-raw-aged-large", "quantity": 1 } ,
		"S": { "type": "item", "code": "game:stick" },
		"A": { "type": "item", "code": "tailorsdelight:awl-*", "isTool": true },
		"K": { "type": "item", "code": "game:knife-generic-*", "isTool": true }
	},
	"width": 2,
	"height": 2,
	"output": { "type": "item", "code": "tailorsdelight:leatherbundle-aged", "quantity": 2 }
	},

	{
	"ingredientPattern": "HS,KA",
	"ingredients": {
		"H": { "type": "item", "code": "tailorsdelight:hide-raw-aged-huge", "quantity": 1 } ,
		"S": { "type": "item", "code": "game:stick" },
		"A": { "type": "item", "code": "tailorsdelight:awl-*", "isTool": true },
		"K": { "type": "item", "code": "game:knife-generic-*", "isTool": true }
	},
	"width": 2,
	"height": 2,
	"output": { "type": "item", "code": "tailorsdelight:leatherbundle-aged", "quantity": 3 }
	},


	{
	"ingredientPattern": "HS,KA",
	"ingredients": {
		"H": { "type": "item", "code": "tailorsdelight:hide-scraped-aged-small", "quantity": 3 },
		"S": { "type": "item", "code": "game:stick" },
		"A": { "type": "item", "code": "tailorsdelight:awl-*", "isTool": true },
		"K": { "type": "item", "code": "game:knife-generic-*", "isTool": true }
	},
	"width": 2,
	"height": 2,
	"output": { "type": "item", "code": "tailorsdelight:leatherbundle-scraped", "quantity": 1 }
	},

	{
	"ingredientPattern": "HS,KA",
	"ingredients": {
		"H": { "type": "item", "code": "tailorsdelight:hide-scraped-aged-medium", "quantity": 1 },
		"S": { "type": "item", "code": "game:stick" },
		"A": { "type": "item", "code": "tailorsdelight:awl-*", "isTool": true },
		"K": { "type": "item", "code": "game:knife-generic-*", "isTool": true }
	},
	"width": 2,
	"height": 2,
	"output": { "type": "item", "code": "tailorsdelight:leatherbundle-scraped", "quantity": 1 }
	},

	{
	"ingredientPattern": "HS,KA",
	"ingredients": {
		"H": { "type": "item", "code": "tailorsdelight:hide-scraped-aged-large", "quantity": 1 } ,
		"S": { "type": "item", "code": "game:stick" },
		"A": { "type": "item", "code": "tailorsdelight:awl-*", "isTool": true },
		"K": { "type": "item", "code": "game:knife-generic-*", "isTool": true }
	},
	"width": 2,
	"height": 2,
	"output": { "type": "item", "code": "tailorsdelight:leatherbundle-scraped", "quantity": 2 }
	},

	{
	"ingredientPattern": "HS,KA",
	"ingredients": {
		"H": { "type": "item", "code": "tailorsdelight:hide-scraped-aged-huge", "quantity": 1 } ,
		"S": { "type": "item", "code": "game:stick" },
		"A": { "type": "item", "code": "tailorsdelight:awl-*", "isTool": true },
		"K": { "type": "item", "code": "game:knife-generic-*", "isTool": true }
	},
	"width": 2,
	"height": 2,
	"output": { "type": "item", "code": "tailorsdelight:leatherbundle-scraped", "quantity": 3 }
	}
]
