[
	{
	"ingredientPattern": "LS,KR",
	"requiresTrait": "clothier",
	"ingredients": {
		"L": { "type": "item", "code": "game:leather-normal-*", "name": "color", "quantity": 2, "skipVariants": [ "plain" ] },
		"S": { "type": "item", "code": "game:stick" },
		"K": { "type": "item", "code": "game:knife-generic-*", "isTool": true },
		"R": { "type": "item", "code": "tailorsdelight:ruler-*", "isTool": true }
	},
	"width": 2,
	"height": 2,
	"output": { "type": "item", "code": "tailorsdelight:leatherbundle-{color}" }
	},

	{
	"ingredientPattern": "LS,HR",
	"requiresTrait": "clothier",
	"ingredients": {
		"L": { "type": "item", "code": "game:leather-normal-*", "name": "color", "quantity": 2, "skipVariants": [ "plain" ] },
		"S": { "type": "item", "code": "game:stick" },
		"H": { "type": "item", "code": "game:shears-*", "isTool": true },
		"R": { "type": "item", "code": "tailorsdelight:ruler-*", "isTool": true }
	},
	"width": 2,
	"height": 2,
	"recipeGroup": 2,
	"output": { "type": "item", "code": "tailorsdelight:leatherbundle-{color}" }
	},

	{
	"ingredientPattern": "LS,HR",
	"ingredients": {
		"L": { "type": "item", "code": "game:leather-normal-plain" },
		"S": { "type": "item", "code": "game:stick" },
		"H": { "type": "item", "code": "game:shears-*", "isTool": true },
		"R": { "type": "item", "code": "tailorsdelight:ruler-*", "isTool": true }
	},
	"width": 2,
	"height": 2,
	"recipeGroup": 2,
	"output": { "type": "item", "code": "tailorsdelight:leatherbundle-plain" }
	},

	{
	"ingredientPattern": "LS,KR",
	"ingredients": {
		"L": { "type": "item", "code": "game:leather-normal-plain" },
		"S": { "type": "item", "code": "game:stick" },
		"K": { "type": "item", "code": "game:knife-generic-*", "isTool": true },
		"R": { "type": "item", "code": "tailorsdelight:ruler-*", "isTool": true }
	},
	"width": 2,
	"height": 2,
	"output": { "type": "item", "code": "tailorsdelight:leatherbundle-plain" }
	},

	{
	"ingredientPattern": "LS,HR",
	"ingredients": {
		"L": { "type": "item", "code": "game:leather-sturdy-plain" },
		"S": { "type": "item", "code": "game:stick" },
		"H": { "type": "item", "code": "game:shears-*", "isTool": true },
		"R": { "type": "item", "code": "tailorsdelight:ruler-*", "isTool": true }
	},
	"width": 2,
	"height": 2,
	"recipeGroup": 2,
	"output": { "type": "item", "code": "tailorsdelight:leatherbundle-sturdy" }
	},

	{
	"ingredientPattern": "LS,KR",
	"ingredients": {
		"L": { "type": "item", "code": "game:leather-sturdy-plain" },
		"S": { "type": "item", "code": "game:stick" },
		"K": { "type": "item", "code": "game:knife-generic-*", "isTool": true },
		"R": { "type": "item", "code": "tailorsdelight:ruler-*", "isTool": true }
	},
	"width": 2,
	"height": 2,
	"output": { "type": "item", "code": "tailorsdelight:leatherbundle-sturdy" }
	},

	{
	"ingredientPattern": "LS,KR",
	"requiresTrait": "clothier",
	"ingredients": {
		"L": { "type": "item", "code": "tailorsdelight:leather-*", "name": "color", "quantity": 2 },
		"S": { "type": "item", "code": "game:stick" },
		"K": { "type": "item", "code": "game:knife-generic-*", "isTool": true },
		"R": { "type": "item", "code": "tailorsdelight:ruler-*", "isTool": true }
	},
	"width": 2,
	"height": 2,
	"output": { "type": "item", "code": "tailorsdelight:leatherbundle-{color}" }
	},

	{
	"name": "oiledbundle",
	"ingredientPattern": "F,L",
	"ingredients": {
		"F": { "type": "item", "code": "game:fat" },
		"L": { "type": "item", "code": "tailorsdelight:leatherbundle-raw" }
	},
	"recipeGroup": 3,
	"width": 1,
	"height": 2,
	"output": { "type": "item", "code": "tailorsdelight:leatherbundle-oiled" }
	}
]
