{
	"code": "flaxbundle",
	"classByType": {
		"*-clear": "AOGItemInteract",
		"*-soft": "AOGFlaxSoft"
	},
	"behaviors": [
		{
			"name": "AOGHayStorable",
			"properties": {
				"layout": "Stacking",
				"placeRemoveSound": "game:sounds/block/plant",
				"stackingModel": "block/haystorage",
				"stackingTextures": {

					"normal-top": "block/plant/hay/flax/normal-top-flax-{type}",
					"straw1": "block/plant/hay/flax/straw-flax-{type}"
				},
				"modelItemsToStackSizeRatio": 1.125,
				"stackingCapacity": 128,
				"maxStackingHeight": 1,
				"collisionBox": {
					"x1": 0,
					"y1": 0,
					"z1": 0,
					"x2": 1,
					"y2": 0.0625,
					"z2": 1
				},
				"cbScaleYByLayer": 0.125,
				"transferQuantity": 1,
				"bulkTransferQuantity": 8,
				"canWaterByType": {
					"*-dry": "true"
				}
			}
		}
	],
	"variantgroups": [
		{
			"code": "type",
			"states": [ "dry", "wet", "clear", "soft" ]
		}
	],
	"creativeinventory": {
		"general": [ "*" ],
		"items": [ "*" ],
		"artofgrowing": [ "*" ]
	},
	"shape": { "base": "game:item/resource/thatch" },
	"texturesByType": {
		"*": {
			"bundle": { "base": "block/plant/hay/flax/normal-top-flax-{type}" }
		}
	},
	"maxstacksizeByType": {
		"*": 64
	},
	"materialDensity": 258,
	"transitionablePropsByType": {
		"*-dry": [
			{
				"type": "Perish",
				"freshHours": { "avg": 336 },
				"transitionHours": { "avg": 6 },
				"transitionedStack": {
					"type": "item",
					"code": "game:thatch"
				},
				"transitionRatio": 1
			},
			{
				"type": "Melt",
				"freshHours": { "avg": 0 },
				"transitionHours": {
					"avg": 672,
					"var": 24
				},
				"transitionedStack": {
					"type": "item",
					"code": "flaxbundle-wet"
				},
				"transitionRatio": 1
			}
		],
		"*": [
			{
				"type": "Perish",
				"freshHours": { "avg": 4320 },
				"transitionHours": { "avg": 448 },
				"transitionedStack": {
					"type": "item",
					"code": "artofgrowing:agedgrass"
				},
				"transitionRatio": 1
			}
		]
	},
	"guiTransform": {
		"translation": {
			"x": 0,
			"y": 0,
			"z": 0
		},
		"rotation": {
			"x": -53,
			"y": -38,
			"z": 31
		},
		"origin": {
			"x": 0.46,
			"y": 0.2,
			"z": 0.5
		},
		"scale": 1.77
	},
	"fpHandTransform": {
		"rotation": {
			"x": 84,
			"y": 92,
			"z": -30
		},
		"origin": {
			"x": 0.5,
			"y": 0.3,
			"z": 0.6
		},
		"scale": 1.31
	},
	"tpHandTransform": {
		"translation": {
			"x": -1.01,
			"y": -0.22,
			"z": -0.89
		},
		"rotation": {
			"x": -90,
			"y": -14,
			"z": -6
		},
		"origin": {
			"x": 0.5,
			"y": 0.1,
			"z": 0.5
		},
		"scale": 0.44
	},
	"groundTransform": {
		"translation": {
			"x": 0,
			"y": 0,
			"z": 0
		},
		"rotation": {
			"x": 90,
			"y": 0,
			"z": 0
		},
		"origin": {
			"x": 0.5,
			"y": 0.5,
			"z": 0.61
		},
		"scale": 3.5
	}
}