{
	"code": "grainbundle",
	"behaviors": [
		{
			"name": "AOGHayStorable",
			"properties": {
				"layout": "Stacking",
				"placeRemoveSound": "game:sounds/block/plant",
				"stackingModel": "block/haystorage",
				"stackingTextures": {
					"normal-top": "block/plant/hay/{state}/normal-top-{type}",
					"straw1": "block/plant/hay/{state}/straw-{type}"
				},
				"modelItemsToStackSizeRatioByType": {
					"*-wild-*": 0.5625,
					"*-small-*": 0.75,
					"*-medium-*": 1.125,
					"*-decent-*": 1.5,
					"*-large-*": 2.25,
					"*-hefty-*": 3,
					"*-gigantic-*": 4.5
				},
				"stackingCapacityByType": {
					"*-wild-*": 256,
					"*-small-*": 192,
					"*-medium-*": 128,
					"*-decent-*": 96,
					"*-large-*": 64,
					"*-hefty-*": 48,
					"*-gigantic-*": 32
				},
				"maxStackingHeight": 1,
				"collisionBox": {
					"x1": 0,
					"y1": 0,
					"z1": 0,
					"x2": 1,
					"y2": 0.0625,
					"z2": 1
				},
				"cbScaleYByLayerByType": {
					"*-wild-*": 0.0625,
					"*-small-*": 0.083333,
					"*-medium-*": 0.125,
					"*-decent-*": 0.166667,
					"*-large-*": 0.25,
					"*-hefty-*": 0.333333,
					"*-gigantic-*": 0.5
				},
				"transferQuantity": 1,
				"bulkTransferQuantity": 8,
				"dropUseByType": {
					"*-dry": 1
				},
				"dropBulkByType": {
					"*-dry": 8
				},
				"canDropByType": {
					"*-dry": "Items"
				},
				"dropItemByType": {
					"*-dry": "seeds-{size}-{type}"
				},
				"dropItem2ByType": {
					"*-flax-*-dry": "flaxbundle-dry",
					"*-dry": "game:thatch"
				},
				"dropCountByType": {
					"*-dry": 1
				},
				"dropCount2ByType": {
					"*-dry": 1
				}
			}
		}

	],
	"variantgroups": [
		{
			"code": "type",
			"states": [ "spelt", "rice", "flax", "rye", "amaranth" ]
		},
		{
			"code": "size",
			"states": [ "wild", "small", "medium", "decent", "large", "hefty", "gigantic" ]
		},
		{
			"code": "state",
			"states": [ "wet", "dry" ]
		}
	],
	"attributes": {
		"handbook": {
			"extraSectionsByType": {
				"*-wet": [
					{
						"title": "artofgrowing:item-handbooktitle-grainbundlewet",
						"text": "artofgrowing:item-handbooktext-grainbundlewet"
					}
				],
				"*-dry": [
					{
						"title": "artofgrowing:item-handbooktitle-grainbundledry",
						"text": "artofgrowing:item-handbooktext-grainbundledry"
					}
				]
			}
		}
	},
	"creativeinventory": {
		"general": [ "*" ],
		"items": [ "*" ],
		"artofgrowing": [ "*" ]
	},
	"shapebytype": {
		"*-amaranth-*": { "base": "item/food/amaranthbundle" },
		"*": { "base": "item/food/grainbundle" }
	},
	"texturesByType": {
		"*-dry": {
			"normal9": { "base": "block/plant/crop/{type}/dry/{size}" }
		},
		"*-amaranth-gigantic-*": {
			"normal9": { "base": "game:block/plant/crop/amaranth/w9" }
		},
		"*-rice-gigantic-*": {
			"normal9": { "base": "game:block/plant/crop/rice/normal10" }
		},
		"*-gigantic-*": {
			"normal9": { "base": "game:block/plant/crop/{type}/normal9" }
		},
		"*-amaranth-*": {
			"normal9": { "base": "block/plant/crop/amaranth/{size}/w9" }
		},
		"*-rice-*": {
			"normal9": { "base": "block/plant/crop/rice/{size}/normal10" }
		},
		"*": {
			"normal9": { "base": "block/plant/crop/{type}/{size}/normal9" }
		}
	},
	"maxstacksizeByType": {
		"*-wild-*": 128,
		"*-small-*": 96,
		"*-medium-*": 64,
		"*-decent-*": 48,
		"*-large-*": 32,
		"*-hefty-*": 24,
		"*-gigantic-*": 16
	},
	"materialDensity": 258,
	"transitionablePropsByType": {
		"*-wet": [
			{
				"type": "Dry",
				"freshHours": { "avg": 0 },
				"transitionHours": {
					"avg": 120,
					"var": 24
				},
				"transitionedStack": {
					"type": "item",
					"code": "grainbundle-{type}-{size}-dry"
				},
				"transitionRatio": 1
			},
			{
				"type": "Perish",
				"freshHours": { "avg": 84 },
				"transitionHours": { "avg": 6 },
				"transitionedStack": {
					"type": "item",
					"code": "game:thatch"
				},
				"transitionRatioByType": {
					"*-wild-*": 0.125,
					"*-small-*": 0.25,
					"*-medium-*": 0.5,
					"*-decent-*": 1,
					"*-large-*": 2,
					"*-hefty-*": 4,
					"*-gigantic-*": 8
				}
			}
		],
		"*": [
			{
				"type": "Perish",
				"freshHours": { "avg": 4320 },
				"transitionHours": { "avg": 448 },
				"transitionedStack": {
					"type": "item",
					"code": "artofgrowing:agedgrass"
				},
				"transitionRatioByType": {
					"*-wild-*": 0.125,
					"*-small-*": 0.25,
					"*-medium-*": 0.5,
					"*-decent-*": 1,
					"*-large-*": 2,
					"*-hefty-*": 4,
					"*-gigantic-*": 8
				}
			}
		]
	},
	"guiTransform": {
		"translation": {
			"x": 0,
			"y": 0,
			"z": 0
		},
		"rotation": {
			"x": 120,
			"y": -34,
			"z": 40
		},
		"origin": {
			"x": 0.46,
			"y": 0.2,
			"z": 0.5
		},
		"scale": 1.77
	},
	"fpHandTransform": {
		"rotation": {
			"x": 84,
			"y": 92,
			"z": -30
		},
		"origin": {
			"x": 0.5,
			"y": 0.3,
			"z": 0.6
		},
		"scale": 1.31
	},
	"tpHandTransform": {
		"translation": {
			"x": -1.11,
			"y": -0.22,
			"z": -0.66
		},
		"rotation": {
			"x": -90,
			"y": -14,
			"z": -6
		},
		"origin": {
			"x": 0.5,
			"y": 0.1,
			"z": 0.5
		},
		"scale": 0.64
	},
	"groundTransform": {
		"translation": {
			"x": 0,
			"y": 0,
			"z": 0
		},
		"rotation": {
			"x": 90,
			"y": 0,
			"z": 0
		},
		"origin": {
			"x": 0.5,
			"y": 0.5,
			"z": 0.61
		},
		"scale": 4
	}
}