{
	"code": "grainbundle",
	"class": "AOGItemInteract",
	"maxstacksizeByType": {
		"*-wild": 128,
		"*-small": 96,
		"*-medium": 64,
		"*-decent": 48,
		"*-large": 32,
		"*-hefty": 24,
		"*-gigantic": 16
	},
	"variantgroups": [
		{
			"code": "type",
			"states": [ "soybean", "peanut" ]
		},
		{
			"code": "size",
			"states": [ "wild", "small", "medium", "decent", "large", "hefty", "gigantic" ]
		}
	],
	"shape": { "base": "item/food/vegetable/{size}/{type}" },
	"behaviors": [
		{
			"name": "GroundStorable",
			"properties": {
				"layout": "Quadrants",
				"collisionBox": {
					"x1": 0,
					"y1": 0,
					"z1": 0,
					"x2": 1,
					"y2": 0.125,
					"z2": 1
				}
			}
		}
	],
	"attributes": {
		"foodTags": [ "{type}" ],
		"inContainerTexture": { "base": "game:block/wood/barrel/raw-{type}" },
		"inBarrelShape": "coreofart:/block/wood/barrel/legumefill1",
		"shelvable": true,
		"handbook": {
			"extraSectionsByType": {
				"*": [
					{
						"title": "artofgrowing:item-handbooktitle-interact",
						"text": "artofgrowing:item-handbooktext-legume"
					}
				]
			}
		},
		"groundStorageTransform": {
			"translation": {
				"x": -0.04,
				"y": -0.21,
				"z": -0
			},
			"scale": 0.58
		}
	},
	"texture": { "base": "game:item/food/legume/{type}" },
	"creativeinventory": {
		"general": [ "*" ],
		"items": [ "*" ],
		"artofgrowing": [ "*" ]
	},
	"transitionableProps": [
		{
			"type": "Perish",
			"freshHours": { "avg": 13140 },
			"transitionHours": { "avg": 1314 },
			"transitionedStack": {
				"type": "item",
				"code": "game:rot"
			},
			"transitionRatioByType": {
				"*-wild-*": 0.0625,
				"*-small-*": 0.125,
				"*-medium-*": 0.25,
				"*-decent-*": 0.5,
				"*-large-*": 1,
				"*-hefty-*": 2,
				"*-gigantic-*": 4
			}
		}
	],
	"materialDensity": 600,
	"guiTransformByType": {
		"*-soybean-*": {
			"translation": {
				"x": 0,
				"y": 0,
				"z": 0
			},
			"rotation": {
				"x": -44,
				"y": -14,
				"z": 1
			},
			"origin": {
				"x": 0.4,
				"y": 0.45,
				"z": 0
			},
			"scale": 2.58
		},
		"*-peanut-*": {
			"translation": {
				"x": -1,
				"y": 1,
				"z": 0
			},
			"rotation": {
				"x": -43,
				"y": 60,
				"z": -180
			},
			"origin": {
				"x": 0.6,
				"y": 0.1,
				"z": 0.5
			},
			"scale": 2.01
		}
	},
	"fpHandTransformByType": {
		"*-peanut-*": {
			"rotation": {
				"x": -8,
				"y": -81,
				"z": -27
			}
		}
	},
	"groundTransformByType": {
		"*-soybean-*": {
			"translation": {
				"x": 0,
				"y": 0.39,
				"z": 0
			},
			"rotation": {
				"x": 0,
				"y": 0,
				"z": 0
			},
			"origin": {
				"x": 0.5,
				"y": 0.5,
				"z": 0.5299
			},
			"scale": 4
		},
		"*-peanut-*": {
			"translation": {
				"x": 0,
				"y": 0,
				"z": 0
			},
			"rotation": {
				"x": 0,
				"y": 0,
				"z": 0
			},
			"origin": {
				"x": 0.5,
				"y": 0,
				"z": 0.5
			},
			"scale": 1.9
		}
	},
	"tpHandTransformByType": {
		"*-soybean-*": {
			"translation": {
				"x": 0.02,
				"y": -0.7,
				"z": -0.35
			},
			"rotation": {
				"x": 122,
				"y": -2,
				"z": -67
			},
			"origin": {
				"x": -0.05,
				"y": 0.16,
				"z": 0.46
			},
			"scale": 0.45
		},
		"*-peanut-*": {
			"translation": {
				"x": -0.05,
				"y": -1.45,
				"z": -1.3
			},
			"rotation": {
				"x": 116,
				"y": -4,
				"z": -69
			},
			"origin": {
				"x": -0.1,
				"y": 0.42,
				"z": 0.73
			},
			"scale": 0.32
		}
	},
	"heldRightReadyAnimationByType": {
		"*": "holdbothhands"
	},
	"heldTpIdleAnimationByType": {
		"*": "holdbothhands"
	}
}