{
	"code": "grainbundle",
	"class": "AOGItemInteract",
	"behaviors": [
		{
			"name": "GroundStorable",
			"properties": {
				"layout": "Quadrants",
				"collisionBox": {
					"x1": 0,
					"y1": 0,
					"z1": 0,
					"x2": 1,
					"y2": 0.125,
					"z2": 1
				}
			}
		}
	],
	"variantgroups": [
		{
			"code": "type",
			"states": [ "sunflower" ]
		},
		{
			"code": "size",
			"states": [ "wild", "small", "medium", "decent", "large", "hefty", "gigantic" ]
		}
	],
	"attributes": {
		"displaycaseable": true,
		"shelvable": true,
		"handbook": {
			"extraSectionsByType": {
				"*": [
					{
						"title": "artofgrowing:item-handbooktitle-interact",
						"text": "artofgrowing:item-handbooktext-sunflower"
					}
				]
			}
		}
	},
	"creativeinventory": {
		"general": [ "*" ],
		"items": [ "*" ],
		"artofgrowing": [ "*" ]
	},
	"shape": { "base": "item/food/sunflower/{size}/sunflower" },
	"maxstacksizeByType": {
		"*-wild": 128,
		"*-small": 96,
		"*-medium": 64,
		"*-decent": 48,
		"*-large": 32,
		"*-hefty": 24,
		"*-gigantic": 16
	},
	"materialDensity": 258,
	"transitionablePropsByType": {
		"*": [
			{
				"type": "Perish",
				"freshHours": { "avg": 4320 },
				"transitionHours": { "avg": 448 },
				"transitionedStack": {
					"type": "item",
					"code": "game:rot"
				},
				"transitionRatioByType": {
					"*-wild-*": 0.0625,
					"*-small-*": 0.125,
					"*-medium-*": 0.25,
					"*-decent-*": 0.5,
					"*-large-*": 1,
					"*-hefty-*": 2,
					"*-gigantic-*": 4
				}
			}
		]
	},
	"guiTransform": {
		"translation": {
			"x": 2.5,
			"y": 1,
			"z": 0
		},
		"rotation": {
			"x": 137,
			"y": 131,
			"z": 0
		},
		"origin": {
			"x": 0.5,
			"y": 0.05,
			"z": 0.5
		},
		"scale": 2.69
	},
	"fpHandTransform": {
		"translation": {
			"x": 0,
			"y": 0,
			"z": 0
		},
		"rotation": {
			"x": 51,
			"y": 90,
			"z": -30
		},
		"scale": 2.9
	},
	"tpHandTransform": {
		"translation": {
			"x": -0.25,
			"y": -0.5,
			"z": -0.1
		},
		"rotation": {
			"x": 125,
			"y": -2,
			"z": -72
		},
		"origin": {
			"x": -0.05,
			"y": 0.4,
			"z": 0.8
		},
		"scale": 1
	},
	"groundTransform": {
		"translation": {
			"x": 0,
			"y": 0,
			"z": 0
		},
		"rotation": {
			"x": 0,
			"y": 0,
			"z": 0
		},
		"origin": {
			"x": 0.5,
			"y": 0,
			"z": 0.5
		},
		"scale": 4.5
	}
}