{
  "type": "content",
  "modid": "betterruins",
  "name": "BetterRuins",
  "description" : "Adds a lot of structures to the worldgen over and underground.\nBuilders: Bellcross, Dampus, hřbitovník , Ifoz, Marlim, Ogdred, OnBean, Tiggetagg, Sirayne,\nPar, Quentin, StAdrian, SamGray, Tiggetagg, Vilderos, Virrnogamr, Freian, FemurSnapper, yapludepatte\nWriters: Blinky Dorf, Ifoz, dazedandconfused, GentleBoyHell, Joe Silent, moronwmachinegun",
  "authors": ["NiclAss"],
  "version": "0.4.9",
  "side": "Universal",
  "dependencies": {
    "game": "1.20.0"
  }
}