[
    {
        "op": "addmerge",
        "path": "/attributes/tabletopTags",
        "value": {
            "tags": ["go", "omok", "morris"]
        },
        "file": "game:itemtypes/omokpiece.json"
    },
    {
        "op": "addmerge",
        "path": "/attributes/onMorrisTransform",
        "value": {
            "translation": { "x": 0.215, "y": -0.07, "z": 0.215 },
            "origin": { "x": 0.5, "y": 0, "z": 0.5 },
            "scale": 1.5
        },
        "file": "game:itemtypes/omokpiece.json"
    },
    { "op": "addmerge", "path": "/attributes/onGoboard9x9Transform", "value": { "translation": { "x": -0.025, "y": -0.03, "z": -0.025 } }, "file": "game:itemtypes/omokpiece.json" },
    { "op": "addmerge", "path": "/attributes/onGoboard13x13Transform", "value": { "translation": { "x": -0.025, "y": -0.03, "z": -0.025 } }, "file": "game:itemtypes/omokpiece.json" },
    { "op": "addmerge", "path": "/attributes/onGoboard19x19Transform", "value": { "translation": { "x": -0.025, "y": -0.03, "z": -0.025 } }, "file": "game:itemtypes/omokpiece.json" },
    { "op": "addmerge", "path": "/attributes/onChessboardTransform", "value": { "translation": { "x": -0.025, "y": -0.03, "z": -0.025 } }, "file": "game:itemtypes/omokpiece.json" }
]
