{
	"editor": {
		"allAngles": false,
		"entityTextureMode": false
	},
	"textureWidth": 16,
	"textureHeight": 16,
	"textureSizes": {
	},
	"textures": {
              "normal-top": "game:block/plant/grassroofing/normal-top",
              "straw1": "game:block/plant/grassroofing/straw1"
	},
	"elements": [
		{
			"name": "Layer1",
			"from": [ 0.0, 0.0, 0.0 ],
			"to": [ 16.0, 1.0, 16.0 ],
			"rotationOrigin": [ 8.0, 0.0, 8.0 ],
			"faces": {
				"north": { "texture": "#normal-top", "uv": [ 0.0, 0.0, 16.0, 1.0 ] },
				"east": { "texture": "#normal-top", "uv": [ 0.0, 0.0, 16.0, 1.0 ] },
				"south": { "texture": "#normal-top", "uv": [ 0.0, 0.0, 16.0, 1.0 ] },
				"west": { "texture": "#normal-top", "uv": [ 0.0, 0.0, 16.0, 1.0 ] },
				"up": { "texture": "#normal-top", "uv": [ 0.0, 0.0, 16.0, 16.0 ] },
				"down": { "texture": "#normal-top", "uv": [ 0.0, 0.0, 16.0, 16.0 ], "windMode": [-1,-1,-1,-1] }
			},
			"children": [
				{
					"name": "Cube2",
					"from": [ -5.0, 1.0, 0.0 ],
					"to": [ 0.0, 1.0, 16.0 ],
					"rotationOrigin": [ 0.0, 1.0, 0.0 ],
					"rotationZ": 13.0,
					"faces": {
						"up": { "texture": "#straw1", "uv": [ 0.0, 3.0, 16.0, 8.0 ], "rotation": 90 }
					},
					"children": [
						{
							"name": "Cube3",
							"from": [ 0.9487, -0.4499, 11.0 ],
							"to": [ 5.9487, -0.4499, 17.0 ],
							"rotationOrigin": [ 6.9487, -0.4499, 14.0 ],
							"rotationX": 12.678,
							"rotationY": 43.55,
							"rotationZ": -5.082,
							"faces": {
								"up": { "texture": "#straw1", "uv": [ 6.0, 3.0, 12.0, 8.0 ], "rotation": 90 }
							}
						}
					]
				},
				{
					"name": "Cube4",
					"from": [ 0.0, 1.0, 16.0 ],
					"to": [ 16.0, 1.0, 21.0 ],
					"rotationOrigin": [ 0.0, 1.0, 16.0 ],
					"rotationX": 13.0,
					"faces": {
						"up": { "texture": "#straw1", "uv": [ 0.0, 11.0, 16.0, 16.0 ] }
					},
					"children": [
						{
							"name": "Cube5",
							"from": [ 8.0, -0.4499, -4.9487 ],
							"to": [ 13.0, -0.4499, 1.0513 ],
							"rotationOrigin": [ 14.0, -0.4499, -1.9487 ],
							"rotationX": 167.0,
							"rotationY": 45.0,
							"rotationZ": -167.0,
							"faces": {
								"up": { "texture": "#straw1", "uv": [ 1.0, 11.0, 7.0, 16.0 ], "rotation": 90 }
							}
						}
					]
				},
				{
					"name": "Cube6",
					"from": [ 16.0, 1.0, 0.0 ],
					"to": [ 21.0, 1.0, 16.0 ],
					"rotationOrigin": [ 16.0, 1.0, 0.0 ],
					"rotationZ": -13.0,
					"faces": {
						"up": { "texture": "#straw1", "uv": [ 0.0, 3.0, 16.0, 8.0 ], "rotation": 270 }
					},
					"children": [
						{
							"name": "Cube7",
							"from": [ -7.9487, -0.4499, -1.0 ],
							"to": [ -2.9487, -0.4499, 5.0 ],
							"rotationOrigin": [ -1.9487, -0.4499, 2.0 ],
							"rotationX": 167.322,
							"rotationY": -43.55,
							"rotationZ": 174.918,
							"faces": {
								"up": { "texture": "#straw1", "uv": [ 9.5, 11.0, 15.5, 16.0 ], "rotation": 90 }
							}
						}
					]
				},
				{
					"name": "Cube8",
					"from": [ 0.0, 1.0, -5.0 ],
					"to": [ 16.0, 1.0, 0.0 ],
					"rotationOrigin": [ 0.0, 1.0, 0.0 ],
					"rotationX": -13.0,
					"faces": {
						"up": { "texture": "#straw1", "uv": [ 0.0, 11.0, 16.0, 16.0 ], "rotation": 180 }
					},
					"children": [
						{
							"name": "Cube9",
							"from": [ -4.0, -0.4499, 3.9487 ],
							"to": [ 1.0, -0.4499, 9.9487 ],
							"rotationOrigin": [ 2.0, -0.4499, 6.9487 ],
							"rotationX": 13.0,
							"rotationY": -45.0,
							"rotationZ": 13.0,
							"faces": {
								"up": { "texture": "#straw1", "uv": [ 10.0, 3.0, 16.0, 8.0 ], "rotation": 90 }
							}
						}
					]
				}
			]
		},
		{
			"name": "Layer2",
			"from": [ 0.0, 1.0, 0.0 ],
			"to": [ 16.0, 2.0, 16.0 ],
			"rotationOrigin": [ 8.0, 1.0, 8.0 ],
			"rotationY": 90.0,
			"faces": {
				"north": { "texture": "#normal-top", "uv": [ 0.0, 0.0, 16.0, 1.0 ] },
				"east": { "texture": "#normal-top", "uv": [ 0.0, 0.0, 16.0, 1.0 ] },
				"south": { "texture": "#normal-top", "uv": [ 0.0, 0.0, 16.0, 1.0 ] },
				"west": { "texture": "#normal-top", "uv": [ 0.0, 0.0, 16.0, 1.0 ] },
				"up": { "texture": "#normal-top", "uv": [ 0.0, 0.0, 16.0, 16.0 ] },
				"down": { "texture": "#normal-top", "uv": [ 0.0, 0.0, 16.0, 16.0 ] }
			},
			"children": [
				{
					"name": "Cube29",
					"from": [ -5.0, 1.0, 0.0 ],
					"to": [ 0.0, 1.0, 16.0 ],
					"rotationOrigin": [ 0.0, 1.0, 0.0 ],
					"rotationZ": 18.0,
					"faces": {
						"up": { "texture": "#straw1", "uv": [ 0.0, 3.0, 16.0, 8.0 ], "rotation": 90 }
					},
					"children": [
						{
							"name": "Cube30",
							"from": [ 0.9021, -0.618, 11.0 ],
							"to": [ 5.9021, -0.618, 17.0 ],
							"rotationOrigin": [ 6.9021, -0.618, 14.0 ],
							"rotationX": 17.172,
							"rotationY": 42.26,
							"rotationZ": -6.679,
							"faces": {
								"up": { "texture": "#straw1", "uv": [ 6.0, 3.0, 12.0, 8.0 ], "rotation": 90 }
							}
						}
					]
				},
				{
					"name": "Cube31",
					"from": [ 0.0, 1.0, 16.0 ],
					"to": [ 16.0, 1.0, 21.0 ],
					"rotationOrigin": [ 0.0, 1.0, 16.0 ],
					"rotationX": 18.0,
					"faces": {
						"up": { "texture": "#straw1", "uv": [ 0.0, 11.0, 16.0, 16.0 ] }
					},
					"children": [
						{
							"name": "Cube34",
							"from": [ 8.0, -0.618, -4.9021 ],
							"to": [ 13.0, -0.618, 1.0979 ],
							"rotationOrigin": [ 14.0, -0.618, -1.9021 ],
							"rotationX": 162.0,
							"rotationY": 45.0,
							"rotationZ": -162.0,
							"faces": {
								"up": { "texture": "#straw1", "uv": [ 1.0, 11.0, 7.0, 16.0 ], "rotation": 90 }
							}
						}
					]
				},
				{
					"name": "Cube32",
					"from": [ 16.0, 1.0, 0.0 ],
					"to": [ 21.0, 1.0, 16.0 ],
					"rotationOrigin": [ 16.0, 1.0, 0.0 ],
					"rotationZ": -18.0,
					"faces": {
						"up": { "texture": "#straw1", "uv": [ 0.0, 3.0, 16.0, 8.0 ], "rotation": 270 }
					},
					"children": [
						{
							"name": "Cube35",
							"from": [ -7.9021, -0.618, -1.0 ],
							"to": [ -2.9021, -0.618, 5.0 ],
							"rotationOrigin": [ -1.9021, -0.618, 2.0 ],
							"rotationX": 162.828,
							"rotationY": -42.26,
							"rotationZ": 173.321,
							"faces": {
								"up": { "texture": "#straw1", "uv": [ 9.5, 11.0, 15.5, 16.0 ], "rotation": 90 }
							}
						}
					]
				},
				{
					"name": "Cube33",
					"from": [ 0.0, 1.0, -5.0 ],
					"to": [ 16.0, 1.0, 0.0 ],
					"rotationOrigin": [ 0.0, 1.0, 0.0 ],
					"rotationX": -18.0,
					"faces": {
						"up": { "texture": "#straw1", "uv": [ 0.0, 11.0, 16.0, 16.0 ], "rotation": 180 }
					},
					"children": [
						{
							"name": "Cube36",
							"from": [ -4.0, -0.618, 3.9021 ],
							"to": [ 1.0, -0.618, 9.9021 ],
							"rotationOrigin": [ 2.0, -0.618, 6.9021 ],
							"rotationX": 18.0,
							"rotationY": -45.0,
							"rotationZ": 18.0,
							"faces": {
								"up": { "texture": "#straw1", "uv": [ 10.0, 3.0, 16.0, 8.0 ], "rotation": 90 }
							}
						}
					]
				}
			]
		},
		{
			"name": "Layer3",
			"from": [ 0.5, 2.0, 0.5 ],
			"to": [ 15.5, 3.0, 15.5 ],
			"rotationOrigin": [ 8.0, 2.0, 8.0 ],
			"rotationY": 15.0,
			"faces": {
				"north": { "texture": "#normal-top", "uv": [ 0.0, 0.0, 15.0, 1.0 ] },
				"east": { "texture": "#normal-top", "uv": [ 0.0, 0.0, 15.0, 1.0 ] },
				"south": { "texture": "#normal-top", "uv": [ 0.0, 0.0, 15.0, 1.0 ] },
				"west": { "texture": "#normal-top", "uv": [ 0.0, 0.0, 15.0, 1.0 ] },
				"up": { "texture": "#normal-top", "uv": [ 0.5, 0.5, 15.5, 15.5 ] },
				"down": { "texture": "#normal-top", "uv": [ 0.5, 0.5, 15.5, 15.5 ] }
			},
			"children": [
				{
					"name": "Cube11",
					"from": [ -5.0, 1.0, -0.5 ],
					"to": [ 0.0, 1.0, 15.5 ],
					"rotationOrigin": [ 0.0, 1.0, -1.0 ],
					"rotationZ": 22.0,
					"faces": {
						"up": { "texture": "#straw1", "uv": [ 0.0, 3.0, 16.0, 8.0 ], "rotation": 90 }
					},
					"children": [
						{
							"name": "Cube12",
							"from": [ 0.8544, -0.7492, 10.5 ],
							"to": [ 5.8544, -0.7492, 16.5 ],
							"rotationOrigin": [ 6.8544, -0.7492, 13.5 ],
							"rotationX": 20.536,
							"rotationY": 40.967,
							"rotationZ": -9.743,
							"faces": {
								"up": { "texture": "#straw1", "uv": [ 6.0, 3.0, 12.0, 8.0 ], "rotation": 90 }
							}
						}
					]
				},
				{
					"name": "Cube13",
					"from": [ -0.5, 1.0, 15.0 ],
					"to": [ 15.5, 1.0, 20.0 ],
					"rotationOrigin": [ -1.0, 1.0, 15.0 ],
					"rotationX": 22.0,
					"faces": {
						"up": { "texture": "#straw1", "uv": [ 0.0, 11.0, 16.0, 16.0 ] }
					},
					"children": [
						{
							"name": "Cube16",
							"from": [ 7.5, -0.7492, -4.8544 ],
							"to": [ 12.5, -0.7492, 1.1456 ],
							"rotationOrigin": [ 13.5, -0.7492, -1.8544 ],
							"rotationX": 158.0,
							"rotationY": 45.0,
							"rotationZ": -160.0,
							"faces": {
								"up": { "texture": "#straw1", "uv": [ 1.0, 11.0, 7.0, 16.0 ], "rotation": 90 }
							}
						}
					]
				},
				{
					"name": "Cube14",
					"from": [ 15.0, 1.0, -0.5 ],
					"to": [ 20.0, 1.0, 15.5 ],
					"rotationOrigin": [ 15.0, 1.0, -1.0 ],
					"rotationZ": -22.0,
					"faces": {
						"up": { "texture": "#straw1", "uv": [ 0.0, 3.0, 16.0, 8.0 ], "rotation": 270 }
					},
					"children": [
						{
							"name": "Cube17",
							"from": [ -7.8544, -0.7492, -0.5 ],
							"to": [ -2.8544, -0.7492, 5.5 ],
							"rotationOrigin": [ -1.8544, -0.7492, 2.5 ],
							"rotationX": 159.464,
							"rotationY": -40.967,
							"rotationZ": 170.257,
							"faces": {
								"up": { "texture": "#straw1", "uv": [ 9.5, 11.0, 15.5, 16.0 ], "rotation": 90 }
							}
						}
					]
				},
				{
					"name": "Cube15",
					"from": [ -0.5, 1.0, -5.0 ],
					"to": [ 15.5, 1.0, 0.0 ],
					"rotationOrigin": [ -1.0, 1.0, 0.0 ],
					"rotationX": -22.0,
					"faces": {
						"up": { "texture": "#straw1", "uv": [ 0.0, 11.0, 16.0, 16.0 ], "rotation": 180 }
					},
					"children": [
						{
							"name": "Cube18",
							"from": [ -3.5, -0.7492, 3.8544 ],
							"to": [ 1.5, -0.7492, 9.8544 ],
							"rotationOrigin": [ 2.5, -0.7492, 6.8544 ],
							"rotationX": 22.0,
							"rotationY": -45.0,
							"rotationZ": 20.0,
							"faces": {
								"up": { "texture": "#straw1", "uv": [ 10.0, 3.0, 16.0, 8.0 ], "rotation": 90 }
							}
						}
					]
				}
			]
		},
		{
			"name": "Layer4",
			"from": [ 0.5, 3.0, 0.5 ],
			"to": [ 15.5, 4.0, 15.5 ],
			"rotationOrigin": [ 8.0, 3.0, 8.0 ],
			"rotationY": -75.0,
			"faces": {
				"north": { "texture": "#normal-top", "uv": [ 0.0, 0.0, 15.0, 1.0 ] },
				"east": { "texture": "#normal-top", "uv": [ 0.0, 0.0, 15.0, 1.0 ] },
				"south": { "texture": "#normal-top", "uv": [ 0.0, 0.0, 15.0, 1.0 ] },
				"west": { "texture": "#normal-top", "uv": [ 0.0, 0.0, 15.0, 1.0 ] },
				"up": { "texture": "#normal-top", "uv": [ 0.5, 0.5, 15.5, 15.5 ] },
				"down": { "texture": "#normal-top", "uv": [ 0.5, 0.5, 15.5, 15.5 ] }
			},
			"children": [
				{
					"name": "Cube38",
					"from": [ -5.0, 1.0, -0.5 ],
					"to": [ 0.0, 1.0, 15.5 ],
					"rotationOrigin": [ 0.0, 1.0, -1.0 ],
					"rotationZ": 28.0,
					"faces": {
						"up": { "texture": "#straw1", "uv": [ 0.0, 3.0, 16.0, 8.0 ], "rotation": 90 }
					},
					"children": [
						{
							"name": "Cube39",
							"from": [ 0.7659, -0.9389, 10.5 ],
							"to": [ 5.7659, -0.9389, 16.5 ],
							"rotationOrigin": [ 6.7659, -0.9389, 13.5 ],
							"rotationX": 25.149,
							"rotationY": 38.634,
							"rotationZ": -12.941,
							"faces": {
								"up": { "texture": "#straw1", "uv": [ 6.0, 3.0, 12.0, 8.0 ], "rotation": 90 }
							}
						}
					]
				},
				{
					"name": "Cube40",
					"from": [ -0.5, 1.0, 15.0 ],
					"to": [ 15.5, 1.0, 20.0 ],
					"rotationOrigin": [ -1.0, 1.0, 15.0 ],
					"rotationX": 28.0,
					"faces": {
						"up": { "texture": "#straw1", "uv": [ 0.0, 11.0, 16.0, 16.0 ] }
					},
					"children": [
						{
							"name": "Cube43",
							"from": [ 7.5, -0.9389, -4.7659 ],
							"to": [ 12.5, -0.9389, 1.2341 ],
							"rotationOrigin": [ 13.5, -0.9389, -1.7659 ],
							"rotationX": 152.0,
							"rotationY": 45.0,
							"rotationZ": -156.0,
							"faces": {
								"up": { "texture": "#straw1", "uv": [ 1.0, 11.0, 7.0, 16.0 ], "rotation": 90 }
							}
						}
					]
				},
				{
					"name": "Cube41",
					"from": [ 15.0, 1.0, -0.5 ],
					"to": [ 20.0, 1.0, 15.5 ],
					"rotationOrigin": [ 15.0, 1.0, -1.0 ],
					"rotationZ": -28.0,
					"faces": {
						"up": { "texture": "#straw1", "uv": [ 0.0, 3.0, 16.0, 8.0 ], "rotation": 270 }
					},
					"children": [
						{
							"name": "Cube44",
							"from": [ -7.7659, -0.9389, -0.5 ],
							"to": [ -2.7659, -0.9389, 5.5 ],
							"rotationOrigin": [ -1.7659, -0.9389, 2.5 ],
							"rotationX": 154.851,
							"rotationY": -38.634,
							"rotationZ": 167.059,
							"faces": {
								"up": { "texture": "#straw1", "uv": [ 9.5, 11.0, 15.5, 16.0 ], "rotation": 90 }
							}
						}
					]
				},
				{
					"name": "Cube42",
					"from": [ -0.5, 1.0, -5.0 ],
					"to": [ 15.5, 1.0, 0.0 ],
					"rotationOrigin": [ -1.0, 1.0, 0.0 ],
					"rotationX": -28.0,
					"faces": {
						"up": { "texture": "#straw1", "uv": [ 0.0, 11.0, 16.0, 16.0 ], "rotation": 180 }
					},
					"children": [
						{
							"name": "Cube45",
							"from": [ -3.5, -0.9389, 3.7659 ],
							"to": [ 1.5, -0.9389, 9.7659 ],
							"rotationOrigin": [ 2.5, -0.9389, 6.7659 ],
							"rotationX": 28.0,
							"rotationY": -45.0,
							"rotationZ": 24.0,
							"faces": {
								"up": { "texture": "#straw1", "uv": [ 10.0, 3.0, 16.0, 8.0 ], "rotation": 90 }
							}
						}
					]
				}
			]
		},
		{
			"name": "Layer5",
			"from": [ 1.0, 4.0, 1.0 ],
			"to": [ 15.0, 5.0, 15.0 ],
			"rotationOrigin": [ 8.0, 4.0, 8.0 ],
			"rotationY": -22.5,
			"faces": {
				"north": { "texture": "#normal-top", "uv": [ 0.0, 0.0, 14.0, 1.0 ] },
				"east": { "texture": "#normal-top", "uv": [ 0.0, 0.0, 14.0, 1.0 ] },
				"south": { "texture": "#normal-top", "uv": [ 0.0, 0.0, 14.0, 1.0 ] },
				"west": { "texture": "#normal-top", "uv": [ 0.0, 0.0, 14.0, 1.0 ] },
				"up": { "texture": "#normal-top", "uv": [ 1.0, 1.0, 15.0, 15.0 ] },
				"down": { "texture": "#normal-top", "uv": [ 1.0, 1.0, 15.0, 15.0 ] }
			},
			"children": [
				{
					"name": "Cube20",
					"from": [ -5.0, 1.0, -1.0 ],
					"to": [ 0.0, 1.0, 15.0 ],
					"rotationOrigin": [ 0.0, 1.0, -2.0 ],
					"rotationZ": 28.0,
					"faces": {
						"up": { "texture": "#straw1", "uv": [ 0.0, 3.0, 16.0, 8.0 ], "rotation": 90 }
					},
					"children": [
						{
							"name": "Cube21",
							"from": [ 0.7659, -0.9389, 10.0 ],
							"to": [ 5.7659, -0.9389, 16.0 ],
							"rotationOrigin": [ 6.7659, -0.9389, 13.0 ],
							"rotationX": 25.149,
							"rotationY": 38.634,
							"rotationZ": -14.941,
							"faces": {
								"up": { "texture": "#straw1", "uv": [ 6.0, 3.0, 12.0, 8.0 ], "rotation": 90 }
							}
						}
					]
				},
				{
					"name": "Cube22",
					"from": [ -1.0, 1.0, 14.0 ],
					"to": [ 15.0, 1.0, 19.0 ],
					"rotationOrigin": [ -1.0, 1.0, 14.0 ],
					"rotationX": 28.0,
					"faces": {
						"up": { "texture": "#straw1", "uv": [ 0.0, 11.0, 16.0, 16.0 ] }
					},
					"children": [
						{
							"name": "Cube25",
							"from": [ 7.0, -0.9389, -4.7659 ],
							"to": [ 12.0, -0.9389, 1.2341 ],
							"rotationOrigin": [ 13.0, -0.9389, -1.7659 ],
							"rotationX": 152.0,
							"rotationY": 45.0,
							"rotationZ": -158.0,
							"faces": {
								"up": { "texture": "#straw1", "uv": [ 1.0, 11.0, 7.0, 16.0 ], "rotation": 90 }
							}
						}
					]
				},
				{
					"name": "Cube23",
					"from": [ 14.0, 1.0, -1.0 ],
					"to": [ 19.0, 1.0, 15.0 ],
					"rotationOrigin": [ 14.0, 1.0, -1.0 ],
					"rotationZ": -28.0,
					"faces": {
						"up": { "texture": "#straw1", "uv": [ 0.0, 3.0, 16.0, 8.0 ], "rotation": 270 }
					},
					"children": [
						{
							"name": "Cube26",
							"from": [ -7.7659, -0.9389, 0.0 ],
							"to": [ -2.7659, -0.9389, 6.0 ],
							"rotationOrigin": [ -1.7659, -0.9389, 3.0 ],
							"rotationX": 154.851,
							"rotationY": -38.634,
							"rotationZ": 165.059,
							"faces": {
								"up": { "texture": "#straw1", "uv": [ 9.5, 11.0, 15.5, 16.0 ], "rotation": 90 }
							}
						}
					]
				},
				{
					"name": "Cube24",
					"from": [ -1.0, 1.0, -5.0 ],
					"to": [ 15.0, 1.0, 0.0 ],
					"rotationOrigin": [ -1.0, 1.0, 0.0 ],
					"rotationX": -28.0,
					"faces": {
						"up": { "texture": "#straw1", "uv": [ 0.0, 11.0, 16.0, 16.0 ], "rotation": 180 }
					},
					"children": [
						{
							"name": "Cube27",
							"from": [ -3.0, -0.9389, 3.7659 ],
							"to": [ 2.0, -0.9389, 9.7659 ],
							"rotationOrigin": [ 3.0, -0.9389, 6.7659 ],
							"rotationX": 28.0,
							"rotationY": -45.0,
							"rotationZ": 22.0,
							"faces": {
								"up": { "texture": "#straw1", "uv": [ 10.0, 3.0, 16.0, 8.0 ], "rotation": 90 }
							}
						}
					]
				}
			]
		},
		{
			"name": "Layer6",
			"from": [ 1.0, 5.0, 1.0 ],
			"to": [ 15.0, 6.0, 15.0 ],
			"rotationOrigin": [ 8.0, 5.0, 8.0 ],
			"rotationY": 67.5,
			"faces": {
				"north": { "texture": "#normal-top", "uv": [ 0.0, 0.0, 14.0, 1.0 ] },
				"east": { "texture": "#normal-top", "uv": [ 0.0, 0.0, 14.0, 1.0 ] },
				"south": { "texture": "#normal-top", "uv": [ 0.0, 0.0, 14.0, 1.0 ] },
				"west": { "texture": "#normal-top", "uv": [ 0.0, 0.0, 14.0, 1.0 ] },
				"up": { "texture": "#normal-top", "uv": [ 1.0, 1.0, 15.0, 15.0 ] },
				"down": { "texture": "#normal-top", "uv": [ 1.0, 1.0, 15.0, 15.0 ] }
			},
			"children": [
				{
					"name": "Cube47",
					"from": [ -5.0, 1.0, -1.0 ],
					"to": [ 0.0, 1.0, 15.0 ],
					"rotationOrigin": [ 0.0, 1.0, -2.0 ],
					"rotationZ": 28.0,
					"faces": {
						"up": { "texture": "#straw1", "uv": [ 0.0, 3.0, 16.0, 8.0 ], "rotation": 90 }
					},
					"children": [
						{
							"name": "Cube48",
							"from": [ 0.7659, -0.9389, 10.0 ],
							"to": [ 5.7659, -0.9389, 16.0 ],
							"rotationOrigin": [ 6.7659, -0.9389, 13.0 ],
							"rotationX": 25.149,
							"rotationY": 38.634,
							"rotationZ": -14.941,
							"faces": {
								"up": { "texture": "#straw1", "uv": [ 6.0, 3.0, 12.0, 8.0 ], "rotation": 90 }
							}
						}
					]
				},
				{
					"name": "Cube49",
					"from": [ -1.0, 1.0, 14.0 ],
					"to": [ 15.0, 1.0, 19.0 ],
					"rotationOrigin": [ -1.0, 1.0, 14.0 ],
					"rotationX": 28.0,
					"faces": {
						"up": { "texture": "#straw1", "uv": [ 0.0, 11.0, 16.0, 16.0 ] }
					},
					"children": [
						{
							"name": "Cube52",
							"from": [ 7.0, -0.9389, -4.7659 ],
							"to": [ 12.0, -0.9389, 1.2341 ],
							"rotationOrigin": [ 13.0, -0.9389, -1.7659 ],
							"rotationX": 152.0,
							"rotationY": 45.0,
							"rotationZ": -158.0,
							"faces": {
								"up": { "texture": "#straw1", "uv": [ 1.0, 11.0, 7.0, 16.0 ], "rotation": 90 }
							}
						}
					]
				},
				{
					"name": "Cube50",
					"from": [ 14.0, 1.0, -1.0 ],
					"to": [ 19.0, 1.0, 15.0 ],
					"rotationOrigin": [ 14.0, 1.0, -1.0 ],
					"rotationZ": -28.0,
					"faces": {
						"up": { "texture": "#straw1", "uv": [ 0.0, 3.0, 16.0, 8.0 ], "rotation": 270 }
					},
					"children": [
						{
							"name": "Cube53",
							"from": [ -7.7659, -0.9389, 0.0 ],
							"to": [ -2.7659, -0.9389, 6.0 ],
							"rotationOrigin": [ -1.7659, -0.9389, 3.0 ],
							"rotationX": 154.851,
							"rotationY": -38.634,
							"rotationZ": 165.059,
							"faces": {
								"up": { "texture": "#straw1", "uv": [ 9.5, 11.0, 15.5, 16.0 ], "rotation": 90 }
							}
						}
					]
				},
				{
					"name": "Cube51",
					"from": [ -1.0, 1.0, -5.0 ],
					"to": [ 15.0, 1.0, 0.0 ],
					"rotationOrigin": [ -1.0, 1.0, 0.0 ],
					"rotationX": -28.0,
					"faces": {
						"up": { "texture": "#straw1", "uv": [ 0.0, 11.0, 16.0, 16.0 ], "rotation": 180 }
					},
					"children": [
						{
							"name": "Cube54",
							"from": [ -3.0, -0.9389, 3.7659 ],
							"to": [ 2.0, -0.9389, 9.7659 ],
							"rotationOrigin": [ 3.0, -0.9389, 6.7659 ],
							"rotationX": 28.0,
							"rotationY": -45.0,
							"rotationZ": 22.0,
							"faces": {
								"up": { "texture": "#straw1", "uv": [ 10.0, 3.0, 16.0, 8.0 ], "rotation": 90 }
							}
						}
					]
				}
			]
		},
		{
			"name": "Layer7",
			"from": [ 1.5, 6.0, 1.5 ],
			"to": [ 14.5, 7.0, 14.5 ],
			"rotationOrigin": [ 8.0, 6.0, 8.0 ],
			"rotationY": 180.0,
			"faces": {
				"north": { "texture": "#normal-top", "uv": [ 0.0, 0.0, 13.0, 1.0 ] },
				"east": { "texture": "#normal-top", "uv": [ 0.0, 0.0, 13.0, 1.0 ] },
				"south": { "texture": "#normal-top", "uv": [ 0.0, 0.0, 13.0, 1.0 ] },
				"west": { "texture": "#normal-top", "uv": [ 0.0, 0.0, 13.0, 1.0 ] },
				"up": { "texture": "#normal-top", "uv": [ 1.5, 1.5, 14.5, 14.5 ] },
				"down": { "texture": "#normal-top", "uv": [ 1.5, 1.5, 14.5, 14.5 ] }
			},
			"children": [
				{
					"name": "Cube56",
					"from": [ -6.0, 1.0, 0.0 ],
					"to": [ 0.0, 1.0, 13.0 ],
					"rotationOrigin": [ 0.0, 1.0, 0.0 ],
					"rotationZ": 35.0,
					"faces": {
						"up": { "texture": "#straw1", "uv": [ 1.0, 2.0, 14.0, 8.0 ], "rotation": 90 }
					},
					"children": [
						{
							"name": "Cube57",
							"from": [ 0.6383, -1.1472, 8.0 ],
							"to": [ 6.6383, -1.1472, 14.0 ],
							"rotationOrigin": [ 7.6383, -1.1472, 11.0 ],
							"rotationX": 29.838,
							"rotationY": 35.396,
							"rotationZ": -14.719,
							"faces": {
								"up": { "texture": "#straw1", "uv": [ 6.0, 2.0, 12.0, 8.0 ], "rotation": 90 }
							}
						}
					]
				},
				{
					"name": "Cube58",
					"from": [ 0.0, 1.0, 13.0 ],
					"to": [ 13.0, 1.0, 19.0 ],
					"rotationOrigin": [ 0.0, 1.0, 13.0 ],
					"rotationX": 35.0,
					"faces": {
						"up": { "texture": "#straw1", "uv": [ 1.0, 10.0, 14.0, 16.0 ] }
					},
					"children": [
						{
							"name": "Cube61",
							"from": [ 4.0, -1.1472, -4.6383 ],
							"to": [ 10.0, -1.1472, 1.3617 ],
							"rotationOrigin": [ 11.0, -1.1472, -1.6383 ],
							"rotationX": 145.0,
							"rotationY": 45.0,
							"rotationZ": -150.0,
							"faces": {
								"up": { "texture": "#straw1", "uv": [ 1.0, 10.0, 7.0, 16.0 ], "rotation": 90 }
							}
						}
					]
				},
				{
					"name": "Cube59",
					"from": [ 13.0, 1.0, 0.0 ],
					"to": [ 19.0, 1.0, 13.0 ],
					"rotationOrigin": [ 13.0, 1.0, 0.0 ],
					"rotationZ": -35.0,
					"faces": {
						"up": { "texture": "#straw1", "uv": [ 1.0, 2.0, 14.0, 8.0 ], "rotation": 270 }
					},
					"children": [
						{
							"name": "Cube62",
							"from": [ -8.6383, -1.1472, -1.0 ],
							"to": [ -2.6383, -1.1472, 5.0 ],
							"rotationOrigin": [ -1.6383, -1.1472, 2.0 ],
							"rotationX": 150.162,
							"rotationY": -35.396,
							"rotationZ": 165.281,
							"faces": {
								"up": { "texture": "#straw1", "uv": [ 9.5, 10.0, 15.5, 16.0 ], "rotation": 90 }
							}
						}
					]
				},
				{
					"name": "Cube60",
					"from": [ 0.0, 1.0, -6.0 ],
					"to": [ 13.0, 1.0, 0.0 ],
					"rotationOrigin": [ 0.0, 1.0, 0.0 ],
					"rotationX": -35.0,
					"faces": {
						"up": { "texture": "#straw1", "uv": [ 1.0, 10.0, 14.0, 16.0 ], "rotation": 180 }
					},
					"children": [
						{
							"name": "Cube63",
							"from": [ -5.0, -1.1472, 4.6383 ],
							"to": [ 1.0, -1.1472, 10.6383 ],
							"rotationOrigin": [ 2.0, -1.1472, 7.6383 ],
							"rotationX": 35.0,
							"rotationY": -45.0,
							"rotationZ": 30.0,
							"faces": {
								"up": { "texture": "#straw1", "uv": [ 10.0, 2.0, 16.0, 8.0 ], "rotation": 90 }
							}
						}
					]
				}
			]
		},
		{
			"name": "Layer8",
			"from": [ 1.5, 7.0, 1.5 ],
			"to": [ 14.5, 8.0, 14.5 ],
			"rotationOrigin": [ 8.0, 7.0, 8.0 ],
			"rotationY": -90.0,
			"faces": {
				"north": { "texture": "#normal-top", "uv": [ 0.0, 0.0, 13.0, 1.0 ] },
				"east": { "texture": "#normal-top", "uv": [ 0.0, 0.0, 13.0, 1.0 ] },
				"south": { "texture": "#normal-top", "uv": [ 0.0, 0.0, 13.0, 1.0 ] },
				"west": { "texture": "#normal-top", "uv": [ 0.0, 0.0, 13.0, 1.0 ] },
				"up": { "texture": "#normal-top", "uv": [ 1.5, 1.5, 14.5, 14.5 ] },
				"down": { "texture": "#normal-top", "uv": [ 1.5, 1.5, 14.5, 14.5 ] }
			},
			"children": [
				{
					"name": "Cube65",
					"from": [ -6.0, 1.0, 0.0 ],
					"to": [ 0.0, 1.0, 13.0 ],
					"rotationOrigin": [ 0.0, 1.0, -1.0 ],
					"rotationZ": 35.0,
					"faces": {
						"up": { "texture": "#straw1", "uv": [ 1.0, 2.0, 14.0, 8.0 ], "rotation": 90 }
					},
					"children": [
						{
							"name": "Cube66",
							"from": [ 0.6383, -1.1472, 8.0 ],
							"to": [ 6.6383, -1.1472, 14.0 ],
							"rotationOrigin": [ 7.6383, -1.1472, 11.0 ],
							"rotationX": 29.838,
							"rotationY": 35.396,
							"rotationZ": -14.719,
							"faces": {
								"up": { "texture": "#straw1", "uv": [ 6.0, 2.0, 12.0, 8.0 ], "rotation": 90 }
							}
						}
					]
				},
				{
					"name": "Cube67",
					"from": [ 0.0, 1.0, 13.0 ],
					"to": [ 13.0, 1.0, 19.0 ],
					"rotationOrigin": [ 0.0, 1.0, 13.0 ],
					"rotationX": 35.0,
					"faces": {
						"up": { "texture": "#straw1", "uv": [ 1.0, 10.0, 14.0, 16.0 ] }
					},
					"children": [
						{
							"name": "Cube70",
							"from": [ 4.0, -1.1472, -4.6383 ],
							"to": [ 10.0, -1.1472, 1.3617 ],
							"rotationOrigin": [ 11.0, -1.1472, -1.6383 ],
							"rotationX": 145.0,
							"rotationY": 45.0,
							"rotationZ": -150.0,
							"faces": {
								"up": { "texture": "#straw1", "uv": [ 1.0, 10.0, 7.0, 16.0 ], "rotation": 90 }
							}
						}
					]
				},
				{
					"name": "Cube68",
					"from": [ 13.0, 1.0, 0.0 ],
					"to": [ 19.0, 1.0, 13.0 ],
					"rotationOrigin": [ 13.0, 1.0, 0.0 ],
					"rotationZ": -35.0,
					"faces": {
						"up": { "texture": "#straw1", "uv": [ 1.0, 2.0, 14.0, 8.0 ], "rotation": 270 }
					},
					"children": [
						{
							"name": "Cube71",
							"from": [ -8.6383, -1.1472, -1.0 ],
							"to": [ -2.6383, -1.1472, 5.0 ],
							"rotationOrigin": [ -1.6383, -1.1472, 2.0 ],
							"rotationX": 150.162,
							"rotationY": -35.396,
							"rotationZ": 165.281,
							"faces": {
								"up": { "texture": "#straw1", "uv": [ 9.5, 10.0, 15.5, 16.0 ], "rotation": 90 }
							}
						}
					]
				},
				{
					"name": "Cube69",
					"from": [ 0.0, 1.0, -6.0 ],
					"to": [ 13.0, 1.0, 0.0 ],
					"rotationOrigin": [ 0.0, 1.0, 0.0 ],
					"rotationX": -35.0,
					"faces": {
						"up": { "texture": "#straw1", "uv": [ 1.0, 10.0, 14.0, 16.0 ], "rotation": 180 }
					},
					"children": [
						{
							"name": "Cube72",
							"from": [ -5.0, -1.1472, 4.6383 ],
							"to": [ 1.0, -1.1472, 10.6383 ],
							"rotationOrigin": [ 2.0, -1.1472, 7.6383 ],
							"rotationX": 35.0,
							"rotationY": -45.0,
							"rotationZ": 30.0,
							"faces": {
								"up": { "texture": "#straw1", "uv": [ 10.0, 2.0, 16.0, 8.0 ], "rotation": 90 }
							}
						}
					]
				}
			]
		},
		{
			"name": "Layer9",
			"from": [ 2.0, 8.0, 2.0 ],
			"to": [ 14.0, 9.0, 14.0 ],
			"rotationOrigin": [ 8.0, 8.0, 8.0 ],
			"rotationY": 22.5,
			"faces": {
				"north": { "texture": "#normal-top", "uv": [ 0.0, 0.0, 12.0, 1.0 ] },
				"east": { "texture": "#normal-top", "uv": [ 0.0, 0.0, 12.0, 1.0 ] },
				"south": { "texture": "#normal-top", "uv": [ 0.0, 0.0, 12.0, 1.0 ] },
				"west": { "texture": "#normal-top", "uv": [ 0.0, 0.0, 12.0, 1.0 ] },
				"up": { "texture": "#normal-top", "uv": [ 2.0, 2.0, 14.0, 14.0 ] },
				"down": { "texture": "#normal-top", "uv": [ 2.0, 2.0, 14.0, 14.0 ] }
			},
			"children": [
				{
					"name": "Cube74",
					"from": [ -6.0, 1.0, 0.0 ],
					"to": [ 0.0, 1.0, 12.0 ],
					"rotationOrigin": [ 0.0, 1.0, 0.0 ],
					"rotationZ": 40.0,
					"faces": {
						"up": { "texture": "#straw1", "uv": [ 1.0, 2.0, 13.0, 8.0 ], "rotation": 90 }
					},
					"children": [
						{
							"name": "Cube75",
							"from": [ 0.5321, -1.2856, 7.0 ],
							"to": [ 6.5321, -1.2856, 13.0 ],
							"rotationOrigin": [ 7.5321, -1.2856, 10.0 ],
							"rotationX": 32.732,
							"rotationY": 32.798,
							"rotationZ": -14.879,
							"faces": {
								"up": { "texture": "#straw1", "uv": [ 6.0, 2.0, 12.0, 8.0 ], "rotation": 90 }
							}
						}
					]
				},
				{
					"name": "Cube76",
					"from": [ 0.0, 1.0, 12.0 ],
					"to": [ 12.0, 1.0, 18.0 ],
					"rotationOrigin": [ 1.0, 1.0, 12.0 ],
					"rotationX": 40.0,
					"faces": {
						"up": { "texture": "#straw1", "uv": [ 1.0, 10.0, 13.0, 16.0 ] }
					},
					"children": [
						{
							"name": "Cube79",
							"from": [ 3.0, -1.2856, -4.5321 ],
							"to": [ 9.0, -1.2856, 1.4679 ],
							"rotationOrigin": [ 10.0, -1.2856, -1.5321 ],
							"rotationX": 140.0,
							"rotationY": 45.0,
							"rotationZ": -145.0,
							"faces": {
								"up": { "texture": "#straw1", "uv": [ 1.0, 10.0, 7.0, 16.0 ], "rotation": 90 }
							}
						}
					]
				},
				{
					"name": "Cube77",
					"from": [ 12.0, 1.0, 0.0 ],
					"to": [ 18.0, 1.0, 12.0 ],
					"rotationOrigin": [ 12.0, 1.0, 1.0 ],
					"rotationZ": -40.0,
					"faces": {
						"up": { "texture": "#straw1", "uv": [ 1.0, 2.0, 13.0, 8.0 ], "rotation": 270 }
					},
					"children": [
						{
							"name": "Cube80",
							"from": [ -8.5321, -1.2856, -1.0 ],
							"to": [ -2.5321, -1.2856, 5.0 ],
							"rotationOrigin": [ -1.5321, -1.2856, 2.0 ],
							"rotationX": 147.268,
							"rotationY": -32.798,
							"rotationZ": 165.121,
							"faces": {
								"up": { "texture": "#straw1", "uv": [ 9.5, 10.0, 15.5, 16.0 ], "rotation": 90 }
							}
						}
					]
				},
				{
					"name": "Cube78",
					"from": [ 0.0, 1.0, -6.0 ],
					"to": [ 12.0, 1.0, 0.0 ],
					"rotationOrigin": [ 1.0, 1.0, 0.0 ],
					"rotationX": -40.0,
					"faces": {
						"up": { "texture": "#straw1", "uv": [ 1.0, 10.0, 13.0, 16.0 ], "rotation": 180 }
					},
					"children": [
						{
							"name": "Cube81",
							"from": [ -5.0, -1.2856, 4.5321 ],
							"to": [ 1.0, -1.2856, 10.5321 ],
							"rotationOrigin": [ 2.0, -1.2856, 7.5321 ],
							"rotationX": 40.0,
							"rotationY": -45.0,
							"rotationZ": 35.0,
							"faces": {
								"up": { "texture": "#straw1", "uv": [ 10.0, 2.0, 16.0, 8.0 ], "rotation": 90 }
							}
						}
					]
				}
			]
		},
		{
			"name": "Layer10",
			"from": [ 2.0, 9.0, 2.0 ],
			"to": [ 14.0, 10.0, 14.0 ],
			"rotationOrigin": [ 8.0, 9.0, 8.0 ],
			"rotationY": -67.5,
			"faces": {
				"north": { "texture": "#normal-top", "uv": [ 0.0, 0.0, 12.0, 1.0 ] },
				"east": { "texture": "#normal-top", "uv": [ 0.0, 0.0, 12.0, 1.0 ] },
				"south": { "texture": "#normal-top", "uv": [ 0.0, 0.0, 12.0, 1.0 ] },
				"west": { "texture": "#normal-top", "uv": [ 0.0, 0.0, 12.0, 1.0 ] },
				"up": { "texture": "#normal-top", "uv": [ 2.0, 2.0, 14.0, 14.0 ] },
				"down": { "texture": "#normal-top", "uv": [ 2.0, 2.0, 14.0, 14.0 ] }
			},
			"children": [
				{
					"name": "Cube83",
					"from": [ -6.0, 1.0, 0.0 ],
					"to": [ 0.0, 1.0, 12.0 ],
					"rotationOrigin": [ 0.0, 1.0, 0.0 ],
					"rotationZ": 40.0,
					"faces": {
						"up": { "texture": "#straw1", "uv": [ 1.0, 2.0, 13.0, 8.0 ], "rotation": 90 }
					},
					"children": [
						{
							"name": "Cube84",
							"from": [ 0.5321, -1.2856, 7.0 ],
							"to": [ 6.5321, -1.2856, 13.0 ],
							"rotationOrigin": [ 7.5321, -1.2856, 10.0 ],
							"rotationX": 32.732,
							"rotationY": 32.798,
							"rotationZ": -14.879,
							"faces": {
								"up": { "texture": "#straw1", "uv": [ 6.0, 2.0, 12.0, 8.0 ], "rotation": 90 }
							}
						}
					]
				},
				{
					"name": "Cube85",
					"from": [ 0.0, 1.0, 12.0 ],
					"to": [ 12.0, 1.0, 18.0 ],
					"rotationOrigin": [ 1.0, 1.0, 12.0 ],
					"rotationX": 40.0,
					"faces": {
						"up": { "texture": "#straw1", "uv": [ 1.0, 10.0, 13.0, 16.0 ] }
					},
					"children": [
						{
							"name": "Cube88",
							"from": [ 3.0, -1.2856, -4.5321 ],
							"to": [ 9.0, -1.2856, 1.4679 ],
							"rotationOrigin": [ 10.0, -1.2856, -1.5321 ],
							"rotationX": 140.0,
							"rotationY": 45.0,
							"rotationZ": -145.0,
							"faces": {
								"up": { "texture": "#straw1", "uv": [ 1.0, 10.0, 7.0, 16.0 ], "rotation": 90 }
							}
						}
					]
				},
				{
					"name": "Cube86",
					"from": [ 12.0, 1.0, 0.0 ],
					"to": [ 18.0, 1.0, 12.0 ],
					"rotationOrigin": [ 12.0, 1.0, 1.0 ],
					"rotationZ": -40.0,
					"faces": {
						"up": { "texture": "#straw1", "uv": [ 1.0, 2.0, 13.0, 8.0 ], "rotation": 270 }
					},
					"children": [
						{
							"name": "Cube89",
							"from": [ -8.5321, -1.2856, -1.0 ],
							"to": [ -2.5321, -1.2856, 5.0 ],
							"rotationOrigin": [ -1.5321, -1.2856, 2.0 ],
							"rotationX": 147.268,
							"rotationY": -32.798,
							"rotationZ": 165.121,
							"faces": {
								"up": { "texture": "#straw1", "uv": [ 9.5, 10.0, 15.5, 16.0 ], "rotation": 90 }
							}
						}
					]
				},
				{
					"name": "Cube87",
					"from": [ 0.0, 1.0, -6.0 ],
					"to": [ 12.0, 1.0, 0.0 ],
					"rotationOrigin": [ 1.0, 1.0, 0.0 ],
					"rotationX": -40.0,
					"faces": {
						"up": { "texture": "#straw1", "uv": [ 1.0, 10.0, 13.0, 16.0 ], "rotation": 180 }
					},
					"children": [
						{
							"name": "Cube90",
							"from": [ -5.0, -1.2856, 4.5321 ],
							"to": [ 1.0, -1.2856, 10.5321 ],
							"rotationOrigin": [ 2.0, -1.2856, 7.5321 ],
							"rotationX": 40.0,
							"rotationY": -45.0,
							"rotationZ": 35.0,
							"faces": {
								"up": { "texture": "#straw1", "uv": [ 10.0, 2.0, 16.0, 8.0 ], "rotation": 90 }
							}
						}
					]
				}
			]
		},
		{
			"name": "Layer11",
			"from": [ 2.5, 10.0, 2.5 ],
			"to": [ 13.5, 11.0, 13.5 ],
			"rotationOrigin": [ 8.0, 10.0, 8.0 ],
			"rotationY": 45.0,
			"faces": {
				"north": { "texture": "#normal-top", "uv": [ 0.0, 0.0, 11.0, 1.0 ] },
				"east": { "texture": "#normal-top", "uv": [ 0.0, 0.0, 11.0, 1.0 ] },
				"south": { "texture": "#normal-top", "uv": [ 0.0, 0.0, 11.0, 1.0 ] },
				"west": { "texture": "#normal-top", "uv": [ 0.0, 0.0, 11.0, 1.0 ] },
				"up": { "texture": "#normal-top", "uv": [ 2.5, 2.5, 13.5, 13.5 ] },
				"down": { "texture": "#normal-top", "uv": [ 2.5, 2.5, 13.5, 13.5 ] }
			},
			"children": [
				{
					"name": "Cube92",
					"from": [ -7.0, 1.0, 0.0 ],
					"to": [ 0.0, 1.0, 11.0 ],
					"rotationOrigin": [ 0.0, 1.0, -1.0 ],
					"rotationZ": 45.0,
					"faces": {
						"up": { "texture": "#straw1", "uv": [ 2.0, 1.0, 13.0, 8.0 ], "rotation": 90 }
					},
					"children": [
						{
							"name": "Cube93",
							"from": [ 0.4142, -1.4142, 6.0 ],
							"to": [ 7.4142, -1.4142, 12.0 ],
							"rotationOrigin": [ 8.4142, -1.4142, 9.0 ],
							"rotationX": 35.264,
							"rotationY": 30.0,
							"rotationZ": -14.736,
							"faces": {
								"up": { "texture": "#straw1", "uv": [ 6.0, 1.0, 12.0, 8.0 ], "rotation": 90 }
							}
						}
					]
				},
				{
					"name": "Cube94",
					"from": [ 0.0, 1.0, 11.0 ],
					"to": [ 11.0, 1.0, 18.0 ],
					"rotationOrigin": [ 1.0, 1.0, 11.0 ],
					"rotationX": 45.0,
					"faces": {
						"up": { "texture": "#straw1", "uv": [ 4.0, 9.0, 15.0, 16.0 ] }
					},
					"children": [
						{
							"name": "Cube97",
							"from": [ 1.0, -1.4142, -4.4142 ],
							"to": [ 8.0, -1.4142, 1.5858 ],
							"rotationOrigin": [ 9.0, -1.4142, -1.4142 ],
							"rotationX": 135.0,
							"rotationY": 45.0,
							"rotationZ": -140.0,
							"faces": {
								"up": { "texture": "#straw1", "uv": [ 1.0, 9.0, 7.0, 16.0 ], "rotation": 90 }
							}
						}
					]
				},
				{
					"name": "Cube95",
					"from": [ 11.0, 1.0, 0.0 ],
					"to": [ 18.0, 1.0, 11.0 ],
					"rotationOrigin": [ 11.0, 1.0, 1.0 ],
					"rotationZ": -45.0,
					"faces": {
						"up": { "texture": "#straw1", "uv": [ 0.0, 1.0, 11.0, 8.0 ], "rotation": 270 }
					},
					"children": [
						{
							"name": "Cube98",
							"from": [ -9.4142, -1.4142, -1.0 ],
							"to": [ -2.4142, -1.4142, 5.0 ],
							"rotationOrigin": [ -1.4142, -1.4142, 2.0 ],
							"rotationX": 144.736,
							"rotationY": -30.0,
							"rotationZ": 165.264,
							"faces": {
								"up": { "texture": "#straw1", "uv": [ 9.5, 9.0, 15.5, 16.0 ], "rotation": 90 }
							}
						}
					]
				},
				{
					"name": "Cube96",
					"from": [ 0.0, 1.0, -7.0 ],
					"to": [ 11.0, 1.0, 0.0 ],
					"rotationOrigin": [ 1.0, 1.0, 0.0 ],
					"rotationX": -45.0,
					"faces": {
						"up": { "texture": "#straw1", "uv": [ 4.0, 9.0, 15.0, 16.0 ], "rotation": 180 }
					},
					"children": [
						{
							"name": "Cube99",
							"from": [ -6.0, -1.4142, 5.4142 ],
							"to": [ 1.0, -1.4142, 11.4142 ],
							"rotationOrigin": [ 2.0, -1.4142, 8.4142 ],
							"rotationX": 45.0,
							"rotationY": -45.0,
							"rotationZ": 40.0,
							"faces": {
								"up": { "texture": "#straw1", "uv": [ 10.0, 1.0, 16.0, 8.0 ], "rotation": 90 }
							}
						}
					]
				}
			]
		},
		{
			"name": "Layer12",
			"from": [ 2.5, 11.0, 2.5 ],
			"to": [ 13.5, 12.0, 13.5 ],
			"rotationOrigin": [ 8.0, 11.0, 8.0 ],
			"rotationY": -45.0,
			"faces": {
				"north": { "texture": "#normal-top", "uv": [ 0.0, 0.0, 11.0, 1.0 ] },
				"east": { "texture": "#normal-top", "uv": [ 0.0, 0.0, 11.0, 1.0 ] },
				"south": { "texture": "#normal-top", "uv": [ 0.0, 0.0, 11.0, 1.0 ] },
				"west": { "texture": "#normal-top", "uv": [ 0.0, 0.0, 11.0, 1.0 ] },
				"up": { "texture": "#normal-top", "uv": [ 2.5, 2.5, 13.5, 13.5 ] },
				"down": { "texture": "#normal-top", "uv": [ 2.5, 2.5, 13.5, 13.5 ] }
			},
			"children": [
				{
					"name": "Cube101",
					"from": [ -7.0, 1.0, 0.0 ],
					"to": [ 0.0, 1.0, 11.0 ],
					"rotationOrigin": [ 0.0, 1.0, -1.0 ],
					"rotationZ": 45.0,
					"faces": {
						"up": { "texture": "#straw1", "uv": [ 2.0, 1.0, 13.0, 8.0 ], "rotation": 90 }
					},
					"children": [
						{
							"name": "Cube102",
							"from": [ 0.4142, -1.4142, 6.0 ],
							"to": [ 7.4142, -1.4142, 12.0 ],
							"rotationOrigin": [ 8.4142, -1.4142, 9.0 ],
							"rotationX": 35.264,
							"rotationY": 30.0,
							"rotationZ": -14.736,
							"faces": {
								"up": { "texture": "#straw1", "uv": [ 6.0, 1.0, 12.0, 8.0 ], "rotation": 90 }
							}
						}
					]
				},
				{
					"name": "Cube103",
					"from": [ 0.0, 1.0, 11.0 ],
					"to": [ 11.0, 1.0, 18.0 ],
					"rotationOrigin": [ 1.0, 1.0, 11.0 ],
					"rotationX": 45.0,
					"faces": {
						"up": { "texture": "#straw1", "uv": [ 4.0, 9.0, 15.0, 16.0 ] }
					},
					"children": [
						{
							"name": "Cube106",
							"from": [ 1.0, -1.4142, -4.4142 ],
							"to": [ 8.0, -1.4142, 1.5858 ],
							"rotationOrigin": [ 9.0, -1.4142, -1.4142 ],
							"rotationX": 135.0,
							"rotationY": 45.0,
							"rotationZ": -140.0,
							"faces": {
								"up": { "texture": "#straw1", "uv": [ 1.0, 9.0, 7.0, 16.0 ], "rotation": 90 }
							}
						}
					]
				},
				{
					"name": "Cube104",
					"from": [ 11.0, 1.0, 0.0 ],
					"to": [ 18.0, 1.0, 11.0 ],
					"rotationOrigin": [ 11.0, 1.0, 1.0 ],
					"rotationZ": -45.0,
					"faces": {
						"up": { "texture": "#straw1", "uv": [ 0.0, 1.0, 11.0, 8.0 ], "rotation": 270 }
					},
					"children": [
						{
							"name": "Cube107",
							"from": [ -9.4142, -1.4142, -1.0 ],
							"to": [ -2.4142, -1.4142, 5.0 ],
							"rotationOrigin": [ -1.4142, -1.4142, 2.0 ],
							"rotationX": 144.736,
							"rotationY": -30.0,
							"rotationZ": 165.264,
							"faces": {
								"up": { "texture": "#straw1", "uv": [ 9.5, 9.0, 15.5, 16.0 ], "rotation": 90 }
							}
						}
					]
				},
				{
					"name": "Cube105",
					"from": [ 0.0, 1.0, -7.0 ],
					"to": [ 11.0, 1.0, 0.0 ],
					"rotationOrigin": [ 1.0, 1.0, 0.0 ],
					"rotationX": -45.0,
					"faces": {
						"up": { "texture": "#straw1", "uv": [ 4.0, 9.0, 15.0, 16.0 ], "rotation": 180 }
					},
					"children": [
						{
							"name": "Cube108",
							"from": [ -6.0, -1.4142, 5.4142 ],
							"to": [ 1.0, -1.4142, 11.4142 ],
							"rotationOrigin": [ 2.0, -1.4142, 8.4142 ],
							"rotationX": 45.0,
							"rotationY": -45.0,
							"rotationZ": 40.0,
							"faces": {
								"up": { "texture": "#straw1", "uv": [ 10.0, 1.0, 16.0, 8.0 ], "rotation": 90 }
							}
						}
					]
				}
			]
		},
		{
			"name": "Layer13",
			"from": [ 3.0, 12.0, 3.0 ],
			"to": [ 13.0, 13.0, 13.0 ],
			"rotationOrigin": [ 8.0, 12.0, 8.0 ],
			"rotationY": -22.5,
			"faces": {
				"north": { "texture": "#normal-top", "uv": [ 0.0, 0.0, 10.0, 1.0 ] },
				"east": { "texture": "#normal-top", "uv": [ 0.0, 0.0, 10.0, 1.0 ] },
				"south": { "texture": "#normal-top", "uv": [ 0.0, 0.0, 10.0, 1.0 ] },
				"west": { "texture": "#normal-top", "uv": [ 0.0, 0.0, 10.0, 1.0 ] },
				"up": { "texture": "#normal-top", "uv": [ 3.0, 3.0, 13.0, 13.0 ] },
				"down": { "texture": "#normal-top", "uv": [ 3.0, 3.0, 13.0, 13.0 ] }
			},
			"children": [
				{
					"name": "Cube110",
					"from": [ -7.0, 1.0, 0.0 ],
					"to": [ 0.0, 1.0, 10.0 ],
					"rotationOrigin": [ 0.0, 1.0, -1.0 ],
					"rotationZ": 45.0,
					"faces": {
						"up": { "texture": "#straw1", "uv": [ 1.5, 1.0, 11.5, 8.0 ], "rotation": 90 }
					},
					"children": [
						{
							"name": "Cube111",
							"from": [ 0.4142, -1.4142, 5.0 ],
							"to": [ 7.4142, -1.4142, 11.0 ],
							"rotationOrigin": [ 8.4142, -1.4142, 8.0 ],
							"rotationX": 35.264,
							"rotationY": 30.0,
							"rotationZ": -9.736,
							"faces": {
								"up": { "texture": "#straw1", "uv": [ 6.0, 1.0, 12.0, 8.0 ], "rotation": 90 }
							}
						}
					]
				},
				{
					"name": "Cube112",
					"from": [ 0.0, 1.0, 10.0 ],
					"to": [ 10.0, 1.0, 17.0 ],
					"rotationOrigin": [ 1.0, 1.0, 10.0 ],
					"rotationX": 45.0,
					"faces": {
						"up": { "texture": "#straw1", "uv": [ 0.0, 9.0, 10.0, 16.0 ] }
					},
					"children": [
						{
							"name": "Cube115",
							"from": [ 0.0, -1.4142, -4.4142 ],
							"to": [ 7.0, -1.4142, 1.5858 ],
							"rotationOrigin": [ 8.0, -1.4142, -1.4142 ],
							"rotationX": 135.0,
							"rotationY": 45.0,
							"rotationZ": -135.0,
							"faces": {
								"up": { "texture": "#straw1", "uv": [ 1.0, 9.0, 7.0, 16.0 ], "rotation": 90 }
							}
						}
					]
				},
				{
					"name": "Cube113",
					"from": [ 10.0, 1.0, 0.0 ],
					"to": [ 17.0, 1.0, 10.0 ],
					"rotationOrigin": [ 10.0, 1.0, 1.0 ],
					"rotationZ": -45.0,
					"faces": {
						"up": { "texture": "#straw1", "uv": [ 6.0, 1.0, 16.0, 8.0 ], "rotation": 270 }
					},
					"children": [
						{
							"name": "Cube116",
							"from": [ -9.4142, -1.4142, -1.0 ],
							"to": [ -2.4142, -1.4142, 5.0 ],
							"rotationOrigin": [ -1.4142, -1.4142, 2.0 ],
							"rotationX": 144.736,
							"rotationY": -30.0,
							"rotationZ": 170.264,
							"faces": {
								"up": { "texture": "#straw1", "uv": [ 9.5, 9.0, 15.5, 16.0 ], "rotation": 90 }
							}
						}
					]
				},
				{
					"name": "Cube114",
					"from": [ 0.0, 1.0, -7.0 ],
					"to": [ 10.0, 1.0, 0.0 ],
					"rotationOrigin": [ 1.0, 1.0, 0.0 ],
					"rotationX": -45.0,
					"faces": {
						"up": { "texture": "#straw1", "uv": [ 1.0, 9.0, 11.0, 16.0 ], "rotation": 180 }
					},
					"children": [
						{
							"name": "Cube117",
							"from": [ -6.0, -1.4142, 5.4142 ],
							"to": [ 1.0, -1.4142, 11.4142 ],
							"rotationOrigin": [ 2.0, -1.4142, 8.4142 ],
							"rotationX": 45.0,
							"rotationY": -45.0,
							"rotationZ": 45.0,
							"faces": {
								"up": { "texture": "#straw1", "uv": [ 10.0, 1.0, 16.0, 8.0 ], "rotation": 90 }
							}
						}
					]
				}
			]
		},
		{
			"name": "Layer14",
			"from": [ 3.0, 13.0, 3.0 ],
			"to": [ 13.0, 14.0, 13.0 ],
			"rotationOrigin": [ 8.0, 13.0, 8.0 ],
			"rotationY": 67.5,
			"faces": {
				"north": { "texture": "#normal-top", "uv": [ 0.0, 0.0, 10.0, 1.0 ] },
				"east": { "texture": "#normal-top", "uv": [ 0.0, 0.0, 10.0, 1.0 ] },
				"south": { "texture": "#normal-top", "uv": [ 0.0, 0.0, 10.0, 1.0 ] },
				"west": { "texture": "#normal-top", "uv": [ 0.0, 0.0, 10.0, 1.0 ] },
				"up": { "texture": "#normal-top", "uv": [ 3.0, 3.0, 13.0, 13.0 ] },
				"down": { "texture": "#normal-top", "uv": [ 3.0, 3.0, 13.0, 13.0 ] }
			},
			"children": [
				{
					"name": "Cube119",
					"from": [ -7.0, 1.0, 0.0 ],
					"to": [ 0.0, 1.0, 10.0 ],
					"rotationOrigin": [ 0.0, 1.0, -1.0 ],
					"rotationZ": 45.0,
					"faces": {
						"up": { "texture": "#straw1", "uv": [ 1.5, 1.0, 11.5, 8.0 ], "rotation": 90 }
					},
					"children": [
						{
							"name": "Cube120",
							"from": [ 0.4142, -1.4142, 5.0 ],
							"to": [ 7.4142, -1.4142, 11.0 ],
							"rotationOrigin": [ 8.4142, -1.4142, 8.0 ],
							"rotationX": 35.264,
							"rotationY": 30.0,
							"rotationZ": -9.736,
							"faces": {
								"up": { "texture": "#straw1", "uv": [ 6.0, 1.0, 12.0, 8.0 ], "rotation": 90 }
							}
						}
					]
				},
				{
					"name": "Cube121",
					"from": [ 0.0, 1.0, 10.0 ],
					"to": [ 10.0, 1.0, 17.0 ],
					"rotationOrigin": [ 1.0, 1.0, 10.0 ],
					"rotationX": 45.0,
					"faces": {
						"up": { "texture": "#straw1", "uv": [ 0.0, 9.0, 10.0, 16.0 ] }
					},
					"children": [
						{
							"name": "Cube124",
							"from": [ 0.0, -1.4142, -4.4142 ],
							"to": [ 7.0, -1.4142, 1.5858 ],
							"rotationOrigin": [ 8.0, -1.4142, -1.4142 ],
							"rotationX": 135.0,
							"rotationY": 45.0,
							"rotationZ": -135.0,
							"faces": {
								"up": { "texture": "#straw1", "uv": [ 1.0, 9.0, 7.0, 16.0 ], "rotation": 90 }
							}
						}
					]
				},
				{
					"name": "Cube122",
					"from": [ 10.0, 1.0, 0.0 ],
					"to": [ 17.0, 1.0, 10.0 ],
					"rotationOrigin": [ 10.0, 1.0, 1.0 ],
					"rotationZ": -45.0,
					"faces": {
						"up": { "texture": "#straw1", "uv": [ 6.0, 1.0, 16.0, 8.0 ], "rotation": 270 }
					},
					"children": [
						{
							"name": "Cube125",
							"from": [ -9.4142, -1.4142, -1.0 ],
							"to": [ -2.4142, -1.4142, 5.0 ],
							"rotationOrigin": [ -1.4142, -1.4142, 2.0 ],
							"rotationX": 144.736,
							"rotationY": -30.0,
							"rotationZ": 170.264,
							"faces": {
								"up": { "texture": "#straw1", "uv": [ 9.5, 9.0, 15.5, 16.0 ], "rotation": 90 }
							}
						}
					]
				},
				{
					"name": "Cube123",
					"from": [ 0.0, 1.0, -7.0 ],
					"to": [ 10.0, 1.0, 0.0 ],
					"rotationOrigin": [ 1.0, 1.0, 0.0 ],
					"rotationX": -45.0,
					"faces": {
						"up": { "texture": "#straw1", "uv": [ 1.0, 9.0, 11.0, 16.0 ], "rotation": 180 }
					},
					"children": [
						{
							"name": "Cube126",
							"from": [ -6.0, -1.4142, 5.4142 ],
							"to": [ 1.0, -1.4142, 11.4142 ],
							"rotationOrigin": [ 2.0, -1.4142, 8.4142 ],
							"rotationX": 45.0,
							"rotationY": -45.0,
							"rotationZ": 45.0,
							"faces": {
								"up": { "texture": "#straw1", "uv": [ 10.0, 1.0, 16.0, 8.0 ], "rotation": 90 }
							}
						}
					]
				}
			]
		},
		{
			"name": "Layer15",
			"from": [ 3.5, 14.0, 3.5 ],
			"to": [ 12.5, 15.0, 12.5 ],
			"rotationOrigin": [ 8.0, 14.0, 8.0 ],
			"faces": {
				"north": { "texture": "#normal-top", "uv": [ 0.0, 0.0, 9.0, 1.0 ] },
				"east": { "texture": "#normal-top", "uv": [ 0.0, 0.0, 9.0, 1.0 ] },
				"south": { "texture": "#normal-top", "uv": [ 0.0, 0.0, 9.0, 1.0 ] },
				"west": { "texture": "#normal-top", "uv": [ 0.0, 0.0, 9.0, 1.0 ] },
				"up": { "texture": "#normal-top", "uv": [ 3.5, 3.5, 12.5, 12.5 ] },
				"down": { "texture": "#normal-top", "uv": [ 3.5, 3.5, 12.5, 12.5 ] }
			},
			"children": [
				{
					"name": "Cube128",
					"from": [ -8.0, 1.0, 0.0 ],
					"to": [ 0.0, 1.0, 9.0 ],
					"rotationOrigin": [ 0.0, 1.0, -1.0 ],
					"rotationZ": 45.0,
					"faces": {
						"up": { "texture": "#straw1", "uv": [ 1.0, 0.0, 10.0, 8.0 ], "rotation": 90 }
					},
					"children": [
						{
							"name": "Cube129",
							"from": [ 0.4142, -1.4142, 4.0 ],
							"to": [ 8.4142, -1.4142, 10.0 ],
							"rotationOrigin": [ 9.4142, -1.4142, 7.0 ],
							"rotationX": 35.264,
							"rotationY": 30.0,
							"rotationZ": -9.736,
							"faces": {
								"up": { "texture": "#straw1", "uv": [ 6.0, 0.0, 12.0, 8.0 ], "rotation": 90 }
							}
						}
					]
				},
				{
					"name": "Cube130",
					"from": [ 0.0, 1.0, 9.0 ],
					"to": [ 9.0, 1.0, 17.0 ],
					"rotationOrigin": [ 1.0, 1.0, 9.0 ],
					"rotationX": 45.0,
					"faces": {
						"up": { "texture": "#straw1", "uv": [ 0.0, 8.0, 9.0, 16.0 ] }
					},
					"children": [
						{
							"name": "Cube133",
							"from": [ -2.0, -1.4142, -4.4142 ],
							"to": [ 6.0, -1.4142, 1.5858 ],
							"rotationOrigin": [ 7.0, -1.4142, -1.4142 ],
							"rotationX": 135.0,
							"rotationY": 45.0,
							"rotationZ": -135.0,
							"faces": {
								"up": { "texture": "#straw1", "uv": [ 1.0, 8.0, 7.0, 16.0 ], "rotation": 90 }
							}
						}
					]
				},
				{
					"name": "Cube131",
					"from": [ 9.0, 1.0, 0.0 ],
					"to": [ 17.0, 1.0, 9.0 ],
					"rotationOrigin": [ 9.0, 1.0, 1.0 ],
					"rotationZ": -45.0,
					"faces": {
						"up": { "texture": "#straw1", "uv": [ 5.0, 0.0, 14.0, 8.0 ], "rotation": 270 }
					},
					"children": [
						{
							"name": "Cube134",
							"from": [ -10.4142, -1.4142, -1.0 ],
							"to": [ -2.4142, -1.4142, 5.0 ],
							"rotationOrigin": [ -1.4142, -1.4142, 2.0 ],
							"rotationX": 144.736,
							"rotationY": -30.0,
							"rotationZ": 170.264,
							"faces": {
								"up": { "texture": "#straw1", "uv": [ 9.5, 8.0, 15.5, 16.0 ], "rotation": 90 }
							}
						}
					]
				},
				{
					"name": "Cube132",
					"from": [ 0.0, 1.0, -8.0 ],
					"to": [ 9.0, 1.0, 0.0 ],
					"rotationOrigin": [ 1.0, 1.0, 0.0 ],
					"rotationX": -45.0,
					"faces": {
						"up": { "texture": "#straw1", "uv": [ 1.5, 8.0, 10.5, 16.0 ], "rotation": 180 }
					},
					"children": [
						{
							"name": "Cube135",
							"from": [ -7.0, -1.4142, 6.4142 ],
							"to": [ 1.0, -1.4142, 12.4142 ],
							"rotationOrigin": [ 2.0, -1.4142, 9.4142 ],
							"rotationX": 45.0,
							"rotationY": -45.0,
							"rotationZ": 45.0,
							"faces": {
								"up": { "texture": "#straw1", "uv": [ 10.0, 0.0, 16.0, 8.0 ], "rotation": 90 }
							}
						}
					]
				}
			]
		},
		{
			"name": "Layer16",
			"from": [ 3.5, 15.0, 3.5 ],
			"to": [ 12.5, 16.0, 12.5 ],
			"rotationOrigin": [ 8.0, 15.0, 8.0 ],
			"rotationY": 90.0,
			"faces": {
				"north": { "texture": "#normal-top", "uv": [ 0.0, 0.0, 9.0, 1.0 ] },
				"east": { "texture": "#normal-top", "uv": [ 0.0, 0.0, 9.0, 1.0 ] },
				"south": { "texture": "#normal-top", "uv": [ 0.0, 0.0, 9.0, 1.0 ] },
				"west": { "texture": "#normal-top", "uv": [ 0.0, 0.0, 9.0, 1.0 ] },
				"up": { "texture": "#normal-top", "uv": [ 3.5, 3.5, 12.5, 12.5 ] },
				"down": { "texture": "#normal-top", "uv": [ 3.5, 3.5, 12.5, 12.5 ] }
			},
			"children": [
				{
					"name": "Cube137",
					"from": [ -8.0, 1.0, 0.0 ],
					"to": [ 0.0, 1.0, 9.0 ],
					"rotationOrigin": [ 0.0, 1.0, -1.0 ],
					"rotationZ": 45.0,
					"faces": {
						"up": { "texture": "#straw1", "uv": [ 1.0, 0.0, 10.0, 8.0 ], "rotation": 90 }
					},
					"children": [
						{
							"name": "Cube138",
							"from": [ 2.7071, -0.7071, 6.5 ],
							"to": [ 7.7071, -0.7071, 9.5 ],
							"rotationOrigin": [ 8.7071, -0.7071, 8.0 ],
							"rotationX": 35.264,
							"rotationY": 30.0,
							"rotationZ": -9.736,
							"faces": {
								"up": { "texture": "#straw1", "uv": [ 6.0, 3.0, 9.0, 8.0 ], "rotation": 90 }
							}
						}
					]
				},
				{
					"name": "Cube139",
					"from": [ 0.0, 1.0, 9.0 ],
					"to": [ 9.0, 1.0, 17.0 ],
					"rotationOrigin": [ 1.0, 1.0, 9.0 ],
					"rotationX": 45.0,
					"faces": {
						"up": { "texture": "#straw1", "uv": [ 0.0, 8.0, 9.0, 16.0 ] }
					},
					"children": [
						{
							"name": "Cube142",
							"from": [ 2.0, -0.7071, -2.2071 ],
							"to": [ 7.0, -0.7071, 0.7929 ],
							"rotationOrigin": [ 8.0, -0.7071, -0.7071 ],
							"rotationX": 135.0,
							"rotationY": 45.0,
							"rotationZ": -135.0,
							"faces": {
								"up": { "texture": "#straw1", "uv": [ 10.5, 11.0, 13.5, 16.0 ], "rotation": 90 }
							}
						}
					]
				},
				{
					"name": "Cube140",
					"from": [ 9.0, 1.0, 0.0 ],
					"to": [ 17.0, 1.0, 9.0 ],
					"rotationOrigin": [ 9.0, 1.0, 1.0 ],
					"rotationZ": -45.0,
					"faces": {
						"up": { "texture": "#straw1", "uv": [ 5.0, 0.0, 14.0, 8.0 ], "rotation": 270 }
					},
					"children": [
						{
							"name": "Cube143",
							"from": [ -6.7071, -0.7071, -0.5 ],
							"to": [ -1.7071, -0.7071, 2.5 ],
							"rotationOrigin": [ -0.7071, -0.7071, 1.0 ],
							"rotationX": 144.736,
							"rotationY": -30.0,
							"rotationZ": 170.264,
							"faces": {
								"up": { "texture": "#straw1", "uv": [ 11.0, 3.0, 14.0, 8.0 ], "rotation": 90 }
							}
						}
					]
				},
				{
					"name": "Cube141",
					"from": [ 0.0, 1.0, -8.0 ],
					"to": [ 9.0, 1.0, 0.0 ],
					"rotationOrigin": [ 1.0, 1.0, 0.0 ],
					"rotationX": -45.0,
					"faces": {
						"up": { "texture": "#straw1", "uv": [ 1.5, 8.0, 10.5, 16.0 ], "rotation": 180 }
					},
					"children": [
						{
							"name": "Cube144",
							"from": [ -5.0, -0.7071, 7.2071 ],
							"to": [ 0.0, -0.7071, 10.2071 ],
							"rotationOrigin": [ 1.0, -0.7071, 8.7071 ],
							"rotationX": 45.0,
							"rotationY": -45.0,
							"rotationZ": 45.0,
							"faces": {
								"up": { "texture": "#straw1", "uv": [ 4.0, 11.0, 7.0, 16.0 ], "rotation": 90 }
							}
						}
					]
				}
			]
		}
	]}