[
  {
    "file": "foodshelves:config/restrictions/shelves/pieshelf.json",
    "op": "addmerge",
    "path": "/CollectibleTypes/-",
    "value": "game:NotifyingPie",
    "dependsOn": [ { "modid": "gourmand" } ]
  },
  {
    "file": "foodshelves:config/restrictions/general/fooduniversal.json",
    "op": "addmerge",
    "path": "/CollectibleTypes/-",
    "value": "game:NotifyingPie",
    "dependsOn": [ { "modid": "gourmand" } ]
  },
  {
    "file": "foodshelves:config/restrictions/general/holderuniversal.json",
    "op": "addmerge",
    "path": "/CollectibleTypes/-",
    "value": "game:NotifyingPie",
    "dependsOn": [ { "modid": "gourmand" } ]
  }
]