[
  {
    "ingredientPattern": "WF",
    "ingredients": {
      "W": {
        "type": "block",
        "code": "game:woodbucket"
      },
      "F": {
        "type": "item",
        "code": "flaxbundle-wet"
      }
    },
    "width": 2,
    "height": 1,
    "attributes": {
      "liquidContainerProps": {
        "requiresContent": {
          "type": "item",
          "code": "game:waterportion"
        },
        "requiresLitres": 1
      }
    },
    "name": "flaxbundle-clear",
    "shapeless": true,
    "output": {
      "type": "item",
      "code": "flaxbundle-clear"
    }
  },
  {
    "ingredientPattern": "WF",
    "ingredients": {
      "W": {
        "type": "block",
        "code": "game:bowl-fired"
      },
      "F": {
        "type": "item",
        "code": "flaxbundle-wet"
      }
    },
    "width": 2,
    "height": 1,
    "attributes": {
      "liquidContainerProps": {
        "requiresContent": {
          "type": "item",
          "code": "game:waterportion"
        },
        "requiresLitres": 1
      }
    },
    "name": "flaxbundle-clear",
    "shapeless": true,
    "output": {
      "type": "item",
      "code": "flaxbundle-clear"
    }
  },
  {
    "ingredientPattern": "WF",
    "ingredients": {
      "W": {
        "type": "block",
        "code": "game:jug-*-fired"
      },
      "F": {
        "type": "item",
        "code": "flaxbundle-wet"
      }
    },
    "width": 2,
    "height": 1,
    "attributes": {
      "liquidContainerProps": {
        "requiresContent": {
          "type": "item",
          "code": "game:waterportion"
        },
        "requiresLitres": 1
      }
    },
    "name": "flaxbundle-clear",
    "shapeless": true,
    "output": {
      "type": "item",
      "code": "flaxbundle-clear"
    }
  }
]