[
	{
		"ingredientPattern": "K,H",
		"shapeless": true,
		"ingredients": {
			"K": {
				"type": "item",
				"code": "game:knife-*",
				"isTool": true
			},
			"H": {
				"type": "item",
				"code": "seeds-wild-*",
				"quantity": 5,
				"allowedVariants": [ "flax", "rye", "rice", "spelt", "sunflower", "amaranth", "pumpkin" ],
				"name": "type"
			}
		},
		"width": 1,
		"height": 2,
		"name": "grain",
		"output": {
			"type": "item",
			"code": "game:grain-{type}",
			"quantity": 1
		}
	},
	{
		"ingredientPattern": "K,H",
		"shapeless": true,
		"ingredients": {
			"K": {
				"type": "item",
				"code": "game:knife-*",
				"isTool": true
			},
			"H": {
				"type": "item",
				"code": "seeds-small-*",
				"quantity": 5,
				"allowedVariants": [ "flax", "rye", "rice", "spelt", "sunflower", "amaranth", "pumpkin" ],
				"name": "type"
			}
		},
		"width": 1,
		"height": 2,
		"name": "grain",
		"output": {
			"type": "item",
			"code": "game:grain-{type}",
			"quantity": 2
		}
	},
	{
		"ingredientPattern": "K,H",
		"shapeless": true,
		"ingredients": {
			"K": {
				"type": "item",
				"code": "game:knife-*",
				"isTool": true
			},
			"H": {
				"type": "item",
				"code": "seeds-medium-*",
				"quantity": 5,
				"allowedVariants": [ "flax", "rye", "rice", "spelt", "sunflower", "amaranth", "pumpkin" ],
				"name": "type"
			}
		},
		"width": 1,
		"height": 2,
		"name": "grain",
		"output": {
			"type": "item",
			"code": "game:grain-{type}",
			"quantity": 3
		}
	},
	{
		"ingredientPattern": "K,H",
		"shapeless": true,
		"ingredients": {
			"K": {
				"type": "item",
				"code": "game:knife-*",
				"isTool": true
			},
			"H": {
				"type": "item",
				"code": "seeds-decent-*",
				"quantity": 5,
				"allowedVariants": [ "flax", "rye", "rice", "spelt", "sunflower", "amaranth", "pumpkin" ],
				"name": "type"
			}
		},
		"width": 1,
		"height": 2,
		"name": "grain",
		"output": {
			"type": "item",
			"code": "game:grain-{type}",
			"quantity": 4
		}
	},
	{
		"ingredientPattern": "K,H",
		"shapeless": true,
		"ingredients": {
			"K": {
				"type": "item",
				"code": "game:knife-*",
				"isTool": true
			},
			"H": {
				"type": "item",
				"code": "seeds-large-*",
				"quantity": 1,
				"allowedVariants": [ "flax", "rye", "rice", "spelt", "sunflower", "amaranth", "pumpkin" ],
				"name": "type"
			}
		},
		"width": 1,
		"height": 2,
		"name": "grain",
		"output": {
			"type": "item",
			"code": "game:grain-{type}",
			"quantity": 1
		}
	},
	{
		"ingredientPattern": "K,H",
		"shapeless": true,
		"ingredients": {
			"K": {
				"type": "item",
				"code": "game:knife-*",
				"isTool": true
			},
			"H": {
				"type": "item",
				"code": "seeds-hefty-*",
				"quantity": 2,
				"allowedVariants": [ "flax", "rye", "rice", "spelt", "sunflower", "amaranth", "pumpkin" ],
				"name": "type"
			}
		},
		"width": 1,
		"height": 2,
		"name": "grain",
		"output": {
			"type": "item",
			"code": "game:grain-{type}",
			"quantity": 3
		}
	},
	{
		"ingredientPattern": "K,H",
		"shapeless": true,
		"ingredients": {
			"K": {
				"type": "item",
				"code": "game:knife-*",
				"isTool": true
			},
			"H": {
				"type": "item",
				"code": "seeds-gigantic-*",
				"quantity": 1,
				"allowedVariants": [ "flax", "rye", "rice", "spelt", "sunflower", "amaranth", "pumpkin" ],
				"name": "type"
			}
		},
		"width": 1,
		"height": 2,
		"name": "grain",
		"output": {
			"type": "item",
			"code": "game:grain-{type}",
			"quantity": 2
		}
	}
]