[
  {
    "file": "game:entities/humanoid/player",
    "op": "add",
    "path": "/client/animations/-",
    "value": {
      "code": "finishingblow",
      "animation": "FinishingBlow",
      "mulWithWalkSpeed": false,
      "animationSpeed": 0.7,
      "blendMode": "Add",
      "elementWeight": {
        "UpperArmR": 20,
        "LowerArmR": 20,
        "UpperArmL": 20,
        "LowerArmL": 20
      },
      "elementBlendMode": {
        "UpperArmR": "AddAverage",
        "LowerArmR": "AddAverage",
        "UpperArmL": "AddAverage",
        "LowerArmL": "AddAverage"
      }
    }
  },
]
