{
	"editor": {
		"allAngles": false,
		"entityTextureMode": false
	},
	"textureWidth": 16,
	"textureHeight": 16,
	"textureSizes": {
		"normal": [16,16],
		"seed": [8,8],
		"amaranth": [8,8],
		"reedrope": [16,16]
	},
	"textures": {
		"normal": "block/cloth/basic/normal",
		"surface": "block/wood/shelf/surface",
		"seed": "item/resource/seeds/amaranth"
	},
	"elements": [
		{
			"name": "Leg1",
			"from": [ 1.0, 0.0, 1.0 ],
			"to": [ 3.0, 16.0, 3.0 ],
			"faces": {
				"north": { "texture": "#surface", "uv": [ 0.0, 12.5, 16.0, 14.5 ], "rotation": 270 },
				"east": { "texture": "#surface", "uv": [ 0.0, 11.5, 16.0, 13.5 ], "rotation": 270 },
				"south": { "texture": "#surface", "uv": [ 0.0, 13.0, 16.0, 15.0 ], "rotation": 270 },
				"west": { "texture": "#surface", "uv": [ 0.0, 4.0, 16.0, 6.0 ], "rotation": 270 },
				"up": { "texture": "#surface", "uv": [ 0.0, 0.0, 2.0, 2.0 ] },
				"down": { "texture": "#surface", "uv": [ 0.0, 0.0, 2.0, 2.0 ] }
			},
			"children": [
				{
					"name": "Leg2",
					"from": [ 12.0, 0.0, 0.0 ],
					"to": [ 14.0, 16.0, 2.0 ],
					"rotationOrigin": [ 11.0, 0.0, -1.0 ],
					"faces": {
						"north": { "texture": "#surface", "uv": [ 0.0, 7.0, 16.0, 9.0 ], "rotation": 270 },
						"east": { "texture": "#surface", "uv": [ 0.0, 4.5, 16.0, 6.5 ], "rotation": 270 },
						"south": { "texture": "#surface", "uv": [ 0.0, 5.0, 16.0, 7.0 ], "rotation": 270 },
						"west": { "texture": "#surface", "uv": [ 0.0, 7.0, 16.0, 9.0 ], "rotation": 270 },
						"up": { "texture": "#surface", "uv": [ 0.0, 0.0, 2.0, 2.0 ] },
						"down": { "texture": "#surface", "uv": [ 0.0, 0.0, 2.0, 2.0 ] }
					}
				},
				{
					"name": "Leg3",
					"from": [ 12.0, 0.0, 12.0 ],
					"to": [ 14.0, 16.0, 14.0 ],
					"rotationOrigin": [ 11.0, 0.0, 11.0 ],
					"faces": {
						"north": { "texture": "#surface", "uv": [ 0.0, 5.0, 16.0, 7.0 ], "rotation": 270 },
						"east": { "texture": "#surface", "uv": [ 0.0, 8.5, 16.0, 10.5 ], "rotation": 270 },
						"south": { "texture": "#surface", "uv": [ 0.0, 6.0, 16.0, 8.0 ], "rotation": 270 },
						"west": { "texture": "#surface", "uv": [ 0.0, 6.0, 16.0, 8.0 ], "rotation": 270 },
						"up": { "texture": "#surface", "uv": [ 0.0, 0.0, 2.0, 2.0 ] },
						"down": { "texture": "#surface", "uv": [ 0.0, 0.0, 2.0, 2.0 ] }
					}
				},
				{
					"name": "Leg4",
					"from": [ 0.0, 0.0, 12.0 ],
					"to": [ 2.0, 16.0, 14.0 ],
					"rotationOrigin": [ -1.0, 0.0, 11.0 ],
					"faces": {
						"north": { "texture": "#surface", "uv": [ 0.0, 12.0, 16.0, 14.0 ], "rotation": 270 },
						"east": { "texture": "#surface", "uv": [ 0.0, 7.5, 16.0, 9.5 ], "rotation": 270 },
						"south": { "texture": "#surface", "uv": [ 0.0, 7.0, 16.0, 9.0 ], "rotation": 270 },
						"west": { "texture": "#surface", "uv": [ 0.0, 5.0, 16.0, 7.0 ], "rotation": 270 },
						"up": { "texture": "#surface", "uv": [ 0.0, 0.0, 2.0, 2.0 ] },
						"down": { "texture": "#surface", "uv": [ 0.0, 0.0, 2.0, 2.0 ] }
					}
				}
			]
		},
		{
			"name": "WoodEdge1",
			"from": [ 1.5, 12.0, 3.0 ],
			"to": [ 2.5, 15.0, 13.0 ],
			"rotationOrigin": [ 8.0, 12.0, 8.0 ],
			"faces": {
				"west": { "texture": "#surface", "uv": [ 3.0, 13.0, 13.0, 16.0 ] },
				"down": { "texture": "#surface", "uv": [ 7.5, 4.0, 8.5, 14.0 ] }
			},
			"children": [
				{
					"name": "WoodEdge2",
					"from": [ 0.0, 0.0, 0.0 ],
					"to": [ 1.0, 3.0, 10.0 ],
					"rotationOrigin": [ 6.5, 0.0, 5.0 ],
					"rotationY": 90.0,
					"faces": {
						"west": { "texture": "#surface", "uv": [ 3.5, 13.0, 13.5, 16.0 ] },
						"down": { "texture": "#surface", "uv": [ 7.5, 4.0, 8.5, 14.0 ] }
					}
				},
				{
					"name": "WoodEdge3",
					"from": [ 0.0, 0.0, 0.0 ],
					"to": [ 1.0, 3.0, 10.0 ],
					"rotationOrigin": [ 6.5, 0.0, 5.0 ],
					"rotationY": 180.0,
					"faces": {
						"west": { "texture": "#surface", "uv": [ 3.5, 13.0, 13.5, 16.0 ] },
						"down": { "texture": "#surface", "uv": [ 7.5, 4.0, 8.5, 14.0 ] }
					}
				},
				{
					"name": "WoodEdge4",
					"from": [ 0.0, 0.0, 0.0 ],
					"to": [ 1.0, 3.0, 10.0 ],
					"rotationOrigin": [ 6.5, 0.0, 5.0 ],
					"rotationY": -90.0,
					"faces": {
						"west": { "texture": "#surface", "uv": [ 3.5, 13.0, 13.5, 16.0 ] },
						"down": { "texture": "#surface", "uv": [ 7.5, 4.0, 8.5, 14.0 ] }
					}
				}
			]
		},
		{
			"name": "originsack",
			"from": [ 0.0, 0.0, 0.0 ],
			"to": [ 0.0, 0.0, 0.0 ],
			"faces": {
			},
			"children": [
				{
					"name": "sackbottom",
					"from": [ 4.31, 0.76, 4.25 ],
					"to": [ 11.81, 1.26, 11.75 ],
					"rotationOrigin": [ 4.2, 0.6, 4.0 ],
					"faces": {
						"north": { "texture": "#normal", "uv": [ 0.0, 0.0, 7.5, 0.5 ] },
						"south": { "texture": "#normal", "uv": [ 0.0, 0.0, 7.5, 0.5 ] },
						"up": { "texture": "#normal", "uv": [ 0.0, 0.0, 7.5, 7.5 ] },
						"down": { "texture": "#normal", "uv": [ 0.0, 0.0, 7.5, 7.5 ], "windMode": [-1,-1,-1,-1] }
					}
				},
				{
					"name": "originsack1",
					"from": [ 0.0, 0.0, 0.0 ],
					"to": [ 0.0, 0.0, 0.0 ],
					"rotationOrigin": [ 8.0, 0.0, 8.0 ],
					"faces": {
					},
					"children": [
						{
							"name": "sack1",
							"from": [ 1.06, 14.44, 3.0 ],
							"to": [ 2.06, 14.94, 13.0 ],
							"rotationOrigin": [ 1.0, 14.5, 3.0 ],
							"rotationZ": 44.0,
							"faces": {
								"north": { "texture": "#normal", "uv": [ 0.0, 0.0, 1.0, 0.5 ] },
								"south": { "texture": "#normal", "uv": [ 0.0, 0.0, 1.0, 0.5 ] },
								"up": { "texture": "#normal", "uv": [ 0.0, 0.0, 1.0, 10.0 ] }
							}
						},
						{
							"name": "sack2",
							"from": [ 1.26, 12.76, 3.01 ],
							"to": [ 3.26, 13.26, 12.99 ],
							"seasonColorMap": "",
							"rotationOrigin": [ 1.2, 12.8, 3.0 ],
							"rotationZ": 90.0,
							"faces": {
								"north": { "texture": "#normal", "uv": [ 0.0, 0.0, 2.0, 0.5 ] },
								"south": { "texture": "#normal", "uv": [ 0.0, 0.0, 2.0, 0.5 ] },
								"west": { "texture": "#normal", "uv": [ 0.0, 0.0, 9.5, 0.5 ], "windMode": [-1,-1,-1,-1] },
								"up": { "texture": "#normal", "uv": [ 0.0, 0.0, 2.0, 10.0 ], "autoUv": false }
							}
						},
						{
							"name": "sack3",
							"from": [ 1.44, 15.06, 3.01 ],
							"to": [ 2.44, 15.56, 12.99 ],
							"rotationOrigin": [ 1.0, 14.9, 3.0 ],
							"rotationZ": -1.3,
							"faces": {
								"north": { "texture": "#normal", "uv": [ 0.0, 0.0, 1.0, 0.5 ] },
								"east": { "texture": "#normal", "uv": [ 0.0, 0.0, 9.5, 0.5 ], "windMode": [-1,-1,-1,-1] },
								"south": { "texture": "#normal", "uv": [ 0.0, 0.0, 1.0, 0.5 ] },
								"up": { "texture": "#normal", "uv": [ 0.0, 0.0, 1.0, 10.0 ], "autoUv": false }
							}
						},
						{
							"name": "sack4",
							"from": [ 2.17, 15.27, 3.0 ],
							"to": [ 3.17, 15.77, 13.0 ],
							"rotationOrigin": [ 2.0, 15.3, 3.0 ],
							"rotationZ": -44.0,
							"faces": {
								"north": { "texture": "#normal", "uv": [ 0.0, 0.0, 1.0, 0.5 ] },
								"south": { "texture": "#normal", "uv": [ 0.0, 0.0, 1.0, 0.5 ] },
								"up": { "texture": "#normal", "uv": [ 0.0, 0.0, 1.0, 10.0 ] }
							}
						},
						{
							"name": "sack5",
							"from": [ 2.77, 14.87, 3.01 ],
							"to": [ 15.77, 15.37, 12.99 ],
							"rotationOrigin": [ 2.7, 14.9, 3.0 ],
							"rotationZ": -90.0,
							"faces": {
								"north": { "texture": "#normal", "uv": [ 0.0, 0.0, 13.0, 0.5 ] },
								"south": { "texture": "#normal", "uv": [ 0.0, 0.0, 13.0, 0.5 ] },
								"west": { "texture": "#normal", "uv": [ 0.0, 0.0, 9.5, 0.5 ], "windMode": [-1,-1,-1,-1] },
								"up": { "texture": "#normal", "uv": [ 0.0, 0.0, 13.0, 10.0 ], "autoUv": false },
								"down": { "texture": "#normal", "uv": [ 0.0, 0.0, 13.0, 9.5 ], "windMode": [-1,-1,-1,-1] }
							}
						},
						{
							"name": "sack6",
							"from": [ 2.67, 1.97, 3.0 ],
							"to": [ 3.67, 2.47, 13.0 ],
							"rotationOrigin": [ 2.5, 1.9, 3.0 ],
							"rotationZ": -44.0,
							"faces": {
								"north": { "texture": "#normal", "uv": [ 0.0, 0.0, 1.0, 0.5 ] },
								"south": { "texture": "#normal", "uv": [ 0.0, 0.0, 1.0, 0.5 ] },
								"up": { "texture": "#normal", "uv": [ 0.0, 0.0, 1.0, 10.0 ] },
								"down": { "texture": "#normal", "uv": [ 0.0, 0.0, 1.0, 10.0 ], "windMode": [-1,-1,-1,-1] }
							}
						},
						{
							"name": "sack7",
							"from": [ 3.36, 1.21, 3.01 ],
							"to": [ 4.36, 1.71, 12.99 ],
							"rotationOrigin": [ 3.2, 1.1, 3.0 ],
							"rotationZ": -22.5,
							"faces": {
								"north": { "texture": "#normal", "uv": [ 0.0, 0.0, 1.0, 0.5 ] },
								"east": { "texture": "#normal", "uv": [ 0.0, 0.0, 9.5, 0.5 ], "windMode": [-1,-1,-1,-1] },
								"south": { "texture": "#normal", "uv": [ 0.0, 0.0, 1.0, 0.5 ] },
								"up": { "texture": "#normal", "uv": [ 0.0, 0.0, 1.0, 9.5 ] },
								"down": { "texture": "#normal", "uv": [ 0.0, 0.0, 1.0, 9.5 ], "windMode": [-1,-1,-1,-1] }
							}
						},
						{
							"name": "sack8",
							"from": [ 1.1, 12.7, 3.0 ],
							"to": [ 1.6, 13.2, 13.0 ],
							"rotationOrigin": [ 1.2, 12.8, 3.0 ],
							"rotationZ": 135.0,
							"faces": {
								"north": { "texture": "#normal", "uv": [ 0.0, 0.0, 0.5, 0.5 ] },
								"east": { "texture": "#normal", "uv": [ 0.0, 0.0, 10.0, 0.5 ], "windMode": [-1,-1,-1,-1] },
								"south": { "texture": "#normal", "uv": [ 0.0, 0.0, 0.5, 0.5 ] },
								"west": { "texture": "#normal", "uv": [ 0.0, 0.0, 10.0, 0.5 ], "windMode": [-1,-1,-1,-1] },
								"up": { "texture": "#normal", "uv": [ 0.0, 0.0, 0.5, 10.0 ] }
							}
						}
					]
				},
				{
					"name": "sackicon",
					"from": [ 4.0, 3.0, 12.35 ],
					"to": [ 12.0, 11.0, 13.35 ],
					"rotationOrigin": [ 4.0, 3.0, 12.0 ],
					"faces": {
						"south": { "texture": "#seed", "uv": [ 0.0, 0.0, 8.0, 8.0 ] }
					}
				},
				{
					"name": "originsack2",
					"from": [ 0.0, 0.0, 0.0 ],
					"to": [ 0.0, 0.0, 0.0 ],
					"rotationOrigin": [ 8.0, 0.0, 8.0 ],
					"rotationY": 90.0,
					"faces": {
					},
					"children": [
						{
							"name": "sack9",
							"from": [ 1.06, 14.44, 3.0 ],
							"to": [ 2.06, 14.94, 13.0 ],
							"rotationOrigin": [ 1.0, 14.5, 3.0 ],
							"rotationZ": 44.0,
							"faces": {
								"north": { "texture": "#normal", "uv": [ 0.0, 0.0, 1.0, 0.5 ] },
								"south": { "texture": "#normal", "uv": [ 0.0, 0.0, 1.0, 0.5 ] },
								"up": { "texture": "#normal", "uv": [ 0.0, 0.0, 1.0, 10.0 ] }
							}
						},
						{
							"name": "sack10",
							"from": [ 1.26, 12.76, 3.01 ],
							"to": [ 3.26, 13.26, 12.99 ],
							"rotationOrigin": [ 1.2, 12.8, 3.0 ],
							"rotationZ": 90.0,
							"faces": {
								"north": { "texture": "#normal", "uv": [ 0.0, 0.0, 2.0, 0.5 ] },
								"south": { "texture": "#normal", "uv": [ 0.0, 0.0, 2.0, 0.5 ] },
								"west": { "texture": "#normal", "uv": [ 0.0, 0.0, 9.5, 0.5 ], "windMode": [-1,-1,-1,-1] },
								"up": { "texture": "#normal", "uv": [ 0.0, 0.0, 2.0, 10.0 ], "autoUv": false }
							}
						},
						{
							"name": "sack11",
							"from": [ 1.44, 15.06, 3.01 ],
							"to": [ 2.44, 15.56, 12.99 ],
							"rotationOrigin": [ 1.0, 14.9, 3.0 ],
							"rotationZ": -1.3,
							"faces": {
								"north": { "texture": "#normal", "uv": [ 0.0, 0.0, 1.0, 0.5 ] },
								"east": { "texture": "#normal", "uv": [ 0.0, 0.0, 9.5, 0.5 ], "windMode": [-1,-1,-1,-1] },
								"south": { "texture": "#normal", "uv": [ 0.0, 0.0, 1.0, 0.5 ] },
								"up": { "texture": "#normal", "uv": [ 0.0, 0.0, 1.0, 10.0 ], "autoUv": false }
							}
						},
						{
							"name": "sack12",
							"from": [ 2.17, 15.27, 3.0 ],
							"to": [ 3.17, 15.77, 13.0 ],
							"rotationOrigin": [ 2.0, 15.3, 3.0 ],
							"rotationZ": -44.0,
							"faces": {
								"north": { "texture": "#normal", "uv": [ 0.0, 0.0, 1.0, 0.5 ] },
								"south": { "texture": "#normal", "uv": [ 0.0, 0.0, 1.0, 0.5 ] },
								"up": { "texture": "#normal", "uv": [ 0.0, 0.0, 1.0, 10.0 ] }
							}
						},
						{
							"name": "sack13",
							"from": [ 2.77, 14.87, 3.01 ],
							"to": [ 15.77, 15.37, 12.99 ],
							"rotationOrigin": [ 2.7, 14.9, 3.0 ],
							"rotationZ": -90.0,
							"faces": {
								"north": { "texture": "#normal", "uv": [ 0.0, 0.0, 13.0, 0.5 ] },
								"south": { "texture": "#normal", "uv": [ 0.0, 0.0, 13.0, 0.5 ] },
								"west": { "texture": "#normal", "uv": [ 0.0, 0.0, 9.5, 0.5 ], "windMode": [-1,-1,-1,-1] },
								"up": { "texture": "#normal", "uv": [ 0.0, 0.0, 13.0, 10.0 ], "autoUv": false },
								"down": { "texture": "#normal", "uv": [ 0.0, 0.0, 13.0, 9.5 ], "windMode": [-1,-1,-1,-1] }
							}
						},
						{
							"name": "sack14",
							"from": [ 2.67, 1.97, 3.0 ],
							"to": [ 3.67, 2.47, 13.0 ],
							"rotationOrigin": [ 2.5, 1.9, 3.0 ],
							"rotationZ": -44.0,
							"faces": {
								"north": { "texture": "#normal", "uv": [ 0.0, 0.0, 1.0, 0.5 ] },
								"south": { "texture": "#normal", "uv": [ 0.0, 0.0, 1.0, 0.5 ] },
								"up": { "texture": "#normal", "uv": [ 0.0, 0.0, 1.0, 10.0 ] },
								"down": { "texture": "#normal", "uv": [ 0.0, 0.0, 1.0, 10.0 ], "windMode": [-1,-1,-1,-1] }
							}
						},
						{
							"name": "sack15",
							"from": [ 3.36, 1.21, 3.01 ],
							"to": [ 4.36, 1.71, 12.99 ],
							"rotationOrigin": [ 3.2, 1.1, 3.0 ],
							"rotationZ": -22.5,
							"faces": {
								"north": { "texture": "#normal", "uv": [ 0.0, 0.0, 1.0, 0.5 ] },
								"east": { "texture": "#normal", "uv": [ 0.0, 0.0, 9.5, 0.5 ], "windMode": [-1,-1,-1,-1] },
								"south": { "texture": "#normal", "uv": [ 0.0, 0.0, 1.0, 0.5 ] },
								"up": { "texture": "#normal", "uv": [ 0.0, 0.0, 1.0, 9.5 ] },
								"down": { "texture": "#normal", "uv": [ 0.0, 0.0, 1.0, 9.5 ], "windMode": [-1,-1,-1,-1] }
							}
						},
						{
							"name": "sack16",
							"from": [ 1.1, 12.7, 3.0 ],
							"to": [ 1.6, 13.2, 13.0 ],
							"rotationOrigin": [ 1.2, 12.8, 3.0 ],
							"rotationZ": 135.0,
							"faces": {
								"north": { "texture": "#normal", "uv": [ 0.0, 0.0, 0.5, 0.5 ] },
								"east": { "texture": "#normal", "uv": [ 0.0, 0.0, 10.0, 0.5 ], "windMode": [-1,-1,-1,-1] },
								"south": { "texture": "#normal", "uv": [ 0.0, 0.0, 0.5, 0.5 ] },
								"west": { "texture": "#normal", "uv": [ 0.0, 0.0, 10.0, 0.5 ], "windMode": [-1,-1,-1,-1] },
								"up": { "texture": "#normal", "uv": [ 0.0, 0.0, 0.5, 10.0 ] }
							}
						}
					]
				},
				{
					"name": "originsack3",
					"from": [ 0.0, 0.0, 0.0 ],
					"to": [ 0.0, 0.0, 0.0 ],
					"rotationOrigin": [ 8.0, 0.0, 8.0 ],
					"rotationY": 180.0,
					"faces": {
					},
					"children": [
						{
							"name": "sack17",
							"from": [ 1.06, 14.44, 3.0 ],
							"to": [ 2.06, 14.94, 13.0 ],
							"rotationOrigin": [ 1.0, 14.5, 3.0 ],
							"rotationZ": 44.0,
							"faces": {
								"north": { "texture": "#normal", "uv": [ 0.0, 0.0, 1.0, 0.5 ] },
								"south": { "texture": "#normal", "uv": [ 0.0, 0.0, 1.0, 0.5 ] },
								"up": { "texture": "#normal", "uv": [ 0.0, 0.0, 1.0, 10.0 ] }
							}
						},
						{
							"name": "sack18",
							"from": [ 1.26, 12.76, 3.01 ],
							"to": [ 3.26, 13.26, 12.99 ],
							"rotationOrigin": [ 1.2, 12.8, 3.0 ],
							"rotationZ": 90.0,
							"faces": {
								"north": { "texture": "#normal", "uv": [ 0.0, 0.0, 2.0, 0.5 ] },
								"south": { "texture": "#normal", "uv": [ 0.0, 0.0, 2.0, 0.5 ] },
								"west": { "texture": "#normal", "uv": [ 0.0, 0.0, 9.5, 0.5 ], "windMode": [-1,-1,-1,-1] },
								"up": { "texture": "#normal", "uv": [ 0.0, 0.0, 2.0, 10.0 ], "autoUv": false }
							}
						},
						{
							"name": "sack19",
							"from": [ 1.44, 15.06, 3.01 ],
							"to": [ 2.44, 15.56, 12.99 ],
							"rotationOrigin": [ 1.0, 14.9, 3.0 ],
							"rotationZ": -1.3,
							"faces": {
								"north": { "texture": "#normal", "uv": [ 0.0, 0.0, 1.0, 0.5 ] },
								"east": { "texture": "#normal", "uv": [ 0.0, 0.0, 9.5, 0.5 ], "windMode": [-1,-1,-1,-1] },
								"south": { "texture": "#normal", "uv": [ 0.0, 0.0, 1.0, 0.5 ] },
								"up": { "texture": "#normal", "uv": [ 0.0, 0.0, 1.0, 10.0 ], "autoUv": false }
							}
						},
						{
							"name": "sack20",
							"from": [ 2.17, 15.27, 3.0 ],
							"to": [ 3.17, 15.77, 13.0 ],
							"rotationOrigin": [ 2.0, 15.3, 3.0 ],
							"rotationZ": -44.0,
							"faces": {
								"north": { "texture": "#normal", "uv": [ 0.0, 0.0, 1.0, 0.5 ] },
								"south": { "texture": "#normal", "uv": [ 0.0, 0.0, 1.0, 0.5 ] },
								"up": { "texture": "#normal", "uv": [ 0.0, 0.0, 1.0, 10.0 ] }
							}
						},
						{
							"name": "sack21",
							"from": [ 2.77, 14.87, 3.01 ],
							"to": [ 15.77, 15.37, 12.99 ],
							"rotationOrigin": [ 2.7, 14.9, 3.0 ],
							"rotationZ": -90.0,
							"faces": {
								"north": { "texture": "#normal", "uv": [ 0.0, 0.0, 13.0, 0.5 ] },
								"south": { "texture": "#normal", "uv": [ 0.0, 0.0, 13.0, 0.5 ] },
								"west": { "texture": "#normal", "uv": [ 0.0, 0.0, 9.5, 0.5 ], "windMode": [-1,-1,-1,-1] },
								"up": { "texture": "#normal", "uv": [ 0.0, 0.0, 13.0, 10.0 ], "autoUv": false },
								"down": { "texture": "#normal", "uv": [ 0.0, 0.0, 13.0, 9.5 ], "windMode": [-1,-1,-1,-1] }
							}
						},
						{
							"name": "sack22",
							"from": [ 2.67, 1.97, 3.0 ],
							"to": [ 3.67, 2.47, 13.0 ],
							"rotationOrigin": [ 2.5, 1.9, 3.0 ],
							"rotationZ": -44.0,
							"faces": {
								"north": { "texture": "#normal", "uv": [ 0.0, 0.0, 1.0, 0.5 ] },
								"south": { "texture": "#normal", "uv": [ 0.0, 0.0, 1.0, 0.5 ] },
								"up": { "texture": "#normal", "uv": [ 0.0, 0.0, 1.0, 10.0 ] },
								"down": { "texture": "#normal", "uv": [ 0.0, 0.0, 1.0, 10.0 ], "windMode": [-1,-1,-1,-1] }
							}
						},
						{
							"name": "sack23",
							"from": [ 3.36, 1.21, 3.01 ],
							"to": [ 4.36, 1.71, 12.99 ],
							"rotationOrigin": [ 3.2, 1.1, 3.0 ],
							"rotationZ": -22.5,
							"faces": {
								"north": { "texture": "#normal", "uv": [ 0.0, 0.0, 1.0, 0.5 ] },
								"east": { "texture": "#normal", "uv": [ 0.0, 0.0, 9.5, 0.5 ], "windMode": [-1,-1,-1,-1] },
								"south": { "texture": "#normal", "uv": [ 0.0, 0.0, 1.0, 0.5 ] },
								"up": { "texture": "#normal", "uv": [ 0.0, 0.0, 1.0, 9.5 ] },
								"down": { "texture": "#normal", "uv": [ 0.0, 0.0, 1.0, 9.5 ], "windMode": [-1,-1,-1,-1] }
							}
						},
						{
							"name": "sack24",
							"from": [ 1.1, 12.7, 3.0 ],
							"to": [ 1.6, 13.2, 13.0 ],
							"rotationOrigin": [ 1.2, 12.8, 3.0 ],
							"rotationZ": 135.0,
							"faces": {
								"north": { "texture": "#normal", "uv": [ 0.0, 0.0, 0.5, 0.5 ] },
								"east": { "texture": "#normal", "uv": [ 0.0, 0.0, 10.0, 0.5 ], "windMode": [-1,-1,-1,-1] },
								"south": { "texture": "#normal", "uv": [ 0.0, 0.0, 0.5, 0.5 ] },
								"west": { "texture": "#normal", "uv": [ 0.0, 0.0, 10.0, 0.5 ], "windMode": [-1,-1,-1,-1] },
								"up": { "texture": "#normal", "uv": [ 0.0, 0.0, 0.5, 10.0 ] }
							}
						}
					]
				},
				{
					"name": "originsack4",
					"from": [ 0.0, 0.0, 0.0 ],
					"to": [ 0.0, 0.0, 0.0 ],
					"rotationOrigin": [ 8.0, 0.0, 8.0 ],
					"rotationY": -90.0,
					"faces": {
					},
					"children": [
						{
							"name": "sack25",
							"from": [ 1.06, 14.44, 3.0 ],
							"to": [ 2.06, 14.94, 13.0 ],
							"rotationOrigin": [ 1.0, 14.5, 3.0 ],
							"rotationZ": 44.0,
							"faces": {
								"north": { "texture": "#normal", "uv": [ 0.0, 0.0, 1.0, 0.5 ] },
								"south": { "texture": "#normal", "uv": [ 0.0, 0.0, 1.0, 0.5 ] },
								"up": { "texture": "#normal", "uv": [ 0.0, 0.0, 1.0, 10.0 ] }
							}
						},
						{
							"name": "sack26",
							"from": [ 1.26, 12.76, 3.01 ],
							"to": [ 3.26, 13.26, 12.99 ],
							"rotationOrigin": [ 1.2, 12.8, 3.0 ],
							"rotationZ": 90.0,
							"faces": {
								"north": { "texture": "#normal", "uv": [ 0.0, 0.0, 2.0, 0.5 ] },
								"south": { "texture": "#normal", "uv": [ 0.0, 0.0, 2.0, 0.5 ] },
								"west": { "texture": "#normal", "uv": [ 0.0, 0.0, 9.5, 0.5 ], "windMode": [-1,-1,-1,-1] },
								"up": { "texture": "#normal", "uv": [ 0.0, 0.0, 2.0, 10.0 ], "autoUv": false }
							}
						},
						{
							"name": "sack27",
							"from": [ 1.44, 15.06, 3.01 ],
							"to": [ 2.44, 15.56, 12.99 ],
							"rotationOrigin": [ 1.0, 14.9, 3.0 ],
							"rotationZ": -1.3,
							"faces": {
								"north": { "texture": "#normal", "uv": [ 0.0, 0.0, 1.0, 0.5 ] },
								"east": { "texture": "#normal", "uv": [ 0.0, 0.0, 9.5, 0.5 ], "windMode": [-1,-1,-1,-1] },
								"south": { "texture": "#normal", "uv": [ 0.0, 0.0, 1.0, 0.5 ] },
								"up": { "texture": "#normal", "uv": [ 0.0, 0.0, 1.0, 10.0 ], "autoUv": false }
							}
						},
						{
							"name": "sack28",
							"from": [ 2.17, 15.27, 3.0 ],
							"to": [ 3.17, 15.77, 13.0 ],
							"rotationOrigin": [ 2.0, 15.3, 3.0 ],
							"rotationZ": -44.0,
							"faces": {
								"north": { "texture": "#normal", "uv": [ 0.0, 0.0, 1.0, 0.5 ] },
								"south": { "texture": "#normal", "uv": [ 0.0, 0.0, 1.0, 0.5 ] },
								"up": { "texture": "#normal", "uv": [ 0.0, 0.0, 1.0, 10.0 ] }
							}
						},
						{
							"name": "sack29",
							"from": [ 2.77, 14.87, 3.01 ],
							"to": [ 15.77, 15.37, 12.99 ],
							"rotationOrigin": [ 2.7, 14.9, 3.0 ],
							"rotationZ": -90.0,
							"faces": {
								"north": { "texture": "#normal", "uv": [ 0.0, 0.0, 13.0, 0.5 ] },
								"south": { "texture": "#normal", "uv": [ 0.0, 0.0, 13.0, 0.5 ] },
								"west": { "texture": "#normal", "uv": [ 0.0, 0.0, 9.5, 0.5 ], "windMode": [-1,-1,-1,-1] },
								"up": { "texture": "#normal", "uv": [ 0.0, 0.0, 13.0, 10.0 ], "autoUv": false },
								"down": { "texture": "#normal", "uv": [ 0.0, 0.0, 13.0, 9.5 ], "windMode": [-1,-1,-1,-1] }
							}
						},
						{
							"name": "sack30",
							"from": [ 2.67, 1.97, 3.0 ],
							"to": [ 3.67, 2.47, 13.0 ],
							"rotationOrigin": [ 2.5, 1.9, 3.0 ],
							"rotationZ": -44.0,
							"faces": {
								"north": { "texture": "#normal", "uv": [ 0.0, 0.0, 1.0, 0.5 ] },
								"south": { "texture": "#normal", "uv": [ 0.0, 0.0, 1.0, 0.5 ] },
								"up": { "texture": "#normal", "uv": [ 0.0, 0.0, 1.0, 10.0 ] },
								"down": { "texture": "#normal", "uv": [ 0.0, 0.0, 1.0, 10.0 ], "windMode": [-1,-1,-1,-1] }
							}
						},
						{
							"name": "sack31",
							"from": [ 3.36, 1.21, 3.01 ],
							"to": [ 4.36, 1.71, 12.99 ],
							"rotationOrigin": [ 3.2, 1.1, 3.0 ],
							"rotationZ": -22.5,
							"faces": {
								"north": { "texture": "#normal", "uv": [ 0.0, 0.0, 1.0, 0.5 ] },
								"east": { "texture": "#normal", "uv": [ 0.0, 0.0, 9.5, 0.5 ], "windMode": [-1,-1,-1,-1] },
								"south": { "texture": "#normal", "uv": [ 0.0, 0.0, 1.0, 0.5 ] },
								"up": { "texture": "#normal", "uv": [ 0.0, 0.0, 1.0, 9.5 ] },
								"down": { "texture": "#normal", "uv": [ 0.0, 0.0, 1.0, 9.5 ], "windMode": [-1,-1,-1,-1] }
							}
						},
						{
							"name": "sack32",
							"from": [ 1.1, 12.7, 3.0 ],
							"to": [ 1.6, 13.2, 13.0 ],
							"rotationOrigin": [ 1.2, 12.8, 3.0 ],
							"rotationZ": 135.0,
							"faces": {
								"north": { "texture": "#normal", "uv": [ 0.0, 0.0, 0.5, 0.5 ] },
								"east": { "texture": "#normal", "uv": [ 0.0, 0.0, 10.0, 0.5 ], "windMode": [-1,-1,-1,-1] },
								"south": { "texture": "#normal", "uv": [ 0.0, 0.0, 0.5, 0.5 ] },
								"west": { "texture": "#normal", "uv": [ 0.0, 0.0, 10.0, 0.5 ], "windMode": [-1,-1,-1,-1] },
								"up": { "texture": "#normal", "uv": [ 0.0, 0.0, 0.5, 10.0 ] }
							}
						}
					]
				}
			]
		}
	]}