{
	"editor": {
		"allAngles": false,
		"entityTextureMode": false
	},
	"textureWidth": 16,
	"textureHeight": 16,
	"textureSizes": {
	},
	"textures": {
		"sides": "sides",
		"top": "top"
	},
	"elements": [
		{
			"name": "TShelf",
			"from": [ 5.0, 5.0, 1.0 ],
			"to": [ 11.0, 6.0, 16.0 ],
			"rotationOrigin": [ 5.0, 5.0, 1.0 ],
			"faces": {
				"south": { "texture": "#sides", "uv": [ 0.0, 0.0, 6.0, 1.0 ] },
				"up": { "texture": "#top", "uv": [ 5.0, 1.0, 11.0, 16.0 ] },
				"down": { "texture": "#top", "uv": [ 5.0, 1.0, 11.0, 16.0 ] }
			},
			"children": [
				{
					"name": "TRFence",
					"from": [ 6.0, 0.0, 0.0 ],
					"to": [ 6.5, 2.0, 15.0 ],
					"rotationOrigin": [ 6.0, 0.0, 0.0 ],
					"faces": {
						"east": { "texture": "#sides", "uv": [ 0.0, 1.0, 15.0, 3.0 ] },
						"south": { "texture": "#top", "uv": [ 0.0, 0.0, 2.0, 0.5 ], "rotation": 90 },
						"west": { "texture": "#sides", "uv": [ 0.0, 1.0, 15.0, 3.0 ] },
						"up": { "texture": "#top", "uv": [ 0.0, 1.0, 0.5, 16.0 ], "rotation": 180 },
						"down": { "texture": "#top", "uv": [ 0.0, 1.0, 0.5, 16.0 ], "rotation": 180 }
					}
				},
				{
					"name": "TLFence",
					"from": [ -0.5, 0.0, 0.0 ],
					"to": [ 0.0, 2.0, 15.0 ],
					"rotationOrigin": [ 6.0, 0.0, 0.0 ],
					"faces": {
						"east": { "texture": "#sides", "uv": [ 0.0, 1.0, 15.0, 3.0 ] },
						"south": { "texture": "#top", "uv": [ 0.0, 0.0, 2.0, 0.5 ], "rotation": 90 },
						"west": { "texture": "#sides", "uv": [ 0.0, 1.0, 15.0, 3.0 ] },
						"up": { "texture": "#top", "uv": [ 0.0, 1.0, 0.5, 16.0 ], "rotation": 180 },
						"down": { "texture": "#top", "uv": [ 0.0, 1.0, 0.5, 16.0 ], "rotation": 180 }
					}
				},
				{
					"name": "TBFence",
					"from": [ -0.5, 0.0, -0.5 ],
					"to": [ 6.5, 2.0, 0.0 ],
					"rotationOrigin": [ 6.0, 0.0, -1.0 ],
					"faces": {
						"north": { "texture": "#sides", "uv": [ 0.0, 1.0, 7.0, 3.0 ] },
						"south": { "texture": "#sides", "uv": [ 0.0, 1.0, 7.0, 3.0 ] },
						"up": { "texture": "#top", "uv": [ 0.0, 0.0, 7.0, 0.5 ], "rotation": 180 },
						"down": { "texture": "#top", "uv": [ 0.0, 0.0, 7.0, 0.5 ], "rotation": 180 }
					}
				}
			]
		}
	]}