[
  {
    "file": "foodshelves:blocktypes/barrels/barrelbig.json",
    "op": "replace",
    "path": "/variantgroups/0/states",
    "value": [ "normal", "birch", "oak", "maple", "pine", "acacia", "kapok", "baldcypress", "larch", "redwood", "ebony", "walnut", "purpleheart" ],
    "condition": { "when": "FoodShelves.EnableVariants", "isValue": "true" }
  },
  {
    "file": "foodshelves:blocktypes/barrels/barrelbig.json",
    "op": "add",
    "path": "/texturesByType",
    "value": {
      "*-normal": {
        "bottom": { "base": "block/wood/horizontalbarrelbig/bottom" },
        "top": { "base": "block/wood/horizontalbarrelbig/top" },
        "blackbronze4": { "base": "game:block/metal/sheet/blackbronze4" },
        "aged": { "base": "game:block/wood/debarked/aged" }
      }
    },
    "condition": { "when": "FoodShelves.EnableVariants", "isValue": "true" }
  },
  {
    "file": "foodshelves:blocktypes/barrels/barrelbig.json",
    "op": "replace",
    "path": "/textures",
    "value": {
      "bottom": { "base": "variants/horizontalbarrelbig/bottom{type}" },
      "top": { "base": "variants/horizontalbarrelbig/top{type}" },
      "blackbronze4": { "base": "game:block/metal/sheet/blackbronze4" },
      "aged": { "base": "game:block/wood/debarked/{type}" }
    },
    "condition": { "when": "FoodShelves.EnableVariants", "isValue": "true" }
  }
]