[
  {
    "file": "foodshelves:blocktypes/glassware/ceilingjar.json",
    "op": "replace",
    "path": "/variantgroups/0/states",
    "value": [ "normal", "aged", "birch", "oak", "maple", "pine", "acacia", "kapok", "baldcypress", "larch", "redwood", "ebony", "walnut", "purpleheart" ],
		"condition": { "when": "FoodShelves.EnableVariants", "isValue": "true" }
  },
  {
    "file": "foodshelves:blocktypes/glassware/glassfoodcase.json",
    "op": "replace",
    "path": "/variantgroups/0/states",
    "value": [ "normal", "aged", "birch", "oak", "maple", "pine", "acacia", "kapok", "baldcypress", "larch", "redwood", "ebony", "walnut", "purpleheart" ],
		"condition": { "when": "FoodShelves.EnableVariants", "isValue": "true" }
  },
  {
    "file": "foodshelves:blocktypes/glassware/glassfoodblock.json",
    "op": "replace",
    "path": "/variantgroups/0/states",
    "value": [ "normal", "aged", "birch", "oak", "maple", "pine", "acacia", "kapok", "baldcypress", "larch", "redwood", "ebony", "walnut", "purpleheart", "top", "topaged", "topbirch", "topoak", "topmaple", "toppine", "topacacia", "topkapok", "topbaldcypress", "toplarch", "topredwood", "topebony", "topwalnut", "toppurpleheart" ],
		"condition": { "when": "FoodShelves.EnableVariants", "isValue": "true" }
  },
  {
    "file": "foodshelves:blocktypes/glassware/coolingcabinet.json",
    "op": "replace",
    "path": "/variantgroups/0/states",
    "value": [ "normal", "aged", "birch", "oak", "maple", "pine", "acacia", "kapok", "baldcypress", "larch", "redwood", "ebony", "walnut", "purpleheart" ],
		"condition": { "when": "FoodShelves.EnableVariants", "isValue": "true" }
  },
  {
    "file": "foodshelves:blocktypes/glassware/ceilingjar.json",
    "op": "add",
    "path": "/texturesByType",
    "value": {
      "*-normal": {
        "frame": { "base": "game:block/glass/frame" },
        "smoky": { "base": "game:block/glass/smoky" },
        "surface": { "base": "game:block/wood/shelf/surface" },
        "rope": { "base": "game:item/resource/rope" }
      }
    },
		"condition": { "when": "FoodShelves.EnableVariants", "isValue": "true" }
  },
  {
    "file": "foodshelves:blocktypes/glassware/ceilingjar.json",
    "op": "replace",
    "path": "/textures",
    "value": {
      "frame": { "base": "game:block/glass/frame" },
      "smoky": { "base": "game:block/glass/smoky" },
      "surface": { "base": "game:block/wood/debarked/{type}", "blendedOverlays": [{ "base": "foodshelves:variants/shelves/surface" }] },
      "rope": { "base": "game:item/resource/rope" }
    },
		"condition": { "when": "FoodShelves.EnableVariants", "isValue": "true" }
  },
  {
    "file": "foodshelves:blocktypes/glassware/glassfoodcase.json",
    "op": "add",
    "path": "/texturesByType",
    "value": {
      "*-normal-*": {
        "frame": { "base": "game:block/glass/frame" },
        "frame-slab": { "base": "game:block/glass/frame-slab" },
        "smoky": { "base": "game:block/glass/smoky" },
        "surface": { "base": "game:block/wood/shelf/surface" }
      }
    },
		"condition": { "when": "FoodShelves.EnableVariants", "isValue": "true" }
  },
  {
    "file": "foodshelves:blocktypes/glassware/glassfoodcase.json",
    "op": "replace",
    "path": "/textures",
    "value": {
      "frame": { "base": "game:block/glass/frame" },
      "frame-slab": { "base": "game:block/glass/frame-slab" },
      "smoky": { "base": "game:block/glass/smoky" },
      "surface": { "base": "game:block/wood/debarked/{type}", "blendedOverlays": [{ "base": "foodshelves:variants/shelves/surface" }] }
    },
		"condition": { "when": "FoodShelves.EnableVariants", "isValue": "true" }
  },
  {
    "file": "foodshelves:blocktypes/glassware/glassfoodblock.json",
    "op": "add",
    "path": "/texturesByType",
    "value": {
      "*-normal": { "surface": { "base": "game:block/wood/shelf/surface" } },
      "*-top": { "surface": { "base": "game:block/wood/shelf/surface" } },
      "*-topaged": { "surface": { "base": "game:block/wood/debarked/aged", "blendedOverlays": [{ "base": "foodshelves:variants/shelves/surface" }] } },
      "*-topbirch": { "surface": { "base": "game:block/wood/debarked/birch", "blendedOverlays": [{ "base": "foodshelves:variants/shelves/surface" }] } },
      "*-topoak": { "surface": { "base": "game:block/wood/debarked/oak", "blendedOverlays": [{ "base": "foodshelves:variants/shelves/surface" }] } },
      "*-topmaple": { "surface": { "base": "game:block/wood/debarked/maple", "blendedOverlays": [{ "base": "foodshelves:variants/shelves/surface" }] } },
      "*-toppine": { "surface": { "base": "game:block/wood/debarked/pine", "blendedOverlays": [{ "base": "foodshelves:variants/shelves/surface" }] } },
      "*-topacacia": { "surface": { "base": "game:block/wood/debarked/acacia", "blendedOverlays": [{ "base": "foodshelves:variants/shelves/surface" }] } },
      "*-topkapok": { "surface": { "base": "game:block/wood/debarked/kapok", "blendedOverlays": [{ "base": "foodshelves:variants/shelves/surface" }] } },
      "*-topbaldcypress": { "surface": { "base": "game:block/wood/debarked/baldcypress", "blendedOverlays": [{ "base": "foodshelves:variants/shelves/surface" }] } },
      "*-toplarch": { "surface": { "base": "game:block/wood/debarked/larch", "blendedOverlays": [{ "base": "foodshelves:variants/shelves/surface" }] } },
      "*-topredwood": { "surface": { "base": "game:block/wood/debarked/redwood", "blendedOverlays": [{ "base": "foodshelves:variants/shelves/surface" }] } },
      "*-topebony": { "surface": { "base": "game:block/wood/debarked/ebony", "blendedOverlays": [{ "base": "foodshelves:variants/shelves/surface" }] } },
      "*-topwalnut": { "surface": { "base": "game:block/wood/debarked/walnut", "blendedOverlays": [{ "base": "foodshelves:variants/shelves/surface" }] } },
      "*-toppurpleheart": { "surface": { "base": "game:block/wood/debarked/purpleheart", "blendedOverlays": [{ "base": "foodshelves:variants/shelves/surface" }] } }
    },
		"condition": { "when": "FoodShelves.EnableVariants", "isValue": "true" }
  },
  {
    "file": "foodshelves:blocktypes/glassware/glassfoodblock.json",
    "op": "replace",
    "path": "/textures",
    "value": {
      "frame": { "base": "game:block/glass/frame" },
      "smoky": { "base": "game:block/glass/smoky" },
      "surface": { "base": "game:block/wood/debarked/{type}", "blendedOverlays": [{ "base": "foodshelves:variants/shelves/surface" }] }
    },
		"condition": { "when": "FoodShelves.EnableVariants", "isValue": "true" }
  },
  {
    "file": "foodshelves:blocktypes/glassware/coolingcabinet.json",
    "op": "add",
    "path": "/texturesByType",
    "value": {
      "*-normal-*": {
        "surface_long": { "base": "foodshelves:block/wood/coolingcabinet/surface_long" },
        "frame-slab": { "base": "game:block/glass/frame-slab" },
        "plain": { "base": "game:block/glass/plain" },
        "chalk": { "base": "game:block/stone/polishedrock/chalk" },
        "surface": { "base": "game:block/wood/shelf/surface" },
        "ice": { "base": "game:block/liquid/ice/packedglacier1" },
        "water": { "base": "game:block/liquid/waterportion" }
      }
    },
		"condition": { "when": "FoodShelves.EnableVariants", "isValue": "true" }
  },
  {
    "file": "foodshelves:blocktypes/glassware/coolingcabinet.json",
    "op": "replace",
    "path": "/textures",
    "value": {
      "surface_long": { "base": "game:block/wood/debarked/{type}" },
      "frame-slab": { "base": "game:block/glass/frame-slab" },
      "plain": { "base": "game:block/glass/plain" },
      "chalk": { "base": "game:block/stone/polishedrock/chalk" },
      "surface": { "base": "game:block/wood/debarked/{type}", "blendedOverlays": [{ "base": "foodshelves:variants/shelves/surface" }] },
      "ice": { "base": "game:block/liquid/ice/packedglacier1" },
      "water": { "base": "game:block/liquid/waterportion" }
    },
		"condition": { "when": "FoodShelves.EnableVariants", "isValue": "true" }
  }
]