[
{
	"enabled": true,
	"op": "addmerge",
	"path": "/BlockPatchBiomes",
	"value": {
	        "*-*grapes-*": {
            "biorealm": [
                "pacific nearctic",
                "atlantic nearctic",
                "atlantic palearctic",
                "central palearctic",
                "eastern palearctic",
                "pacific neotropic",
                "atlantic neotropic",
                "atlantic afrotropic",
                "eastern afrotropic",
                "australasian",
                "oceanic"
            ],
            "bioriver": "both"
        }
	},
	"file": "biomes:config/biomes2.json",
	"side": "server",
    "dependsOn": [{ "modid": "biomes" }]
}
]