{
	code: "jonasboatpart",
	variantgroups: [
		{ code: "type", states: ["rotor", "gearbox", "hull"] },
	],
	shape: { base: "jonasboat:entity/water/parts/jonasboatpart-{type}" },
	creativeinventory: { "general": ["*"], "items": ["*"] },
	materialDensity: 900,
	maxstacksize: 10,
	guiTransformByType: {
		"jonasboatpart-rotor": {
			translation: { x: 3, y: 11, z: 0 },
			rotation: { x: 155, y: -147, z: 18 },
			origin: { x: 0.6, y: 0.3, z: 0.54 },
			scale: 0.67
		},
		"jonasboatpart-gearbox": {
			translation: { x: 5, y: 10, z: 0 },
			rotation: { x: 155, y: -145, z: 18 },
			origin: { x: 0.6, y: -0.05, z: 0.25 },
			scale: 0.52
		},
		"jonasboatpart-hull": {
			translation: { x: 1, y: 1, z: 0 },
			rotation: { x: 155, y: -137, z: 25 },
			origin: { x: 0.6, y: 0.09, z: 0.45 },
			scale: 0.61
		}
	},
	fpHandTransform: {
		translation: { x: 0.3, y: 0.09, z: 0 },
		rotation: { x: -149, y: -115, z: -180 },
		origin: { x: 0.5, y: 0.1, z: 0.5 },
		scale: 1
	},
	tpHandTransform: {
		translation: { x: -0.55, y: -0.1, z: -1 },
		rotation: { x: 25, y: -174, z: 95 },
		origin: { x: 0.5, y: 0.12, z: 0.5 },
		scale: 0.3
	},
	groundTransform: {
		translation: { x: 0, y: 0, z: 0 },
		rotation: { x: 0, y: 0, z: 0 },
		origin: { x: 0.5, y: 0, z: 0.5299 },
		scale: 5
	}
}
