[
	{
		"ingredientPattern": "STS,_L_", 
		"recipeGroup": 1,
		"requiresTrait": "ontheruinsofcivization",
		"ingredients": {
			"S": { "type": "item", "code": "metalscale-*", "name": "metal", "quantity": 2, "allowedVariants": ["copper", "tinbronze",  "iron", "meteoriciron", "steel"] },
			"T": { "type": "item", "code": "flaxtwine", "quantity": 1 },
			"L": { "type": "item", "code": "armor-head-chain-*", "name": "metal", "allowedVariants": ["copper", "tinbronze",  "iron", "meteoriciron", "steel"] }
		},
		"width": 3,
		"height": 2,
		"name": "scale helmet",
		"output": { "type": "item", "code": "armor-head-scale-{metal}"  }
	},
	{
		"ingredientPattern": "SLS,SSS,TST",
		"recipeGroup": 1,
		"requiresTrait": "ontheruinsofcivization",
		"ingredients": {
			"S": { "type": "item", "code": "metalscale-*", "name": "metal", "allowedVariants": ["copper", "tinbronze", "bismuthbronze", "blackbronze", "iron", "meteoriciron", "steel"] },
			"T": { "type": "item", "code": "flaxtwine", "quantity": 1 },
			"L": { "type": "item", "code": "armor-body-chain-*", "name": "metal", "allowedVariants": ["copper", "tinbronze", "bismuthbronze", "blackbronze", "iron", "meteoriciron", "steel"] }
		},
		"width": 3,
		"height": 3,
		"name": "scale body armor",
		"output": { "type": "item", "code": "armor-body-scale-{metal}"  }
	},
	{
		"ingredientPattern": "SLS,STS",
		"recipeGroup": 1,
		"requiresTrait": "ontheruinsofcivization",
		"ingredients": {
			"S": { "type": "item", "code": "metalscale-*", "name": "metal", "allowedVariants": ["copper", "tinbronze", "bismuthbronze", "blackbronze", "iron", "meteoriciron", "steel"] },
			"T": { "type": "item", "code": "flaxtwine", "quantity": 3 },
			"L": { "type": "item", "code": "armor-legs-chain-*", "name": "metal", "allowedVariants": ["copper", "tinbronze", "bismuthbronze", "blackbronze", "iron", "meteoriciron", "steel"]}
		},
		"width": 3,
		"height": 2,
		"name": "scale leg armor",
		"output": { "type": "item", "code": "armor-legs-scale-{metal}"  }
	}
]