[
	{
	"code": "twine-darkblue",
	"sealHours": 12,
	"ingredients": [
		{ "type": "item", "code": "game:dye-woad", "litres": 0.5, "consumeLitres": 0.5 },
		{ "type": "item", "code": "wool:twine-wool-blue", "quantity": 1 }
	],
	"output": { "type": "item", "code": "wool:twine-wool-darkblue", "stackSize": 1 }
	},

	{
	"code": "twine-darkbrown",
	"sealHours": 12,
	"ingredients": [
		{ "type": "item", "code": "game:strongtanninportion", "litres": 0.5, "consumeLitres": 0.5 },
		{ "type": "item", "code": "wool:twine-wool-brown", "quantity": 1 }
	],
	"output": { "type": "item", "code": "wool:twine-wool-darkbrown", "stackSize": 1 }
	},

	{
	"code": "twine-darkgreen",
	"sealHours": 8,
	"ingredients": [
		{ "type": "item", "code": "game:dye-black", "litres": 0.5, "consumeLitres": 0.5 },
		{ "type": "item", "code": "wool:twine-wool-green", "quantity": 1 }
	],
	"output": { "type": "item", "code": "wool:twine-wool-darkgreen", "stackSize": 1 }
	},

	{
	"code": "twine-darkred",
	"sealHours": 12,
	"ingredients": [
		{ "type": "item", "code": "game:strongtanninportion", "litres": 0.5, "consumeLitres": 0.5 },
		{ "type": "item", "code": "wool:twine-wool-red", "quantity": 1 }
	],
	"output": { "type": "item", "code": "wool:twine-wool-darkred", "stackSize": 1 }
	}
]
