{"GameVersion":"1.19.0","SizeX":40,"SizeY":26,"SizeZ":40,"BlockCodes":{"8606":"game:clutter","769":"game:storagevessel-chthonic","770":"game:storagevessel-copper","771":"game:storagevessel-earthen","772":"game:storagevessel-rain","774":"game:storagevessel-burned","768":"game:storagevessel-ashforest","605":"game:crock-burned-east","661":"game:claypot-burned","488":"game:bowl-fired","8613":"game:meta-underground","2966":"game:cobblestone-granite","9493":"game:agedstonebricks-granite","3042":"game:cobblestonestairs-granite-down-east-free","3023":"game:cobblestonestairs-granite-up-east-free","896":"game:glasspane-leaded-aged-ew","3061":"game:cobblestonestairs-granite-up-south-free","2985":"game:cobblestonestairs-granite-up-north-free","8611":"game:meta-filler","2326":"game:slantedroofing-agedthatch-east-free","2556":"game:slantedroofingridge-agedthatch-ns-free","5122":"game:looseboulders-granite-free","2776":"game:cobblestoneslab-granite-east-free","4334":"game:drystonefence-granite-es-free","4294":"game:drystonefence-granite-ns-free","4274":"game:drystonefence-granite-ne-free","4174":"game:drystonefence-granite-empty-free","7355":"game:plankslab-aged-up-free","8109":"game:chest-east","8610":"game:groundstorage","8617":"game:spiderweb","833":"game:tapestry-west","3118":"game:cobblestonestairs-granite-down-west-free","4354":"game:drystonefence-granite-ew-free","5535":"game:loosestones-granite-free","883":"game:glasspane-leaded-aged-ns","3080":"game:cobblestonestairs-granite-down-south-free","3004":"game:cobblestonestairs-granite-down-north-free","3099":"game:cobblestonestairs-granite-up-west-free","411":"game:drycarcass-humanoid1","1180":"game:locustnest-cage","1188":"game:locustnest-stalagmite-small1","2852":"game:cobblestoneslab-granite-down-free","7368":"game:plankslab-aged-down-free","4234":"game:drystonefence-granite-s-free","9715":"game:clutteredbookshelf-agedacacia","4194":"game:drystonefence-granite-n-free","9716":"game:clutteredbookshelfwithlore","8273":"game:painting-castleruin-south","8292":"game:painting-hunterintheforest-west","1184":"game:locustnest-metalspike-small","7485":"game:plankstairs-aged-down-east-free","1189":"game:locustnest-stalagmite-small2","2795":"game:cobblestoneslab-granite-south-free","7524":"game:plankstairs-aged-up-west-free","1187":"game:locustnest-stalagmite-main1","6540":"game:crate","7472":"game:plankstairs-aged-up-east-free","7511":"game:plankstairs-aged-down-south-free","7446":"game:plankstairs-aged-up-north-free","9295":"game:jonas-lamp","9526":"game:door-solid-aged","136":"game:multiblock-monolithic-0-p1-0","8200":"game:firepit-cold","9525":"game:door-sleek-windowed-aged","412":"game:drycarcass-humanoid2","7537":"game:plankstairs-aged-down-west-free","7459":"game:plankstairs-aged-down-north-free","7498":"game:plankstairs-aged-up-south-free","4374":"game:drystonefence-granite-sw-free","4254":"game:drystonefence-granite-w-free","4314":"game:drystonefence-granite-nw-free","832":"game:tapestry-south","2336":"game:slantedroofing-agedthatch-south-free","2316":"game:slantedroofing-agedthatch-north-free","2814":"game:cobblestoneslab-granite-west-free","2496":"game:slantedroofingcornerouter-agedthatch-south-free","2346":"game:slantedroofing-agedthatch-west-free","2506":"game:slantedroofingcornerouter-agedthatch-west-free"},"ItemCodes":{"275":"game:stackrandomizer-resource","3080":"game:stackrandomizer-ruinedweapon","278":"game:stackrandomizer-painting","263":"game:stackrandomizer-accessory-highstatus","1554":"game:axe-scrap-scrap","3638":"game:stackrandomizer-buildingblocks","270":"game:stackrandomizer-fuel","279":"game:stackrandomizer-gear","271":"game:stackrandomizer-ingot","1753":"game:club-scrapmace-scrap","773":"game:firewood","1475":"game:stone-granite","1612":"game:firestarter","257":"game:lootrandomizer","272":"game:stackrandomizer-seed","258":"game:stackrandomizer-cloth-lowstatus","261":"game:stackrandomizer-accessory-lowstatus","1578":"game:blade-scrap-scrap","269":"game:stackrandomizer-ore","3639":"game:stackrandomizer-clayproducts","332":"game:powderedsulfur","1487":"game:stone-halite","3640":"game:stackrandomizer-mechanical","274":"game:stackrandomizer-copperweapon","1743":"game:spear-scrap-scrap","259":"game:stackrandomizer-cloth-mediumstatus"},"Indices":[0,1024,2048,3072,4096,5120,6144,7168,8192,9216,10240,11264,12288,13312,14336,15360,16384,17408,18432,19456,20480,21504,22528,23552,24576,25600,26624,27648,28672,29696,30720,31744,32768,33792,34816,35840,36864,37888,38912,39936,1,1025,2049,3073,4097,5121,6145,7169,8193,9217,10241,11265,12289,13313,14337,15361,16385,17409,18433,19457,20481,21505,22529,23553,24577,25601,26625,27649,28673,29697,30721,31745,32769,33793,34817,35841,36865,37889,38913,39937,2,1026,2050,3074,4098,5122,6146,7170,8194,9218,10242,11266,12290,13314,14338,15362,16386,17410,18434,19458,20482,21506,22530,23554,24578,25602,26626,27650,28674,29698,30722,31746,32770,33794,34818,35842,36866,37890,38914,39938,3,1027,2051,3075,4099,5123,6147,7171,8195,9219,10243,11267,12291,13315,14339,15363,16387,17411,18435,19459,20483,21507,22531,23555,24579,25603,26627,27651,28675,29699,30723,31747,32771,33795,34819,35843,36867,37891,38915,39939,4,1028,2052,3076,4100,5124,6148,7172,8196,9220,10244,11268,12292,13316,14340,15364,16388,17412,18436,19460,20484,21508,22532,23556,24580,25604,26628,27652,28676,29700,30724,31748,32772,33796,34820,35844,36868,37892,38916,39940,5,1029,2053,3077,4101,5125,6149,7173,8197,9221,10245,11269,12293,13317,14341,15365,16389,17413,18437,19461,20485,21509,22533,23557,24581,25605,26629,27653,28677,29701,30725,31749,32773,33797,34821,35845,36869,37893,38917,39941,6,1030,2054,3078,4102,5126,6150,7174,8198,9222,10246,11270,12294,13318,14342,15366,16390,17414,18438,19462,20486,21510,22534,23558,24582,25606,26630,27654,28678,29702,30726,31750,32774,33798,34822,35846,36870,37894,38918,39942,7,1031,2055,3079,4103,5127,6151,7175,8199,9223,10247,11271,12295,13319,14343,15367,16391,17415,18439,19463,20487,21511,22535,23559,24583,25607,26631,27655,28679,29703,30727,31751,32775,33799,34823,35847,36871,37895,38919,39943,8,1032,2056,3080,4104,5128,6152,7176,8200,9224,10248,11272,12296,13320,14344,15368,16392,17416,18440,19464,20488,21512,22536,23560,24584,25608,26632,27656,28680,29704,30728,31752,32776,33800,34824,35848,36872,37896,38920,39944,9,1033,2057,3081,4105,5129,6153,7177,8201,9225,10249,11273,12297,13321,14345,15369,16393,17417,18441,19465,20489,21513,22537,23561,24585,25609,26633,27657,28681,29705,30729,31753,32777,33801,34825,35849,36873,37897,38921,39945,10,1034,2058,3082,4106,5130,6154,7178,8202,9226,10250,11274,12298,13322,14346,15370,16394,17418,18442,19466,20490,21514,22538,23562,24586,25610,26634,27658,28682,29706,30730,31754,32778,33802,34826,35850,36874,37898,38922,39946,11,1035,2059,3083,4107,5131,6155,7179,8203,9227,10251,11275,12299,13323,14347,15371,16395,17419,18443,19467,20491,21515,22539,23563,24587,25611,26635,27659,28683,29707,30731,31755,32779,33803,34827,35851,36875,37899,38923,39947,12,1036,2060,3084,4108,5132,6156,7180,8204,9228,10252,11276,12300,13324,14348,15372,16396,17420,18444,19468,20492,21516,22540,23564,24588,25612,26636,27660,28684,29708,30732,31756,32780,33804,34828,35852,36876,37900,38924,39948,13,1037,2061,3085,4109,5133,6157,7181,8205,9229,10253,11277,12301,13325,14349,15373,16397,17421,18445,19469,20493,21517,22541,23565,24589,25613,26637,27661,28685,29709,30733,31757,32781,33805,34829,35853,36877,37901,38925,39949,11552781,11556877,12601357,12602381,12603405,12604429,12605453,13649933,13650957,13651981,13653005,13654029,14698509,14699533,14700557,14701581,14702605,15747085,15749133,15750157,15751181,16795661,16796685,16797709,16798733,16799757,16800781,14,1038,2062,3086,4110,5134,6158,7182,8206,9230,10254,11278,12302,13326,14350,15374,16398,17422,18446,19470,20494,21518,22542,23566,24590,25614,26638,27662,28686,29710,30734,31758,32782,33806,34830,35854,36878,37902,38926,39950,1063950,1064974,1065998,1067022,1068046,1069070,1070094,1071118,1072142,2112526,2115598,2116622,2117646,2118670,2119694,3164174,3167246,3168270,4212750,4214798,4216846,5261326,5262350,5263374,5264398,5265422,6309902,6310926,6311950,6312974,6313998,7358478,7359502,7360526,7361550,7362574,8407054,8411150,9455630,9459726,10504206,10508302,11552782,11553806,11554830,11555854,11556878,12601358,12602382,12603406,12604430,12605454,13649934,13650958,13651982,13653006,13654030,14698510,14699534,14700558,14701582,14702606,15747086,15748110,15749134,15750158,15751182,16795662,16799758,17843214,17844238,17845262,17846286,17847310,17848334,17849358,15,1039,2063,3087,4111,5135,6159,7183,8207,9231,10255,11279,12303,13327,14351,15375,16399,17423,18447,19471,20495,21519,22543,23567,24591,25615,26639,27663,28687,29711,30735,31759,32783,33807,34831,35855,36879,37903,38927,39951,1062927,1063951,1064975,1065999,1067023,1068047,1069071,1070095,1071119,1072143,1073167,2111503,2113551,2114575,2115599,2116623,2117647,2118671,2119695,2120719,3163151,3164175,3167247,3168271,3169295,4211727,4212751,4213775,4214799,4216847,4217871,5260303,5261327,5262351,5263375,5264399,5265423,5266447,6308879,6309903,6310927,6311951,6312975,6313999,7358479,7359503,7361551,7362575,10505231,10507279,11552783,11553807,11554831,11555855,11556879,12601359,12602383,12603407,12604431,12605455,13649935,13650959,13651983,13653007,13654031,14698511,14699535,14700559,14701583,14702607,15747087,15748111,15749135,15750159,15751183,16795663,16799759,17844239,17848335,18891791,18892815,18893839,18894863,18895887,18896911,18897935,25182223,25184271,25186319,25188367,26229775,26230799,26232847,26234895,26236943,16,1040,2064,3088,4112,5136,6160,7184,8208,9232,10256,11280,12304,13328,14352,15376,16400,17424,18448,19472,20496,21520,22544,23568,24592,25616,26640,27664,28688,29712,30736,31760,32784,33808,34832,35856,36880,37904,38928,39952,1062928,1063952,1064976,1066000,1067024,1068048,1069072,1070096,1071120,1072144,1073168,2112528,2113552,2114576,2115600,2116624,2117648,2118672,2119696,2120720,2121744,3161104,3162128,3163152,3164176,3165200,3166224,3167248,3168272,3169296,3170320,4210704,4211728,4212752,4213776,4214800,4215824,4216848,4217872,4218896,5259280,5260304,5261328,5262352,5263376,5264400,5265424,5266448,5267472,6307856,6308880,6309904,6310928,6311952,6312976,6314000,6315024,6316048,7356432,7357456,7358480,7359504,7360528,7361552,7362576,7363600,7364624,8407056,8408080,8409104,8410128,8411152,8412176,8413200,9456656,9457680,9458704,9459728,9460752,9461776,10504208,10505232,10506256,10507280,10508304,10509328,10510352,11552784,11553808,11554832,11555856,11556880,11557904,11558928,12601360,12602384,12603408,12604432,12605456,12607504,13649936,13650960,13651984,13653008,13654032,14698512,14699536,14700560,14701584,14702608,15747088,15748112,15749136,15750160,15751184,16795664,16796688,16797712,16798736,16799760,17844240,17848336,18891792,18893840,18895888,18897936,19939344,19940368,19941392,19942416,19943440,19944464,19945488,19946512,19947536,20987920,20988944,20989968,20990992,20992016,20993040,20994064,20995088,20996112,22036496,22037520,22038544,22039568,22040592,22041616,22042640,22043664,22044688,23085072,23086096,23087120,23088144,23089168,23090192,23091216,23092240,23093264,24133648,24134672,24135696,24136720,24137744,24138768,24139792,24140816,24141840,25181200,25182224,25183248,25184272,25185296,25186320,25187344,25188368,25189392,25190416,26229776,26233872,17,1041,2065,3089,4113,5137,6161,7185,8209,9233,10257,11281,12305,13329,14353,15377,16401,17425,18449,19473,20497,21521,22545,23569,24593,25617,26641,27665,28689,29713,30737,31761,32785,33809,34833,35857,36881,37905,38929,39953,1061905,1062929,1063953,1064977,1066001,1067025,1068049,1069073,1070097,1071121,1072145,1073169,1074193,1075217,2110481,2112529,2113553,2114577,2115601,2116625,2117649,2118673,2119697,2120721,2121745,2122769,2123793,3161105,3162129,3163153,3164177,3165201,3166225,3167249,3168273,3169297,3170321,3171345,3172369,4209681,4210705,4211729,4212753,4213777,4214801,4215825,4216849,4217873,4218897,4219921,5258257,5259281,5260305,5261329,5262353,5263377,5264401,5265425,5266449,5267473,5268497,6307857,6308881,6309905,6310929,6311953,6312977,6314001,6315025,6316049,6317073,7356433,7358481,7359505,7360529,7361553,7362577,7363601,7364625,8405009,8406033,8407057,8408081,8409105,8410129,8411153,8412177,8413201,9454609,9455633,9456657,9457681,9458705,9459729,9460753,9461777,10503185,10504209,10505233,10506257,10507281,10508305,10509329,10510353,11550737,11551761,11552785,11553809,11554833,11555857,11556881,11557905,11558929,12599313,12600337,12601361,12602385,12603409,12604433,12605457,12606481,12607505,13647889,13648913,13649937,13650961,13651985,13653009,13654033,13655057,13656081,14696465,14697489,14698513,14699537,14700561,14701585,14702609,15745041,15747089,15748113,15749137,15750161,15751185,15752209,16794641,16795665,16796689,16797713,16798737,16799761,16800785,17843217,17844241,17845265,17846289,17847313,17848337,17850385,18890769,18891793,18892817,18893841,18894865,18895889,18896913,18897937,18898961,19939345,19940369,19941393,19942417,19943441,19944465,19945489,19946513,19947537,20987921,20988945,20989969,20990993,20992017,20993041,20994065,20996113,22036497,22037521,22038545,22039569,22040593,22041617,22042641,22043665,22044689,23085073,23086097,23087121,23088145,23089169,23090193,23091217,23092241,24133649,24134673,24135697,24136721,24137745,24138769,24139793,24140817,24141841,25183249,25184273,25185297,25186321,25187345,25188369,25189393,25190417,18,1042,2066,3090,4114,5138,6162,7186,8210,9234,10258,11282,12306,13330,14354,15378,16402,17426,18450,19474,20498,21522,22546,23570,24594,25618,26642,27666,28690,29714,30738,31762,32786,33810,34834,35858,36882,37906,38930,39954,1060882,1061906,1062930,1063954,1064978,1066002,1067026,1068050,1069074,1070098,1071122,1072146,1073170,1074194,1075218,1076242,2109458,2110482,2111506,2112530,2113554,2114578,2115602,2116626,2117650,2118674,2119698,2120722,2121746,2122770,2123794,2124818,3158034,3160082,3161106,3162130,3163154,3164178,3165202,3166226,3167250,3168274,3169298,3170322,3171346,3172370,3173394,4206610,4208658,4209682,4210706,4211730,4212754,4213778,4214802,4215826,4216850,4217874,4218898,4219922,4220946,5256210,5257234,5258258,5259282,5260306,5261330,5262354,5263378,5264402,5265426,5266450,5267474,5268498,5269522,6303762,6304786,6305810,6306834,6307858,6308882,6309906,6310930,6311954,6312978,6314002,6315026,6316050,6317074,7352338,7353362,7354386,7355410,7356434,7357458,7358482,7359506,7360530,7361554,7362578,7363602,7364626,8405010,8406034,8407058,8408082,8409106,8410130,8411154,8412178,8413202,9454610,9455634,9456658,9457682,9458706,9459730,9460754,9461778,10502162,10503186,10504210,10505234,10506258,10507282,10508306,10509330,10510354,11550738,11551762,11552786,11553810,11554834,11555858,11556882,11557906,11558930,12600338,12601362,12602386,12603410,12604434,12605458,12606482,13648914,13649938,13650962,13651986,13653010,13654034,13655058,14697490,14698514,14699538,14700562,14701586,14702610,14703634,15746066,15747090,15748114,15749138,15750162,15751186,15752210,16794642,16795666,16796690,16797714,16798738,16799762,16800786,17843218,17844242,17845266,17846290,17847314,17848338,17849362,18891794,18892818,18893842,18894866,18895890,18896914,18897938,19939346,19940370,19941394,19942418,19943442,19944466,19945490,19946514,19947538,20987922,20988946,20989970,20990994,20992018,20993042,20994066,20995090,20996114,22036498,22037522,22038546,22039570,22040594,22041618,22042642,22043666,22044690,23085074,23086098,23087122,23088146,23089170,23090194,23091218,23092242,23093266,24133650,24134674,24135698,24136722,24137746,24138770,24139794,24140818,24141842,25181202,25182226,25183250,25184274,25185298,25186322,25187346,25188370,25190418,26229778,26232850,26233874,26236946,19,1043,2067,3091,4115,5139,6163,7187,8211,9235,10259,11283,12307,13331,14355,15379,16403,17427,18451,19475,20499,21523,22547,23571,24595,25619,26643,27667,28691,29715,30739,31763,32787,33811,34835,35859,36883,37907,38931,39955,1060883,1061907,1062931,1063955,1064979,1066003,1067027,1068051,1069075,1070099,1071123,1072147,1073171,1074195,1075219,1076243,1077267,2107411,2108435,2109459,2110483,2111507,2112531,2113555,2114579,2115603,2116627,2117651,2118675,2119699,2120723,2121747,2122771,2123795,2124819,2125843,3155987,3157011,3158035,3159059,3160083,3161107,3162131,3163155,3164179,3165203,3166227,3167251,3168275,3169299,3170323,3171347,3172371,3173395,4205587,4206611,4207635,4208659,4209683,4210707,4211731,4212755,4213779,4214803,4215827,4216851,4217875,4218899,4219923,5254163,5255187,5256211,5257235,5258259,5259283,5260307,5261331,5262355,5263379,5264403,5265427,5266451,5267475,5268499,6303763,6304787,6305811,6306835,6307859,6308883,6309907,6310931,6311955,6312979,6314003,6315027,6316051,6317075,7352339,7353363,7354387,7355411,7356435,7357459,7358483,7359507,7360531,7361555,7362579,7363603,7364627,8405011,8406035,8407059,8408083,8409107,8410131,8411155,8412179,8413203,9453587,9454611,9455635,9456659,9457683,9458707,9459731,9460755,9461779,10502163,10503187,10504211,10505235,10506259,10507283,10508307,10509331,10510355,11550739,11551763,11552787,11553811,11554835,11555859,11556883,11557907,11558931,12599315,12600339,12601363,12602387,12603411,12604435,12605459,12606483,12607507,13648915,13649939,13650963,13651987,13653011,13654035,13655059,14697491,14698515,14699539,14700563,14701587,14702611,14703635,15746067,15747091,15748115,15749139,15750163,15751187,15752211,16794643,16795667,16796691,16797715,16798739,16799763,16800787,17843219,17844243,17845267,17846291,17847315,17848339,17849363,18890771,18891795,18892819,18893843,18894867,18895891,18896915,18897939,18898963,19939347,19940371,19941395,19942419,19943443,19944467,19945491,19946515,19947539,20987923,20988947,20989971,20990995,20992019,20993043,20994067,20995091,20996115,22036499,22037523,22038547,22039571,22040595,22041619,22042643,22043667,22044691,23085075,23086099,23087123,23088147,23089171,23090195,23091219,23092243,23093267,24133651,24134675,24135699,24136723,24137747,24138771,24139795,24140819,24141843,25182227,25183251,25184275,25185299,25186323,25187347,25188371,25190419,26232851,20,1044,2068,3092,4116,5140,6164,7188,8212,9236,10260,11284,12308,13332,14356,15380,16404,17428,18452,19476,20500,21524,22548,23572,24596,25620,26644,27668,28692,29716,30740,31764,32788,33812,34836,35860,36884,37908,38932,39956,1061908,1062932,1063956,1064980,1066004,1067028,1068052,1069076,1070100,1071124,1072148,1073172,1074196,1075220,1076244,1077268,2107412,2108436,2109460,2110484,2111508,2112532,2113556,2114580,2115604,2116628,2117652,2118676,2119700,2120724,2121748,2122772,2123796,2124820,2125844,3155988,3157012,3158036,3159060,3160084,3161108,3162132,3163156,3164180,3165204,3166228,3167252,3168276,3169300,3170324,3172372,3173396,4205588,4206612,4207636,4208660,4209684,4210708,4211732,4212756,4213780,4214804,4215828,4216852,4217876,4218900,4219924,4220948,4221972,5254164,5255188,5256212,5257236,5258260,5259284,5260308,5261332,5262356,5263380,5264404,5265428,5266452,5267476,5268500,6304788,6305812,6306836,6307860,6308884,6309908,6310932,6311956,6312980,6314004,6315028,6316052,6317076,7352340,7355412,7356436,7357460,7358484,7359508,7360532,7361556,7362580,7363604,7364628,8405012,8406036,8407060,8408084,8409108,8410132,8411156,8412180,8413204,9453588,9454612,9455636,9456660,9457684,9458708,9459732,9460756,9461780,10502164,10503188,10504212,10505236,10506260,10507284,10508308,10509332,10510356,11550740,11551764,11552788,11553812,11554836,11555860,11556884,11557908,11558932,12600340,12601364,12602388,12603412,12604436,12605460,12606484,13648916,13649940,13650964,13651988,13653012,13654036,13655060,14697492,14698516,14699540,14700564,14701588,14702612,14703636,15746068,15747092,15748116,15749140,15750164,15751188,15752212,16794644,16795668,16796692,16797716,16798740,16799764,16800788,17843220,17844244,17845268,17846292,17847316,17848340,17849364,18891796,18892820,18893844,18894868,18895892,18896916,18897940,19939348,19940372,19941396,19942420,19943444,19944468,19945492,19947540,20987924,20988948,20989972,20990996,20992020,20993044,20994068,20995092,20996116,22036500,22037524,22038548,22039572,22040596,22041620,22042644,22043668,22044692,23085076,23086100,23087124,23088148,23089172,23090196,23091220,23092244,23093268,24133652,24134676,24135700,24136724,24137748,24138772,24139796,24140820,24141844,25181204,25182228,25183252,25184276,25185300,25186324,25187348,25188372,25189396,25190420,26229780,26231828,26236948,21,1045,2069,3093,4117,5141,6165,7189,8213,9237,10261,11285,12309,13333,14357,15381,16405,17429,18453,19477,20501,21525,22549,23573,24597,25621,26645,27669,28693,29717,30741,31765,32789,33813,34837,35861,36885,37909,38933,39957,1060885,1061909,1062933,1063957,1064981,1066005,1067029,1068053,1069077,1070101,1071125,1072149,1073173,1074197,1075221,1076245,1077269,2107413,2108437,2109461,2110485,2111509,2112533,2113557,2114581,2115605,2116629,2117653,2118677,2119701,2120725,2121749,2122773,2123797,2124821,2125845,3155989,3157013,3158037,3159061,3160085,3161109,3162133,3163157,3164181,3165205,3166229,3167253,3168277,3169301,3170325,3171349,3172373,3173397,4205589,4206613,4207637,4208661,4209685,4210709,4211733,4212757,4213781,4214805,4215829,4216853,4217877,4218901,4219925,4220949,5254165,5255189,5256213,5257237,5258261,5259285,5260309,5261333,5262357,5263381,5264405,5265429,5266453,5267477,5268501,5269525,6303765,6304789,6305813,6306837,6307861,6308885,6309909,6310933,6311957,6312981,6314005,6315029,6316053,6317077,7352341,7353365,7355413,7356437,7357461,7358485,7359509,7360533,7361557,7362581,7363605,7364629,7365653,8405013,8406037,8407061,8408085,8409109,8410133,8411157,8412181,8413205,9453589,9454613,9455637,9456661,9457685,9458709,9459733,9460757,9461781,10502165,10503189,10504213,10505237,10506261,10507285,10508309,10509333,10510357,11550741,11551765,11552789,11553813,11554837,11555861,11556885,11557909,11558933,12600341,12601365,12602389,12603413,12604437,12605461,12606485,13648917,13649941,13650965,13651989,13653013,13654037,13655061,14697493,14698517,14699541,14700565,14701589,14702613,14703637,15747093,15748117,15749141,15750165,15751189,15752213,16794645,16795669,16796693,16797717,16798741,16799765,16800789,17843221,17844245,17845269,17846293,17847317,17848341,17849365,18890773,18891797,18892821,18893845,18894869,18895893,18896917,18897941,19939349,19940373,19941397,19942421,19943445,19944469,19945493,19946517,20987925,20988949,20989973,20990997,20992021,20993045,20994069,20995093,20996117,22036501,22037525,22038549,22039573,22040597,22041621,22042645,22043669,22044693,23085077,23086101,23087125,23088149,23089173,23090197,23091221,23092245,23093269,24133653,24134677,24135701,24136725,24137749,24138773,24139797,24140821,24141845,25182229,25183253,25184277,25185301,25186325,25187349,25188373,25189397,25190421,22,1046,2070,3094,4118,5142,6166,7190,8214,9238,10262,11286,12310,13334,14358,15382,16406,17430,18454,19478,20502,21526,22550,23574,24598,25622,26646,27670,28694,29718,30742,31766,32790,33814,34838,35862,36886,37910,38934,39958,1061910,1062934,1063958,1064982,1066006,1067030,1068054,1069078,1070102,1071126,1072150,1073174,1074198,1075222,1076246,1077270,2108438,2109462,2110486,2111510,2112534,2113558,2114582,2115606,2116630,2117654,2118678,2119702,2120726,2122774,2123798,2124822,3158038,3160086,3161110,3162134,3163158,3164182,3165206,3166230,3167254,3168278,3169302,3170326,3171350,3172374,3173398,4206614,4208662,4209686,4210710,4211734,4212758,4213782,4214806,4215830,4216854,4217878,4218902,4219926,5256214,5257238,5258262,5259286,5260310,5261334,5262358,5263382,5264406,5265430,5266454,5267478,5268502,6304790,6305814,6306838,6307862,6308886,6309910,6310934,6311958,6312982,6314006,6315030,6316054,6317078,7352342,7353366,7354390,7355414,7356438,7357462,7358486,7359510,7360534,7361558,7362582,7363606,7364630,8405014,8406038,8407062,8408086,8409110,8410134,8411158,8412182,8413206,9453590,9454614,9455638,9456662,9457686,9458710,9459734,9460758,9461782,10502166,10503190,10504214,10505238,10506262,10507286,10508310,10509334,10510358,11550742,11551766,11552790,11553814,11554838,11555862,11556886,11557910,11558934,12600342,12601366,12602390,12603414,12604438,12605462,12606486,13648918,13649942,13650966,13651990,13653014,13654038,13655062,14697494,14698518,14699542,14700566,14701590,14702614,14703638,15747094,15748118,15749142,15750166,15751190,15752214,16794646,16795670,16796694,16797718,16798742,16799766,16800790,17843222,17844246,17845270,17846294,17847318,17848342,17849366,18891798,18892822,18893846,18894870,18895894,18896918,18897942,19939350,19940374,19941398,19942422,19943446,19944470,19945494,19947542,20987926,20988950,20989974,20990998,20992022,20993046,20994070,20995094,20996118,22036502,22037526,22038550,22039574,22040598,22041622,22042646,22043670,22044694,23085078,23086102,23087126,23088150,23089174,23090198,23091222,23092246,23093270,24133654,24134678,24135702,24136726,24137750,24138774,24139798,24140822,24141846,25181206,25182230,25183254,25184278,25185302,25186326,25187350,25189398,25190422,26229782,26232854,26234902,23,1047,2071,3095,4119,5143,6167,7191,8215,9239,10263,11287,12311,13335,14359,15383,16407,17431,18455,19479,20503,21527,22551,23575,24599,25623,26647,27671,28695,29719,30743,31767,32791,33815,34839,35863,36887,37911,38935,39959,1062935,1063959,1064983,1066007,1067031,1068055,1069079,1070103,1071127,1072151,1073175,1074199,1075223,1076247,2109463,2110487,2111511,2112535,2113559,2114583,2115607,2116631,2117655,2118679,2119703,2120727,2121751,2122775,2123799,2124823,3161111,3162135,3163159,3164183,3165207,3166231,3167255,3168279,3169303,3170327,3171351,3172375,4209687,4210711,4211735,4212759,4213783,4214807,4215831,4216855,4217879,4218903,4219927,5258263,5259287,5260311,5261335,5262359,5263383,5264407,5265431,5266455,5267479,5268503,6307863,6308887,6309911,6310935,6311959,6312983,6314007,6315031,6316055,6317079,7356439,7357463,7358487,7359511,7360535,7361559,7362583,7363607,7364631,8405015,8406039,8407063,8408087,8409111,8410135,8411159,8412183,8413207,9453591,9454615,9455639,9456663,9457687,9458711,9459735,9460759,9461783,10502167,10503191,10504215,10505239,10506263,10507287,10508311,10509335,10510359,11550743,11551767,11552791,11553815,11554839,11555863,11556887,11557911,11558935,12599319,12600343,12601367,12602391,12603415,12604439,12605463,12606487,12607511,13647895,13648919,13649943,13650967,13651991,13653015,13654039,13655063,13656087,14696471,14697495,14698519,14699543,14700567,14701591,14702615,14703639,14704663,15745047,15746071,15747095,15748119,15749143,15750167,15751191,15752215,15753239,16793623,16794647,16795671,16796695,16797719,16798743,16799767,16800791,16801815,17842199,17843223,17844247,17845271,17846295,17847319,17848343,17849367,17850391,18890775,18891799,18892823,18893847,18894871,18895895,18896919,18897943,18898967,19939351,19940375,19941399,19942423,19943447,19944471,19945495,19946519,19947543,20987927,20988951,20989975,20990999,20992023,20993047,20995095,20996119,22036503,22037527,22038551,22039575,22040599,22041623,22042647,22043671,22044695,23085079,23086103,23087127,23088151,23089175,23090199,23091223,23092247,23093271,24133655,24134679,24135703,24136727,24137751,24138775,24139799,24140823,24141847,25182231,25183255,25184279,25185303,25186327,25187351,25188375,25190423,26232855,24,1048,2072,3096,4120,5144,6168,7192,8216,9240,10264,11288,12312,13336,14360,15384,16408,17432,18456,19480,20504,21528,22552,23576,24600,25624,26648,27672,28696,29720,30744,31768,32792,33816,34840,35864,36888,37912,38936,39960,1062936,1063960,1064984,1066008,1067032,1068056,1069080,1070104,1071128,1072152,1073176,1074200,1075224,2112536,2113560,2114584,2115608,2116632,2117656,2118680,2119704,2121752,2122776,2123800,3162136,3163160,3164184,3165208,3166232,3167256,3168280,3169304,3170328,4210712,4211736,4212760,4213784,4214808,4215832,4216856,4217880,4218904,5259288,5260312,5261336,5262360,5263384,5264408,5265432,5266456,5267480,6307864,6308888,6309912,6310936,6311960,6312984,6314008,6315032,6316056,7356440,7357464,7358488,7359512,7360536,7361560,7362584,7363608,7364632,8405016,8406040,8407064,8408088,8409112,8410136,8411160,8412184,8413208,9454616,9455640,9456664,9457688,9458712,9459736,9460760,9461784,10503192,10504216,10505240,10506264,10507288,10508312,10509336,10510360,11550744,11551768,11552792,11553816,11554840,11555864,11556888,11557912,11558936,12600344,12606488,13648920,13655064,14697496,14703640,15746072,15752216,16794648,16800792,17843224,17849368,18891800,18893848,18895896,18897944,19939352,19940376,19941400,19942424,19943448,19944472,19945496,19946520,19947544,20987928,20988952,20989976,20991000,20992024,20993048,20994072,20995096,20996120,22036504,22037528,22038552,22039576,22040600,22041624,22042648,22043672,22044696,23085080,23086104,23087128,23088152,23089176,23090200,23091224,23092248,23093272,24133656,24134680,24135704,24136728,24137752,24138776,24139800,24140824,24141848,25181208,25182232,25183256,25184280,25185304,25186328,25187352,25188376,25189400,26229784,25,1049,2073,3097,4121,5145,6169,7193,8217,9241,10265,11289,12313,13337,14361,15385,16409,17433,18457,19481,20505,21529,22553,23577,24601,25625,26649,27673,28697,29721,30745,31769,32793,33817,34841,35865,36889,37913,38937,39961,1063961,1064985,1066009,1067033,1068057,1069081,1070105,1071129,1072153,1073177,2114585,2115609,2116633,2117657,2120729,3163161,3164185,3165209,3166233,3167257,3168281,3169305,4211737,4212761,4213785,4214809,4215833,4216857,4217881,5260313,5261337,5262361,5263385,5264409,5265433,5266457,6308889,6309913,6310937,6311961,6312985,6314009,6315033,7357465,7358489,7359513,7360537,7361561,7362585,7363609,8406041,8407065,8408089,8409113,8410137,8411161,8412185,9454617,9455641,9456665,9457689,9458713,9459737,9460761,10503193,10504217,10505241,10506265,10507289,10508313,10509337,11553817,11554841,11555865,25182233,25184281,25186329,25188377,26229785,26230809,26232857,26234905,26236953,26,1050,2074,3098,4122,5146,6170,7194,8218,9242,10266,11290,12314,13338,14362,15386,16410,17434,18458,19482,20506,21530,22554,23578,24602,25626,26650,27674,28698,29722,30746,31770,32794,33818,34842,35866,36890,37914,38938,39962,1066010,1067034,1068058,1069082,1070106,1071130,2115610,2116634,2117658,2118682,2119706,3164186,3166234,3167258,3168282,4212762,4214810,4216858,5261338,5262362,5263386,5264410,5265434,6309914,6310938,6311962,6312986,6314010,7358490,7359514,7360538,7361562,7362586,8407066,8408090,8409114,8410138,8411162,9455642,9456666,9457690,9458714,9459738,10503194,10504218,10505242,10506266,10507290,10508314,10509338,27,1051,2075,3099,4123,5147,6171,7195,8219,9243,10267,11291,12315,13339,14363,15387,16411,17435,18459,19483,20507,21531,22555,23579,24603,25627,26651,27675,28699,29723,30747,31771,32795,33819,34843,35867,36891,37915,38939,39963,6309915,6314011,7358491,7359515,7360539,7361563,7362587,8407067,8408091,8409115,8410139,8411163,9455643,9456667,9457691,9458715,9459739,10503195,10504219,10505243,10506267,10507291,10508315,10509339,28,1052,2076,3100,4124,5148,6172,7196,8220,9244,10268,11292,12316,13340,14364,15388,16412,17436,18460,19484,20508,21532,22556,23580,24604,25628,26652,27676,28700,29724,30748,31772,32796,33820,34844,35868,36892,37916,38940,39964,29,1053,2077,3101,4125,5149,6173,7197,8221,9245,10269,11293,12317,13341,14365,15389,16413,17437,18461,19485,20509,21533,22557,23581,24605,25629,26653,27677,28701,29725,30749,31773,32797,33821,34845,35869,36893,37917,38941,39965,30,1054,2078,3102,4126,5150,6174,7198,8222,9246,10270,11294,12318,13342,14366,15390,16414,17438,18462,19486,20510,21534,22558,23582,24606,25630,26654,27678,28702,29726,30750,31774,32798,33822,34846,35870,36894,37918,38942,39966,31,1055,2079,3103,4127,5151,6175,7199,8223,9247,10271,11295,12319,13343,14367,15391,16415,17439,18463,19487,20511,21535,22559,23583,24607,25631,26655,27679,28703,29727,30751,31775,32799,33823,34847,35871,36895,37919,38943,39967,32,1056,2080,3104,4128,5152,6176,7200,8224,9248,10272,11296,12320,13344,14368,15392,16416,17440,18464,19488,20512,21536,22560,23584,24608,25632,26656,27680,28704,29728,30752,31776,32800,33824,34848,35872,36896,37920,38944,39968,33,1057,2081,3105,4129,5153,6177,7201,8225,9249,10273,11297,12321,13345,14369,15393,16417,17441,18465,19489,20513,21537,22561,23585,24609,25633,26657,27681,28705,29729,30753,31777,32801,33825,34849,35873,36897,37921,38945,39969,34,1058,2082,3106,4130,5154,6178,7202,8226,9250,10274,11298,12322,13346,14370,15394,16418,17442,18466,19490,20514,21538,22562,23586,24610,25634,26658,27682,28706,29730,30754,31778,32802,33826,34850,35874,36898,37922,38946,39970,35,1059,2083,3107,4131,5155,6179,7203,8227,9251,10275,11299,12323,13347,14371,15395,16419,17443,18467,19491,20515,21539,22563,23587,24611,25635,26659,27683,28707,29731,30755,31779,32803,33827,34851,35875,36899,37923,38947,39971,36,1060,2084,3108,4132,5156,6180,7204,8228,9252,10276,11300,12324,13348,14372,15396,16420,17444,18468,19492,20516,21540,22564,23588,24612,25636,26660,27684,28708,29732,30756,31780,32804,33828,34852,35876,36900,37924,38948,39972,37,1061,2085,3109,4133,5157,6181,7205,8229,9253,10277,11301,12325,13349,14373,15397,16421,17445,18469,19493,20517,21541,22565,23589,24613,25637,26661,27685,28709,29733,30757,31781,32805,33829,34853,35877,36901,37925,38949,39973,38,1062,2086,3110,4134,5158,6182,7206,8230,9254,10278,11302,12326,13350,14374,15398,16422,17446,18470,19494,20518,21542,22566,23590,24614,25638,26662,27686,28710,29734,30758,31782,32806,33830,34854,35878,36902,37926,38950,39974,39,1063,2087,3111,4135,5159,6183,7207,8231,9255,10279,11303,12327,13351,14375,15399,16423,17447,18471,19495,20519,21543,22567,23591,24615,25639,26663,27687,28711,29735,30759,31783,32807,33831,34855,35879,36903,37927,38951,39975],"BlockIds":[8613,8613,8613,8613,8613,8613,8613,8613,8613,8613,8613,8613,8613,8613,8613,8613,8613,8613,8613,8613,8613,8613,8613,8613,8613,8613,8613,8613,8613,8613,8613,8613,8613,8613,8613,8613,8613,8613,8613,8613,8613,8613,8613,8613,8613,8613,8613,8613,8613,8613,8613,8613,8613,8613,8613,8613,8613,8613,8613,8613,8613,8613,8613,8613,8613,8613,8613,8613,8613,8613,8613,8613,8613,8613,8613,8613,8613,8613,8613,8613,8613,8613,8613,8613,8613,8613,8613,8613,8613,8613,8613,8613,8613,8613,8613,8613,8613,8613,8613,8613,8613,8613,8613,8613,8613,8613,8613,8613,8613,8613,8613,8613,8613,8613,8613,8613,8613,8613,8613,8613,8613,8613,8613,8613,8613,8613,8613,8613,8613,8613,8613,8613,8613,8613,8613,8613,8613,8613,8613,8613,8613,8613,8613,8613,8613,8613,8613,8613,8613,8613,8613,8613,8613,8613,8613,8613,8613,8613,8613,8613,8613,8613,8613,8613,8613,8613,8613,8613,8613,8613,8613,8613,8613,8613,8613,8613,8613,8613,8613,8613,8613,8613,8613,8613,8613,8613,8613,8613,8613,8613,8613,8613,8613,8613,8613,8613,8613,8613,8613,8613,8613,8613,8613,8613,8613,8613,8613,8613,8613,8613,8613,8613,8613,8613,8613,8613,8613,8613,8613,8613,8613,8613,8613,8613,8613,8613,8613,8613,8613,8613,8613,8613,8613,8613,8613,8613,8613,8613,8613,8613,8613,8613,8613,8613,8613,8613,8613,8613,8613,8613,8613,8613,8613,8613,8613,8613,8613,8613,8613,8613,8613,8613,8613,8613,8613,8613,8613,8613,8613,8613,8613,8613,8613,8613,8613,8613,8613,8613,8613,8613,8613,8613,8613,8613,8613,8613,8613,8613,8613,8613,8613,8613,8613,8613,8613,8613,8613,8613,8613,8613,8613,8613,8613,8613,8613,8613,8613,8613,8613,8613,8613,8613,8613,8613,8613,8613,8613,8613,8613,8613,8613,8613,8613,8613,8613,8613,8613,8613,8613,8613,8613,8613,8613,8613,8613,8613,8613,8613,8613,8613,8613,8613,8613,8613,8613,8613,8613,8613,8613,8613,8613,8613,8613,8613,8613,8613,8613,8613,8613,8613,8613,8613,8613,8613,8613,8613,8613,8613,8613,8613,8613,8613,8613,8613,8613,8613,8613,8613,8613,8613,8613,8613,8613,8613,8613,8613,8613,8613,8613,8613,8613,8613,8613,8613,8613,8613,8613,8613,8613,8613,8613,8613,8613,8613,8613,8613,8613,8613,8613,8613,8613,8613,8613,8613,8613,8613,8613,8613,8613,8613,8613,8613,8613,8613,8613,8613,8613,8613,8613,8613,8613,8613,8613,8613,8613,8613,8613,8613,8613,8613,8613,8613,8613,8613,8613,8613,8613,8613,8613,8613,8613,8613,8613,8613,8613,8613,8613,8613,8613,8613,8613,8613,8613,8613,8613,8613,8613,8613,8613,8613,8613,8613,8613,8613,8613,8613,8613,8613,8613,8613,8613,8613,8613,8613,8613,8613,8613,8613,8613,8613,8613,8613,8613,8613,8613,8613,8613,8613,8613,8613,8613,8613,8613,8613,8613,8613,8613,8613,8613,8613,8613,8613,8613,8613,8613,8613,8613,8613,8613,8613,8613,8613,8613,8613,8613,8613,8613,8613,8613,8613,8613,8613,8613,8613,8613,2966,9493,9493,2966,9493,2966,2966,9493,2966,8613,8613,8613,8613,8613,8613,8613,8613,8613,8613,8613,8613,8613,8613,8613,8613,3042,3042,9493,2966,3023,9493,9493,9493,2966,896,9493,2966,3061,2985,8611,2966,9493,9493,3042,2966,3023,2326,2326,2326,2326,2326,2556,8613,8613,8613,8613,8613,8613,8613,8613,8613,8613,8613,8613,8613,8613,9493,9493,2966,2966,9493,9493,9493,9493,9493,9493,9493,8613,8613,8613,8613,8613,8613,8613,8613,8613,8613,8613,8613,8613,8613,8613,9493,2966,2966,2966,9493,9493,9493,9493,9493,5122,9493,2966,3023,2966,2966,9493,2776,9493,9493,2776,9493,9493,3042,3042,3042,9493,9493,2966,9493,2966,2966,4334,4294,4294,4294,4274,4174,4174,4174,4174,4174,4174,2966,7355,7355,7355,2966,9493,8606,8109,8606,9493,9493,8611,8611,8611,2966,9493,8611,8611,8611,9493,2966,7355,7355,7355,2966,2966,2985,2556,2326,2326,2326,2326,2326,2326,8613,8613,8613,8613,8613,8613,8613,8613,8613,8613,8613,8613,8613,9493,9493,2966,9493,2966,9493,2966,2966,2966,9493,2966,9493,9493,8613,8613,8613,8613,8613,8613,8613,8613,8613,8613,8613,8613,8613,8613,2966,2966,9493,9493,9493,9493,2966,2966,2966,2966,2966,5122,3061,2966,8611,8610,8606,8109,8617,9493,9493,8611,833,8611,9493,9493,8611,8611,8611,8611,2966,2966,3118,8617,8611,8611,3118,9493,5122,9493,2966,9493,2966,2966,4354,5122,5535,4354,3042,3042,9493,7355,7355,7355,2966,3061,8606,8611,8606,2985,883,8611,8611,8606,883,883,8611,8611,8611,883,3080,7355,7355,7355,3004,9493,2966,3080,2966,2326,2326,2326,2326,2326,2326,2326,3042,3042,3042,3042,9493,3099,3099,3099,3099,8613,8613,8613,8613,8613,8613,8613,8613,8613,8613,8613,8613,8613,2966,9493,9493,9493,2966,2966,2966,9493,2966,9493,9493,9493,9493,9493,8613,8613,8613,8613,8613,8613,8613,8613,8613,8613,8613,8613,8613,9493,2966,9493,2966,9493,9493,9493,2966,9493,2966,9493,9493,9493,411,8611,8611,8611,8606,8606,1180,9493,5122,2966,8606,8611,8611,8611,8611,8611,8617,2966,9493,8611,8611,8611,8611,8611,8611,8611,9493,2966,3004,8611,8611,1188,8611,8611,3080,2966,9493,9493,9493,2966,9493,9493,9493,9493,2966,2852,3061,2966,9493,8606,9493,2966,9493,2966,5122,2966,8611,9493,896,9493,2966,9493,3042,9493,896,9493,9493,3042,2966,2966,2966,3042,9493,2966,9493,7355,7355,7355,9493,9493,9493,2966,8606,8611,8606,2966,5535,2966,8611,8611,8611,2966,9493,8611,8611,8611,9493,9493,8611,8611,8617,9493,3061,7368,7368,7368,9493,3080,3004,2966,3042,3042,2966,2966,9493,9493,9493,9493,9493,9493,9493,9493,2966,9493,3023,9493,3023,2966,3023,2966,2966,9493,2966,896,9493,896,9493,896,9493,9493,9493,9493,896,2966,896,9493,896,2966,9493,9493,2966,3042,9493,3042,9493,3042,2966,9493,3080,9493,9493,9493,9493,9493,2966,9493,9493,2985,2985,5122,8613,8613,8613,8613,8613,8613,8613,8613,8613,8613,8613,8613,9493,2966,2966,9493,2966,2966,9493,2966,9493,2966,9493,9493,9493,2966,2966,9493,8613,8613,8613,8613,8613,8613,8613,8613,8613,8613,8613,8613,2966,9493,9493,9493,9493,9493,9493,9493,9493,9493,9493,2966,9493,2966,8611,2966,8617,8611,8611,8606,8606,8611,8611,8606,8617,2966,2966,2966,8611,8611,8611,8611,8606,8611,8611,8611,8611,9493,5535,9493,8617,8611,8611,8611,8611,8611,8611,8611,8611,9493,9493,3004,8611,8611,8611,8611,8611,8611,8611,3118,9493,9493,7355,7355,7355,7355,7355,7355,7355,2966,3023,9493,5122,5535,8611,8611,411,8611,9493,3023,8611,8611,8611,8611,8611,8611,8611,9493,8611,8611,8611,8611,8611,8611,8611,9493,1188,8611,8611,8611,8611,8611,8611,2966,3042,9493,9493,7355,7355,7355,9493,2966,9493,4234,2966,9493,9715,8611,8611,2966,2966,4194,4234,9493,9493,9716,8611,8273,9493,9493,4194,4234,2966,9493,8611,8611,8611,9493,4174,9493,8611,8611,8611,9493,3042,3061,2966,7355,7355,7355,9493,2985,9493,2966,9493,9493,2966,9493,4174,2966,9493,2966,2966,9493,9493,9493,9493,9493,9493,9493,9493,2966,2966,9493,9493,9493,9493,9493,9716,9715,9715,8606,8611,8611,9493,9493,9715,8611,8292,8611,8611,8611,8611,9493,9493,8611,8611,8611,8611,8611,8611,8611,9493,8611,8611,8611,8611,8611,8611,8611,8611,2966,9493,9493,9493,9493,9493,9493,8611,8613,8613,8613,8613,8613,8613,8613,8613,8613,8613,8613,9493,9493,9493,2966,9493,9493,9493,9493,2966,9493,2966,9493,9493,2966,9493,9493,2966,9493,8613,8613,8613,8613,8613,8613,8613,8613,8613,8613,8613,9493,2966,9493,9493,9493,2966,9493,9493,9493,9493,2966,2966,2966,9493,9493,9493,8611,3061,2966,8611,8611,8611,8611,8611,8611,8606,8606,1184,5535,2852,9493,9493,8611,9493,8611,8611,8611,8611,8611,8611,8611,8611,8611,8611,8611,9493,5535,8611,9493,8611,8611,8611,8611,8611,8611,8611,8611,8611,8611,8611,9493,3080,9493,3004,8611,8611,8611,8611,8611,7485,8611,8611,1189,8617,2985,2795,9493,9493,9493,9493,7355,7355,7355,7355,7524,7355,7355,9493,9493,4334,4294,4294,4294,2966,5122,5535,8606,8611,8611,8606,8606,2966,883,8611,8611,8611,8611,8611,8611,8611,8611,8611,8611,8611,8611,8611,8611,8611,883,3080,8611,8611,8611,8611,7485,8611,8611,3004,3061,2966,7355,7355,7355,7524,7355,2966,2985,9493,5535,8611,8611,8611,8610,9493,9493,8611,8611,8611,8611,8611,9493,2966,8611,8611,8611,8611,8611,2966,9493,8611,8611,8611,8611,8611,9493,9493,8617,8611,8611,8611,8611,9493,2966,8617,8611,8611,8611,8611,9493,2966,1180,1187,1189,8611,8617,9493,2966,2966,9493,2966,2966,9493,2966,9493,2966,3061,8611,8611,8611,8611,5122,8611,5535,2985,883,8611,8611,8611,8611,8611,8611,8611,8611,883,8611,8611,8611,8611,8611,8611,8611,8611,3080,8611,8611,8611,8611,8611,8611,8611,8611,3080,9493,9493,9493,9493,3118,3061,9493,8611,2985,8606,6540,5122,8613,8613,8613,8613,8613,8613,8613,8613,8613,8613,8613,9493,2966,2966,2966,9493,9493,2966,2966,9493,9493,2966,9493,9493,9493,9493,9493,9493,9493,9493,8613,8613,8613,8613,8613,8613,8613,8613,8613,8613,9493,9493,2966,2966,2966,9493,9493,2966,9493,9493,9493,2966,9493,9493,9493,2966,9493,8611,8611,8611,8611,2966,8611,8611,8606,3023,8611,8606,6540,8606,5535,3061,9493,9493,2966,5122,8611,8611,8611,8611,9493,8611,8611,8611,8611,8611,8611,8611,8611,8611,8611,5122,9493,3023,8611,8611,8611,2966,8611,8611,8611,8611,8611,8611,7485,8611,8611,8611,8611,8611,8611,8611,9493,8611,8611,8611,8611,8611,8611,7524,8611,8611,8611,8611,3080,9493,2966,9493,9493,7355,7355,7355,7355,8611,7355,7355,2966,2985,4354,8606,5535,5122,9493,5535,5535,8611,8611,8611,8611,6540,2966,2966,8611,8611,8611,8611,8611,8611,8611,2966,9493,8611,8611,8611,8611,7485,8611,8611,2966,2966,8611,8611,8611,8611,7524,8611,8611,9493,2966,2966,7355,7355,7355,8611,7355,9493,9493,5122,3061,8611,7472,8611,8611,5535,2985,5122,883,8611,8611,8611,8611,8611,883,883,8611,8611,8611,8611,8611,883,3080,8611,8611,7511,7485,8611,3004,9493,8611,7511,7446,8611,8611,2966,2966,8611,8611,8611,8611,8611,9493,3080,2966,1188,8611,8611,8611,1188,9493,3004,9493,9493,9493,8611,8611,7355,9493,9493,2966,9493,8606,8611,8611,8611,8611,8611,5122,8611,9493,9295,8611,8611,8611,8611,8611,8611,8611,9493,8611,8611,8611,8611,8611,8611,8611,8611,2966,8611,8611,8611,8611,8611,8611,8611,8611,2966,3099,9493,2966,9493,9493,3004,8611,8606,8613,8613,8613,8613,8613,8613,8613,8613,8613,8613,8613,9493,2966,9493,9493,9493,9493,9493,9493,9493,8613,2966,9493,2966,2966,9493,2966,9493,9493,2966,8613,8613,8613,8613,8613,8613,8613,8613,8613,8613,9493,9493,9493,9493,9493,9493,9493,2966,9493,2966,9493,2966,2966,2966,9493,2966,8611,8611,8611,8611,9526,8611,8611,8610,9493,8611,8606,6540,8611,5535,8611,9493,2966,9493,2852,8611,8611,8611,8611,136,8611,8611,8611,8200,8611,8611,7485,8611,8611,8611,2966,9493,8611,8611,8611,9493,8611,8611,8611,8611,8611,8611,7524,8611,8611,8611,8611,3023,5122,8611,8611,8611,2966,8611,8611,8611,8611,8611,8611,8611,8611,8611,8611,8611,3080,2966,9493,2966,7355,7355,7355,7355,8611,7355,7355,2966,2985,4354,5535,9525,412,8611,8611,8611,8611,5122,5535,9493,136,8611,8611,8611,8611,7485,8611,8611,9493,9493,8611,8611,8611,8611,7524,8611,8611,2966,2966,8611,8611,8611,8611,8611,8611,8611,9493,3061,9493,7355,7355,7355,8611,7355,2966,2985,9493,8611,7537,4174,8611,8611,2966,9493,8611,7472,4174,8611,8611,9493,9493,8611,8611,4174,7485,8611,9493,2966,8611,8611,4174,7524,8611,9493,9493,8611,7537,4174,8611,8611,9493,9493,8611,7472,4174,8611,8611,9493,9493,8611,8611,4174,8611,8611,9493,9493,9493,9493,8611,4174,7355,9493,8611,3061,8611,8606,8611,4174,8611,5535,8611,8611,883,8611,8611,8611,4174,8611,8611,8611,8611,883,8611,8611,8611,4174,8611,8611,8611,8611,3080,8611,8611,8611,4174,8611,8611,8611,8611,3080,9493,2966,3004,2966,2966,2966,9493,8611,8611,2985,5122,5535,8613,8613,8613,8613,8613,8613,8613,8613,8613,8613,8613,2966,2966,9493,9493,9493,9493,2966,2966,9493,2966,9493,9493,9493,2966,2966,9493,2966,9493,9493,8613,8613,8613,8613,8613,8613,8613,8613,8613,8613,2966,9493,9493,9493,9493,9493,9493,9493,9493,2966,2966,9493,9493,9493,9493,9493,2966,8611,8611,8611,8611,9493,8611,5122,8606,412,8611,8109,7485,5535,5535,2966,9493,9493,2966,2985,8611,8611,8611,8611,9493,8611,8611,8611,8611,8611,8611,7524,8611,8611,5535,5122,2966,5122,8611,8611,8611,9493,8611,8611,8611,8611,8611,8611,8611,8611,8611,8611,8611,2966,8611,8611,8611,9493,8611,8611,8611,8611,8611,8611,8611,8611,8611,8611,8611,5535,3080,9493,9493,9493,2966,7355,7355,7355,7355,8611,7355,7355,2966,2966,4354,5535,8606,2966,8610,8611,8611,8611,7485,5535,8606,2966,5122,9493,8611,8611,8611,8611,7524,8611,8611,9493,9493,8611,8611,8611,8611,8611,8611,8611,9493,9493,8611,8611,8611,8611,8611,8611,8611,9493,9493,9493,7355,7355,7355,8611,7355,9493,9493,3061,8606,8617,8109,8611,8606,2985,883,8611,7537,7459,8611,8611,8611,8611,8611,8611,7498,7459,8611,883,8611,8611,8611,8611,8611,3004,2966,8611,8611,8611,8611,8611,9493,2966,8611,7537,7459,8611,8611,2966,3080,9493,8617,8611,7498,8611,8617,2985,9493,9493,9493,8611,8611,7498,2966,8611,2966,8611,8606,8611,8611,8611,5122,8611,8611,9493,8611,8611,8611,8611,8611,8611,8611,8611,2966,8611,8611,8611,8611,8611,8611,8611,8611,9493,8611,8611,8611,8611,8611,8611,8611,8611,9493,9493,2966,9493,3099,9493,8611,8611,8611,8613,8613,8613,8613,8613,8613,8613,8613,8613,8613,8613,8613,9493,9493,2966,9493,9493,2966,9493,9493,9493,2966,9493,9493,2966,9493,9493,9493,2966,9493,8613,8613,8613,8613,8613,8613,8613,8613,8613,8613,9493,2966,9493,9493,9493,2966,9493,9493,2966,9493,9493,9493,2966,9493,9493,2985,8611,8611,3061,2966,8611,8611,8611,8611,8606,8611,7524,8611,5122,2966,9493,9493,8611,9493,8611,8611,8611,8611,8611,8611,8611,8611,8611,8611,3061,9493,5122,8611,9493,8611,8611,8611,8611,8611,8611,8611,8611,8611,8611,8611,3080,9493,3004,8611,8611,8611,8611,8611,8611,8611,8611,8611,8611,2966,9493,2966,2966,7355,7355,7355,7355,7355,7355,7355,9493,9493,4374,4294,4294,4294,2966,8606,8606,8611,8611,7524,8611,8606,9493,883,8611,8611,8611,8611,8611,8611,8611,8611,883,8611,8611,8611,8611,8611,8611,8611,883,3080,8611,8611,8611,8611,8611,8611,8611,3004,3061,9493,7355,7355,7355,7355,7355,9493,2985,9493,6540,8617,6540,8606,8617,2966,9493,8611,8611,8611,8611,8611,9493,3061,8611,8611,8611,8611,8611,9493,8611,8611,8611,8611,8611,9493,9493,8611,8611,8611,8611,8611,2966,2966,8611,8611,8611,8611,8611,9493,2966,8617,8611,8611,8611,1187,9493,2966,9493,2966,2966,9493,9493,2966,8611,3061,8109,8611,5122,8611,8611,8611,8611,8611,883,8611,8611,8611,8611,8611,8611,8611,8611,883,8611,8606,8611,8611,8611,8611,8611,8611,3080,8611,8606,8611,8611,8611,8611,8611,8611,3080,9493,9493,8606,9493,9493,9493,8611,8611,2985,8606,5122,8613,8613,8613,8613,8613,8613,8613,8613,8613,8613,8613,8613,8613,9493,2966,9493,2966,2966,9493,9493,9493,9493,9493,9493,9493,2966,2966,2966,2966,8613,8613,8613,8613,8613,8613,8613,8613,8613,8613,8613,9493,9493,9493,9493,9493,9493,9493,2966,9493,2966,9493,9493,9493,9493,8611,8611,8611,9493,8617,8611,8611,8611,8611,8611,8606,8611,5535,2966,9493,5122,2966,8611,8611,8611,8611,8611,8611,8611,8611,8611,2966,3099,9493,1188,8611,8611,8611,8611,8611,8611,8611,8611,9493,9493,2966,8611,8611,8611,8611,8611,8611,8611,3042,2966,9493,7355,7355,7355,7355,7355,7355,7355,9493,3099,9493,8606,8611,8611,8611,8611,8610,5535,9493,9493,8611,8611,8611,8611,8611,8611,8611,9493,2966,8611,8611,8611,8611,8611,8611,8611,9493,9493,8617,8611,8611,8611,8611,8611,8611,2966,9493,9493,9493,2966,2966,9493,9493,9493,9493,4234,9493,9493,3099,9493,3099,9493,9493,4194,4234,9493,9493,896,2966,8611,2966,9493,4194,4234,9493,9493,896,9493,896,9493,9493,4194,4234,9493,9493,3118,2966,3118,9493,9493,4194,4234,2966,2966,9493,9493,2966,2966,9493,4194,4234,9493,9493,2966,9493,9493,9493,9493,4194,9493,9493,2966,9493,2966,9493,2966,2966,9493,9493,9493,2966,9493,9493,9493,2966,2966,9493,9493,8606,8606,8611,8606,8606,5535,9493,9493,8606,8611,8611,8611,8611,8611,8611,2966,9493,8611,8611,8611,8611,8611,8611,8611,2966,9493,8611,8611,8611,8611,8611,8611,8611,3023,9493,2966,9493,2966,9493,9493,2966,8611,3099,8613,8613,8613,8613,8613,8613,8613,8613,8613,8613,8613,8613,8613,9493,9493,2966,2966,2966,2966,2966,2966,2966,2966,9493,2966,9493,2966,9493,8613,8613,8613,8613,8613,8613,8613,8613,8613,8613,8613,8613,2966,9493,2966,9493,9493,9493,9493,9493,2966,9493,2966,2966,9493,2966,2966,8611,8606,8611,8611,5122,8611,2966,2985,5122,9493,8611,8611,8611,8611,8611,8611,8611,9493,9493,8611,8611,8611,8611,8611,8611,8611,2966,2966,3004,1188,8611,8611,8611,1187,3080,9493,2966,2966,9493,7355,7355,7355,2966,9493,9493,9493,9493,9493,9715,8611,9715,9493,9493,9493,3099,9493,9493,9716,8611,9715,9493,9493,2966,9493,9493,9715,8611,8611,9493,2966,9493,9493,9493,7355,7355,7355,2966,9493,3004,2966,9493,9493,9493,2966,9493,9493,9493,9493,4254,4254,4254,4254,4254,4254,4254,4254,4254,4254,4254,4254,2966,3118,3118,9493,3061,9493,9493,9493,2966,9493,2966,2966,9493,9493,9493,3099,2966,3099,2966,3099,2966,9493,9493,2966,8611,3099,8611,2966,896,9493,9493,9493,2985,8611,9493,896,9493,896,2966,9493,3099,9493,3118,2966,3118,2966,3118,2966,9493,3080,9493,9493,9493,9493,9493,2966,9493,3061,2985,8613,8613,8613,8613,8613,8613,8613,8613,8613,8613,8613,8613,8613,8613,9493,2966,9493,2966,9493,2966,9493,9493,9493,2966,9493,2966,2966,8613,8613,8613,8613,8613,8613,8613,8613,8613,8613,8613,8613,8613,9493,9493,2966,9493,9493,2966,9493,9493,9493,2966,9493,8617,8109,5122,2966,9493,8617,8611,8611,8611,8611,9493,9493,8611,8611,8611,8611,8611,9493,9493,1189,8611,8611,8611,3042,9493,4374,9493,7355,7355,7355,9493,4314,4374,2966,9715,8606,8606,9493,4314,4374,9493,9715,8611,832,2966,4314,4374,9493,9716,8611,832,2966,4314,2336,9493,7368,7368,7368,2966,2316,9493,9493,9493,3118,3118,3118,3118,9493,3023,3023,3023,3023,8613,8613,8613,8613,8613,8613,8613,8613,8613,8613,8613,8613,8613,8613,8613,9493,9493,9493,2966,9493,9493,2966,2966,2966,9493,8613,8613,8613,8613,8613,8613,8613,8613,8613,8613,8613,8613,8613,8613,8613,9493,9493,9493,9493,9493,9493,9493,9493,3099,9493,9493,9493,2814,2814,2966,9493,2814,9493,9493,3118,3118,3118,2966,9493,7355,7355,7355,9493,9493,8109,8606,8606,9493,9493,8611,8611,8606,9493,2966,8617,8611,8611,2966,2336,2966,7368,7368,7368,2966,2316,8613,8613,8613,8613,8613,8613,8613,8613,8613,8613,8613,8613,8613,8613,8613,8613,8613,9493,9493,9493,9493,9493,2966,8613,8613,8613,8613,8613,8613,8613,8613,8613,8613,8613,8613,8613,8613,8613,8613,8613,3118,3118,9493,9493,3099,2966,2966,3061,2966,896,9493,9493,9493,2966,3118,9493,3118,2496,2346,2346,2346,2346,2346,2506,8613,8613,8613,8613,8613,8613,8613,8613,8613,8613,8613,8613,8613,8613,8613,8613,8613,8613,8613,8613,8613,8613,8613,8613,8613,8613,8613,8613,8613,8613,8613,8613,8613,8613,8613,8613,8613,8613,8613,8613,8613,8613,8613,8613,8613,8613,8613,8613,8613,8613,8613,8613,8613,8613,8613,8613,8613,8613,8613,8613,8613,8613,8613,8613,8613,8613,8613,8613,8613,8613,8613,8613,8613,8613,8613,8613,8613,8613,8613,8613,8613,8613,8613,8613,8613,8613,8613,8613,8613,8613,8613,8613,8613,8613,8613,8613,8613,8613,8613,8613,8613,8613,8613,8613,8613,8613,8613,8613,8613,8613,8613,8613,8613,8613,8613,8613,8613,8613,8613,8613,8613,8613,8613,8613,8613,8613,8613,8613,8613,8613,8613,8613,8613,8613,8613,8613,8613,8613,8613,8613,8613,8613,8613,8613,8613,8613,8613,8613,8613,8613,8613,8613,8613,8613,8613,8613,8613,8613,8613,8613,8613,8613,8613,8613,8613,8613,8613,8613,8613,8613,8613,8613,8613,8613,8613,8613,8613,8613,8613,8613,8613,8613,8613,8613,8613,8613,8613,8613,8613,8613,8613,8613,8613,8613,8613,8613,8613,8613,8613,8613,8613,8613,8613,8613,8613,8613,8613,8613,8613,8613,8613,8613,8613,8613,8613,8613,8613,8613,8613,8613,8613,8613,8613,8613,8613,8613,8613,8613,8613,8613,8613,8613,8613,8613,8613,8613,8613,8613,8613,8613,8613,8613,8613,8613,8613,8613,8613,8613,8613,8613,8613,8613,8613,8613,8613,8613,8613,8613,8613,8613,8613,8613,8613,8613,8613,8613,8613,8613,8613,8613,8613,8613,8613,8613,8613,8613,8613,8613,8613,8613,8613,8613,8613,8613,8613,8613,8613,8613,8613,8613,8613,8613,8613,8613,8613,8613,8613,8613,8613,8613,8613,8613,8613,8613,8613,8613,8613,8613,8613,8613,8613,8613,8613,8613,8613,8613,8613,8613,8613,8613,8613,8613,8613,8613,8613,8613,8613,8613,8613,8613,8613,8613,8613,8613,8613,8613,8613,8613,8613,8613,8613,8613,8613,8613,8613,8613,8613,8613,8613,8613,8613,8613,8613,8613,8613,8613,8613,8613,8613,8613,8613,8613,8613,8613,8613,8613,8613,8613,8613,8613,8613,8613,8613,8613,8613,8613,8613,8613,8613,8613,8613,8613,8613,8613,8613,8613,8613,8613,8613,8613,8613,8613,8613,8613,8613,8613,8613,8613,8613,8613,8613,8613,8613,8613,8613,8613,8613,8613,8613,8613,8613,8613,8613,8613,8613,8613,8613,8613,8613,8613,8613,8613,8613,8613,8613,8613,8613,8613,8613,8613,8613,8613,8613,8613,8613,8613,8613,8613,8613,8613,8613,8613,8613,8613,8613,8613,8613,8613,8613,8613,8613,8613,8613,8613,8613,8613,8613,8613,8613,8613,8613,8613,8613,8613,8613,8613,8613,8613,8613,8613,8613,8613,8613,8613,8613,8613,8613,8613,8613,8613],"DecorIndices":[],"DecorIds":[],"BlockEntities":{"12602382":"!<d@[F*P\\H#QOl.E,TfC%fcS0!<d@[F*ae2#64o6@VfsmCI<#NAHu^]F`__:EWlSfH#R=0@V'('@V'(%AmoReGqF&ZBl7Km1'@i&DffE0AQSp4!!!-.D.Rd%6#L=OAH2]1!!EOIDffE0AQf'6!!!<3@rH1\"ARfgnA,lT","12603406":"!<d@[F*P\\H#QOl.E,TfC%fcS0!<d@[F*ah3#64o6@VfsmCI<#NAI;p\\ATMrFARTY%\"po!]G%GQ5DfU+(#'\"^#Dfg%+!!!!'\"`nKuFE7Zf0`V4S!!!Z5!!!$\"!!!-0FDl80CdVlEDI[8&bY12##6?R[!<<*\"#Rg\\5!<<*\"!!`N]!!*'\"!#>S8!!*'\"!!!6)2?3aX!!!6)!!!$\"!!!!(!B0uZ!!!!4!<<*#!!!!%$Zp</@;J;E@;]Rdc-/jF!!!!&$taEu6>URMCI<#NAI;p\\ATMrFARTY%\"U&pmE+KAdDes5uE-#T$1B\\#$ATMNNDJ*csgCMCj!!","12604430":"!<d@[F*P\\H#QOl.E,TfC%fcS0!<d@[F*ak4#64o6@VfsmCI<#NAHu^]F`__:EWlSfH#R=%@q]:bE\\1^4ARkoKEc6&.FCePS!!!!%$#O6pBL-NKCh;$nq`b2gEc6&.FCeVU!!!!*$\"ImiCh7*uARkc@","2116623":"!<d@[F*P_I#QOl.E,TfC\"TSN&!<d@[F*ae2#64o6@VfsmCI<#NAIW9mDfor.F*)>@@:s-U$#+:#ASuU.Ed7ZiEH>r7FE7Qb!!!3,F)5c:EsD_#!!*'\"!\"oJ9!!*'\"z#n^cfEarZZFDl2.B4Xn[DfBat\":8pVF(djWB5D/6&';Qe$=S$u@:Nt?@:NjNz","2117647":"!<d@[F*P_I#QOl.E,TfC\"TSN&!<d@[F*ah3#64o6@VfsmCI<#NAHu^]F`__:EWlSfH#R=1@rc\"\"AM7P6@<?'4F)>?%Cb9CEDJK@[Ec6&.FCePS!!!!%$#O6pBL-NKCh;\\N(-i!-Ec6&.FCeVU!!!!*$\"ImiCh7*uARkc@","2118671":"!<d@[F*P_I#QOl.E,TfC\"TSN&!<d@[F*ak4#64o6@VfsmCI<#NAI;p\\ATMrFARTY%\"po!]G%GQ5DfU+(#'\"^#Dfg%+!!!!'\"`nKuFE7Zf0`V4S!!!Z5!!!$\"!!!-0FDl80CdVlEDI[8&bY12##6?R[!<<*\"2@]]e!<<*\"!!`N]!!*'\"!\"K#0!!*'\"!!E[ODffE(6YKnG@q>W?!'^Gg!AsiX!!!!8!<<*#!!!!%$Zp</@;J;E@;]Rd_tBrl!!`N_!!*'\"!##A5!!*'\"!!E[ODffE(6YKnG@qEp/9KiF]!B0uZ!!!!0!<<*#!!!!%$Zp</@;J;E@;]Rd!!%O5!!!!&$taEu6>URMCI<#NAI;p\\ATMrFARTY%\"U&pmE+KAdDes5uE-#T$1'@o#ATMNNDJ*csgCHk@!!","3167247":"!<d@[F*P_I#QOl.E,TfC\"onW'!<d@[F*ak4#64o6@VfsmCI<#NAIW`iE+O*4Ed96\\ATMr\"#'+X(FCf=i\"U&pmE+K/mDfd]6","12602383":"!<d@[F*P_I#QOl.E,TfC%fcS0!<d@[F*ae2#64o6@VfsmCI<#NAHu^]F`__:EWlSfH#R=0@V'('@V'(%AmoReGqF&ZBl7Km0a%`%DffE0AQSp4!!!-.D.Rd%6#L=OAH2]1!!EOIDffE0AQf'6!!!<3@rH1\"ARfgnA,lT","12604431":"!<d@[F*P_I#QOl.E,TfC%fcS0!<d@[F*ak4#64o6@VfsmCI<#NAHu^]F`__:EWlSfH#R=%FCAWpAM%>'ARkoKEc6&.FCePS!!!!%$#O6pBL-NKCh;\\NQ9PKWEc6&.FCeVU!!!!*$\"ImiCh7*uARkc@","13653007":"!<d@[F*P_I#QOl.E,TfC&-)\\1!<d@[F*ak4#64o6@VfsmCI<#NAHu^]F`__:EWlSfH#R=!B5DKqAMOAnEc6&.FCePS!!!!%$#O6pBL-NKCh;\\N(-i!-Ec6&.FCeVU!!!!*$\"ImiCh7*uARkc@","2114576":"!<d@[F*PbJ#QOl.E,TfC\"TSN&!<d@[F*a_0#64o6@VfsmCI<#NAJAZqH\"19'@psG\"/SK9D@;^!tA2+0\"FE1f-F(o`1Df/*aF`MOsAS-#az!:[`*'Pq3!F@0_Q@r\"AP<,ZkeCd_]WF4)g-oMi4b5QC","2118672":"!<d@[F*PbJ#QOl.E,TfC\"TSN&!<d@[F*ak4#64o6@VfsmCI<#NAHu^]F`__:EWlSfH#R=4@rc\"\"AM7P6@<?'4F)>?%Cb9^M@:O(aA-<-XDffE0AQSp4!!!-.D.Rd%6#L=OA`V#M5Qh=4DffE0AQf'6!!!<3@rH1\"ARfgnA,lT","2119696":"!<d@[F*PbJ#QOl.E,TfC\"TSN&!<d@[F*an5#64o6@VfsmCI<#NAHu^]F`__:EWlSfH#R=(FCAWpAM%qFBl7Km2$=/)DffE0AQSp4!!!-.D.Rd%6#L=OA`2r/5Qh=4DffE0AQf'6!!!<3@rH1\"ARfgnA,lT","2120720":"!<d@[F*PbJ#QOl.E,TfC\"TSN&!<d@[F*aq6#64o6@VfsmCI<#NAIiTq@s)j7DImm2/Rr4%AH<'R@<b.XF`):*!!!!%%;B^%ATDs&Ce/JeEcZK^2EqNVASuU(FEp5lA7]f_!!!!.Ci<g+F*'!CEc5iAAH;jW1&M\"NrrE1H1&M\"NrrE1I1&M\"NrrE1G1'IXX!!*.H1'.FU!!*.I1'IXX!!*RHBl6a`@<lF);IOHUAL%6U!!*RH@<bUb@<lF);IOHUAcMf1rrEUNE+*s.;IOHUAPI)RAH;c2!!*FJE+*s.6Z7*bF8u:@!!s?\\E+*s.:Msuo6\"Y4ME_1+eDfTq\"!>]BeBln&tCf,=`DKKT7GuJZjGA^u&z!>K6cBln&tCf>:]GA^9#@;^1$FEn/m!!!$+B6%p5E)UIsAHMo4!!s$W@<5\"WE,Tc=ARkcC'5V)uFAm-eGA^AuFCAuVDfp)AzT?L;$!>&s_FCfK1@;J;>E+*6jFEn2n!!!*2Bl8$(Ec,<%6YKnKB4V&Cz*'aT:Eb/`o@<-!l:h=Z<Dfp(#!!&[[RCPNa)Jii'F@0_MEbAr`E+EC!AQ3Si@;JJQF`MO'!!!\"kbZ-q>%s)\\uGA^u&7;d3]FD5<-!WW3#n7)J!zm:-.sz!X<=LEb%aP\"TSN&z!>0$`F(o/r9Q+E`F*'cfF`):3z","3163152":"!<d@[F*PbJ#QOl.E,TfC\"onW'!<d@[F*a_0#64o6@VfsmCI<#NAHu^]F`__:EWlSfH#R=/@q]:bDK@IJ@;]L`Ch7Z>G@><(\":&scFCB9&=9&=$!!EUFATMNNDJ*csgCMCj\":&scFCB9&=o\\O&!!rsADes6$@ru9m!!!","7360528":"!<d@[F*PbJ#QOl.E,TfC$31&+!<d@[F*ah3#64o6@VfsmCI<#NAHu^]F`__:EWlSfH#R=,D.R3j@;]dhF\"METBl7Km1^\"&(DffE0AQSp4!!!-.D.Rd%6#L=OA`V#M5Qh=4DffE0AQf'6!!!<3@rH1\"ARfgnA,lT","12602384":"!<d@[F*PbJ#QOl.E,TfC%fcS0!<d@[F*ae2#64o6@VfsmCI<#NAHu^]F`__:EWlSfH#R=#@WGn'Bk;<A\":&scFCB9&=9&=$!!EUFATMNNDJ*csgCHk?\":&scFCB9&=o\\O&!!rsADes6$@ru9m!!!","12604432":"!<d@[F*PbJ#QOl.E,TfC%fcS0!<d@[F*ak4#64o6@VfsmCI<#NAHu^]F`__:EWlSfH#R=,D.R3j@;]dhF\"METBl7Km1^\"&(DffE0AQSp4!!!-.D.Rd%6#L=OA_Ra;56M43DffE0AQf'6!!!<3@rH1\"ARfgnA,lT","2116625":"!<d@[F*PeK#QOl.E,TfC\"TSN&!<d@[F*ae2#64o6@VfsmCI<#NAHu^]F`__:EWlSfH#R=%@q]:bE\\1^4ARkoKEc6&.FCePS!!!!%$#O6pBL-NKCh;?38\\bH6Ec6&.FCeVU!!!!*$\"ImiCh7*uARkc@","2117649":"!<d@[F*PeK#QOl.E,TfC\"TSN&!<d@[F*ah3#64o6@VfsmCI<#NAHu^]F`__:EWlSfH#R=%FCAWpAM%>'ARkoKEc6&.FCePS!!!!%$#O6pBL-NKCh;Pl00fXFEc6&.FCeVU!!!!*$\"ImiCh7*uARkc@","2120721":"!<d@[F*PeK#QOl.E,TfC\"TSN&!<d@[F*aq6#64o6@VfsmCI<#NAHu^]F`__:EWlSfH#R=0@rc\"\"AM7P6@<?'4Cgh?sAM%q@F9DhhDffE0AQSp4!!!-.D.Rd%6#L=OA`2r/5Qh=4DffE0AQf'6!!!<3@rH1\"ARfgnA,lT","3166225":"!<d@[F*PeK#QOl.E,TfC\"onW'!<d@[F*ah3#64o6@VfsmCI<#NAHu^]F`__:EWlSfH#R=5@rc\"\"AM7P6@<?'4D.R6lF_r^LDfg)4Ed7cmEc6&.FCePS!!!!%$#O6pBL-NKCh;$nq`b2gEc6&.FCeVU!!!!*$\"ImiCh7*uARkc@","7362577":"!<d@[F*PeK#QOl.E,TfC$31&+!<d@[F*an5#64o6@VfsmCI<#NAJAZqH\"19'@psG\"/SK9D@;^!tA2+0\"FE1f-F(o`1Df/*aF`MOsAS-#az!:[`*'Pq3!F@0_Q@r\"AP<,ZkeCd_]WF4)g-oMi4b5QC","12602385":"!<d@[F*PeK#QOl.E,TfC%fcS0!<d@[F*ae2#64o6@VfsmCI<#NAK>8sF`__:Eb/cjDf9E4BOu!l/R`:'A78tV@qf?T\"E\\p.AKtZ&DejE-AScO$F\"_!@DejE-ASbs1Ecl)6ARmB)F_kkK2$=/)DffE0AQSp4!!!-.D.Rd%6#L=OAH2]1!!EOIDffE0AQf'6!!!<3@rH1\"ARfgnA,lc<G%#E*@;^/iBOP^h\"U0!nE+Ld)!!","13650961":"!<d@[F*PeK#QOl.E,TfC&-)\\1!<d@[F*ae2#64o6@VfsmCI<#NAK#&pF`__:Eb/cjDf9E4BOu!lGA2/4Ci=?*\"U&pmE+LD+Df9E4BOu\"'ATKM6Df9E4BOu!l/TPuJDIm?1Ap%p+/So?GAMsYrEc6&.FCePS!!!!%$#O6pBL-NKCh3SH!!!-,Ec6&.FCeVU!!!!*$\"ImiCh7*uARkcE#BjNrBjkn$\"DD4[Ad&?[H#R=M!!NXEDfTDVDe*D_C2[uuErZ","20988945":"!<d@[F*PeK#QOl.E,TfC(B=F8!<d@[F*a_0#64o6@VfsmCI<#NAK#&pF`__:Eb/cjDf9E4BOu!lGA2/4Ci=?*\"U&pmE+LD+Df9E4BOu\"'ATKM6Df9E4BOu!l/TPuJDIm?1Ap%p+/So?GAMXGoEc6&.FCePS!!!!%$#O6pBL-NKCh;?3aZfn5Ec6&.FCeVU!!!!*$\"ImiCh7*uARkcE#BjNrBjkn$\"DD4[Ad&?[H#R=M!!NXEDfTDVDe*D_C2[uuErZ","20989969":"!<d@[F*PeK#QOl.E,TfC(B=F8!<d@[F*ab1#64o6@VfsmCI<#NAK>8sF`__:Eb/cjDf9E4BOu!l/R`:'A78tV@qf?T\"E\\p.AKkT%DejE-AScO$F\"_!@DejE-ASbs1Ecl)6ARmB)F_kkQ\":&scFCB9&=9&=$!!EUFATMNNDJ*csgCMCj\":&scFCB9&=o\\O&!!rsADes6$@ru9m!!NUN@<-'jDKH\"p@;KNZ\"a#$/AMO5c","20990993":"!<d@[F*PeK#QOl.E,TfC(B=F8!<d@[F*ae2#64o6@VfsmCI<#NAK>8sF`__:Eb/cjDf9E4BOu!l/R`:'A78tV@qf?T\"E\\p.AKkT%DejE-AScO$F\"_!@DejE-ASbs1Ecl)6ARmB)F_kkR\":&scFCB9&=9&=$!!EUFATMNNDJ*csgCMCj\":&scFCB9&=o\\O&!!rsADes6$@ru9m!!NUN@<-'jDKH\"p@;KNZ\"a#$/AMO5c","20992017":"!<d@[F*PeK#QOl.E,TfC(B=F8!<d@[F*ah3#64o6@VfsmCI<#NAHu^]F`__:EWlSfH#R=8@W-1#F(f-$G%G_JCh7*uF`M@O@W-1#/T5T>D?L2bDffE0AQSp4!!!-.D.Rd%6#L=OA_Ra;56M43DffE0AQf'6!!!<3@rH1\"ARfgnA,lT","22037521":"!<d@[F*PeK#QOl.E,TfC(]XO9!<d@[F*a_0#64o6@VfsmCI<#NAK>8sF`__:Eb/cjDf9E4BOu!l/R`:'A78tV@qf?T\"E\\p.AKkT%DejE-AScO$F\"_!@DejE-ASbs1Ecl)6ARmB)F_kkP\":&scFCB9&=9&=$!!EUFATMNNDJ*csgCMCj\":&scFCB9&=o\\O&!!rsADes6$@ru9m!!NUN@<-'jDKH\"p@;KNZ\"a#$/AMO5c","2118674":"!<d@[F*PhL#QOl.E,TfC\"TSN&!<d@[F*ak4#64o6@VfsmCI<#NAHu^]F`__:EWlSfH#R='Ecki#Ch52BDf9/C\":&scFCB9&=9&=$!!EUFATMNNDJ*csjNA<(\":&scFCB9&=o\\O&!!rsADes6$@ru9m!!!","2119698":"!<d@[F*PhL#QOl.E,TfC\"TSN&!<d@[F*an5#64o6@VfsmCI<#NAHu^]F`__:EWlSfH#R='Ecki#Ch52BDf9/@\":&scFCB9&=9&=$!!EUFATMNNDJ*csi9`0_\":&scFCB9&=o\\O&!!rsADes6$@ru9m!!!","7359506":"!<d@[F*PhL#QOl.E,TfC$31&+!<d@[F*ae2#64o6@VfsmCI<#NAHu^]F`__:EWlSfH#R=4@rc\"\"AM7P6@<?'4F)>?%Cb9[MBl7Km1B[r'DffE0AQSp4!!!-.D.Rd%6#L=OA_Ra;^'\"[]DffE0AQf'6!!!<3@rH1\"ARfgnA,lT","7362578":"!<d@[F*PhL#QOl.E,TfC$31&+!<d@[F*an5#64o6@VfsmCI<#NAHu^]F`__:EWlSfH#R=0E+s-\"/U),OA9Vs4CM@[!FDl)6Es)_gDffE0AQSp4!!!-.D.Rd%6#L=OA_Ra;56M43DffE0AQf'6!!!<3@rH1\"ARfgnA,lT","7363602":"!<d@[F*PhL#QOl.E,TfC$31&+!<d@[F*aq6#64o6@VfsmCI<#NAHu^]F`__:EWlSfH#R='Ecki#Ch52BDf9/C\":&scFCB9&=9&=$!!EUFATMNNDJ*csdSp$-\":&scFCB9&=o\\O&!!rsADes6$@ru9m!!!","12605458":"!<d@[F*PhL#QOl.E,TfC%fcS0!<d@[F*an5#64o6@VfsmCI<#NAIW9mDfor.F*)>@@:s-U$#+:#ASuU.Ed7ZiEH>r7FE7Qb!!!3,F)5c:EsD_#!!*'\"!8.PV!!*'\"z#n^cfEarZZFDl2.B4Xn[DfBat\":8pVF(djWB5D,Z!!!!\"$=S$u@:Nt?@:NjMz","18892818":"!<d@[F*PhL#QOl.E,TfC'`\\46!<d@[F*ab1#64o6@VfsmCI<#NAIiTq@s)j7DImm2/Rr4%AH<'R@<b.XF`):*!!!!%%;B^%ATDs&Ce/JeEcY'mr]UYsASuU(FEp5lA7]f_!!!!.Ci<g+F*'!CEc5iAAH;jW1&M\"NrrE1H1&M\"NrrE1I1&M\"NrrE1G1'IXX!!*.H1'.FU!!*.I1'IXX!!*RHBl6a`@<lF);IOHUAL%6U!!*RH@<bUb@<lF);IOHUAcMf1rrEUNE+*s.;IOHUAPI)RAH;c2!!*FJE+*s.6Z7*bF8u:@!!s?\\E+*s.:Msuo6\"Y4ME_1+eDfTq\"!>]BeBln&tCf,=`DKKT7GuJZjGA^u&z!>K6cBln&tCf>:]GA^9#@;^1$FEn#i!!!$+B6%p5E)UIsAHVu5!!s$W@<5\"WE,Tc=ARkcC'5V)uFAm-eGA^AuFCAuVDfp)AzT?L;$!>&s_FCfK1@;J;>E+*6jFEn2n!!!*2Bl8$(Ec,<%6YKnKB4V&Cz*'aT:Eb/`o@<-!l:h=Z<Dfp(#!!&[[RCPNa)Jii'F@0_MEbAr`E+EC!AQ3Si@;JJQF`MO'!!!\"kbZ-q>%s)\\uGA^u&7;d3]FD5<-!rr<$nRDS\"zmUH7tzo4%e$z!X<=LEb%aP\"onW'z!>0$`F(o/r9Q+E`F*'cfF`):3z","26232850":"!<d@[F*PhL#QOl.E,TfC)uos=!<d@[F*ab1#64o6@VfsmCI<#NAHu^]F`__:EWlSfH#R=4@rc\"\"AM7P6@<?'4F)>?%Cb9[MBl7Km1'@i&DffE0AQSp4!!!-.D.Rd%6#L=OA_Ra;56M43DffE0AQf'6!!!<3@rH1\"ARfgnA,lT","26233874":"!<d@[F*PhL#QOl.E,TfC)uos=!<d@[F*ae2#64o6@VfsmCI<#NAHcRa@<?&b$#+:#ASuU.Ed7ZiEH>r7FE7un!!!3,F)5c:ErZ1D$taEu6>URMCI<#NAHcRa@<?&a\"`.UVAS_>M\"E\\p.AI3R!De(G.B4YTV$#O6pBL-NKCh;$nq`b)gCggdaCdW,WDfPgX!!!0.Ch[EYFCB9&#%MIfF(Jke$>a-[ASb:e@:O'R!!","2114579":"!<d@[F*PkM#QOl.E,TfC\"TSN&!<d@[F*a_0#64o6@VfsmCI<#NAHu^]F`__:EWlSfH#R=%@q]:bE\\2*GDJ'(WEc6&.FCePS!!!!%$#O6pBL-NKCh;\\NQG3P-Ec6&.FCeVU!!!!*$\"ImiCh7*uARkc@","2117651":"!<d@[F*PkM#QOl.E,TfC\"TSN&!<d@[F*ah3#64o6@VfsmCI<#NAHu^]F`__:EWlSfH#R=4@rc\"\"AM7P6@<?'4F)>?%Cb9^M@:O(aA-<-XDffE0AQSp4!!!-.D.Rd%6#L=OA`2r/5Qh=4DffE0AQf'6!!!<3@rH1\"ARfgnA,lT","2118675":"!<d@[F*PkM#QOl.E,TfC\"TSN&!<d@[F*ak4#64o6@VfsmCI<#NAHcRa@<?&b$#+:#ASuU.Ed7ZiEH>r7FE7un!!!3,F)5c:EsD_\"!!*'\"!!NH)!#GV8z\"Uo!]E^FS\\@r\"GMA7YpSEaa'$\"U/^N@V'?U\"U&pmE+K?\"Df9/<@:s.^\":8pVF(djWB5D/;m4Z6U$>a-[ASa_PCi==o!!!!&#]+3c;flGiAHlX\\Df]K##7>9U@V'@SFCAZp!<<","2119699":"!<d@[F*PkM#QOl.E,TfC\"TSN&!<d@[F*an5#64o6@VfsmCI<#NAHu^]F`__:EWlSfH#R='Ecki#Ch52BDf9/A\":&scFCB9&=9&=$!!EUFATMNNDJ*csgCHlk\":&scFCB9&=o\\O&!!rsADes6$@ru9m!!!","7353363":"!<d@[F*PkM#QOl.E,TfC$31&+!<d@[F*aS,#64o6@VfsmCI<#NAHu^]F`__:EWlSfH#R=4@rc\"\"AM7P6@<?'4F)>?%Cb9^M@:O(aA-<-XDffE0AQSp4!!!-.D.Rd%6#L=OA`V#M^]Xm_DffE0AQf'6!!!<3@rH1\"ARfgnA,lT","7363603":"!<d@[F*PkM#QOl.E,TfC$31&+!<d@[F*aq6#64o6@VfsmCI<#NAHcRa@<?&b$#+:#ASuU.Ed7ZiEH>r7FE7un!!!3,F)5c:EsD_\"!!*'\"!5es?!'gMaz\"Uo!]E^FS\\@r\"GMA7YpSEaa'$\"U/^N@V'?U\"U&pmE+K?\"Df9/<@:s.^\":8pVF(djWB5D/;m4Z6U$>a-[ASa_PCi==o!!!!&#]+3c;flGiAHlX\\Df]K##7>9U@V'@SFCAZp!<<","20988947":"!<d@[F*PkM#QOl.E,TfC(B=F8!<d@[F*a_0#64o6@VfsmCI<#NAHu^]F`__:EWlSfH#R=7FCAWpAM%_:DJ(PFBln#?@r-(*BJ\"1GEc>i+\":&scFCB9&=9&=$!!EUFATMNNDJ*csgCMCj\":&scFCB9&=o\\O&!!rsADes6$@ru9m!!!","22037523":"!<d@[F*PkM#QOl.E,TfC(]XO9!<d@[F*a_0#64o6@VfsmCI<#NAI<0jDIIT<Cgh1\"\"U&pmE+Kr(BkM+$F)Q2A@q@<3DD,gKD.tS6Ci=643!9J,DffE0AQSp4!!!-.D.Rd%6#L=OA_Ra;4p2+2DffE0AQf'6!!!<3@rH1\"ARfgnA,lc@DImp6DfTV\\De*DZ!!","26232851":"!<d@[F*PkM#QOl.E,TfC)uos=!<d@[F*ab1#64o6@VfsmCI<#NAHu^]F`__:EWlSfH#R=4@rc\"\"AM7P6@<?'4F)>?%Cb9UEFED)7Gm\"@mDffE0AQSp4!!!-.D.Rd%6#L=OA_Ra;4p2+2DffE0AQf'6!!!<3@rH1\"ARfgnA,lT","2111508":"!<d@[F*PnN#QOl.E,TfC\"TSN&!<d@[F*aV-#64o6@VfsmCI<#NAIi<iDfRFNDes,u/R`:'A-<6[DffE0AQ_o>AD7Vd^^13`E+NouA,loFBl8**Ecai\\DIdQpErZ1","2114580":"!<d@[F*PnN#QOl.E,TfC\"TSN&!<d@[F*a_0#64o6@VfsmCI<#NAIW9mDfor.F*)>@@:s-U$#+:#ASuU.Ed7ZiEH>r7FE7Qb!!!3,F)5c:EsD_\"!!*'\"!)*Rs!!*'\"z#n^cfEarZZFDl2.B4Xn[DfBat\":8pVF(djWB5D,Z!!!!\"$=S$u@:Nt?@:NjMz","2117652":"!<d@[F*PnN#QOl.E,TfC\"TSN&!<d@[F*ah3#64o6@VfsmCI<#NAHu^]F`__:EWlSfH#R=9@rc\"\"AM7P6@<?'4D.R6lF_r^LDfg)4Ed96FCifdbEc6&.FCePS!!!!%$#O6pBL-NKCh;Pl0>I\\qEc6&.FCeVU!!!!*$\"ImiCh7*uARkc@","2118676":"!<d@[F*PnN#QOl.E,TfC\"TSN&!<d@[F*ak4#64o6@VfsmCI<#NAHcRa@<?&b$#+:#ASuU.Ed7ZiEH>r7FE7un!!!3,F)5c:EsD_\"z!1k>6!\"/c,!!NLIH#R='CggjbATBA2B4YU1!!!!&$taEu6>URMCI<#NAHcRa@<?&a\"`.UVAS_>M\"E\\p.AI3R!De(G.B4YTV$#O6pBL-NKCh;?3aZ]_4CggdaCdW,WDfPgX!!!0.Ch[EYFCB9&#%MIfF(Jke$>a-[ASb:e@:O'R!!","3164180":"!<d@[F*PnN#QOl.E,TfC\"onW'!<d@[F*ab1#64o6@VfsmCI<#NAIN0bEb03(F=h!@Ch*_VBl8**DKKf;Gl\\+hF)5c:EsD[F!!WUJCi=E:!!!-7Ap&-3@:NkJASlBtEaa'4Eb,4NTKrSgD..ZgASlBtEaa'4Eb,4N!!!-3DfTDVDf9E*DJ)p_D.N\\I!!!-1Ap%[$6?R<d<,$2\\z\":o?XGXcgeCdN8bDH(=eAH2]1!!=!JG][Y;B6@p0BOt^RDffE(88iWkErZ1?z!!s*E@;\\YLDJ=3(7Wi9Y!!EX=@:Nt^A4C]QC]FG8!!!","7356436":"!<d@[F*PnN#QOl.E,TfC$31&+!<d@[F*a\\/#64o6@VfsmCI<#NAJerrDfRFNCh70n/U(oHA8c['A1_5&ARkoNEc6&.FCeTQ@:T?<!!!<0DfB9*ARkcI%;B^'ATDl`@;]UlATIhO","7357460":"!<d@[F*PnN#QOl.E,TfC$31&+!<d@[F*a_0#64o6@VfsmCI<#NAJAZqH\"19'@psG\"/SK9D@;^!tA246#FE1f-F(o`1Df/*aF`MOsAS-#az!:[`*'Pq3!F@0_Q@r\"AP<,ZkeCd_]WF4)g-oMi4b5QC","20989972":"!<d@[F*PnN#QOl.E,TfC(B=F8!<d@[F*ab1#64o6@VfsmCI<#NAHu^]F`__:EWlSfH#R=*@V'('@V'(%Ecl)6ARmLu#BFa)@<?'_z\":8pVF(djWB5D/6%nStg#BFa)@<?'az#mk*[Ci!ZmFCet_!!","2114581":"!<d@[F*PqO#QOl.E,TfC\"TSN&!<d@[F*a_0#64o6@VfsmCI<#NAHu^]F`__:EWlSfH#R=#@WGn'Bk;<@\":&scFCB9&=9&=$!!EUFATMNNDJ*csdSp%X\":&scFCB9&=o\\O&!!rsADes6$@ru9m!!!","2115605":"!<d@[F*PqO#QOl.E,TfC\"TSN&!<d@[F*ab1#64o6@VfsmCI<#NAJAZqH\"19'@psG\"/SK9D@;^!tA246#FE1f-F(o`1Df/*aF`MOsAS-#az!:[`*'Pq3!F@0_Q@r\"AP<,ZkeCd_]WF4)g-oMi4b5QC","2117653":"!<d@[F*PqO#QOl.E,TfC\"TSN&!<d@[F*ah3#64o6@VfsmCI<#NAI;p\\ATMrFARTY%\"po!]G%GQ5DfU+(#'\"^#Dfg%+!!!!'\"`nKuFE7Zf0E;+R!!!$#!!!$\"!!!$&F('6'!<<*\"\"pT-j@:O(,#6f0j@:O'Qz!<W<%!<<*\"\"U&pmE+K5kDfT]'C]FSB@q]:g@q>W?5X>AS#'4lp@r!e(\"`nco@qu&E!!!!#!rr<%!!!!&\"E\\p.AHm$jEc#6$!!EL9BOPdgAH2]q5l_)nF*(i#CGH+uF*(i#CB+>7!!!*'!!!$\"!!!0*FEqh:#&\\@\"D..5\\\"9r@L@;]Rd!!#8M!!WXKFCAZp1C\"))FCAZpz!!EB(!!*'\"!!NLIH#R=!DJsQ4@;GoH#%M=TDI[5X!'igM\"pT-j@:O(0#6f0j@:O'Qz\"p4i*!<<*\"\"U&pmE+K5kDfT]'C]FSB@q]:g@q>W?+@,u3#'4lp@r!q,\"`nco@qu&Ez!rr<%!!!!&\"E\\p.AHm$jEc#6$!!EL9BOPdgAH2]q5l_)nF*(i#CGlD$F*(i#CB+>7!!$:+!!!$\"!!!!%#%M=TDI[5X!$FQ-\"pT-j@:O(3#6f0j@:O'QzPl^pc!<<*\"!!EL9BOPdgAH2]Q5l_)nF*(i#CH)P&F*(i#CB+>7!!)3`!!!*$!!!!%#%M=TDI[5X!$FQ-\"pT-j@:O(5#6f0j@:O'QzkQ(Y`!rr<$!!EL9BOPdgAH2]Q5l^li!AXWU!!!!4!<<*#z#6?U\\!<<*\"&-2b2!<<*\"!!`N^!!*'\"!!30$!!*'\"!!!6)2?3aX!!!0'!!!$\"z!!NdCDfS0\\De!QMDe*Dd@q]FpF=h'4F*%QgFEqh:$=e!jCgh:(ARmS\"$#O6pBL-NKCh;\\NQ9P?","7355413":"!<d@[F*PqO#QOl.E,TfC$31&+!<d@[F*aY.#64o6@VfsmCI<#NAHu^]F`__:EWlSfH#R=%@q]:bE\\2*GDJ'(WEc6&.FCePS!!!!%$#O6pBL-NKCh;\\NQG3P-Ec6&.FCeVU!!!!*$\"ImiCh7*uARkc@","7357461":"!<d@[F*PqO#QOl.E,TfC$31&+!<d@[F*a_0#64o6@VfsmCI<#NAIW9mDfor.F*)>@@:s-U$#+:#ASuU.Ed7ZiEH>r7FE7Qb!!!3,F)5c:EsD_#!!*'\"!%J0Q!!*'\"z#n^cfEarZZFDl2.B4Xn[DfBat\":8pVF(djWB5D/6%nT\"e$=S$u@:Nt?@:NjKz","7363605":"!<d@[F*PqO#QOl.E,TfC$31&+!<d@[F*aq6#64o6@VfsmCI<#NAHu^]F`__:EWlSfH#R=4@rc\"\"AM7P6@<?'4F)>?%Cb9[MBl7Km1B[r'DffE0AQSp4!!!-.D.Rd%6#L=OA^XNS56M43DffE0AQf'6!!!<3@rH1\"ARfgnA,lT","12601365":"!<d@[F*PqO#QOl.E,TfC%fcS0!<d@[F*ab1#64o6@VfsmCI<#NAHu^]F`__:EWlSfH#R=4@rc\"\"AM7P6@<?'4F)>?%Cb9^M@:O(aA-<-XDffE0AQSp4!!!-.D.Rd%6#L=OA`V%#^B=d^DffE0AQf'6!!!<3@rH1\"ARfgnA,lT","12603413":"!<d@[F*PqO#QOl.E,TfC%fcS0!<d@[F*ah3#64o6@VfsmCI<#NAI;p\\ATMrFARTY%\"po!]G%GQ5DfU+(#'\"^#Dfg%+!!!!'\"`nKuFE7Zf0`V4S!!!f9!!!$\"!!!-0FDl80CdVlEDI[7qor(%S#6?R[!<<*\"&-2b2!<<*\"\":K<iFCAuQBOPdgA^/Fm4obfg1B7FU!!!H/!!!$\"!!!-0FDl80CdVlEDI[7qor(%S#6?X]!<<*\"2\\#ff!<<*\"!!`N^!!*'\"!##A5!!*'\"!!E[ODffE(6YKnG@qEp/9KiF]!B0uZ!!!!4!<<*#!!!!%$Zp</@;J;E@;]Rdc-/jF!!!!&$taEu6>URMCI<#NAI;p\\ATMrFARTY%\"U&pmE+KAdDes5uE-#T$1B\\#$ATMNNDJ*csz!!","12605461":"!<d@[F*PqO#QOl.E,TfC%fcS0!<d@[F*an5#64o6@VfsmCI<#NAHu^]F`__:EWlSfH#R=3@rc\"\"AM7P6@<?'4D.R6lF_r^AD/aTB\":&scFCB9&=9&=$!!EUFATMNNDJ*csjNA=S\":&scFCB9&=o\\O&!!rsADes6$@ru9m!!!","20989973":"!<d@[F*PqO#QOl.E,TfC(B=F8!<d@[F*ab1#64o6@VfsmCI<#NAHu^]F`__:EWlSfH#R=%@<-4!Ci!O#GqfF,Ec6&.FCePS!!!!%$#O6pBL-NKCh;?38\\YB5Ec6&.FCeVU!!!!*$\"ImiCh7*uARkc@","2116630":"!<d@[F*PtP#QOl.E,TfC\"TSN&!<d@[F*ae2#64o6@VfsmCI<#NAHu^]F`__:EWlSfH#R='Ecki#Ch52BDf9/B\":&scFCB9&=9&=$!!EUFATMNNDJ*csi9`25\":&scFCB9&=o\\O&!!rsADes6$@ru9m!!!","7357462":"!<d@[F*PtP#QOl.E,TfC$31&+!<d@[F*a_0#64o6@VfsmCI<#NAHu^]F`__:EWlSfH#R=%@q]:bE\\1^4ARkoKEc6&.FCePS!!!!%$#O6pBL-NKCh;?3ahIr`Ec6&.FCeVU!!!!*$\"ImiCh7*uARkc@","7358486":"!<d@[F*PtP#QOl.E,TfC$31&+!<d@[F*ab1#64o6@VfsmCI<#NAHu^]F`__:EWlSfH#R=6FCAWpAM%_:DJ(PFBln#?@:NeYF)u8?Bk;>g#BFa)@<?'_z\":8pVF(djWB5D/-;u=<4#BFa)@<?'az#mk*[Ci!ZmFCet_!!","7363606":"!<d@[F*PtP#QOl.E,TfC$31&+!<d@[F*aq6#64o6@VfsmCI<#NAHu^]F`__:EWlSfH#R=*@V'('@V'(%Ecl)6ARmLu#BFa)@<?'_z\":8pVF(djWB5D/6%nXP>#BFa)@<?'az#mk*[Ci!ZmFCet_!!","12601366":"!<d@[F*PtP#QOl.E,TfC%fcS0!<d@[F*ab1#64o6@VfsmCI<#NAHcRa@<?&b$#+:#ASuU.Ed7ZiEH>r7FE7un!!!3,F)5c:EsD_\"!!*'\"!)*Cn!%7gIz\"Uo!]E^FS\\@r\"GMA7YpSEaa'$\"U/^N@V'?U\"U&pmE+K?\"Df9/<@:s.^\":8pVF(djWB5D/-;u=<1$>a-[ASa_PCi==o!!!!&#]+3c;flGiAHlX\\Df]K##7>9U@V'@SFCAZp!<<","12603414":"!<d@[F*PtP#QOl.E,TfC%fcS0!<d@[F*ah3#64o6@VfsmCI<#NAHcRa@<?&b$#+:#ASuU.Ed7ZiEH>r7FE7un!!!3,F)5c:EsD_\"!!*'\"!7(fK!$qUFz\"Uo!]E^FS\\@r\"GMA7YpSEaa'$\"U/^N@V'?U\"U&pmE+K?\"Df9/<@:s.^\":8pVF(djWB5D/;m4Z6U$>a-[ASa_PCi==o!!!!&#]+3c;flGiAHlX\\Df]K##7>9U@V'@SFCAZp!<<","12604438":"!<d@[F*PtP#QOl.E,TfC%fcS0!<d@[F*ak4#64o6@VfsmCI<#NAHu^]F`__:EWlSfH#R=,D.R3j@;]dhF\"METBl7Km1B[r'DffE0AQSp4!!!-.D.Rd%6#L=OA`V%#^B=d^DffE0AQf'6!!!<3@rH1\"ARfgnA,lT","20988950":"!<d@[F*PtP#QOl.E,TfC(B=F8!<d@[F*a_0#64o6@VfsmCI<#NAI;p\\ATMrFARTY%\"po!]G%GQ5DfU+(#'\"^#Dfg%'!!!!'\"`nKuFE7Zf0E;+R!!\"tg!!!$\"!!!!(!AOQT!!!!(!<<*#z#6?R[!<<*\"&cht4!<<*\"!!!!&$taEu6>URMCI<#NAI;p\\ATMrFARTY%\"U&pmE+K5dDerrqD?L8_ATMNNDJ*csgCME?!!","23087126":"!<d@[F*PtP#QOl.E,TfC)#sX:!<d@[F*ab1#64o6@VfsmCI<#NAHu^]F`__:EWlSfH#R='CggjbATBA2B4YU2\":&scFCB9&=9&=$!!EUFATMNNDJ*csgCME@\":&scFCB9&=o\\O&!!rsADes6$@ru9m!!!","24135702":"!<d@[F*PtP#QOl.E,TfC)?9a;!<d@[F*ab1#64o6@VfsmCI<#NAHu^]F`__:EWlSfH#R='CggjbATBA2B4YU.\":&scFCB9&=9&=$!!EUFATMNNDJ*csgCME@\":&scFCB9&=o\\O&!!rsADes6$@ru9m!!!","25184278":"!<d@[F*PtP#QOl.E,TfC)ZTj<!<d@[F*ab1#64o6@VfsmCI<#NAHu^]F`__:EWlSfH#R='CggjbATBA2B4YU1\":&scFCB9&=9&=$!!EUFATMNNDJ*csgCME@\":&scFCB9&=o\\O&!!rsADes6$@ru9m!!!","26232854":"!<d@[F*PtP#QOl.E,TfC)uos=!<d@[F*ab1#64o6@VfsmCI<#NAHu^]F`__:EWlSfH#R='CggjbATBA2B4YU2\":&scFCB9&=9&=$!!EUFATMNNDJ*csgCME@\":&scFCB9&=o\\O&!!rsADes6$@ru9m!!!","2119703":"!<d@[F*Q\"Q#QOl.E,TfC\"TSN&!<d@[F*an5#64o6@VfsmCI<#NAHu^]F`__:EWlSfH#R=(FCAWpAM%qFBl7Km2?X8*DffE0AQSp4!!!-.D.Rd%6#L=OA`2r/^]Xm_DffE0AQf'6!!!<3@rH1\"ARfgnA,lT","7357463":"!<d@[F*Q\"Q#QOl.E,TfC$31&+!<d@[F*a_0#64o6@VfsmCI<#NAHu^]F`__:EWlSfH#R=0@rc\"\"AM7P6@<?'4F)>?%Cb9[GF9DhhDffE0AQSp4!!!-.D.Rd%6#L=OA_Ra;^'\"[]DffE0AQf'6!!!<3@rH1\"ARfgnA,lT","7362583":"!<d@[F*Q\"Q#QOl.E,TfC$31&+!<d@[F*an5#64o6@VfsmCI<#NAIW9mDfor.F*)>@@:s-U$#+:#ASuU.Ed7ZiEH>r7FE7Qb!!!3,F)5c:EsD_\"!!*'\"!7(iL!!*'\"z#n^cfEarZZFDl2.B4Xn[DfBat\":8pVF(djWB5D/6&'7$:$=S$u@:Nt?@:NjLz","20988951":"!<d@[F*Q\"Q#QOl.E,TfC(B=F8!<d@[F*a_0#64o6@VfsmCI<#NAHu^]F`__:EWlSfH#R=(F(f-$Ah@V2@<64*1'@i&DffE0AQSp4!!!-.D.Rd%6#L=OA_Ra;^B=d^DffE0AQf'6!!!<3@rH1\"ARfgnA,lT","20989975":"!<d@[F*Q\"Q#QOl.E,TfC(B=F8!<d@[F*ab1#64o6@VfsmCI<#NAHu^]F`__:EWlSfH#R=-E+s-\"/Snj)/S/pEBlIp#DKH!dEc6&.FCePS!!!!%$#O6pBL-NKCh;?3ahIr`Ec6&.FCeVU!!!!*$\"ImiCh7*uARkc@","20992023":"!<d@[F*Q\"Q#QOl.E,TfC(B=F8!<d@[F*ah3#64o6@VfsmCI<#NAHu^]F`__:EWlSfH#R=9@rc\"\"AM7P6@<?'4D.R6lF_r^LDfg)4Ed96FCifdbEc6&.FCePS!!!!%$#O6pBL-NKCh;?38O*C`Ec6&.FCeVU!!!!*$\"ImiCh7*uARkc@","20993047":"!<d@[F*Q\"Q#QOl.E,TfC(B=F8!<d@[F*ak4#64o6@VfsmCI<#NAHu^]F`__:EWlSfH#R=1@rc\"\"AM7P6@<?'4Cgh?sAM%Y>DJK@[Ec6&.FCePS!!!!%$#O6pBL-NKCh;\\NQG3P-Ec6&.FCeVU!!!!*$\"ImiCh7*uARkc@","22037527":"!<d@[F*Q\"Q#QOl.E,TfC(]XO9!<d@[F*a_0#64o6@VfsmCI<#NAHu^]F`__:EWlSfH#R=(F(f-$Ah@V2@<64*0a%`%DffE0AQSp4!!!-.D.Rd%6#L=OA_Ra;^B=d^DffE0AQf'6!!!<3@rH1\"ARfgnA,lT","2115608":"!<d@[F*Q%R#QOl.E,TfC\"TSN&!<d@[F*ab1#64o6@VfsmCI<#NAHu^]F`__:EWlSfH#R=1@rc\"\"AM7P6@<?'4Cgh?sAM%Y>DJK@[Ec6&.FCePS!!!!%$#O6pBL-NKCh;?3ah@l_Ec6&.FCeVU!!!!*$\"ImiCh7*uARkc@","7359512":"!<d@[F*Q%R#QOl.E,TfC$31&+!<d@[F*ae2#64o6@VfsmCI<#NAK>8sF`__:Eb/cjDf9E4BOu!l/R`:'A78tV@qf?T\"E\\p.AKtZ&DejE-AScO$F\"_!@DejE-ASbs1Ecl)6ARmB)F_kkK1^\"&(DffE0AQSp4!!!-.D.Rd%6#L=OAH2]1!!EOIDffE0AQf'6!!!<3@rH1\"ARfgnA,lc<G%#E*@;^/iBOP^h\"U0!nE+Ld)!!","7361560":"!<d@[F*Q%R#QOl.E,TfC$31&+!<d@[F*ak4#64o6@VfsmCI<#NAK>8sF`__:Eb/cjDf9E4BOu!l/R`:'A78tV@qf?T\"E\\p.AKtZ&DejE-AScO$F\"_!@DejE-ASbs1Ecl)6ARmB(D/aTB2?X8*DffE0AQSp4!!!-.D.Rd%6#L=OA_R_e5Qh=4DffE0AQf'6!!!<3@rH1\"ARfgnA,lc<G%#E*@;^/iBOP^h\"U0!nE+Ld)!!","8408088":"!<d@[F*Q%R#QOl.E,TfC$NL/,!<d@[F*ae2#64o6@VfsmCI<#NAK#&pF`__:Eb/cjDf9E4BOu!lGA2/4Ci=?*\"U&pmE+LD+Df9E4BOu\"'ATKM6Df9E4BOu!l/TPuJDIm?1Ap%p+/So?GAMjSqEc6&.FCePS!!!!%$#O6pBL-NKCh3SH!!!-,Ec6&.FCeVU!!!!*$\"ImiCh7*uARkcE#BjNrBjkn$\"DD4[Ad&?[H#R=M!!NXEDfTDVDe*D_C2[uuErZ","8410136":"!<d@[F*Q%R#QOl.E,TfC$NL/,!<d@[F*ak4#64o6@VfsmCI<#NAK>8sF`__:Eb/cjDf9E4BOu!l/R`:'A78tV@qf?T\"E\\p.AKtZ&DejE-AScO$F\"_!@DejE-ASbs1Ecl)6ARmB(D/aTB2$=/)DffE0AQSp4!!!-.D.Rd%6#L=OA_R_e5Qh=4DffE0AQf'6!!!<3@rH1\"ARfgnA,lc<G%#E*@;^/iBOP^h\"U0!nE+Ld)!!","9456664":"!<d@[F*Q%R#QOl.E,TfC$ig8-!<d@[F*ae2#64o6@VfsmCI<#NAK>8sF`__:Eb/cjDf9E4BOu!l/R`:'A78tV@qf?T\"E\\p.AKkT%DejE-AScO$F\"_!@DejE-ASbs1Ecl)6ARmB)F_kkM\":&scFCB9&=9&=$!!EUFATMNNDJ*csz\":&scFCB9&=o\\O&!!rsADes6$@ru9m!!NUN@<-'jDKH\"p@;KNZ\"a#$/AMO5c","2116633":"!<d@[F*Q(S#QOl.E,TfC\"TSN&!<d@[F*ae2#64o6@VfsmCI<#NAI;p\\ATMrFARTY%\"po!]G%GQ5DfU+(#'\"^#Dfg%+!!!!'\"`nKuFE7Zf0`V4S!!!Z5!!!$\"!!!!(!AXWU!!!!/!<<*#!!!!%$Zp</@;J;E@;]Rd!!!!`!!`N]!!*'\"!\"Ar/!!*'\"!!E[ODffE(6YKnG@qERNW'11d!AsiX!!!!4!<<*#z#6?^_!<<*\"'*/(5!<<*\"!!`N`!!*'\"!\"K#0!!*'\"!!E[ODffE(6YKnG@q>W?!'^G`!!NdCDfS0\\De!QMDe*Dd@q]FpF=h'4F*%QgFEqh:$=e!jCgh:(ARmP!$#O6pBL-NKCh;\\NQG3D","7359513":"!<d@[F*Q(S#QOl.E,TfC$31&+!<d@[F*ae2#64o6@VfsmCI<#NAK>8sF`__:Eb/cjDf9E4BOu!l/R`:'A78tV@qf?T\"E\\p.AKkT%DejE-AScO$F\"_!@DejE-ASbs1Ecl)6ARmB)F_kkP\":&scFCB9&=9&=$!!EUFATMNNDJ*csz\":&scFCB9&=o\\O&!!rsADes6$@ru9m!!NUN@<-'jDKH\"p@;KNZ\"a#$/AMO5c","7360537":"!<d@[F*Q(S#QOl.E,TfC$31&+!<d@[F*ah3#64o6@VfsmCI<#NAHu^]F`__:EWlSfH#R=\"@:EYTF`T;@#BFa)@<?'_z\":8pVF(djWB5D/-;u=<4#BFa)@<?'az#mk*[Ci!ZmFCet_!!","7361561":"!<d@[F*Q(S#QOl.E,TfC$31&+!<d@[F*ak4#64o6@VfsmCI<#NAHu^]F`__:EWlSfH#R=%@q]:bE\\1^4ARkoKEc6&.FCePS!!!!%$#O6pBL-NKCh;?3ahIr`Ec6&.FCeVU!!!!*$\"ImiCh7*uARkc@","8408089":"!<d@[F*Q(S#QOl.E,TfC$NL/,!<d@[F*ae2#64o6@VfsmCI<#NAK>8sF`__:Eb/cjDf9E4BOu!l/R`:'A78tV@qf?T\"E\\p.AKtZ&DejE-AScO$F\"_!@DejE-ASbs1Ecl)6ARmB(D/aTB1B[r'DffE0AQSp4!!!-.D.Rd%6#L=OAH2]1!!EOIDffE0AQf'6!!!<3@rH1\"ARfgnA,lc<G%#E*@;^/iBOP^h\"U0!nE+Ld)!!","8410137":"!<d@[F*Q(S#QOl.E,TfC$NL/,!<d@[F*ak4#64o6@VfsmCI<#NAI`fjE+O*4Ed96XDfp/8#mPEgFED)3!!NLIH#R<uBQ%^41&q","9456665":"!<d@[F*Q(S#QOl.E,TfC$ig8-!<d@[F*ae2#64o6@VfsmCI<#NAK#&pF`__:Eb/cjDf9E4BOu!lGA2/4Ci=?*\"U&pmE+LD+Df9E4BOu\"'ATKM6Df9E4BOu!l/TPuJDIm?1Ap%p+/So?GAMF;mEc6&.FCePS!!!!%$#O6pBL-NKCh3SH!!!-,Ec6&.FCeVU!!!!*$\"ImiCh7*uARkcE#BjNrBjkn$\"DD4[Ad&?[H#R=M!!NXEDfTDVDe*D_C2[uuErZ","9458713":"!<d@[F*Q(S#QOl.E,TfC$ig8-!<d@[F*ak4#64o6@VfsmCI<#NAI`fjE+O*4Ed96XDfp/8#mPEgFED)3!!NLIH#R<uBQ%^40`V","7359514":"!<d@[F*Q+T#QOl.E,TfC$31&+!<d@[F*ae2#64o6@VfsmCI<#NAI;p\\ATMrFARTY%\"po!]G%GQ5DfU+(#'\"^#Dfg%+!!!!'\"`nKuFE7Zf0`V4S!!!*%!!!$\"!!!!(!Aa]V!!!!3!<<*#z#6?X]!<<*\"#Rg\\5!<<*\"!!`N_!!*'\"!!<6%!!*'\"z\"Uo!]E^FS\\@r\"GMA7Z*XBOu7,/S/@3F9MehH#R=%@rH1\"@;p:!A2=>pD.Rd%6#L=OAH2]1!!!","7360538":"!<d@[F*Q+T#QOl.E,TfC$31&+!<d@[F*ah3#64o6@VfsmCI<#NAHu^]F`__:EWlSfH#R=5@W-1#F(f-$G%G_J@W-1#E+s-\"/R`:'A2FDoEc6&.FCePS!!!!%$#O6pBL-NKCh;?3ahIr`Ec6&.FCeVU!!!!*$\"ImiCh7*uARkc@","7361562":"!<d@[F*Q+T#QOl.E,TfC$31&+!<d@[F*ak4#64o6@VfsmCI<#NAHu^]F`__:EWlSfH#R=%FCAWpAM%>'ARkoKEc6&.FCePS!!!!%$#O6pBL-NKCh;\\N(;L%XEc6&.FCeVU!!!!*$\"ImiCh7*uARkc@","8410138":"!<d@[F*Q+T#QOl.E,TfC$NL/,!<d@[F*ak4#64o6@VfsmCI<#NAHu^]F`__:EWlSfH#R=-@ps7cCh7[0F^fDD@WcQuBJBVpEc6&.FCePS!!!!%$#O6pBL-NKCh;$nqnE7=Ec6&.FCeVU!!!!*$\"ImiCh7*uARkc@"},"Entities":["$q5&UBlnVoDe!p2F9XHP0f^j?m:-.sz\"q\"dVBl.:#Bl@m1!!WmDG][t78T&-Y<+U;r\"UARTB2iSVEXkKGD..'g+EV=/E]P<u!!3@<ATD<QA-Dr5z!!ELEDFenjF8u:@!!WX@ARTCsBEScR@<6!s@<cHs@;L%!!!'f\"\":\\j`EcP`/FD,5oCij=j!5Li&$#O*qBOtUgFD(XS^d%l(\"_;1S@<hqbFDl80Ce/JeEcXW[@:T?<!!&Y8<C$Tf#A@[WA6E>bz\":8aQ@:W2KFCSta!!!!'\"`ncoFE7E^!!&WA]H/[jzz!.\\frSang,zd+SXgzz&Z%'Y/,G#czz`UCF,*IrLO!!&WA]H/[jzz!.\\frSang,%;]rmF`VXV@WHC)H=[6aDfTQ)Bl4AkDKKT7H#mq5GA^u4\"q>-\\Dff]3DKBo.FCfLn!sWgc@<ZTkd[M9YLd*\"J!sWgc@<ZTlC[2H,GO#l,!sWgc@<ZTmOQ-?,`BGA0\":fWaDId=!;IOHUAPI;`!!%O6!?,QYBl%?k6Z6j`ARfk)Bm+&a@<?0pBl7I&!<<*\"!!Wg>@ruF.AO13JD0#[W!<<*\"","$q5&UBlnVoDe!p2F9XHP0f^j?mUH7tz\"q\"dVBl.:#Bl@m1!!WmDG][t78T&-Y<+U;r\"UARTB2iSVEXkKGD..'g+EV=/E]P<u!!3@<ATD<QA-N#6z!!ELEDFenjF8u:@!!WX@ARTCsBEScR@<6!s@<cHs@;L%!!!'f\"\":\\j`EcP`/FD,5oCij=j!5Li&$#O*qBOtUgFD(XS^d%l(\"_;1S@<hqbFDl80Ce/JeEcXW[@:T?<!!&Y8<C$Tf#A@[WA6E>bz\":8aQ@:W2KFCSta!!!!'\"`ncoFE7E^!.a(^3jpe/-l<$+ON&e9!!(Yj4fUD*zf)n0$jNEiSzzz*D=Eu&\\:!2zz!.a(^3jpe/-l<$+ON&e9!!(Yj4fUD*%;]rmF`VXV@WHC)H=[6aDfTQ)Bl4AkDKKT7H#mq5GA^u4\"q>-\\Dff]3DKBo.FCfLn!sWgc@<ZTk`Ns]'Ps6BW!sWgc@<ZTlE8E;S3:AOd!sWgc@<ZTm@)MZ9Y!*pn\":fWaDId=!;IOHUAPI;`!!%O6!?,QYBl%?k6Z6j`ARfk)Bm+&a@<?0pBl7I&\"98E%!!Wg>@ruF.AO13JD0#[W!$D7A","$q5&UBlnVoDe!p2F9XHP0f^j?n7)J!z\"q\"dVBl.:#Bl@m1!!WmDG][t78T&-Y<+U;r\"UARTB2iSVEXkKGD..'g+EV=/E]P<u!!3@<ATD<QA-Dr5z!!ELEDFenjF8u:@!!WX@ARTCsBEScR@<6!s@<cHs@;L%!!!'f\"\":\\j`EcP`/FD,5oCij=j!5Li&$#O*qBOtUgFD(XS^d%l(\"_;1S@<hqbFDl80Ce/JeEcXW[@:T?<!!&Y8<C$Tf#A@[WA6E>bz\":8aQ@:W2KFCSta!!!!'\"`ncoFE7E^!!!bX6piIi(s[IZ<k/&l!.ZmE[L4oWz6ZtOVzzJApmsh_S1qW(1\"CU#oCjO-.qg*C+e_!!!bX6piIi(s[IZ<k/&l!.ZmE[L4oW%;]rmF`VXV@WHC)H=[6aDfTQ)Bl4AkDKKT7H#mq5GA^u4\"q>-\\Dff]3DKBo.FCfLn!sWgc@<ZTkYi0n-Ma&=M!sWgc@<ZTlI\"Ztc5/Isu!sWgc@<ZTm?\\N0jV*5te\":fWaDId=!;IOHUAPI;`!!%O6!?,QYBl%?k6Z6j`ARfk)Bm+&a@<?0pBl7I&z!!Wg>@ruF.AO13JD0#[W!?_@B","$q5&UBlnVoDe!p2F9XHP0f^j?nRDS\"z\"q\"dVBl.:#Bl@m1!!WmDG][t78T&-Y<+U;r\"UARTB2iSVEXkKGD..'g+EV=/E]P<u!!3@<ATD<QA-N#6z!!ELEDFenjF8u:@!!WX@ARTCsBEScR@<6!s@<cHs@;L%!!!'f\"\":\\j`EcP`/FD,5oCij=j!5Li&$#O*qBOtUgFD(XS^d%l(\"_;1S@<hqbFDl80Ce/JeEcXW[@:T?<!!&Y8<C$Tf#A@[WA6E>bz\":8aQ@:W2KFCSta!!!!'\"`ncoFE7E^!!'7^H;lO_L3lK$!?3g[!'m1g$C<J4z@Y(^JzzzzgPLlfBP]uGzz!!'7^H;lO_L3lK$!?3g[!'m1g$C<J4%;]rmF`VXV@WHC)H=[6aDfTQ)Bl4AkDKKT7H#mq5GA^u4\"q>-\\Dff]3DKBo.FCfLn!sWgc@<ZTkYi0n-O$=aQ!sWgc@<ZTli_B9Rn0U%Y!sWgc@<ZTmJO1biRQ_fZ\":fWaDId=!;IOHUAPI;`!!%O6!?,QYBl%?k6Z6j`ARfk)Bm+&a@<?0pBl7I&!rr<$!!Wg>@ruF.AO13JD0#[W!$D7A","$q5&UBlnVoDe!p2F9XHP0f^j?o4%e$z\"q\"dVBl.:#Bl@m1!!WmDG][t78T&-Y<+U;r\"UARTB2iSVEXkKGD..'g+EV=/E]P<u!!3@<ATD<QA-N#6z!!ELEDFenjF8u:@!!WX@ARTCsBEScR@<6!s@<cHs@;L%!!!'f\"\":\\j`EcP`/FD,5oCij=j!5Li&$#O*qBOtUgFD(XS^d%l(\"_;1S@<hqbFDl80Ce/JeEcXW[@:T?<!!&Y8<C$Tf#A@[WA6E>bz\":8aQ@:W2KFCSta!!!!'\"`ncoFE7E^!!$Re:D#EK0$)H9_36B7!!(Yj4fU2$z7E[q]jNEiSzzz+?_n'.C(kGzz!!$Re:D#EK0$)H9_36B7!!(Yj4fU2$%;]rmF`VXV@WHC)H=[6aDfTQ)Bl4AkDKKT7H#mq5GA^u4\"q>-\\Dff]3DKBo.FCfLn!sWgc@<ZTkb%R@jQp2]Z!sWgc@<ZTlTrW+)d+'g8!sWgc@<ZTm@)MZ9Q9HBV\":fWaDId=!;IOHUAPI;`!!%O6!?,QYBl%?k6Z6j`ARfk)Bm+&a@<?0pBl7I&!WW3#!!Wg>@ruF.AO13JD0#[W!$D7A"],"ReplaceMode":2,"EntranceRotation":-1}