[
  {
    "op": "add",
    "path": "/creativeinventory/library",
    "value": ["*"],
    "file": "game:itemtypes/tool/inkandquill.json",
    "side": "Server"
  },
  {
    "op": "add",
    "path": "/textures",
    "value": { "brass": { "base": "game:block/cloth/linen/mordant" } },
    "file": "game:itemtypes/tool/inkandquill.json",
    "side": "Server"
  },
  {
    "op": "add",
    "path": "/attributes/bookshelveable",
    "value": true,
    "file": "game:itemtypes/tool/inkandquill.json",
    "side": "Server"
  },
  {
    "op": "add",
    "path": "/attributes/displaycaseable",
    "value": true,
    "file": "game:itemtypes/tool/inkandquill.json",
    "side": "Server"
  },
  {
    "op": "add",
    "path": "/attributes/shelvable",
    "value": true,
    "file": "game:itemtypes/tool/inkandquill.json",
    "side": "Server"
  }
]
