{
	"editor": {
		"allAngles": false,
		"entityTextureMode": false
	},
	"textureWidth": 16,
	"textureHeight": 16,
	"textureSizes": {
	},
	"textures": {
		"chromium": "/Users/user/AppData/Roaming/Vintagestory/assets/survival/textures/block/metal/ingot/chromium",
		"stainlesssteel": "/Users/user/AppData/Roaming/Vintagestory/assets/survival/textures/block/metal/ingot/stainlesssteel",
		"plain": "/Users/user/AppData/Roaming/Vintagestory/assets/survival/textures/block/stone/plaster/plain",
		"shale4": "/Users/user/AppData/Roaming/Vintagestory/assets/survival/textures/block/stone/rock/shale4",
		"oak": "/Users/user/AppData/Roaming/Vintagestory/assets/survival/textures/block/wood/debarked/oak"
	},
	"elements": [
		{
			"name": "top",
			"from": [ 0.0, 15.0, 0.0 ],
			"to": [ 3.0, 16.0, 16.0 ],
			"rotationOrigin": [ 0.0, 15.0, 0.0 ],
			"faces": {
				"north": { "texture": "#shale4", "uv": [ 9.0, 14.0, 12.0, 15.0 ] },
				"south": { "texture": "#shale4", "uv": [ 6.5, 4.5, 9.5, 5.5 ] },
				"west": { "texture": "#shale4", "uv": [ 0.0, 8.5, 16.0, 9.5 ] },
				"up": { "texture": "#shale4", "uv": [ 4.0, 0.0, 7.0, 16.0 ] },
				"down": { "texture": "#shale4", "uv": [ 3.5, 0.0, 6.5, 16.0 ] }
			}
		},
		{
			"name": "back",
			"from": [ 1.0, 0.0, 0.0 ],
			"to": [ 15.0, 15.0, 1.0 ],
			"rotationOrigin": [ 1.0, 0.0, 0.0 ],
			"faces": {
				"north": { "texture": "#oak", "uv": [ 1.5, 0.0, 15.5, 15.0 ] },
				"down": { "texture": "#oak", "uv": [ 0.5, 12.5, 14.5, 13.5 ] }
			}
		},
		{
			"name": "L",
			"from": [ 0.0, 0.0, 0.0 ],
			"to": [ 1.0, 15.0, 14.0 ],
			"faces": {
				"north": { "texture": "#oak", "uv": [ 9.5, 0.5, 10.5, 15.5 ] },
				"west": { "texture": "#oak", "uv": [ 0.0, 0.0, 14.0, 15.0 ] },
				"down": { "texture": "#oak", "uv": [ 7.5, 1.0, 8.5, 15.0 ] }
			}
		},
		{
			"name": "R",
			"from": [ 15.0, 0.0, 0.0 ],
			"to": [ 16.0, 15.0, 14.0 ],
			"rotationOrigin": [ 15.0, 0.0, 0.0 ],
			"faces": {
				"north": { "texture": "#oak", "uv": [ 7.5, 0.0, 8.5, 15.0 ] },
				"east": { "texture": "#oak", "uv": [ 1.5, 0.5, 15.5, 15.5 ] },
				"down": { "texture": "#oak", "uv": [ 5.0, 0.5, 6.0, 14.5 ] }
			}
		},
		{
			"name": "FFrame",
			"from": [ 0.0, 0.0, 14.0 ],
			"to": [ 16.0, 2.0, 14.5 ],
			"rotationOrigin": [ 0.0, 0.0, 14.0 ],
			"faces": {
				"north": { "texture": "#oak", "uv": [ 0.0, 6.0, 16.0, 8.0 ] },
				"east": { "texture": "#oak", "uv": [ 4.0, 9.5, 4.5, 11.5 ] },
				"south": { "texture": "#oak", "uv": [ 0.0, 3.5, 16.0, 5.5 ] },
				"west": { "texture": "#oak", "uv": [ 12.5, 13.5, 13.0, 15.5 ] },
				"up": { "texture": "#oak", "uv": [ 0.0, 9.5, 16.0, 10.0 ] },
				"down": { "texture": "#oak", "uv": [ 0.0, 14.5, 16.0, 15.0 ] }
			},
			"children": [
				{
					"name": "Cube3",
					"from": [ 0.0, 13.0, 0.0 ],
					"to": [ 16.0, 15.0, 0.5 ],
					"rotationOrigin": [ 0.0, 13.0, 0.0 ],
					"faces": {
						"north": { "texture": "#oak", "uv": [ 0.0, 8.0, 16.0, 10.0 ] },
						"east": { "texture": "#oak", "uv": [ 15.0, 7.5, 15.5, 9.5 ] },
						"south": { "texture": "#oak", "uv": [ 0.0, 6.5, 16.0, 8.5 ] },
						"west": { "texture": "#oak", "uv": [ 9.0, 0.0, 9.5, 2.0 ] },
						"up": { "texture": "#oak", "uv": [ 0.0, 9.0, 16.0, 9.5 ] },
						"down": { "texture": "#oak", "uv": [ 0.0, 12.5, 16.0, 13.0 ] }
					}
				},
				{
					"name": "Cube4",
					"from": [ 0.0, 2.0, 0.0 ],
					"to": [ 2.0, 13.0, 0.5 ],
					"rotationOrigin": [ 0.0, 2.0, 0.0 ],
					"faces": {
						"north": { "texture": "#oak", "uv": [ 10.5, 2.0, 12.5, 13.0 ] },
						"east": { "texture": "#oak", "uv": [ 13.5, 3.0, 14.0, 14.0 ] },
						"south": { "texture": "#oak", "uv": [ 0.0, 1.0, 2.0, 12.0 ] },
						"west": { "texture": "#oak", "uv": [ 11.5, 0.5, 12.0, 11.5 ] },
						"up": { "texture": "#oak", "uv": [ 11.5, 0.0, 13.5, 0.5 ] },
						"down": { "texture": "#oak", "uv": [ 10.5, 3.0, 12.5, 3.5 ] }
					}
				},
				{
					"name": "Cube5",
					"from": [ 14.0, 2.0, 0.0 ],
					"to": [ 16.0, 13.0, 0.5 ],
					"rotationOrigin": [ 14.0, 2.0, 0.0 ],
					"faces": {
						"north": { "texture": "#oak", "uv": [ 3.5, 3.5, 5.5, 14.5 ] },
						"east": { "texture": "#oak", "uv": [ 0.0, 1.0, 0.5, 12.0 ] },
						"south": { "texture": "#oak", "uv": [ 8.0, 4.0, 10.0, 15.0 ] },
						"west": { "texture": "#oak", "uv": [ 9.5, 4.0, 10.0, 15.0 ] },
						"up": { "texture": "#oak", "uv": [ 7.5, 6.0, 9.5, 6.5 ] },
						"down": { "texture": "#oak", "uv": [ 3.0, 5.0, 5.0, 5.5 ] }
					}
				}
			]
		},
		{
			"name": "bottomF",
			"from": [ 1.0, 0.0, 14.0 ],
			"to": [ 15.0, 13.0, 14.0 ],
			"rotationOrigin": [ 1.0, 0.0, 14.0 ],
			"rotationX": -90.0,
			"faces": {
				"south": { "texture": "#oak", "uv": [ 1.5, 1.0, 15.5, 14.0 ] }
			}
		},
		{
			"name": "LD",
			"from": [ 2.0, 2.0, 14.5 ],
			"to": [ 8.0, 13.0, 15.0 ],
			"rotationOrigin": [ 2.0, 2.0, 14.5 ],
			"faces": {
				"south": { "texture": "#oak", "uv": [ 0.0, 6.5, 11.0, 12.5 ], "rotation": 90 },
				"west": { "texture": "#oak", "uv": [ 14.0, 3.5, 14.5, 14.5 ] },
				"up": { "texture": "#oak", "uv": [ 4.0, 6.0, 10.0, 6.5 ] },
				"down": { "texture": "#oak", "uv": [ 4.5, 6.0, 10.5, 6.5 ] }
			},
			"children": [
				{
					"name": "LHandle",
					"from": [ 4.5, 9.0, 0.5 ],
					"to": [ 5.0, 9.5, 1.0 ],
					"rotationOrigin": [ 4.5, 9.0, 0.5 ],
					"faces": {
						"east": { "texture": "#chromium", "uv": [ 8.0, 6.5, 8.5, 7.0 ], "autoUv": false },
						"west": { "texture": "#chromium", "uv": [ 13.0, 3.0, 13.5, 3.5 ] },
						"up": { "texture": "#chromium", "uv": [ 6.5, 12.5, 7.0, 13.0 ] },
						"down": { "texture": "#chromium", "uv": [ 6.5, 9.0, 7.0, 9.5 ] }
					},
					"children": [
						{
							"name": "Cube6",
							"from": [ -0.2, -0.2, 0.3 ],
							"to": [ 0.7, 0.7, 0.7 ],
							"rotationOrigin": [ -0.2, -0.2, 0.3 ],
							"faces": {
								"north": { "texture": "#chromium", "uv": [ 7.5, 3.5, 12.0, 7.0 ], "autoUv": false },
								"east": { "texture": "#chromium", "uv": [ 3.0, 2.0, 5.5, 9.5 ], "autoUv": false },
								"south": { "texture": "#chromium", "uv": [ 4.5, 7.5, 11.0, 14.0 ], "autoUv": false },
								"west": { "texture": "#chromium", "uv": [ 7.5, 9.5, 14.0, 14.0 ], "autoUv": false },
								"up": { "texture": "#chromium", "uv": [ 8.0, 0.5, 13.5, 9.0 ], "autoUv": false },
								"down": { "texture": "#chromium", "uv": [ 0.5, 3.5, 10.0, 13.0 ], "autoUv": false }
							}
						}
					]
				},
				{
					"name": "LHB",
					"from": [ -0.3, 1.0, 0.0 ],
					"to": [ 0.0, 2.0, 0.3 ],
					"rotationOrigin": [ -0.3, 1.0, 0.0 ],
					"faces": {
						"south": { "texture": "#stainlesssteel", "uv": [ 7.5, 8.0, 8.0, 9.0 ] },
						"west": { "texture": "#stainlesssteel", "uv": [ 4.5, 10.0, 5.0, 11.0 ] },
						"up": { "texture": "#stainlesssteel", "uv": [ 6.0, 5.5, 6.5, 6.0 ] },
						"down": { "texture": "#stainlesssteel", "uv": [ 0.0, 8.0, 0.5, 8.5 ] }
					},
					"children": [
						{
							"name": "LHT",
							"from": [ 0.0, 8.0, 0.0 ],
							"to": [ 0.3, 9.0, 0.3 ],
							"rotationOrigin": [ 0.0, 8.0, 0.0 ],
							"faces": {
								"south": { "texture": "#stainlesssteel", "uv": [ 7.0, 4.5, 7.5, 5.5 ] },
								"west": { "texture": "#stainlesssteel", "uv": [ 12.0, 14.5, 12.5, 15.5 ] },
								"up": { "texture": "#stainlesssteel", "uv": [ 11.0, 15.0, 11.5, 15.5 ] },
								"down": { "texture": "#stainlesssteel", "uv": [ 12.5, 1.0, 13.0, 1.5 ] }
							}
						}
					]
				}
			]
		},
		{
			"name": "RD",
			"from": [ 8.0, 2.0, 14.5 ],
			"to": [ 14.0, 13.0, 15.0 ],
			"rotationOrigin": [ 8.0, 2.0, 14.5 ],
			"faces": {
				"east": { "texture": "#oak", "uv": [ 3.5, 3.0, 4.0, 14.0 ] },
				"south": { "texture": "#oak", "uv": [ 0.5, 1.5, 11.5, 7.5 ], "rotation": 90 },
				"up": { "texture": "#oak", "uv": [ 5.5, 0.0, 11.5, 0.5 ] },
				"down": { "texture": "#oak", "uv": [ 1.5, 13.5, 7.5, 14.0 ] }
			},
			"children": [
				{
					"name": "RHandle",
					"from": [ 1.5, 9.0, 0.5 ],
					"to": [ 2.0, 9.5, 1.0 ],
					"rotationOrigin": [ 1.5, 9.0, 0.5 ],
					"faces": {
						"east": { "texture": "#chromium", "uv": [ 14.5, 6.0, 15.0, 6.5 ] },
						"west": { "texture": "#chromium", "uv": [ 5.0, 12.5, 5.5, 13.0 ] },
						"up": { "texture": "#chromium", "uv": [ 12.5, 12.0, 13.0, 12.5 ] },
						"down": { "texture": "#chromium", "uv": [ 1.0, 7.5, 1.5, 8.0 ] }
					},
					"children": [
						{
							"name": "Cube7",
							"from": [ -0.2, -0.2, 0.3 ],
							"to": [ 0.7, 0.7, 0.7 ],
							"rotationOrigin": [ -0.2, -0.2, 0.3 ],
							"faces": {
								"north": { "texture": "#chromium", "uv": [ 1.0, 2.5, 7.5, 10.0 ], "autoUv": false },
								"east": { "texture": "#chromium", "uv": [ 2.0, 5.5, 8.5, 12.0 ], "autoUv": false },
								"south": { "texture": "#chromium", "uv": [ 7.0, 1.5, 14.5, 9.0 ], "autoUv": false },
								"west": { "texture": "#chromium", "uv": [ 5.5, 1.5, 13.0, 9.0 ], "autoUv": false },
								"up": { "texture": "#chromium", "uv": [ 3.0, 1.0, 10.5, 7.5 ], "autoUv": false },
								"down": { "texture": "#chromium", "uv": [ 3.5, 6.0, 9.0, 11.5 ], "autoUv": false }
							}
						}
					]
				},
				{
					"name": "RHB",
					"from": [ 6.0, 1.0, 0.0 ],
					"to": [ 6.3, 2.0, 0.3 ],
					"rotationOrigin": [ 6.0, 1.0, 0.0 ],
					"faces": {
						"east": { "texture": "#stainlesssteel", "uv": [ 7.0, 13.0, 7.5, 14.0 ] },
						"south": { "texture": "#stainlesssteel", "uv": [ 3.5, 1.0, 4.0, 2.0 ] },
						"up": { "texture": "#stainlesssteel", "uv": [ 3.5, 3.5, 4.0, 4.0 ] },
						"down": { "texture": "#stainlesssteel", "uv": [ 13.5, 1.5, 14.0, 2.0 ] }
					},
					"children": [
						{
							"name": "RHT",
							"from": [ 0.0, 8.0, 0.0 ],
							"to": [ 0.3, 9.0, 0.3 ],
							"rotationOrigin": [ 0.0, 8.0, 0.0 ],
							"faces": {
								"east": { "texture": "#stainlesssteel", "uv": [ 10.5, 4.0, 11.0, 5.0 ] },
								"south": { "texture": "#stainlesssteel", "uv": [ 12.5, 12.5, 13.0, 13.5 ] },
								"up": { "texture": "#stainlesssteel", "uv": [ 4.5, 4.0, 5.0, 4.5 ] },
								"down": { "texture": "#stainlesssteel", "uv": [ 9.0, 6.0, 9.5, 6.5 ] }
							}
						}
					]
				}
			]
		},
		{
			"name": "top2",
			"from": [ 13.0, 15.0, 0.0 ],
			"to": [ 16.0, 16.0, 16.0 ],
			"rotationOrigin": [ 13.0, 15.0, 0.0 ],
			"faces": {
				"north": { "texture": "#shale4", "uv": [ 3.0, 0.5, 6.0, 1.5 ] },
				"east": { "texture": "#shale4", "uv": [ 0.0, 5.0, 16.0, 6.0 ] },
				"south": { "texture": "#shale4", "uv": [ 4.5, 7.5, 7.5, 8.5 ] },
				"up": { "texture": "#shale4", "uv": [ 0.5, 0.0, 3.5, 16.0 ] },
				"down": { "texture": "#shale4", "uv": [ 10.0, 0.0, 13.0, 16.0 ] }
			}
		},
		{
			"name": "top3",
			"from": [ 3.0, 15.0, 0.0 ],
			"to": [ 13.0, 16.0, 4.0 ],
			"rotationOrigin": [ 3.0, 15.0, 0.0 ],
			"faces": {
				"north": { "texture": "#shale4", "uv": [ 2.0, 9.0, 12.0, 10.0 ] },
				"up": { "texture": "#shale4", "uv": [ 1.5, 2.0, 11.5, 6.0 ] },
				"down": { "texture": "#shale4", "uv": [ 5.5, 2.0, 15.5, 6.0 ] }
			}
		},
		{
			"name": "top4",
			"from": [ 3.0, 15.0, 13.0 ],
			"to": [ 13.0, 16.0, 16.0 ],
			"rotationOrigin": [ 3.0, 15.0, 13.0 ],
			"faces": {
				"south": { "texture": "#shale4", "uv": [ 1.5, 4.0, 11.5, 5.0 ] },
				"up": { "texture": "#shale4", "uv": [ 5.5, 2.5, 15.5, 5.5 ] },
				"down": { "texture": "#shale4", "uv": [ 2.0, 4.5, 12.0, 7.5 ] }
			}
		},
		{
			"name": "tub wall",
			"from": [ 3.0, 12.0, 13.0 ],
			"to": [ 13.0, 16.0, 13.0 ],
			"rotationOrigin": [ 3.0, 12.0, 13.0 ],
			"faces": {
				"north": { "texture": "#plain", "uv": [ 4.0, 0.0, 14.0, 4.0 ] }
			},
			"children": [
				{
					"name": "Cube8",
					"from": [ 0.0, 0.0, -9.0 ],
					"to": [ 0.0, 4.0, 0.0 ],
					"rotationOrigin": [ 0.0, 0.0, -9.0 ],
					"faces": {
						"east": { "texture": "#plain", "uv": [ 3.0, 10.5, 12.0, 14.5 ] }
					}
				},
				{
					"name": "Cube9",
					"from": [ 0.0, 0.0, -9.0 ],
					"to": [ 10.0, 4.0, -9.0 ],
					"rotationOrigin": [ 0.0, 0.0, -9.0 ],
					"faces": {
						"south": { "texture": "#plain", "uv": [ 1.0, 5.0, 11.0, 9.0 ] }
					}
				},
				{
					"name": "Cube10",
					"from": [ 10.0, 0.0, -9.0 ],
					"to": [ 10.0, 4.0, 0.0 ],
					"rotationOrigin": [ 10.0, 0.0, -9.0 ],
					"faces": {
						"west": { "texture": "#plain", "uv": [ 6.0, 5.5, 15.0, 9.5 ] }
					},
					"children": [
						{
							"name": "Cube11",
							"from": [ -10.0, 0.0, 0.0 ],
							"to": [ 0.0, 0.0, 9.0 ],
							"rotationOrigin": [ -10.0, 0.0, 0.0 ],
							"faces": {
								"up": { "texture": "#plain", "uv": [ 2.0, 1.0, 12.0, 10.0 ] }
							}
						}
					]
				},
				{
					"name": "Cube2",
					"from": [ 0.0, 4.0, 0.0 ],
					"to": [ 9.7, 4.3, 0.3 ],
					"rotationOrigin": [ 0.0, 4.0, 0.0 ],
					"faces": {
						"north": { "texture": "#chromium", "uv": [ 1.5, 8.0, 11.0, 8.5 ] },
						"east": { "texture": "#chromium", "uv": [ 3.0, 7.5, 3.5, 8.0 ] },
						"south": { "texture": "#chromium", "uv": [ 1.0, 8.0, 10.5, 8.5 ] },
						"west": { "texture": "#chromium", "uv": [ 11.5, 11.0, 12.0, 11.5 ] },
						"up": { "texture": "#chromium", "uv": [ 1.0, 8.0, 10.5, 8.5 ] },
						"down": { "texture": "#chromium", "uv": [ 1.5, 8.0, 11.0, 8.5 ] }
					}
				},
				{
					"name": "Cube12",
					"from": [ 0.0, 4.0, -9.3 ],
					"to": [ 9.7, 4.3, -9.0 ],
					"rotationOrigin": [ 0.0, 4.0, -9.3 ],
					"faces": {
						"north": { "texture": "#chromium", "uv": [ 1.5, 8.0, 11.0, 8.5 ] },
						"east": { "texture": "#chromium", "uv": [ 10.5, 6.0, 11.0, 6.5 ] },
						"south": { "texture": "#chromium", "uv": [ 1.5, 8.0, 11.0, 8.5 ] },
						"west": { "texture": "#chromium", "uv": [ 9.0, 10.0, 9.5, 10.5 ] },
						"up": { "texture": "#chromium", "uv": [ 2.5, 8.0, 12.0, 8.5 ] },
						"down": { "texture": "#chromium", "uv": [ 1.0, 8.0, 10.5, 8.5 ] }
					}
				},
				{
					"name": "Cube13",
					"from": [ 0.0, 4.0, -9.3 ],
					"to": [ 9.6, 4.3, -9.0 ],
					"rotationOrigin": [ 0.0, 4.0, -9.3 ],
					"rotationY": -90.0,
					"faces": {
						"north": { "texture": "#chromium", "uv": [ 2.0, 8.0, 11.5, 8.5 ] },
						"east": { "texture": "#chromium", "uv": [ 14.0, 6.5, 14.5, 7.0 ] },
						"south": { "texture": "#chromium", "uv": [ 1.5, 8.0, 11.0, 8.5 ] },
						"west": { "texture": "#chromium", "uv": [ 13.5, 1.0, 14.0, 1.5 ] },
						"up": { "texture": "#chromium", "uv": [ 1.5, 8.0, 11.0, 8.5 ] },
						"down": { "texture": "#chromium", "uv": [ 2.0, 8.0, 11.5, 8.5 ] }
					}
				},
				{
					"name": "Cube14",
					"from": [ 10.0, 4.0, -9.3 ],
					"to": [ 19.6, 4.3, -9.0 ],
					"rotationOrigin": [ 10.0, 4.0, -9.3 ],
					"rotationY": -90.0,
					"faces": {
						"north": { "texture": "#chromium", "uv": [ 1.5, 8.0, 11.0, 8.5 ] },
						"east": { "texture": "#chromium", "uv": [ 6.5, 12.5, 7.0, 13.0 ] },
						"south": { "texture": "#chromium", "uv": [ 1.5, 8.0, 11.0, 8.5 ] },
						"west": { "texture": "#chromium", "uv": [ 7.5, 2.0, 8.0, 2.5 ] },
						"up": { "texture": "#chromium", "uv": [ 2.0, 8.0, 11.5, 8.5 ] },
						"down": { "texture": "#chromium", "uv": [ 2.0, 8.0, 11.5, 8.5 ] }
					}
				}
			]
		}
	]}