{
	"editor": {
		"allAngles": false,
		"entityTextureMode": false
	},
	"textureWidth": 16,
	"textureHeight": 16,
	"textureSizes": {
	},
	"textures": {
	},
	"elements": [
		{
			"name": "origin",
			"from": [ 1.0, -6.0, 0.0 ],
			"to": [ 1.0, -6.0, 0.0 ],
			"rotationOrigin": [ 1.0, -6.0, 0.0 ],
			"faces": {
				"north": { "texture": "#null", "uv": [ 0.0, 0.0, 0.5, 0.5 ] },
				"east": { "texture": "#null", "uv": [ 0.0, 0.0, 0.5, 0.5 ] },
				"south": { "texture": "#null", "uv": [ 0.0, 0.0, 0.5, 0.5 ] },
				"west": { "texture": "#null", "uv": [ 0.0, 0.0, 0.5, 0.5 ] },
				"up": { "texture": "#null", "uv": [ 0.0, 0.0, 0.5, 0.5 ] },
				"down": { "texture": "#null", "uv": [ 0.0, 0.0, 0.5, 0.5 ] }
			},
			"children": [
				{
					"name": "CLeg1",
					"from": [ 0.0, 0.0, 0.0 ],
					"to": [ 4.0, 22.0, 4.0 ],
					"faces": {
						"north": { "texture": "#side2", "uv": [ 2.0, 0.0, 6.0, 16.0 ], "autoUv": false },
						"east": { "texture": "#side2", "uv": [ 2.0, 0.0, 6.0, 16.0 ], "autoUv": false },
						"south": { "texture": "#side2", "uv": [ 2.0, 0.0, 6.0, 16.0 ], "autoUv": false },
						"west": { "texture": "#side2", "uv": [ 2.0, 0.0, 6.0, 16.0 ], "autoUv": false },
						"up": { "texture": "#side2", "uv": [ 1.5, 8.5, 5.5, 12.5 ] },
						"down": { "texture": "#side2", "uv": [ 1.5, 8.0, 5.5, 12.0 ] }
					},
					"children": [
						{
							"name": "CLeg2",
							"from": [ 0.0, 0.0, 12.0 ],
							"to": [ 4.0, 22.0, 16.0 ],
							"rotationOrigin": [ 0.0, 0.0, 12.0 ],
							"faces": {
								"north": { "texture": "#side2", "uv": [ 2.0, 0.0, 6.0, 16.0 ], "autoUv": false },
								"east": { "texture": "#side2", "uv": [ 2.0, 0.0, 6.0, 16.0 ], "autoUv": false },
								"south": { "texture": "#side2", "uv": [ 2.0, 0.0, 6.0, 16.0 ], "autoUv": false },
								"west": { "texture": "#side2", "uv": [ 2.0, 0.0, 6.0, 16.0 ], "autoUv": false },
								"up": { "texture": "#side2", "uv": [ 1.5, 8.0, 5.5, 12.0 ] },
								"down": { "texture": "#side2", "uv": [ 6.5, 8.0, 10.5, 12.0 ] }
							}
						},
						{
							"name": "CLeg3",
							"from": [ 27.0, 0.0, 12.0 ],
							"to": [ 31.0, 22.0, 16.0 ],
							"rotationOrigin": [ 27.0, 0.0, 12.0 ],
							"faces": {
								"north": { "texture": "#side2", "uv": [ 2.0, 0.0, 6.0, 16.0 ], "autoUv": false },
								"east": { "texture": "#side2", "uv": [ 2.0, 0.0, 6.0, 16.0 ], "autoUv": false },
								"south": { "texture": "#side2", "uv": [ 2.0, 0.0, 6.0, 16.0 ], "autoUv": false },
								"west": { "texture": "#side2", "uv": [ 2.0, 0.0, 6.0, 16.0 ], "autoUv": false },
								"up": { "texture": "#side2", "uv": [ 4.0, 8.5, 8.0, 12.5 ] },
								"down": { "texture": "#side2", "uv": [ 10.0, 9.5, 14.0, 13.5 ] }
							}
						},
						{
							"name": "CLeg4",
							"from": [ 27.0, 0.0, 0.0 ],
							"to": [ 31.0, 22.0, 4.0 ],
							"rotationOrigin": [ 27.0, 0.0, 0.0 ],
							"faces": {
								"north": { "texture": "#side2", "uv": [ 2.0, 0.0, 6.0, 16.0 ], "autoUv": false },
								"east": { "texture": "#side2", "uv": [ 2.0, 0.0, 6.0, 16.0 ], "autoUv": false },
								"south": { "texture": "#side2", "uv": [ 2.0, 0.0, 6.0, 16.0 ], "autoUv": false },
								"west": { "texture": "#side2", "uv": [ 2.0, 0.0, 6.0, 16.0 ], "autoUv": false },
								"up": { "texture": "#side2", "uv": [ 3.0, 6.5, 7.0, 10.5 ] },
								"down": { "texture": "#side2", "uv": [ 2.5, 10.0, 6.5, 14.0 ] }
							}
						}
					]
				},
				{
					"name": "Cube3",
					"from": [ 4.0, 21.0, 0.0 ],
					"to": [ 15.0, 22.0, 3.0 ],
					"rotationOrigin": [ 4.0, 21.0, 0.0 ],
					"faces": {
						"north": { "texture": "#side2", "uv": [ 1.0, 10.5, 12.0, 11.5 ] },
						"east": { "texture": "#side2", "uv": [ 2.5, 9.5, 5.5, 10.5 ] },
						"south": { "texture": "#side2", "uv": [ 0.0, 9.5, 11.0, 10.5 ] },
						"west": { "texture": "#side2", "uv": [ 6.0, 10.5, 9.0, 11.5 ] },
						"up": { "texture": "#side2", "uv": [ 1.0, 1.0, 12.0, 4.0 ] },
						"down": { "texture": "#side2", "uv": [ 1.0, 1.0, 12.0, 4.0 ], "rotation": 180 }
					},
					"children": [
						{
							"name": "Cube2",
							"from": [ -4.0, -5.0, 1.0 ],
							"to": [ 7.0, -4.0, 2.0 ],
							"rotationOrigin": [ -4.0, 5.0, 1.0 ],
							"rotationZ": 22.5,
							"faces": {
								"north": { "texture": "#side2", "uv": [ 1.0, 10.0, 12.0, 11.0 ] },
								"east": { "texture": "#side2", "uv": [ 5.0, 10.0, 6.0, 11.0 ] },
								"south": { "texture": "#side2", "uv": [ 1.5, 10.0, 12.5, 11.0 ] },
								"west": { "texture": "#side2", "uv": [ 7.0, 11.5, 8.0, 12.5 ] },
								"up": { "texture": "#side2", "uv": [ 1.5, 10.5, 12.5, 11.5 ] },
								"down": { "texture": "#side2", "uv": [ 2.0, 10.5, 13.0, 11.5 ] }
							}
						}
					]
				},
				{
					"name": "Cube4",
					"from": [ 4.0, 21.0, 13.0 ],
					"to": [ 15.0, 22.0, 16.0 ],
					"rotationOrigin": [ 4.0, 21.0, 13.0 ],
					"faces": {
						"north": { "texture": "#side2", "uv": [ 1.5, 10.5, 12.5, 11.5 ] },
						"east": { "texture": "#side2", "uv": [ 4.5, 11.0, 7.5, 12.0 ] },
						"south": { "texture": "#side2", "uv": [ 2.5, 9.0, 13.5, 10.0 ] },
						"west": { "texture": "#side2", "uv": [ 3.0, 10.0, 6.0, 11.0 ] },
						"up": { "texture": "#side2", "uv": [ 1.5, 1.0, 12.5, 4.0 ] },
						"down": { "texture": "#side2", "uv": [ 1.0, 1.0, 12.0, 4.0 ] }
					},
					"children": [
						{
							"name": "Cube5",
							"from": [ -4.0, -5.0, 1.0 ],
							"to": [ 7.0, -4.0, 2.0 ],
							"rotationOrigin": [ -4.0, 5.0, 1.0 ],
							"rotationZ": 22.5,
							"faces": {
								"north": { "texture": "#side2", "uv": [ 2.5, 8.5, 13.5, 9.5 ] },
								"east": { "texture": "#side2", "uv": [ 8.5, 11.0, 9.5, 12.0 ] },
								"south": { "texture": "#side2", "uv": [ 3.0, 9.0, 14.0, 10.0 ] },
								"west": { "texture": "#side2", "uv": [ 9.0, 11.5, 10.0, 12.5 ] },
								"up": { "texture": "#side2", "uv": [ 1.0, 7.5, 12.0, 8.5 ] },
								"down": { "texture": "#side2", "uv": [ 2.0, 8.0, 13.0, 9.0 ] }
							}
						}
					]
				},
				{
					"name": "Cube6",
					"from": [ 27.0, 21.0, 16.0 ],
					"to": [ 39.0, 22.0, 19.0 ],
					"rotationOrigin": [ 27.0, 21.0, 16.0 ],
					"rotationX": -180.0,
					"rotationZ": -180.0,
					"faces": {
						"north": { "texture": "#side2", "uv": [ 2.5, 10.0, 14.5, 11.0 ] },
						"east": { "texture": "#side2", "uv": [ 7.0, 9.0, 10.0, 10.0 ] },
						"south": { "texture": "#side2", "uv": [ 2.5, 8.0, 14.5, 9.0 ] },
						"west": { "texture": "#side2", "uv": [ 4.5, 6.5, 7.5, 7.5 ] },
						"up": { "texture": "#side2", "uv": [ 1.0, 1.0, 13.0, 4.0 ] },
						"down": { "texture": "#side2", "uv": [ 1.0, 1.0, 13.0, 4.0 ] }
					},
					"children": [
						{
							"name": "Cube7",
							"from": [ -4.0, -5.0, 1.0 ],
							"to": [ 7.0, -4.0, 2.0 ],
							"rotationOrigin": [ -4.0, 5.0, 1.0 ],
							"rotationZ": 22.5,
							"faces": {
								"north": { "texture": "#side2", "uv": [ 3.5, 10.5, 14.5, 11.5 ] },
								"east": { "texture": "#side2", "uv": [ 0.0, 0.0, 1.0, 1.0 ] },
								"south": { "texture": "#side2", "uv": [ 1.5, 12.0, 12.5, 13.0 ] },
								"west": { "texture": "#side2", "uv": [ 0.0, 0.0, 1.0, 1.0 ] },
								"up": { "texture": "#side2", "uv": [ 3.0, 10.0, 14.0, 11.0 ] },
								"down": { "texture": "#side2", "uv": [ 1.0, 8.0, 12.0, 9.0 ] }
							}
						}
					]
				},
				{
					"name": "Cube8",
					"from": [ 27.0, 21.0, 3.0 ],
					"to": [ 39.0, 22.0, 6.0 ],
					"rotationOrigin": [ 27.0, 21.0, 3.0 ],
					"rotationX": -180.0,
					"rotationZ": -180.0,
					"faces": {
						"north": { "texture": "#side2", "uv": [ 2.5, 9.0, 14.5, 10.0 ] },
						"east": { "texture": "#side2", "uv": [ 5.0, 7.5, 8.0, 8.5 ] },
						"south": { "texture": "#side2", "uv": [ 0.5, 8.5, 12.5, 9.5 ] },
						"west": { "texture": "#side2", "uv": [ 5.5, 12.0, 8.5, 13.0 ] },
						"up": { "texture": "#side2", "uv": [ 1.0, 1.0, 13.0, 4.0 ] },
						"down": { "texture": "#side2", "uv": [ 0.5, 1.0, 12.5, 4.0 ] }
					},
					"children": [
						{
							"name": "Cube9",
							"from": [ -4.0, -5.0, 1.0 ],
							"to": [ 7.0, -4.0, 2.0 ],
							"rotationOrigin": [ -4.0, 5.0, 1.0 ],
							"rotationZ": 22.5,
							"faces": {
								"north": { "texture": "#side2", "uv": [ 3.5, 9.5, 14.5, 10.5 ] },
								"east": { "texture": "#side2", "uv": [ 7.0, 9.0, 8.0, 10.0 ] },
								"south": { "texture": "#side2", "uv": [ 3.0, 9.5, 14.0, 10.5 ] },
								"west": { "texture": "#side2", "uv": [ 7.0, 10.0, 8.0, 11.0 ] },
								"up": { "texture": "#side2", "uv": [ 2.0, 11.5, 13.0, 12.5 ] },
								"down": { "texture": "#side2", "uv": [ 2.0, 9.5, 13.0, 10.5 ] }
							}
						}
					]
				},
				{
					"name": "Cube10",
					"from": [ 1.0, 20.0, -2.0 ],
					"to": [ 2.0, 21.0, 0.0 ],
					"rotationOrigin": [ 1.0, 20.0, -2.0 ],
					"faces": {
						"north": { "texture": "#aged-h", "uv": [ 8.5, 9.5, 9.5, 10.5 ] },
						"east": { "texture": "#aged-h", "uv": [ 6.5, 8.0, 8.5, 9.0 ] },
						"south": { "texture": "#aged-h", "uv": [ 6.5, 7.0, 7.5, 8.0 ] },
						"west": { "texture": "#aged-h", "uv": [ 6.0, 6.5, 8.0, 7.5 ] },
						"up": { "texture": "#aged-h", "uv": [ 5.0, 5.5, 6.0, 7.5 ] },
						"down": { "texture": "#aged-h", "uv": [ 6.0, 6.0, 7.0, 8.0 ] }
					},
					"children": [
						{
							"name": "Cube11",
							"from": [ 0.0, 0.0, 18.0 ],
							"to": [ 1.0, 1.0, 20.0 ],
							"rotationOrigin": [ 0.0, 0.0, 18.0 ],
							"faces": {
								"north": { "texture": "#aged-h", "uv": [ 4.5, 7.0, 5.5, 8.0 ] },
								"east": { "texture": "#aged-h", "uv": [ 2.5, 4.0, 4.5, 5.0 ] },
								"south": { "texture": "#aged-h", "uv": [ 6.5, 2.5, 7.5, 3.5 ] },
								"west": { "texture": "#aged-h", "uv": [ 4.5, 5.0, 6.5, 6.0 ] },
								"up": { "texture": "#aged-h", "uv": [ 8.0, 8.0, 9.0, 10.0 ] },
								"down": { "texture": "#aged-h", "uv": [ 3.0, 5.5, 4.0, 7.5 ] }
							}
						},
						{
							"name": "Cube12",
							"from": [ 27.0, 0.0, 18.0 ],
							"to": [ 28.0, 1.0, 20.0 ],
							"rotationOrigin": [ 27.0, 0.0, 18.0 ],
							"faces": {
								"north": { "texture": "#aged-h", "uv": [ 3.0, 4.5, 4.0, 5.5 ] },
								"east": { "texture": "#aged-h", "uv": [ 4.5, 3.0, 6.5, 4.0 ] },
								"south": { "texture": "#aged-h", "uv": [ 3.0, 4.5, 4.0, 5.5 ] },
								"west": { "texture": "#aged-h", "uv": [ 4.0, 5.5, 6.0, 6.5 ] },
								"up": { "texture": "#aged-h", "uv": [ 3.0, 5.0, 4.0, 7.0 ] },
								"down": { "texture": "#aged-h", "uv": [ 2.5, 4.5, 3.5, 6.5 ] }
							}
						},
						{
							"name": "Cube13",
							"from": [ 27.0, 0.0, 0.0 ],
							"to": [ 28.0, 1.0, 2.0 ],
							"rotationOrigin": [ 27.0, 0.0, 0.0 ],
							"faces": {
								"north": { "texture": "#aged-h", "uv": [ 4.0, 2.5, 5.0, 3.5 ] },
								"east": { "texture": "#aged-h", "uv": [ 3.5, 3.0, 5.5, 4.0 ] },
								"south": { "texture": "#aged-h", "uv": [ 5.0, 2.5, 6.0, 3.5 ] },
								"west": { "texture": "#aged-h", "uv": [ 1.5, 3.0, 3.5, 4.0 ] },
								"up": { "texture": "#aged-h", "uv": [ 4.5, 2.0, 5.5, 4.0 ] },
								"down": { "texture": "#aged-h", "uv": [ 4.5, 3.5, 5.5, 5.5 ] }
							}
						},
						{
							"name": "Cube14",
							"from": [ 30.0, 0.0, 3.0 ],
							"to": [ 32.0, 1.0, 4.0 ],
							"rotationOrigin": [ 30.0, 0.0, 3.0 ],
							"faces": {
								"north": { "texture": "#aged-h", "uv": [ 5.0, 5.0, 7.0, 6.0 ] },
								"east": { "texture": "#aged-h", "uv": [ 3.5, 6.0, 4.5, 7.0 ] },
								"south": { "texture": "#aged-h", "uv": [ 2.5, 2.0, 4.5, 3.0 ] },
								"west": { "texture": "#aged-h", "uv": [ 4.5, 6.0, 5.5, 7.0 ] },
								"up": { "texture": "#aged-h", "uv": [ 4.0, 3.5, 6.0, 4.5 ] },
								"down": { "texture": "#aged-h", "uv": [ 2.5, 3.0, 4.5, 4.0 ] }
							}
						},
						{
							"name": "Cube15",
							"from": [ 30.0, 0.0, 16.0 ],
							"to": [ 32.0, 1.0, 17.0 ],
							"rotationOrigin": [ 30.0, 0.0, 16.0 ],
							"faces": {
								"north": { "texture": "#aged-h", "uv": [ 3.5, 3.5, 5.5, 4.5 ] },
								"east": { "texture": "#aged-h", "uv": [ 7.5, 7.5, 8.5, 8.5 ] },
								"south": { "texture": "#aged-h", "uv": [ 7.0, 5.5, 9.0, 6.5 ] },
								"west": { "texture": "#aged-h", "uv": [ 5.0, 7.0, 6.0, 8.0 ] },
								"up": { "texture": "#aged-h", "uv": [ 5.5, 10.0, 7.5, 11.0 ] },
								"down": { "texture": "#aged-h", "uv": [ 4.5, 7.5, 6.5, 8.5 ] }
							}
						}
					]
				},
				{
					"name": "Cube19",
					"from": [ 2.0, 20.0, 17.0 ],
					"to": [ 28.0, 21.0, 18.0 ],
					"rotationOrigin": [ 2.0, 20.0, 17.0 ],
					"faces": {
						"north": { "texture": "#aged-h", "uv": [ 1.5, 7.5, 15.5, 8.5 ], "autoUv": false },
						"east": { "texture": "#aged-h", "uv": [ 0.0, 0.0, 1.0, 1.0 ] },
						"south": { "texture": "#aged-h", "uv": [ 0.0, 10.0, 16.0, 11.0 ], "autoUv": false },
						"west": { "texture": "#aged-h", "uv": [ 0.0, 0.0, 1.0, 1.0 ] },
						"up": { "texture": "#aged-h", "uv": [ 2.0, 6.5, 16.0, 7.5 ], "autoUv": false },
						"down": { "texture": "#aged-h", "uv": [ 0.5, 7.0, 15.5, 8.0 ], "autoUv": false }
					}
				},
				{
					"name": "Cube26",
					"from": [ 2.0, 20.0, -2.0 ],
					"to": [ 28.0, 21.0, -1.0 ],
					"rotationOrigin": [ 2.0, 21.0, -2.0 ],
					"faces": {
						"north": { "texture": "#aged-h", "uv": [ 0.0, 5.5, 16.0, 6.5 ], "autoUv": false },
						"east": { "texture": "#aged-h", "uv": [ 0.0, 0.0, 1.0, 1.0 ] },
						"south": { "texture": "#aged-h", "uv": [ 0.5, 6.5, 14.5, 7.5 ], "autoUv": false },
						"west": { "texture": "#aged-h", "uv": [ 0.0, 0.0, 1.0, 1.0 ] },
						"up": { "texture": "#aged-h", "uv": [ 0.0, 8.5, 16.0, 9.5 ], "autoUv": false },
						"down": { "texture": "#aged-h", "uv": [ 2.5, 5.5, 15.5, 6.5 ], "autoUv": false }
					}
				},
				{
					"name": "Cube16",
					"from": [ 32.0, 20.0, 2.0 ],
					"to": [ 33.0, 21.0, 14.0 ],
					"rotationOrigin": [ 32.0, 20.0, 2.0 ],
					"faces": {
						"north": { "texture": "#aged-h", "uv": [ 0.0, 0.0, 1.0, 1.0 ] },
						"east": { "texture": "#aged-h", "uv": [ 2.0, 7.0, 14.0, 8.0 ] },
						"south": { "texture": "#aged-h", "uv": [ 0.0, 0.0, 1.0, 1.0 ] },
						"west": { "texture": "#aged-h", "uv": [ 1.0, 7.5, 13.0, 8.5 ] },
						"up": { "texture": "#aged-h", "uv": [ 5.0, 2.5, 6.0, 14.5 ] },
						"down": { "texture": "#aged-h", "uv": [ 5.5, 2.5, 6.5, 14.5 ] }
					}
				},
				{
					"name": "Cube38",
					"from": [ 0.0, 21.0, 4.0 ],
					"to": [ 3.0, 22.0, 12.0 ],
					"rotationOrigin": [ 0.0, 21.0, 4.0 ],
					"faces": {
						"north": { "texture": "#side2", "uv": [ 2.5, 8.0, 5.5, 9.0 ] },
						"east": { "texture": "#side2", "uv": [ 2.0, 9.5, 10.0, 10.5 ] },
						"south": { "texture": "#side2", "uv": [ 3.5, 9.5, 6.5, 10.5 ] },
						"west": { "texture": "#side2", "uv": [ 2.0, 9.5, 10.0, 10.5 ] },
						"up": { "texture": "#side2", "uv": [ 6.0, 7.0, 9.0, 15.0 ] },
						"down": { "texture": "#side2", "uv": [ 10.5, 6.5, 13.5, 14.5 ] }
					},
					"children": [
						{
							"name": "Cube39",
							"from": [ 1.0, -4.0, 0.0 ],
							"to": [ 2.0, -3.0, 6.0 ],
							"rotationOrigin": [ 1.0, -4.0, 0.0 ],
							"rotationX": -45.0,
							"faces": {
								"north": { "texture": "#side2", "uv": [ 0.0, 0.0, 1.0, 1.0 ] },
								"east": { "texture": "#side2", "uv": [ 3.5, 10.5, 9.5, 11.5 ] },
								"south": { "texture": "#side2", "uv": [ 0.0, 0.0, 1.0, 1.0 ] },
								"west": { "texture": "#side2", "uv": [ 7.5, 13.5, 13.5, 14.5 ] },
								"up": { "texture": "#side2", "uv": [ 9.5, 10.0, 10.5, 16.0 ] },
								"down": { "texture": "#side2", "uv": [ 8.0, 8.0, 9.0, 14.0 ] }
							}
						},
						{
							"name": "Cube40",
							"from": [ 1.0, -3.3, 9.0 ],
							"to": [ 2.0, -2.3, 15.0 ],
							"rotationOrigin": [ 1.0, -3.3, 9.0 ],
							"rotationX": -135.0,
							"faces": {
								"north": { "texture": "#side2", "uv": [ 0.0, 0.0, 1.0, 1.0 ] },
								"east": { "texture": "#side2", "uv": [ 4.5, 11.5, 10.5, 12.5 ] },
								"south": { "texture": "#side2", "uv": [ 0.0, 0.0, 1.0, 1.0 ] },
								"west": { "texture": "#side2", "uv": [ 6.5, 13.0, 12.5, 14.0 ] },
								"up": { "texture": "#side2", "uv": [ 7.5, 8.0, 8.5, 14.0 ] },
								"down": { "texture": "#side2", "uv": [ 8.5, 7.5, 9.5, 13.5 ] }
							}
						}
					]
				},
				{
					"name": "Cube41",
					"from": [ 28.0, 21.0, 4.0 ],
					"to": [ 31.0, 22.0, 12.0 ],
					"rotationOrigin": [ 28.0, 21.0, 4.0 ],
					"faces": {
						"north": { "texture": "#side2", "uv": [ 4.5, 8.0, 7.5, 9.0 ] },
						"east": { "texture": "#side2", "uv": [ 5.5, 12.0, 13.5, 13.0 ] },
						"south": { "texture": "#side2", "uv": [ 7.0, 11.0, 10.0, 12.0 ] },
						"west": { "texture": "#side2", "uv": [ 4.5, 10.0, 12.5, 11.0 ] },
						"up": { "texture": "#side2", "uv": [ 5.0, 7.5, 8.0, 15.5 ] },
						"down": { "texture": "#side2", "uv": [ 4.0, 6.5, 7.0, 14.5 ] }
					},
					"children": [
						{
							"name": "Cube42",
							"from": [ 1.0, -4.0, 0.0 ],
							"to": [ 2.0, -3.0, 6.0 ],
							"rotationOrigin": [ 1.0, -4.0, 0.0 ],
							"rotationX": -45.0,
							"faces": {
								"north": { "texture": "#side2", "uv": [ 0.0, 0.0, 1.0, 1.0 ] },
								"east": { "texture": "#side2", "uv": [ 3.0, 8.5, 9.0, 9.5 ] },
								"south": { "texture": "#side2", "uv": [ 0.0, 0.0, 1.0, 1.0 ] },
								"west": { "texture": "#side2", "uv": [ 5.0, 9.5, 11.0, 10.5 ] },
								"up": { "texture": "#side2", "uv": [ 5.0, 6.5, 6.0, 12.5 ] },
								"down": { "texture": "#side2", "uv": [ 4.5, 7.5, 5.5, 13.5 ] }
							}
						},
						{
							"name": "Cube43",
							"from": [ 1.0, -3.3, 9.0 ],
							"to": [ 2.0, -2.3, 15.0 ],
							"rotationOrigin": [ 1.0, -3.3, 9.0 ],
							"rotationX": -135.0,
							"faces": {
								"north": { "texture": "#side2", "uv": [ 0.0, 0.0, 1.0, 1.0 ] },
								"east": { "texture": "#side2", "uv": [ 3.5, 11.0, 9.5, 12.0 ] },
								"south": { "texture": "#side2", "uv": [ 0.0, 0.0, 1.0, 1.0 ] },
								"west": { "texture": "#side2", "uv": [ 3.5, 8.0, 9.5, 9.0 ] },
								"up": { "texture": "#side2", "uv": [ 6.0, 7.5, 7.0, 13.5 ] },
								"down": { "texture": "#side2", "uv": [ 5.0, 7.5, 6.0, 13.5 ] }
							}
						}
					]
				},
				{
					"name": "ring1",
					"from": [ 2.7, 19.7, -2.3 ],
					"to": [ 3.0, 21.3, -0.7 ],
					"rotationOrigin": [ 2.7, 19.7, -2.3 ],
					"faces": {
						"north": { "texture": "#brass", "uv": [ 0.0, 0.0, 0.5, 1.5 ] },
						"east": { "texture": "#brass", "uv": [ 0.0, 0.0, 1.5, 1.5 ] },
						"south": { "texture": "#brass", "uv": [ 0.0, 0.0, 0.5, 1.5 ] },
						"west": { "texture": "#brass", "uv": [ 0.0, 0.0, 1.5, 1.5 ] },
						"up": { "texture": "#brass", "uv": [ 0.0, 0.0, 0.5, 1.5 ] },
						"down": { "texture": "#brass", "uv": [ 0.0, 0.0, 0.5, 1.5 ] }
					},
					"children": [
						{
							"name": "ring2",
							"from": [ 0.5, 0.0, 0.0 ],
							"to": [ 0.8, 1.6, 1.6 ],
							"rotationOrigin": [ 0.5, 0.0, 0.0 ],
							"faces": {
								"north": { "texture": "#brass", "uv": [ 0.0, 0.0, 0.5, 1.5 ] },
								"east": { "texture": "#brass", "uv": [ 0.0, 0.0, 1.5, 1.5 ] },
								"south": { "texture": "#brass", "uv": [ 0.0, 0.0, 0.5, 1.5 ] },
								"west": { "texture": "#brass", "uv": [ 0.0, 0.0, 1.5, 1.5 ] },
								"up": { "texture": "#brass", "uv": [ 0.0, 0.0, 0.5, 1.5 ] },
								"down": { "texture": "#brass", "uv": [ 0.0, 0.0, 0.5, 1.5 ] }
							}
						},
						{
							"name": "ring3",
							"from": [ 1.4, 0.0, 0.0 ],
							"to": [ 1.7, 1.6, 1.6 ],
							"rotationOrigin": [ 1.4, 0.0, 0.0 ],
							"faces": {
								"north": { "texture": "#brass", "uv": [ 0.0, 0.0, 0.5, 1.5 ] },
								"east": { "texture": "#brass", "uv": [ 0.0, 0.0, 1.5, 1.5 ] },
								"south": { "texture": "#brass", "uv": [ 0.0, 0.0, 0.5, 1.5 ] },
								"west": { "texture": "#brass", "uv": [ 0.0, 0.0, 1.5, 1.5 ] },
								"up": { "texture": "#brass", "uv": [ 0.0, 0.0, 0.5, 1.5 ] },
								"down": { "texture": "#brass", "uv": [ 0.0, 0.0, 0.5, 1.5 ] }
							}
						},
						{
							"name": "ring4",
							"from": [ 2.4, 0.0, 0.0 ],
							"to": [ 2.7, 1.6, 1.6 ],
							"rotationOrigin": [ 2.4, 0.0, 0.0 ],
							"faces": {
								"north": { "texture": "#brass", "uv": [ 0.0, 0.0, 0.5, 1.5 ] },
								"east": { "texture": "#brass", "uv": [ 0.0, 0.0, 1.5, 1.5 ] },
								"south": { "texture": "#brass", "uv": [ 0.0, 0.0, 0.5, 1.5 ] },
								"west": { "texture": "#brass", "uv": [ 0.0, 0.0, 1.5, 1.5 ] },
								"up": { "texture": "#brass", "uv": [ 0.0, 0.0, 0.5, 1.5 ] },
								"down": { "texture": "#brass", "uv": [ 0.0, 0.0, 0.5, 1.5 ] }
							}
						},
						{
							"name": "ring5",
							"from": [ 3.2, 0.0, 0.0 ],
							"to": [ 3.5, 1.6, 1.6 ],
							"rotationOrigin": [ 3.2, 0.0, 0.0 ],
							"faces": {
								"north": { "texture": "#brass", "uv": [ 0.0, 0.0, 0.5, 1.5 ] },
								"east": { "texture": "#brass", "uv": [ 0.0, 0.0, 1.5, 1.5 ] },
								"south": { "texture": "#brass", "uv": [ 0.0, 0.0, 0.5, 1.5 ] },
								"west": { "texture": "#brass", "uv": [ 0.0, 0.0, 1.5, 1.5 ] },
								"up": { "texture": "#brass", "uv": [ 0.0, 0.0, 0.5, 1.5 ] },
								"down": { "texture": "#brass", "uv": [ 0.0, 0.0, 0.5, 1.5 ] }
							}
						},
						{
							"name": "ring6",
							"from": [ 4.2, 0.0, 0.0 ],
							"to": [ 4.5, 1.6, 1.6 ],
							"rotationOrigin": [ 4.2, 0.0, 0.0 ],
							"faces": {
								"north": { "texture": "#brass", "uv": [ 0.0, 0.0, 0.5, 1.5 ] },
								"east": { "texture": "#brass", "uv": [ 0.0, 0.0, 1.5, 1.5 ] },
								"south": { "texture": "#brass", "uv": [ 0.0, 0.0, 0.5, 1.5 ] },
								"west": { "texture": "#brass", "uv": [ 0.0, 0.0, 1.5, 1.5 ] },
								"up": { "texture": "#brass", "uv": [ 0.0, 0.0, 0.5, 1.5 ] },
								"down": { "texture": "#brass", "uv": [ 0.0, 0.0, 0.5, 1.5 ] }
							}
						}
					]
				},
				{
					"name": "ring7",
					"from": [ 2.2, 19.7, 16.7 ],
					"to": [ 2.5, 21.3, 18.3 ],
					"rotationOrigin": [ 2.2, 19.7, 16.7 ],
					"faces": {
						"north": { "texture": "#brass", "uv": [ 0.0, 0.0, 0.5, 1.5 ] },
						"east": { "texture": "#brass", "uv": [ 0.0, 0.0, 1.5, 1.5 ] },
						"south": { "texture": "#brass", "uv": [ 0.0, 0.0, 0.5, 1.5 ] },
						"west": { "texture": "#brass", "uv": [ 0.0, 0.0, 1.5, 1.5 ] },
						"up": { "texture": "#brass", "uv": [ 0.0, 0.0, 0.5, 1.5 ] },
						"down": { "texture": "#brass", "uv": [ 0.0, 0.0, 0.5, 1.5 ] }
					},
					"children": [
						{
							"name": "ring8",
							"from": [ 0.6, 0.0, 0.0 ],
							"to": [ 0.9, 1.6, 1.6 ],
							"rotationOrigin": [ 0.6, 0.0, 0.0 ],
							"faces": {
								"north": { "texture": "#brass", "uv": [ 0.0, 0.0, 0.5, 1.5 ] },
								"east": { "texture": "#brass", "uv": [ 0.0, 0.0, 1.5, 1.5 ] },
								"south": { "texture": "#brass", "uv": [ 0.0, 0.0, 0.5, 1.5 ] },
								"west": { "texture": "#brass", "uv": [ 0.0, 0.0, 1.5, 1.5 ] },
								"up": { "texture": "#brass", "uv": [ 0.0, 0.0, 0.5, 1.5 ] },
								"down": { "texture": "#brass", "uv": [ 0.0, 0.0, 0.5, 1.5 ] }
							}
						},
						{
							"name": "ring9",
							"from": [ 2.0, 0.0, 0.0 ],
							"to": [ 2.3, 1.6, 1.6 ],
							"rotationOrigin": [ 2.0, 0.0, 0.0 ],
							"faces": {
								"north": { "texture": "#brass", "uv": [ 0.0, 0.0, 0.5, 1.5 ] },
								"east": { "texture": "#brass", "uv": [ 0.0, 0.0, 1.5, 1.5 ] },
								"south": { "texture": "#brass", "uv": [ 0.0, 0.0, 0.5, 1.5 ] },
								"west": { "texture": "#brass", "uv": [ 0.0, 0.0, 1.5, 1.5 ] },
								"up": { "texture": "#brass", "uv": [ 0.0, 0.0, 0.5, 1.5 ] },
								"down": { "texture": "#brass", "uv": [ 0.0, 0.0, 0.5, 1.5 ] }
							}
						},
						{
							"name": "ring10",
							"from": [ 2.7, 0.0, 0.0 ],
							"to": [ 3.0, 1.6, 1.6 ],
							"rotationOrigin": [ 2.7, 0.0, 0.0 ],
							"faces": {
								"north": { "texture": "#brass", "uv": [ 0.0, 0.0, 0.5, 1.5 ] },
								"east": { "texture": "#brass", "uv": [ 0.0, 0.0, 1.5, 1.5 ] },
								"south": { "texture": "#brass", "uv": [ 0.0, 0.0, 0.5, 1.5 ] },
								"west": { "texture": "#brass", "uv": [ 0.0, 0.0, 1.5, 1.5 ] },
								"up": { "texture": "#brass", "uv": [ 0.0, 0.0, 0.5, 1.5 ] },
								"down": { "texture": "#brass", "uv": [ 0.0, 0.0, 0.5, 1.5 ] }
							}
						},
						{
							"name": "ring11",
							"from": [ 3.8, 0.0, 0.0 ],
							"to": [ 4.1, 1.6, 1.6 ],
							"rotationOrigin": [ 3.8, 0.0, 0.0 ],
							"faces": {
								"north": { "texture": "#brass", "uv": [ 0.0, 0.0, 0.5, 1.5 ] },
								"east": { "texture": "#brass", "uv": [ 0.0, 0.0, 1.5, 1.5 ] },
								"south": { "texture": "#brass", "uv": [ 0.0, 0.0, 0.5, 1.5 ] },
								"west": { "texture": "#brass", "uv": [ 0.0, 0.0, 1.5, 1.5 ] },
								"up": { "texture": "#brass", "uv": [ 0.0, 0.0, 0.5, 1.5 ] },
								"down": { "texture": "#brass", "uv": [ 0.0, 0.0, 0.5, 1.5 ] }
							}
						},
						{
							"name": "ring12",
							"from": [ 5.0, 0.0, 0.0 ],
							"to": [ 5.3, 1.6, 1.6 ],
							"rotationOrigin": [ 5.0, 0.0, 0.0 ],
							"faces": {
								"north": { "texture": "#brass", "uv": [ 0.0, 0.0, 0.5, 1.5 ] },
								"east": { "texture": "#brass", "uv": [ 0.0, 0.0, 1.5, 1.5 ] },
								"south": { "texture": "#brass", "uv": [ 0.0, 0.0, 0.5, 1.5 ] },
								"west": { "texture": "#brass", "uv": [ 0.0, 0.0, 1.5, 1.5 ] },
								"up": { "texture": "#brass", "uv": [ 0.0, 0.0, 0.5, 1.5 ] },
								"down": { "texture": "#brass", "uv": [ 0.0, 0.0, 0.5, 1.5 ] }
							}
						}
					]
				},
				{
					"name": "ring13",
					"from": [ 31.7, 19.7, 3.4 ],
					"to": [ 33.3, 21.3, 3.7 ],
					"rotationOrigin": [ 31.7, 19.7, 3.4 ],
					"faces": {
						"north": { "texture": "#brass", "uv": [ 0.0, 0.0, 0.5, 1.5 ], "autoUv": false },
						"east": { "texture": "#brass", "uv": [ 0.0, 0.0, 0.5, 1.5 ] },
						"south": { "texture": "#brass", "uv": [ 0.0, 0.0, 1.5, 1.5 ] },
						"west": { "texture": "#brass", "uv": [ 0.0, 0.0, 0.5, 1.5 ] },
						"up": { "texture": "#brass", "uv": [ 0.0, 0.0, 1.5, 0.5 ] },
						"down": { "texture": "#brass", "uv": [ 0.0, 0.0, 1.5, 0.5 ] }
					},
					"children": [
						{
							"name": "ring14",
							"from": [ 0.0, 0.0, -0.6 ],
							"to": [ 1.6, 1.6, -0.3 ],
							"rotationOrigin": [ 0.0, 0.0, -0.6 ],
							"faces": {
								"north": { "texture": "#brass", "uv": [ 0.0, 0.0, 1.5, 1.5 ] },
								"east": { "texture": "#brass", "uv": [ 0.0, 0.0, 0.5, 1.5 ] },
								"south": { "texture": "#brass", "uv": [ 0.0, 0.0, 1.5, 1.5 ] },
								"west": { "texture": "#brass", "uv": [ 0.0, 0.0, 0.5, 1.5 ] },
								"up": { "texture": "#brass", "uv": [ 0.0, 0.0, 1.5, 0.5 ] },
								"down": { "texture": "#brass", "uv": [ 0.0, 0.0, 1.5, 0.5 ] }
							}
						},
						{
							"name": "ring15",
							"from": [ 0.0, 0.0, -1.4 ],
							"to": [ 1.6, 1.6, -1.1 ],
							"rotationOrigin": [ 0.0, 0.0, -1.4 ],
							"faces": {
								"north": { "texture": "#brass", "uv": [ 0.0, 0.0, 1.5, 1.5 ] },
								"east": { "texture": "#brass", "uv": [ 0.0, 0.0, 0.5, 1.5 ] },
								"south": { "texture": "#brass", "uv": [ 0.0, 0.0, 1.5, 1.5 ] },
								"west": { "texture": "#brass", "uv": [ 0.0, 0.0, 0.5, 1.5 ] },
								"up": { "texture": "#brass", "uv": [ 0.0, 0.0, 1.5, 0.5 ] },
								"down": { "texture": "#brass", "uv": [ 0.0, 0.0, 1.5, 0.5 ] }
							}
						}
					]
				},
				{
					"name": "Curtain2",
					"from": [ 1.9, -7.0, -0.8 ],
					"to": [ 3.2, 20.0, -0.3 ],
					"rotationOrigin": [ 1.9, -7.0, -0.8 ],
					"rotationY": 67.5,
					"faces": {
						"north": { "texture": "#red", "uv": [ 1.5, 0.0, 2.5, 15.0 ], "autoUv": false, "windMode": [4,0,0,4], "windData": [0,4,4,0] },
						"east": { "texture": "#red", "uv": [ 11.5, 0.5, 12.0, 15.5 ], "autoUv": false, "windMode": [4,0,0,4], "windData": [0,4,4,0] },
						"south": { "texture": "#red", "uv": [ 5.5, 0.5, 6.5, 15.5 ], "autoUv": false, "windMode": [4,4,0,0], "windData": [0,0,4,4] },
						"west": { "texture": "#red", "uv": [ 6.0, 0.5, 6.5, 15.5 ], "autoUv": false, "windMode": [4,4,0,0], "windData": [0,0,4,4] },
						"up": { "texture": "#red", "uv": [ 2.0, 5.0, 3.0, 5.5 ], "windMode": [0,0,0,0], "windData": [1,1,1,1] },
						"down": { "texture": "#red", "uv": [ 9.5, 15.0, 10.5, 15.5 ], "windMode": [4,4,4,4], "windData": [0,0,0,0] }
					},
					"children": [
						{
							"name": "Curtain5",
							"from": [ 0.3827, 0.0, 0.9239 ],
							"to": [ 1.6827, 27.0, 1.4239 ],
							"rotationOrigin": [ 0.3827, 0.0, 0.9239 ],
							"faces": {
								"north": { "texture": "#red", "uv": [ 13.5, 0.5, 14.5, 15.5 ], "autoUv": false, "windMode": [4,0,0,4], "windData": [0,4,4,0] },
								"east": { "texture": "#red", "uv": [ 4.5, 0.5, 5.0, 15.5 ], "autoUv": false, "windMode": [4,0,0,4], "windData": [0,4,4,0] },
								"south": { "texture": "#red", "uv": [ 7.5, 0.0, 8.5, 15.0 ], "autoUv": false, "windMode": [4,4,0,0], "windData": [0,0,4,4] },
								"west": { "texture": "#red", "uv": [ 0.5, 0.0, 1.0, 15.0 ], "autoUv": false, "windMode": [4,4,0,0], "windData": [0,0,4,4] },
								"up": { "texture": "#red", "uv": [ 8.0, 2.5, 9.0, 3.0 ], "windMode": [0,0,0,0], "windData": [1,1,1,1] },
								"down": { "texture": "#red", "uv": [ 4.5, 5.5, 5.5, 6.0 ], "windMode": [4,4,4,4], "windData": [0,0,0,0] }
							}
						},
						{
							"name": "Curtain4",
							"from": [ 0.1979, 0.0, 1.0004 ],
							"to": [ 1.4979, 27.0, 1.5004 ],
							"rotationOrigin": [ 0.1979, 0.0, 1.0004 ],
							"rotationY": 45.0,
							"faces": {
								"north": { "texture": "#red", "uv": [ 6.0, 0.0, 7.0, 15.0 ], "autoUv": false, "windMode": [4,0,0,4], "windData": [0,4,4,0] },
								"east": { "texture": "#red", "uv": [ 0.5, 0.5, 1.0, 15.5 ], "autoUv": false, "windMode": [4,0,0,4], "windData": [0,4,4,0] },
								"south": { "texture": "#red", "uv": [ 10.0, 0.5, 11.0, 15.5 ], "autoUv": false, "windMode": [4,4,0,0], "windData": [0,0,4,4] },
								"west": { "texture": "#red", "uv": [ 3.0, 0.0, 3.5, 15.0 ], "autoUv": false, "windMode": [4,4,0,0], "windData": [0,0,4,4] },
								"up": { "texture": "#red", "uv": [ 6.5, 5.0, 7.5, 5.5 ], "windMode": [0,0,0,0], "windData": [1,1,1,1] },
								"down": { "texture": "#red", "uv": [ 4.0, 3.5, 5.0, 4.0 ], "windMode": [4,4,4,4], "windData": [0,0,0,0] }
							},
							"children": [
								{
									"name": "Curtain6",
									"from": [ -0.3827, 0.0, 0.9239 ],
									"to": [ 0.9173, 27.0, 1.4239 ],
									"rotationOrigin": [ -0.3827, 0.0, 0.9239 ],
									"faces": {
										"north": { "texture": "#red", "uv": [ 4.5, 0.0, 5.5, 15.0 ], "autoUv": false, "windMode": [4,0,0,4], "windData": [0,4,4,0] },
										"east": { "texture": "#red", "uv": [ 8.5, 0.5, 9.0, 15.5 ], "autoUv": false, "windMode": [4,0,0,4], "windData": [0,4,4,0] },
										"south": { "texture": "#red", "uv": [ 8.0, 0.5, 9.0, 15.5 ], "autoUv": false, "windMode": [4,4,0,0], "windData": [0,0,4,4] },
										"west": { "texture": "#red", "uv": [ 6.0, 0.0, 6.5, 15.0 ], "autoUv": false, "windMode": [4,4,0,0], "windData": [0,0,4,4] },
										"up": { "texture": "#red", "uv": [ 0.0, 2.5, 1.0, 3.0 ], "windMode": [0,0,0,0], "windData": [1,1,1,1] },
										"down": { "texture": "#red", "uv": [ 3.5, 5.0, 4.5, 5.5 ], "windMode": [4,4,4,4], "windData": [0,0,0,0] }
									}
								}
							]
						},
						{
							"name": "Curtain7",
							"from": [ 0.7654, 0.0, 1.8478 ],
							"to": [ 2.0654, 27.0, 2.3478 ],
							"rotationOrigin": [ 0.7654, 0.0, 1.8478 ],
							"faces": {
								"north": { "texture": "#red", "uv": [ 14.5, 0.0, 15.5, 15.0 ], "autoUv": false, "windMode": [4,0,0,4], "windData": [0,4,4,0] },
								"east": { "texture": "#red", "uv": [ 8.0, 0.5, 8.5, 15.5 ], "autoUv": false, "windMode": [4,0,0,4], "windData": [0,4,4,0] },
								"south": { "texture": "#red", "uv": [ 6.0, 0.0, 7.0, 15.0 ], "autoUv": false, "windMode": [4,4,0,0], "windData": [0,0,4,4] },
								"west": { "texture": "#red", "uv": [ 13.0, 0.0, 13.5, 15.0 ], "autoUv": false, "windMode": [4,4,0,0], "windData": [0,0,4,4] },
								"up": { "texture": "#red", "uv": [ 13.5, 5.5, 14.5, 6.0 ], "windMode": [0,0,0,0], "windData": [1,1,1,1] },
								"down": { "texture": "#red", "uv": [ 4.0, 8.0, 5.0, 8.5 ], "windMode": [4,4,4,4], "windData": [0,0,0,0] }
							},
							"children": [
								{
									"name": "Curtain8",
									"from": [ 0.3827, 0.0, 0.9239 ],
									"to": [ 1.6827, 27.0, 1.4239 ],
									"rotationOrigin": [ 0.3827, 0.0, 0.9239 ],
									"faces": {
										"north": { "texture": "#red", "uv": [ 0.5, 0.5, 1.5, 15.5 ], "autoUv": false, "windMode": [4,0,0,4], "windData": [0,4,4,0] },
										"east": { "texture": "#red", "uv": [ 6.5, 0.5, 7.0, 15.5 ], "autoUv": false, "windMode": [4,0,0,4], "windData": [0,4,4,0] },
										"south": { "texture": "#red", "uv": [ 0.0, 0.5, 1.0, 15.5 ], "autoUv": false, "windMode": [4,4,0,0], "windData": [0,0,4,4] },
										"west": { "texture": "#red", "uv": [ 1.5, 0.0, 2.0, 15.0 ], "autoUv": false, "windMode": [4,4,0,0], "windData": [0,0,4,4] },
										"up": { "texture": "#red", "uv": [ 13.5, 9.5, 14.5, 10.0 ], "windMode": [0,0,0,0], "windData": [1,1,1,1] },
										"down": { "texture": "#red", "uv": [ 7.5, 3.0, 8.5, 3.5 ], "windMode": [4,4,4,4], "windData": [0,0,0,0] }
									}
								}
							]
						},
						{
							"name": "Curtain9",
							"from": [ 0.9633, 0.0, 2.8482 ],
							"to": [ 2.2633, 27.0, 3.3482 ],
							"rotationOrigin": [ 0.9633, 0.0, 2.8482 ],
							"rotationY": 45.0,
							"faces": {
								"north": { "texture": "#red", "uv": [ 1.0, 0.5, 2.0, 15.5 ], "autoUv": false, "windMode": [4,0,0,4], "windData": [0,4,4,0] },
								"east": { "texture": "#red", "uv": [ 5.5, 0.5, 6.0, 15.5 ], "autoUv": false, "windMode": [4,0,0,4], "windData": [0,4,4,0] },
								"south": { "texture": "#red", "uv": [ 11.5, 0.0, 12.5, 15.0 ], "autoUv": false, "windMode": [4,4,0,0], "windData": [0,0,4,4] },
								"west": { "texture": "#red", "uv": [ 4.0, 0.0, 4.5, 15.0 ], "autoUv": false, "windMode": [4,4,0,0], "windData": [0,0,4,4] },
								"up": { "texture": "#red", "uv": [ 6.0, 1.0, 7.0, 1.5 ], "windMode": [0,0,0,0], "windData": [1,1,1,1] },
								"down": { "texture": "#red", "uv": [ 1.0, 8.5, 2.0, 9.0 ], "windMode": [4,4,4,4], "windData": [0,0,0,0] }
							},
							"children": [
								{
									"name": "Curtain10",
									"from": [ -0.3827, 0.0, 0.9239 ],
									"to": [ 0.9173, 27.0, 1.4239 ],
									"rotationOrigin": [ -0.3827, 0.0, 0.9239 ],
									"faces": {
										"north": { "texture": "#red", "uv": [ 10.5, 0.0, 11.5, 15.0 ], "autoUv": false, "windMode": [4,0,0,4], "windData": [0,4,4,0] },
										"east": { "texture": "#red", "uv": [ 14.0, 0.5, 14.5, 15.5 ], "autoUv": false, "windMode": [4,0,0,4], "windData": [0,4,4,0] },
										"south": { "texture": "#red", "uv": [ 14.0, 0.0, 15.0, 15.0 ], "autoUv": false, "windMode": [4,4,0,0], "windData": [0,0,4,4] },
										"west": { "texture": "#red", "uv": [ 6.0, 0.0, 6.5, 15.0 ], "autoUv": false, "windMode": [4,4,0,0], "windData": [0,0,4,4] },
										"up": { "texture": "#red", "uv": [ 13.0, 8.5, 14.0, 9.0 ], "windMode": [0,0,0,0], "windData": [1,1,1,1] },
										"down": { "texture": "#red", "uv": [ 7.5, 14.5, 8.5, 15.0 ], "windMode": [4,4,4,4], "windData": [0,0,0,0] }
									}
								}
							]
						},
						{
							"name": "Curtain11",
							"from": [ 1.5307, 0.0, 3.6955 ],
							"to": [ 2.8307, 27.0, 4.1955 ],
							"rotationOrigin": [ 1.5307, 0.0, 3.6955 ],
							"faces": {
								"north": { "texture": "#red", "uv": [ 9.5, 0.0, 10.5, 15.0 ], "autoUv": false, "windMode": [4,0,0,4], "windData": [0,4,4,0] },
								"east": { "texture": "#red", "uv": [ 6.5, 0.5, 7.0, 15.5 ], "autoUv": false, "windMode": [4,0,0,4], "windData": [0,4,4,0] },
								"south": { "texture": "#red", "uv": [ 12.5, 0.0, 13.5, 15.0 ], "autoUv": false, "windMode": [4,4,0,0], "windData": [0,0,4,4] },
								"west": { "texture": "#red", "uv": [ 6.0, 0.0, 6.5, 15.0 ], "autoUv": false, "windMode": [4,4,0,0], "windData": [0,0,4,4] },
								"up": { "texture": "#red", "uv": [ 13.5, 3.5, 14.5, 4.0 ], "windMode": [0,0,0,0], "windData": [1,1,1,1] },
								"down": { "texture": "#red", "uv": [ 0.5, 12.5, 1.5, 13.0 ], "windMode": [4,4,4,4], "windData": [0,0,0,0] }
							},
							"children": [
								{
									"name": "Curtain12",
									"from": [ 0.3827, 0.0, 0.9239 ],
									"to": [ 1.6827, 27.0, 1.4239 ],
									"rotationOrigin": [ 0.3827, 0.0, 0.9239 ],
									"faces": {
										"north": { "texture": "#red", "uv": [ 1.5, 0.5, 2.5, 15.5 ], "autoUv": false, "windMode": [4,0,0,4], "windData": [0,4,4,0] },
										"east": { "texture": "#red", "uv": [ 0.0, 0.0, 0.5, 15.0 ], "autoUv": false, "windMode": [4,0,0,4], "windData": [0,4,4,0] },
										"south": { "texture": "#red", "uv": [ 11.5, 0.0, 12.5, 15.0 ], "autoUv": false, "windMode": [4,4,0,0], "windData": [0,0,4,4] },
										"west": { "texture": "#red", "uv": [ 1.5, 0.5, 2.0, 15.5 ], "autoUv": false, "windMode": [4,4,0,0], "windData": [0,0,4,4] },
										"up": { "texture": "#red", "uv": [ 3.5, 11.5, 4.5, 12.0 ], "windMode": [0,0,0,0], "windData": [1,1,1,1] },
										"down": { "texture": "#red", "uv": [ 1.5, 2.0, 2.5, 2.5 ], "windMode": [4,4,4,4], "windData": [0,0,0,0] }
									}
								}
							]
						},
						{
							"name": "Curtain13",
							"from": [ 1.3459, 0.0, 3.7721 ],
							"to": [ 2.6459, 27.0, 4.2721 ],
							"rotationOrigin": [ 1.3459, 0.0, 3.7721 ],
							"rotationY": 45.0,
							"faces": {
								"north": { "texture": "#red", "uv": [ 12.0, 0.5, 13.0, 15.5 ], "autoUv": false, "windMode": [4,0,0,4], "windData": [0,4,4,0] },
								"east": { "texture": "#red", "uv": [ 5.5, 0.5, 6.0, 15.5 ], "autoUv": false, "windMode": [4,0,0,4], "windData": [0,4,4,0] },
								"south": { "texture": "#red", "uv": [ 13.0, 0.0, 14.0, 15.0 ], "autoUv": false, "windMode": [4,4,0,0], "windData": [0,0,4,4] },
								"west": { "texture": "#red", "uv": [ 0.0, 0.0, 0.5, 15.0 ], "autoUv": false, "windMode": [4,4,0,0], "windData": [0,0,4,4] },
								"up": { "texture": "#red", "uv": [ 5.5, 4.0, 6.5, 4.5 ], "windMode": [0,0,0,0], "windData": [1,1,1,1] },
								"down": { "texture": "#red", "uv": [ 8.5, 8.0, 9.5, 8.5 ], "windMode": [4,4,4,4], "windData": [0,0,0,0] }
							},
							"children": [
								{
									"name": "Curtain14",
									"from": [ -0.3827, 0.0, 0.9239 ],
									"to": [ 0.9173, 27.0, 1.4239 ],
									"rotationOrigin": [ -0.3827, 0.0, 0.9239 ],
									"faces": {
										"north": { "texture": "#red", "uv": [ 7.0, 0.0, 8.0, 15.0 ], "autoUv": false, "windMode": [4,0,0,4], "windData": [0,4,4,0] },
										"east": { "texture": "#red", "uv": [ 2.5, 0.0, 3.0, 15.0 ], "autoUv": false, "windMode": [4,0,0,4], "windData": [0,4,4,0] },
										"south": { "texture": "#red", "uv": [ 9.5, 0.5, 10.5, 15.5 ], "autoUv": false, "windMode": [4,4,0,0], "windData": [0,0,4,4] },
										"west": { "texture": "#red", "uv": [ 14.0, 0.5, 14.5, 15.5 ], "autoUv": false, "windMode": [4,4,0,0], "windData": [0,0,4,4] },
										"up": { "texture": "#red", "uv": [ 3.0, 2.0, 4.0, 2.5 ], "windMode": [0,0,0,0], "windData": [1,1,1,1] },
										"down": { "texture": "#red", "uv": [ 5.5, 14.5, 6.5, 15.0 ], "windMode": [4,4,4,4], "windData": [0,0,0,0] }
									}
								}
							]
						}
					]
				},
				{
					"name": "Curtain3",
					"from": [ 31.3, -7.0, 4.2 ],
					"to": [ 32.6, 20.0, 4.7 ],
					"rotationOrigin": [ 39.3, -7.0, 4.2 ],
					"rotationY": -22.5,
					"faces": {
						"north": { "texture": "#red", "uv": [ 4.0, 0.5, 5.0, 15.5 ], "autoUv": false, "windMode": [4,0,0,4], "windData": [0,4,4,0] },
						"east": { "texture": "#red", "uv": [ 8.0, 0.0, 8.5, 15.0 ], "autoUv": false, "windMode": [4,0,0,4], "windData": [0,4,4,0] },
						"south": { "texture": "#red", "uv": [ 8.0, 0.0, 9.0, 15.0 ], "autoUv": false, "windMode": [4,4,0,0], "windData": [0,0,4,4] },
						"west": { "texture": "#red", "uv": [ 0.0, 0.0, 0.5, 15.0 ], "autoUv": false, "windMode": [4,4,0,0], "windData": [0,0,4,4] },
						"up": { "texture": "#red", "uv": [ 9.5, 9.0, 10.5, 9.5 ], "windMode": [0,0,0,0], "windData": [1,1,1,1] },
						"down": { "texture": "#red", "uv": [ 12.0, 4.5, 13.0, 5.0 ], "windMode": [4,4,4,4], "windData": [0,0,0,0] }
					},
					"children": [
						{
							"name": "Curtain15",
							"from": [ 0.3827, 0.0, 0.9239 ],
							"to": [ 1.6827, 27.0, 1.4239 ],
							"rotationOrigin": [ 0.3827, 0.0, 0.9239 ],
							"faces": {
								"north": { "texture": "#red", "uv": [ 6.0, 0.5, 7.0, 15.5 ], "autoUv": false, "windMode": [4,0,0,4], "windData": [0,4,4,0] },
								"east": { "texture": "#red", "uv": [ 1.0, 0.0, 1.5, 15.0 ], "autoUv": false, "windMode": [4,0,0,4], "windData": [0,4,4,0] },
								"south": { "texture": "#red", "uv": [ 8.0, 0.5, 9.0, 15.5 ], "autoUv": false, "windMode": [4,4,0,0], "windData": [0,0,4,4] },
								"west": { "texture": "#red", "uv": [ 14.5, 0.5, 15.0, 15.5 ], "autoUv": false, "windMode": [4,4,0,0], "windData": [0,0,4,4] },
								"up": { "texture": "#red", "uv": [ 14.5, 1.0, 15.5, 1.5 ], "windMode": [0,0,0,0], "windData": [1,1,1,1] },
								"down": { "texture": "#red", "uv": [ 10.5, 10.5, 11.5, 11.0 ], "windMode": [4,4,4,4], "windData": [0,0,0,0] }
							}
						},
						{
							"name": "Curtain16",
							"from": [ 0.1979, 0.0, 1.0004 ],
							"to": [ 1.4979, 27.0, 1.5004 ],
							"rotationOrigin": [ 0.1979, 0.0, 1.0004 ],
							"rotationY": 45.0,
							"faces": {
								"north": { "texture": "#red", "uv": [ 14.0, 0.0, 15.0, 15.0 ], "autoUv": false, "windMode": [4,0,0,4], "windData": [0,4,4,0] },
								"east": { "texture": "#red", "uv": [ 8.5, 0.5, 9.0, 15.5 ], "autoUv": false, "windMode": [4,0,0,4], "windData": [0,4,4,0] },
								"south": { "texture": "#red", "uv": [ 11.5, 0.0, 12.5, 15.0 ], "autoUv": false, "windMode": [4,4,0,0], "windData": [0,0,4,4] },
								"west": { "texture": "#red", "uv": [ 8.0, 0.5, 8.5, 15.5 ], "autoUv": false, "windMode": [4,4,0,0], "windData": [0,0,4,4] },
								"up": { "texture": "#red", "uv": [ 14.0, 5.5, 15.0, 6.0 ], "windMode": [0,0,0,0], "windData": [1,1,1,1] },
								"down": { "texture": "#red", "uv": [ 10.0, 7.5, 11.0, 8.0 ], "windMode": [4,4,4,4], "windData": [0,0,0,0] }
							},
							"children": [
								{
									"name": "Curtain17",
									"from": [ -0.3827, 0.0, 0.9239 ],
									"to": [ 0.9173, 27.0, 1.4239 ],
									"rotationOrigin": [ -0.3827, 0.0, 0.9239 ],
									"faces": {
										"north": { "texture": "#red", "uv": [ 12.5, 0.5, 13.5, 15.5 ], "autoUv": false, "windMode": [4,0,0,4], "windData": [0,4,4,0] },
										"east": { "texture": "#red", "uv": [ 8.0, 0.0, 8.5, 15.0 ], "autoUv": false, "windMode": [4,0,0,4], "windData": [0,4,4,0] },
										"south": { "texture": "#red", "uv": [ 5.0, 0.5, 6.0, 15.5 ], "autoUv": false, "windMode": [4,4,0,0], "windData": [0,0,4,4] },
										"west": { "texture": "#red", "uv": [ 6.5, 0.5, 7.0, 15.5 ], "autoUv": false, "windMode": [4,4,0,0], "windData": [0,0,4,4] },
										"up": { "texture": "#red", "uv": [ 0.5, 9.0, 1.5, 9.5 ], "windMode": [0,0,0,0], "windData": [1,1,1,1] },
										"down": { "texture": "#red", "uv": [ 11.0, 8.0, 12.0, 8.5 ], "windMode": [4,4,4,4], "windData": [0,0,0,0] }
									}
								}
							]
						},
						{
							"name": "Curtain18",
							"from": [ 0.7654, 0.0, 1.8478 ],
							"to": [ 2.0654, 27.0, 2.3478 ],
							"rotationOrigin": [ 0.7654, 0.0, 1.8478 ],
							"faces": {
								"north": { "texture": "#red", "uv": [ 11.5, 0.5, 12.5, 15.5 ], "autoUv": false, "windMode": [4,0,0,4], "windData": [0,4,4,0] },
								"east": { "texture": "#red", "uv": [ 9.5, 0.0, 10.0, 15.0 ], "autoUv": false, "windMode": [4,0,0,4], "windData": [0,4,4,0] },
								"south": { "texture": "#red", "uv": [ 13.0, 0.5, 14.0, 15.5 ], "autoUv": false, "windMode": [4,4,0,0], "windData": [0,0,4,4] },
								"west": { "texture": "#red", "uv": [ 15.0, 0.5, 15.5, 15.5 ], "autoUv": false, "windMode": [4,4,0,0], "windData": [0,0,4,4] },
								"up": { "texture": "#red", "uv": [ 14.0, 9.0, 15.0, 9.5 ], "windMode": [0,0,0,0], "windData": [1,1,1,1] },
								"down": { "texture": "#red", "uv": [ 14.5, 11.5, 15.5, 12.0 ], "windMode": [4,4,4,4], "windData": [0,0,0,0] }
							}
						}
					]
				},
				{
					"name": "Curtain19",
					"from": [ 1.9, -7.0, 18.0 ],
					"to": [ 3.2, 20.0, 18.5 ],
					"rotationOrigin": [ 1.9, -7.0, 18.0 ],
					"rotationY": 67.5,
					"faces": {
						"north": { "texture": "#red", "uv": [ 1.5, 0.0, 2.5, 15.0 ], "autoUv": false, "windMode": [4,0,0,4], "windData": [0,4,4,0] },
						"east": { "texture": "#red", "uv": [ 6.5, 0.0, 7.0, 15.0 ], "autoUv": false, "windMode": [4,0,0,4], "windData": [0,4,4,0] },
						"south": { "texture": "#red", "uv": [ 1.0, 0.0, 2.0, 15.0 ], "autoUv": false, "windMode": [4,4,0,0], "windData": [0,0,4,4] },
						"west": { "texture": "#red", "uv": [ 1.0, 0.5, 1.5, 15.5 ], "autoUv": false, "windMode": [4,4,0,0], "windData": [0,0,4,4] },
						"up": { "texture": "#red", "uv": [ 1.5, 7.5, 2.5, 8.0 ], "windMode": [0,0,0,0], "windData": [1,1,1,1] },
						"down": { "texture": "#red", "uv": [ 7.0, 7.0, 8.0, 7.5 ], "windMode": [4,4,4,4], "windData": [0,0,0,0] }
					},
					"children": [
						{
							"name": "Curtain20",
							"from": [ 0.3827, 0.0, 0.9239 ],
							"to": [ 1.6827, 27.0, 1.4239 ],
							"rotationOrigin": [ 0.3827, 0.0, 0.9239 ],
							"faces": {
								"north": { "texture": "#red", "uv": [ 10.5, 0.0, 11.5, 15.0 ], "autoUv": false, "windMode": [4,0,0,4], "windData": [0,4,4,0] },
								"east": { "texture": "#red", "uv": [ 4.0, 0.5, 4.5, 15.5 ], "autoUv": false, "windMode": [4,0,0,4], "windData": [0,4,4,0] },
								"south": { "texture": "#red", "uv": [ 2.0, 0.0, 3.0, 15.0 ], "autoUv": false, "windMode": [4,4,0,0], "windData": [0,0,4,4] },
								"west": { "texture": "#red", "uv": [ 6.5, 0.5, 7.0, 15.5 ], "autoUv": false, "windMode": [4,4,0,0], "windData": [0,0,4,4] },
								"up": { "texture": "#red", "uv": [ 13.5, 6.0, 14.5, 6.5 ], "windMode": [0,0,0,0], "windData": [1,1,1,1] },
								"down": { "texture": "#red", "uv": [ 1.0, 10.0, 2.0, 10.5 ], "windMode": [4,4,4,4], "windData": [0,0,0,0] }
							}
						},
						{
							"name": "Curtain21",
							"from": [ 0.1979, 0.0, 1.0004 ],
							"to": [ 1.4979, 27.0, 1.5004 ],
							"rotationOrigin": [ 0.1979, 0.0, 1.0004 ],
							"rotationY": 45.0,
							"faces": {
								"north": { "texture": "#red", "uv": [ 7.0, 0.0, 8.0, 15.0 ], "autoUv": false, "windMode": [4,0,0,4], "windData": [0,4,4,0] },
								"east": { "texture": "#red", "uv": [ 9.5, 0.0, 10.0, 15.0 ], "autoUv": false, "windMode": [4,0,0,4], "windData": [0,4,4,0] },
								"south": { "texture": "#red", "uv": [ 11.0, 0.0, 12.0, 15.0 ], "autoUv": false, "windMode": [4,4,0,0], "windData": [0,0,4,4] },
								"west": { "texture": "#red", "uv": [ 8.5, 0.0, 9.0, 15.0 ], "autoUv": false, "windMode": [4,4,0,0], "windData": [0,0,4,4] },
								"up": { "texture": "#red", "uv": [ 1.5, 6.5, 2.5, 7.0 ], "windMode": [0,0,0,0], "windData": [1,1,1,1] },
								"down": { "texture": "#red", "uv": [ 7.0, 11.5, 8.0, 12.0 ], "windMode": [4,4,4,4], "windData": [0,0,0,0] }
							},
							"children": [
								{
									"name": "Curtain22",
									"from": [ -0.3827, 0.0, 0.9239 ],
									"to": [ 0.9173, 27.0, 1.4239 ],
									"rotationOrigin": [ -0.3827, 0.0, 0.9239 ],
									"faces": {
										"north": { "texture": "#red", "uv": [ 2.0, 0.0, 3.0, 15.0 ], "autoUv": false, "windMode": [4,0,0,4], "windData": [0,4,4,0] },
										"east": { "texture": "#red", "uv": [ 9.5, 0.0, 10.0, 15.0 ], "autoUv": false, "windMode": [4,0,0,4], "windData": [0,4,4,0] },
										"south": { "texture": "#red", "uv": [ 10.0, 0.5, 11.0, 15.5 ], "autoUv": false, "windMode": [4,4,0,0], "windData": [0,0,4,4] },
										"west": { "texture": "#red", "uv": [ 5.5, 0.5, 6.0, 15.5 ], "autoUv": false, "windMode": [4,4,0,0], "windData": [0,0,4,4] },
										"up": { "texture": "#red", "uv": [ 9.0, 8.5, 10.0, 9.0 ], "windMode": [0,0,0,0], "windData": [1,1,1,1] },
										"down": { "texture": "#red", "uv": [ 8.0, 11.5, 9.0, 12.0 ], "windMode": [4,4,4,4], "windData": [0,0,0,0] }
									}
								}
							]
						},
						{
							"name": "Curtain23",
							"from": [ 0.7654, 0.0, 1.8478 ],
							"to": [ 2.0654, 27.0, 2.3478 ],
							"rotationOrigin": [ 0.7654, 0.0, 1.8478 ],
							"faces": {
								"north": { "texture": "#red", "uv": [ 10.5, 0.5, 11.5, 15.5 ], "autoUv": false, "windMode": [4,0,0,4], "windData": [0,4,4,0] },
								"east": { "texture": "#red", "uv": [ 13.5, 0.0, 14.0, 15.0 ], "autoUv": false, "windMode": [4,0,0,4], "windData": [0,4,4,0] },
								"south": { "texture": "#red", "uv": [ 6.0, 0.5, 7.0, 15.5 ], "autoUv": false, "windMode": [4,4,0,0], "windData": [0,0,4,4] },
								"west": { "texture": "#red", "uv": [ 10.0, 0.0, 10.5, 15.0 ], "autoUv": false, "windMode": [4,4,0,0], "windData": [0,0,4,4] },
								"up": { "texture": "#red", "uv": [ 3.0, 4.0, 4.0, 4.5 ], "windMode": [0,0,0,0], "windData": [1,1,1,1] },
								"down": { "texture": "#red", "uv": [ 12.0, 7.0, 13.0, 7.5 ], "windMode": [4,4,4,4], "windData": [0,0,0,0] }
							},
							"children": [
								{
									"name": "Curtain24",
									"from": [ 0.3827, 0.0, 0.9239 ],
									"to": [ 1.6827, 27.0, 1.4239 ],
									"rotationOrigin": [ 0.3827, 0.0, 0.9239 ],
									"faces": {
										"north": { "texture": "#red", "uv": [ 5.5, 0.5, 6.5, 15.5 ], "autoUv": false, "windMode": [4,0,0,4], "windData": [0,4,4,0] },
										"east": { "texture": "#red", "uv": [ 5.5, 0.5, 6.0, 15.5 ], "autoUv": false, "windMode": [4,0,0,4], "windData": [0,4,4,0] },
										"south": { "texture": "#red", "uv": [ 13.5, 0.0, 14.5, 15.0 ], "autoUv": false, "windMode": [4,4,0,0], "windData": [0,0,4,4] },
										"west": { "texture": "#red", "uv": [ 7.0, 0.0, 7.5, 15.0 ], "autoUv": false, "windMode": [4,4,0,0], "windData": [0,0,4,4] },
										"up": { "texture": "#red", "uv": [ 8.5, 6.0, 9.5, 6.5 ], "windMode": [0,0,0,0], "windData": [1,1,1,1] },
										"down": { "texture": "#red", "uv": [ 6.5, 5.0, 7.5, 5.5 ], "windMode": [4,4,4,4], "windData": [0,0,0,0] }
									}
								}
							]
						},
						{
							"name": "Curtain25",
							"from": [ 0.9633, 0.0, 2.8482 ],
							"to": [ 2.2633, 27.0, 3.3482 ],
							"rotationOrigin": [ 0.9633, 0.0, 2.8482 ],
							"rotationY": 45.0,
							"faces": {
								"north": { "texture": "#red", "uv": [ 6.0, 0.0, 7.0, 15.0 ], "autoUv": false, "windMode": [4,0,0,4], "windData": [0,4,4,0] },
								"east": { "texture": "#red", "uv": [ 2.0, 0.0, 2.5, 15.0 ], "autoUv": false, "windMode": [4,0,0,4], "windData": [0,4,4,0] },
								"south": { "texture": "#red", "uv": [ 3.0, 0.0, 4.0, 15.0 ], "autoUv": false, "windMode": [4,4,0,0], "windData": [0,0,4,4] },
								"west": { "texture": "#red", "uv": [ 2.5, 0.5, 3.0, 15.5 ], "autoUv": false, "windMode": [4,4,0,0], "windData": [0,0,4,4] },
								"up": { "texture": "#red", "uv": [ 10.0, 15.0, 11.0, 15.5 ], "windMode": [0,0,0,0], "windData": [1,1,1,1] },
								"down": { "texture": "#red", "uv": [ 2.0, 4.5, 3.0, 5.0 ], "windMode": [4,4,4,4], "windData": [0,0,0,0] }
							},
							"children": [
								{
									"name": "Curtain26",
									"from": [ -0.3827, 0.0, 0.9239 ],
									"to": [ 0.9173, 27.0, 1.4239 ],
									"rotationOrigin": [ -0.3827, 0.0, 0.9239 ],
									"faces": {
										"north": { "texture": "#red", "uv": [ 14.0, 0.5, 15.0, 15.5 ], "autoUv": false, "windMode": [4,0,0,4], "windData": [0,4,4,0] },
										"east": { "texture": "#red", "uv": [ 7.5, 0.0, 8.0, 15.0 ], "autoUv": false, "windMode": [4,0,0,4], "windData": [0,4,4,0] },
										"south": { "texture": "#red", "uv": [ 13.0, 0.5, 14.0, 15.5 ], "autoUv": false, "windMode": [4,4,0,0], "windData": [0,0,4,4] },
										"west": { "texture": "#red", "uv": [ 10.5, 0.0, 11.0, 15.0 ], "autoUv": false, "windMode": [4,4,0,0], "windData": [0,0,4,4] },
										"up": { "texture": "#red", "uv": [ 2.0, 6.5, 3.0, 7.0 ], "windMode": [0,0,0,0], "windData": [1,1,1,1] },
										"down": { "texture": "#red", "uv": [ 0.0, 14.0, 1.0, 14.5 ], "windMode": [4,4,4,4], "windData": [0,0,0,0] }
									}
								}
							]
						},
						{
							"name": "Curtain27",
							"from": [ 1.5307, 0.0, 3.6955 ],
							"to": [ 2.8307, 27.0, 4.1955 ],
							"rotationOrigin": [ 1.5307, 0.0, 3.6955 ],
							"faces": {
								"north": { "texture": "#red", "uv": [ 3.5, 0.0, 4.5, 15.0 ], "autoUv": false, "windMode": [4,0,0,4], "windData": [0,4,4,0] },
								"east": { "texture": "#red", "uv": [ 2.0, 0.0, 2.5, 15.0 ], "autoUv": false, "windMode": [4,0,0,4], "windData": [0,4,4,0] },
								"south": { "texture": "#red", "uv": [ 1.5, 0.5, 2.5, 15.5 ], "autoUv": false, "windMode": [4,4,0,0], "windData": [0,0,4,4] },
								"west": { "texture": "#red", "uv": [ 10.5, 0.5, 11.0, 15.5 ], "autoUv": false, "windMode": [4,4,0,0], "windData": [0,0,4,4] },
								"up": { "texture": "#red", "uv": [ 4.0, 10.0, 5.0, 10.5 ], "windMode": [0,0,0,0], "windData": [1,1,1,1] },
								"down": { "texture": "#red", "uv": [ 8.5, 10.5, 9.5, 11.0 ], "windMode": [4,4,4,4], "windData": [0,0,0,0] }
							},
							"children": [
								{
									"name": "Curtain28",
									"from": [ 0.3827, 0.0, 0.9239 ],
									"to": [ 1.6827, 27.0, 1.4239 ],
									"rotationOrigin": [ 0.3827, 0.0, 0.9239 ],
									"faces": {
										"north": { "texture": "#red", "uv": [ 7.5, 0.0, 8.5, 15.0 ], "autoUv": false, "windMode": [4,0,0,4], "windData": [0,4,4,0] },
										"east": { "texture": "#red", "uv": [ 5.0, 0.0, 5.5, 15.0 ], "autoUv": false, "windMode": [4,0,0,4], "windData": [0,4,4,0] },
										"south": { "texture": "#red", "uv": [ 10.5, 0.5, 11.5, 15.5 ], "autoUv": false, "windMode": [4,4,0,0], "windData": [0,0,4,4] },
										"west": { "texture": "#red", "uv": [ 3.5, 0.5, 4.0, 15.5 ], "autoUv": false, "windMode": [4,4,0,0], "windData": [0,0,4,4] },
										"up": { "texture": "#red", "uv": [ 11.5, 1.5, 12.5, 2.0 ], "windMode": [0,0,0,0], "windData": [1,1,1,1] },
										"down": { "texture": "#red", "uv": [ 14.5, 8.5, 15.5, 9.0 ], "windMode": [4,4,4,4], "windData": [0,0,0,0] }
									}
								}
							]
						},
						{
							"name": "Curtain29",
							"from": [ 1.3459, 0.0, 3.7721 ],
							"to": [ 2.6459, 27.0, 4.2721 ],
							"rotationOrigin": [ 1.3459, 0.0, 3.7721 ],
							"rotationY": 45.0,
							"faces": {
								"north": { "texture": "#red", "uv": [ 7.0, 0.5, 8.0, 15.5 ], "autoUv": false, "windMode": [4,0,0,4], "windData": [0,4,4,0] },
								"east": { "texture": "#red", "uv": [ 9.0, 0.5, 9.5, 15.5 ], "autoUv": false, "windMode": [4,0,0,4], "windData": [0,4,4,0] },
								"south": { "texture": "#red", "uv": [ 13.0, 0.0, 14.0, 15.0 ], "autoUv": false, "windMode": [4,4,0,0], "windData": [0,0,4,4] },
								"west": { "texture": "#red", "uv": [ 10.0, 0.5, 10.5, 15.5 ], "autoUv": false, "windMode": [4,4,0,0], "windData": [0,0,4,4] },
								"up": { "texture": "#red", "uv": [ 12.5, 14.5, 13.5, 15.0 ], "windMode": [0,0,0,0], "windData": [1,1,1,1] },
								"down": { "texture": "#red", "uv": [ 13.5, 15.0, 14.5, 15.5 ], "windMode": [4,4,4,4], "windData": [0,0,0,0] }
							},
							"children": [
								{
									"name": "Curtain30",
									"from": [ -0.3827, 0.0, 0.9239 ],
									"to": [ 0.9173, 27.0, 1.4239 ],
									"rotationOrigin": [ -0.3827, 0.0, 0.9239 ],
									"faces": {
										"north": { "texture": "#red", "uv": [ 12.5, 0.5, 13.5, 15.5 ], "autoUv": false, "windMode": [4,0,0,4], "windData": [0,4,4,0] },
										"east": { "texture": "#red", "uv": [ 12.0, 0.0, 12.5, 15.0 ], "autoUv": false, "windMode": [4,0,0,4], "windData": [0,4,4,0] },
										"south": { "texture": "#red", "uv": [ 11.0, 0.5, 12.0, 15.5 ], "autoUv": false, "windMode": [4,4,0,0], "windData": [0,0,4,4] },
										"west": { "texture": "#red", "uv": [ 1.0, 0.0, 1.5, 15.0 ], "autoUv": false, "windMode": [4,4,0,0], "windData": [0,0,4,4] },
										"up": { "texture": "#red", "uv": [ 6.0, 12.0, 7.0, 12.5 ], "windMode": [0,0,0,0], "windData": [1,1,1,1] },
										"down": { "texture": "#red", "uv": [ 14.5, 4.5, 15.5, 5.0 ], "windMode": [4,4,4,4], "windData": [0,0,0,0] }
									}
								}
							]
						}
					]
				}
			]
		}
	]}