{
	"editor": {
		"allAngles": true,
		"entityTextureMode": false
	},
	"textureWidth": 16,
	"textureHeight": 16,
	"textureSizes": {
	},
	"textures": {
		"acacia2": "/Users/user/AppData/Roaming/Vintagestory/assets/survival/textures/block/wood/bark/acacia",
		"acacia": "/Users/user/AppData/Roaming/Vintagestory/assets/survival/textures/block/wood/debarked/acacia"
	},
	"elements": [
		{
			"name": "Cube2",
			"from": [ 1.0, 9.4, 3.0 ],
			"to": [ 15.0, 10.9, 13.0 ],
			"rotationOrigin": [ 1.0, 9.4, 3.0 ],
			"faces": {
				"north": { "texture": "#acacia", "uv": [ 0.5, 3.0, 14.5, 4.5 ] },
				"east": { "texture": "#acacia", "uv": [ 2.5, 4.0, 12.5, 5.5 ] },
				"south": { "texture": "#acacia", "uv": [ 1.0, 5.5, 15.0, 7.0 ] },
				"west": { "texture": "#acacia", "uv": [ 2.5, 3.0, 12.5, 4.5 ] },
				"up": { "texture": "#acacia", "uv": [ 1.5, 3.0, 15.5, 13.0 ] },
				"down": { "texture": "#acacia", "uv": [ 0.0, 2.5, 14.0, 12.5 ] }
			}
		},
		{
			"name": "Cube4",
			"from": [ 8.0, 0.0, 8.0 ],
			"to": [ 8.0, 0.0, 8.0 ],
			"rotationOrigin": [ 8.0, 0.0, 8.0 ],
			"faces": {
				"north": { "texture": "#acacia2", "uv": [ 3.0, 1.5, 3.5, 2.0 ] },
				"east": { "texture": "#acacia2", "uv": [ 6.5, 14.5, 7.0, 15.0 ] },
				"south": { "texture": "#acacia2", "uv": [ 13.0, 13.5, 13.5, 14.0 ] },
				"west": { "texture": "#acacia2", "uv": [ 10.0, 3.5, 10.5, 4.0 ] },
				"up": { "texture": "#acacia2", "uv": [ 4.0, 11.0, 4.5, 11.5 ] },
				"down": { "texture": "#acacia2", "uv": [ 14.0, 13.0, 14.5, 13.5 ] }
			},
			"children": [
				{
					"name": "Cube3",
					"from": [ -7.2, 0.0, -6.3 ],
					"to": [ -5.9, 12.0, -5.0 ],
					"rotationOrigin": [ -7.2, 0.0, -6.3 ],
					"rotationY": -45.0,
					"rotationZ": -19.0,
					"faces": {
						"north": { "texture": "#acacia2", "uv": [ 1.0, 2.0, 2.0, 14.0 ] },
						"east": { "texture": "#acacia2", "uv": [ 11.0, 2.5, 12.0, 14.5 ] },
						"south": { "texture": "#acacia2", "uv": [ 9.0, 1.0, 10.0, 13.0 ] },
						"west": { "texture": "#acacia2", "uv": [ 8.0, 0.0, 9.0, 12.0 ] },
						"up": { "texture": "#acacia2", "uv": [ 11.5, 0.5, 12.5, 1.5 ] },
						"down": { "texture": "#acacia2", "uv": [ 5.5, 3.5, 6.5, 4.5 ] }
					}
				},
				{
					"name": "Cube6",
					"from": [ 7.2, 0.0, 6.3 ],
					"to": [ 8.5, 12.0, 7.6 ],
					"rotationOrigin": [ 7.2, 0.0, 6.3 ],
					"rotationX": -180.0,
					"rotationY": 45.0,
					"rotationZ": 161.0,
					"faces": {
						"north": { "texture": "#acacia2", "uv": [ 9.0, 3.5, 10.0, 15.5 ] },
						"east": { "texture": "#acacia2", "uv": [ 7.0, 1.0, 8.0, 13.0 ] },
						"south": { "texture": "#acacia2", "uv": [ 8.0, 0.0, 9.0, 12.0 ] },
						"west": { "texture": "#acacia2", "uv": [ 11.5, 0.5, 12.5, 12.5 ] },
						"up": { "texture": "#acacia2", "uv": [ 8.5, 14.5, 9.5, 15.5 ] },
						"down": { "texture": "#acacia2", "uv": [ 1.5, 11.0, 2.5, 12.0 ] }
					}
				},
				{
					"name": "Cube5",
					"from": [ -7.9, 0.0, 5.7 ],
					"to": [ -6.6, 12.0, 7.0 ],
					"rotationOrigin": [ -7.9, 0.0, 5.7 ],
					"rotationY": 45.0,
					"rotationZ": -19.0,
					"faces": {
						"north": { "texture": "#acacia2", "uv": [ 11.0, 3.0, 12.0, 15.0 ] },
						"east": { "texture": "#acacia2", "uv": [ 10.5, 0.5, 11.5, 12.5 ] },
						"south": { "texture": "#acacia2", "uv": [ 13.0, 2.0, 14.0, 14.0 ] },
						"west": { "texture": "#acacia2", "uv": [ 5.5, 0.5, 6.5, 12.5 ] },
						"up": { "texture": "#acacia2", "uv": [ 3.5, 13.5, 4.5, 14.5 ] },
						"down": { "texture": "#acacia2", "uv": [ 5.5, 1.0, 6.5, 2.0 ] }
					}
				},
				{
					"name": "Cube9",
					"from": [ 7.9, 0.0, -5.7 ],
					"to": [ 9.2, 12.0, -4.4 ],
					"rotationOrigin": [ 7.9, 0.0, -5.7 ],
					"rotationX": -180.0,
					"rotationY": -45.0,
					"rotationZ": 161.0,
					"faces": {
						"north": { "texture": "#acacia2", "uv": [ 2.5, 1.5, 3.5, 13.5 ] },
						"east": { "texture": "#acacia2", "uv": [ 6.5, 0.5, 7.5, 12.5 ] },
						"south": { "texture": "#acacia2", "uv": [ 11.0, 2.0, 12.0, 14.0 ] },
						"west": { "texture": "#acacia2", "uv": [ 5.5, 0.0, 6.5, 12.0 ] },
						"up": { "texture": "#acacia2", "uv": [ 2.0, 2.5, 3.0, 3.5 ] },
						"down": { "texture": "#acacia2", "uv": [ 10.0, 2.0, 11.0, 3.0 ] }
					}
				}
			]
		}
	]}