{
  "code": "canmonocle",
  "class": "CANItemMonocle",
  "storageFlags": 128,
  "attributes": {
    "handbook": {
      "groupBy": [ "canmonocle-*" ]
    },
    "clothescategory": "face",
    "rackable": true,
    "wearableAttachment": true,
    "groundStorageTransformByType": {
      "*": {
        "translation": {
          "x": -0.42,
          "y": -0.45,
          "z": -0.045
        },
        "rotation": {
          "x": 21,
          "y": 179,
          "z": -90
        },
        "scale": 1
      }
    },
    "variantGroups": {
      "metal": [ "tinbronze", "bismuthbronze", "blackbronze", "gold", "silver", "iron", "meteoriciron", "steel", "copper" ],
      "glass": [ "blue", "brown", "green", "pink", "plain", "quartz", "quartzglass", "red", "smoky", "vintage", "violet", "yellow" ]
    },
    "allowedVariants": [
      {
        "construction": "normal",
        "metal": "*",
        "glass": "*"
      }
    ]
  },
  "variantgroups": [
    {
      "code": "construction",
      "states": [ "normal" ]
    }
  ],
  "shapeByType": {
    "*": { "base": "canjewelry:item/canmonocle" }
  },

  "texturesByType": {
    "*": {
      "seraph": { "base": "game:block/transparent" },
      "metal": { "base": "game:block/metal/plate/{loop}" }
    }
  },
  "fpHandTransformByType": {
    "*": {
      "translation": {
        "x": 0.6,
        "y": -1.6,
        "z": -0.5
      },
      "rotation": {
        "x": 180,
        "y": -108,
        "z": -180
      },
      "origin": {
        "x": 0.5,
        "y": 1.6,
        "z": 0.5
      },
      "scale": 2.15
    }
  },
  "tpHandTransform": {
    "translation": {
      "x": -0.77,
      "y": -2.1,
      "z": -0.6
    },
    "rotation": {
      "x": 23,
      "y": 162,
      "z": -3
    },
    "origin": {
      "x": 0.5,
      "y": 1.5,
      "z": 0.5
    },
    "scale": 0.86
  },
  "guiTransform": {
    "translation": {
      "x": 7,
      "y": 4,
      "z": -0.4
    },
    "rotation": {
      "x": 162,
      "y": -77,
      "z": 1
    },
    "origin": {
      "x": 0.52,
      "y": 1.6,
      "z": 0.5
    },
    "scale": 4.43
  },
  "groundTransform": {
    "translation": {
      "x": 0.05,
      "y": -1.08,
      "z": 0
    },
    "rotation": {
      "x": 0,
      "y": 30,
      "z": -1
    },
    "origin": {
      "x": 0.5,
      "y": 0.5,
      "z": 0.5299
    },
    "scale": 4.7199
  }
}