[
  {
    "op": "replace",
    "path": "/enabled",
    "value": true,
    "file": "butchering:itemtypes/butchercreatures/pantherinae/neofelis.json",
    "dependsOn": [ { "modid": "pantherinae" } ]
  },
  {
    "op": "add",
    "path": "/server/behaviors/-",
    "value": {
      "code": "butcherable",
      "item": "butchering:deadneofelis-female-dead"
    },
    "file": "pantherinae:entities/land/pantherinae-neofelis-female.json",
    "dependsOn": [ { "modid": "pantherinae" } ]
  },
  {
    "op": "add",
    "path": "/client/behaviors/-",
    "value": {
      "code": "butcherable",
      "item": "butchering:deadneofelis-female-dead"
    },
    "file": "pantherinae:entities/land/pantherinae-neofelis-female.json",
    "dependsOn": [ { "modid": "pantherinae" } ]
  },
  {
    "op": "add",
    "path": "/server/behaviors/-",
    "value": {
      "code": "butcherable",
      "item": "butchering:deadneofelis-male-dead"
    },
    "file": "pantherinae:entities/land/pantherinae-neofelis-male.json",
    "dependsOn": [ { "modid": "pantherinae" } ]
  },
  {
    "op": "add",
    "path": "/client/behaviors/-",
    "value": {
      "code": "butcherable",
      "item": "butchering:deadneofelis-male-dead"
    },
    "file": "pantherinae:entities/land/pantherinae-neofelis-male.json",
    "dependsOn": [ { "modid": "pantherinae" } ]
  },
  {
    "op": "add",
    "path": "/server/behaviors/-",
    "value": {
      "code": "butcherable",
      "item": "butchering:deadneofelis-baby-dead"
    },
    "file": "pantherinae:entities/land/pantherinae-neofelis-cub.json",
    "dependsOn": [ { "modid": "pantherinae" } ]
  },
  {
    "op": "add",
    "path": "/client/behaviors/-",
    "value": {
      "code": "butcherable",
      "item": "butchering:deadneofelis-baby-dead"
    },
    "file": "pantherinae:entities/land/pantherinae-neofelis-cub.json",
    "dependsOn": [ { "modid": "pantherinae" } ]
  }
]
