{
	"editor": {
		"backDropShape": "E:/Programs/VSModelCreator/seraph-faceless",
		"collapsedPaths": "Root/GamHelmet",
		"allAngles": true,
		"entityTextureMode": true
	},
	"textureWidth": 64,
	"textureHeight": 64,
	"textureSizes": {},
	"textures": {
		"material": "D:/Projects/VintageStory/Armory/resources/assets/armory/textures/armor/scale/silver"
	},
	"elements": [
		{
			"name": "ArmorHelmet",
			"stepParentName": "Head",
			"from": [ 0.04, 1.8, -0.7 ],
			"to": [ 6.04, 5.7, 5.7 ],
			"unwrapMode": 1,
			"uv": [ 40.0, 40.5 ],
			"rotationOrigin": [ 0.0, 1.8, -0.8 ],
			"faces": {
				"north": { "texture": "#material", "uv": [ 46.0, 46.5, 52.0, 50.0 ] },
				"east": { "texture": "#material", "uv": [ 40.0, 46.5, 46.0, 50.0 ] },
				"south": { "texture": "#material", "uv": [ 58.0, 46.5, 64.0, 50.0 ] },
				"west": { "texture": "#material", "uv": [ 52.0, 46.5, 58.0, 50.0 ] },
				"up": { "texture": "#material", "uv": [ 46.0, 40.5, 52.0, 46.5 ], "rotation": 180 },
				"down": { "texture": "#material", "uv": [ 46.0, 50.0, 52.0, 56.0 ] }
			},
			"children": [
				{
					"name": "ArmorHelmetFace",
					"from": [ -0.5, 1.1, 0.0 ],
					"to": [ 0.0, 3.9, 6.4 ],
					"unwrapMode": 1,
					"uv": [ 56.5, 30.0 ],
					"rotationOrigin": [ -0.7, 1.1, 0.0 ],
					"faces": {
						"north": { "texture": "#material", "uv": [ 56.5, 36.0, 57.0, 38.5 ] },
						"south": { "texture": "#material", "uv": [ 63.0, 36.0, 63.5, 38.5 ] },
						"west": { "texture": "#material", "uv": [ 57.0, 36.0, 63.0, 38.5 ] },
						"up": { "texture": "#material", "uv": [ 56.5, 30.0, 57.0, 36.0 ], "rotation": 180 },
						"down": { "texture": "#material", "uv": [ 56.5, 38.5, 57.0, 44.5 ] }
					}
				},
				{
					"name": "ArmorHelmetTop",
					"from": [ 0.0, 3.88, 0.5 ],
					"to": [ 5.5, 4.38, 5.9 ],
					"unwrapMode": 1,
					"autoUnwrap": false,
					"uv": [ 31.0, 30.0 ],
					"rotationOrigin": [ 0.0, 4.0, 0.5 ],
					"faces": {
						"north": { "texture": "#material", "uv": [ 46.5, 45.5, 52.0, 46.0 ] },
						"east": { "texture": "#material", "uv": [ 46.5, 41.0, 47.0, 46.0 ], "rotation": 90 },
						"south": { "texture": "#material", "uv": [ 46.5, 41.0, 52.0, 41.5 ], "rotation": 180 },
						"west": { "texture": "#material", "uv": [ 51.5, 41.0, 52.0, 46.0 ], "rotation": 90 },
						"up": { "texture": "#material", "uv": [ 46.5, 41.0, 52.0, 46.0 ], "rotation": 180 }
					}
				},
				{
					"name": "ArmorHelmetTop2",
					"from": [ 1.0, 4.38, 1.6 ],
					"to": [ 4.5, 4.88, 4.8 ],
					"unwrapMode": 1,
					"autoUnwrap": false,
					"uv": [ 31.0, 30.0 ],
					"rotationOrigin": [ 1.0, 4.5, 1.6 ],
					"faces": {
						"north": { "texture": "#material", "uv": [ 47.5, 44.5, 51.0, 45.0 ] },
						"east": { "texture": "#material", "uv": [ 47.5, 42.0, 48.0, 45.0 ], "rotation": 90 },
						"south": { "texture": "#material", "uv": [ 47.5, 42.0, 51.0, 42.5 ] },
						"west": { "texture": "#material", "uv": [ 50.5, 42.0, 51.0, 45.0 ], "rotation": 90 },
						"up": { "texture": "#material", "uv": [ 47.5, 42.0, 51.0, 45.0 ], "rotation": 180 }
					}
				},
				{
					"name": "ArmorHelmetFace2",
					"from": [ -0.5, 0.0, 2.7 ],
					"to": [ 0.0, 1.1, 3.7 ],
					"unwrapMode": 1,
					"uv": [ 49.5, 30.0 ],
					"rotationOrigin": [ -0.7, 0.0, 2.7 ],
					"faces": {
						"north": { "texture": "#material", "uv": [ 49.5, 31.0, 50.0, 32.0 ] },
						"south": { "texture": "#material", "uv": [ 51.0, 31.0, 51.5, 32.0 ] },
						"west": { "texture": "#material", "uv": [ 50.0, 31.0, 51.0, 32.0 ] },
						"up": { "texture": "#material", "uv": [ 49.5, 30.0, 50.0, 31.0 ], "rotation": 180 },
						"down": { "texture": "#material", "uv": [ 49.5, 32.0, 50.0, 33.0 ] }
					}
				}
			]
		}
	]}