{
	"code": "butcherybag",
	"variantgroups": [
		{
			"code": "material",
			"states": [ "primitive", "standard" ]
		}
	],
	"attributes": {
		"backpackByType": {
			"butcherybag-primitive": {
				"quantitySlots": 4,
				"storageFlags": 2048,
				"slotBgColor": "#75251e"
			},
			"butcherybag-standard": {
				"quantitySlots": 5,
				"storageFlags": 2048,
				"slotBgColor": "#75251e"
			}
		},
		"wearableAttachment": true,
		"attachShapeByType": {
			"butcherybag-primitive": { "base": "items/bags/butcherybagprimitive" },
			"butcherybag-standard": { "base": "items/bags/butcherybagstandard" }
		},
		"groundStorageTransform": {
			"rotation": {
				"x": 0,
				"y": 10,
				"z": 0
			},
			"origin": {
				"x": 0.6,
				"y": -0.2,
				"z": -0.1
			},
			"scale": 2
		}
	},
	"behaviors": [
		{ "name": "HeldBag" },
		{
			"name": "GroundStorable",
			"properties": {
				"layout": "SingleCenter",
				"collisionBox": {
					"x1": 0.1,
					"y1": 0,
					"z1": 0.1,
					"x2": 0.9,
					"y2": 0.9,
					"z2": 0.9
				}
			}
		}
	],
	"maxstacksize": 1,
	"shapeByType": {
		"butcherybag-primitive": { "base": "items/bags/butcherybagprimitive" },
		"butcherybag-standard": { "base": "items/bags/butcherybagstandard" }
	},
	"storageFlags": 2,
	"creativeinventory": {
		"general": [ "*" ],
		"items": [ "*" ],
		"butchering": [ "*" ]
	},
	"guiTransform": {
		"translation": {
			"x": 0,
			"y": 0,
			"z": 0
		},
		"rotation": {
			"x": -25,
			"y": 23,
			"z": 180
		},
		"origin": {
			"x": 0.57,
			"y": 0.23,
			"z": 0.2
		},
		"scale": 2.2,
		"rotate": true
	},
	"fpHandTransform": {
		"translation": {
			"x": 0,
			"y": 0,
			"z": 0.2
		},
		"rotation": {
			"x": 47,
			"y": -80,
			"z": 33
		},
		"scale": 1.61
	},
	"tpHandTransform": {
		"translation": {
			"x": -0.7,
			"y": -0.5,
			"z": -0.6
		},
		"rotation": {
			"x": -4,
			"y": 47,
			"z": -17
		},
		"scale": 0.81
	},
	"groundTransform": {
		"translation": {
			"x": 0,
			"y": 0,
			"z": 0
		},
		"rotation": {
			"x": 180,
			"y": 33,
			"z": -180
		},
		"origin": {
			"x": 0.5,
			"y": -0.2,
			"z": 0.5
		},
		"scale": 4.5
	}
}