[
  {
    "op": "add",
    "path": "/server/behaviors/6/drops/-",
    "value": { "type": "item", "code": "wool:fleece-generic-redbrown", "quantity": { "avg": 24, "var": 4 } },
    "file": "thecritterpack:entities/land/yak/yak-female.json",
    "side": "Server"
  },
  {
    "op": "add",
    "path": "/server/behaviors/6/drops/-",
    "value": { "type": "item", "code": "wool:fleece-generic-black", "quantity": { "avg": 6, "var": 2 } },
    "file": "thecritterpack:entities/land/yak/yak-female.json",
    "side": "Server"
  },

  {
    "op": "add",
    "path": "/server/behaviors/6/drops/-",
    "value": { "type": "item", "code": "wool:fleece-generic-redbrown", "quantity": { "avg": 24, "var": 4 } },
    "file": "thecritterpack:entities/land/yak/yak-male.json",
    "side": "Server"
  },
  {
    "op": "add",
    "path": "/server/behaviors/6/drops/-",
    "value": { "type": "item", "code": "wool:fleece-generic-black", "quantity": { "avg": 6, "var": 2 } },
    "file": "thecritterpack:entities/land/yak/yak-male.json",
    "side": "Server"
  },

  {
    "op": "add",
    "path": "/server/behaviors/6/drops/-",
    "value": { "type": "item", "code": "wool:fleece-generic-redbrown", "quantity": { "avg": 10, "var": 2 } },
    "file": "thecritterpack:entities/land/yak/yak-calf.json",
    "side": "Server"
  },
  {
    "op": "add",
    "path": "/server/behaviors/6/drops/-",
    "value": { "type": "item", "code": "wool:fleece-generic-plain", "quantity": { "avg": 3, "var": 1 } },
    "file": "thecritterpack:entities/land/yak/yak-calf.json",
    "side": "Server"
  },

  {
    "op": "replace",
    "path": "/server/behaviors/8/pregnancyDays",
    "comment": "Yaks give birth only once a year (257 .. 270 days), so 12 days/m => 3 months, 9 days/m => 4 months.",
    "value": 36,
    "file": "thecritterpack:entities/land/yak/yak-female.json",
    "side": "Server"
  },

  {
    "op": "replace",
    "path": "/server/behaviors/8/multiplyCooldownDaysMin",
    "comment": "from 9 to 12",
    "value": 12,
    "file": "thecritterpack:entities/land/yak/yak-female.json",
    "side": "Server"
  },

  {
    "op": "replace",
    "path": "/server/behaviors/8/multiplyCooldownDaysMax",
    "value": 18,
    "file": "thecritterpack:entities/land/yak/yak-female.json",
    "side": "Server"
  }
]
