{
	"editor": {
		"allAngles": true,
		"entityTextureMode": true
	},
	"textureWidth": 64,
	"textureHeight": 64,
	"textureSizes": {
	},
	"textures": {
		"material": "/Users/Asus/AppData/Roaming/VintagestoryData/Mods/combatoverhaul_0.1.5/assets/game/textures/entity/humanoid/serapharmor/sewn/linen"
	},
	"elements": [
		{
			"name": "ArmorHelmet",
			"stepParentName": "Head",
			"from": [ 0.1, -0.3, -0.6 ],
			"to": [ 6.6, 5.2, 5.7 ],
			"unwrapMode": 1,
			"autoUnwrap": false,
			"uv": [ 0.0, 32.0 ],
			"rotationOrigin": [ 0.1, 0.3, -0.6 ],
			"faces": {
				"north": { "texture": "#material", "uv": [ 6.0, 38.0, 12.5, 43.5 ] },
				"east": { "texture": "#material", "uv": [ 0.0, 38.0, 6.0, 43.5 ] },
				"south": { "texture": "#material", "uv": [ 18.5, 38.0, 25.0, 43.5 ] },
				"west": { "texture": "#material", "uv": [ 15.5, 30.0, 21.5, 35.5 ] },
				"up": { "texture": "#material", "uv": [ 6.0, 32.0, 12.5, 38.0 ], "rotation": 180 },
				"down": { "texture": "#material", "uv": [ 9.0, 42.5, 15.5, 48.5 ] }
			},
			"children": [
				{
					"name": "Cube11",
					"from": [ -0.2, 5.5, 0.15 ],
					"to": [ 7.2, 6.5, 6.35 ],
					"uv": [ 2.0, 33.5 ],
					"rotationOrigin": [ 0.0, 5.0, 0.0 ],
					"faces": {
						"north": { "texture": "#material", "uv": [ 2.0, 39.5, 9.0, 40.5 ] },
						"east": { "texture": "#material", "uv": [ 9.0, 39.5, 15.0, 40.5 ] },
						"south": { "texture": "#material", "uv": [ 15.0, 39.5, 22.0, 40.5 ] },
						"west": { "texture": "#material", "uv": [ 22.0, 39.5, 28.0, 40.5 ] },
						"up": { "texture": "#material", "uv": [ 2.0, 33.5, 9.0, 39.5 ] },
						"down": { "texture": "#material", "uv": [ 9.0, 33.5, 16.0, 39.5 ] }
					}
				},
				{
					"name": "Cube12",
					"from": [ 1.2, 7.0, 1.15 ],
					"to": [ 6.6, 7.5, 5.35 ],
					"uv": [ 2.0, 38.5 ],
					"rotationOrigin": [ 1.0, 7.0, 1.0 ],
					"faces": {
						"north": { "texture": "#material", "uv": [ 2.0, 42.5, 7.0, 43.0 ] },
						"east": { "texture": "#material", "uv": [ 7.0, 42.5, 11.0, 43.0 ] },
						"south": { "texture": "#material", "uv": [ 11.0, 42.5, 16.0, 43.0 ] },
						"west": { "texture": "#material", "uv": [ 16.0, 42.5, 20.0, 43.0 ] },
						"up": { "texture": "#material", "uv": [ 2.0, 38.5, 7.0, 42.5 ] },
						"down": { "texture": "#material", "uv": [ 7.0, 38.5, 12.0, 42.5 ] }
					}
				},
				{
					"name": "Cube13",
					"from": [ -0.2, -0.1, -0.2 ],
					"to": [ 7.5, 2.3, 6.5 ],
					"uv": [ 0.5, 33.5 ],
					"rotationOrigin": [ 0.0, 0.0, 0.0 ],
					"rotationZ": 8.0,
					"faces": {
						"north": { "texture": "#material", "uv": [ 0.5, 40.0, 8.0, 42.0 ] },
						"east": { "texture": "#material", "uv": [ 8.0, 40.0, 14.5, 42.0 ] },
						"south": { "texture": "#material", "uv": [ 14.5, 40.0, 22.0, 42.0 ] },
						"west": { "texture": "#material", "uv": [ 22.0, 40.0, 28.5, 42.0 ] },
						"up": { "texture": "#material", "uv": [ 0.5, 33.5, 8.0, 40.0 ] },
						"down": { "texture": "#material", "uv": [ 8.0, 33.5, 15.5, 40.0 ] }
					}
				},
				{
					"name": "Cube14",
					"from": [ -0.6, 3.9, -0.6 ],
					"to": [ 8.1, 7.3, 7.0 ],
					"autoUnwrap": false,
					"uv": [ 0.0, 32.0 ],
					"rotationOrigin": [ 0.0, 4.0, 0.0 ],
					"rotationZ": -3.0,
					"faces": {
						"north": { "texture": "#material", "uv": [ 0.0, 39.5, 8.5, 42.5 ] },
						"east": { "texture": "#material", "uv": [ 8.5, 39.5, 16.0, 42.5 ] },
						"south": { "texture": "#material", "uv": [ 16.0, 39.5, 24.5, 42.5 ] },
						"west": { "texture": "#material", "uv": [ 24.5, 39.5, 32.0, 42.5 ] },
						"up": { "texture": "#material", "uv": [ 0.0, 32.0, 8.5, 39.5 ] },
						"down": { "texture": "#material", "uv": [ 8.5, 32.0, 17.0, 39.5 ] }
					}
				},
				{
					"name": "Cube2",
					"from": [ 6.5, 2.4, 0.0 ],
					"to": [ 7.5, 4.4, 6.3 ],
					"uv": [ 3.0, 34.5 ],
					"rotationOrigin": [ 8.0, 3.0, 0.0 ],
					"faces": {
						"north": { "texture": "#material", "uv": [ 3.0, 40.5, 4.0, 42.5 ] },
						"east": { "texture": "#material", "uv": [ 4.0, 40.5, 10.0, 42.5 ] },
						"south": { "texture": "#material", "uv": [ 10.0, 40.5, 11.0, 42.5 ] },
						"west": { "texture": "#material", "uv": [ 11.0, 40.5, 17.0, 42.5 ] },
						"up": { "texture": "#material", "uv": [ 3.0, 34.5, 4.0, 40.5 ] },
						"down": { "texture": "#material", "uv": [ 4.0, 34.5, 5.0, 40.5 ] }
					}
				}
			]
		}
	]}