{
	code: "wildstrongwineportion",
	class: "TransLiquid",
	matterState: "liquid",
	variantgroups: [
		{ code: "fruit", "loadFromProperties": "wildcraftfruit:block/fruit" },
	],
	"skipVariants": ["*-pittedcherry", "*-pittedapricot", "*-pittedbreadfruit", "*-cashewwhole", "*-chinaberry", "*-beachalmondwhole", "*-lillypillywhite", "*-lillypillyblue", "*-lemon", "*-blacknightshadeunripe"],
	attributes: {
		handbook: {
			ignoreCreativeInvStacks: true
		},
		"inBowlShape": { "base": "game:block/food/meal/liquid" },
		nutritionPropsWhenInMealByType: {
			"*-cloudberry": { satiety: 135, health: 3, foodcategory: "Fruit" },
			"*-husktomato": { satiety: 135, health: 1.5, foodcategory: "Fruit" },
			"*-juniper": { satiety: 135, health: 1.5, foodcategory: "Fruit" },
			"*-wolfberry": { satiety: 135, health: -15, foodcategory: "Fruit" },
			"*-bitternightshade": { satiety: 135, health: -10, foodcategory: "Fruit" },
			"*-spindle": { satiety: 135, health: -5, foodcategory: "Fruit" },
			"*-blacknightshadeunripe": { satiety: 135, health: -2.5, foodcategory: "Fruit" },
			"*-crowseye": { satiety: 135, health: -25, foodcategory: "Fruit" },
			"*-seamango": { satiety: 135, health: -20, foodcategory: "Fruit" },
			"*": { satiety: 135, health: 0.5, foodcategory: "Fruit" },
		},
		waterTightContainerProps: {
			containable: true,
			itemsPerLitre: 100,
	        texture: { base: "wildcraftfruit:block/food/pie/fill-{fruit}", "alpha":  160, overlays: ["expandedfoods:item/liquid/syrup"] },
			allowSpill: true,
			whenSpilled: {
				action: "DropContents",
				stack: { type: "item", code: "expandedfoods:wildstrongwineportion-{fruit}" }
			},
			nutritionPropsPerLitreByType: {
				"*-cloudberry": { saturation: 90, health: 3, intoxication: 0.3, foodcategory: "Fruit" },
				"*-husktomato": { saturation: 90, health: 1.5, intoxication: 0.3, foodcategory: "Fruit" },
				"*-juniper": { saturation: 90, health: 1.5, intoxication: 0.3, foodcategory: "Fruit" },
				"*-wolfberry": { saturation: 90, health: -15, intoxication: 0.3, foodcategory: "Fruit" },
				"*-bitternightshade": { saturation: 90, health: -10, intoxication: 0.3, foodcategory: "Fruit" },
				"*-spindle": { saturation: 90, health: -5, intoxication: 0.3, foodcategory: "Fruit" },
				"*-blacknightshadeunripe": { saturation: 90, health: -2.5, intoxication: 0.3, foodcategory: "Fruit" },
				"*-crowseye": { saturation: 90, health: -25, intoxication: 0.3, foodcategory: "Fruit" },
				"*-seamango": { saturation: 90, health: -20, intoxication: 0.3, foodcategory: "Fruit" },
				"*": { saturation: 90, "health": 0.5, "intoxication": 0.3, foodcategory: "Fruit" },
			},
		},
		"distillationPropsbytype": {		
			"*": {
			"distilledStack": { "type": "item", "code": "wildcraftfruit:spiritportion-{fruit}" },
			"ratio": 0.2
			}
		},
	},
	transitionableProps: [{
    	type: "Perish",
    	freshHours: { avg: 6720 },
    	transitionHours: { avg: 288 },
    	transitionedStack: { type: "item", code: "game:vinegarportion" },
    	transitionRatio: 0.25
	},
	{
    	type: "Cure",
    	freshHours: { avg: 6720 },
    	transitionHours: { avg: 2016 },
    	transitionedStack: { type: "item", code: "wildpotentwineportion-{fruit}" },
    	transitionRatio: 1
  	}],
	shape: { base: "game:item/liquid" },
	"texture": { "base": "wildcraftfruit:block/food/pie/fill-{fruit}", "alpha": 160, overlays: ["expandedfoods:item/liquid/syrup"] },
	creativeinventoryStacks: [ { tabs: ["general", "liquids", "expandedfoods"], stacks: [ { type: "block", code: "game:woodbucket", attributes: { ucontents: [ { type:"item", code: "expandedfoods:wildstrongwineportion-{fruit}", makefull: true } ] } } ] } ],
	maxstacksize: 5000,
	materialDensity: 200,
	nutritionProps: { saturation: 0.9, health: 0.005, foodcategory: "Fruit" },
	guiTransform: {
		rotation: { x: 128, y: 40, z: 7 },
		origin: { x: 0.5, y: 0, z: 0.5 },
		scale: 1.4
	},
	tpHandTransform: {
		translation: { x: -1.5, y: -1, z: -1.4 },
	},
}
