{
	"editor": {
		"collapsedPaths": "Root/origin/handle",
		"allAngles": false,
		"entityTextureMode": false
	},
	"textureWidth": 16,
	"textureHeight": 16,
	"textureSizes": {
	},
	"textures": {
		"oak": "game:block/wood/debarked/oak",
		"string": "game:item/tool/material/string"
	},
	"elements": [
		{
			"name": "Cube1",
			"from": [ 4.0, 0.0, 7.25 ],
			"to": [ 12.0, 0.5, 8.75 ],
			"rotationOrigin": [ 8.0, 0.0, 8.0 ],
			"faces": {
				"north": { "texture": "#oak", "uv": [ 5.5, 2.0, 13.5, 2.5 ] },
				"east": { "texture": "#oak", "uv": [ 6.0, 13.5, 7.5, 14.0 ] },
				"south": { "texture": "#oak", "uv": [ 0.5, 4.0, 8.5, 4.5 ] },
				"west": { "texture": "#oak", "uv": [ 0.0, 2.0, 1.5, 2.5 ] },
				"up": { "texture": "#oak", "uv": [ 5.0, 12.0, 13.0, 13.5 ] },
				"down": { "texture": "#oak", "uv": [ 2.5, 9.5, 10.5, 11.0 ] }
			},
			"children": [
				{
					"name": "Cube3",
					"from": [ 2.0, 0.4, -0.25 ],
					"to": [ 2.5, 0.9, 1.75 ],
					"rotationOrigin": [ 2.0, 0.4, -0.2 ],
					"faces": {
						"north": { "texture": "#oak", "uv": [ 14.0, 3.5, 14.5, 4.0 ] },
						"east": { "texture": "#oak", "uv": [ 6.5, 2.0, 8.5, 2.5 ] },
						"south": { "texture": "#oak", "uv": [ 7.5, 5.5, 8.0, 6.0 ] },
						"west": { "texture": "#oak", "uv": [ 2.5, 8.0, 4.5, 8.5 ] },
						"up": { "texture": "#oak", "uv": [ 4.5, 10.5, 5.0, 12.5 ] },
						"down": { "texture": "#oak", "uv": [ 1.5, 8.5, 2.0, 10.5 ] }
					}
				},
				{
					"name": "Cube2",
					"from": [ 0.0, 0.5, 0.0 ],
					"to": [ 8.0, 1.0, 1.5 ],
					"rotationOrigin": [ 0.0, 0.5, 0.75 ],
					"rotationZ": 8.0,
					"faces": {
						"north": { "texture": "#oak", "uv": [ 4.5, 13.5, 12.5, 14.0 ] },
						"east": { "texture": "#oak", "uv": [ 5.0, 13.0, 6.5, 13.5 ] },
						"south": { "texture": "#oak", "uv": [ 6.5, 3.0, 14.5, 3.5 ] },
						"west": { "texture": "#oak", "uv": [ 13.5, 12.0, 15.0, 12.5 ] },
						"up": { "texture": "#oak", "uv": [ 6.0, 0.5, 14.0, 2.0 ] },
						"down": { "texture": "#oak", "uv": [ 7.0, 14.0, 15.0, 15.5 ] }
					}
				}
			]
		},
		{
			"name": "string 1",
			"from": [ 5.3, -0.3, 7.0 ],
			"to": [ 5.8, 1.4, 9.0 ],
			"rotationOrigin": [ 5.3, -0.3, 8.5 ],
			"rotationZ": 10.0,
			"faces": {
				"north": { "texture": "#string", "uv": [ 10.0, 2.5, 11.5, 3.0 ], "rotation": 90 },
				"east": { "texture": "#string", "uv": [ 1.0, 3.0, 3.0, 4.5 ] },
				"south": { "texture": "#string", "uv": [ 5.0, 5.5, 6.5, 6.0 ], "rotation": 90 },
				"west": { "texture": "#string", "uv": [ 3.0, 5.5, 5.0, 7.0 ] },
				"up": { "texture": "#string", "uv": [ 12.5, 2.0, 14.5, 2.5 ], "rotation": 90 },
				"down": { "texture": "#string", "uv": [ 10.5, 2.0, 12.5, 2.5 ], "rotation": 90 }
			}
		}
	]}