{
	"editor": {
		"collapsedPaths": "",
		"allAngles": false,
		"entityTextureMode": false
	},
	"textureWidth": 16,
	"textureHeight": 16,
	"textureSizes": {
	},
	"textures": {
		"material": "game:block/metal/ingot/copper",
		"handle": "game:item/tool/material/handle",
		"string": "game:item/tool/material/string"
	},
	"elements": [
		{
			"name": "origin",
			"from": [ 24.0, 0.5, 8.0 ],
			"to": [ 24.0, 0.5, 8.0 ],
			"rotationOrigin": [ 8.0, 0.0, 8.0 ],
			"faces": {
			},
			"children": [
				{
					"name": "handle 1",
					"from": [ -21.0, -0.5, -0.5 ],
					"to": [ -5.0, 1.0, 1.0 ],
					"rotationOrigin": [ -20.5, 0.0, 0.0 ],
					"faces": {
						"north": { "texture": "#handle", "uv": [ 0.0, 5.5, 16.0, 7.0 ] },
						"east": { "texture": "#handle", "uv": [ 0.5, 0.5, 2.0, 2.0 ] },
						"south": { "texture": "#handle", "uv": [ 0.0, 10.5, 16.0, 12.0 ] },
						"up": { "texture": "#handle", "uv": [ 0.0, 4.5, 16.0, 6.0 ] },
						"down": { "texture": "#handle", "uv": [ 0.0, 5.0, 16.0, 6.5 ] }
					},
					"children": [
						{
							"name": "handle 2",
							"from": [ -10.0, 0.0, 0.0 ],
							"to": [ 0.0, 1.5, 1.5 ],
							"rotationOrigin": [ -9.5, 0.5, 0.5 ],
							"faces": {
								"north": { "texture": "#handle", "uv": [ 1.0, 8.5, 11.0, 10.0 ] },
								"south": { "texture": "#handle", "uv": [ 1.5, 3.5, 11.5, 5.0 ] },
								"west": { "texture": "#handle", "uv": [ 11.0, 10.0, 12.5, 11.5 ] },
								"up": { "texture": "#handle", "uv": [ 4.0, 2.5, 14.0, 4.0 ] },
								"down": { "texture": "#handle", "uv": [ 1.5, 5.0, 11.5, 6.5 ] }
							}
						}
					]
				},
				{
					"name": "string 3",
					"from": [ -6.6, -0.63, -0.7 ],
					"to": [ -6.1, 1.13, 1.3 ],
					"rotationOrigin": [ -6.6, -0.6, 0.8 ],
					"rotationY": 12.0,
					"faces": {
						"north": { "texture": "#string", "uv": [ 8.5, 0.5, 10.0, 1.0 ], "rotation": 90 },
						"east": { "texture": "#string", "uv": [ 0.0, 0.0, 2.0, 1.5 ] },
						"south": { "texture": "#string", "uv": [ 1.0, 0.5, 2.5, 1.0 ], "rotation": 90 },
						"west": { "texture": "#string", "uv": [ 2.0, 2.5, 4.0, 4.0 ] },
						"up": { "texture": "#string", "uv": [ 0.0, 0.0, 0.5, 2.0 ] },
						"down": { "texture": "#string", "uv": [ 0.0, 0.0, 0.5, 2.0 ] }
					}
				},
				{
					"name": "string 4",
					"from": [ -6.8, -0.65, -0.9 ],
					"to": [ -6.3, 1.15, 1.1 ],
					"rotationOrigin": [ -6.8, -0.6, 0.6 ],
					"rotationX": 2.0,
					"rotationY": -26.0,
					"faces": {
						"north": { "texture": "#string", "uv": [ 0.0, 0.5, 1.5, 1.0 ], "rotation": 90 },
						"east": { "texture": "#string", "uv": [ 0.0, 0.0, 2.0, 1.5 ] },
						"south": { "texture": "#string", "uv": [ 2.0, 0.5, 3.5, 1.0 ], "rotation": 90 },
						"west": { "texture": "#string", "uv": [ 0.0, 4.0, 2.0, 5.5 ] },
						"up": { "texture": "#string", "uv": [ 5.0, 1.5, 7.0, 2.0 ], "rotation": 90 },
						"down": { "texture": "#string", "uv": [ 6.5, 1.5, 8.5, 2.0 ], "rotation": 90 }
					}
				},
				{
					"name": "string 5",
					"from": [ -5.6, -0.65, -0.7 ],
					"to": [ -5.1, 1.15, 1.1 ],
					"rotationOrigin": [ -5.6, -0.6, 0.8 ],
					"rotationX": 1.0,
					"faces": {
						"north": { "texture": "#string", "uv": [ 1.0, 0.5, 2.5, 1.0 ], "rotation": 90 },
						"east": { "texture": "#string", "uv": [ 0.0, 2.0, 1.5, 3.5 ] },
						"south": { "texture": "#string", "uv": [ 0.0, 2.5, 1.5, 3.0 ], "rotation": 90 },
						"west": { "texture": "#string", "uv": [ 2.0, 2.5, 3.5, 4.0 ] },
						"up": { "texture": "#string", "uv": [ 4.5, 0.0, 6.0, 0.5 ], "rotation": 90 },
						"down": { "texture": "#string", "uv": [ 2.5, 2.0, 4.0, 2.5 ], "rotation": 90 }
					}
				},
				{
					"name": "holder",
					"from": [ -5.0, -0.6, -0.6 ],
					"to": [ -3.0, 1.1, 1.1 ],
					"rotationOrigin": [ -5.0, -0.6, -0.6 ],
					"faces": {
						"north": { "texture": "#material", "uv": [ 7.0, 3.0, 9.0, 4.5 ] },
						"east": { "texture": "#material", "uv": [ 1.0, 2.0, 2.5, 3.5 ] },
						"south": { "texture": "#material", "uv": [ 6.0, 4.0, 8.0, 5.5 ] },
						"west": { "texture": "#material", "uv": [ 6.0, 2.0, 7.5, 3.5 ] },
						"up": { "texture": "#material", "uv": [ 11.0, 3.5, 12.5, 5.5 ], "rotation": 90 },
						"down": { "texture": "#material", "uv": [ 4.0, 3.0, 6.0, 4.5 ] }
					},
					"children": [
						{
							"name": "tang",
							"from": [ -4.0, 0.0, 0.6 ],
							"to": [ 0.0, 1.7, 1.1 ],
							"rotationOrigin": [ -2.5, 0.0, 3.2 ],
							"faces": {
								"north": { "texture": "#material", "uv": [ 1.0, 5.0, 5.0, 6.5 ] },
								"east": { "texture": "#material", "uv": [ 2.0, 5.0, 2.5, 6.5 ] },
								"south": { "texture": "#material", "uv": [ 2.0, 7.0, 6.0, 8.5 ] },
								"west": { "texture": "#material", "uv": [ 2.0, 6.0, 2.5, 7.5 ] },
								"up": { "texture": "#material", "uv": [ 4.0, 9.5, 4.5, 13.5 ], "rotation": 90 },
								"down": { "texture": "#material", "uv": [ 3.0, 3.0, 7.0, 3.5 ] }
							}
						},
						{
							"name": "Blade12",
							"from": [ 1.5, 0.25, 3.85 ],
							"to": [ 6.0, 0.75, 4.35 ],
							"rotationOrigin": [ 2.0, 0.3, 3.9 ],
							"rotationY": -3.0,
							"faces": {
								"north": { "texture": "#material", "uv": [ 10.5, 9.5, 15.0, 10.0 ] },
								"east": { "texture": "#material", "uv": [ 15.0, 14.5, 15.5, 15.0 ] },
								"south": { "texture": "#material", "uv": [ 10.5, 12.0, 15.0, 12.5 ] },
								"west": { "texture": "#material", "uv": [ 9.0, 7.5, 9.5, 8.0 ] },
								"up": { "texture": "#material", "uv": [ 7.0, 5.5, 11.5, 6.0 ] },
								"down": { "texture": "#material", "uv": [ 0.5, 1.0, 5.0, 1.5 ] }
							},
							"children": [
								{
									"name": "Blade13",
									"from": [ 4.5, -0.01, -0.01 ],
									"to": [ 9.0, 0.49, 0.49 ],
									"rotationOrigin": [ 4.5, 0.0, 0.05 ],
									"rotationZ": 19.0,
									"faces": {
										"north": { "texture": "#material", "uv": [ 4.0, 12.5, 8.5, 13.0 ] },
										"east": { "texture": "#material", "uv": [ 5.5, 8.5, 6.0, 9.0 ] },
										"south": { "texture": "#material", "uv": [ 11.0, 3.5, 15.5, 4.0 ] },
										"west": { "texture": "#material", "uv": [ 14.0, 9.5, 14.5, 10.0 ] },
										"up": { "texture": "#material", "uv": [ 0.5, 13.5, 5.0, 14.0 ] },
										"down": { "texture": "#material", "uv": [ 5.5, 4.5, 10.0, 5.0 ] }
									}
								},
								{
									"name": "Blade14",
									"from": [ -0.3297, 0.0, -6.2914 ],
									"to": [ 4.1703, 0.5, -5.7914 ],
									"rotationOrigin": [ 0.1703, 0.05, -6.2414 ],
									"rotationY": 6.0,
									"faces": {
										"north": { "texture": "#material", "uv": [ 0.5, 12.5, 5.0, 13.0 ] },
										"east": { "texture": "#material", "uv": [ 14.5, 8.0, 15.0, 8.5 ] },
										"south": { "texture": "#material", "uv": [ 6.0, 14.5, 10.5, 15.0 ] },
										"west": { "texture": "#material", "uv": [ 9.0, 12.5, 9.5, 13.0 ] },
										"up": { "texture": "#material", "uv": [ 0.5, 8.0, 5.0, 8.5 ] },
										"down": { "texture": "#material", "uv": [ 10.5, 11.5, 15.0, 12.0 ] }
									},
									"children": [
										{
											"name": "Blade15",
											"from": [ 4.5, -0.01, -0.01 ],
											"to": [ 9.0, 0.49, 0.49 ],
											"rotationOrigin": [ 4.5, 0.0, 0.05 ],
											"rotationZ": 19.0,
											"faces": {
												"north": { "texture": "#material", "uv": [ 10.5, 0.0, 15.0, 0.5 ] },
												"east": { "texture": "#material", "uv": [ 8.5, 5.0, 9.0, 5.5 ] },
												"south": { "texture": "#material", "uv": [ 4.5, 13.5, 9.0, 14.0 ] },
												"west": { "texture": "#material", "uv": [ 8.0, 3.0, 8.5, 3.5 ] },
												"up": { "texture": "#material", "uv": [ 4.0, 2.0, 8.5, 2.5 ] },
												"down": { "texture": "#material", "uv": [ 6.5, 5.0, 11.0, 5.5 ] }
											}
										}
									]
								},
								{
									"name": "Blade16",
									"from": [ 0.051, 0.0, -2.0537 ],
									"to": [ 4.551, 0.5, -1.5537 ],
									"rotationOrigin": [ 1.551, 0.05, 0.9963 ],
									"rotationY": 3.0,
									"faces": {
										"north": { "texture": "#material", "uv": [ 7.0, 1.0, 11.5, 1.5 ] },
										"east": { "texture": "#material", "uv": [ 1.5, 6.5, 2.0, 7.0 ] },
										"south": { "texture": "#material", "uv": [ 6.0, 1.5, 10.5, 2.0 ] },
										"west": { "texture": "#material", "uv": [ 6.5, 1.0, 7.0, 1.5 ] },
										"up": { "texture": "#material", "uv": [ 9.5, 7.0, 14.0, 7.5 ] },
										"down": { "texture": "#material", "uv": [ 8.5, 14.0, 13.0, 14.5 ] }
									},
									"children": [
										{
											"name": "Blade17",
											"from": [ 4.5, -0.01, -0.01 ],
											"to": [ 9.0, 0.49, 0.49 ],
											"rotationOrigin": [ 4.5, 0.0, 0.05 ],
											"rotationZ": 19.0,
											"faces": {
												"north": { "texture": "#material", "uv": [ 2.5, 2.0, 7.0, 2.5 ] },
												"east": { "texture": "#material", "uv": [ 11.0, 0.0, 11.5, 0.5 ] },
												"south": { "texture": "#material", "uv": [ 1.0, 8.0, 5.5, 8.5 ] },
												"west": { "texture": "#material", "uv": [ 8.5, 15.0, 9.0, 15.5 ] },
												"up": { "texture": "#material", "uv": [ 1.0, 14.0, 5.5, 14.5 ] },
												"down": { "texture": "#material", "uv": [ 0.5, 5.5, 5.0, 6.0 ] }
											}
										}
									]
								},
								{
									"name": "Blade18",
									"from": [ -0.0799, 0.0, -4.5503 ],
									"to": [ 4.4201, 0.5, -4.0503 ],
									"rotationOrigin": [ 1.4201, 0.05, -1.5003 ],
									"rotationY": 3.0,
									"faces": {
										"north": { "texture": "#material", "uv": [ 9.5, 13.5, 14.0, 14.0 ] },
										"east": { "texture": "#material", "uv": [ 1.0, 2.0, 1.5, 2.5 ] },
										"south": { "texture": "#material", "uv": [ 8.0, 3.5, 12.5, 4.0 ] },
										"west": { "texture": "#material", "uv": [ 2.0, 9.0, 2.5, 9.5 ] },
										"up": { "texture": "#material", "uv": [ 11.0, 7.0, 15.5, 7.5 ] },
										"down": { "texture": "#material", "uv": [ 7.5, 3.0, 12.0, 3.5 ] }
									},
									"children": [
										{
											"name": "Blade19",
											"from": [ 4.5, -0.01, -0.01 ],
											"to": [ 9.0, 0.49, 0.49 ],
											"rotationOrigin": [ 4.5, 0.0, 0.05 ],
											"rotationZ": 19.0,
											"faces": {
												"north": { "texture": "#material", "uv": [ 2.0, 12.5, 6.5, 13.0 ] },
												"east": { "texture": "#material", "uv": [ 8.0, 7.5, 8.5, 8.0 ] },
												"south": { "texture": "#material", "uv": [ 10.0, 5.5, 14.5, 6.0 ] },
												"west": { "texture": "#material", "uv": [ 13.0, 8.0, 13.5, 8.5 ] },
												"up": { "texture": "#material", "uv": [ 4.0, 10.5, 8.5, 11.0 ] },
												"down": { "texture": "#material", "uv": [ 2.5, 7.5, 7.0, 8.0 ] }
											}
										}
									]
								}
							]
						},
						{
							"name": "tang26",
							"from": [ -26.1, 0.0, 0.6 ],
							"to": [ -22.1, 1.7, 1.1 ],
							"rotationOrigin": [ -24.6, 0.0, 3.2 ],
							"faces": {
								"north": { "texture": "#material", "uv": [ 1.0, 5.0, 5.0, 6.5 ] },
								"east": { "texture": "#material", "uv": [ 2.0, 5.0, 2.5, 6.5 ] },
								"south": { "texture": "#material", "uv": [ 2.0, 7.0, 6.0, 8.5 ] },
								"west": { "texture": "#material", "uv": [ 2.0, 6.0, 2.5, 7.5 ] },
								"up": { "texture": "#material", "uv": [ 4.0, 9.5, 4.5, 13.5 ], "rotation": 90 },
								"down": { "texture": "#material", "uv": [ 3.0, 3.0, 7.0, 3.5 ] }
							}
						},
						{
							"name": "Blade28",
							"from": [ 1.03, 0.3, 1.4652 ],
							"to": [ 1.53, 0.8, 4.4652 ],
							"rotationOrigin": [ 1.03, 0.3021, 1.464 ],
							"rotationY": 10.0,
							"rotationZ": 1.0,
							"faces": {
								"north": { "texture": "#material", "uv": [ 1.0, 5.0, 1.5, 5.5 ] },
								"east": { "texture": "#material", "uv": [ 9.0, 3.5, 12.0, 4.0 ] },
								"south": { "texture": "#material", "uv": [ 2.0, 7.0, 2.5, 7.5 ] },
								"west": { "texture": "#material", "uv": [ 2.0, 6.0, 5.0, 6.5 ] },
								"up": { "texture": "#material", "uv": [ 2.0, 9.5, 5.0, 10.0 ], "rotation": 90 },
								"down": { "texture": "#material", "uv": [ 3.0, 3.0, 3.5, 6.0 ] }
							}
						},
						{
							"name": "Blade27",
							"from": [ 1.0, 0.3, -2.55 ],
							"to": [ 1.5, 0.8, 0.45 ],
							"rotationOrigin": [ 1.0, 0.3, 0.45 ],
							"rotationY": -10.0,
							"rotationZ": -1.0,
							"faces": {
								"north": { "texture": "#material", "uv": [ 1.0, 5.0, 1.5, 5.5 ] },
								"east": { "texture": "#material", "uv": [ 4.0, 3.5, 7.0, 4.0 ] },
								"south": { "texture": "#material", "uv": [ 2.0, 7.0, 2.5, 7.5 ] },
								"west": { "texture": "#material", "uv": [ 2.0, 6.0, 5.0, 6.5 ] },
								"up": { "texture": "#material", "uv": [ 2.5, 7.0, 5.5, 7.5 ], "rotation": 90 },
								"down": { "texture": "#material", "uv": [ 3.0, 3.0, 3.5, 6.0 ] }
							}
						}
					]
				},
				{
					"name": "string 2",
					"from": [ -8.0, -0.65, -0.9 ],
					"to": [ -7.5, 1.15, 1.1 ],
					"rotationOrigin": [ -8.0, -0.6, 0.6 ],
					"rotationX": 2.0,
					"rotationY": -26.0,
					"faces": {
						"north": { "texture": "#string", "uv": [ 5.0, 5.5, 6.5, 6.0 ], "rotation": 90 },
						"east": { "texture": "#string", "uv": [ 6.0, 2.0, 8.0, 3.5 ] },
						"south": { "texture": "#string", "uv": [ 10.0, 2.5, 11.5, 3.0 ], "rotation": 90 },
						"west": { "texture": "#string", "uv": [ 3.0, 6.0, 5.0, 7.5 ] },
						"up": { "texture": "#string", "uv": [ 5.0, 0.5, 7.0, 1.0 ], "rotation": 90 },
						"down": { "texture": "#string", "uv": [ 8.5, 0.5, 10.5, 1.0 ], "rotation": 90 }
					}
				},
				{
					"name": "string 1",
					"from": [ -8.7, -0.65, -0.7 ],
					"to": [ -8.2, 1.15, 1.1 ],
					"rotationOrigin": [ -8.7, -0.6, 0.8 ],
					"rotationX": 1.0,
					"faces": {
						"north": { "texture": "#string", "uv": [ 3.0, 4.5, 4.5, 5.0 ], "rotation": 90 },
						"east": { "texture": "#string", "uv": [ 1.0, 3.0, 2.5, 4.5 ] },
						"south": { "texture": "#string", "uv": [ 0.0, 7.5, 1.5, 8.0 ], "rotation": 90 },
						"west": { "texture": "#string", "uv": [ 3.0, 5.5, 4.5, 7.0 ] },
						"up": { "texture": "#string", "uv": [ 5.5, 0.0, 7.0, 0.5 ], "rotation": 90 },
						"down": { "texture": "#string", "uv": [ 5.5, 2.0, 7.0, 2.5 ], "rotation": 90 }
					}
				},
				{
					"name": "string 18",
					"from": [ -30.6, -0.65, -0.7 ],
					"to": [ -30.1, 1.15, 1.1 ],
					"rotationOrigin": [ -30.6, -0.6, 0.8 ],
					"rotationX": 1.0,
					"faces": {
						"north": { "texture": "#string", "uv": [ 1.0, 0.5, 2.5, 1.0 ], "rotation": 90 },
						"east": { "texture": "#string", "uv": [ 0.0, 2.0, 1.5, 3.5 ] },
						"south": { "texture": "#string", "uv": [ 0.0, 2.5, 1.5, 3.0 ], "rotation": 90 },
						"west": { "texture": "#string", "uv": [ 2.0, 2.5, 3.5, 4.0 ] },
						"up": { "texture": "#string", "uv": [ 4.5, 0.0, 6.0, 0.5 ], "rotation": 90 },
						"down": { "texture": "#string", "uv": [ 2.5, 2.0, 4.0, 2.5 ], "rotation": 90 }
					}
				},
				{
					"name": "string 22",
					"from": [ -29.8, -0.65, -0.9 ],
					"to": [ -29.3, 1.15, 1.1 ],
					"rotationOrigin": [ -29.8, -0.6, 0.6 ],
					"rotationX": 2.0,
					"rotationY": -32.0,
					"faces": {
						"north": { "texture": "#string", "uv": [ 0.0, 0.5, 1.5, 1.0 ], "rotation": 90 },
						"east": { "texture": "#string", "uv": [ 0.0, 0.0, 2.0, 1.5 ] },
						"south": { "texture": "#string", "uv": [ 2.0, 0.5, 3.5, 1.0 ], "rotation": 90 },
						"west": { "texture": "#string", "uv": [ 0.0, 4.0, 2.0, 5.5 ] },
						"up": { "texture": "#string", "uv": [ 5.0, 1.5, 7.0, 2.0 ], "rotation": 90 },
						"down": { "texture": "#string", "uv": [ 6.5, 1.5, 8.5, 2.0 ], "rotation": 90 }
					}
				},
				{
					"name": "string 23",
					"from": [ -28.2, -0.65, -0.7 ],
					"to": [ -27.7, 1.15, 1.3 ],
					"rotationOrigin": [ -28.2, -0.6, 0.8 ],
					"rotationX": 2.0,
					"rotationY": 28.0,
					"faces": {
						"north": { "texture": "#string", "uv": [ 5.0, 5.5, 6.5, 6.0 ], "rotation": 90 },
						"east": { "texture": "#string", "uv": [ 6.0, 2.0, 8.0, 3.5 ] },
						"south": { "texture": "#string", "uv": [ 10.0, 2.5, 11.5, 3.0 ], "rotation": 90 },
						"west": { "texture": "#string", "uv": [ 3.0, 6.0, 5.0, 7.5 ] },
						"up": { "texture": "#string", "uv": [ 5.0, 0.5, 7.0, 1.0 ], "rotation": 90 },
						"down": { "texture": "#string", "uv": [ 8.5, 0.5, 10.5, 1.0 ], "rotation": 90 }
					}
				},
				{
					"name": "string 24",
					"from": [ -27.8, -0.6, -0.7 ],
					"to": [ -27.3, 1.2, 1.1 ],
					"rotationOrigin": [ -27.9, -0.6, 0.8 ],
					"rotationX": 1.0,
					"rotationY": -11.0,
					"faces": {
						"north": { "texture": "#string", "uv": [ 1.0, 0.5, 2.5, 1.0 ], "rotation": 90 },
						"east": { "texture": "#string", "uv": [ 0.0, 2.0, 1.5, 3.5 ] },
						"south": { "texture": "#string", "uv": [ 0.0, 2.5, 1.5, 3.0 ], "rotation": 90 },
						"west": { "texture": "#string", "uv": [ 2.0, 2.5, 3.5, 4.0 ] },
						"up": { "texture": "#string", "uv": [ 4.5, 0.0, 6.0, 0.5 ], "rotation": 90 },
						"down": { "texture": "#string", "uv": [ 2.5, 2.0, 4.0, 2.5 ], "rotation": 90 }
					}
				},
				{
					"name": "string 25",
					"from": [ -27.0, -0.63, -0.7 ],
					"to": [ -26.5, 1.13, 1.3 ],
					"rotationOrigin": [ -27.0, -0.6, 0.8 ],
					"rotationY": 3.0,
					"faces": {
						"north": { "texture": "#string", "uv": [ 8.5, 0.5, 10.0, 1.0 ], "rotation": 90 },
						"east": { "texture": "#string", "uv": [ 0.0, 0.0, 2.0, 1.5 ] },
						"south": { "texture": "#string", "uv": [ 1.0, 0.5, 2.5, 1.0 ], "rotation": 90 },
						"west": { "texture": "#string", "uv": [ 2.0, 2.5, 4.0, 4.0 ] },
						"up": { "texture": "#string", "uv": [ 0.0, 0.0, 0.5, 2.0 ] },
						"down": { "texture": "#string", "uv": [ 0.0, 0.0, 0.5, 2.0 ] }
					}
				}
			]
		}
	]}