{
	"editor": {
		"allAngles": false,
		"entityTextureMode": false
	},
	"textureWidth": 16,
	"textureHeight": 16,
	"textureSizes": {
	},
	"textures": {
		"oak": "game:block/wood/debarked/oak"
	},
	"elements": [
		{
			"name": "Cube1",
			"from": [ 2.0, 0.0, 7.25 ], 
			"to": [ 10.0, 1.0, 8.75 ], 
			"rotationOrigin": [ 6.0, 0.0, 8.0 ],
			"faces": {
				"north": { "texture": "#oak", "uv": [ 4.0, 13.0, 12.0, 14.0 ] },
				"east": { "texture": "#oak", "uv": [ 9.5, 13.5, 11.0, 14.5 ] },
				"south": { "texture": "#oak", "uv": [ 7.5, 4.5, 15.5, 5.5 ] },
				"west": { "texture": "#oak", "uv": [ 3.0, 9.5, 4.5, 10.5 ] },
				"up": { "texture": "#oak", "uv": [ 4.5, 7.0, 12.5, 8.5 ] },
				"down": { "texture": "#oak", "uv": [ 2.0, 9.0, 10.0, 10.5 ] }
			},
			"children": [
				{
					"name": "Cube2",
					"from": [ 7.0, 0.25, -2.5 ], 
					"to": [ 9.0, 0.75, 4.0 ], 
					"rotationOrigin": [ 7.0, 0.3, -2.5 ],
					"faces": {
						"north": { "texture": "#oak", "uv": [ 13.5, 9.5, 15.5, 10.0 ] },
						"east": { "texture": "#oak", "uv": [ 6.5, 9.5, 13.0, 10.0 ] },
						"south": { "texture": "#oak", "uv": [ 11.0, 15.0, 13.0, 15.5 ] },
						"west": { "texture": "#oak", "uv": [ 7.0, 5.5, 13.5, 6.0 ] },
						"up": { "texture": "#oak", "uv": [ 1.5, 8.5, 3.5, 15.0 ] },
						"down": { "texture": "#oak", "uv": [ 3.0, 3.0, 5.0, 9.5 ] }
					}
				},
				{
					"name": "Cube5",
					"from": [ 9.0, 0.25, -0.5 ], 
					"to": [ 10.5, 0.75, 0.0 ], 
					"rotationOrigin": [ 9.0, 0.3, -0.3 ],
					"faces": {
						"north": { "texture": "#oak", "uv": [ 11.0, 1.5, 12.5, 2.0 ] },
						"east": { "texture": "#oak", "uv": [ 0.5, 0.0, 1.0, 0.5 ] },
						"south": { "texture": "#oak", "uv": [ 2.0, 13.5, 3.5, 14.0 ] },
						"west": { "texture": "#oak", "uv": [ 14.0, 3.5, 14.5, 4.0 ] },
						"up": { "texture": "#oak", "uv": [ 6.0, 11.0, 7.5, 11.5 ] },
						"down": { "texture": "#oak", "uv": [ 14.0, 9.0, 15.5, 9.5 ] }
					},
					"children": [
						{
							"name": "Cube6",
							"from": [ 1.5, 0.1, 0.1 ], 
							"to": [ 3.0, 0.4, 0.4 ], 
							"rotationOrigin": [ 1.5, 0.1, 0.1 ],
							"faces": {
								"north": { "texture": "#oak", "uv": [ 11.0, 10.0, 12.5, 10.5 ] },
								"east": { "texture": "#oak", "uv": [ 2.5, 14.0, 3.0, 14.5 ] },
								"south": { "texture": "#oak", "uv": [ 4.5, 6.5, 6.0, 7.0 ] },
								"west": { "texture": "#oak", "uv": [ 4.0, 7.0, 4.5, 7.5 ] },
								"up": { "texture": "#oak", "uv": [ 12.0, 13.0, 13.5, 13.5 ] },
								"down": { "texture": "#oak", "uv": [ 3.5, 8.5, 5.0, 9.0 ] }
							}
						}
					]
				},
				{
					"name": "Cube7",
					"from": [ 9.0, 0.25, 1.5 ], 
					"to": [ 10.5, 0.75, 2.0 ], 
					"rotationOrigin": [ 9.0, 0.3, 1.8 ],
					"faces": {
						"north": { "texture": "#oak", "uv": [ 1.0, 6.0, 2.5, 6.5 ] },
						"east": { "texture": "#oak", "uv": [ 1.0, 0.5, 1.5, 1.0 ] },
						"south": { "texture": "#oak", "uv": [ 8.5, 14.0, 10.0, 14.5 ] },
						"west": { "texture": "#oak", "uv": [ 10.5, 3.5, 11.0, 4.0 ] },
						"up": { "texture": "#oak", "uv": [ 1.0, 1.5, 2.5, 2.0 ] },
						"down": { "texture": "#oak", "uv": [ 12.0, 9.5, 13.5, 10.0 ] }
					},
					"children": [
						{
							"name": "Cube8",
							"from": [ 1.5, 0.1, 0.1 ], 
							"to": [ 3.0, 0.4, 0.4 ], 
							"rotationOrigin": [ 1.5, 0.1, 0.1 ],
							"faces": {
								"north": { "texture": "#oak", "uv": [ 9.5, 7.0, 11.0, 7.5 ] },
								"east": { "texture": "#oak", "uv": [ 2.5, 2.5, 3.0, 3.0 ] },
								"south": { "texture": "#oak", "uv": [ 11.5, 10.5, 13.0, 11.0 ] },
								"west": { "texture": "#oak", "uv": [ 2.0, 3.5, 2.5, 4.0 ] },
								"up": { "texture": "#oak", "uv": [ 0.5, 6.5, 2.0, 7.0 ] },
								"down": { "texture": "#oak", "uv": [ 10.0, 2.0, 11.5, 2.5 ] }
							}
						}
					]
				},
				{
					"name": "Cube9",
					"from": [ 9.0, 0.25, 0.5 ], 
					"to": [ 10.5, 0.75, 1.0 ], 
					"rotationOrigin": [ 9.0, 0.3, 0.8 ],
					"faces": {
						"north": { "texture": "#oak", "uv": [ 7.5, 2.5, 9.0, 3.0 ] },
						"east": { "texture": "#oak", "uv": [ 6.0, 11.0, 6.5, 11.5 ] },
						"south": { "texture": "#oak", "uv": [ 11.0, 11.0, 12.5, 11.5 ] },
						"west": { "texture": "#oak", "uv": [ 9.0, 2.5, 9.5, 3.0 ] },
						"up": { "texture": "#oak", "uv": [ 12.0, 8.5, 13.5, 9.0 ] },
						"down": { "texture": "#oak", "uv": [ 2.5, 13.0, 4.0, 13.5 ] }
					},
					"children": [
						{
							"name": "Cube10",
							"from": [ 1.5, 0.1, 0.1 ], 
							"to": [ 3.0, 0.4, 0.4 ], 
							"rotationOrigin": [ 1.5, 0.1, 0.1 ],
							"faces": {
								"north": { "texture": "#oak", "uv": [ 11.5, 9.0, 13.0, 9.5 ] },
								"east": { "texture": "#oak", "uv": [ 3.5, 5.5, 4.0, 6.0 ] },
								"south": { "texture": "#oak", "uv": [ 12.5, 9.0, 14.0, 9.5 ] },
								"west": { "texture": "#oak", "uv": [ 5.0, 1.5, 5.5, 2.0 ] },
								"up": { "texture": "#oak", "uv": [ 4.5, 0.0, 6.0, 0.5 ] },
								"down": { "texture": "#oak", "uv": [ 5.0, 10.5, 6.5, 11.0 ] }
							}
						}
					]
				},
				{
					"name": "Cube11",
					"from": [ 9.0, 0.25, -1.5 ], 
					"to": [ 10.5, 0.75, -1.0 ], 
					"rotationOrigin": [ 9.0, 0.3, -1.3 ],
					"faces": {
						"north": { "texture": "#oak", "uv": [ 5.5, 9.0, 7.0, 9.5 ] },
						"east": { "texture": "#oak", "uv": [ 1.5, 1.5, 2.0, 2.0 ] },
						"south": { "texture": "#oak", "uv": [ 0.0, 11.5, 1.5, 12.0 ] },
						"west": { "texture": "#oak", "uv": [ 8.5, 9.5, 9.0, 10.0 ] },
						"up": { "texture": "#oak", "uv": [ 6.5, 11.5, 8.0, 12.0 ] },
						"down": { "texture": "#oak", "uv": [ 6.5, 2.0, 8.0, 2.5 ] }
					},
					"children": [
						{
							"name": "Cube12",
							"from": [ 1.5, 0.1, 0.1 ], 
							"to": [ 3.0, 0.4, 0.4 ], 
							"rotationOrigin": [ 1.5, 0.1, 0.1 ],
							"faces": {
								"north": { "texture": "#oak", "uv": [ 2.5, 14.5, 4.0, 15.0 ] },
								"east": { "texture": "#oak", "uv": [ 8.5, 7.5, 9.0, 8.0 ] },
								"south": { "texture": "#oak", "uv": [ 1.0, 1.5, 2.5, 2.0 ] },
								"west": { "texture": "#oak", "uv": [ 14.5, 5.5, 15.0, 6.0 ] },
								"up": { "texture": "#oak", "uv": [ 13.5, 1.5, 15.0, 2.0 ] },
								"down": { "texture": "#oak", "uv": [ 9.5, 2.5, 11.0, 3.0 ] }
							}
						}
					]
				},
				{
					"name": "Cube13",
					"from": [ 9.0, 0.25, -2.5 ], 
					"to": [ 10.5, 0.75, -2.0 ], 
					"rotationOrigin": [ 9.0, 0.3, -2.3 ],
					"faces": {
						"north": { "texture": "#oak", "uv": [ 5.0, 1.5, 6.5, 2.0 ] },
						"east": { "texture": "#oak", "uv": [ 4.5, 8.5, 5.0, 9.0 ] },
						"south": { "texture": "#oak", "uv": [ 6.0, 3.5, 7.5, 4.0 ] },
						"west": { "texture": "#oak", "uv": [ 9.5, 3.5, 10.0, 4.0 ] },
						"up": { "texture": "#oak", "uv": [ 8.0, 13.0, 9.5, 13.5 ] },
						"down": { "texture": "#oak", "uv": [ 2.0, 3.5, 3.5, 4.0 ] }
					},
					"children": [
						{
							"name": "Cube14",
							"from": [ 1.5, 0.1, 0.1 ], 
							"to": [ 3.0, 0.4, 0.4 ], 
							"rotationOrigin": [ 1.5, 0.1, 0.1 ],
							"faces": {
								"north": { "texture": "#oak", "uv": [ 2.0, 13.5, 3.5, 14.0 ] },
								"east": { "texture": "#oak", "uv": [ 0.5, 6.5, 1.0, 7.0 ] },
								"south": { "texture": "#oak", "uv": [ 0.5, 5.0, 2.0, 5.5 ] },
								"west": { "texture": "#oak", "uv": [ 4.5, 14.5, 5.0, 15.0 ] },
								"up": { "texture": "#oak", "uv": [ 7.0, 0.0, 8.5, 0.5 ] },
								"down": { "texture": "#oak", "uv": [ 14.0, 14.5, 15.5, 15.0 ] }
							}
						}
					]
				},
				{
					"name": "Cube15",
					"from": [ 9.0, 0.25, 3.5 ], 
					"to": [ 10.5, 0.75, 4.0 ], 
					"rotationOrigin": [ 9.0, 0.3, 3.8 ],
					"faces": {
						"north": { "texture": "#oak", "uv": [ 8.0, 11.5, 9.5, 12.0 ] },
						"east": { "texture": "#oak", "uv": [ 5.5, 13.5, 6.0, 14.0 ] },
						"south": { "texture": "#oak", "uv": [ 7.5, 9.5, 9.0, 10.0 ] },
						"west": { "texture": "#oak", "uv": [ 9.5, 6.5, 10.0, 7.0 ] },
						"up": { "texture": "#oak", "uv": [ 1.0, 8.0, 2.5, 8.5 ] },
						"down": { "texture": "#oak", "uv": [ 5.0, 5.5, 6.5, 6.0 ] }
					},
					"children": [
						{
							"name": "Cube16",
							"from": [ 1.5, 0.1, 0.1 ], 
							"to": [ 3.0, 0.4, 0.4 ], 
							"rotationOrigin": [ 1.5, 0.1, 0.1 ],
							"faces": {
								"north": { "texture": "#oak", "uv": [ 6.0, 11.0, 7.5, 11.5 ] },
								"east": { "texture": "#oak", "uv": [ 12.5, 0.0, 13.0, 0.5 ] },
								"south": { "texture": "#oak", "uv": [ 1.5, 15.0, 3.0, 15.5 ] },
								"west": { "texture": "#oak", "uv": [ 5.0, 2.0, 5.5, 2.5 ] },
								"up": { "texture": "#oak", "uv": [ 5.5, 2.0, 7.0, 2.5 ] },
								"down": { "texture": "#oak", "uv": [ 7.5, 8.0, 9.0, 8.5 ] }
							}
						}
					]
				},
				{
					"name": "Cube17",
					"from": [ 9.0, 0.25, 2.5 ], 
					"to": [ 10.5, 0.75, 3.0 ], 
					"rotationOrigin": [ 9.0, 0.3, 2.8 ],
					"faces": {
						"north": { "texture": "#oak", "uv": [ 1.5, 8.0, 3.0, 8.5 ] },
						"east": { "texture": "#oak", "uv": [ 6.5, 0.0, 7.0, 0.5 ] },
						"south": { "texture": "#oak", "uv": [ 3.5, 0.5, 5.0, 1.0 ] },
						"west": { "texture": "#oak", "uv": [ 7.0, 9.5, 7.5, 10.0 ] },
						"up": { "texture": "#oak", "uv": [ 1.0, 2.5, 2.5, 3.0 ] },
						"down": { "texture": "#oak", "uv": [ 6.5, 10.5, 8.0, 11.0 ] }
					},
					"children": [
						{
							"name": "Cube18",
							"from": [ 1.5, 0.1, 0.1 ], 
							"to": [ 3.0, 0.4, 0.4 ], 
							"rotationOrigin": [ 1.5, 0.1, 0.1 ],
							"faces": {
								"north": { "texture": "#oak", "uv": [ 2.5, 7.0, 4.0, 7.5 ] },
								"east": { "texture": "#oak", "uv": [ 6.0, 3.5, 6.5, 4.0 ] },
								"south": { "texture": "#oak", "uv": [ 2.0, 8.0, 3.5, 8.5 ] },
								"west": { "texture": "#oak", "uv": [ 8.5, 3.5, 9.0, 4.0 ] },
								"up": { "texture": "#oak", "uv": [ 6.0, 10.0, 7.5, 10.5 ] },
								"down": { "texture": "#oak", "uv": [ 2.5, 6.0, 4.0, 6.5 ] }
							}
						}
					]
				}
			]
		}
	]}