{
  "type": "content",
  "modid": "em",
  "name": "Expanded Matter",
  "description" : "A library that extends the base game with new materials and variants.",
  "authors": [ "Tels", "Phiwa" ],
  "contributors": [ ],
  "version": "3.2.0",
  "translators": [ "Darce", "William Tarry (Dracomancer)", "DeanBro", "Drakker", "ElectroNikkel", "justOmi", "Macoto Hino", "Nahuel-Campos", "x_Yota_x" ],
  "dependencies": {
	"game": "1.20.0",
	"survival": "1.20.0"
  },
  "website": "https://gitlab.com/codesmiths/vs_expanded_matter"
}
