[
  {
    "file": "game:blocktypes/overlay/damagedstone.json",
    "op": "replace",
    "path": "/attributes/handbook/exclude",
    "value": false
  },
  {
    "file": "game:blocktypes/metal/ironfence.json",
    "op": "replace",
    "path": "/attributes/handbook/exclude",
    "value": false
  },
  {
    "op": "add",
    "path": "/creativeinventoryStacks/0/stacks/-",
    "value": {
      "type": "block",
      "code": "crate",
      "attributes": {
        "lidState": "opened",
        "type": "wood-aged"
      }
    },
    "file": "game:blocktypes/wood/woodtyped/crate.json"
  },
  {
    "file": "game:blocktypes/roofing/beam-plane.json",
    "op": "replace",
    "path": "/attributes/handbook/exclude",
    "value": false
  },
  {
    "file": "game:blocktypes/roofing/beam-ridge.json",
    "op": "replace",
    "path": "/attributes/handbook/exclude",
    "value": false
  },
  {
    "file": "game:itemtypes/meta/textureflipper.json",
    "op": "replace",
    "path": "/attributes/handbook/exclude",
    "value": false
  }
]
