{
	"code": "awl",
	"damagedby": [ "blockbreaking", "attacking" ],
	"tool": "hammer",
	"attributes": {
		"handbook": { "groupBy": [ "awl-*" ] },
		"displaycaseable": true,
		"shelvable": true,
		"onDisplayTransform": {
			"translation": { "x": -0.07, "y": 0.024, "z": 0 },
			"rotation": { "x": 0, "y": 40, "z": 0 }
		},
		"toolrackTransformByType": {
			"@awl-(bone|flint|obsidian)": {
				"translation": { "x": 0.11, "y": 0.57, "z": -0.1 },
				"rotation": { "x": 0, "y": 165, "z": 0 },
				"origin": { "x": 0.5, "y": 0, "z": 0.5 },
				"scale": 1.8
			},
			"*": {
				"translation": { "x": 0.02, "y": 0.57, "z": -0.1 },
				"rotation": { "x": 0, "y": 165, "z": 0 },
				"origin": { "x": 0.5, "y": 0, "z": 0.5 },
				"scale": 1.8
			}
		},
		"groundStorageTransform": {
			"translation": { "x": 0, "y": 0.025, "z": 0 },
			"rotation": { "x": 0, "y": 138, "z": 0 }
		}
	},
	"behaviors": [
                { "name": "GroundStorable", "properties": { "layout": "Quadrants", "collisionBox": { "x1": 0, "y1": 0, "z1": 0, "x2": 1, "y2": 0.125, "z2": 1 } } }
	],
	"variantgroups": [
		{ "code": "type", "states": [ "bone", "horn", "flint", "obsidian", "copper", "cupronickel", "electrum", "gold", "silver", "tinbronze", "bismuthbronze", "blackbronze", "iron", "meteoriciron", "steel" ] }
	],
	"shapeByType": {
		"@^awl-(bone|horn|flint|obsidian)": { "base": "tailorsdelight:item/tool/awl_bone" },
		"*": { "base": "tailorsdelight:item/tool/awl_metal" }
	},
	"heldTpHitAnimation": "breaktool",
	"heldTpUseAnimation": "knap",
	"texturesByType": {
		"awl-bone": { "all": { "base": "game:block/creature/bone-yellow" } },
		"awl-horn": {
			"handle": { "base": "tailorsdelight:item/horn-dark" },
			"bone": { "base": "tailorsdelight:item/horn-light" }
		},
		"awl-flint": { "all": { "base": "game:block/stone/flint" } },
		"awl-obsidian": { "all": { "base": "game:block/stone/rock/obsidian1" } },
		"*": {
			"handle": { "base": "game:item/tool/material/handle" },
			"metal": { "base": "game:block/metal/ingot/{type}" }
		}
	},
	"durabilityByType": {
		"awl-bone": 100,
		"awl-horn": 200,
		"awl-flint": 120,
		"awl-obsidian": 150,

		"awl-gold": 60,
		"awl-silver": 180,
		"awl-electrum": 180,
		"awl-copper": 300,
		"awl-tinbronze": 450,
		"awl-bismuthbronze": 500,
		"awl-blackbronze": 550,
		"awl-cupronickel": 700,
		"awl-iron": 900,
		"awl-meteoriciron": 1200,
		"awl-steel": 2250
	},
	"attackRange": 1.6,
	"tooltierByType": {
		"@^awl-(gold|bone|horn|flint|obsidian)": 1,
		"@^awl-(iron|meteoriciron|steel)": 3,
		"*": 2
	},
	"attackpowerByType": {
		"awl-bone": 1,
		"awl-flint": 1.1,
		"awl-obsidian": 1.2,

		"awl-gold": 0.8,
		"awl-silver": 1.3,
		"awl-electrum": 1.6,
		"awl-copper": 1.5,
		"awl-bismuthbronze": 2,
		"awl-tinbronze": 2.5,
		"awl-blackbronze": 3,
		"awl-cupronickel": 3.2,
		"awl-iron": 3.5,
		"awl-meteoriciron": 3.75,
		"awl-steel": 4
	},
	"creativeinventory": { "general": ["*"], "items": ["*"], "tools": ["*"] },
	"guiTransformByType": {
		"@^awl-(bone|flint|obsidian)": {
			"rotate": false,
			"translation": { "x": -10, "y": 5, "z": 0 },
			"rotation": { "x": -158, "y": 0, "z": 48 },
			"origin": { "x": 0.48, "y": 0.1, "z": 0.5 },
			"scale": 2.6
		},
		"*": {
			"rotate": false,
			"translation": { "x": -9, "y": 3, "z": 0 },
			"rotation": { "x": -158, "y": 0, "z": 48 },
			"origin": { "x": 0.48, "y": 0.1, "z": 0.5 },
			"scale": 2.41
		}
	},
	"groundTransform": {
		"translation": { "x": 0, "y": 0, "z": 0 },
		"rotation": { "x": -90, "y": 0, "z": 0 },
		"origin": { "x": 0.5, "y": 0.5, "z": 0.45 },
		"scale": 3.6
	},
	"tpHandTransform": {
		"translation": { "x": -0.85, "y": -0.15, "z": -0.48 },
		"rotation": { "x": 0, "y": 0, "z": -30 },
		"scale": 1
	}
}
