{
	"code": "brush",
	"damagedby": [ "blockbreaking", "attacking" ],
	"attributes": {
		"handbook": {
			"groupBy": [ "brush-*" ],
			"extraSections": [ { "title": "game:handbook-item-usage", "text": "tailorsdelight:handbook-item-brush-{type}" } ]
		},
		"shelvable": true,
		"onshelfTransform": {
			"translation": { "x": 0.045, "y": -0.18, "z": 0 },
			"rotation": { "x": 0, "y": 91, "z": 0 },
			"scale": 0.6
		},
		"scrollrackable": true,
                "onscrollrackTransform": {
			"translation": { "x": 0.1, "y": -0.31, "z": 0.7 },
                        "rotation": { "x": -40, "y": -50, "z": -167 },
                        "origin": { "x": 0.09, "y": 0.25, "z": 0.5 },
			"scale": 0.62
                },
		"groundStorageTransform": {
			"translation": { "x": 0.05, "y": -0.17, "z": 0 },
			"rotation": { "x": 0, "y": 99, "z": 0 },
			"scale": 0.65
		}
	},
	"behaviors": [
                { "name": "GroundStorable", "properties": { "layout": "Quadrants", "collisionBox": { "x1": 0, "y1": 0, "z1": 0, "x2": 1, "y2": 0.125, "z2": 1 } } }
	],
	"variantgroups": [
		{ "code": "type", "states": [ "wet", "dry", "crusted" ] },
		{ "code": "color", "states": [ "black", "blue", "gray", "green", "red", "white", "yellow" ] }
	],
	"shape": { "base": "tailorsdelight:item/tool/brush" },
	"heldTpHitAnimation": "breaktool",
	"heldTpUseAnimation": "knap",
	"attributesByType": {
		"brush-wet-black":	{ "pigment": { "name": "Deep black",	"color": { "red": 15, "green": 14, "blue": 12 } } },
		"brush-wet-blue":	{ "pigment": { "name": "Deep blue",	"color": { "red": 35, "green": 45, "blue": 111 } } },
		"brush-wet-gray":	{ "pigment": { "name": "Neutral gray",	"color": { "red": 85, "green": 85, "blue": 89 } } },
		"brush-wet-green":	{ "pigment": { "name": "Deep green",	"color": { "red": 19, "green": 91, "blue": 23 } } },
		"brush-wet-red":	{ "pigment": { "name": "Deep red",	"color": { "red": 120, "green": 20, "blue": 35 } } },
		"brush-wet-white":	{ "pigment": { "name": "Strong white",	"color": { "red": 250, "green": 250, "blue": 255 } } },
		"brush-wet-yellow":	{ "pigment": { "name": "Strong yellow",	"color": { "red": 198, "green": 190, "blue": 80 } } },

		"brush-dry-black":	{ "pigment": { "name": "Faded black",	"color": { "red": 60, "green": 59, "blue": 65 } } },
		"brush-dry-blue":	{ "pigment": { "name": "Faded blue",	"color": { "red": 65, "green": 69, "blue": 145 } } },
		"brush-dry-gray":	{ "pigment": { "name": "Light gray",	"color": { "red": 120, "green": 120, "blue": 127 } } },
		"brush-dry-green":	{ "pigment": { "name": "Faded green",	"color": { "red": 49, "green": 140, "blue": 53 } } },
		"brush-dry-red":	{ "pigment": { "name": "Faded red",	"color": { "red": 151, "green": 49, "blue": 54 } } },
		"brush-dry-white":	{ "pigment": { "name": "Faded white",	"color": { "red": 205, "green": 205, "blue": 215 } } },
		"brush-dry-yellow":	{ "pigment": { "name": "Faded yellow",	"color": { "red": 200, "green": 195, "blue": 120 } } }
	},
	"texturesByType": {
		"brush-wet-*": {
			"handle": { "base": "game:item/tool/material/handle" },
			"brush":  { "base": "game:block/leather/{color}", "blendedOverlays": [ { "base": "tailorsdelight:overlays/darken", "blendMode": "Darken" } ] }
		},
		"brush-dry-*": {
			"handle": { "base": "game:item/tool/material/handle" },
			"brush":  { "base": "game:block/cloth/linen/{color}" }
		},
		"brush-crusted-*": {
			"handle": { "base": "game:item/tool/material/handle" },
			"brush":  { "base": "game:block/cloth/linen/{color}", "blendedOverlays": [ { "base": "tailorsdelight:overlays/lighten", "blendMode": "Lighten" } ] }
		}
	},
	"transitionablePropsByType": {
		"brush-wet-*": [ {
			"type": "Dry",
			"freshHours": { "avg": 8 },
			"transitionHours": { "avg": 24 },
			"transitionedStack": { "type": "item", "code": "tailorsdelight:brush-dry-{color}" },
			"transitionRatio": 1
		} ],
		"brush-dry-*": [ {
			"type": "Dry",
			"freshHours": { "avg": 16 },
			"transitionHours": { "avg": 72 },
			"transitionedStack": { "type": "item", "code": "tailorsdelight:brush-crusted-{color}" },
			"transitionRatio": 1
		} ]
	},
	"durabilityByType": {
		"brush-wet-*": 64,
		"brush-dry-*": 24
	},
	"creativeinventory": { "general": ["*"], "items": ["*"], "tools": ["*"] },
	"guiTransform": {
		"rotate": false,
		"translation": { "x": 10, "y": 15, "z": 0 },
		"rotation": { "x": -63, "y": 21, "z": 43 },
		"origin": { "x": 0.48, "y": 0.1, "z": 0.5 },
		"scale": 3
	},
	"groundTransform": {
		"translation": { "x": 0, "y": 0.03, "z": 0 },
		"rotation": { "x": -90, "y": 0, "z": -49 },
		"origin": { "x": 0.5, "y": 0.5, "z": 0.45 },
		"scale": 3.6
	},
	"tpHandTransform": {
		"translation": { "x": -1.1, "y": -0.7, "z": -1.27 },
		"rotation": { "x": -110, "y": -99, "z": 12 },
		"scale": 0.61
	}
}
