{
    "code": "schematic",
    "class": "TabletopGames.ItemShapeTexturesFromAttributes",
    "maxStackSize": 1,
    "attributes": {
        "handbook": { "groupBy": ["tabletopgames:schematic"] },
        "groundStorageTransform": { "translation": { "x": -0, "y": 0.5, "z": 0.1 }, "rotation": { "x": -90, "y": 7, "z": 0 }, "origin": { "x": 0.5, "y": 0, "z": 0.5 }, "scale": 3 },
        "name": {
            "type-generic_piece": ["tabletopgames:item-schematic-{type}"]
        },
        "description": {
            "type-generic_piece": ["tabletopgames:itemdesc-schematic-{type}"]
        },
        "shape": {
            "type-generic_piece": { "base": "game:item/utility/schematic-glider" }
        },
        "textures": {
            "type-generic_piece": {
                "schematic": { "base": "tabletopgames:item/schematic-blackknight" }
            }
        }
    },
    "behaviors": [
        { "name": "GroundStorable", "properties": { "layout": "SingleCenter", "collisionBox": { "x1": 0, "y1": 0, "z1": 0, "x2": 1, "y2": 0.125, "z2": 1 } } },
        {
            "name": "TabletopGames.AdvancedToolModes",
            "properties": {
                "textures": {
                    "chisel": "textures/icons/worldedit/chiselbrush.svg"
                },
                "toolModes": {
                    "type-generic_piece": [
                        {
                            "name": "tabletopgames:toolmode-sinkslot-convert-chiseled-block-to-chiseled-piece",
                            "iconTexture": "chisel",
                            "isSinkSlot": true,
                            "slotParams": [{ "giveStack": { "type": "item", "code": "tabletopgames:chiseledpiece", "quantity": 1 } }]
                        },

                        // #############
                        // ### Stone ###
                        // #############
                        {
                            "linebreak": true,
                            "nameArray": [["tabletopgames:toolmode-sinkslot-quantity-input-quantity-output", 16, "game:item-stone-generic", 16, "tabletopgames:item-chesspiece"]],
                            "isSinkSlot": true,
                            "iconStack": { "type": "item", "code": "tabletopgames:chesspiece", "attributes": { "types": { "type": "pawn", "stone": "granite" } } },
                            "slotParams": [
                                {
                                    "triggerBy": { "type": "item", "code": "game:stone-*", "name": "stone", "quantity": 16 },
                                    "giveStack": { "type": "item", "code": "tabletopgames:chesspiece", "quantity": 16 },
                                    "setVariants": { "type": "pawn", "stone": "{stone}" }
                                }
                            ]
                        },
                        {
                            "nameArray": [["tabletopgames:toolmode-sinkslot-quantity-input-quantity-output", 12, "game:item-stone-generic", 12, "tabletopgames:item-checkerpiece"]],
                            "isSinkSlot": true,
                            "iconStack": { "type": "item", "code": "tabletopgames:checkerpiece", "attributes": { "types": { "type": "pawn", "stone": "granite" } } },
                            "slotParams": [
                                {
                                    "triggerBy": { "type": "item", "code": "game:stone-*", "name": "stone", "quantity": 12 },
                                    "giveStack": { "type": "item", "code": "tabletopgames:checkerpiece", "quantity": 12 },
                                    "setVariants": { "type": "pawn", "stone": "{stone}" }
                                }
                            ]
                        },
                        {
                            "nameArray": [["tabletopgames:toolmode-sinkslot-quantity-input-quantity-output", 16, "game:item-stone-generic", 64, "tabletopgames:item-gostone"]],
                            "isSinkSlot": true,
                            "iconStack": { "type": "item", "code": "tabletopgames:gostone", "attributes": { "types": { "stone": "granite" } } },
                            "slotParams": [
                                {
                                    "triggerBy": { "type": "item", "code": "game:stone-*", "name": "stone", "quantity": 16 },
                                    "giveStack": { "type": "item", "code": "tabletopgames:gostone", "quantity": 64 },
                                    "setVariants": { "stone": "{stone}" },
                                    "removeVariants": ["type"]
                                }
                            ]
                        },
                        {
                            "nameArray": [["tabletopgames:toolmode-sinkslot-quantity-input-quantity-output", 20, "game:item-stone-generic", 20, "tabletopgames:item-shogipiece"]],
                            "isSinkSlot": true,
                            "iconStack": { "type": "item", "code": "tabletopgames:shogipiece", "attributes": { "types": { "type": "fuhyo", "stone": "granite" } } },
                            "slotParams": [
                                {
                                    "triggerBy": { "type": "item", "code": "game:stone-*", "name": "stone", "quantity": 20 },
                                    "giveStack": { "type": "item", "code": "tabletopgames:shogipiece", "quantity": 20 },
                                    "setVariants": { "type": "fuhyo", "stone": "{stone}" }
                                }
                            ]
                        },
                        {
                            // giving color for free to avoid missing textures
                            "nameArray": [["tabletopgames:toolmode-sinkslot-quantity-input-quantity-output", 1, "game:item-stone-generic", 1, "tabletopgames:item-dice"]],
                            "isSinkSlot": true,
                            "iconStack": { "type": "item", "code": "tabletopgames:dice", "attributes": { "types": { "type": "classic_cube", "dot": "6", "stone": "basalt", "color": "chalkwhite" } } },
                            "slotParams": [
                                {
                                    "triggerBy": { "type": "item", "code": "game:stone-*", "name": "stone", "quantity": 1 },
                                    "giveStack": { "type": "item", "code": "tabletopgames:dice", "quantity": 1 },
                                    "setVariants": { "type": "classic_cube", "dot": "6", "stone": "{stone}", "color": "carbonblack" }
                                }
                            ]
                        },
                        {
                            "nameArray": [["tabletopgames:toolmode-sinkslot-quantity-input-quantity-output", 12, "game:item-stone-generic", 1, "tabletopgames:item-gobowl"]],
                            "isSinkSlot": true,
                            "iconStack": { "type": "item", "code": "tabletopgames:gobowl", "attributes": { "types": { "stone": "basalt" } } },
                            "slotParams": [
                                {
                                    "triggerBy": { "type": "item", "code": "game:stone-*", "name": "stone", "quantity": 12 },
                                    "giveStack": { "type": "item", "code": "tabletopgames:gobowl", "quantity": 1 },
                                    "setVariants": { "stone": "{stone}" }
                                }
                            ]
                        },
                        {
                            "nameArray": [["tabletopgames:toolmode-sinkslot-quantity-input-quantity-output", 4, "game:item-stone-generic", 1, "tabletopgames:item-gobowl-lid"]],
                            "isSinkSlot": true,
                            "iconStack": { "type": "item", "code": "tabletopgames:lid", "attributes": { "types": { "type": "gobowl", "stone": "basalt" } } },
                            "slotParams": [
                                {
                                    "triggerBy": { "type": "item", "code": "game:stone-*", "name": "stone", "quantity": 4 },
                                    "giveStack": { "type": "item", "code": "tabletopgames:lid", "quantity": 1 },
                                    "setVariants": { "type": "gobowl", "stone": "{stone}" }
                                }
                            ]
                        },

                        // ##############
                        // ### Wooden ###
                        // ##############

                        {
                            "linebreak": true,
                            "nameArray": [["tabletopgames:toolmode-sinkslot-quantity-input-quantity-output", 16, "game:item-plank-generic", 16, "tabletopgames:item-chesspiece"]],
                            "isSinkSlot": true,
                            "iconStack": { "type": "item", "code": "tabletopgames:chesspiece", "attributes": { "types": { "type": "pawn", "wood": "oak" } } },
                            "slotParams": [
                                { "triggerBy": { "type": "item", "code": "game:plank-*", "name": "wood", "quantity": 16 }, "giveStack": { "type": "item", "code": "tabletopgames:chesspiece", "quantity": 16 }, "setVariants": { "type": "pawn", "wood": "{wood}" } },

                                // Floral Zones mods compatibility
                                { "triggerBy": { "type": "item", "code": "floralzonescaperegion:plank-*", "name": "wood", "quantity": 16 }, "giveStack": { "type": "item", "code": "tabletopgames:chesspiece", "quantity": 16 }, "setVariants": { "type": "pawn", "wood": "{wood}" } },
                                { "triggerBy": { "type": "item", "code": "floralzonescaribbeanregion:plank-*", "name": "wood", "quantity": 16 }, "giveStack": { "type": "item", "code": "tabletopgames:chesspiece", "quantity": 16 }, "setVariants": { "type": "pawn", "wood": "{wood}" } },
                                { "triggerBy": { "type": "item", "code": "floralzonescentralaustralianregion:plank-*", "name": "wood", "quantity": 16 }, "giveStack": { "type": "item", "code": "tabletopgames:chesspiece", "quantity": 16 }, "setVariants": { "type": "pawn", "wood": "{wood}" } },
                                { "triggerBy": { "type": "item", "code": "floralzoneseastasiaticregion:plank-*", "name": "wood", "quantity": 16 }, "giveStack": { "type": "item", "code": "tabletopgames:chesspiece", "quantity": 16 }, "setVariants": { "type": "pawn", "wood": "{wood}" } },
                                { "triggerBy": { "type": "item", "code": "floralzonesmediterraneanregion:plank-*", "name": "wood", "quantity": 16 }, "giveStack": { "type": "item", "code": "tabletopgames:chesspiece", "quantity": 16 }, "setVariants": { "type": "pawn", "wood": "{wood}" } },
                                { "triggerBy": { "type": "item", "code": "floralzonesneozeylandicregion:plank-*", "name": "wood", "quantity": 16 }, "giveStack": { "type": "item", "code": "tabletopgames:chesspiece", "quantity": 16 }, "setVariants": { "type": "pawn", "wood": "{wood}" } }
                            ]
                        },
                        {
                            "nameArray": [["tabletopgames:toolmode-sinkslot-quantity-input-quantity-output", 12, "game:item-plank-generic", 12, "tabletopgames:item-checkerpiece"]],
                            "isSinkSlot": true,
                            "iconStack": { "type": "item", "code": "tabletopgames:checkerpiece", "attributes": { "types": { "type": "pawn", "wood": "oak" } } },
                            "slotParams": [
                                { "triggerBy": { "type": "item", "code": "game:plank-*", "name": "wood", "quantity": 12 }, "giveStack": { "type": "item", "code": "tabletopgames:checkerpiece", "quantity": 12 }, "setVariants": { "type": "pawn", "wood": "{wood}" } },

                                // Floral Zones mods compatibility
                                { "triggerBy": { "type": "item", "code": "floralzonescaperegion:plank-*", "name": "wood", "quantity": 12 }, "giveStack": { "type": "item", "code": "tabletopgames:checkerpiece", "quantity": 12 }, "setVariants": { "type": "pawn", "wood": "{wood}" } },
                                { "triggerBy": { "type": "item", "code": "floralzonescaribbeanregion:plank-*", "name": "wood", "quantity": 12 }, "giveStack": { "type": "item", "code": "tabletopgames:checkerpiece", "quantity": 12 }, "setVariants": { "type": "pawn", "wood": "{wood}" } },
                                { "triggerBy": { "type": "item", "code": "floralzonescentralaustralianregion:plank-*", "name": "wood", "quantity": 12 }, "giveStack": { "type": "item", "code": "tabletopgames:checkerpiece", "quantity": 12 }, "setVariants": { "type": "pawn", "wood": "{wood}" } },
                                { "triggerBy": { "type": "item", "code": "floralzoneseastasiaticregion:plank-*", "name": "wood", "quantity": 12 }, "giveStack": { "type": "item", "code": "tabletopgames:checkerpiece", "quantity": 12 }, "setVariants": { "type": "pawn", "wood": "{wood}" } },
                                { "triggerBy": { "type": "item", "code": "floralzonesmediterraneanregion:plank-*", "name": "wood", "quantity": 12 }, "giveStack": { "type": "item", "code": "tabletopgames:checkerpiece", "quantity": 12 }, "setVariants": { "type": "pawn", "wood": "{wood}" } },
                                { "triggerBy": { "type": "item", "code": "floralzonesneozeylandicregion:plank-*", "name": "wood", "quantity": 12 }, "giveStack": { "type": "item", "code": "tabletopgames:checkerpiece", "quantity": 12 }, "setVariants": { "type": "pawn", "wood": "{wood}" } }
                            ]
                        },
                        {
                            "nameArray": [["tabletopgames:toolmode-sinkslot-quantity-input-quantity-output", 16, "game:item-plank-generic", 64, "tabletopgames:item-gostone"]],
                            "isSinkSlot": true,
                            "iconStack": { "type": "item", "code": "tabletopgames:gostone", "attributes": { "types": { "wood": "oak" } } },
                            "slotParams": [
                                { "triggerBy": { "type": "item", "code": "game:plank-*", "name": "wood", "quantity": 16 }, "giveStack": { "type": "item", "code": "tabletopgames:gostone", "quantity": 64 }, "setVariants": { "wood": "{wood}" }, "removeVariants": ["type"] },

                                // Floral Zones mods compatibility
                                { "triggerBy": { "type": "item", "code": "floralzonescaperegion:plank-*", "name": "wood", "quantity": 16 }, "giveStack": { "type": "item", "code": "tabletopgames:gostone", "quantity": 64 }, "setVariants": { "wood": "{wood}" }, "removeVariants": ["type"] },
                                { "triggerBy": { "type": "item", "code": "floralzonescaribbeanregion:plank-*", "name": "wood", "quantity": 16 }, "giveStack": { "type": "item", "code": "tabletopgames:gostone", "quantity": 64 }, "setVariants": { "wood": "{wood}" }, "removeVariants": ["type"] },
                                { "triggerBy": { "type": "item", "code": "floralzonescentralaustralianregion:plank-*", "name": "wood", "quantity": 16 }, "giveStack": { "type": "item", "code": "tabletopgames:gostone", "quantity": 64 }, "setVariants": { "wood": "{wood}" }, "removeVariants": ["type"] },
                                { "triggerBy": { "type": "item", "code": "floralzoneseastasiaticregion:plank-*", "name": "wood", "quantity": 16 }, "giveStack": { "type": "item", "code": "tabletopgames:gostone", "quantity": 64 }, "setVariants": { "wood": "{wood}" }, "removeVariants": ["type"] },
                                { "triggerBy": { "type": "item", "code": "floralzonesmediterraneanregion:plank-*", "name": "wood", "quantity": 16 }, "giveStack": { "type": "item", "code": "tabletopgames:gostone", "quantity": 64 }, "setVariants": { "wood": "{wood}" }, "removeVariants": ["type"] },
                                { "triggerBy": { "type": "item", "code": "floralzonesneozeylandicregion:plank-*", "name": "wood", "quantity": 16 }, "giveStack": { "type": "item", "code": "tabletopgames:gostone", "quantity": 64 }, "setVariants": { "wood": "{wood}" }, "removeVariants": ["type"] }
                            ]
                        },
                        {
                            "nameArray": [["tabletopgames:toolmode-sinkslot-quantity-input-quantity-output", 20, "game:item-plank-generic", 20, "tabletopgames:item-shogipiece"]],
                            "isSinkSlot": true,
                            "iconStack": { "type": "item", "code": "tabletopgames:shogipiece", "attributes": { "types": { "type": "fuhyo", "wood": "oak" } } },
                            "slotParams": [
                                { "triggerBy": { "type": "item", "code": "game:plank-*", "name": "wood", "quantity": 20 }, "giveStack": { "type": "item", "code": "tabletopgames:shogipiece", "quantity": 20 }, "setVariants": { "type": "fuhyo", "wood": "{wood}" } },

                                // Floral Zones mods compatibility
                                { "triggerBy": { "type": "item", "code": "floralzonescaperegion:plank-*", "name": "wood", "quantity": 20 }, "giveStack": { "type": "item", "code": "tabletopgames:shogipiece", "quantity": 20 }, "setVariants": { "type": "fuhyo", "wood": "{wood}" } },
                                { "triggerBy": { "type": "item", "code": "floralzonescaribbeanregion:plank-*", "name": "wood", "quantity": 20 }, "giveStack": { "type": "item", "code": "tabletopgames:shogipiece", "quantity": 20 }, "setVariants": { "type": "fuhyo", "wood": "{wood}" } },
                                { "triggerBy": { "type": "item", "code": "floralzonescentralaustralianregion:plank-*", "name": "wood", "quantity": 20 }, "giveStack": { "type": "item", "code": "tabletopgames:shogipiece", "quantity": 20 }, "setVariants": { "type": "fuhyo", "wood": "{wood}" } },
                                { "triggerBy": { "type": "item", "code": "floralzoneseastasiaticregion:plank-*", "name": "wood", "quantity": 20 }, "giveStack": { "type": "item", "code": "tabletopgames:shogipiece", "quantity": 20 }, "setVariants": { "type": "fuhyo", "wood": "{wood}" } },
                                { "triggerBy": { "type": "item", "code": "floralzonesmediterraneanregion:plank-*", "name": "wood", "quantity": 20 }, "giveStack": { "type": "item", "code": "tabletopgames:shogipiece", "quantity": 20 }, "setVariants": { "type": "fuhyo", "wood": "{wood}" } },
                                { "triggerBy": { "type": "item", "code": "floralzonesneozeylandicregion:plank-*", "name": "wood", "quantity": 20 }, "giveStack": { "type": "item", "code": "tabletopgames:shogipiece", "quantity": 20 }, "setVariants": { "type": "fuhyo", "wood": "{wood}" } }
                            ]
                        },
                        {
                            // giving color for free to avoid missing textures
                            "nameArray": [["tabletopgames:toolmode-sinkslot-quantity-input-quantity-output", 1, "game:item-plank-generic", 1, "tabletopgames:item-dice"]],
                            "isSinkSlot": true,
                            "iconStack": { "type": "item", "code": "tabletopgames:dice", "attributes": { "types": { "type": "classic_cube", "dot": "6", "wood": "oak", "color": "chalkwhite" } } },
                            "slotParams": [
                                { "triggerBy": { "type": "item", "code": "game:plank-*", "name": "wood", "quantity": 1 }, "giveStack": { "type": "item", "code": "tabletopgames:dice", "quantity": 1 }, "setVariants": { "type": "classic_cube", "dot": "6", "wood": "{wood}", "color": "carbonblack" } },

                                // Floral Zones mods compatibility
                                { "triggerBy": { "type": "item", "code": "floralzonescaperegion:plank-*", "name": "wood", "quantity": 1 }, "giveStack": { "type": "item", "code": "tabletopgames:dice", "quantity": 1 }, "setVariants": { "type": "classic_cube", "dot": "6", "wood": "{wood}", "color": "carbonblack" } },
                                { "triggerBy": { "type": "item", "code": "floralzonescaribbeanregion:plank-*", "name": "wood", "quantity": 1 }, "giveStack": { "type": "item", "code": "tabletopgames:dice", "quantity": 1 }, "setVariants": { "type": "classic_cube", "dot": "6", "wood": "{wood}", "color": "carbonblack" } },
                                { "triggerBy": { "type": "item", "code": "floralzonescentralaustralianregion:plank-*", "name": "wood", "quantity": 1 }, "giveStack": { "type": "item", "code": "tabletopgames:dice", "quantity": 1 }, "setVariants": { "type": "classic_cube", "dot": "6", "wood": "{wood}", "color": "carbonblack" } },
                                { "triggerBy": { "type": "item", "code": "floralzoneseastasiaticregion:plank-*", "name": "wood", "quantity": 1 }, "giveStack": { "type": "item", "code": "tabletopgames:dice", "quantity": 1 }, "setVariants": { "type": "classic_cube", "dot": "6", "wood": "{wood}", "color": "carbonblack" } },
                                { "triggerBy": { "type": "item", "code": "floralzonesmediterraneanregion:plank-*", "name": "wood", "quantity": 1 }, "giveStack": { "type": "item", "code": "tabletopgames:dice", "quantity": 1 }, "setVariants": { "type": "classic_cube", "dot": "6", "wood": "{wood}", "color": "carbonblack" } },
                                { "triggerBy": { "type": "item", "code": "floralzonesneozeylandicregion:plank-*", "name": "wood", "quantity": 1 }, "giveStack": { "type": "item", "code": "tabletopgames:dice", "quantity": 1 }, "setVariants": { "type": "classic_cube", "dot": "6", "wood": "{wood}", "color": "carbonblack" } }
                            ]
                        },
                        {
                            "nameArray": [["tabletopgames:toolmode-sinkslot-quantity-input-quantity-output", 12, "game:item-plank-generic", 1, "tabletopgames:item-gobowl"]],
                            "isSinkSlot": true,
                            "iconStack": { "type": "item", "code": "tabletopgames:gobowl", "attributes": { "types": { "wood": "oak" } } },
                            "slotParams": [
                                { "triggerBy": { "type": "item", "code": "game:plank-*", "name": "wood", "quantity": 12 }, "giveStack": { "type": "item", "code": "tabletopgames:gobowl", "quantity": 1 }, "setVariants": { "wood": "{wood}" } },

                                // Floral Zones mods compatibility
                                { "triggerBy": { "type": "item", "code": "floralzonescaperegion:plank-*", "name": "wood", "quantity": 12 }, "giveStack": { "type": "item", "code": "tabletopgames:gobowl", "quantity": 1 }, "setVariants": { "wood": "{wood}" } },
                                { "triggerBy": { "type": "item", "code": "floralzonescaribbeanregion:plank-*", "name": "wood", "quantity": 12 }, "giveStack": { "type": "item", "code": "tabletopgames:gobowl", "quantity": 1 }, "setVariants": { "wood": "{wood}" } },
                                { "triggerBy": { "type": "item", "code": "floralzonescentralaustralianregion:plank-*", "name": "wood", "quantity": 12 }, "giveStack": { "type": "item", "code": "tabletopgames:gobowl", "quantity": 1 }, "setVariants": { "wood": "{wood}" } },
                                { "triggerBy": { "type": "item", "code": "floralzoneseastasiaticregion:plank-*", "name": "wood", "quantity": 12 }, "giveStack": { "type": "item", "code": "tabletopgames:gobowl", "quantity": 1 }, "setVariants": { "wood": "{wood}" } },
                                { "triggerBy": { "type": "item", "code": "floralzonesmediterraneanregion:plank-*", "name": "wood", "quantity": 12 }, "giveStack": { "type": "item", "code": "tabletopgames:gobowl", "quantity": 1 }, "setVariants": { "wood": "{wood}" } },
                                { "triggerBy": { "type": "item", "code": "floralzonesneozeylandicregion:plank-*", "name": "wood", "quantity": 12 }, "giveStack": { "type": "item", "code": "tabletopgames:gobowl", "quantity": 1 }, "setVariants": { "wood": "{wood}" } }
                            ]
                        },
                        {
                            "nameArray": [["tabletopgames:toolmode-sinkslot-quantity-input-quantity-output", 4, "game:item-plank-generic", 1, "tabletopgames:item-gobowl-lid"]],
                            "isSinkSlot": true,
                            "iconStack": { "type": "item", "code": "tabletopgames:lid", "attributes": { "types": { "type": "gobowl", "wood": "oak" } } },
                            "slotParams": [
                                { "triggerBy": { "type": "item", "code": "game:plank-*", "name": "wood", "quantity": 4 }, "giveStack": { "type": "item", "code": "tabletopgames:lid", "quantity": 1 }, "setVariants": { "type": "gobowl", "wood": "{wood}" } },

                                // Floral Zones mods compatibility
                                { "triggerBy": { "type": "item", "code": "floralzonescaperegion:plank-*", "name": "wood", "quantity": 4 }, "giveStack": { "type": "item", "code": "tabletopgames:lid", "quantity": 1 }, "setVariants": { "type": "gobowl", "wood": "{wood}" } },
                                { "triggerBy": { "type": "item", "code": "floralzonescaribbeanregion:plank-*", "name": "wood", "quantity": 4 }, "giveStack": { "type": "item", "code": "tabletopgames:lid", "quantity": 1 }, "setVariants": { "type": "gobowl", "wood": "{wood}" } },
                                { "triggerBy": { "type": "item", "code": "floralzonescentralaustralianregion:plank-*", "name": "wood", "quantity": 4 }, "giveStack": { "type": "item", "code": "tabletopgames:lid", "quantity": 1 }, "setVariants": { "type": "gobowl", "wood": "{wood}" } },
                                { "triggerBy": { "type": "item", "code": "floralzoneseastasiaticregion:plank-*", "name": "wood", "quantity": 4 }, "giveStack": { "type": "item", "code": "tabletopgames:lid", "quantity": 1 }, "setVariants": { "type": "gobowl", "wood": "{wood}" } },
                                { "triggerBy": { "type": "item", "code": "floralzonesmediterraneanregion:plank-*", "name": "wood", "quantity": 4 }, "giveStack": { "type": "item", "code": "tabletopgames:lid", "quantity": 1 }, "setVariants": { "type": "gobowl", "wood": "{wood}" } },
                                { "triggerBy": { "type": "item", "code": "floralzonesneozeylandicregion:plank-*", "name": "wood", "quantity": 4 }, "giveStack": { "type": "item", "code": "tabletopgames:lid", "quantity": 1 }, "setVariants": { "type": "gobowl", "wood": "{wood}" } }
                            ]
                        }
                    ]
                }
            }
        }
    ],
    "creativeinventoryStacks": [
        {
            "tabs": ["tabletopgames", "general", "items"],
            "stacks": [{ "type": "item", "code": "schematic", "attributes": { "types": { "type": "generic_piece" } } }]
        }
    ],
    "guiTransform": { "translation": { "x": 0, "y": 0, "z": 0 }, "rotation": { "x": -54, "y": -24, "z": -180 }, "origin": { "x": 0.5, "y": 0.1, "z": 0.5 }, "scaleXyz": { "x": -1.3, "y": 1.3, "z": 1.3 } },
    "groundTransform": { "translation": { "x": 0, "y": 0, "z": 0 }, "rotation": { "x": 0, "y": 0, "z": 0 }, "origin": { "x": 0.5, "y": -0.02, "z": 0.5 }, "scale": 1.8 },
    "tpHandTransform": { "translation": { "x": -1.3, "y": -0.7, "z": -1.2 }, "rotation": { "x": -57, "y": -165, "z": 92 }, "origin": { "x": 0.4, "y": 0.2, "z": 0.4 } }
}
