{
	"code": "hayforkhead",
	"variantgroups": [
		{
			"code": "material",
			"states": [ "copper", "tinbronze", "bismuthbronze", "blackbronze", "gold", "silver", "iron", "meteoriciron", "steel" ]
		}
	],
	"heldTpUseAnimation": "interactstatic",
	"maxstacksize": 4,
	"shapeByType": {
		"*": { "base": "item/tool/hayforkhead" }
	},
	"texturesByType": {
		"*": {
			"material": { "base": "game:block/metal/ingot/{material}" },
			"string": { "base": "game:block/transparent" },
			"handle": { "base": "game:block/transparent" }
		}
	},
	"attributes": {
		"onTongTransform": {
			"translation": {
				"x": -0.8,
				"y": -0.76,
				"z": -0.58
			},
			"rotation": {
				"x": 30,
				"y": -10,
				"z": 0
			}
		}
	},
	"creativeinventory": {
		"general": [ "*" ],
		"items": [ "*" ],
		"artofgrowing": [ "*" ]
	},
	"fpHandTransformByType": {
		"*": {
			"translation": {
				"x": -0.25,
				"y": -0.1,
				"z": 0
			},
			"rotation": {
				"x": 3,
				"y": 15,
				"z": 90
			},
			"scale": 2.5
		}
	},
	"guiTransformByType": {
		"*": {
			"rotate": false,
			"translation": {
				"x": 0,
				"y": 0,
				"z": 4
			},
			"rotation": {
				"x": 141,
				"y": 33,
				"z": -38
			},
			"origin": {
				"x": 0.52,
				"y": 0.29,
				"z": 0.3
			},
			"scale": 2.24
		}
	},
	"groundTransform": {
		"translation": {
			"x": 0,
			"y": 0.33,
			"z": 0
		},
		"rotation": {
			"x": 0,
			"y": 0,
			"z": 0
		},
		"origin": {
			"x": 0.8,
			"y": 0.47,
			"z": 0.5
		},
		"scale": 3.6
	},
	"tpHandTransformByType": {
		"*": {
			"translation": {
				"x": -0.7,
				"y": -0.6,
				"z": -0.1
			},
			"rotation": {
				"x": 90,
				"y": 20,
				"z": 0
			},
			"scale": 0.85
		}
	}
}