﻿[
  {
    "side": "Server",
    "file": "game:entities/land/shiver",
    "op": "add",
    "path": "/client/behaviors/-",
    "value": {
      "code": "CombatOverhaul:EntityColliders",
      "elementsByType": {
        "*-bellhead": {
          "Torso": ["TorsoUp", "TorsoLow"],
          "Head": ["Head"],
          "Arm": ["R Hand", "L Hand", "R ArmLow", "L ArmLow", "R ArmUp", "L ArmUp"],
          "Leg": ["R Toes", "R LegLow", "R LegUp", "R Thigh", "L Toes", "L LegLow", "L LegUp", "L Thigh"],
          "Critical": ["Neck"],
          "Resistant": ["E1", "S1", "W1", "N1", "W2", "N2", "E2", "S2", "N3", "E3", "S3", "W3"]
        },
        "*": {
          "Torso": ["TorsoUp", "TorsoLow"],
          "Head": ["L Head2", "L Head1", "R Head2", "R Head1"],
          "Arm": ["R Hand", "L Hand", "R ArmLow", "L ArmLow", "R ArmUp", "L ArmUp"],
          "Leg": ["R Toes", "R LegLow", "R LegUp", "R Thigh", "L Toes", "L LegLow", "L LegUp", "L Thigh"],
          "Critical": ["R Neck1", "R Neck2", "L Neck2", "L Neck1"],
          "Resistant": []
        }
      }
    }
  },
  {
    "side": "Server",
    "file": "game:entities/land/shiver",
    "op": "add",
    "path": "/server/behaviors/-",
    "value": {
      "code": "CombatOverhaul:EntityColliders",
      "elementsByType": {
        "*-bellhead": {
          "Torso": ["TorsoUp", "TorsoLow"],
          "Head": ["L Head2", "L Head1", "R Head2", "R Head1"],
          "Arm": ["R Hand", "L Hand", "R ArmLow", "L ArmLow", "R ArmUp", "L ArmUp"],
          "Leg": ["R Toes", "R LegLow", "R LegUp", "R Thigh", "L Toes", "L LegLow", "L LegUp", "L Thigh"],
          "Critical": ["R Neck1", "R Neck2", "L Neck2", "L Neck1"],
          "Resistant": ["E1", "S1", "W1", "N1", "W2", "N2", "E2", "S2", "N3", "E3", "S3", "W3"]
        },
        "*": {
          "Torso": ["TorsoUp", "TorsoLow"],
          "Head": ["L Head2", "L Head1", "R Head2", "R Head1"],
          "Arm": ["R Hand", "L Hand", "R ArmLow", "L ArmLow", "R ArmUp", "L ArmUp"],
          "Leg": ["R Toes", "R LegLow", "R LegUp", "R Thigh", "L Toes", "L LegLow", "L LegUp", "L Thigh"],
          "Critical": ["R Neck1", "R Neck2", "L Neck2", "L Neck1"],
          "Resistant": []
        }
      }
    }
  },
  {
    "side": "Server",
    "file": "game:entities/land/shiver",
    "op": "add",
    "path": "/server/behaviors/-",
    "value": {
      "code": "CombatOverhaul:EntityDamageModel",
      "damageModel": {
        "TorsoDamageMultiplier": 1,
        "LimbsDamageMultiplier": 0.75,
        "HeadDamageMultiplier": 1.25,
        "CriticalDamageMultiplier": 2,
        "DefaultResistsByType": {
          "*-surface": {"BluntAttack": 0, "SlashingAttack": 2, "PiercingAttack": 4},
          "*-deep": {"BluntAttack": 0, "SlashingAttack": 3, "PiercingAttack": 5},
          "*-tainted": {"BluntAttack": 0, "SlashingAttack": 4, "PiercingAttack": 6},
          "*-corrupt": {"BluntAttack": 0, "SlashingAttack": 5, "PiercingAttack": 6},
          "*-nightmare": {"BluntAttack": 0, "SlashingAttack": 6, "PiercingAttack": 7},
          "*-stilt": {"BluntAttack": 0, "SlashingAttack": 7, "PiercingAttack": 8},
          "*-bellhead": {"BluntAttack": 0, "SlashingAttack": 7, "PiercingAttack": 8},
          "*-deepsplit": {"BluntAttack": 0, "SlashingAttack": 7, "PiercingAttack": 8}
        }
      }
    }
  },
  {
    "side": "Server",
    "file": "game:entities/land/shiver",
    "op": "add",
    "path": "/client/behaviors/-",
    "value": {
      "code": "CombatOverhaul:EntityDamageModel",
      "damageModel": {
        "TorsoDamageMultiplier": 1,
        "LimbsDamageMultiplier": 0.75,
        "HeadDamageMultiplier": 1.25,
        "CriticalDamageMultiplier": 2,
        "DefaultResistsByType": {
          "*-surface": {"BluntAttack": 0, "SlashingAttack": 2, "PiercingAttack": 4},
          "*-deep": {"BluntAttack": 0, "SlashingAttack": 3, "PiercingAttack": 5},
          "*-tainted": {"BluntAttack": 0, "SlashingAttack": 4, "PiercingAttack": 6},
          "*-corrupt": {"BluntAttack": 0, "SlashingAttack": 5, "PiercingAttack": 6},
          "*-nightmare": {"BluntAttack": 0, "SlashingAttack": 6, "PiercingAttack": 7},
          "*-stilt": {"BluntAttack": 0, "SlashingAttack": 7, "PiercingAttack": 8},
          "*-bellhead": {"BluntAttack": 0, "SlashingAttack": 7, "PiercingAttack": 8},
          "*-deepsplit": {"BluntAttack": 0, "SlashingAttack": 7, "PiercingAttack": 8}
        }
      }
    }
  },
  {
    "side": "Server",
    "file": "game:entities/land/shiver",
    "op": "replace",
    "path": "/server/behaviors/8/aitasks/2/damageTierByType",
    "value": {"*-surface": 1, "*-deep": 1, "*-tainted": 2, "*-corrupt": 3, "*-nightmare": 4, "*-stilt": 5, "*-deepsplit": 6, "*-bellhead": 6}
  },
  {
    "side": "Server",
    "file": "game:entities/land/shiver",
    "op": "replace",
    "path": "/server/behaviors/8/aitasks/2/damageTypeByType",
    "value": {
      "*-surface": "SlashingAttack",
      "*-deep": "SlashingAttack",
      "*-tainted": "SlashingAttack",
      "*-corrupt": "SlashingAttack",
      "*-nightmare": "SlashingAttack",
      "*-stilt": "SlashingAttack",
      "*-deepsplit": "SlashingAttack",
      "*-bellhead": "BluntAttack"
    }
  },
  {"side": "Server", "file": "game:entities/land/shiver", "op": "replace", "path": "/server/behaviors/8/aitasks/2/attackDurationMs", "value": 1500},
  {"side": "Server", "file": "game:entities/land/shiver", "op": "replace", "path": "/server/behaviors/8/aitasks/2/damagePlayerAtMs", "value": 900},
  {"side": "Server", "file": "game:entities/land/shiver", "op": "replace", "path": "/server/behaviors/8/aitasks/2/animation", "value": "bite-withwindup"},
  {"side": "Server", "file": "game:entities/land/shiver", "op": "replace", "path": "/server/behaviors/2/currenthealthByType/*-deep", "value": 16},
  {"side": "Server", "file": "game:entities/land/shiver", "op": "replace", "path": "/server/behaviors/2/maxhealthByType/*-deep", "value": 16},
  {"side": "Server", "file": "game:entities/land/shiver", "op": "replace", "path": "/hitboxSize/x", "value": 1.9}
]