{
	"code": "folder",
	"damagedby": [ "blockbreaking", "attacking" ],
	"tool": "hammer",
	"attributes": {
		"handbook": { "groupBy": [ "folder-*" ] },
		"shelvable": true,
		"onshelfTransform": {
			"translation": { "x": 0.045, "y": -0.1, "z": 0 },
			"rotation": { "x": 0, "y": 44, "z": 0 },
			"scale": 0.8
		},
		"scrollrackable": true,
                "onscrollrackTransform": {
			"translation": { "x": 0.43, "y": -0.583, "z": 0.675 },
                        "rotation": { "x": -43, "y": 0, "z": -180 },
                        "origin": { "x": 0.09, "y": 0.25, "z": 0.5 },
			"scale": 0.9
                },
		"displaycaseable": true,
		"onDisplayTransform": {
			"translation": { "x": 0.05, "y": 0, "z": 0 },
			"rotation": { "x": 0, "y": -90, "z": 0 },
			"origin": { "x": 0.5, "y": 0, "z": 0.5 },
			"scale": 0.9
		},
		"toolrackTransform": {
			"translation": { "x": -0.1, "y": 0.48, "z": 0.05 },
			"rotation": { "x": 0, "y": 168, "z": 1 },
			"origin": { "x": 0.5, "y": 0, "z": 0.5 },
			"scale": 1.9
		},
		"groundStorageTransform": {
			"translation": { "x": 0.05, "y": -0.05, "z": 0 },
			"rotation": { "x": 0, "y": 125, "z": 0 },
			"scale": 0.9
		}
	},
	"behaviors": [
                { "name": "GroundStorable", "properties": { "layout": "Quadrants", "collisionBox": { "x1": 0, "y1": 0, "z1": 0, "x2": 1, "y2": 0.125, "z2": 1 } } }
	],
	"variantgroups": [
		{ "code": "type", "states": [ "bone", "bamboo" ] }
	],
	"shape": { "base": "bookbinders:item/tool/folder" },
	"heldTpHitAnimation": "breaktool",
	"heldTpUseAnimation": "knap",
	"texturesByType": {
		"folder-bone": { "bone": { "base": "game:block/creature/bone-yellow" } },
		"*": { "bone": { "base": "game:block/stone/polishedrock/limestone-inside" } }
	},
	"durabilityByType": {
		"folder-bone": 150,
		"folder-bamboo": 200
	},
	"creativeinventory": { "general": ["*"], "items": ["*"], "tools": ["*"], "library": ["*"] },
	"guiTransform": {
		"rotate": false,
		"translation": { "x": 0, "y": 2, "z": 0 },
		"rotation": { "x": -62, "y": 124, "z": -44 },
		"origin": { "x": 0.48, "y": 0.1, "z": 0.5 },
		"scale": 3.5
	},
	"groundTransform": {
		"translation": { "x": 0, "y": -0.48, "z": 0 },
		"rotation": { "x": -180, "y": 0, "z": 0 },
		"origin": { "x": 0.5, "y": 0.5, "z": 0.45 },
		"scale": 5
	},
	"tpHandTransform": {
		"translation": { "x": -0.65, "y": -0.75, "z": -1.05 },
		"rotation": { "x": -110, "y": -22, "z": 12 },
		"scale": 0.9
	}
}
