{
	"editor": {
		"allAngles": false,
		"entityTextureMode": false
	},
	"textureWidth": 16,
	"textureHeight": 16,
	"textureSizes": {
	},
	"textures": {
		"normal-top": "block/hay/normal-top",
		"straw1": "block/plant/grassroofing/straw1"
	},
	"elements": [
		{
			"name": "Layer1",
			"from": [ 4.5, 0.0, 4.5 ],
			"to": [ 11.5, 1.0, 11.5 ],
			"rotationOrigin": [ 8.0, 0.0, 8.0 ],
			"faces": {
				"north": { "texture": "#normal-top", "uv": [ 0.0, 0.0, 7.0, 1.0 ] },
				"east": { "texture": "#normal-top", "uv": [ 0.0, 0.0, 7.0, 1.0 ] },
				"south": { "texture": "#normal-top", "uv": [ 0.0, 0.0, 7.0, 1.0 ] },
				"west": { "texture": "#normal-top", "uv": [ 0.0, 0.0, 7.0, 1.0 ] },
				"up": { "texture": "#normal-top", "uv": [ 0.0, 0.0, 7.0, 7.0 ] },
				"down": { "texture": "#normal-top", "uv": [ 0.0, 0.0, 7.0, 7.0 ], "windMode": [-1,-1,-1,-1] }
			},
			"children": [
				{
					"name": "Cube2",
					"from": [ -5.0, 1.0, 0.0 ],
					"to": [ 0.0, 1.0, 7.0 ],
					"rotationOrigin": [ 0.0, 1.0, 0.0 ],
					"rotationZ": 12.0,
					"faces": {
						"up": { "texture": "#straw1", "uv": [ 0.5, 3.0, 7.5, 8.0 ], "rotation": 90 }
					}
				},
				{
					"name": "Cube4",
					"from": [ 0.0, 1.0, 7.0 ],
					"to": [ 7.0, 1.0, 12.0 ],
					"rotationOrigin": [ 0.0, 1.0, 7.0 ],
					"rotationX": 12.0,
					"faces": {
						"up": { "texture": "#straw1", "uv": [ 0.5, 11.0, 7.5, 16.0 ] }
					}
				},
				{
					"name": "Cube6",
					"from": [ 7.0, 1.0, 0.0 ],
					"to": [ 12.0, 1.0, 7.0 ],
					"rotationOrigin": [ 7.0, 1.0, 0.0 ],
					"rotationZ": -12.0,
					"faces": {
						"up": { "texture": "#straw1", "uv": [ 8.5, 3.0, 15.5, 8.0 ], "rotation": 270 }
					}
				},
				{
					"name": "Cube8",
					"from": [ 0.0, 1.0, -5.0 ],
					"to": [ 7.0, 1.0, 0.0 ],
					"rotationOrigin": [ 0.0, 1.0, 0.0 ],
					"rotationX": -12.0,
					"faces": {
						"up": { "texture": "#straw1", "uv": [ 8.5, 11.0, 15.5, 16.0 ], "rotation": 180 }
					}
				}
			]
		},
		{
			"name": "Cube3",
			"from": [ 0.0, 1.0, 6.0 ],
			"to": [ 5.0, 1.0, 12.0 ],
			"rotationOrigin": [ 7.0, 1.0, 9.0 ],
			"rotationX": 2.0E-4,
			"rotationY": 45.0003,
			"rotationZ": 8.0,
			"faces": {
				"up": { "texture": "#straw1", "uv": [ 5.0, 3.0, 11.0, 8.0 ], "rotation": 90 }
			}
		},
		{
			"name": "Cube5",
			"from": [ 2.0, 1.0, 6.0 ],
			"to": [ 7.0, 1.0, 12.0 ],
			"rotationOrigin": [ 9.0, 1.0, 9.0 ],
			"rotationX": 180.0,
			"rotationY": 45.0,
			"rotationZ": -172.0,
			"faces": {
				"up": { "texture": "#straw1", "uv": [ 5.0, 11.0, 11.0, 16.0 ], "rotation": 90 }
			}
		},
		{
			"name": "Cube7",
			"from": [ 2.0, 1.0, 4.0 ],
			"to": [ 7.0, 1.0, 10.0 ],
			"rotationOrigin": [ 9.0, 1.0, 7.0 ],
			"rotationX": 179.9998,
			"rotationY": -45.0003,
			"rotationZ": -172.0,
			"faces": {
				"up": { "texture": "#straw1", "uv": [ 5.0, 11.0, 11.0, 16.0 ], "rotation": 90 }
			}
		},
		{
			"name": "Cube9",
			"from": [ 0.0, 1.0, 4.0 ],
			"to": [ 5.0, 1.0, 10.0 ],
			"rotationOrigin": [ 7.0, 1.0, 7.0 ],
			"rotationY": -45.0,
			"rotationZ": 8.0,
			"faces": {
				"up": { "texture": "#straw1", "uv": [ 5.0, 3.0, 11.0, 8.0 ], "rotation": 90 }
			}
		},
		{
			"name": "Face",
			"from": [ 0.0, 0.0, 0.0 ],
			"to": [ 22.6, 22.6, 1.0 ],
			"shade": false,
			"rotationOrigin": [ 0.0, 0.0, 0.0 ],
			"rotationY": -45.0,
			"faces": {
				"north": { "texture": "#north", "uv": [ 0.0, 0.0, 16.0, 16.0 ], "windMode": [0,2,2,0], "windData": [0,1,1,0] }
			}
		},
		{
			"name": "Face2",
			"from": [ 0.0, 0.0, 15.0 ],
			"to": [ 22.6, 22.6, 16.0 ],
			"shade": false,
			"rotationOrigin": [ 0.0, 0.0, 16.0 ],
			"rotationY": 45.0,
			"faces": {
				"south": { "texture": "#south", "uv": [ 0.0, 0.0, 16.0, 16.0 ], "windMode": [0,0,2,2], "windData": [0,0,1,1] }
			}
		}
	]}