[
	{
		ingredientPattern: "T	B",
		ingredients: {
			"T": { type: "item", code: "axehead-*", name: "material", allowedVariants: [ "diorite", "gabbro", "quartzite"] },
			"B": { type: "item", code: "stick" }
		},
		width: 1,
		height: 2,
		output: { type: "item", code: "axe-{material}", quantity: 1  }
	},
	{
		ingredientPattern: "T	B",
		ingredients: {
			"T": { type: "item", code: "axehead-*", name: "material", allowedVariants: [ "diorite", "gabbro", "quartzite"] },
			"B": { type: "item", code: "bone" }
		},
		width: 1,
		height: 2,
		output: { type: "item", code: "axe-bone-{material}", quantity: 1  }
	},

	{
		ingredientPattern: "T	S",
		ingredients: {
			"T": { type: "item", code: "shovelhead-*", name: "material", "allowedVariants":[ "diorite", "gabbro", "quartzite"]  },
			"S": { type: "item", code: "stick" }
		},
		width: 1,
		height: 2,
		output: { type: "item", code: "shovel-{material}", quantity: 1  }
	},
	{
	ingredientPattern: "T	S",
	ingredients: {
		"T": { type: "item", code: "spearhead-*", name: "metal", allowedVariants: [ "diorite", "gabbro", "quartzite"] },
		"S": { type: "item", code: "stick" }
	},
	width: 1,
	height: 2,
	output: { type: "item", code: "spear-generic-{metal}", quantity: 1  }
	},
	{
		ingredientPattern: "T	B",
		ingredients: {
			"T": { type: "item", code: "knifeblade-*", name: "material", allowedVariants: [ "diorite", "gabbro", "quartzite"] },
			"B": { type: "item", code: "bone" }
		},
		width: 1,
		height: 2,
		output: { type: "item", code: "knife-generic-bone{material}", quantity: 1  }
	},

]