[
	{
	"name": "schematiccopy",
	"ingredientPattern": "I_,SP",
	"ingredients": {
		"I": { "type": "item", "code": "bookbinders:inkandquill-*" },
		"S": { "type": "item", "code": "game:paper-parchment", "quantity": 1 },
		"P": { "type": "item", "code": "betterruins:br-schematic-*", "name": "type" }
	},
	"width": 2,
	"height": 2,
	"output": { "type": "item", "code": "betterruins:br-schematic-{type}" }
	},

	{
	"name": "schematiccopy",
	"ingredientPattern": "I_,SP",
	"ingredients": {
		"I": { "type": "item", "code": "bookbinders:inkandquill-*" },
		"S": { "type": "item", "code": "bookbinders:parchment-smooth", "quantity": 1 },
		"P": { "type": "item", "code": "betterruins:br-schematic-*", "name": "type" }
	},
	"width": 2,
	"height": 2,
	"output": { "type": "item", "code": "betterruins:br-schematic-{type}" }
	},

	{
	"name": "schematiccopy",
	"ingredientPattern": "I_,SP",
	"ingredients": {
		"I": { "type": "item", "code": "bookbinders:inkandquill-*" },
		"S": { "type": "item", "code": "bookbinders:parchment-vellum", "quantity": 1 },
		"P": { "type": "item", "code": "betterruins:br-schematic-*", "name": "type" }
	},
	"width": 2,
	"height": 2,
	"output": { "type": "item", "code": "betterruins:br-schematic-{type}" }
	}
]
