﻿{
  "code": "pike",
  "class": "CombatOverhaul:MeleeWeapon",
  "behaviors": [
    {
      "name": "GroundStorable",
      "properties": {
        "layout": "WallHalves",
        "wallOffY": 4,
        "sprintKey": true,
        "selectionBox": {"x1": 0, "y1": 0, "z1": 0, "x2": 1, "y2": 0.1, "z2": 1},
        "collisionBox": {"x1": 0, "y1": 0, "z1": 0, "x2": 0, "y2": 0, "z2": 0}
      }
    },
    {
      "name": "CombatOverhaul:TexturesFromAttributes",
      "properties": {
        "Textures": [
          {
            "Code": "handle",
            "Attribute": "handleTexture",
            "Default": "game:block/wood/debarked/oak",
            "HandbookValues": [
              "game:block/wood/debarked/aged",
              "game:block/wood/debarked/birch",
              "game:block/wood/debarked/oak",
              "game:block/wood/debarked/maple",
              "game:block/wood/debarked/pine",
              "game:block/wood/debarked/acacia",
              "game:block/wood/debarked/kapok",
              "game:block/wood/debarked/baldcypress",
              "game:block/wood/debarked/larch",
              "game:block/wood/debarked/redwood",
              "game:block/wood/debarked/ebony",
              "game:block/wood/debarked/walnut",
              "game:block/wood/debarked/purpleheart"
            ]
          }
        ],
        "CreativeTabs": ["general", "armory-colors"]
      }
    }
  ],
  "variantgroups": [{"code": "type", "states": ["plain"]}, {"code": "material", "states": ["tinbronze", "bismuthbronze", "blackbronze", "meteoriciron", "iron", "steel"]}],
  "shape": {"base": "spears/pike-{material}-{type}"},
  "tool": "pike",
  "attributes": {
    "handbook": {"groupBy": ["pike-plain-{material}"]},
    "heldItemPitchFollow": 1,
    "groundStorageTransform": {"translation": {"x": 0.5, "y": 3.5, "z": 0.4}, "rotation": {"x": 12, "y": 0, "z": 90}, "origin": {"x": 0, "y": 0, "z": 0}, "scale": 0.8},
    "ProficiencyStat": "spearsProficiency",
    "RenderingOffset": false,
    "OneHandedStance": {
      "CanAttack": false,
      "CanParry": false,
      "CanBlock": false,
      "CanSprint": true,
      "CanThrow": false,
      "SpeedPenalty": 0,
      "ReadyAnimation": "armory:pike-idle-1h",
      "IdleAnimation": "armory:pike-idle-1h"
    },
    "TwoHandedStance": {
      "CanAttack": true,
      "CanParry": false,
      "CanBlock": false,
      "CanSprint": true,
      "CanThrow": false,
      "SpeedPenalty": 0,
      "AttackCooldownMs": 500,
      "BlockCooldownMs": 750,
      "GripLengthFactor": 4,
      "GripMinLength": 0,
      "GripMaxLength": 40,
      "Attack": {
        "StopOnTerrainHit": true,
        "StopOnEntityHit": false,
        "CollideWithTerrain": true,
        "HitOnlyOneEntity": true,
        "MaxReach": 15,
        "DamageTypesByType": {
          "*-*bronze": [{"Damage": {"DamageType": "PiercingAttack", "Strength": 3, "Damage": 5}, "Knockback": 2, "DurabilityDamage": 1, "Collider": [0, 0, 0.5, 1.2, 0, 0.5]}],
          "*-iron": [{"Damage": {"DamageType": "PiercingAttack", "Strength": 4, "Damage": 5.5}, "Knockback": 2, "DurabilityDamage": 1, "Collider": [0, 0, 0.5, 1.2, 0, 0.5]}],
          "*-ornategold": [{"Damage": {"DamageType": "PiercingAttack", "Strength": 4, "Damage": 5.5}, "Knockback": 2, "DurabilityDamage": 1, "Collider": [0, 0, 0.5, 1.2, 0, 0.5]}],
          "*-ornatesilver": [
            {"Damage": {"DamageType": "PiercingAttack", "Strength": 4, "Damage": 5.5}, "Knockback": 2, "DurabilityDamage": 1, "Collider": [0, 0, 0.5, 1.2, 0, 0.5]}
          ],
          "*-meteoriciron": [
            {"Damage": {"DamageType": "PiercingAttack", "Strength": 5, "Damage": 5.5}, "Knockback": 2, "DurabilityDamage": 1, "Collider": [0, 0, 0.5, 1.2, 0, 0.5]}
          ],
          "*-steel": [{"Damage": {"DamageType": "PiercingAttack", "Strength": 6, "Damage": 6}, "Knockback": 2, "DurabilityDamage": 1, "Collider": [0, 0, 0.5, 1.2, 0, 0.5]}]
        }
      },
      "HandleAttack": {
        "StopOnTerrainHit": true,
        "StopOnEntityHit": false,
        "CollideWithTerrain": true,
        "MaxReach": 9,
        "DamageTypes": [{"Damage": {"DamageType": "BluntAttack", "Strength": 0, "Damage": 0}, "Knockback": 0, "DurabilityDamage": 0, "Collider": [0, 0, 0.6, -4.2, 0, 0.6]}]
      },
      "HandleHitSound": "game:sounds/thud",
      "AttackDirectionsType": "TopBottom",
      "AttackAnimation": {"Top": ["armory:pike-thrust-2h-top"], "Bottom": ["armory:pike-thrust-2h-bottom"]},
      "TpAttackAnimation": {"Top": "combatoverhaul-spear-hit", "Bottom": "combatoverhaul-spear-hit"},
      "ReadyAnimation": "armory:pike-ready-2h",
      "IdleAnimation": "armory:pike-idle-1h",
      "AttackTpAnimation": "spearhit"
    }
  },
  "durabilitybytype": {"*-copper": 250, "*-tinbronze": 450, "*-bismuthbronze": 530, "*-blackbronze": 600, "*-iron": 850, "*-meteoriciron": 1100, "*-steel": 2125, "*": 150},
  "creativeinventory": {"armory": ["*"]},
  "guiTransform": {"translation": {"x": 0, "y": 0, "z": 0}, "rotation": {"x": 39, "y": 0, "z": -130}, "origin": {"x": 1, "y": 0.1, "z": 0.3}, "scale": 2},
  "groundTransform": {"translation": {"x": 0, "y": 0, "z": 0}, "rotation": {"x": 0, "y": 0, "z": 0}, "origin": {"x": 0, "y": 0, "z": 0}, "scale": 4},
  "tpHandTransform": {"translation": {"x": -4.4, "y": 0.05, "z": 0.5}, "rotation": {"x": 0, "y": 0, "z": 0}, "origin": {"x": 0, "y": 0, "z": 0}, "scale": 0.8}
}