{
	"editor": {
		"allAngles": false,
		"entityTextureMode": false
	},
	"textureWidth": 16,
	"textureHeight": 16,
	"textureSizes": {
	},
	"textures": {
	},
	"elements": [
		{
			"name": "parsnip 1",
			"from": [ 1.75, 0.0, 6.75 ],
			"to": [ 4.25, 1.5, 9.25 ],
			"rotationOrigin": [ 3.0, 0.0, 8.0 ],
			"rotationY": -22.5,
			"faces": {
				"north": { "texture": "#bulb", "uv": [ 4.0, 14.0, 6.5, 15.5 ], "windMode": [0,0,0,0] },
				"east": { "texture": "#bulb", "uv": [ 9.0, 14.0, 11.5, 15.5 ], "windMode": [0,0,0,0] },
				"south": { "texture": "#bulb", "uv": [ 2.0, 14.0, 4.5, 15.5 ], "windMode": [0,0,0,0] },
				"west": { "texture": "#bulb", "uv": [ 9.0, 14.0, 11.5, 15.5 ], "windMode": [0,0,0,0] },
				"up": { "texture": "#bulb", "uv": [ 4.0, 7.0, 6.5, 9.5 ], "windMode": [0,0,0,0] }
			}
		},
		{
			"name": "parsnip 2",
			"from": [ 7.25, 0.0, 5.75 ],
			"to": [ 9.75, 1.0, 8.25 ],
			"rotationOrigin": [ 8.5, 0.0, 7.0 ],
			"rotationY": 22.5,
			"faces": {
				"north": { "texture": "#bulb", "uv": [ 4.0, 15.0, 6.5, 16.0 ], "windMode": [0,0,0,0] },
				"east": { "texture": "#bulb", "uv": [ 8.0, 15.0, 10.5, 16.0 ], "windMode": [0,0,0,0] },
				"south": { "texture": "#bulb", "uv": [ 3.0, 15.0, 5.5, 16.0 ], "windMode": [0,0,0,0] },
				"west": { "texture": "#bulb", "uv": [ 8.0, 15.0, 10.5, 16.0 ], "windMode": [0,0,0,0] },
				"up": { "texture": "#bulb", "uv": [ 14.0, 11.0, 16.5, 13.5 ], "windMode": [0,0,0,0] }
			}
		},
		{
			"name": "parsnip 3",
			"from": [ 12.75, 0.0, 7.25 ],
			"to": [ 15.25, 1.5, 9.75 ],
			"rotationOrigin": [ 14.0, 0.0, 8.5 ],
			"rotationY": -45.0,
			"faces": {
				"north": { "texture": "#bulb", "uv": [ 12.0, 14.0, 14.5, 15.5 ], "windMode": [0,0,0,0] },
				"east": { "texture": "#bulb", "uv": [ 5.0, 14.0, 7.5, 15.5 ], "windMode": [0,0,0,0] },
				"south": { "texture": "#bulb", "uv": [ 3.0, 14.0, 5.5, 15.5 ], "windMode": [0,0,0,0] },
				"west": { "texture": "#bulb", "uv": [ 0.0, 14.0, 2.5, 15.5 ], "windMode": [0,0,0,0] },
				"up": { "texture": "#bulb", "uv": [ 13.0, 8.0, 15.5, 10.5 ], "windMode": [0,0,0,0] }
			}
		},
		{
			"name": "parsnip 1 top",
			"from": [ 2.7, 1.5, 6.95 ],
			"to": [ 4.2, 2.0, 8.45 ],
			"rotationOrigin": [ 2.4588, 0.0, 6.6934 ],
			"rotationY": -22.5,
			"faces": {
				"north": { "texture": "#bulb", "uv": [ 6.0, 12.0, 7.5, 12.5 ], "windMode": [0,0,0,0] },
				"east": { "texture": "#bulb", "uv": [ 5.0, 9.0, 6.5, 9.5 ], "windMode": [0,0,0,0] },
				"south": { "texture": "#bulb", "uv": [ 4.0, 8.0, 5.5, 8.5 ], "windMode": [0,0,0,0] },
				"west": { "texture": "#bulb", "uv": [ 5.0, 9.0, 6.5, 9.5 ], "windMode": [0,0,0,0] },
				"up": { "texture": "#bulb", "uv": [ 13.0, 11.0, 14.5, 12.5 ], "windMode": [0,0,0,0] }
			}
		},
		{
			"name": "s 1",
			"from": [ -3.5, 0.0, 8.0 ],
			"to": [ 9.5, 16.0, 8.0 ],
			"shade": false,
			"rotationOrigin": [ 3.0, 0.0, 8.0 ],
			"rotationY": -22.5,
			"faces": {
				"south": { "texture": "#s", "uv": [ 1.5, 0.0, 14.5, 16.0 ], "windMode": [0,0,2,2] }
			}
		},
		{
			"name": "e 1",
			"from": [ 3.0, 0.0, 1.5 ],
			"to": [ 3.0, 16.0, 14.5 ],
			"shade": false,
			"rotationOrigin": [ 3.0, 0.0, 8.0 ],
			"rotationY": -22.5,
			"faces": {
				"east": { "texture": "#e", "uv": [ 1.5, 0.0, 14.5, 16.0 ], "windMode": [0,2,2,0] }
			}
		},
		{
			"name": "parsnip 2 top",
			"from": [ 7.4, 1.0, 6.75 ],
			"to": [ 8.9, 1.5, 8.25 ],
			"rotationOrigin": [ 7.1934, 0.0, 6.4588 ],
			"rotationY": 22.5,
			"faces": {
				"north": { "texture": "#bulb", "uv": [ 6.0, 6.0, 7.5, 6.5 ], "windMode": [0,0,0,0] },
				"east": { "texture": "#bulb", "uv": [ 9.0, 6.0, 10.5, 6.5 ], "windMode": [0,0,0,0] },
				"south": { "texture": "#bulb", "uv": [ 8.0, 6.0, 9.5, 6.5 ], "windMode": [0,0,0,0] },
				"west": { "texture": "#bulb", "uv": [ 5.0, 6.0, 6.5, 6.5 ], "windMode": [0,0,0,0] },
				"up": { "texture": "#bulb", "uv": [ 7.0, 4.0, 8.5, 5.5 ], "windMode": [0,0,0,0] }
			}
		},
		{
			"name": "s 2",
			"from": [ 2.1533, 0.0, 6.7706 ],
			"to": [ 15.1533, 16.0, 6.7706 ],
			"shade": false,
			"rotationOrigin": [ 9.1533, 0.0, 7.2706 ],
			"rotationY": 22.5,
			"faces": {
				"south": { "texture": "#s", "uv": [ 1.5, 0.0, 14.5, 16.0 ], "windMode": [0,0,2,2] }
			}
		},
		{
			"name": "e 2",
			"from": [ 8.6533, 0.0, 0.2706 ],
			"to": [ 8.6533, 16.0, 13.2706 ],
			"shade": false,
			"rotationOrigin": [ 9.1533, 0.0, 7.2706 ],
			"rotationY": 22.5,
			"faces": {
				"east": { "texture": "#e", "uv": [ 1.5, 0.0, 14.5, 16.0 ], "windMode": [0,2,2,0] }
			}
		},
		{
			"name": "parsnip 3 top",
			"from": [ 14.25, 1.5, 7.35 ],
			"to": [ 15.75, 2.0, 8.85 ],
			"rotationOrigin": [ 14.0, 0.0, 7.0858 ],
			"rotationY": -45.0,
			"faces": {
				"north": { "texture": "#bulb", "uv": [ 6.0, 12.0, 7.5, 12.5 ], "windMode": [0,0,0,0] },
				"east": { "texture": "#bulb", "uv": [ 5.0, 9.0, 6.5, 9.5 ], "windMode": [0,0,0,0] },
				"south": { "texture": "#bulb", "uv": [ 4.0, 8.0, 5.5, 8.5 ], "windMode": [0,0,0,0] },
				"west": { "texture": "#bulb", "uv": [ 5.0, 9.0, 6.5, 9.5 ], "windMode": [0,0,0,0] },
				"up": { "texture": "#bulb", "uv": [ 13.0, 11.0, 14.5, 12.5 ], "windMode": [0,0,0,0] }
			}
		},
		{
			"name": "s 3",
			"from": [ 7.5, 0.0, 8.5 ],
			"to": [ 20.5, 16.0, 8.5 ],
			"shade": false,
			"rotationOrigin": [ 14.0, 0.0, 8.5 ],
			"rotationY": -45.0,
			"faces": {
				"south": { "texture": "#s", "uv": [ 1.5, 0.0, 14.5, 16.0 ], "windMode": [0,0,2,2] }
			}
		},
		{
			"name": "e 3",
			"from": [ 14.0, 0.0, 2.0 ],
			"to": [ 14.0, 16.0, 15.0 ],
			"shade": false,
			"rotationOrigin": [ 14.0, 0.0, 8.5 ],
			"rotationY": -45.0,
			"faces": {
				"east": { "texture": "#e", "uv": [ 1.5, 0.0, 14.5, 16.0 ], "windMode": [0,2,2,0] }
			}
		}
	]}