{
  "type": "content",
  "modid": "tailorsdelight",
  "name": "Tailor's Delight",
  "description" : "New tools for tailors: awls, needles, spindles & rulers. Craft and decorate with cloth, thread, leather and hide.",
  "authors": [ "Tels", "Phiwa" ],
  "contributors": [ ],
  "translators": [ "DeanBro", "Macoto Hino", "Ruddi", "SkyTheSkunny*" ],
  "version": "1.9.3",
  "dependencies": {
	"game": "1.20.0",
	"survival": "1.20.0",
	"em": "3.0.0"
  },
  "website": "https://gitlab.com/codesmiths/vs_tailors_delight"
}
