{
	"editor": {
		"collapsedPaths": "Root/Cube1",
		"allAngles": false,
		"entityTextureMode": false
	},
	"textureWidth": 16,
	"textureHeight": 16,
	"textureSizes": {
	},
	"textures": {
		"other": "game:block/clay/ceramic",
		"floor": "game:block/clay/ceramic-dark"
	},
	"elements": [
		{
			"name": "Cube1",
			"from": [ 4.0, 0.0, 3.0 ],
			"to": [ 12.0, 1.0, 13.0 ],
			"faces": {
				"up": { "texture": "#floor", "uv": [ 0.0, 0.0, 8.0, 10.0 ] },
				"down": { "texture": "#other", "uv": [ 8.0, 0.0, 16.0, 10.0 ] }
			},
			"children": [
				{
					"name": "Cube2",
					"from": [ 0.0, 0.0, -2.0 ],
					"to": [ 8.0, 2.0, 0.0 ],
					"faces": {
						"north": { "texture": "#other", "uv": [ 0.0, 2.0, 8.0, 4.0 ] },
						"south": { "texture": "#other", "uv": [ 8.0, 2.0, 16.0, 4.0 ] },
						"up": { "texture": "#other", "uv": [ 0.0, 0.0, 8.0, 2.0 ] },
						"down": { "texture": "#other", "uv": [ 8.0, 0.0, 16.0, 2.0 ] }
					}
				},
				{
					"name": "Cube3",
					"from": [ 0.0, 0.0, 10.0 ],
					"to": [ 8.0, 2.0, 12.0 ],
					"rotationOrigin": [ 0.0, 0.0, 1.0 ],
					"faces": {
						"north": { "texture": "#other", "uv": [ 0.0, 10.0, 8.0, 12.0 ] },
						"east": { "texture": "#other", "uv": [ 12.0, 2.0, 14.0, 4.0 ] },
						"south": { "texture": "#other", "uv": [ 8.0, 10.0, 16.0, 12.0 ] },
						"up": { "texture": "#other", "uv": [ 0.0, 7.0, 8.0, 9.0 ] },
						"down": { "texture": "#other", "uv": [ 8.0, 7.0, 16.0, 9.0 ] }
					}
				},
				{
					"name": "Cube4",
					"from": [ -3.0, 0.0, -2.0 ],
					"to": [ 0.0, 2.0, 12.0 ],
					"faces": {
						"north": { "texture": "#other", "uv": [ 0.0, 14.0, 3.0, 16.0 ] },
						"east": { "texture": "#other", "uv": [ 2.0, 12.0, 16.0, 14.0 ], "autoUv": false },
						"south": { "texture": "#other", "uv": [ 13.0, 14.0, 16.0, 16.0 ], "autoUv": false },
						"west": { "texture": "#other", "uv": [ 2.0, 14.0, 16.0, 16.0 ], "autoUv": false },
						"up": { "texture": "#other", "uv": [ 0.0, 0.0, 3.0, 14.0 ] },
						"down": { "texture": "#other", "uv": [ 3.0, 0.0, 6.0, 14.0 ] }
					}
				},
				{
					"name": "Cube5",
					"from": [ 8.0, 0.0, -2.0 ],
					"to": [ 11.0, 2.0, 12.0 ],
					"faces": {
						"north": { "texture": "#other", "uv": [ 0.0, 14.0, 3.0, 16.0 ] },
						"east": { "texture": "#other", "uv": [ 2.0, 12.0, 16.0, 14.0 ], "autoUv": false },
						"south": { "texture": "#other", "uv": [ 3.0, 14.0, 6.0, 16.0 ] },
						"west": { "texture": "#other", "uv": [ 2.0, 14.0, 16.0, 16.0 ], "autoUv": false },
						"up": { "texture": "#other", "uv": [ 0.0, 0.0, 3.0, 14.0 ] },
						"down": { "texture": "#other", "uv": [ 3.0, 0.0, 6.0, 14.0 ] }
					}
				},
				{
					"name": "Cube6",
					"from": [ 1.0, 1.0, 3.0 ],
					"to": [ 2.0, 2.0, 10.0 ],
					"rotationOrigin": [ 0.0, 0.0, -5.0 ],
					"faces": {
						"north": { "texture": "#other", "uv": [ 8.0, 13.0, 9.0, 14.0 ] },
						"east": { "texture": "#other", "uv": [ 6.5, 14.0, 13.5, 15.0 ] },
						"south": { "texture": "#other", "uv": [ 12.5, 11.5, 13.5, 12.5 ] },
						"west": { "texture": "#other", "uv": [ 7.5, 0.5, 14.5, 1.5 ] },
						"up": { "texture": "#other", "uv": [ 4.5, 1.5, 5.5, 8.5 ] },
						"down": { "texture": "#other", "uv": [ 7.0, 3.0, 8.0, 10.0 ] }
					}
				},
				{
					"name": "Cube7",
					"from": [ 0.0, 1.0, 0.0 ],
					"to": [ 2.0, 2.0, 1.0 ],
					"faces": {
						"north": { "texture": "#other", "uv": [ 0.0, 5.0, 2.0, 6.0 ] },
						"east": { "texture": "#other", "uv": [ 3.0, 5.0, 4.0, 6.0 ] },
						"south": { "texture": "#other", "uv": [ 4.0, 5.0, 6.0, 6.0 ] },
						"west": { "texture": "#other", "uv": [ 7.0, 5.0, 8.0, 6.0 ] },
						"up": { "texture": "#other", "uv": [ 0.0, 4.0, 2.0, 5.0 ] },
						"down": { "texture": "#other", "uv": [ 3.0, 4.0, 5.0, 5.0 ] }
					}
				},
				{
					"name": "Cube8",
					"from": [ 6.0, 1.0, 0.0 ],
					"to": [ 8.0, 2.0, 1.0 ],
					"rotationOrigin": [ 1.0, 0.0, 0.0 ],
					"faces": {
						"north": { "texture": "#other", "uv": [ 0.0, 5.0, 2.0, 6.0 ] },
						"east": { "texture": "#other", "uv": [ 3.0, 5.0, 4.0, 6.0 ] },
						"south": { "texture": "#other", "uv": [ 4.0, 5.0, 6.0, 6.0 ] },
						"west": { "texture": "#other", "uv": [ 7.0, 5.0, 8.0, 6.0 ] },
						"up": { "texture": "#other", "uv": [ 0.0, 4.0, 2.0, 5.0 ] },
						"down": { "texture": "#other", "uv": [ 3.0, 4.0, 5.0, 5.0 ] }
					}
				},
				{
					"name": "Cube9",
					"from": [ 7.0, 1.0, 1.0 ],
					"to": [ 8.0, 2.0, 2.0 ],
					"rotationOrigin": [ 1.0, 0.0, 0.0 ],
					"faces": {
						"north": { "texture": "#other", "uv": [ 0.0, 3.0, 1.0, 4.0 ] },
						"east": { "texture": "#other", "uv": [ 2.0, 3.0, 3.0, 4.0 ] },
						"south": { "texture": "#other", "uv": [ 3.0, 3.0, 4.0, 4.0 ] },
						"west": { "texture": "#other", "uv": [ 5.0, 3.0, 6.0, 4.0 ] },
						"up": { "texture": "#other", "uv": [ 0.0, 2.0, 1.0, 3.0 ] },
						"down": { "texture": "#other", "uv": [ 2.0, 2.0, 3.0, 3.0 ] }
					}
				},
				{
					"name": "Cube10",
					"from": [ 0.0, 1.0, 1.0 ],
					"to": [ 1.0, 2.0, 2.0 ],
					"faces": {
						"north": { "texture": "#other", "uv": [ 0.0, 3.0, 1.0, 4.0 ] },
						"east": { "texture": "#other", "uv": [ 2.0, 3.0, 3.0, 4.0 ] },
						"south": { "texture": "#other", "uv": [ 3.0, 3.0, 4.0, 4.0 ] },
						"west": { "texture": "#other", "uv": [ 5.0, 3.0, 6.0, 4.0 ] },
						"up": { "texture": "#other", "uv": [ 0.0, 2.0, 1.0, 3.0 ] },
						"down": { "texture": "#other", "uv": [ 2.0, 2.0, 3.0, 3.0 ] }
					}
				},
				{
					"name": "Cube13",
					"from": [ 3.0, 1.0, 3.0 ],
					"to": [ 5.0, 2.0, 10.0 ],
					"rotationOrigin": [ 2.0, 0.0, -5.0 ],
					"faces": {
						"north": { "texture": "#other", "uv": [ 12.0, 0.5, 14.0, 1.5 ] },
						"east": { "texture": "#other", "uv": [ 1.0, 9.0, 8.0, 10.0 ] },
						"south": { "texture": "#other", "uv": [ 8.0, 10.5, 10.0, 11.5 ] },
						"west": { "texture": "#other", "uv": [ 7.0, 7.0, 14.0, 8.0 ] },
						"up": { "texture": "#other", "uv": [ 1.5, 0.0, 3.5, 7.0 ] },
						"down": { "texture": "#other", "uv": [ 3.0, 2.5, 5.0, 9.5 ] }
					}
				},
				{
					"name": "Cube14",
					"from": [ 6.0, 1.0, 3.0 ],
					"to": [ 7.0, 2.0, 10.0 ],
					"rotationOrigin": [ 5.0, 0.0, -5.0 ],
					"faces": {
						"north": { "texture": "#other", "uv": [ 2.5, 6.5, 3.5, 7.5 ] },
						"east": { "texture": "#other", "uv": [ 8.0, 13.0, 15.0, 14.0 ] },
						"south": { "texture": "#other", "uv": [ 14.5, 14.5, 15.5, 15.5 ] },
						"west": { "texture": "#other", "uv": [ 4.5, 0.5, 11.5, 1.5 ] },
						"up": { "texture": "#other", "uv": [ 6.0, 7.5, 7.0, 14.5 ] },
						"down": { "texture": "#other", "uv": [ 9.5, 8.5, 10.5, 15.5 ] }
					}
				}
			]
		}
	]}