[
  {
    "op": "addmerge",
    "path": "/schematicYOffsets",
    "value": {
      "overground/main/cold-climate/coldclimate-o1-stadrian-v1": -1,
      "overground/main/cold-climate/coldclimate-o1-stadrian-v2": -1,
      "overground/main/cold-climate/coldclimate-o1-stadrian-v3": -1,
      "overground/main/cold-climate/coldclimate-o2-stadrian-v4": -2,
      "overground/main/cold-climate/coldclimate-o2-stadrian-v5": -2,
      "overground/main/desert-climate/desertclimate-o1-niclass-small1": -1,
      "overground/main/desert-climate/desertclimate-o1-niclass-small2": -1,
      "overground/main/desert-climate/desertclimate-o1-niclass-small3": -1,
      "overground/main/desert-climate/desertclimate-o1-niclass-small4": -1,
      "overground/main/desert-climate/desertclimate-o1-stadrian-deserthouse1": -1,
      "overground/main/desert-climate/desertclimate-o2-dampus-greek1": -2,
      "overground/main/desert-climate/desertclimate-o2-stadrian-cube1": -2,
      "overground/main/desert-climate/desertclimate-o2-stadrian-deserthouse2": -2,
      "overground/main/desert-climate/desertclimate-o20-stadrian-undergroundwithentrance": -20,
      "overground/main/desert-climate/desertclimate-o2-ogdred": -2,
      "overground/main/village-desert/desertvillage-par-o2-0102": -2,
      "overground/main/village-desert/desertvillage-par-o2-0103": -2,
      "overground/main/village-desert/desertvillage-par-o2-0105": -2,
      "overground/main/village-desert/desertvillage-par-o2-0106": -2,
      "overground/main/village-desert/desertvillage-par-o3-0104": -3,
      "overground/main/village-desert/desertvillage-par-o6-0101": -6,
      "overground/main/largeruins/normalclimate-o10-freian-graveyard": -9,
      "overground/main/largeruins/femurtowero4": -3,
      "overground/main/largeruins/freianfarmo2": -2,
      "overground/main/village-forest/all/village-forest-0101-o3-par": -3,
      "overground/main/village-forest/all/village-forest-0102-o3-par": -3,
      "overground/main/village-forest/all/village-forest-0103-o3-par": -3,
      "overground/main/village-forest/all/village-forest-0104-o3-virrno": -3,
      "overground/main/village-forest/all/village-forest-0105-o3-virrno": -3,
      "overground/main/village-forest/all/village-forest-0106-o3-virrno": -3,
      "overground/main/village-forest/all/village-forest-0107-o3-virrno": -3,
      "overground/main/village-forest/all/village-forest-0108-o3-virrno": -3,
      "overground/main/village-forest/all/village-forest-0109-o3-virrno": -3,
      "overground/main/village-forest/all/village-forest-0110-o3-virrno": -3,
      "overground/main/village-forest/all/village-forest-0111-o3-virrno": -3,
      "overground/main/village-forest/all/village-forest-0201-o3-virrno": -3,
      "overground/main/village-forest/all/village-forest-0202-o3-par": -3,
      "overground/main/village-forest/all/village-forest-0203-o3-par": -3,
      "overground/main/village-forest/all/village-forest-0204-o3-par": -3,
      "overground/main/village-forest/all/village-forest-0205-o3-par": -3,
      "overground/main/village-forest/all/village-forest-0206-o3-virrno": -3,
      "overground/main/village-forest/all/village-forest-0207-o3-virrno": -3,
      "overground/main/village-forest/all/village-forest-0208-o3-virrno": -3,
      "overground/main/village-forest/all/village-forest-0209-o5-virrno": -5,
      "overground/main/village-forest/all/village-forest-0210-o6-virrno": -6,
      "overground/main/village-forest/all/village-forest-0211-o5-par": -4,
      "overground/main/village-forest/all/village-forest-0301-o3-virrno": -3,
      "overground/main/village-forest/all/village-forest-0302-o10-virrno": -10,
      "overground/main/village-forest/all/village-forest-0303-o8-virrno": -8,
      "overground/main/village-forest/all/village-forest-0304-o8-virrno": -8,
      "overground/main/village-forest/all/village-forest-0305-o3-ifoz": -3,
      "overground/main/village-forest/windmills/village-forest-0401-o3-virrno": -3,
      "overground/main/village-forest/windmills/village-forest-0402-o3-virrno": -3,
      "overground/main/village-forest/windmills/village-forest-0403-o3-virrno": -3,
      "overground/main/largeruins/largeruins-dampus-o3-0403": -3,
      "overground/main/largeruins/largeruins-dampus-o4-0103": -4,
      "overground/main/largeruins/largeruins-dampus-o4-0203": -4,
      "overground/main/largeruins/largeruins-niclass-o3-0301": -3,
      "overground/main/largeruins/largeruins-niclass-o3-0601": -3,
      "overground/main/largeruins/largeruins-niclass-o3-0603": -3,
      "overground/main/largeruins/largeruins-niclass-o3-0703": -3,
      "overground/main/largeruins/largeruins-quentin-o1-0201": -1,
      "overground/main/largeruins/largeruins-samgrey-o3-0102": -1,
      "overground/main/largeruins/largeruins-virrno-o3-0104": -3,
      "overground/main/largeruins/largeruins-virrno-o3-0204": -3,
      "overground/main/largeruins/largeruins-samgrey-o3-0202": -3,
      "overground/main/largeruins/largeruins-samgrey-o3-0302": -1,
      "overground/main/largeruins/largeruins-samgrey-o3-0402": -1,
      "overground/main/largeruins/largeruins-samgrey-o3-0502": -2,
      "overground/main/largeruins/largeruins-vil-o3-0602": -2,
      "overground/main/largeruins/largeruins-vil-o3-0702": -3,
      "overground/main/largeruins/largeruins-vil-o4-0303": -4,
      "overground/main/largeruins/largeruins-ifoz-o11-0902": -9,
      "overground/main/largeruins/largeruins-ifoz-o11-0802": -9,
      "overground/main/largeruins/largeruins-ifoz-o11-0803": -9,
      "overground/main/largeruins/largeruins-vil-o3-0304": -3,
      "overground/main/largeruins/largeruins-vil-o3-0404": -3,
      "overground/main/largeruins/femursnapper-woodenkeep-o6": -6,
      "overground/main/mediumruins/mediumruins-bell-o1-0304": -1,
      "overground/main/mediumruins/mediumruins-dampus-o1-0804": -1,
      "overground/main/mediumruins/mediumruins-dampus-o1-0904": -1,
      "overground/main/mediumruins/mediumruins-dampus-o2-0503": -2,
      "overground/main/mediumruins/mediumruins-dampus-o2-0603": -2,
      "overground/main/mediumruins/mediumruins-dampus-o2-0704": -2,
      "overground/main/mediumruins/mediumruins-niclass-o2-0101": -2,
      "overground/main/mediumruins/mediumruins-niclass-o2-0102": -2,
      "overground/main/mediumruins/mediumruins-niclass-o2-0202": -2,
      "overground/main/mediumruins/mediumruins-niclass-o2-0301": -2,
      "overground/main/mediumruins/mediumruins-niclass-o2-0302": -2,
      "overground/main/mediumruins/mediumruins-niclass-o2-0303": -2,
      "overground/main/mediumruins/mediumruins-niclass-o2-0401": -2,
      "overground/main/mediumruins/mediumruins-niclass-o2-0402": -2,
      "overground/main/mediumruins/mediumruins-niclass-o2-0403": -2,
      "overground/main/mediumruins/mediumruins-niclass-o2-0501": -2,
      "overground/main/mediumruins/mediumruins-niclass-o2-0502": -2,
      "overground/main/mediumruins/mediumruins-niclass-o2-0601": -2,
      "overground/main/mediumruins/mediumruins-niclass-o2-0602": -2,
      "overground/main/mediumruins/mediumruins-niclass-o2-0701": -2,
      "overground/main/mediumruins/mediumruins-niclass-o2-0801": -2,
      "overground/main/mediumruins/mediumruins-niclass-o2-0802": -2,
      "overground/main/mediumruins/mediumruins-niclass-o2-0901": -2,
      "overground/main/mediumruins/mediumruins-niclass-o2-0902": -2,
      "overground/main/mediumruins/mediumruins-niclass-o3-0201": -3,
      "overground/main/mediumruins/mediumruins-niclass-o3-0203": -3,
      "overground/main/mediumruins/mediumruins-niclass-o3-0204": -3,
      "overground/main/mediumruins/mediumruins-niclass-o3-0702": -3,
      "overground/main/mediumruins/mediumruins-niclass-o4-0104": -4,
      "overground/main/mediumruins/mediumruins-vil-o2-0103": -2,
      "overground/main/mediumruins/mediumruins-vil-o3-0703": -3,
      "overground/main/mediumruins/mediumruins-vil-o3-0803": -2,
      "overground/main/mediumruins/mediumruins-vil-o3-0903": -3,
      "overground/main/mediumruins/mediumruins-ogdred-o14-0404": -14,
      "overground/main/mediumruins/mediumruins-freian-o2-0105": -2,
      "overground/main/mediumruins/mediumruins-freian-o2-0205": -1,
      "overground/main/mediumruins/mediumruins-freian-o6-0305": -6,
      "overground/main/mediumruins/mediumruins-freian-o22-0504": -22,
      "overground/main/mediumruins/mediumruins-stadrian-o3-0505": -3,
      "overground/main/village-paths/normal/road-niclass-o1-0101": -1,
      "overground/main/village-paths/normal/road-niclass-o1-0102": -1,
      "overground/main/village-paths/normal/road-niclass-o1-0103": -1,
      "overground/main/village-paths/normal/road-niclass-o1-0104": -1,
      "overground/main/village-paths/normal/road-niclass-o1-0105": -1,
      "overground/main/village-paths/normal/road-niclass-o1-0106": -1,
      "overground/main/village-paths/normal/road-niclass-o1-0107": -1,
      "overground/main/village-paths/normal/road-niclass-o1-0201": -1,
      "overground/main/village-paths/normal/road-niclass-o1-0202": -1,
      "overground/main/village-paths/normal/road-niclass-o1-0203": -1,
      "overground/main/village-paths/normal/road-niclass-o1-0204": -1,
      "overground/main/village-paths/aged/village-paths-0101-o3-niclass": -3,
      "overground/main/village-paths/aged/village-paths-0102-o3-niclass": -3,
      "overground/main/village-paths/aged/village-paths-0103-o3-niclass": -3,
      "overground/main/village-paths/aged/village-paths-0104-o3-niclass": -3,
      "overground/main/village-paths/aged/village-paths-0105-o3-niclass": -3,
      "overground/main/village-paths/aged/village-paths-0106-o3-niclass": -3,
      "overground/main/village-paths/aged/village-paths-0107-o3-niclass": -3,
      "overground/main/village-paths/aged/village-paths-0201-o3-niclass": -3,
      "overground/main/village-paths/aged/village-paths-0202-o3-niclass": -3,
      "overground/main/village-paths/aged/village-paths-0203-o3-niclass": -3,
      "overground/main/village-paths/aged/village-paths-0204-o3-niclass": -3,
        "overground/main/translocators/o1/translocator-niclass-o1-0101": -1,
      "overground/main/translocators/o1/translocator-niclass-o1-0102": -1,
      "overground/main/translocators/o1/translocator-niclass-o1-0103": -1,
      "overground/main/translocators/o1/translocator-niclass-o1-0104": -1,
      "overground/main/translocators/o2/translocator-niclass-o2-0201": -2,
      "overground/main/translocators/o2/translocator-niclass-o2-0202": -2,
      "overground/main/translocators/o2/translocator-niclass-o2-0203": -2,
      "overground/main/translocators/o2/translocator-niclass-o2-0204": -2,
      "overground/main/translocators/o2/translocator-niclass-o2-0205": -2,
      "overground/main/translocators/o2/translocator-niclass-o2-0206": -2,
      "overground/main/translocators/o2/translocator-niclass-o2-0207": -2,
      "overground/main/translocators/o2/translocator-niclass-o2-0208": -2,
      "overground/main/translocators/o2/translocator-niclass-o2-0209": -2,
      "overground/main/translocators/o2/translocator-niclass-o2-0210": -2,
      "overground/main/translocators/o2/translocator-niclass-o2-0211": -2,
      "overground/main/translocators/o2/translocator-niclass-o2-0212": -2,
      "overground/main/translocators/o2/quentin-translocator-1-o2": -2,
      "overground/main/translocators/o2/quentin-translocator-2-o2": -2,
      "overground/main/translocators/o4/translocator-niclass-o4-0301": -4,
      "overground/main/translocators/o4/translocator-niclass-o4-0302": -4,
      "overground/main/village-vsvillage/houses/village-vsvillage-0105-o2-niclass": -2,
      "overground/main/village-vsvillage/houses/village-vsvillage-0106-o2-niclass": -2,
      "overground/main/village-vsvillage/houses/village-vsvillage-0107-o2-niclass": -2,
      "overground/main/village-vsvillage/houses/village-vsvillage-0108-o2-niclass": -2,
      "overground/main/village-vsvillage/houses/village-vsvillage-0201-o1-niclass": -1,
      "overground/main/village-vsvillage/houses/village-vsvillage-0202-o1-niclass": -1,
      "overground/main/village-vsvillage/houses/village-vsvillage-0203-o2-niclass": -2,
      "overground/main/village-vsvillage/houses/village-vsvillage-0204-o2-niclass": -2,
      "overground/main/village-vsvillage/houses/village-vsvillage-0205-o2-niclass": -2,
      "overground/main/village-vsvillage/houses/village-vsvillage-0206-o2-niclass": -2,
      "overground/main/village-vsvillage/houses/village-vsvillage-0207-o2-niclass": -2,
      "overground/main/village-vsvillage/houses/village-vsvillage-0208-o2-niclass": -2,
      "overground/main/village-vsvillage/houses/village-vsvillage-0209-o2-niclass": -2,
      "overground/main/village-vsvillage/mainbuildings/village-vsvillage-0103-o3-niclass": -3,
      "overground/main/village-vsvillage/wallsegments/village-vsvillage-0101-o2-niclass": -2,
      "overground/main/village-vsvillage/wallsegments/village-vsvillage-0102-o2-niclass": -2,
      "overground/main/village-vsvillage/wells/village-vsvillage-0104-o10-niclass": -10,
      "overground/main/village-prison/prison-1-long": -2,
      "overground/main/village-prison/prison-2-big": -2,
      "overground/main/village-prison/prison-3-medium": -2,
      "overground/main/village-prison/prison-4-smalldestroyed": -2,
      "overground/main/village-prison/prison-5-field": -2,
      "overground/main/village-prison/prison-6-tinyroad": -2,
      "overground/main/village-prison/prison-7-road": -2,
      "overground/main/village-prison/prison-8-road": -2,
      "overground/main/village-prison/prison-9-road": -2,
      "overground/main/village-samsvillage-fireclay/01/village-samsvillage-0101-o3-samgray": -3,
      "overground/main/village-samsvillage-fireclay/01/village-samsvillage-0102-o3-samgray": -3,
      "overground/main/village-samsvillage-fireclay/01/village-samsvillage-0103-o3-samgray": -3,
      "overground/main/village-samsvillage-fireclay/01/village-samsvillage-0104-o3-samgray": -3,
      "overground/main/village-samsvillage-fireclay/01/village-samsvillage-0105-o3-samgray": -3,
      "overground/main/village-samsvillage-fireclay/01/village-samsvillage-0106-o3-samgray": -3,
      "overground/main/village-samsvillage-fireclay/01/village-samsvillage-0107-o3-samgray": -3,
      "overground/main/village-samsvillage-fireclay/01/village-samsvillage-0108-o3-samgray": -3,
      "overground/main/village-samsvillage-fireclay/01/village-samsvillage-0109-o3-samgray": -3,
      "overground/main/village-samsvillage-fireclay/02/village-samsvillage-0201-o3-samgray": -3,
      "overground/main/village-samsvillage-fireclay/02/village-samsvillage-0202-o3-samgray": -3,
      "overground/main/village-samsvillage-fireclay/02/village-samsvillage-0203-o3-samgray": -3,
      "overground/main/village-samsvillage-fireclay/02/village-samsvillage-0204-o3-samgray": -3,
      "overground/main/village-samsvillage-fireclay/02/village-samsvillage-0205-o3-samgray": -3,
      "overground/main/village-samsvillage-fireclay/02/village-samsvillage-0206-o3-samgray": -3,
      "overground/main/village-samsvillage-fireclay/02/village-samsvillage-0207-o3-samgray": -3,
      "overground/main/village-samsvillage-fireclay/02/village-samsvillage-0208-o3-samgray": -3,
      "overground/main/village-samsvillage-fireclay/03/village-samsvillage-0301-o3-samgray": -3,
      "overground/main/village-samsvillage-fireclay/03/village-samsvillage-0302-o3-samgray": -3,
      "overground/main/village-samsvillage-fireclay/03/village-samsvillage-0303-o3-samgray": -3,
      "overground/main/village-samsvillage-fireclay/03/village-samsvillage-0304-o3-samgray": -3,
      "overground/main/village-samsvillage-fireclay/04/village-samsvillage-0401-o3-samgray": -3,
      "overground/main/village-samsvillage-fireclay/04/village-samsvillage-0402-o3-samgray": -3,
      "overground/main/village-samsvillage-fireclay/04/village-samsvillage-0403-o3-samgray": -3,
      "overground/main/village-samsvillage-fireclay/05/village-samsvillage-0501-o3-samgray": -3,
      "overground/main/village-samsvillage-fireclay/05/village-samsvillage-0502-o3-samgray": -3,
      "overground/main/village-samsvillage-fireclay/05/village-samsvillage-0503-o3-samgray": -3,
      "overground/main/village-samsvillage-fireclay/05/village-samsvillage-0504-o3-samgray": -3,
      "overground/main/village-samsvillage-fireclay/06/village-samsvillage-0601-o3-samgray": -3,
      "overground/main/village-samsvillage-fireclay/06/village-samsvillage-0602-o3-samgray": -3,
      "overground/main/village-samsvillage-fireclay/06/village-samsvillage-0603-o3-samgray": -3,
      "overground/main/village-samsvillage-fireclay/06/village-samsvillage-0604-o3-samgray": -3,
      "overground/main/village-samsvillage-fireclay/07/village-samsvillage-0701-o3-samgray": -3,
      "overground/main/village-samsvillage-fireclay/07/village-samsvillage-0702-o3-samgray": -3,
      "overground/main/village-samsvillage-fireclay/07/village-samsvillage-0703-o3-samgray": -3,
      "overground/main/village-samsvillage-fireclay/07/village-samsvillage-0704-o3-samgray": -3,
      "overground/main/village-samsvillage-fireclay/08/village-samsvillage-0801-o3-samgray": -3,
      "overground/main/village-samsvillage-fireclay/08/village-samsvillage-0802-o3-samgray": -3,
      "overground/main/village-samsvillage-fireclay/08/village-samsvillage-0803-o3-samgray": -3,
      "overground/main/village-samsvillage-fireclay/08/village-samsvillage-0804-o3-samgray": -3,

      "overground/main/village-samsvillage-orangeclay/01/village-samsvillage-0101-o3-samgray": -3,
      "overground/main/village-samsvillage-orangeclay/01/village-samsvillage-0102-o3-samgray": -3,
      "overground/main/village-samsvillage-orangeclay/01/village-samsvillage-0103-o3-samgray": -3,
      "overground/main/village-samsvillage-orangeclay/01/village-samsvillage-0104-o3-samgray": -3,
      "overground/main/village-samsvillage-orangeclay/01/village-samsvillage-0105-o3-samgray": -3,
      "overground/main/village-samsvillage-orangeclay/01/village-samsvillage-0106-o3-samgray": -3,
      "overground/main/village-samsvillage-orangeclay/01/village-samsvillage-0107-o3-samgray": -3,
      "overground/main/village-samsvillage-orangeclay/01/village-samsvillage-0108-o3-samgray": -3,
      "overground/main/village-samsvillage-orangeclay/01/village-samsvillage-0109-o3-samgray": -3,
      "overground/main/village-samsvillage-orangeclay/02/village-samsvillage-0201-o3-samgray": -3,
      "overground/main/village-samsvillage-orangeclay/02/village-samsvillage-0202-o3-samgray": -3,
      "overground/main/village-samsvillage-orangeclay/02/village-samsvillage-0203-o3-samgray": -3,
      "overground/main/village-samsvillage-orangeclay/02/village-samsvillage-0204-o3-samgray": -3,
      "overground/main/village-samsvillage-orangeclay/02/village-samsvillage-0205-o3-samgray": -3,
      "overground/main/village-samsvillage-orangeclay/02/village-samsvillage-0206-o3-samgray": -3,
      "overground/main/village-samsvillage-orangeclay/02/village-samsvillage-0207-o3-samgray": -3,
      "overground/main/village-samsvillage-orangeclay/02/village-samsvillage-0208-o3-samgray": -3,
      "overground/main/village-samsvillage-orangeclay/03/village-samsvillage-0301-o3-samgray": -3,
      "overground/main/village-samsvillage-orangeclay/03/village-samsvillage-0302-o3-samgray": -3,
      "overground/main/village-samsvillage-orangeclay/03/village-samsvillage-0303-o3-samgray": -3,
      "overground/main/village-samsvillage-orangeclay/03/village-samsvillage-0304-o3-samgray": -3,
      "overground/main/village-samsvillage-orangeclay/04/village-samsvillage-0401-o3-samgray": -3,
      "overground/main/village-samsvillage-orangeclay/04/village-samsvillage-0402-o3-samgray": -3,
      "overground/main/village-samsvillage-orangeclay/04/village-samsvillage-0403-o3-samgray": -3,
      "overground/main/village-samsvillage-orangeclay/05/village-samsvillage-0501-o3-samgray": -3,
      "overground/main/village-samsvillage-orangeclay/05/village-samsvillage-0502-o3-samgray": -3,
      "overground/main/village-samsvillage-orangeclay/05/village-samsvillage-0503-o3-samgray": -3,
      "overground/main/village-samsvillage-orangeclay/05/village-samsvillage-0504-o3-samgray": -3,
      "overground/main/village-samsvillage-orangeclay/06/village-samsvillage-0601-o3-samgray": -3,
      "overground/main/village-samsvillage-orangeclay/06/village-samsvillage-0602-o3-samgray": -3,
      "overground/main/village-samsvillage-orangeclay/06/village-samsvillage-0603-o3-samgray": -3,
      "overground/main/village-samsvillage-orangeclay/06/village-samsvillage-0604-o3-samgray": -3,
      "overground/main/village-samsvillage-orangeclay/07/village-samsvillage-0701-o3-samgray": -3,
      "overground/main/village-samsvillage-orangeclay/07/village-samsvillage-0702-o3-samgray": -3,
      "overground/main/village-samsvillage-orangeclay/07/village-samsvillage-0703-o3-samgray": -3,
      "overground/main/village-samsvillage-orangeclay/07/village-samsvillage-0704-o3-samgray": -3,
      "overground/main/village-samsvillage-orangeclay/08/village-samsvillage-0801-o3-samgray": -3,
      "overground/main/village-samsvillage-orangeclay/08/village-samsvillage-0802-o3-samgray": -3,
      "overground/main/village-samsvillage-orangeclay/08/village-samsvillage-0803-o3-samgray": -3,
      "overground/main/village-samsvillage-orangeclay/08/village-samsvillage-0804-o3-samgray": -3,

      "overground/main/village-samsvillage-redclay/01/village-samsvillage-0101-o3-samgray": -3,
      "overground/main/village-samsvillage-redclay/01/village-samsvillage-0102-o3-samgray": -3,
      "overground/main/village-samsvillage-redclay/01/village-samsvillage-0103-o3-samgray": -3,
      "overground/main/village-samsvillage-redclay/01/village-samsvillage-0104-o3-samgray": -3,
      "overground/main/village-samsvillage-redclay/01/village-samsvillage-0105-o3-samgray": -3,
      "overground/main/village-samsvillage-redclay/01/village-samsvillage-0106-o3-samgray": -3,
      "overground/main/village-samsvillage-redclay/01/village-samsvillage-0107-o3-samgray": -3,
      "overground/main/village-samsvillage-redclay/01/village-samsvillage-0108-o3-samgray": -3,
      "overground/main/village-samsvillage-redclay/01/village-samsvillage-0109-o3-samgray": -3,
      "overground/main/village-samsvillage-redclay/02/village-samsvillage-0201-o3-samgray": -3,
      "overground/main/village-samsvillage-redclay/02/village-samsvillage-0202-o3-samgray": -3,
      "overground/main/village-samsvillage-redclay/02/village-samsvillage-0203-o3-samgray": -3,
      "overground/main/village-samsvillage-redclay/02/village-samsvillage-0204-o3-samgray": -3,
      "overground/main/village-samsvillage-redclay/02/village-samsvillage-0205-o3-samgray": -3,
      "overground/main/village-samsvillage-redclay/02/village-samsvillage-0206-o3-samgray": -3,
      "overground/main/village-samsvillage-redclay/02/village-samsvillage-0207-o3-samgray": -3,
      "overground/main/village-samsvillage-redclay/02/village-samsvillage-0208-o3-samgray": -3,
      "overground/main/village-samsvillage-redclay/03/village-samsvillage-0301-o3-samgray": -3,
      "overground/main/village-samsvillage-redclay/03/village-samsvillage-0302-o3-samgray": -3,
      "overground/main/village-samsvillage-redclay/03/village-samsvillage-0303-o3-samgray": -3,
      "overground/main/village-samsvillage-redclay/03/village-samsvillage-0304-o3-samgray": -3,
      "overground/main/village-samsvillage-redclay/04/village-samsvillage-0401-o3-samgray": -3,
      "overground/main/village-samsvillage-redclay/04/village-samsvillage-0402-o3-samgray": -3,
      "overground/main/village-samsvillage-redclay/04/village-samsvillage-0403-o3-samgray": -3,
      "overground/main/village-samsvillage-redclay/05/village-samsvillage-0501-o3-samgray": -3,
      "overground/main/village-samsvillage-redclay/05/village-samsvillage-0502-o3-samgray": -3,
      "overground/main/village-samsvillage-redclay/05/village-samsvillage-0503-o3-samgray": -3,
      "overground/main/village-samsvillage-redclay/05/village-samsvillage-0504-o3-samgray": -3,
      "overground/main/village-samsvillage-redclay/06/village-samsvillage-0601-o3-samgray": -3,
      "overground/main/village-samsvillage-redclay/06/village-samsvillage-0602-o3-samgray": -3,
      "overground/main/village-samsvillage-redclay/06/village-samsvillage-0603-o3-samgray": -3,
      "overground/main/village-samsvillage-redclay/06/village-samsvillage-0604-o3-samgray": -3,
      "overground/main/village-samsvillage-redclay/07/village-samsvillage-0701-o3-samgray": -3,
      "overground/main/village-samsvillage-redclay/07/village-samsvillage-0702-o3-samgray": -3,
      "overground/main/village-samsvillage-redclay/07/village-samsvillage-0703-o3-samgray": -3,
      "overground/main/village-samsvillage-redclay/07/village-samsvillage-0704-o3-samgray": -3,
      "overground/main/village-samsvillage-redclay/08/village-samsvillage-0801-o3-samgray": -3,
      "overground/main/village-samsvillage-redclay/08/village-samsvillage-0802-o3-samgray": -3,
      "overground/main/village-samsvillage-redclay/08/village-samsvillage-0803-o3-samgray": -3,
      "overground/main/village-samsvillage-redclay/08/village-samsvillage-0804-o3-samgray": -3,


      "overground/main/village-samsvillage-creamclay/01/village-samsvillage-0101-o3-samgray": -3,
      "overground/main/village-samsvillage-creamclay/01/village-samsvillage-0102-o3-samgray": -3,
      "overground/main/village-samsvillage-creamclay/01/village-samsvillage-0103-o3-samgray": -3,
      "overground/main/village-samsvillage-creamclay/01/village-samsvillage-0104-o3-samgray": -3,
      "overground/main/village-samsvillage-creamclay/01/village-samsvillage-0105-o3-samgray": -3,
      "overground/main/village-samsvillage-creamclay/01/village-samsvillage-0106-o3-samgray": -3,
      "overground/main/village-samsvillage-creamclay/01/village-samsvillage-0107-o3-samgray": -3,
      "overground/main/village-samsvillage-creamclay/01/village-samsvillage-0108-o3-samgray": -3,
      "overground/main/village-samsvillage-creamclay/01/village-samsvillage-0109-o3-samgray": -3,
      "overground/main/village-samsvillage-creamclay/02/village-samsvillage-0201-o3-samgray": -3,
      "overground/main/village-samsvillage-creamclay/02/village-samsvillage-0202-o3-samgray": -3,
      "overground/main/village-samsvillage-creamclay/02/village-samsvillage-0203-o3-samgray": -3,
      "overground/main/village-samsvillage-creamclay/02/village-samsvillage-0204-o3-samgray": -3,
      "overground/main/village-samsvillage-creamclay/02/village-samsvillage-0205-o3-samgray": -3,
      "overground/main/village-samsvillage-creamclay/02/village-samsvillage-0206-o3-samgray": -3,
      "overground/main/village-samsvillage-creamclay/02/village-samsvillage-0207-o3-samgray": -3,
      "overground/main/village-samsvillage-creamclay/02/village-samsvillage-0208-o3-samgray": -3,
      "overground/main/village-samsvillage-creamclay/03/village-samsvillage-0301-o3-samgray": -3,
      "overground/main/village-samsvillage-creamclay/03/village-samsvillage-0302-o3-samgray": -3,
      "overground/main/village-samsvillage-creamclay/03/village-samsvillage-0303-o3-samgray": -3,
      "overground/main/village-samsvillage-creamclay/03/village-samsvillage-0304-o3-samgray": -3,
      "overground/main/village-samsvillage-creamclay/04/village-samsvillage-0401-o3-samgray": -3,
      "overground/main/village-samsvillage-creamclay/04/village-samsvillage-0402-o3-samgray": -3,
      "overground/main/village-samsvillage-creamclay/04/village-samsvillage-0403-o3-samgray": -3,
      "overground/main/village-samsvillage-creamclay/05/village-samsvillage-0501-o3-samgray": -3,
      "overground/main/village-samsvillage-creamclay/05/village-samsvillage-0502-o3-samgray": -3,
      "overground/main/village-samsvillage-creamclay/05/village-samsvillage-0503-o3-samgray": -3,
      "overground/main/village-samsvillage-creamclay/05/village-samsvillage-0504-o3-samgray": -3,
      "overground/main/village-samsvillage-creamclay/06/village-samsvillage-0601-o3-samgray": -3,
      "overground/main/village-samsvillage-creamclay/06/village-samsvillage-0602-o3-samgray": -3,
      "overground/main/village-samsvillage-creamclay/06/village-samsvillage-0603-o3-samgray": -3,
      "overground/main/village-samsvillage-creamclay/06/village-samsvillage-0604-o3-samgray": -3,
      "overground/main/village-samsvillage-creamclay/07/village-samsvillage-0701-o3-samgray": -3,
      "overground/main/village-samsvillage-creamclay/07/village-samsvillage-0702-o3-samgray": -3,
      "overground/main/village-samsvillage-creamclay/07/village-samsvillage-0703-o3-samgray": -3,
      "overground/main/village-samsvillage-creamclay/07/village-samsvillage-0704-o3-samgray": -3,
      "overground/main/village-samsvillage-creamclay/08/village-samsvillage-0801-o3-samgray": -3,
      "overground/main/village-samsvillage-creamclay/08/village-samsvillage-0802-o3-samgray": -3,
      "overground/main/village-samsvillage-creamclay/08/village-samsvillage-0803-o3-samgray": -3,
      "overground/main/village-samsvillage-creamclay/08/village-samsvillage-0804-o3-samgray": -3,


      "overground/main/village-samsvillage-blackclay/01/village-samsvillage-0101-o3-samgray": -3,
      "overground/main/village-samsvillage-blackclay/01/village-samsvillage-0102-o3-samgray": -3,
      "overground/main/village-samsvillage-blackclay/01/village-samsvillage-0103-o3-samgray": -3,
      "overground/main/village-samsvillage-blackclay/01/village-samsvillage-0104-o3-samgray": -3,
      "overground/main/village-samsvillage-blackclay/01/village-samsvillage-0105-o3-samgray": -3,
      "overground/main/village-samsvillage-blackclay/01/village-samsvillage-0106-o3-samgray": -3,
      "overground/main/village-samsvillage-blackclay/01/village-samsvillage-0107-o3-samgray": -3,
      "overground/main/village-samsvillage-blackclay/01/village-samsvillage-0108-o3-samgray": -3,
      "overground/main/village-samsvillage-blackclay/01/village-samsvillage-0109-o3-samgray": -3,
      "overground/main/village-samsvillage-blackclay/02/village-samsvillage-0201-o3-samgray": -3,
      "overground/main/village-samsvillage-blackclay/02/village-samsvillage-0202-o3-samgray": -3,
      "overground/main/village-samsvillage-blackclay/02/village-samsvillage-0203-o3-samgray": -3,
      "overground/main/village-samsvillage-blackclay/02/village-samsvillage-0204-o3-samgray": -3,
      "overground/main/village-samsvillage-blackclay/02/village-samsvillage-0205-o3-samgray": -3,
      "overground/main/village-samsvillage-blackclay/02/village-samsvillage-0206-o3-samgray": -3,
      "overground/main/village-samsvillage-blackclay/02/village-samsvillage-0207-o3-samgray": -3,
      "overground/main/village-samsvillage-blackclay/02/village-samsvillage-0208-o3-samgray": -3,
      "overground/main/village-samsvillage-blackclay/03/village-samsvillage-0301-o3-samgray": -3,
      "overground/main/village-samsvillage-blackclay/03/village-samsvillage-0302-o3-samgray": -3,
      "overground/main/village-samsvillage-blackclay/03/village-samsvillage-0303-o3-samgray": -3,
      "overground/main/village-samsvillage-blackclay/03/village-samsvillage-0304-o3-samgray": -3,
      "overground/main/village-samsvillage-blackclay/04/village-samsvillage-0401-o3-samgray": -3,
      "overground/main/village-samsvillage-blackclay/04/village-samsvillage-0402-o3-samgray": -3,
      "overground/main/village-samsvillage-blackclay/04/village-samsvillage-0403-o3-samgray": -3,
      "overground/main/village-samsvillage-blackclay/05/village-samsvillage-0501-o3-samgray": -3,
      "overground/main/village-samsvillage-blackclay/05/village-samsvillage-0502-o3-samgray": -3,
      "overground/main/village-samsvillage-blackclay/05/village-samsvillage-0503-o3-samgray": -3,
      "overground/main/village-samsvillage-blackclay/05/village-samsvillage-0504-o3-samgray": -3,
      "overground/main/village-samsvillage-blackclay/06/village-samsvillage-0601-o3-samgray": -3,
      "overground/main/village-samsvillage-blackclay/06/village-samsvillage-0602-o3-samgray": -3,
      "overground/main/village-samsvillage-blackclay/06/village-samsvillage-0603-o3-samgray": -3,
      "overground/main/village-samsvillage-blackclay/06/village-samsvillage-0604-o3-samgray": -3,
      "overground/main/village-samsvillage-blackclay/07/village-samsvillage-0701-o3-samgray": -3,
      "overground/main/village-samsvillage-blackclay/07/village-samsvillage-0702-o3-samgray": -3,
      "overground/main/village-samsvillage-blackclay/07/village-samsvillage-0703-o3-samgray": -3,
      "overground/main/village-samsvillage-blackclay/07/village-samsvillage-0704-o3-samgray": -3,
      "overground/main/village-samsvillage-blackclay/08/village-samsvillage-0801-o3-samgray": -3,
      "overground/main/village-samsvillage-blackclay/08/village-samsvillage-0802-o3-samgray": -3,
      "overground/main/village-samsvillage-blackclay/08/village-samsvillage-0803-o3-samgray": -3,
      "overground/main/village-samsvillage-blackclay/08/village-samsvillage-0804-o3-samgray": -3,

      "overground/main/village-ogdred/main/main1-o2": -2,
      "overground/main/village-ogdred/statues/statue1": -1,
      "overground/main/village-ogdred/houses/house1-o5": -5,
      "overground/main/village-ogdred/houses/house2-o2": -2,
      "overground/main/village-ogdred/houses/house3-o6": -6,



      "overground/main/village-femursnapper/chapel1": -4,
      "overground/main/village-femursnapper/galgen1": -4,
      "overground/main/village-femursnapper/house1": -4,
      "overground/main/village-femursnapper/house2": -4,
      "overground/main/village-femursnapper/house3": -4,
      "overground/main/village-femursnapper/house4": -4,
      "overground/main/village-femursnapper/house5": -4,
      "overground/main/village-femursnapper/house6": -4,
      "overground/main/village-femursnapper/house7": -4,
      "overground/main/village-femursnapper/house8": -4,
      "overground/main/village-femursnapper/house9": -4,
      "overground/main/village-femursnapper/ruin1": -4,
      "overground/main/village-femursnapper/ruin2": -4,
      "overground/main/village-femursnapper/ruin3": -4,
      "overground/main/village-femursnapper/wood1": -4
            },
    "file": "game:worldgen/structures.json"
  }
]