{
	code: "tallshelf",
	class: "tallshelfblock",
	handbook: { exclude: true },
	creativeinventory: { "general": ["tallshelf-north"] },
	variantgroups: [
        { code: "side", loadFromProperties: "abstract/horizontalorientation" }
	],
	behaviors: [ 
        {name: "HorizontalOrientable"}
    ],
	shapeInventory: { base: "shapes/block/tallshelfinventory" },
	shapeByType: {
		"*-north": {  base: "shapes/block/tallshelfinventory", rotateY: 180 },
		"*-east": { base: "shapes/block/tallshelfinventory", rotateY: 90 },
		"*-west": {  base: "shapes/block/tallshelfinventory", rotateY: 270 },
		"*-south": { base: "shapes/block/tallshelfinventory", rotateY: 0 }
	},
	blockmaterial: "wood",
	materialDensity: 450,
	textures: {
		"square1": {  base:"game:block/cloth/linen/square1"},
		"normal-westeast": { base:"game:block/reed/basket/normal-westeast"},
		"legs": {  base:"game:block/wood/chair/normal/legs"},
		"side": {  base:"game:block/wood/firewood/side"},
		"surface": {  base:"game:block/wood/shelf/surface"}
	},
	faceCullMode: "NeverCull",
	sidesolid: { all: false },
	sideopaque: { all: false },
	drawtype: "json",
	replaceable: 160,
	resistance: 4,
	lightAbsorption: 0,
	sounds: {
		"place": "game:block/planks",
		"break": "game:block/planks",
		"hit": "game:block/planks"
	},
	selectionBoxes: [
		{ x1: 0, y1: 0, z1: 0, x2: 1, y2: 1, z2: 1  }
		
	],
	collisionBoxes: [
		{ x1: 0, y1: 0, z1: 0, x2: 1, y2: 1, z2: 1  }
	]
	
}