﻿{
  "pickaxe-ready": {
    "Hold": true,
    "PlayerKeyFrames": [
      {
        "EasingTime": 300,
        "EasingFunction": "Sin",
        "DetachedAnchor": false,
        "SwitchArms": false,
        "PitchFollow": false,
        "PitchDontFollow": false,
        "FOVMultiplier": 1,
        "BobbingAmplitude": 0.8,
        "Elements": {
          "ItemAnchor": [-0.2, 0.7, 0, 0, 0, 14],
          "LowerArmR": [0, 0, 0, 0, 0, -53],
          "UpperArmR": [0.6, -0.5, -1.3, -26, 0, -60],
          "ItemAnchorL": [0, 0, 0, 0, 0, 0],
          "LowerArmL": [0, 0, 0, 0, 0, -21],
          "UpperArmL": [1.6, 0, -0.2, -21, -28, -80]
        }
      }
    ],
    "ItemKeyFrames": [],
    "SoundFrames": [],
    "ParticlesFrames": [],
    "CallbackFrames": [],
    "ItemAnimationStart": 0,
    "ItemAnimationEnd": 0
  },
  "pickaxe-idle": {
    "Hold": true,
    "PlayerKeyFrames": [
      {
        "EasingTime": 300,
        "EasingFunction": "Sin",
        "DetachedAnchor": false,
        "SwitchArms": false,
        "PitchFollow": false,
        "PitchDontFollow": false,
        "FOVMultiplier": 1,
        "BobbingAmplitude": 0.8,
        "Elements": {
          "ItemAnchor": [-0.1, 0.7, 0, 0, 0, 2],
          "LowerArmR": [0, 0, 0, 0, -19, -53],
          "UpperArmR": [1.6, 0, -2.4, -26, 0, -50],
          "ItemAnchorL": [0, 0, 0, 0, 0, 0],
          "LowerArmL": [0, 0, 0, 0, 0, -7],
          "UpperArmL": [2.4, 0, -1.2, -21, -39, -84]
        }
      }
    ],
    "ItemKeyFrames": [],
    "SoundFrames": [],
    "ParticlesFrames": [],
    "CallbackFrames": [],
    "ItemAnimationStart": 0,
    "ItemAnimationEnd": 0
  },
  "pickaxe-swing-forward-1": {
    "Hold": false,
    "PlayerKeyFrames": [
      {
        "EasingTime": 200,
        "EasingFunction": "Cubic",
        "DetachedAnchor": false,
        "SwitchArms": false,
        "PitchFollow": true,
        "PitchDontFollow": false,
        "FOVMultiplier": 1,
        "BobbingAmplitude": 0.8,
        "Elements": {
          "ItemAnchor": [-0.1, 0.2, 0, 15, -4, 52],
          "LowerArmR": [0, 0, 0, 0, 0, -56],
          "UpperArmR": [1, -1, 0, 0, 19, -23.2],
          "ItemAnchorL": [0, 0, 0, 0, 0, 0],
          "LowerArmL": [0, 0, 0, 0, 0, -16],
          "UpperArmL": [1, 0, 0, 13, -38, -26]
        }
      }
    ],
    "ItemKeyFrames": [],
    "SoundFrames": [
      {"Code": ["game:sounds/player/strike1", "game:sounds/player/strike2"], "DurationFraction": 0, "RandomizePitch": true, "Range": 16, "Volume": 0.5, "Synchronize": true}
    ],
    "ParticlesFrames": [],
    "CallbackFrames": [],
    "ItemAnimationStart": 0,
    "ItemAnimationEnd": 0
  },
  "pickaxe-swing-forward-2": {
    "Hold": false,
    "PlayerKeyFrames": [
      {
        "EasingTime": 200,
        "EasingFunction": "Cubic",
        "DetachedAnchor": false,
        "SwitchArms": false,
        "PitchFollow": true,
        "PitchDontFollow": false,
        "FOVMultiplier": 1,
        "BobbingAmplitude": 0.8,
        "Elements": {
          "ItemAnchor": [-0.1, 0.2, 0, 15, -4, 52],
          "LowerArmR": [0, 0, 0, 0, 0, -56],
          "UpperArmR": [1, -1, 0, 0, 19, -23.2],
          "ItemAnchorL": [0, 0, 0, 0, 0, 0],
          "LowerArmL": [0, 0, 0, 0, 0, -16],
          "UpperArmL": [1, 0, 0, 13, -38, -26]
        }
      }
    ],
    "ItemKeyFrames": [],
    "SoundFrames": [
      {"Code": ["game:sounds/player/strike1", "game:sounds/player/strike2"], "DurationFraction": 0, "RandomizePitch": true, "Range": 16, "Volume": 0.5, "Synchronize": true}
    ],
    "ParticlesFrames": [],
    "CallbackFrames": [],
    "ItemAnimationStart": 0,
    "ItemAnimationEnd": 0
  },
  "pickaxe-swing-forward-3": {
    "Hold": false,
    "PlayerKeyFrames": [
      {
        "EasingTime": 200,
        "EasingFunction": "Cubic",
        "DetachedAnchor": false,
        "SwitchArms": false,
        "PitchFollow": true,
        "PitchDontFollow": false,
        "FOVMultiplier": 1,
        "BobbingAmplitude": 0.8,
        "Elements": {
          "ItemAnchor": [-0.1, 0.2, 0, 15, -4, 52],
          "LowerArmR": [0, 0, 0, 0, 0, -56],
          "UpperArmR": [1, -1, 0, 0, 19, -23.2],
          "ItemAnchorL": [0, 0, 0, 0, 0, 0],
          "LowerArmL": [0, 0, 0, 0, 0, -16],
          "UpperArmL": [1, 0, 0, 13, -38, -26]
        }
      }
    ],
    "ItemKeyFrames": [],
    "SoundFrames": [
      {"Code": ["game:sounds/player/strike1", "game:sounds/player/strike2"], "DurationFraction": 0, "RandomizePitch": true, "Range": 16, "Volume": 0.5, "Synchronize": true}
    ],
    "ParticlesFrames": [],
    "CallbackFrames": [],
    "ItemAnimationStart": 0,
    "ItemAnimationEnd": 0
  },
  "pickaxe-swing-back": {
    "Hold": false,
    "PlayerKeyFrames": [
      {
        "EasingTime": 450,
        "EasingFunction": "Sin",
        "DetachedAnchor": false,
        "SwitchArms": false,
        "PitchFollow": true,
        "PitchDontFollow": false,
        "FOVMultiplier": 1,
        "BobbingAmplitude": 0.8,
        "Elements": {
          "ItemAnchor": [-3.3, 1.3, 0, 0, 0, -12],
          "LowerArmR": [0, 0, 0, 0, -16, -68],
          "UpperArmR": [2, 0, 0, -17, -16, -97.2],
          "ItemAnchorL": [0, 0, 0, 0, 0, 0],
          "LowerArmL": [0, 0, 0, 0, 0, 0],
          "UpperArmL": [2, 0, 0, -38, -22, -144]
        }
      }
    ],
    "ItemKeyFrames": [],
    "SoundFrames": [],
    "ParticlesFrames": [],
    "CallbackFrames": [],
    "ItemAnimationStart": 0,
    "ItemAnimationEnd": 0
  },
  "pickaxe-attack": {
    "Hold": false,
    "PlayerKeyFrames": [
      {
        "EasingTime": 100,
        "EasingFunction": "Sin",
        "DetachedAnchor": false,
        "SwitchArms": false,
        "PitchFollow": true,
        "PitchDontFollow": false,
        "FOVMultiplier": 1,
        "BobbingAmplitude": 0.6,
        "Elements": {
          "ItemAnchor": [0, 0, 0, 0, -6, 5],
          "LowerArmR": [0, 0, 0, 0, 0, -70],
          "UpperArmR": [1.6, 0, 0, -8, 0, -57.2],
          "ItemAnchorL": [0, 0, 0, 0, 0, 0],
          "LowerArmL": [0, 0, 0, 0, 0, -44],
          "UpperArmL": [0, 0, 0, 0, -27, -57]
        }
      },
      {
        "EasingTime": 300,
        "EasingFunction": "Quintic",
        "DetachedAnchor": false,
        "SwitchArms": false,
        "PitchFollow": true,
        "PitchDontFollow": false,
        "FOVMultiplier": 1,
        "BobbingAmplitude": 0.6,
        "Elements": {
          "ItemAnchor": [0, 0, 0, 0, 0, 67],
          "LowerArmR": [0, 0, 0, 0, 0, -3],
          "UpperArmR": [0, -1.6, 0, -34.4, -1.1, -75.1],
          "ItemAnchorL": [0, 0, 0, 0, 0, 0],
          "LowerArmL": [0, 0, 0, 0, 0, -32],
          "UpperArmL": [0, 0, 0, 0, -18, -49]
        }
      },
      {
        "EasingTime": 600,
        "EasingFunction": "Cubic",
        "DetachedAnchor": false,
        "SwitchArms": false,
        "PitchFollow": true,
        "PitchDontFollow": false,
        "FOVMultiplier": 1,
        "BobbingAmplitude": 0.6,
        "Elements": {
          "ItemAnchor": [0, 0, 0, 0, 0, 40],
          "LowerArmR": [0, 0, 0, 0, 0, -4],
          "UpperArmR": [0, 0, 0, -24, -0.8, -31.2],
          "ItemAnchorL": [0, 0, 0, 0, 0, 0],
          "LowerArmL": [0, 0, 0, 0, 0, -11],
          "UpperArmL": [0, 0, 0, 0, -30, -23]
        }
      },
      {
        "EasingTime": 1200,
        "EasingFunction": "CosShifted",
        "DetachedAnchor": false,
        "SwitchArms": false,
        "PitchFollow": true,
        "PitchDontFollow": false,
        "FOVMultiplier": 1,
        "BobbingAmplitude": 0.6,
        "Elements": {
          "ItemAnchor": [0, 0, 0, 0, 0, 16],
          "LowerArmR": [0, 0, 0, 0, 0, -74],
          "UpperArmR": [0, -1.6, 0, -18, -1.8, -30.2],
          "ItemAnchorL": [0, 0, 0, 0, 0, 0],
          "LowerArmL": [0, 0, 0, 0, 0, -15],
          "UpperArmL": [0, 0, 0, 0, -24, -53]
        }
      }
    ],
    "ItemKeyFrames": [],
    "SoundFrames": [
      {"Code": ["game:sounds/player/strike1", "game:sounds/player/strike2"], "DurationFraction": 0, "RandomizePitch": true, "Range": 16, "Volume": 0.5, "Synchronize": true}
    ],
    "ParticlesFrames": [],
    "CallbackFrames": [{"Code": "start", "DurationFraction": 0.083333336}, {"Code": "stop", "DurationFraction": 0.5}, {"Code": "ready", "DurationFraction": 0.8333333}],
    "ItemAnimationStart": 0,
    "ItemAnimationEnd": 0
  }
}