{
  "code": "churchbell",
  "enabled": true,
  "class": "soundemittingblock",
  "creativeinventory": {
    "general": [ "*" ]
  },
  "blockmaterial": "Metal",
  "drawtype": "json",
  "shape": {
    "base": "block/churchbell/churchbell"
  },
  "behaviors": [
    {
      "name": "Multiblock",
      "properties": {
        "sizex": 3,
        "sizey": 4,
        "sizez": 3,
        "cposition": {
          "x": 1,
          "y": 0,
          "z": 1
        }
      }
    }
  ],
  "attributes": {
    "handbook": {
      "extraSections": [
        {
          "title": "rpvoicechat:Handbook.Welding.block-churchbell.Title",
          "text": "rpvoicechat:Handbook.Welding.block-churchbell.Text"
        },
        {
          "title": "rpvoicechat:Handbook.Usage.block-churchbell.Title",
          "text": "rpvoicechat:Handbook.Usage.block-churchbell.Text"
        }
      ]
    },
    "soundAudibleDistance": 832,
    "soundVolume": 1,
    "cooldownTime": 3,
    "blockInteractSounds": [
      "block/churchbell/churchbell"
    ]
  },
  "rainPermeable": true,
  "sidesolid": {
    "all": false
  },
  "sideopaque": {
    "all": false
  },
  "lightAbsorption": 0,
  "resistance": 1,
  "sounds": {
    "place": "game:block/anvil",
    "walk": "game:walk/stone"
  },
  "guiTransform": {
    "translation": {
      "x": -1,
      "y": 9,
      "z": 0
    },
    "scale": 0.26
  },
  "fpHandTransform": {
    "translation": {
      "x": 0,
      "y": 0,
      "z": 0
    },
    "scale": 0.5
  }
}