{
	"editor": {
		"allAngles": false,
		"entityTextureMode": false
	},
	"textureWidth": 16,
	"textureHeight": 16,
	"textureSizes": {
	},
	"textures": {
		"brass": "textures/block/brass",
		"copper": "textures/block/copper",
		"iron": "textures/block/iron",
		"steel": "textures/block/steel",
		"zinc": "textures/block/zinc"
	},
	"elements": [
		{
			"name": "Cube1",
			"from": [ 0.0, 0.0, 0.0 ],
			"to": [ 16.0, 1.0, 16.0 ],
			"rotationOrigin": [ 8.0, 0.0, 8.0 ],
			"rotationY": 90.0,
			"faces": {
				"north": { "texture": "#iron", "uv": [ 0.0, 0.0, 16.0, 1.0 ] },
				"east": { "texture": "#iron", "uv": [ 0.0, 0.0, 15.0, 1.0 ] },
				"south": { "texture": "#iron", "uv": [ 0.0, 0.0, 16.0, 1.0 ] },
				"west": { "texture": "#iron", "uv": [ 0.0, 0.0, 15.0, 1.0 ] },
				"up": { "texture": "#iron", "uv": [ 0.0, 0.0, 16.0, 15.0 ] },
				"down": { "texture": "#iron", "uv": [ 0.0, 0.0, 16.0, 15.0 ] }
			}
		},
		{
			"name": "Cube2",
			"from": [ 4.0, 0.75, -4.0 ],
			"to": [ 12.0, 1.75, 4.0 ],
			"rotationOrigin": [ 12.0, 1.0, 4.0 ],
			"rotationY": 90.0,
			"faces": {
				"north": { "texture": "#copper", "uv": [ 0.0, 0.0, 8.0, 1.0 ] },
				"east": { "texture": "#copper", "uv": [ 0.0, 0.0, 8.0, 1.0 ] },
				"south": { "texture": "#copper", "uv": [ 0.0, 0.0, 8.0, 1.0 ] },
				"west": { "texture": "#copper", "uv": [ 0.0, 0.0, 8.0, 1.0 ] },
				"up": { "texture": "#copper", "uv": [ 0.0, 0.0, 8.0, 8.0 ] },
				"down": { "texture": "#copper", "uv": [ 0.0, 0.0, 8.0, 8.0 ] }
			},
			"children": [
				{
					"name": "Cube3",
					"from": [ 0.0, 1.25, 0.0 ],
					"to": [ 8.0, 2.25, 8.0 ],
					"rotationOrigin": [ 8.0, 1.0, 8.0 ],
					"faces": {
						"north": { "texture": "#zinc", "uv": [ 0.0, 0.0, 8.0, 1.0 ] },
						"east": { "texture": "#zinc", "uv": [ 0.0, 0.0, 8.0, 1.0 ] },
						"south": { "texture": "#zinc", "uv": [ 0.0, 0.0, 8.0, 1.0 ] },
						"west": { "texture": "#zinc", "uv": [ 0.0, 0.0, 8.0, 1.0 ] },
						"up": { "texture": "#zinc", "uv": [ 0.0, 0.0, 8.0, 8.0 ] },
						"down": { "texture": "#zinc", "uv": [ 0.0, 0.0, 8.0, 8.0 ] }
					}
				},
				{
					"name": "Cube5",
					"from": [ 0.0, 3.75, 0.0 ],
					"to": [ 8.0, 4.75, 8.0 ],
					"rotationOrigin": [ 8.0, 3.5, 8.0 ],
					"faces": {
						"north": { "texture": "#zinc", "uv": [ 0.0, 0.0, 8.0, 1.0 ] },
						"east": { "texture": "#zinc", "uv": [ 0.0, 0.0, 8.0, 1.0 ] },
						"south": { "texture": "#zinc", "uv": [ 0.0, 0.0, 8.0, 1.0 ] },
						"west": { "texture": "#zinc", "uv": [ 0.0, 0.0, 8.0, 1.0 ] },
						"up": { "texture": "#zinc", "uv": [ 0.0, 0.0, 8.0, 8.0 ] },
						"down": { "texture": "#zinc", "uv": [ 0.0, 0.0, 8.0, 8.0 ] }
					}
				},
				{
					"name": "Cube4",
					"from": [ 0.0, 2.5, 0.0 ],
					"to": [ 8.0, 3.5, 8.0 ],
					"rotationOrigin": [ 8.0, 3.0, 8.0 ],
					"faces": {
						"north": { "texture": "#copper", "uv": [ 0.0, 0.0, 8.0, 1.0 ] },
						"east": { "texture": "#copper", "uv": [ 0.0, 0.0, 8.0, 1.0 ] },
						"south": { "texture": "#copper", "uv": [ 0.0, 0.0, 8.0, 1.0 ] },
						"west": { "texture": "#copper", "uv": [ 0.0, 0.0, 8.0, 1.0 ] },
						"up": { "texture": "#copper", "uv": [ 0.0, 0.0, 8.0, 8.0 ] },
						"down": { "texture": "#copper", "uv": [ 0.0, 0.0, 8.0, 8.0 ] }
					}
				},
				{
					"name": "Cube7",
					"from": [ 0.0, 6.25, 0.0 ],
					"to": [ 8.0, 7.25, 8.0 ],
					"rotationOrigin": [ 8.0, 6.0, 8.0 ],
					"faces": {
						"north": { "texture": "#zinc", "uv": [ 0.0, 0.0, 8.0, 1.0 ] },
						"east": { "texture": "#zinc", "uv": [ 0.0, 0.0, 8.0, 1.0 ] },
						"south": { "texture": "#zinc", "uv": [ 0.0, 0.0, 8.0, 1.0 ] },
						"west": { "texture": "#zinc", "uv": [ 0.0, 0.0, 8.0, 1.0 ] },
						"up": { "texture": "#zinc", "uv": [ 0.0, 0.0, 8.0, 8.0 ] },
						"down": { "texture": "#zinc", "uv": [ 0.0, 0.0, 8.0, 8.0 ] }
					}
				},
				{
					"name": "Cube8",
					"from": [ 0.0, 8.75, 0.0 ],
					"to": [ 8.0, 9.75, 8.0 ],
					"rotationOrigin": [ 8.0, 8.5, 8.0 ],
					"faces": {
						"north": { "texture": "#zinc", "uv": [ 0.0, 0.0, 8.0, 1.0 ] },
						"east": { "texture": "#zinc", "uv": [ 0.0, 0.0, 8.0, 1.0 ] },
						"south": { "texture": "#zinc", "uv": [ 0.0, 0.0, 8.0, 1.0 ] },
						"west": { "texture": "#zinc", "uv": [ 0.0, 0.0, 8.0, 1.0 ] },
						"up": { "texture": "#zinc", "uv": [ 0.0, 0.0, 8.0, 8.0 ] },
						"down": { "texture": "#zinc", "uv": [ 0.0, 0.0, 8.0, 8.0 ] }
					}
				},
				{
					"name": "Cube13",
					"from": [ -0.0028, 12.5, 0.0028 ],
					"to": [ 7.9972, 13.5, 8.0028 ],
					"rotationOrigin": [ 8.0, 13.0, 8.0 ],
					"rotationY": -0.02,
					"faces": {
						"north": { "texture": "#zinc", "uv": [ 0.0, 0.0, 8.0, 1.0 ] },
						"east": { "texture": "#zinc", "uv": [ 0.0, 0.0, 8.0, 1.0 ] },
						"south": { "texture": "#zinc", "uv": [ 0.0, 0.0, 8.0, 1.0 ] },
						"west": { "texture": "#zinc", "uv": [ 0.0, 0.0, 8.0, 1.0 ] },
						"up": { "texture": "#zinc", "uv": [ 0.0, 0.0, 8.0, 8.0 ] },
						"down": { "texture": "#zinc", "uv": [ 0.0, 0.0, 8.0, 8.0 ] }
					}
				},
				{
					"name": "Cube12",
					"from": [ -0.0028, 13.75, 0.0028 ],
					"to": [ 7.9972, 14.75, 8.0028 ],
					"rotationOrigin": [ 8.0, 13.5, 8.0 ],
					"rotationY": -0.02,
					"faces": {
						"north": { "texture": "#zinc", "uv": [ 0.0, 0.0, 8.0, 1.0 ] },
						"east": { "texture": "#zinc", "uv": [ 0.0, 0.0, 8.0, 1.0 ] },
						"south": { "texture": "#zinc", "uv": [ 0.0, 0.0, 8.0, 1.0 ] },
						"west": { "texture": "#zinc", "uv": [ 0.0, 0.0, 8.0, 1.0 ] },
						"up": { "texture": "#zinc", "uv": [ 0.0, 0.0, 8.0, 8.0 ] },
						"down": { "texture": "#zinc", "uv": [ 0.0, 0.0, 8.0, 8.0 ] }
					}
				},
				{
					"name": "Cube11",
					"from": [ -0.0028, 11.25, 0.0028 ],
					"to": [ 7.9972, 12.25, 8.0028 ],
					"rotationOrigin": [ 8.0, 11.0, 8.0 ],
					"rotationY": -0.02,
					"faces": {
						"north": { "texture": "#zinc", "uv": [ 0.0, 0.0, 8.0, 1.0 ] },
						"east": { "texture": "#zinc", "uv": [ 0.0, 0.0, 8.0, 1.0 ] },
						"south": { "texture": "#zinc", "uv": [ 0.0, 0.0, 8.0, 1.0 ] },
						"west": { "texture": "#zinc", "uv": [ 0.0, 0.0, 8.0, 1.0 ] },
						"up": { "texture": "#zinc", "uv": [ 0.0, 0.0, 8.0, 8.0 ] },
						"down": { "texture": "#zinc", "uv": [ 0.0, 0.0, 8.0, 8.0 ] }
					}
				},
				{
					"name": "Cube9",
					"from": [ -0.0028, 7.5, 0.0028 ],
					"to": [ 7.9972, 8.5, 8.0028 ],
					"rotationOrigin": [ 8.0, 8.0, 8.0 ],
					"rotationY": -0.02,
					"faces": {
						"north": { "texture": "#zinc", "uv": [ 0.0, 0.0, 8.0, 1.0 ] },
						"east": { "texture": "#zinc", "uv": [ 0.0, 0.0, 8.0, 1.0 ] },
						"south": { "texture": "#zinc", "uv": [ 0.0, 0.0, 8.0, 1.0 ] },
						"west": { "texture": "#zinc", "uv": [ 0.0, 0.0, 8.0, 1.0 ] },
						"up": { "texture": "#zinc", "uv": [ 0.0, 0.0, 8.0, 8.0 ] },
						"down": { "texture": "#zinc", "uv": [ 0.0, 0.0, 8.0, 8.0 ] }
					}
				},
				{
					"name": "Cube6",
					"from": [ 0.0, 5.0, 0.0 ],
					"to": [ 8.0, 6.0, 8.0 ],
					"rotationOrigin": [ 8.0, 5.0, 8.0 ],
					"faces": {
						"north": { "texture": "#copper", "uv": [ 0.0, 0.0, 8.0, 1.0 ] },
						"east": { "texture": "#copper", "uv": [ 0.0, 0.0, 8.0, 1.0 ] },
						"south": { "texture": "#copper", "uv": [ 0.0, 0.0, 8.0, 1.0 ] },
						"west": { "texture": "#copper", "uv": [ 0.0, 0.0, 8.0, 1.0 ] },
						"up": { "texture": "#copper", "uv": [ 0.0, 0.0, 8.0, 8.0 ] },
						"down": { "texture": "#copper", "uv": [ 0.0, 0.0, 8.0, 8.0 ] }
					}
				},
				{
					"name": "Cube10",
					"from": [ 0.0, 10.0, 0.0 ],
					"to": [ 8.0, 11.0, 8.0 ],
					"rotationOrigin": [ 8.0, 10.0, 8.0 ],
					"faces": {
						"north": { "texture": "#zinc", "uv": [ 0.0, 0.0, 8.0, 1.0 ] },
						"east": { "texture": "#zinc", "uv": [ 0.0, 0.0, 8.0, 1.0 ] },
						"south": { "texture": "#zinc", "uv": [ 0.0, 0.0, 8.0, 1.0 ] },
						"west": { "texture": "#zinc", "uv": [ 0.0, 0.0, 8.0, 1.0 ] },
						"up": { "texture": "#zinc", "uv": [ 0.0, 0.0, 8.0, 8.0 ] },
						"down": { "texture": "#zinc", "uv": [ 0.0, 0.0, 8.0, 8.0 ] }
					}
				}
			]
		},
		{
			"name": "Cube14",
			"from": [ 2.0, 0.1, -2.0 ],
			"to": [ 14.0, 8.55, 10.0 ],
			"rotationOrigin": [ 10.0, 0.1, 6.0 ],
			"rotationY": 90.0,
			"faces": {
				"north": { "texture": "#steel", "uv": [ 0.0, 0.0, 12.0, 8.0 ] },
				"east": { "texture": "#steel", "uv": [ 0.0, 0.0, 12.0, 8.0 ] },
				"south": { "texture": "#steel", "uv": [ 0.0, 0.0, 12.0, 8.0 ] },
				"west": { "texture": "#steel", "uv": [ 0.0, 0.0, 12.0, 8.0 ] },
				"up": { "texture": "#steel", "uv": [ 0.0, 0.0, 12.0, 12.0 ] },
				"down": { "texture": "#steel", "uv": [ 0.0, 0.0, 12.0, 12.0 ] }
			},
			"children": [
				{
					"name": "Cube36",
					"from": [ -0.2, 2.5, 2.0 ],
					"to": [ 0.5, 7.9, 2.3 ],
					"rotationOrigin": [ -0.2, 2.5, 2.0 ],
					"faces": {
						"north": { "texture": "#copper", "uv": [ 0.0, 0.0, 0.5, 5.0 ] },
						"east": { "texture": "#copper", "uv": [ 0.0, 0.0, 0.5, 5.0 ] },
						"south": { "texture": "#copper", "uv": [ 0.0, 0.0, 0.5, 5.0 ] },
						"west": { "texture": "#copper", "uv": [ 0.0, 0.0, 0.5, 5.0 ] },
						"up": { "texture": "#copper", "uv": [ 0.0, 0.0, 0.5, 0.5 ] },
						"down": { "texture": "#copper", "uv": [ 0.0, 0.0, 0.5, 0.5 ] }
					}
				},
				{
					"name": "Cube37",
					"from": [ -0.2, 2.5, 2.6 ],
					"to": [ 0.5, 7.9, 2.9 ],
					"rotationOrigin": [ -0.2, 2.5, 2.6 ],
					"faces": {
						"north": { "texture": "#copper", "uv": [ 0.0, 0.0, 0.5, 5.0 ] },
						"east": { "texture": "#copper", "uv": [ 0.0, 0.0, 0.5, 5.0 ] },
						"south": { "texture": "#copper", "uv": [ 0.0, 0.0, 0.5, 5.0 ] },
						"west": { "texture": "#copper", "uv": [ 0.0, 0.0, 0.5, 5.0 ] },
						"up": { "texture": "#copper", "uv": [ 0.0, 0.0, 0.5, 0.5 ] },
						"down": { "texture": "#copper", "uv": [ 0.0, 0.0, 0.5, 0.5 ] }
					}
				},
				{
					"name": "Cube38",
					"from": [ -0.2, 2.5, 10.6 ],
					"to": [ 0.5, 7.9, 10.9 ],
					"rotationOrigin": [ -0.2, 2.5, 10.6 ],
					"faces": {
						"north": { "texture": "#copper", "uv": [ 0.0, 0.0, 0.5, 5.0 ] },
						"east": { "texture": "#copper", "uv": [ 0.0, 0.0, 0.5, 5.0 ] },
						"south": { "texture": "#copper", "uv": [ 0.0, 0.0, 0.5, 5.0 ] },
						"west": { "texture": "#copper", "uv": [ 0.0, 0.0, 0.5, 5.0 ] },
						"up": { "texture": "#copper", "uv": [ 0.0, 0.0, 0.5, 0.5 ] },
						"down": { "texture": "#copper", "uv": [ 0.0, 0.0, 0.5, 0.5 ] }
					}
				},
				{
					"name": "Cube39",
					"from": [ 1.6, 2.5, 12.2 ],
					"to": [ 2.3, 7.9, 12.5 ],
					"rotationOrigin": [ 1.6, 2.5, 12.2 ],
					"rotationY": 90.0,
					"faces": {
						"north": { "texture": "#copper", "uv": [ 0.0, 0.0, 0.5, 5.0 ] },
						"east": { "texture": "#copper", "uv": [ 0.0, 0.0, 0.5, 5.0 ] },
						"south": { "texture": "#copper", "uv": [ 0.0, 0.0, 0.5, 5.0 ] },
						"west": { "texture": "#copper", "uv": [ 0.0, 0.0, 0.5, 5.0 ] },
						"up": { "texture": "#copper", "uv": [ 0.0, 0.0, 0.5, 0.5 ] },
						"down": { "texture": "#copper", "uv": [ 0.0, 0.0, 0.5, 0.5 ] }
					}
				},
				{
					"name": "Cube40",
					"from": [ 2.2, 2.5, 12.2 ],
					"to": [ 2.9, 7.9, 12.5 ],
					"rotationOrigin": [ 2.2, 2.5, 12.2 ],
					"rotationY": 90.0,
					"faces": {
						"north": { "texture": "#copper", "uv": [ 0.0, 0.0, 0.5, 5.0 ] },
						"east": { "texture": "#copper", "uv": [ 0.0, 0.0, 0.5, 5.0 ] },
						"south": { "texture": "#copper", "uv": [ 0.0, 0.0, 0.5, 5.0 ] },
						"west": { "texture": "#copper", "uv": [ 0.0, 0.0, 0.5, 5.0 ] },
						"up": { "texture": "#copper", "uv": [ 0.0, 0.0, 0.5, 0.5 ] },
						"down": { "texture": "#copper", "uv": [ 0.0, 0.0, 0.5, 0.5 ] }
					}
				},
				{
					"name": "Cube41",
					"from": [ 5.2, 2.5, 0.5 ],
					"to": [ 5.9, 7.9, 0.8 ],
					"rotationOrigin": [ 5.2, 2.5, 0.5 ],
					"rotationY": 90.0,
					"faces": {
						"north": { "texture": "#copper", "uv": [ 0.0, 0.0, 0.5, 5.0 ] },
						"east": { "texture": "#copper", "uv": [ 0.0, 0.0, 0.5, 5.0 ] },
						"south": { "texture": "#copper", "uv": [ 0.0, 0.0, 0.5, 5.0 ] },
						"west": { "texture": "#copper", "uv": [ 0.0, 0.0, 0.5, 5.0 ] },
						"up": { "texture": "#copper", "uv": [ 0.0, 0.0, 0.5, 0.5 ] },
						"down": { "texture": "#copper", "uv": [ 0.0, 0.0, 0.5, 0.5 ] }
					}
				},
				{
					"name": "Cube42",
					"from": [ 11.5, 2.5, 2.6 ],
					"to": [ 12.2, 7.9, 2.9 ],
					"rotationOrigin": [ 11.5, 2.5, 2.6 ],
					"faces": {
						"north": { "texture": "#copper", "uv": [ 0.0, 0.0, 0.5, 5.0 ] },
						"east": { "texture": "#copper", "uv": [ 0.0, 0.0, 0.5, 5.0 ] },
						"south": { "texture": "#copper", "uv": [ 0.0, 0.0, 0.5, 5.0 ] },
						"west": { "texture": "#copper", "uv": [ 0.0, 0.0, 0.5, 5.0 ] },
						"up": { "texture": "#copper", "uv": [ 0.0, 0.0, 0.5, 0.5 ] },
						"down": { "texture": "#copper", "uv": [ 0.0, 0.0, 0.5, 0.5 ] }
					}
				},
				{
					"name": "Cube43",
					"from": [ 2.8, 2.5, 12.2 ],
					"to": [ 3.5, 5.9, 12.5 ],
					"rotationOrigin": [ 2.8, 2.5, 12.2 ],
					"rotationY": 90.0,
					"faces": {
						"north": { "texture": "#copper", "uv": [ 0.0, 0.0, 0.5, 3.0 ] },
						"east": { "texture": "#copper", "uv": [ 0.0, 0.0, 0.5, 3.0 ] },
						"south": { "texture": "#copper", "uv": [ 0.0, 0.0, 0.5, 3.0 ] },
						"west": { "texture": "#copper", "uv": [ 0.0, 0.0, 0.5, 3.0 ] },
						"up": { "texture": "#copper", "uv": [ 0.0, 0.0, 0.5, 0.5 ] },
						"down": { "texture": "#copper", "uv": [ 0.0, 0.0, 0.5, 0.5 ] }
					},
					"children": [
						{
							"name": "Cube44",
							"from": [ 0.5, 3.4, 0.0 ],
							"to": [ 0.8, 6.5, 0.5 ],
							"rotationOrigin": [ 0.5, 3.4, 0.0 ],
							"rotationX": -165.964,
							"rotationY": -90.0,
							"rotationZ": 157.5,
							"faces": {
								"north": { "texture": "#copper", "uv": [ 0.0, 0.0, 0.5, 3.0 ] },
								"east": { "texture": "#copper", "uv": [ 0.0, 0.0, 0.5, 3.0 ] },
								"south": { "texture": "#copper", "uv": [ 0.0, 0.0, 0.5, 3.0 ] },
								"west": { "texture": "#copper", "uv": [ 0.0, 0.0, 0.5, 3.0 ] },
								"up": { "texture": "#copper", "uv": [ 0.0, 0.0, 0.5, 0.5 ] },
								"down": { "texture": "#copper", "uv": [ 0.0, 0.0, 0.5, 0.5 ] }
							}
						}
					]
				},
				{
					"name": "Cube45",
					"from": [ 5.8, 2.5, 0.5 ],
					"to": [ 6.5, 3.9, 0.8 ],
					"rotationOrigin": [ 5.8, 2.5, 0.5 ],
					"rotationY": 90.0,
					"faces": {
						"north": { "texture": "#copper", "uv": [ 0.0, 0.0, 0.5, 1.0 ] },
						"east": { "texture": "#copper", "uv": [ 0.0, 0.0, 0.5, 1.0 ] },
						"south": { "texture": "#copper", "uv": [ 0.0, 0.0, 0.5, 1.0 ] },
						"west": { "texture": "#copper", "uv": [ 0.0, 0.0, 0.5, 1.0 ] },
						"up": { "texture": "#copper", "uv": [ 0.0, 0.0, 0.5, 0.5 ] },
						"down": { "texture": "#copper", "uv": [ 0.0, 0.0, 0.5, 0.5 ] }
					},
					"children": [
						{
							"name": "Cube46",
							"from": [ 0.0, 1.4, 0.0 ],
							"to": [ 0.7, 4.8, 0.3 ],
							"rotationOrigin": [ 0.0, 1.4, 0.0 ],
							"rotationX": 45.0,
							"faces": {
								"north": { "texture": "#copper", "uv": [ 0.0, 0.0, 0.5, 3.0 ] },
								"east": { "texture": "#copper", "uv": [ 0.0, 0.0, 0.5, 3.0 ] },
								"south": { "texture": "#copper", "uv": [ 0.0, 0.0, 0.5, 3.0 ] },
								"west": { "texture": "#copper", "uv": [ 0.0, 0.0, 0.5, 3.0 ] },
								"up": { "texture": "#copper", "uv": [ 0.0, 0.0, 0.5, 0.5 ] },
								"down": { "texture": "#copper", "uv": [ 0.0, 0.0, 0.5, 0.5 ] }
							},
							"children": [
								{
									"name": "Cube47",
									"from": [ 0.0, 3.1891, 0.0919 ],
									"to": [ 0.7, 4.9891, 0.3919 ],
									"rotationOrigin": [ 0.0, 3.1891, 0.0919 ],
									"rotationX": -45.0,
									"rotationY": 0.0,
									"rotationZ": 0.0,
									"faces": {
										"north": { "texture": "#copper", "uv": [ 0.0, 0.0, 0.5, 1.5 ] },
										"east": { "texture": "#copper", "uv": [ 0.0, 0.0, 0.5, 1.5 ] },
										"south": { "texture": "#copper", "uv": [ 0.0, 0.0, 0.5, 1.5 ] },
										"west": { "texture": "#copper", "uv": [ 0.0, 0.0, 0.5, 1.5 ] },
										"up": { "texture": "#copper", "uv": [ 0.0, 0.0, 0.5, 0.5 ] },
										"down": { "texture": "#copper", "uv": [ 0.0, 0.0, 0.5, 0.5 ] }
									}
								}
							]
						}
					]
				},
				{
					"name": "Cube48",
					"from": [ 6.6, 2.5, 0.5 ],
					"to": [ 7.3, 3.9, 0.8 ],
					"rotationOrigin": [ 6.6, 2.5, 0.5 ],
					"rotationY": 90.0,
					"faces": {
						"north": { "texture": "#copper", "uv": [ 0.0, 0.0, 0.5, 1.0 ] },
						"east": { "texture": "#copper", "uv": [ 0.0, 0.0, 0.5, 1.0 ] },
						"south": { "texture": "#copper", "uv": [ 0.0, 0.0, 0.5, 1.0 ] },
						"west": { "texture": "#copper", "uv": [ 0.0, 0.0, 0.5, 1.0 ] },
						"up": { "texture": "#copper", "uv": [ 0.0, 0.0, 0.5, 0.5 ] },
						"down": { "texture": "#copper", "uv": [ 0.0, 0.0, 0.5, 0.5 ] }
					},
					"children": [
						{
							"name": "Cube49",
							"from": [ 0.0, 1.4, 0.0 ],
							"to": [ 0.7, 4.8, 0.3 ],
							"rotationOrigin": [ 0.0, 1.4, 0.0 ],
							"rotationX": 45.0,
							"faces": {
								"north": { "texture": "#copper", "uv": [ 0.0, 0.0, 0.5, 3.0 ] },
								"east": { "texture": "#copper", "uv": [ 0.0, 0.0, 0.5, 3.0 ] },
								"south": { "texture": "#copper", "uv": [ 0.0, 0.0, 0.5, 3.0 ] },
								"west": { "texture": "#copper", "uv": [ 0.0, 0.0, 0.5, 3.0 ] },
								"up": { "texture": "#copper", "uv": [ 0.0, 0.0, 0.5, 0.5 ] },
								"down": { "texture": "#copper", "uv": [ 0.0, 0.0, 0.5, 0.5 ] }
							},
							"children": [
								{
									"name": "Cube50",
									"from": [ 0.0, 3.1891, 0.0919 ],
									"to": [ 0.7, 4.9891, 0.3919 ],
									"rotationOrigin": [ 0.0, 3.1891, 0.0919 ],
									"rotationX": -45.0,
									"rotationY": 0.0,
									"rotationZ": 0.0,
									"faces": {
										"north": { "texture": "#copper", "uv": [ 0.0, 0.0, 0.5, 1.5 ] },
										"east": { "texture": "#copper", "uv": [ 0.0, 0.0, 0.5, 1.5 ] },
										"south": { "texture": "#copper", "uv": [ 0.0, 0.0, 0.5, 1.5 ] },
										"west": { "texture": "#copper", "uv": [ 0.0, 0.0, 0.5, 1.5 ] },
										"up": { "texture": "#copper", "uv": [ 0.0, 0.0, 0.5, 0.5 ] },
										"down": { "texture": "#copper", "uv": [ 0.0, 0.0, 0.5, 0.5 ] }
									}
								}
							]
						}
					]
				}
			]
		},
		{
			"name": "Cube16",
			"from": [ 2.5, 1.0, 2.5 ],
			"to": [ 3.5, 16.25, 3.5 ],
			"rotationOrigin": [ 3.0, 0.0, 3.0 ],
			"faces": {
				"north": { "texture": "#iron", "uv": [ 0.0, 0.0, 1.0, 15.0 ] },
				"east": { "texture": "#iron", "uv": [ 0.0, 0.0, 1.0, 15.0 ] },
				"south": { "texture": "#iron", "uv": [ 0.0, 0.0, 1.0, 15.0 ] },
				"west": { "texture": "#iron", "uv": [ 0.0, 0.0, 1.0, 15.0 ] },
				"up": { "texture": "#iron", "uv": [ 0.0, 0.0, 1.0, 1.0 ] },
				"down": { "texture": "#iron", "uv": [ 0.0, 0.0, 1.0, 1.0 ] }
			}
		},
		{
			"name": "Cube17",
			"from": [ 12.5, 1.0, 2.5 ],
			"to": [ 13.5, 16.25, 3.5 ],
			"rotationOrigin": [ 13.0, 0.0, 3.0 ],
			"faces": {
				"north": { "texture": "#iron", "uv": [ 0.0, 0.0, 1.0, 15.0 ] },
				"east": { "texture": "#iron", "uv": [ 0.0, 0.0, 1.0, 15.0 ] },
				"south": { "texture": "#iron", "uv": [ 0.0, 0.0, 1.0, 15.0 ] },
				"west": { "texture": "#iron", "uv": [ 0.0, 0.0, 1.0, 15.0 ] },
				"up": { "texture": "#iron", "uv": [ 0.0, 0.0, 1.0, 1.0 ] },
				"down": { "texture": "#iron", "uv": [ 0.0, 0.0, 1.0, 1.0 ] }
			}
		},
		{
			"name": "Cube18",
			"from": [ 12.5, 1.0, 12.5 ],
			"to": [ 13.5, 16.25, 13.5 ],
			"rotationOrigin": [ 13.0, 0.0, 13.0 ],
			"faces": {
				"north": { "texture": "#iron", "uv": [ 0.0, 0.0, 1.0, 15.0 ] },
				"east": { "texture": "#iron", "uv": [ 0.0, 0.0, 1.0, 15.0 ] },
				"south": { "texture": "#iron", "uv": [ 0.0, 0.0, 1.0, 15.0 ] },
				"west": { "texture": "#iron", "uv": [ 0.0, 0.0, 1.0, 15.0 ] },
				"up": { "texture": "#iron", "uv": [ 0.0, 0.0, 1.0, 1.0 ] },
				"down": { "texture": "#iron", "uv": [ 0.0, 0.0, 1.0, 1.0 ] }
			}
		},
		{
			"name": "Cube19",
			"from": [ 2.5, 1.0, 12.5 ],
			"to": [ 3.5, 16.25, 13.5 ],
			"rotationOrigin": [ 3.0, 0.0, 13.0 ],
			"faces": {
				"north": { "texture": "#iron", "uv": [ 0.0, 0.0, 1.0, 15.0 ] },
				"east": { "texture": "#iron", "uv": [ 0.0, 0.0, 1.0, 15.0 ] },
				"south": { "texture": "#iron", "uv": [ 0.0, 0.0, 1.0, 15.0 ] },
				"west": { "texture": "#iron", "uv": [ 0.0, 0.0, 1.0, 15.0 ] },
				"up": { "texture": "#iron", "uv": [ 0.0, 0.0, 1.0, 1.0 ] },
				"down": { "texture": "#iron", "uv": [ 0.0, 0.0, 1.0, 1.0 ] }
			},
			"children": [
				{
					"name": "Cube15",
					"from": [ -0.2, 7.0, -0.2 ],
					"to": [ 1.2, 8.0, 1.2 ],
					"rotationOrigin": [ -0.2, 7.0, -0.2 ],
					"faces": {
						"north": { "texture": "#steel", "uv": [ 0.0, 0.0, 1.0, 1.0 ] },
						"east": { "texture": "#steel", "uv": [ 0.0, 0.0, 1.0, 1.0 ] },
						"south": { "texture": "#steel", "uv": [ 0.0, 0.0, 1.0, 1.0 ] },
						"west": { "texture": "#steel", "uv": [ 0.0, 0.0, 1.0, 1.0 ] },
						"up": { "texture": "#steel", "uv": [ 0.0, 0.0, 1.0, 1.0 ] },
						"down": { "texture": "#steel", "uv": [ 0.0, 0.0, 1.0, 1.0 ] }
					},
					"children": [
						{
							"name": "Cube23",
							"from": [ 0.0, 0.0, -10.0 ],
							"to": [ 1.4, 1.0, -8.6 ],
							"rotationOrigin": [ 0.0, 0.0, -10.0 ],
							"faces": {
								"north": { "texture": "#steel", "uv": [ 0.0, 0.0, 1.0, 1.0 ] },
								"east": { "texture": "#steel", "uv": [ 0.0, 0.0, 1.0, 1.0 ] },
								"south": { "texture": "#steel", "uv": [ 0.0, 0.0, 1.0, 1.0 ] },
								"west": { "texture": "#steel", "uv": [ 0.0, 0.0, 1.0, 1.0 ] },
								"up": { "texture": "#steel", "uv": [ 0.0, 0.0, 1.0, 1.0 ] },
								"down": { "texture": "#steel", "uv": [ 0.0, 0.0, 1.0, 1.0 ] }
							}
						},
						{
							"name": "Cube24",
							"from": [ 10.0, 0.0, -10.0 ],
							"to": [ 11.4, 1.0, -8.6 ],
							"rotationOrigin": [ 10.0, 0.0, -10.0 ],
							"faces": {
								"north": { "texture": "#steel", "uv": [ 0.0, 0.0, 1.0, 1.0 ] },
								"east": { "texture": "#steel", "uv": [ 0.0, 0.0, 1.0, 1.0 ] },
								"south": { "texture": "#steel", "uv": [ 0.0, 0.0, 1.0, 1.0 ] },
								"west": { "texture": "#steel", "uv": [ 0.0, 0.0, 1.0, 1.0 ] },
								"up": { "texture": "#steel", "uv": [ 0.0, 0.0, 1.0, 1.0 ] },
								"down": { "texture": "#steel", "uv": [ 0.0, 0.0, 1.0, 1.0 ] }
							}
						},
						{
							"name": "Cube25",
							"from": [ 10.0, 0.0, 0.0 ],
							"to": [ 11.4, 1.0, 1.4 ],
							"rotationOrigin": [ 10.0, 0.0, 0.0 ],
							"faces": {
								"north": { "texture": "#steel", "uv": [ 0.0, 0.0, 1.0, 1.0 ] },
								"east": { "texture": "#steel", "uv": [ 0.0, 0.0, 1.0, 1.0 ] },
								"south": { "texture": "#steel", "uv": [ 0.0, 0.0, 1.0, 1.0 ] },
								"west": { "texture": "#steel", "uv": [ 0.0, 0.0, 1.0, 1.0 ] },
								"up": { "texture": "#steel", "uv": [ 0.0, 0.0, 1.0, 1.0 ] },
								"down": { "texture": "#steel", "uv": [ 0.0, 0.0, 1.0, 1.0 ] }
							}
						}
					]
				},
				{
					"name": "Cube26",
					"from": [ -0.2, 13.8, -0.2 ],
					"to": [ 1.2, 14.8, 1.2 ],
					"rotationOrigin": [ -0.2, 13.8, -0.2 ],
					"faces": {
						"north": { "texture": "#steel", "uv": [ 0.0, 0.0, 1.0, 1.0 ] },
						"east": { "texture": "#steel", "uv": [ 0.0, 0.0, 1.0, 1.0 ] },
						"south": { "texture": "#steel", "uv": [ 0.0, 0.0, 1.0, 1.0 ] },
						"west": { "texture": "#steel", "uv": [ 0.0, 0.0, 1.0, 1.0 ] },
						"up": { "texture": "#steel", "uv": [ 0.0, 0.0, 1.0, 1.0 ] },
						"down": { "texture": "#steel", "uv": [ 0.0, 0.0, 1.0, 1.0 ] }
					},
					"children": [
						{
							"name": "Cube27",
							"from": [ 0.0, 0.0, -10.0 ],
							"to": [ 1.4, 1.0, -8.6 ],
							"rotationOrigin": [ 0.0, 0.0, -10.0 ],
							"faces": {
								"north": { "texture": "#steel", "uv": [ 0.0, 0.0, 1.0, 1.0 ] },
								"east": { "texture": "#steel", "uv": [ 0.0, 0.0, 1.0, 1.0 ] },
								"south": { "texture": "#steel", "uv": [ 0.0, 0.0, 1.0, 1.0 ] },
								"west": { "texture": "#steel", "uv": [ 0.0, 0.0, 1.0, 1.0 ] },
								"up": { "texture": "#steel", "uv": [ 0.0, 0.0, 1.0, 1.0 ] },
								"down": { "texture": "#steel", "uv": [ 0.0, 0.0, 1.0, 1.0 ] }
							}
						},
						{
							"name": "Cube28",
							"from": [ 10.0, 0.0, -10.0 ],
							"to": [ 11.4, 1.0, -8.6 ],
							"rotationOrigin": [ 10.0, 0.0, -10.0 ],
							"faces": {
								"north": { "texture": "#steel", "uv": [ 0.0, 0.0, 1.0, 1.0 ] },
								"east": { "texture": "#steel", "uv": [ 0.0, 0.0, 1.0, 1.0 ] },
								"south": { "texture": "#steel", "uv": [ 0.0, 0.0, 1.0, 1.0 ] },
								"west": { "texture": "#steel", "uv": [ 0.0, 0.0, 1.0, 1.0 ] },
								"up": { "texture": "#steel", "uv": [ 0.0, 0.0, 1.0, 1.0 ] },
								"down": { "texture": "#steel", "uv": [ 0.0, 0.0, 1.0, 1.0 ] }
							}
						},
						{
							"name": "Cube29",
							"from": [ 10.0, 0.0, 0.0 ],
							"to": [ 11.4, 1.0, 1.4 ],
							"rotationOrigin": [ 10.0, 0.0, 0.0 ],
							"faces": {
								"north": { "texture": "#steel", "uv": [ 0.0, 0.0, 1.0, 1.0 ] },
								"east": { "texture": "#steel", "uv": [ 0.0, 0.0, 1.0, 1.0 ] },
								"south": { "texture": "#steel", "uv": [ 0.0, 0.0, 1.0, 1.0 ] },
								"west": { "texture": "#steel", "uv": [ 0.0, 0.0, 1.0, 1.0 ] },
								"up": { "texture": "#steel", "uv": [ 0.0, 0.0, 1.0, 1.0 ] },
								"down": { "texture": "#steel", "uv": [ 0.0, 0.0, 1.0, 1.0 ] }
							}
						}
					]
				},
				{
					"name": "Cube30",
					"from": [ -0.2, 14.1, -0.2 ],
					"to": [ 1.2, 15.1, 1.2 ],
					"rotationOrigin": [ -0.2, 14.1, -0.2 ],
					"faces": {
						"north": { "texture": "#steel", "uv": [ 0.0, 0.0, 1.0, 1.0 ] },
						"east": { "texture": "#steel", "uv": [ 0.0, 0.0, 1.0, 1.0 ] },
						"south": { "texture": "#steel", "uv": [ 0.0, 0.0, 1.0, 1.0 ] },
						"west": { "texture": "#steel", "uv": [ 0.0, 0.0, 1.0, 1.0 ] },
						"up": { "texture": "#steel", "uv": [ 0.0, 0.0, 1.0, 1.0 ] },
						"down": { "texture": "#steel", "uv": [ 0.0, 0.0, 1.0, 1.0 ] }
					},
					"children": [
						{
							"name": "Cube31",
							"from": [ 0.0, 0.0, -10.0 ],
							"to": [ 1.4, 1.0, -8.6 ],
							"rotationOrigin": [ 0.0, 0.0, -10.0 ],
							"faces": {
								"north": { "texture": "#steel", "uv": [ 0.0, 0.0, 1.0, 1.0 ] },
								"east": { "texture": "#steel", "uv": [ 0.0, 0.0, 1.0, 1.0 ] },
								"south": { "texture": "#steel", "uv": [ 0.0, 0.0, 1.0, 1.0 ] },
								"west": { "texture": "#steel", "uv": [ 0.0, 0.0, 1.0, 1.0 ] },
								"up": { "texture": "#steel", "uv": [ 0.0, 0.0, 1.0, 1.0 ] },
								"down": { "texture": "#steel", "uv": [ 0.0, 0.0, 1.0, 1.0 ] }
							}
						},
						{
							"name": "Cube32",
							"from": [ 10.0, 0.0, -10.0 ],
							"to": [ 11.4, 1.0, -8.6 ],
							"rotationOrigin": [ 10.0, 0.0, -10.0 ],
							"faces": {
								"north": { "texture": "#steel", "uv": [ 0.0, 0.0, 1.0, 1.0 ] },
								"east": { "texture": "#steel", "uv": [ 0.0, 0.0, 1.0, 1.0 ] },
								"south": { "texture": "#steel", "uv": [ 0.0, 0.0, 1.0, 1.0 ] },
								"west": { "texture": "#steel", "uv": [ 0.0, 0.0, 1.0, 1.0 ] },
								"up": { "texture": "#steel", "uv": [ 0.0, 0.0, 1.0, 1.0 ] },
								"down": { "texture": "#steel", "uv": [ 0.0, 0.0, 1.0, 1.0 ] }
							}
						},
						{
							"name": "Cube33",
							"from": [ 10.0, 0.0, 0.0 ],
							"to": [ 11.4, 1.0, 1.4 ],
							"rotationOrigin": [ 10.0, 0.0, 0.0 ],
							"faces": {
								"north": { "texture": "#steel", "uv": [ 0.0, 0.0, 1.0, 1.0 ] },
								"east": { "texture": "#steel", "uv": [ 0.0, 0.0, 1.0, 1.0 ] },
								"south": { "texture": "#steel", "uv": [ 0.0, 0.0, 1.0, 1.0 ] },
								"west": { "texture": "#steel", "uv": [ 0.0, 0.0, 1.0, 1.0 ] },
								"up": { "texture": "#steel", "uv": [ 0.0, 0.0, 1.0, 1.0 ] },
								"down": { "texture": "#steel", "uv": [ 0.0, 0.0, 1.0, 1.0 ] }
							}
						}
					]
				}
			]
		},
		{
			"name": "Cube20",
			"from": [ 5.0, 1.0, -5.0 ],
			"to": [ 11.0, 15.5, 1.0 ],
			"rotationOrigin": [ 13.0, 1.0, 3.0 ],
			"rotationY": 90.0,
			"faces": {
				"north": { "texture": "#copper", "uv": [ 0.0, 0.0, 6.0, 14.5 ], "glow": 170, "windMode": [-1,-1,-1,-1] },
				"east": { "texture": "#copper", "uv": [ 0.0, 0.0, 6.0, 14.5 ], "glow": 170, "windMode": [-1,-1,-1,-1] },
				"south": { "texture": "#copper", "uv": [ 0.0, 0.0, 6.0, 14.5 ], "glow": 170, "windMode": [-1,-1,-1,-1] },
				"west": { "texture": "#copper", "uv": [ 0.0, 0.0, 6.0, 14.5 ], "glow": 170, "windMode": [-1,-1,-1,-1] },
				"up": { "texture": "#copper", "uv": [ 0.0, 0.0, 6.0, 6.0 ], "glow": 170, "windMode": [-1,-1,-1,-1] },
				"down": { "texture": "#copper", "uv": [ 0.0, 0.0, 6.0, 6.0 ], "glow": 170, "windMode": [-1,-1,-1,-1] }
			}
		},
		{
			"name": "Cube21",
			"from": [ 1.5, 7.8, -1.5 ],
			"to": [ 14.5, 8.8, 11.5 ],
			"rotationOrigin": [ 9.5, 7.8, 6.5 ],
			"rotationY": 90.0,
			"faces": {
				"north": { "texture": "#brass", "uv": [ 0.0, 0.0, 13.0, 1.0 ] },
				"east": { "texture": "#brass", "uv": [ 0.0, 0.0, 13.0, 1.0 ] },
				"south": { "texture": "#brass", "uv": [ 0.0, 0.0, 13.0, 1.0 ] },
				"west": { "texture": "#brass", "uv": [ 0.0, 0.0, 13.0, 1.0 ] },
				"up": { "texture": "#brass", "uv": [ 0.0, 0.0, 13.0, 13.0 ] },
				"down": { "texture": "#brass", "uv": [ 0.0, 0.0, 13.0, 13.0 ] }
			}
		},
		{
			"name": "Cube22",
			"from": [ 1.5, 15.0, -1.5 ],
			"to": [ 14.5, 16.0, 11.5 ],
			"rotationOrigin": [ 9.5, 15.0, 6.5 ],
			"rotationY": 90.0,
			"faces": {
				"north": { "texture": "#iron", "uv": [ 0.0, 0.0, 13.0, 1.0 ] },
				"east": { "texture": "#iron", "uv": [ 0.0, 0.0, 13.0, 1.0 ] },
				"south": { "texture": "#iron", "uv": [ 0.0, 0.0, 13.0, 1.0 ] },
				"west": { "texture": "#iron", "uv": [ 0.0, 0.0, 13.0, 1.0 ] },
				"up": { "texture": "#iron", "uv": [ 0.0, 0.0, 13.0, 13.0 ] },
				"down": { "texture": "#iron", "uv": [ 0.0, 0.0, 13.0, 13.0 ] }
			}
		},
		{
			"name": "Cube34",
			"from": [ 1.5, 0.8, -1.5 ],
			"to": [ 14.5, 2.8, 11.5 ],
			"rotationOrigin": [ 9.5, 0.8, 6.5 ],
			"rotationY": 90.0,
			"faces": {
				"north": { "texture": "#brass", "uv": [ 0.0, 0.0, 13.0, 2.0 ] },
				"east": { "texture": "#brass", "uv": [ 0.0, 0.0, 13.0, 2.0 ] },
				"south": { "texture": "#brass", "uv": [ 0.0, 0.0, 13.0, 2.0 ] },
				"west": { "texture": "#brass", "uv": [ 0.0, 0.0, 13.0, 2.0 ] },
				"up": { "texture": "#brass", "uv": [ 0.0, 0.0, 13.0, 13.0 ] },
				"down": { "texture": "#brass", "uv": [ 0.0, 0.0, 13.0, 13.0 ] }
			}
		},
		{
			"name": "Cube35",
			"from": [ 1.0, 0.7, -1.0 ],
			"to": [ 15.0, 1.4, 13.0 ],
			"rotationOrigin": [ 9.0, 0.7, 7.0 ],
			"rotationY": 90.0,
			"faces": {
				"north": { "texture": "#steel", "uv": [ 0.0, 0.0, 14.0, 0.5 ] },
				"east": { "texture": "#steel", "uv": [ 0.0, 0.0, 14.0, 0.5 ] },
				"south": { "texture": "#steel", "uv": [ 0.0, 0.0, 14.0, 0.5 ] },
				"west": { "texture": "#steel", "uv": [ 0.0, 0.0, 14.0, 0.5 ] },
				"up": { "texture": "#steel", "uv": [ 0.0, 0.0, 14.0, 14.0 ] },
				"down": { "texture": "#steel", "uv": [ 0.0, 0.0, 14.0, 14.0 ] }
			}
		}
	]}