{
	"code": "bed",
	"class": "BlockBed",
	"entityClassByType": {
		"*-head-*": "Bed"
	},
	"variantgroups": [
		{
			"code": "material",
			"states": [ "thatch" ]
		},
		{
			"code": "part",
			"states": [ "head", "feet" ]
		},
		{
			"code": "side",
			"loadFromProperties": "abstract/horizontalorientation"
		}
	],
	"attributes": {
		"sleepEfficiencyByType": {
			"bed-thatch-*": 0.58333333
		},
		"handbook": {
			"groupBy": [ "bed-{material}-*" ]
		}
	},
	"attributesByType": {
		"bed-thatch-*": {
			"attachableToEntity": {
				"categoryCode": "bedroll",
				"attachedShape": { "base": "artofgrowing:item/wearable/hooved/thatchbed" }
			}
		}
	},
	"textures": {
		"hay": { "base": "artofgrowing:block/thatch/normal-side" },
		"bottom": { "base": "artofgrowing:block/thatch/bed/bottom" },
		"top1": { "base": "artofgrowing:block/thatch/bed/top1" },
		"top2": { "base": "artofgrowing:block/thatch/bed/top2" },
		"side2": { "base": "artofgrowing:block/thatch/bed/side2" },
		"side1": { "base": "artofgrowing:block/thatch/bed/side1" }
	},
	"shapeinventoryByType": {
		"bed-thatch-*": { "base": "game:block/hay/strawbed-inventory" }
	},
	"shapebytype": {
		"*-head-north": {
			"base": "game:block/hay/bed-head",
			"rotateY": 90
		},
		"*-head-east": {
			"base": "game:block/hay/bed-head",
			"rotateY": 0
		},
		"*-head-south": {
			"base": "game:block/hay/bed-head",
			"rotateY": 270
		},
		"*-head-west": {
			"base": "game:block/hay/bed-head",
			"rotateY": 180
		},
		"*-feet-north": {
			"base": "game:block/hay/bed-feet",
			"rotateY": 90
		},
		"*-feet-east": {
			"base": "game:block/hay/bed-feet",
			"rotateY": 0
		},
		"*-feet-south": {
			"base": "game:block/hay/bed-feet",
			"rotateY": 270
		},
		"*-feet-west": {
			"base": "game:block/hay/bed-feet",
			"rotateY": 180
		}
	},
	"sidesolid": {
		"all": false
	},
	"sideopaque": {
		"all": false
	},
	"heldTpIdleAnimation": "holdunderarm",
	"creativeinventory": {
		"general": [ "*-head-north" ],
		"decorative": [ "*-head-north" ],
		"artofgrowing": [ "*-head-north" ]
	},
	"blockmaterial": "Plant",
	"replaceable": 550,
	"resistance": 2,
	"lightAbsorption": 0,
	"maxStackSize": 2,
	"guitransform": {
		"scale": 0.75
	},
	"combustibleProps": {
		"burnTemperature": 600,
		"burnDuration": 40
	},
	"selectionbox": {
		"x1": 0,
		"y1": 0,
		"z1": 0,
		"x2": 1,
		"y2ByType": {
			"bed-thatch-*": 0.25
		},
		"z2": 1
	},
	"collisionbox": {
		"x1": 0,
		"y1": 0,
		"z1": 0,
		"x2": 1,
		"y2ByType": {
			"bed-thatch-*": 0.25
		},
		"z2": 1
	},
	"sounds": {
		"place": "game:block/plant",
		"hit": "game:block/plant",
		"break": "game:block/plant",
		"walk": "game:walk/wood"
	},
	"materialDensity": 600,
	"fpHandTransform": {
		"translation": {
			"x": 0.31,
			"y": -0.2,
			"z": 0
		},
		"rotation": {
			"x": -67,
			"y": -33,
			"z": 77
		},
		"origin": {
			"x": 0.5,
			"y": 0.2,
			"z": 0.5
		},
		"scale": 1.35
	},
	"groundTransform": {
		"origin": {
			"x": 0.5,
			"y": 0,
			"z": 0.5
		},
		"scale": 2
	},
	"tpHandTransformByType": {
		"bed-thatch-*": {
			"translation": {
				"x": -0.55,
				"y": 0.1,
				"z": -0.4
			},
			"rotation": {
				"x": 0,
				"y": 80,
				"z": 2
			},
			"scale": 0.9
		},
		"*": {
			"translation": {
				"x": -0.9,
				"y": -0.3,
				"z": -0.9
			},
			"rotation": {
				"x": -80,
				"y": -37,
				"z": 17
			},
			"scale": 0.45
		}
	},
	"guiTransformByType": {
		"bed-thatch-*": {
			"translation": {
				"x": 0,
				"y": 2,
				"z": 0
			},
			"origin": {
				"x": 0.5,
				"y": 0.125,
				"z": 0.5
			},
			"scale": 1.58
		},
		"bed-wood-*": {
			"origin": {
				"x": 0.5,
				"y": 0.4,
				"z": 0.5
			},
			"scale": 0.75
		}
	}
}