{
  "code": "barrelrack",
  "class": "FoodShelves.BlockBarrelRack",
  "entityclass": "FoodShelves.BlockEntityBarrelRack",
  "creativeinventory": { "general": ["*-north"], "decorative": ["*-north"], "foodshelves": ["*-north"] },
  "variantgroups": [
    { "code": "type", "states": ["normal", "top"] },
    { "code": "side", "loadFromProperties": "abstract/horizontalorientation" }
  ],
  "attributes": {
    "handbook": {
      "groupBy": [ "barrelrack-*" ],
      "extraSections": [
        {
          "title": "foodshelves:blockdesc-canhold-title",
          "text": "foodshelves:blockdesc-barrelrack-text"
        }
      ]
    },
    "inventoryClassName": "barrelrack",
    "capacityLitres": 50
  },
  "behaviors": [
    { "name": "UnstableFalling" },
    { "name": "HorizontalOrientable" }
  ],
  "shapeByType": {
    "*-normal*": {
      "base": "block/wood/barrel/barrelrack",
      "rotateYByType": { "*-north": 0, "*-east": 270, "*-west": 90, "*-south": 180 }
    },
    "*-top*": {
      "base": "block/wood/barrel/barrelracktop",
      "rotateYByType": { "*-north": 0, "*-east": 270, "*-west": 90, "*-south": 180 }
    }
  },
  "textures": {
    "surface": { "base": "game:block/wood/shelf/surface" }
  },
  "heldTpIdleAnimationByType": {
    "barrelrack-normal-*": "holdbothhandslarge",
    "barrelrack-top-*": "holdunderarm"
  },
  "heldRightReadyAnimation": "heldblockready", 
  "heldTpUseAnimation": "twohandplaceblock",
  "blockmaterial": "Wood",
  "lightAbsorption": 1,
  "faceCullMode": "NeverCull",
  "emitSideAo": { "all": false },
  "sidesolidByType": {
    "barrelrack-normal-*": {
      "verticals": true,
      "horizontals": false
    },
    "barrelrack-top-*": { "all": false }
  },
  "sideopaque": { "all": false },
  "replaceable": 999,
  "resistance": 1.5,
  "tpHandTransformByType": {
    "barrelrack-normal*": {
      "translation": { "x": -1.23, "y": -0.91, "z": -0.8 },
	    "rotation": { "x": 88, "y": 25, "z": -78 },
	    "scale": 0.4
    },
    "barrelrack-top*": {
	    "translation": { "x": -1.2, "y": -0.6, "z": -0.5 },
	    "rotation": { "x": 93, "y": -15, "z": 0 },
	    "scale": 0.45
    }
  },
  "sounds": {
    "place": "game:block/planks",
    "hit": "game:block/planks",
    "break": "game:block/planks"
  },
  "materialDensity": 400,
  "collisionSelectionBoxes": [ 
    { "x1": 0, "y1": 0, "z1": 0, "x2": 1, "y2": 1, "z2": 1 }
  ]
}
