[
	{
	"code": "magnesiumhydroxide",
	"perishableProps": {
		"type": "None",
		"freshHours": { "avg": 72 },
		"transitionHours": { "avg": 72 },
		"transitionRatio": 1,
		"transitionedStack": { "type": "item", "code": "em:powdered-ore-magnesiumhydroxide" }
	},
	"shape": { "base": "block/food/meal/liquid" },
	"ingredients": [
		{
		"code": "seawater",
		"validStacks": [ { "type": "item", "code": "game:saltwaterportion", "shapeElement": "bowl/water" } ],
		"minQuantity": 1,
		"maxQuantity": 1,
		"portionSizeLitres": 1
		},
		{
		"code": "limewater",
		"validStacks": [ { "type": "item", "code": "game:limewaterportion", "shapeElement": "bowl/water" } ],
		"minQuantity": 1,
		"maxQuantity": 1,
		"portionSizeLitres": 1
		}
	],
	"cooksInto": { "type": "Item", "code": "em:powdered-ore-magnesiumhydroxide", "quantity": 1 }
	}
]
