[
	{
	"code": "glueportion-pitch-hot",
	"perishableProps": {
		"type": "Harden",
		"freshHours": { "avg": 4 },
		"transitionHours": { "avg": 0.01 },
		"transitionRatio": 1,
		"transitionedStack": { "type": "item", "code": "game:glueportion-pitch-cold" }
	},
	"shape": { "base": "game:block/food/meal/liquid" },
	"ingredients": [
		{
			"code": "game:resin",
			"validStacks": [  { "type": "item", "code": "game:resin" } ],
			"minQuantity": 2,
			"maxQuantity": 2
		},
		{
			"code": "em:powdered-ore-coal",
			"validStacks": [ { "type": "item", "code": "em:powdered-ore-coal", "quantity": 2 } ],
			"minQuantity": 2,
			"maxQuantity": 2
		}
	],
	"cooksInto": { "type": "item", "code": "game:glueportion-pitch-hot", "quantity": 1 }
	}
]
