{
	"code": "copperpot",
	"behaviors": [
		{
			"name": "GroundStorable",
			"properties": {
				"layout": "Quadrants",
				"collisionBox": {
					"x1": 0,
					"y1": 0,
					"z1": 0,
					"x2": 1,
					"y2": 0.4375,
					"z2": 1
				}
			}
		},
		{
			"name": "Unplaceable",
			"__comment": "The ground storable obsoletes this being a block. Should be an item, but is kept a block for backwards compatibility"
		}
	],
	"heldTpIdleAnimation": "holdbothhandslarge",
	"heldTpUseAnimation": "twohandplaceblock",

	"attributes": {
		"tempGlowMode": 1,
		"shelvable": true,
		"attachableToEntity": {
			"categoryCodeByType": {
				"copperpot-empty": "utilities",
				"copperpot-cooked": "utilities"
			},
			"attachedShapeBySlotCode": {
				"frontrightside": { "base": "artofcooking:item/wearable/hooved/metalpotr-elk" },
				"frontleftside": { "base": "artofcooking:item/wearable/hooved/metalpotl-elk" }
			},
			"attachmentArea": {
				"x1": 4,
				"y1": 0,
				"z1": 4,
				"x2": 11,
				"y2": 0,
				"z2": 11
			}
		}
	},
	"variantgroups": [
		{
			"code": "type",
			"states": [ "empty", "cooked" ]
		}
	],
	"shape": { "base": "artofcooking:block/metal/metalpot-opened-empty" },
	"doNotRenderAtLod2": true,
	"blockmaterial": "Metal",
	"creativeinventory": {
		"general": [ "" ],
		"decorative": [ "" ],
		"artofcooking": [ "" ]
	},
	"replaceable": 400,
	"resistance": 1.5,
	"maxStackSizeByType": {
		"*-cooked": 1,
		"*": 8
	},
	"lightAbsorption": 0,
	"texturesByType": {
		"*": {
			"transparent": { "base": "game:block/transparent" },
			"ceramic": { "base": "game:block/metal/sheet-plain/copper4" },
			"lid": { "base": "game:block/metal/lantern/copper" },
			"copper": { "base": "game:block/metal/lantern/copper" },
			"copper4": { "base": "game:block/metal/sheet-plain/copper4" }
		}
	},
	"sounds": {
		"walk": "game:walk/stone"
	},
	"sideopaque": {
		"all": false
	},
	"sidesolid": {
		"all": false
	},
	"collisionbox": {
		"x1": 0.28,
		"y1": 0,
		"z1": 0.28,
		"x2": 0.72,
		"y2": 0.35,
		"z2": 0.72
	},
	"selectionbox": {
		"x1": 0.28,
		"y1": 0,
		"z1": 0.28,
		"x2": 0.72,
		"y2": 0.35,
		"z2": 0.72
	},
	"guiTransform": {
		"origin": {
			"x": 0.5,
			"y": 0.2,
			"z": 0.5
		},
		"scale": 2
	},
	"groundTransform": {
		"scale": 3
	},
	"fpHandTransform": {
		"translation": {
			"x": 0,
			"y": 0.1,
			"z": 0.5
		},
		"scale": 2
	},
	"tpHandTransform": {
		"translation": {
			"x": -0.7,
			"y": 0.06,
			"z": -0.47
		},
		"rotation": {
			"x": -52,
			"y": 20,
			"z": -110
		},
		"origin": {
			"x": 0.5,
			"y": 0,
			"z": 0.5
		},
		"scale": 0.76
	}
}