{
	"code": "metalbowl",
	"classByType": {
		"*-empty": "BlockLiquidContainerTopOpened"
	},
	"behaviors": [
		{
			"name": "GroundStorable",
			"properties": {
				"layout": "Quadrants",
				"collisionBox": {
					"x1": 0,
					"y1": 0,
					"z1": 0,
					"x2": 1,
					"y2": 0.125,
					"z2": 1
				}
			}
		},
		{
			"name": "Unplaceable",
			"__comment": "The ground storable obsoletes this being a block. Should be an item, but is kept a block for backwards compatibility"
		},
		{ "name": "RightClickPickup" }
	],
	"variantgroups": [
		{
			"code": "metal",
			"states": [ "tinbronze", "bismuthbronze", "blackbronze" ]
		},
		{
			"code": "type",
			"states": [ "empty" ]
		}
	],
	"attributesByType": {
		"*": {
			"shelvable": true,
			"handbook": {
				"extraSectionsByType": {
					"*": [
						{
							"title": "artofcooking:block-handbooktitle-metalbowl",
							"text": "artofcooking:block-handbooktext-metalbowl"
						}
					]
				}
			},
			"liquidContainerProps": {
				"capacityLitres": 2,
				"transferSizeLitres": 0.1,
				"emptyShapeLoc": "artofcooking:shapes/block/metal/metalbowl-empty-ground",
				"opaqueContentShapeLoc": "artofcooking:shapes/block/metal/metalbowl-contents",
				"liquidContentShapeLoc": "artofcooking:shapes/block/metal/metalbowl-liquidcontents",
				"liquidMaxYTranslate": 0.075
			},
			"mealContainer": true,
			"mealBlockCode": "artofcooking:metalbowl-{metal}-meal",
			"servingCapacity": 2,
			"bowlContents": null
		}
	},
	"shape": {
		"base": "artofcooking:block/metal/metalbowl-empty-ground"
	},
	"heldTpIdleAnimation": "holdbothhands",
	"doNotRenderAtLod2": true,
	"blockmaterial": "Metal",
	"creativeinventoryStacksByType": {
		"*-empty": [
			{
				"tabs": [ "general", "decorative", "artofcooking" ],
				"stacks": [
					{
						"type": "block",
						"code": "artofcooking:metalbowl-{metal}-empty",
						"attributes": {
							"ucontents": [
								{
									"type": "item",
									"code": "game:waterportion",
									"makefull": true
								}
							]
						}
					},
					{
						"type": "block",
						"code": "artofcooking:metalbowl-{metal}-empty",
						"attributes": {
							"ucontents": [
								{
									"type": "item",
									"code": "game:honeyportion",
									"makefull": true
								}
							]
						}
					},
					{
						"type": "block",
						"code": "artofcooking:metalbowl-{metal}-empty"
					}
				]
			}
		]
	},
	"replaceable": 300,
	"liquidSelectable": 1,
	"resistance": 0.75,
	"maxStackSize": 8,
	"lightAbsorption": 0,
	"textures": {
		"mat": { "base": "game:block/metal/sheet-plain/{metal}4" },
		"floor": { "base": "game:block/metal/sheet-plain/{metal}4" }
	},
	"texturesByType": {
		"*-honey": {
			"content": { "base": "game:block/liquid/honey" }
		},
		"*-milk": {
			"content": { "base": "game:block/food/dairy/milk" }
		}
	},
	"sounds": {
		"walk": "game:walk/stone"
	},
	"sideopaque": {
		"all": false
	},
	"sidesolid": {
		"all": false
	},
	"collisionbox": {
		"x1": 0.3125,
		"y1": 0,
		"z1": 0.3125,
		"x2": 0.6875,
		"y2": 0.125,
		"z2": 0.6875
	},
	"selectionbox": {
		"x1": 0.3125,
		"y1": 0,
		"z1": 0.3125,
		"x2": 0.6875,
		"y2": 0.125,
		"z2": 0.6875
	},
	"guiTransform": {
		"translation": {
			"x": 0,
			"y": 3,
			"z": 0
		},
		"origin": {
			"x": 0.5,
			"y": 0.0625,
			"z": 0.5
		},
		"scale": 3
	},
	"groundTransform": {
		"scale": 3.5
	},
	"fpHandTransform": {
		"translation": {
			"x": 0,
			"y": 0.4,
			"z": 0
		},
		"rotation": {
			"x": 0,
			"y": -14,
			"z": 0
		},
		"scale": 2
	},
	"tpHandTransform": {
		"translation": {
			"x": -0.96,
			"y": -0.11,
			"z": -0.62
		},
		"rotation": {
			"x": -50,
			"y": 15,
			"z": -103
		},
		"origin": {
			"x": 0.5,
			"y": 0.1,
			"z": 0.5
		},
		"scale": 0.66
	}
}