{
	"editor": {
		"allAngles": false,
		"entityTextureMode": false
	},
	"textureWidth": 16,
	"textureHeight": 16,
	"textureSizes": {
	},
	"textures": {
		"0": "game:block/plant/pumpkin/fruit/stage1-3"
	},
	"elements": [
		{
			"name": "Cube1",
			"from": [ 7.0, 0.0, 7.0 ],
			"to": [ 9.0, 2.0, 9.0 ],
			"rotationOrigin": [ 8.0, 0.0, 8.0 ],
			"faces": {
				"north": { "texture": "#0", "uv": [ 2.0, 6.0, 4.0, 8.0 ] },
				"east": { "texture": "#0", "uv": [ 2.0, 6.0, 4.0, 8.0 ], "rotation": 180 },
				"south": { "texture": "#0", "uv": [ 2.0, 6.0, 4.0, 8.0 ] },
				"west": { "texture": "#0", "uv": [ 2.0, 6.0, 4.0, 8.0 ], "rotation": 180 },
				"up": { "texture": "#0", "uv": [ 2.0, 12.0, 4.0, 14.0 ] },
				"down": { "texture": "#0", "uv": [ 2.0, 12.0, 4.0, 14.0 ] }
			}
		}
	]}