[
  {
    "file": "foodshelves:blocktypes/baskets/*",
    "op": "replace",
    "path": "/variantgroups/0/states",
    "value": [ "normal", "aged", "birch", "oak", "maple", "pine", "acacia", "kapok", "baldcypress", "larch", "redwood", "ebony", "walnut", "purpleheart" ],
		"condition": { "when": "FoodShelves.EnableVariants", "isValue": "true" }
  },
  {
    "file": "foodshelves:blocktypes/baskets/fruitbasket.json",
    "op": "add",
    "path": "/texturesByType",
    "value": {
      "*-normal": {
        "sides": { "base": "game:block/wood/table/normal/sides" },
        "top": { "base": "foodshelves:block/wood/fruitbasket/top" }
      }
    },
		"condition": { "when": "FoodShelves.EnableVariants", "isValue": "true" }
  },
  {
    "file": "foodshelves:blocktypes/baskets/fruitbasket.json",
    "op": "replace",
    "path": "/textures",
    "value": {
      "sides": { "base": "game:block/wood/debarked/{type}" },
      "top": { "base": "game:block/wood/debarked/{type}", "blendedOverlays": [{ "base": "foodshelves:variants/baskets/fruittop" }] }
    },
		"condition": { "when": "FoodShelves.EnableVariants", "isValue": "true" }
  },
  {
    "file": "foodshelves:blocktypes/baskets/vegetablebasket.json",
    "op": "add",
    "path": "/texturesByType",
    "value": {
      "*-normal": {
        "sides": { "base": "game:block/wood/table/normal/sides" },
        "top": { "base": "foodshelves:block/wood/vegetablebasket/top" }
      }
    },
		"condition": { "when": "FoodShelves.EnableVariants", "isValue": "true" }
  },
  {
    "file": "foodshelves:blocktypes/baskets/vegetablebasket.json",
    "op": "replace",
    "path": "/textures",
    "value": {
      "sides": { "base": "game:block/wood/debarked/{type}" },
      "top": { "base": "game:block/wood/debarked/{type}", "blendedOverlays": [{ "base": "foodshelves:variants/baskets/vegetabletop" }] }
    },
		"condition": { "when": "FoodShelves.EnableVariants", "isValue": "true" }
  },
  {
    "file": "foodshelves:blocktypes/baskets/eggbasket.json",
    "op": "add",
    "path": "/texturesByType",
    "value": {
      "*-normal": {
        "sides": { "base": "game:block/wood/table/normal/sides" },
        "top": { "base": "game:block/wood/table/normal/top" }
      }
    },
		"condition": { "when": "FoodShelves.EnableVariants", "isValue": "true" }
  },
  {
    "file": "foodshelves:blocktypes/baskets/eggbasket.json",
    "op": "replace",
    "path": "/textures",
    "value": {
      "sides": { "base": "game:block/wood/debarked/{type}" },
      "top": { "base": "game:block/wood/debarked/{type}", "blendedOverlays": [{ "base": "foodshelves:variants/shelves/surface" }] }
    },
		"condition": { "when": "FoodShelves.EnableVariants", "isValue": "true" }
  }
]