[
  {
    "file": "foodshelves:blocktypes/shelves/*",
    "op": "replace",
    "path": "/variantgroups/0/states",
    "value": [ "normal", "aged", "birch", "oak", "maple", "pine", "acacia", "kapok", "baldcypress", "larch", "redwood", "ebony", "walnut", "purpleheart", "short", "shortaged", "shortbirch", "shortoak", "shortmaple", "shortpine", "shortacacia", "shortkapok", "shortbaldcypress", "shortlarch", "shortredwood", "shortebony", "shortwalnut", "shortpurpleheart" ],
    "condition": { "when": "FoodShelves.EnableVariants", "isValue": "true" }
  },
  {
    "file": "foodshelves:blocktypes/shelves/seedshelf.json",
    "op": "addmerge",
    "path": "/variantgroups/0/states",
    "value": [ "veryshort", "veryshortaged", "veryshortbirch", "veryshortoak", "veryshortmaple", "veryshortpine", "veryshortacacia", "veryshortkapok", "veryshortbaldcypress", "veryshortlarch", "veryshortredwood", "veryshortebony", "veryshortwalnut", "veryshortpurpleheart" ],
    "condition": { "when": "FoodShelves.EnableVariants", "isValue": "true" }
  },
  {
    "file": "foodshelves:blocktypes/shelves/pieshelf.json",
    "op": "replace",
    "path": "/variantgroups/0/states",
    "value": [ "normal", "aged", "birch", "oak", "maple", "pine", "acacia", "kapok", "baldcypress", "larch", "redwood", "ebony", "walnut", "purpleheart" ],
    "condition": { "when": "FoodShelves.EnableVariants", "isValue": "true" }
  },
  {
    "file": "foodshelves:blocktypes/shelves/*",
    "op": "add",
    "path": "/texturesByType",
    "value": {
      "*-normal-*": {
        "wood": { "base": "game:block/wood/shelf/wood" },
        "surface": { "base": "game:block/wood/shelf/surface" }
      },
      "*-short-*": {
        "wood": { "base": "game:block/wood/shelf/wood" },
        "surface": { "base": "game:block/wood/shelf/surface" }
      },
      "*aged-*": {
        "surface": { "base": "game:block/wood/debarked/aged", "blendedOverlays": [{ "base": "foodshelves:variants/shelves/surface" }] },
        "wood": { "base": "game:block/wood/debarked/aged", "blendedOverlays": [{ "base": "foodshelves:variants/shelves/wood" }] }
      },
      "*birch-*": {
        "surface": { "base": "game:block/wood/debarked/birch", "blendedOverlays": [{ "base": "foodshelves:variants/shelves/surface" }] },
        "wood": { "base": "game:block/wood/debarked/birch", "blendedOverlays": [{ "base": "foodshelves:variants/shelves/wood" }] }
      },
      "*oak-*": {
        "surface": { "base": "game:block/wood/debarked/oak", "blendedOverlays": [{ "base": "foodshelves:variants/shelves/surface" }] },
        "wood": { "base": "game:block/wood/debarked/oak", "blendedOverlays": [{ "base": "foodshelves:variants/shelves/wood" }] }
      },
      "*maple-*": {
        "surface": { "base": "game:block/wood/debarked/maple", "blendedOverlays": [{ "base": "foodshelves:variants/shelves/surface" }] },
        "wood": { "base": "game:block/wood/debarked/maple", "blendedOverlays": [{ "base": "foodshelves:variants/shelves/wood" }] }
      },
      "*pine-*": {
        "surface": { "base": "game:block/wood/debarked/pine", "blendedOverlays": [{ "base": "foodshelves:variants/shelves/surface" }] },
        "wood": { "base": "game:block/wood/debarked/pine", "blendedOverlays": [{ "base": "foodshelves:variants/shelves/wood" }] }
      },
      "*acacia-*": {
        "surface": { "base": "game:block/wood/debarked/acacia", "blendedOverlays": [{ "base": "foodshelves:variants/shelves/surface" }] },
        "wood": { "base": "game:block/wood/debarked/acacia", "blendedOverlays": [{ "base": "foodshelves:variants/shelves/wood" }] }
      },
      "*kapok-*": {
        "surface": { "base": "game:block/wood/debarked/kapok", "blendedOverlays": [{ "base": "foodshelves:variants/shelves/surface" }] },
        "wood": { "base": "game:block/wood/debarked/kapok", "blendedOverlays": [{ "base": "foodshelves:variants/shelves/wood" }] }
      },
      "*baldcypress-*": {
        "surface": { "base": "game:block/wood/debarked/baldcypress", "blendedOverlays": [{ "base": "foodshelves:variants/shelves/surface" }] },
        "wood": { "base": "game:block/wood/debarked/baldcypress", "blendedOverlays": [{ "base": "foodshelves:variants/shelves/wood" }] }
      },
      "*larch-*": {
        "surface": { "base": "game:block/wood/debarked/larch", "blendedOverlays": [{ "base": "foodshelves:variants/shelves/surface" }] },
        "wood": { "base": "game:block/wood/debarked/larch", "blendedOverlays": [{ "base": "foodshelves:variants/shelves/wood" }] }
      },
      "*redwood-*": {
        "surface": { "base": "game:block/wood/debarked/redwood", "blendedOverlays": [{ "base": "foodshelves:variants/shelves/surface" }] },
        "wood": { "base": "game:block/wood/debarked/redwood", "blendedOverlays": [{ "base": "foodshelves:variants/shelves/wood" }] }
      },
      "*ebony-*": {
        "surface": { "base": "game:block/wood/debarked/ebony", "blendedOverlays": [{ "base": "foodshelves:variants/shelves/surface" }] },
        "wood": { "base": "game:block/wood/debarked/ebony", "blendedOverlays": [{ "base": "foodshelves:variants/shelves/wood" }] }
      },
      "*walnut-*": {
        "surface": { "base": "game:block/wood/debarked/walnut", "blendedOverlays": [{ "base": "foodshelves:variants/shelves/surface" }] },
        "wood": { "base": "game:block/wood/debarked/walnut", "blendedOverlays": [{ "base": "foodshelves:variants/shelves/wood" }] }
      },
      "*purpleheart-*": {
        "surface": { "base": "game:block/wood/debarked/purpleheart", "blendedOverlays": [{ "base": "foodshelves:variants/shelves/surface" }] },
        "wood": { "base": "game:block/wood/debarked/purpleheart", "blendedOverlays": [{ "base": "foodshelves:variants/shelves/wood" }] }
      }
    },
    "condition": { "when": "FoodShelves.EnableVariants", "isValue": "true" }
  },
  {
    "file": "foodshelves:blocktypes/shelves/seedshelf.json",
    "op": "addmerge",
    "path": "/texturesByType",
    "value": {
      "*-veryshort-*": {
        "wood": { "base": "game:block/wood/shelf/wood" },
        "surface": { "base": "game:block/wood/shelf/surface" }
      }
    },
    "condition": { "when": "FoodShelves.EnableVariants", "isValue": "true" }
  },
  {
    "file": "foodshelves:blocktypes/shelves/*",
    "op": "replace",
    "path": "/textures",
    "value": {
      "surface": { "base": "game:block/wood/debarked/{type}", "blendedOverlays": [{ "base": "foodshelves:variants/shelves/surface" }] },
      "wood": { "base": "game:block/wood/debarked/{type}", "blendedOverlays": [{ "base": "foodshelves:variants/shelves/wood" }] }
    },
    "condition": { "when": "FoodShelves.EnableVariants", "isValue": "true" }
  }
]