[

    {	"op": "add", "path": "/variantgroups/0/states/-", "value": "bogiron", "file": "game:itemtypes/resource/stone.json" },
    {	"op": "add", "path": "/variantgroups/0/states/-", "value": "bogiron", "file": "game:entities/thrownstone.json" },
    {	"op": "add", "path": "/combustiblePropsByType/*-bogiron", "value": {
        meltingPoint: 1482,
        meltingDuration: 30,
        smeltedRatio: 8,
        smeltedStack: { type: "item", "code": "ironbloom" }
    }, "file": "game:itemtypes/resource/stone.json" }
]