{"editor":{},"textureWidth":16,"textureHeight":16,"textureSizes":{},"textures":{"other":"game:block/clay/ceramic"},"elements":[{"name":"Cube1","from":[4.0,0.0,4.0],"to":[12.0,2.0,12.0],"rotationOrigin":[0.0,0.0,0.0],"faces":{"north":{"texture":"#all","uv":[0.0,0.0,8.0,2.0]},"south":{"texture":"#all","uv":[0.0,0.0,8.0,2.0]},"east":{"texture":"#all","uv":[0.0,0.0,8.0,2.0]},"west":{"texture":"#all","uv":[0.0,0.0,8.0,2.0]},"up":{"texture":"#all","uv":[0.0,0.0,8.0,8.0]},"down":{"texture":"#all","uv":[0.0,0.0,8.0,8.0]}}},{"name":"Cube2","from":[10.0,2.0,7.0],"to":[12.0,13.0,9.0],"rotationOrigin":[0.0,0.0,0.0],"faces":{"north":{"texture":"#all","uv":[6.0,2.0,8.0,13.0]},"south":{"texture":"#all","uv":[6.0,2.0,8.0,13.0]},"east":{"texture":"#all","uv":[3.0,2.0,5.0,13.0]},"west":{"texture":"#all","uv":[3.0,2.0,5.0,13.0]},"up":{"texture":"#all","uv":[6.0,3.0,8.0,5.0]},"down":{"texture":"#all","uv":[6.0,3.0,8.0,5.0]}}},{"name":"Cube3","from":[10.0,12.0,4.0],"to":[12.0,13.0,7.0],"rotationOrigin":[0.0,0.0,0.0],"faces":{"north":{"texture":"#all","uv":[6.0,12.0,8.0,13.0]},"south":{"texture":"#all","uv":[6.0,12.0,8.0,13.0]},"east":{"texture":"#all","uv":[0.0,12.0,3.0,13.0]},"west":{"texture":"#all","uv":[0.0,12.0,3.0,13.0]},"up":{"texture":"#all","uv":[6.0,0.0,8.0,3.0]},"down":{"texture":"#all","uv":[6.0,0.0,8.0,3.0]}}},{"name":"Cube4","from":[10.0,12.0,9.0],"to":[12.0,13.0,12.0],"rotationOrigin":[0.0,0.0,0.0],"faces":{"north":{"texture":"#all","uv":[6.0,12.0,8.0,13.0]},"south":{"texture":"#all","uv":[6.0,12.0,8.0,13.0]},"east":{"texture":"#all","uv":[5.0,12.0,8.0,13.0]},"west":{"texture":"#all","uv":[5.0,12.0,8.0,13.0]},"up":{"texture":"#all","uv":[6.0,5.0,8.0,8.0]},"down":{"texture":"#all","uv":[6.0,5.0,8.0,8.0]}}},{"name":"Cube5","from":[10.0,13.0,4.0],"to":[12.0,15.0,5.0],"rotationOrigin":[0.0,0.0,0.0],"faces":{"north":{"texture":"#all","uv":[6.0,13.0,8.0,15.0]},"south":{"texture":"#all","uv":[6.0,13.0,8.0,15.0]},"east":{"texture":"#all","uv":[0.0,13.0,1.0,15.0]},"west":{"texture":"#all","uv":[0.0,13.0,1.0,15.0]},"up":{"texture":"#all","uv":[6.0,0.0,8.0,1.0]},"down":{"texture":"#all","uv":[6.0,0.0,8.0,1.0]}}},{"name":"Cube6","from":[10.0,13.0,11.0],"to":[12.0,15.0,12.0],"rotationOrigin":[0.0,0.0,0.0],"faces":{"north":{"texture":"#all","uv":[6.0,13.0,8.0,15.0]},"south":{"texture":"#all","uv":[6.0,13.0,8.0,15.0]},"east":{"texture":"#all","uv":[7.0,13.0,8.0,15.0]},"west":{"texture":"#all","uv":[7.0,13.0,8.0,15.0]},"up":{"texture":"#all","uv":[6.0,7.0,8.0,8.0]},"down":{"texture":"#all","uv":[6.0,7.0,8.0,8.0]}}},{"name":"Cube7","from":[10.0,14.0,5.0],"to":[12.0,15.0,11.0],"rotationOrigin":[0.0,0.0,0.0],"faces":{"north":{"texture":"#all","uv":[6.0,14.0,8.0,15.0]},"south":{"texture":"#all","uv":[6.0,14.0,8.0,15.0]},"east":{"texture":"#all","uv":[1.0,14.0,7.0,15.0]},"west":{"texture":"#all","uv":[1.0,14.0,7.0,15.0]},"up":{"texture":"#all","uv":[6.0,1.0,8.0,7.0]},"down":{"texture":"#all","uv":[6.0,1.0,8.0,7.0]}}}]}