{
	"editor": {
		"allAngles": false,
		"entityTextureMode": false
	},
	"textureWidth": 16,
	"textureHeight": 16,
	"textureSizes": {
	},
	"textures": {
	},
	"elements": [
		{
			"name": "onion 2",
			"from": [ 7.25, 1.0, 7.25 ], 
			"to": [ 8.75, 2.0, 8.75 ], 
			"rotationOrigin": [ 8.8, 1.0, 9.0 ],
			"faces": {
				"north": { "texture": "#bulb", "uv": [ 5.5, 12.5, 7.0, 13.5 ] },
				"east": { "texture": "#bulb", "uv": [ 12.0, 12.5, 13.5, 13.5 ] },
				"south": { "texture": "#bulb", "uv": [ 7.0, 12.5, 8.5, 13.5 ] },
				"west": { "texture": "#bulb", "uv": [ 11.0, 13.0, 12.5, 14.0 ] },
				"up": { "texture": "#bulb", "uv": [ 11.5, 4.0, 13.0, 5.5 ] },
				"down": { "texture": "#bulb", "uv": [ 5.0, 8.0, 6.5, 9.5 ] }
			},
			"children": [
				{
					"name": "onion 2 top",
					"from": [ 0.25, 1.0, 0.25 ], 
					"to": [ 1.25, 1.5, 1.25 ], 
					"rotationOrigin": [ -0.5, -1.0, -0.5 ],
					"faces": {
						"north": { "texture": "#bulb", "uv": [ 7.0, 4.0, 8.0, 4.5 ] },
						"east": { "texture": "#bulb", "uv": [ 7.0, 4.5, 8.0, 5.0 ] },
						"south": { "texture": "#bulb", "uv": [ 11.0, 4.5, 12.0, 5.0 ] },
						"west": { "texture": "#bulb", "uv": [ 0.5, 4.0, 1.5, 4.5 ] },
						"up": { "texture": "#bulb", "uv": [ 11.5, 4.5, 12.5, 5.5 ] },
						"down": { "texture": "#bulb", "uv": [ 9.0, 7.0, 10.0, 8.0 ], "enabled": false }
					}
				},
				{
					"name": "onion bottom",
					"from": [ 0.25, -0.5, 0.25 ], 
					"to": [ 1.25, 0.0, 1.25 ], 
					"rotationOrigin": [ -0.5, 0.0, -0.5 ],
					"faces": {
						"north": { "texture": "#bulb", "uv": [ 12.5, 6.5, 13.5, 7.0 ] },
						"east": { "texture": "#bulb", "uv": [ 0.5, 6.0, 1.5, 6.5 ] },
						"south": { "texture": "#bulb", "uv": [ 9.5, 6.0, 10.5, 6.5 ] },
						"west": { "texture": "#bulb", "uv": [ 3.0, 6.5, 4.0, 7.0 ] },
						"up": { "texture": "#bulb", "uv": [ 3.0, 8.0, 4.0, 9.0 ], "enabled": false },
						"down": { "texture": "#bulb", "uv": [ 10.0, 5.5, 11.0, 6.5 ] }
					}
				},
				{
					"name": "s 2",
					"from": [ -5.3, 0.5, 0.5 ], 
					"to": [ 7.7, 13.5, 0.5 ], 
					"shade": false,
					"rotationOrigin": [ 0.7, 1.0, 1.0 ],
					"faces": {
						"north": { "texture": "#null", "uv": [ 0.0, 0.0, 13.0, 13.0 ], "enabled": false },
						"east": { "texture": "#null", "uv": [ 0.0, 0.0, 0.5, 13.0 ], "enabled": false },
						"south": { "texture": "#s5", "uv": [ 2.0, 3.0, 15.0, 16.0 ] },
						"west": { "texture": "#null", "uv": [ 0.0, 0.0, 0.5, 13.0 ], "enabled": false },
						"up": { "texture": "#null", "uv": [ 0.0, 0.0, 13.0, 0.5 ], "enabled": false },
						"down": { "texture": "#null", "uv": [ 0.0, 0.0, 13.0, 0.5 ], "enabled": false }
					}
				},
				{
					"name": "e 2",
					"from": [ 0.7, 0.5, -6.3 ], 
					"to": [ 0.7, 13.5, 6.7 ], 
					"shade": false,
					"rotationOrigin": [ 1.2, 1.0, 0.7 ],
					"faces": {
						"north": { "texture": "#null", "uv": [ 0.0, 0.0, 0.5, 13.0 ], "enabled": false },
						"east": { "texture": "#e5", "uv": [ 2.0, 3.0, 15.0, 16.0 ] },
						"south": { "texture": "#null", "uv": [ 0.0, 0.0, 0.5, 13.0 ], "enabled": false },
						"west": { "texture": "#null", "uv": [ 0.0, 0.0, 13.0, 13.0 ], "enabled": false },
						"up": { "texture": "#null", "uv": [ 0.0, 0.0, 0.5, 13.0 ], "enabled": false },
						"down": { "texture": "#null", "uv": [ 0.0, 0.0, 0.5, 13.0 ], "enabled": false }
					}
				}
			]
		}
	]}