{
	"editor": {
		"collapsedPaths": "Root/origin/contents,Root/origin2",
		"allAngles": true,
		"entityTextureMode": false
	},
	"textureWidth": 8,
	"textureHeight": 8,
	"textureSizes": {
	},
	"textures": {
		"soybean": "game:item/food/legume/soybean"
	},
	"elements": [
		{
			"name": "origin",
			"from": [ 8.0, 0.0, 8.0 ],
			"to": [ 8.0, 0.0, 8.0 ],
			"rotationOrigin": [ 8.0, 0.0, 8.0 ],
			"faces": {
			},
			"children": [
				{
					"name": "pod1A",
					"from": [ -3.0, 0.0, -5.0 ],
					"to": [ -1.6, 0.5, -2.0 ],
					"rotationOrigin": [ -2.0, 0.0, -2.0 ],
					"rotationY": -58.0,
					"faces": {
						"north": { "texture": "#soybean", "uv": [ 2.5, 0.5, 3.5, 1.0 ] },
						"east": { "texture": "#soybean", "uv": [ 1.0, 0.0, 4.0, 0.5 ] },
						"south": { "texture": "#soybean", "uv": [ 3.5, 2.0, 4.5, 2.5 ] },
						"west": { "texture": "#soybean", "uv": [ 1.0, 6.5, 4.0, 7.0 ] },
						"up": { "texture": "#soybean", "uv": [ 4.5, 1.5, 5.5, 4.5 ], "windMode": [-1,-1,-1,-1] },
						"down": { "texture": "#soybean", "uv": [ 4.5, 0.5, 5.5, 3.5 ] }
					},
					"children": [
						{
							"name": "bean1",
							"from": [ 0.4, -0.1, 0.5 ],
							"to": [ 1.0, 0.6, 1.1 ],
							"rotationOrigin": [ 0.4, -0.1, 0.5 ],
							"faces": {
								"north": { "texture": "#soybean", "uv": [ 6.5, 1.5, 7.0, 2.0 ] },
								"east": { "texture": "#soybean", "uv": [ 6.5, 2.5, 7.0, 3.0 ] },
								"south": { "texture": "#soybean", "uv": [ 7.0, 0.5, 7.5, 1.0 ] },
								"west": { "texture": "#soybean", "uv": [ 6.0, 1.5, 6.5, 2.0 ] },
								"up": { "texture": "#soybean", "uv": [ 6.5, 2.0, 7.0, 2.5 ] },
								"down": { "texture": "#soybean", "uv": [ 7.0, 0.0, 7.5, 0.5 ] }
							}
						},
						{
							"name": "bean2",
							"from": [ 0.4, -0.1, 1.8 ],
							"to": [ 1.0, 0.6, 2.4 ],
							"rotationOrigin": [ 0.4, -0.1, 1.8 ],
							"faces": {
								"north": { "texture": "#soybean", "uv": [ 6.0, 2.5, 6.5, 3.0 ] },
								"east": { "texture": "#soybean", "uv": [ 7.0, 2.0, 7.5, 2.5 ] },
								"south": { "texture": "#soybean", "uv": [ 6.5, 3.0, 7.0, 3.5 ] },
								"west": { "texture": "#soybean", "uv": [ 6.5, 3.0, 7.0, 3.5 ] },
								"up": { "texture": "#soybean", "uv": [ 6.0, 0.0, 6.5, 0.5 ] },
								"down": { "texture": "#soybean", "uv": [ 7.0, 0.0, 7.5, 0.5 ] }
							}
						},
						{
							"name": "pod2A",
							"from": [ 0.0, 0.0, 3.0 ],
							"to": [ 1.4, 0.5, 6.0 ],
							"rotationOrigin": [ 0.0, 0.0, 3.0 ],
							"rotationY": 18.0,
							"rotationZ": 1.0,
							"faces": {
								"north": { "texture": "#soybean", "uv": [ 2.5, 0.5, 3.5, 1.0 ] },
								"east": { "texture": "#soybean", "uv": [ 1.0, 0.0, 4.0, 0.5 ] },
								"south": { "texture": "#soybean", "uv": [ 3.5, 2.0, 4.5, 2.5 ] },
								"west": { "texture": "#soybean", "uv": [ 1.0, 6.5, 4.0, 7.0 ] },
								"up": { "texture": "#soybean", "uv": [ 4.5, 1.5, 5.5, 4.5 ] },
								"down": { "texture": "#soybean", "uv": [ 4.5, 0.5, 5.5, 3.5 ] }
							},
							"children": [
								{
									"name": "bean3",
									"from": [ 0.4, -0.1, 0.5 ],
									"to": [ 1.0, 0.6, 1.1 ],
									"rotationOrigin": [ 0.4, -0.1, 0.5 ],
									"faces": {
										"north": { "texture": "#soybean", "uv": [ 6.5, 1.5, 7.0, 2.0 ] },
										"east": { "texture": "#soybean", "uv": [ 6.5, 2.5, 7.0, 3.0 ] },
										"south": { "texture": "#soybean", "uv": [ 7.0, 0.5, 7.5, 1.0 ] },
										"west": { "texture": "#soybean", "uv": [ 6.0, 1.5, 6.5, 2.0 ] },
										"up": { "texture": "#soybean", "uv": [ 6.5, 2.0, 7.0, 2.5 ] },
										"down": { "texture": "#soybean", "uv": [ 7.0, 0.0, 7.5, 0.5 ] }
									}
								},
								{
									"name": "bean4",
									"from": [ 0.4, -0.1, 1.8 ],
									"to": [ 1.0, 0.6, 2.4 ],
									"rotationOrigin": [ 0.4, -0.1, 1.8 ],
									"faces": {
										"north": { "texture": "#soybean", "uv": [ 6.0, 2.5, 6.5, 3.0 ] },
										"east": { "texture": "#soybean", "uv": [ 7.0, 2.0, 7.5, 2.5 ] },
										"south": { "texture": "#soybean", "uv": [ 6.5, 3.0, 7.0, 3.5 ] },
										"west": { "texture": "#soybean", "uv": [ 6.5, 3.0, 7.0, 3.5 ] },
										"up": { "texture": "#soybean", "uv": [ 6.0, 0.0, 6.5, 0.5 ] },
										"down": { "texture": "#soybean", "uv": [ 7.0, 0.0, 7.5, 0.5 ] }
									}
								},
								{
									"name": "Tip",
									"from": [ 0.2, 0.01, 2.5 ],
									"to": [ 1.18, 0.49, 3.48 ],
									"rotationOrigin": [ 0.69, 0.0, 2.99 ],
									"rotationY": 45.0,
									"faces": {
										"north": { "texture": "#soybean", "uv": [ 3.0, 4.0, 3.5, 4.5 ] },
										"east": { "texture": "#soybean", "uv": [ 3.5, 5.0, 4.0, 5.5 ] },
										"south": { "texture": "#soybean", "uv": [ 5.5, 5.5, 6.0, 6.0 ] },
										"west": { "texture": "#soybean", "uv": [ 6.5, 7.0, 7.0, 7.5 ] },
										"up": { "texture": "#soybean", "uv": [ 0.0, 4.0, 0.5, 4.5 ] },
										"down": { "texture": "#soybean", "uv": [ 4.5, 4.5, 5.0, 5.0 ] }
									}
								},
								{
									"name": "stem",
									"from": [ 0.5, 0.1, 3.5 ],
									"to": [ 0.8, 0.4, 5.0 ],
									"rotationOrigin": [ 0.5, 0.1, 3.5 ],
									"rotationY": 35.0,
									"rotationZ": 1.0,
									"faces": {
										"north": { "texture": "#soybean", "uv": [ 0.0, 0.0, 0.5, 0.5 ] },
										"east": { "texture": "#soybean", "uv": [ 0.0, 0.0, 1.5, 0.5 ] },
										"south": { "texture": "#soybean", "uv": [ 0.0, 0.0, 0.5, 0.5 ] },
										"west": { "texture": "#soybean", "uv": [ 0.0, 0.0, 1.5, 0.5 ] },
										"up": { "texture": "#soybean", "uv": [ 0.0, 0.0, 0.5, 1.5 ] },
										"down": { "texture": "#soybean", "uv": [ 0.0, 0.0, 0.5, 1.5 ] }
									}
								}
							]
						}
					]
				},
				{
					"name": "pod1A2",
					"from": [ 3.0, 0.0, -5.0 ],
					"to": [ 4.4, 0.5, -2.0 ],
					"rotationOrigin": [ 4.0, 0.0, -2.0 ],
					"rotationY": -163.0,
					"faces": {
						"north": { "texture": "#soybean", "uv": [ 2.5, 0.5, 3.5, 1.0 ] },
						"east": { "texture": "#soybean", "uv": [ 1.0, 0.0, 4.0, 0.5 ] },
						"south": { "texture": "#soybean", "uv": [ 3.5, 2.0, 4.5, 2.5 ] },
						"west": { "texture": "#soybean", "uv": [ 1.0, 6.5, 4.0, 7.0 ] },
						"up": { "texture": "#soybean", "uv": [ 4.5, 1.5, 5.5, 4.5 ] },
						"down": { "texture": "#soybean", "uv": [ 4.5, 0.5, 5.5, 3.5 ] }
					},
					"children": [
						{
							"name": "bean5",
							"from": [ 0.4, -0.1, 0.5 ],
							"to": [ 1.0, 0.6, 1.1 ],
							"rotationOrigin": [ 0.4, -0.1, 0.5 ],
							"faces": {
								"north": { "texture": "#soybean", "uv": [ 6.5, 1.5, 7.0, 2.0 ] },
								"east": { "texture": "#soybean", "uv": [ 6.5, 2.5, 7.0, 3.0 ] },
								"south": { "texture": "#soybean", "uv": [ 7.0, 0.5, 7.5, 1.0 ] },
								"west": { "texture": "#soybean", "uv": [ 6.0, 1.5, 6.5, 2.0 ] },
								"up": { "texture": "#soybean", "uv": [ 6.5, 2.0, 7.0, 2.5 ] },
								"down": { "texture": "#soybean", "uv": [ 7.0, 0.0, 7.5, 0.5 ] }
							}
						},
						{
							"name": "bean6",
							"from": [ 0.4, -0.1, 1.8 ],
							"to": [ 1.0, 0.6, 2.4 ],
							"rotationOrigin": [ 0.4, -0.1, 1.8 ],
							"faces": {
								"north": { "texture": "#soybean", "uv": [ 6.0, 2.5, 6.5, 3.0 ] },
								"east": { "texture": "#soybean", "uv": [ 7.0, 2.0, 7.5, 2.5 ] },
								"south": { "texture": "#soybean", "uv": [ 6.5, 3.0, 7.0, 3.5 ] },
								"west": { "texture": "#soybean", "uv": [ 6.5, 3.0, 7.0, 3.5 ] },
								"up": { "texture": "#soybean", "uv": [ 6.0, 0.0, 6.5, 0.5 ] },
								"down": { "texture": "#soybean", "uv": [ 7.0, 0.0, 7.5, 0.5 ] }
							}
						},
						{
							"name": "pod2A2",
							"from": [ 0.0, 0.0, 3.0 ],
							"to": [ 1.4, 0.5, 6.0 ],
							"rotationOrigin": [ 0.0, 0.0, 3.0 ],
							"rotationY": 18.0,
							"rotationZ": 1.0,
							"faces": {
								"north": { "texture": "#soybean", "uv": [ 2.5, 0.5, 3.5, 1.0 ] },
								"east": { "texture": "#soybean", "uv": [ 1.0, 0.0, 4.0, 0.5 ] },
								"south": { "texture": "#soybean", "uv": [ 3.5, 2.0, 4.5, 2.5 ] },
								"west": { "texture": "#soybean", "uv": [ 1.0, 6.5, 4.0, 7.0 ] },
								"up": { "texture": "#soybean", "uv": [ 4.5, 1.5, 5.5, 4.5 ] },
								"down": { "texture": "#soybean", "uv": [ 4.5, 0.5, 5.5, 3.5 ] }
							},
							"children": [
								{
									"name": "bean7",
									"from": [ 0.4, -0.1, 0.5 ],
									"to": [ 1.0, 0.6, 1.1 ],
									"rotationOrigin": [ 0.4, -0.1, 0.5 ],
									"faces": {
										"north": { "texture": "#soybean", "uv": [ 6.5, 1.5, 7.0, 2.0 ] },
										"east": { "texture": "#soybean", "uv": [ 6.5, 2.5, 7.0, 3.0 ] },
										"south": { "texture": "#soybean", "uv": [ 7.0, 0.5, 7.5, 1.0 ] },
										"west": { "texture": "#soybean", "uv": [ 6.0, 1.5, 6.5, 2.0 ] },
										"up": { "texture": "#soybean", "uv": [ 6.5, 2.0, 7.0, 2.5 ] },
										"down": { "texture": "#soybean", "uv": [ 7.0, 0.0, 7.5, 0.5 ] }
									}
								},
								{
									"name": "bean8",
									"from": [ 0.4, -0.1, 1.8 ],
									"to": [ 1.0, 0.6, 2.4 ],
									"rotationOrigin": [ 0.4, -0.1, 1.8 ],
									"faces": {
										"north": { "texture": "#soybean", "uv": [ 6.0, 2.5, 6.5, 3.0 ] },
										"east": { "texture": "#soybean", "uv": [ 7.0, 2.0, 7.5, 2.5 ] },
										"south": { "texture": "#soybean", "uv": [ 6.5, 3.0, 7.0, 3.5 ] },
										"west": { "texture": "#soybean", "uv": [ 6.5, 3.0, 7.0, 3.5 ] },
										"up": { "texture": "#soybean", "uv": [ 6.0, 0.0, 6.5, 0.5 ] },
										"down": { "texture": "#soybean", "uv": [ 7.0, 0.0, 7.5, 0.5 ] }
									}
								},
								{
									"name": "Tip2",
									"from": [ 0.2, 0.01, 2.5 ],
									"to": [ 1.18, 0.49, 3.48 ],
									"rotationOrigin": [ 0.69, 0.0, 2.99 ],
									"rotationY": 45.0,
									"faces": {
										"north": { "texture": "#soybean", "uv": [ 3.0, 4.0, 3.5, 4.5 ] },
										"east": { "texture": "#soybean", "uv": [ 3.5, 5.0, 4.0, 5.5 ] },
										"south": { "texture": "#soybean", "uv": [ 5.5, 5.5, 6.0, 6.0 ] },
										"west": { "texture": "#soybean", "uv": [ 6.5, 7.0, 7.0, 7.5 ] },
										"up": { "texture": "#soybean", "uv": [ 0.0, 4.0, 0.5, 4.5 ] },
										"down": { "texture": "#soybean", "uv": [ 4.5, 4.5, 5.0, 5.0 ] }
									}
								},
								{
									"name": "stem2",
									"from": [ 0.5, 0.1, 3.5 ],
									"to": [ 0.8, 0.4, 5.0 ],
									"rotationOrigin": [ 0.5, 0.1, 3.5 ],
									"rotationY": 35.0,
									"rotationZ": 1.0,
									"faces": {
										"north": { "texture": "#soybean", "uv": [ 0.0, 0.0, 0.5, 0.5 ] },
										"east": { "texture": "#soybean", "uv": [ 0.0, 0.0, 1.5, 0.5 ] },
										"south": { "texture": "#soybean", "uv": [ 0.0, 0.0, 0.5, 0.5 ] },
										"west": { "texture": "#soybean", "uv": [ 0.0, 0.0, 1.5, 0.5 ] },
										"up": { "texture": "#soybean", "uv": [ 0.0, 0.0, 0.5, 1.5 ] },
										"down": { "texture": "#soybean", "uv": [ 0.0, 0.0, 0.5, 1.5 ] }
									}
								}
							]
						}
					]
				},
				{
					"name": "pod1A3",
					"from": [ -2.0, 0.4, -4.0 ],
					"to": [ -0.6, 0.9, -1.0 ],
					"rotationOrigin": [ -1.0, 0.4, -1.0 ],
					"rotationX": 9.0,
					"rotationY": -155.0,
					"faces": {
						"north": { "texture": "#soybean", "uv": [ 2.5, 0.5, 3.5, 1.0 ] },
						"east": { "texture": "#soybean", "uv": [ 1.0, 0.0, 4.0, 0.5 ] },
						"south": { "texture": "#soybean", "uv": [ 3.5, 2.0, 4.5, 2.5 ] },
						"west": { "texture": "#soybean", "uv": [ 1.0, 6.5, 4.0, 7.0 ] },
						"up": { "texture": "#soybean", "uv": [ 4.5, 1.5, 5.5, 4.5 ] },
						"down": { "texture": "#soybean", "uv": [ 4.5, 0.5, 5.5, 3.5 ] }
					},
					"children": [
						{
							"name": "bean9",
							"from": [ 0.4, -0.1, 0.5 ],
							"to": [ 1.0, 0.6, 1.1 ],
							"rotationOrigin": [ 0.4, -0.1, 0.5 ],
							"faces": {
								"north": { "texture": "#soybean", "uv": [ 6.5, 1.5, 7.0, 2.0 ] },
								"east": { "texture": "#soybean", "uv": [ 6.5, 2.5, 7.0, 3.0 ] },
								"south": { "texture": "#soybean", "uv": [ 7.0, 0.5, 7.5, 1.0 ] },
								"west": { "texture": "#soybean", "uv": [ 6.0, 1.5, 6.5, 2.0 ] },
								"up": { "texture": "#soybean", "uv": [ 6.5, 2.0, 7.0, 2.5 ] },
								"down": { "texture": "#soybean", "uv": [ 7.0, 0.0, 7.5, 0.5 ] }
							}
						},
						{
							"name": "bean10",
							"from": [ 0.4, -0.1, 1.8 ],
							"to": [ 1.0, 0.6, 2.4 ],
							"rotationOrigin": [ 0.4, -0.1, 1.8 ],
							"faces": {
								"north": { "texture": "#soybean", "uv": [ 6.0, 2.5, 6.5, 3.0 ] },
								"east": { "texture": "#soybean", "uv": [ 7.0, 2.0, 7.5, 2.5 ] },
								"south": { "texture": "#soybean", "uv": [ 6.5, 3.0, 7.0, 3.5 ] },
								"west": { "texture": "#soybean", "uv": [ 6.5, 3.0, 7.0, 3.5 ] },
								"up": { "texture": "#soybean", "uv": [ 6.0, 0.0, 6.5, 0.5 ] },
								"down": { "texture": "#soybean", "uv": [ 7.0, 0.0, 7.5, 0.5 ] }
							}
						},
						{
							"name": "pod2A3",
							"from": [ 0.0, 0.0, 3.0 ],
							"to": [ 1.4, 0.5, 6.0 ],
							"rotationOrigin": [ 0.0, 0.0, 3.0 ],
							"rotationY": 18.0,
							"rotationZ": 1.0,
							"faces": {
								"north": { "texture": "#soybean", "uv": [ 2.5, 0.5, 3.5, 1.0 ] },
								"east": { "texture": "#soybean", "uv": [ 1.0, 0.0, 4.0, 0.5 ] },
								"south": { "texture": "#soybean", "uv": [ 3.5, 2.0, 4.5, 2.5 ] },
								"west": { "texture": "#soybean", "uv": [ 1.0, 6.5, 4.0, 7.0 ] },
								"up": { "texture": "#soybean", "uv": [ 4.5, 1.5, 5.5, 4.5 ] },
								"down": { "texture": "#soybean", "uv": [ 4.5, 0.5, 5.5, 3.5 ] }
							},
							"children": [
								{
									"name": "bean11",
									"from": [ 0.4, -0.1, 0.5 ],
									"to": [ 1.0, 0.6, 1.1 ],
									"rotationOrigin": [ 0.4, -0.1, 0.5 ],
									"faces": {
										"north": { "texture": "#soybean", "uv": [ 6.5, 1.5, 7.0, 2.0 ] },
										"east": { "texture": "#soybean", "uv": [ 6.5, 2.5, 7.0, 3.0 ] },
										"south": { "texture": "#soybean", "uv": [ 7.0, 0.5, 7.5, 1.0 ] },
										"west": { "texture": "#soybean", "uv": [ 6.0, 1.5, 6.5, 2.0 ] },
										"up": { "texture": "#soybean", "uv": [ 6.5, 2.0, 7.0, 2.5 ] },
										"down": { "texture": "#soybean", "uv": [ 7.0, 0.0, 7.5, 0.5 ] }
									}
								},
								{
									"name": "bean12",
									"from": [ 0.4, -0.1, 1.8 ],
									"to": [ 1.0, 0.6, 2.4 ],
									"rotationOrigin": [ 0.4, -0.1, 1.8 ],
									"faces": {
										"north": { "texture": "#soybean", "uv": [ 6.0, 2.5, 6.5, 3.0 ] },
										"east": { "texture": "#soybean", "uv": [ 7.0, 2.0, 7.5, 2.5 ] },
										"south": { "texture": "#soybean", "uv": [ 6.5, 3.0, 7.0, 3.5 ] },
										"west": { "texture": "#soybean", "uv": [ 6.5, 3.0, 7.0, 3.5 ] },
										"up": { "texture": "#soybean", "uv": [ 6.0, 0.0, 6.5, 0.5 ] },
										"down": { "texture": "#soybean", "uv": [ 7.0, 0.0, 7.5, 0.5 ] }
									}
								},
								{
									"name": "Tip3",
									"from": [ 0.2, 0.01, 2.5 ],
									"to": [ 1.18, 0.49, 3.48 ],
									"rotationOrigin": [ 0.69, 0.0, 2.99 ],
									"rotationY": 45.0,
									"faces": {
										"north": { "texture": "#soybean", "uv": [ 3.0, 4.0, 3.5, 4.5 ] },
										"east": { "texture": "#soybean", "uv": [ 3.5, 5.0, 4.0, 5.5 ] },
										"south": { "texture": "#soybean", "uv": [ 5.5, 5.5, 6.0, 6.0 ] },
										"west": { "texture": "#soybean", "uv": [ 6.5, 7.0, 7.0, 7.5 ] },
										"up": { "texture": "#soybean", "uv": [ 0.0, 4.0, 0.5, 4.5 ] },
										"down": { "texture": "#soybean", "uv": [ 4.5, 4.5, 5.0, 5.0 ] }
									}
								},
								{
									"name": "stem3",
									"from": [ 0.5, 0.1, 3.5 ],
									"to": [ 0.8, 0.4, 5.0 ],
									"rotationOrigin": [ 0.5, 0.1, 3.5 ],
									"rotationY": 35.0,
									"rotationZ": 1.0,
									"faces": {
										"north": { "texture": "#soybean", "uv": [ 0.0, 0.0, 0.5, 0.5 ] },
										"east": { "texture": "#soybean", "uv": [ 0.0, 0.0, 1.5, 0.5 ] },
										"south": { "texture": "#soybean", "uv": [ 0.0, 0.0, 0.5, 0.5 ] },
										"west": { "texture": "#soybean", "uv": [ 0.0, 0.0, 1.5, 0.5 ] },
										"up": { "texture": "#soybean", "uv": [ 0.0, 0.0, 0.5, 1.5 ] },
										"down": { "texture": "#soybean", "uv": [ 0.0, 0.0, 0.5, 1.5 ] }
									}
								}
							]
						}
					]
				},
				{
					"name": "pod1A5",
					"from": [ 1.0, 0.0, -2.0 ],
					"to": [ 2.4, 0.5, 1.0 ],
					"rotationOrigin": [ 2.0, 0.0, 1.0 ],
					"rotationY": -189.0,
					"faces": {
						"north": { "texture": "#soybean", "uv": [ 2.5, 0.5, 3.5, 1.0 ] },
						"east": { "texture": "#soybean", "uv": [ 1.0, 0.0, 4.0, 0.5 ] },
						"south": { "texture": "#soybean", "uv": [ 3.5, 2.0, 4.5, 2.5 ] },
						"west": { "texture": "#soybean", "uv": [ 1.0, 6.5, 4.0, 7.0 ] },
						"up": { "texture": "#soybean", "uv": [ 4.5, 1.5, 5.5, 4.5 ] },
						"down": { "texture": "#soybean", "uv": [ 4.5, 0.5, 5.5, 3.5 ] }
					},
					"children": [
						{
							"name": "bean17",
							"from": [ 0.4, -0.1, 0.5 ],
							"to": [ 1.0, 0.6, 1.1 ],
							"rotationOrigin": [ 0.4, -0.1, 0.5 ],
							"faces": {
								"north": { "texture": "#soybean", "uv": [ 6.5, 1.5, 7.0, 2.0 ] },
								"east": { "texture": "#soybean", "uv": [ 6.5, 2.5, 7.0, 3.0 ] },
								"south": { "texture": "#soybean", "uv": [ 7.0, 0.5, 7.5, 1.0 ] },
								"west": { "texture": "#soybean", "uv": [ 6.0, 1.5, 6.5, 2.0 ] },
								"up": { "texture": "#soybean", "uv": [ 6.5, 2.0, 7.0, 2.5 ] },
								"down": { "texture": "#soybean", "uv": [ 7.0, 0.0, 7.5, 0.5 ] }
							}
						},
						{
							"name": "bean18",
							"from": [ 0.4, -0.1, 1.8 ],
							"to": [ 1.0, 0.6, 2.4 ],
							"rotationOrigin": [ 0.4, -0.1, 1.8 ],
							"faces": {
								"north": { "texture": "#soybean", "uv": [ 6.0, 2.5, 6.5, 3.0 ] },
								"east": { "texture": "#soybean", "uv": [ 7.0, 2.0, 7.5, 2.5 ] },
								"south": { "texture": "#soybean", "uv": [ 6.5, 3.0, 7.0, 3.5 ] },
								"west": { "texture": "#soybean", "uv": [ 6.5, 3.0, 7.0, 3.5 ] },
								"up": { "texture": "#soybean", "uv": [ 6.0, 0.0, 6.5, 0.5 ] },
								"down": { "texture": "#soybean", "uv": [ 7.0, 0.0, 7.5, 0.5 ] }
							}
						},
						{
							"name": "pod2A5",
							"from": [ 0.0, 0.0, 3.0 ],
							"to": [ 1.4, 0.5, 6.0 ],
							"rotationOrigin": [ 0.0, 0.0, 3.0 ],
							"rotationY": 18.0,
							"rotationZ": 1.0,
							"faces": {
								"north": { "texture": "#soybean", "uv": [ 2.5, 0.5, 3.5, 1.0 ] },
								"east": { "texture": "#soybean", "uv": [ 1.0, 0.0, 4.0, 0.5 ] },
								"south": { "texture": "#soybean", "uv": [ 3.5, 2.0, 4.5, 2.5 ] },
								"west": { "texture": "#soybean", "uv": [ 1.0, 6.5, 4.0, 7.0 ] },
								"up": { "texture": "#soybean", "uv": [ 4.5, 1.5, 5.5, 4.5 ] },
								"down": { "texture": "#soybean", "uv": [ 4.5, 0.5, 5.5, 3.5 ] }
							},
							"children": [
								{
									"name": "bean19",
									"from": [ 0.4, -0.1, 0.5 ],
									"to": [ 1.0, 0.6, 1.1 ],
									"rotationOrigin": [ 0.4, -0.1, 0.5 ],
									"faces": {
										"north": { "texture": "#soybean", "uv": [ 6.5, 1.5, 7.0, 2.0 ] },
										"east": { "texture": "#soybean", "uv": [ 6.5, 2.5, 7.0, 3.0 ] },
										"south": { "texture": "#soybean", "uv": [ 7.0, 0.5, 7.5, 1.0 ] },
										"west": { "texture": "#soybean", "uv": [ 6.0, 1.5, 6.5, 2.0 ] },
										"up": { "texture": "#soybean", "uv": [ 6.5, 2.0, 7.0, 2.5 ] },
										"down": { "texture": "#soybean", "uv": [ 7.0, 0.0, 7.5, 0.5 ] }
									}
								},
								{
									"name": "bean20",
									"from": [ 0.4, -0.1, 1.8 ],
									"to": [ 1.0, 0.6, 2.4 ],
									"rotationOrigin": [ 0.4, -0.1, 1.8 ],
									"faces": {
										"north": { "texture": "#soybean", "uv": [ 6.0, 2.5, 6.5, 3.0 ] },
										"east": { "texture": "#soybean", "uv": [ 7.0, 2.0, 7.5, 2.5 ] },
										"south": { "texture": "#soybean", "uv": [ 6.5, 3.0, 7.0, 3.5 ] },
										"west": { "texture": "#soybean", "uv": [ 6.5, 3.0, 7.0, 3.5 ] },
										"up": { "texture": "#soybean", "uv": [ 6.0, 0.0, 6.5, 0.5 ] },
										"down": { "texture": "#soybean", "uv": [ 7.0, 0.0, 7.5, 0.5 ] }
									}
								},
								{
									"name": "Tip5",
									"from": [ 0.2, 0.01, 2.5 ],
									"to": [ 1.18, 0.49, 3.48 ],
									"rotationOrigin": [ 0.69, 0.0, 2.99 ],
									"rotationY": 45.0,
									"faces": {
										"north": { "texture": "#soybean", "uv": [ 3.0, 4.0, 3.5, 4.5 ] },
										"east": { "texture": "#soybean", "uv": [ 3.5, 5.0, 4.0, 5.5 ] },
										"south": { "texture": "#soybean", "uv": [ 5.5, 5.5, 6.0, 6.0 ] },
										"west": { "texture": "#soybean", "uv": [ 6.5, 7.0, 7.0, 7.5 ] },
										"up": { "texture": "#soybean", "uv": [ 0.0, 4.0, 0.5, 4.5 ] },
										"down": { "texture": "#soybean", "uv": [ 4.5, 4.5, 5.0, 5.0 ] }
									}
								},
								{
									"name": "stem5",
									"from": [ 0.5, 0.1, 3.5 ],
									"to": [ 0.8, 0.4, 5.0 ],
									"rotationOrigin": [ 0.5, 0.1, 3.5 ],
									"rotationY": 35.0,
									"rotationZ": 1.0,
									"faces": {
										"north": { "texture": "#soybean", "uv": [ 0.0, 0.0, 0.5, 0.5 ] },
										"east": { "texture": "#soybean", "uv": [ 0.0, 0.0, 1.5, 0.5 ] },
										"south": { "texture": "#soybean", "uv": [ 0.0, 0.0, 0.5, 0.5 ] },
										"west": { "texture": "#soybean", "uv": [ 0.0, 0.0, 1.5, 0.5 ] },
										"up": { "texture": "#soybean", "uv": [ 0.0, 0.0, 0.5, 1.5 ] },
										"down": { "texture": "#soybean", "uv": [ 0.0, 0.0, 0.5, 1.5 ] }
									}
								}
							]
						}
					]
				},
				{
					"name": "pod1A4",
					"from": [ -1.0, 0.0, -0.4 ],
					"to": [ 0.4, 0.5, 2.6 ],
					"rotationOrigin": [ 0.0, 0.0, 2.6 ],
					"rotationY": 83.0,
					"faces": {
						"north": { "texture": "#soybean", "uv": [ 2.5, 0.5, 3.5, 1.0 ] },
						"east": { "texture": "#soybean", "uv": [ 1.0, 0.0, 4.0, 0.5 ] },
						"south": { "texture": "#soybean", "uv": [ 3.5, 2.0, 4.5, 2.5 ] },
						"west": { "texture": "#soybean", "uv": [ 1.0, 6.5, 4.0, 7.0 ] },
						"up": { "texture": "#soybean", "uv": [ 4.5, 1.5, 5.5, 4.5 ] },
						"down": { "texture": "#soybean", "uv": [ 4.5, 0.5, 5.5, 3.5 ] }
					},
					"children": [
						{
							"name": "bean13",
							"from": [ 0.4, -0.1, 0.5 ],
							"to": [ 1.0, 0.6, 1.1 ],
							"rotationOrigin": [ 0.4, -0.1, 0.5 ],
							"faces": {
								"north": { "texture": "#soybean", "uv": [ 6.5, 1.5, 7.0, 2.0 ] },
								"east": { "texture": "#soybean", "uv": [ 6.5, 2.5, 7.0, 3.0 ] },
								"south": { "texture": "#soybean", "uv": [ 7.0, 0.5, 7.5, 1.0 ] },
								"west": { "texture": "#soybean", "uv": [ 6.0, 1.5, 6.5, 2.0 ] },
								"up": { "texture": "#soybean", "uv": [ 6.5, 2.0, 7.0, 2.5 ] },
								"down": { "texture": "#soybean", "uv": [ 7.0, 0.0, 7.5, 0.5 ] }
							}
						},
						{
							"name": "bean14",
							"from": [ 0.4, -0.1, 1.8 ],
							"to": [ 1.0, 0.6, 2.4 ],
							"rotationOrigin": [ 0.4, -0.1, 1.8 ],
							"faces": {
								"north": { "texture": "#soybean", "uv": [ 6.0, 2.5, 6.5, 3.0 ] },
								"east": { "texture": "#soybean", "uv": [ 7.0, 2.0, 7.5, 2.5 ] },
								"south": { "texture": "#soybean", "uv": [ 6.5, 3.0, 7.0, 3.5 ] },
								"west": { "texture": "#soybean", "uv": [ 6.5, 3.0, 7.0, 3.5 ] },
								"up": { "texture": "#soybean", "uv": [ 6.0, 0.0, 6.5, 0.5 ] },
								"down": { "texture": "#soybean", "uv": [ 7.0, 0.0, 7.5, 0.5 ] }
							}
						},
						{
							"name": "pod2A4",
							"from": [ 0.0, 0.0, 3.0 ],
							"to": [ 1.4, 0.5, 6.0 ],
							"rotationOrigin": [ 0.0, 0.0, 3.0 ],
							"rotationX": -21.0,
							"rotationY": 18.0,
							"rotationZ": 1.0,
							"faces": {
								"north": { "texture": "#soybean", "uv": [ 2.5, 0.5, 3.5, 1.0 ] },
								"east": { "texture": "#soybean", "uv": [ 1.0, 0.0, 4.0, 0.5 ] },
								"south": { "texture": "#soybean", "uv": [ 3.5, 2.0, 4.5, 2.5 ] },
								"west": { "texture": "#soybean", "uv": [ 1.0, 6.5, 4.0, 7.0 ] },
								"up": { "texture": "#soybean", "uv": [ 4.5, 1.5, 5.5, 4.5 ] },
								"down": { "texture": "#soybean", "uv": [ 4.5, 0.5, 5.5, 3.5 ] }
							},
							"children": [
								{
									"name": "bean15",
									"from": [ 0.4, -0.1, 0.5 ],
									"to": [ 1.0, 0.6, 1.1 ],
									"rotationOrigin": [ 0.4, -0.1, 0.5 ],
									"faces": {
										"north": { "texture": "#soybean", "uv": [ 6.5, 1.5, 7.0, 2.0 ] },
										"east": { "texture": "#soybean", "uv": [ 6.5, 2.5, 7.0, 3.0 ] },
										"south": { "texture": "#soybean", "uv": [ 7.0, 0.5, 7.5, 1.0 ] },
										"west": { "texture": "#soybean", "uv": [ 6.0, 1.5, 6.5, 2.0 ] },
										"up": { "texture": "#soybean", "uv": [ 6.5, 2.0, 7.0, 2.5 ] },
										"down": { "texture": "#soybean", "uv": [ 7.0, 0.0, 7.5, 0.5 ] }
									}
								},
								{
									"name": "bean16",
									"from": [ 0.4, -0.1, 1.8 ],
									"to": [ 1.0, 0.6, 2.4 ],
									"rotationOrigin": [ 0.4, -0.1, 1.8 ],
									"faces": {
										"north": { "texture": "#soybean", "uv": [ 6.0, 2.5, 6.5, 3.0 ] },
										"east": { "texture": "#soybean", "uv": [ 7.0, 2.0, 7.5, 2.5 ] },
										"south": { "texture": "#soybean", "uv": [ 6.5, 3.0, 7.0, 3.5 ] },
										"west": { "texture": "#soybean", "uv": [ 6.5, 3.0, 7.0, 3.5 ] },
										"up": { "texture": "#soybean", "uv": [ 6.0, 0.0, 6.5, 0.5 ] },
										"down": { "texture": "#soybean", "uv": [ 7.0, 0.0, 7.5, 0.5 ] }
									}
								},
								{
									"name": "Tip4",
									"from": [ 0.2, 0.01, 2.5 ],
									"to": [ 1.18, 0.49, 3.48 ],
									"rotationOrigin": [ 0.69, 0.0, 2.99 ],
									"rotationY": 45.0,
									"faces": {
										"north": { "texture": "#soybean", "uv": [ 3.0, 4.0, 3.5, 4.5 ] },
										"east": { "texture": "#soybean", "uv": [ 3.5, 5.0, 4.0, 5.5 ] },
										"south": { "texture": "#soybean", "uv": [ 5.5, 5.5, 6.0, 6.0 ] },
										"west": { "texture": "#soybean", "uv": [ 6.5, 7.0, 7.0, 7.5 ] },
										"up": { "texture": "#soybean", "uv": [ 0.0, 4.0, 0.5, 4.5 ] },
										"down": { "texture": "#soybean", "uv": [ 4.5, 4.5, 5.0, 5.0 ] }
									}
								},
								{
									"name": "stem4",
									"from": [ 0.5, 0.1, 3.5 ],
									"to": [ 0.8, 0.4, 5.0 ],
									"rotationOrigin": [ 0.5, 0.1, 3.5 ],
									"rotationY": 35.0,
									"rotationZ": 1.0,
									"faces": {
										"north": { "texture": "#soybean", "uv": [ 0.0, 0.0, 0.5, 0.5 ] },
										"east": { "texture": "#soybean", "uv": [ 0.0, 0.0, 1.5, 0.5 ] },
										"south": { "texture": "#soybean", "uv": [ 0.0, 0.0, 0.5, 0.5 ] },
										"west": { "texture": "#soybean", "uv": [ 0.0, 0.0, 1.5, 0.5 ] },
										"up": { "texture": "#soybean", "uv": [ 0.0, 0.0, 0.5, 1.5 ] },
										"down": { "texture": "#soybean", "uv": [ 0.0, 0.0, 0.5, 1.5 ] }
									}
								}
							]
						}
					]
				}
			]
		}
	]}