﻿{
  "code": "crossbow",
  "class": "Item",
  "variantgroups": [{"code": "drawtype", "states": ["simple", "stirrup", "latch", "goatsfoot", "windlass"]}, {"code": "type", "states": ["plain"]}],
  "maxstacksize": 1,
  "durabilityByType": {"*-simple-*": 450, "*-stirrup-*": 900, "*-latch-*": 900, "*-goatsfoot-*": 1600, "*-windlass-*": 1200},
  "tool": "bow",
  "rackable": true,
  "behaviors": [
    {
      "name": "GroundStorable",
      "properties": {
        "layout": "WallHalves",
        "wallOffY": 2,
        "sprintKey": true,
        "selectionBox": {"x1": 0, "y1": 0, "z1": 0, "x2": 1, "y2": 0.1, "z2": 1},
        "collisionBox": {"x1": 0, "y1": 0, "z1": 0, "x2": 0, "y2": 0, "z2": 0}
      }
    }
  ],
  "attributes": {
    "toolrackTransform": {"translation": {"x": 0, "y": 0.6, "z": 0.5}, "rotation": {"x": 173, "y": -90, "z": 0}, "origin": {"x": 0, "y": 0, "z": 0}, "scale": 1.34},
    "groundStorageTransformByType": {
      "*-simple-*": {"translation": {"x": 0.5, "y": 0.76, "z": 0.74}, "rotation": {"x": 104, "y": -180, "z": -155}, "origin": {"x": 0, "y": 0, "z": 0}, "scale": 0.81},
      "*-latch-*": {"translation": {"x": 0.5, "y": 0.55, "z": 0.8}, "rotation": {"x": 110, "y": -180, "z": -155}, "origin": {"x": 0, "y": 0, "z": 0}, "scale": 0.81},
      "*-stirrup-*": {"translation": {"x": 0.5, "y": 0.7, "z": 0.74}, "rotation": {"x": 110, "y": -180, "z": -155}, "origin": {"x": 0, "y": 0, "z": 0}, "scale": 0.81},
      "*-goatsfoot-*": {"translation": {"x": 0.5, "y": 0.54, "z": 0.74}, "rotation": {"x": 110, "y": -180, "z": -155}, "origin": {"x": 0, "y": 0, "z": 0}, "scale": 0.81},
      "*-windlass-*": {"translation": {"x": 0.5, "y": 0.69, "z": 0.74}, "rotation": {"x": 105, "y": -180, "z": -155}, "origin": {"x": 0, "y": 0, "z": 0}, "scale": 0.81}
    },
    "inCrossbowWallmountTransformByType": {
      "*-simple-*": {"translation": {"x": 0, "y": -0.68, "z": -0.02}, "rotation": {"x": 90, "y": 0, "z": 0}, "origin": {"x": 0, "y": 0, "z": 0}, "scale": 0.8},
      "*-latch-*": {"translation": {"x": 0, "y": -0.52, "z": 0}, "rotation": {"x": 90, "y": 0, "z": 180}, "origin": {"x": 0, "y": 0, "z": 0}, "scale": 0.8},
      "*-stirrup-*": {"translation": {"x": 0, "y": -0.52, "z": 0}, "rotation": {"x": 90, "y": 0, "z": 180}, "origin": {"x": 0, "y": 0, "z": 0}, "scale": 0.8},
      "*-goatsfoot-*": {"translation": {"x": 0, "y": -0.53, "z": 0}, "rotation": {"x": 90, "y": 0, "z": 180}, "origin": {"x": 0, "y": 0, "z": 0}, "scale": 0.8},
      "*-windlass-*": {"translation": {"x": 0, "y": -0.5, "z": 0}, "rotation": {"x": 90, "y": 0, "z": 180}, "origin": {"x": 0, "y": 0, "z": 0}, "scale": 0.8}
    }
  },
  "heldLeftTpIdleAnimation": "crossbowsempty",
  "heldLeftReadyAnimation": "crossbowsempty",
  "heldRightReadyAnimation": "crossbowsempty",
  "heldOldTpIdleAnimation": "crossbowsempty",
  "heldTpUseAnimation": "crossbowsempty",
  "shapeByType": {
    "*-goatsfoot-*": {"base": "maltiezcrossbows:crossbows/{drawtype}-tp"},
    "*-windlass-*": {"base": "maltiezcrossbows:crossbows/{drawtype}-tp"},
    "*": {"base": "maltiezcrossbows:crossbows/{drawtype}"}
  },
  "guiTransformByType": {
    "*-simple-*": {"translation": {"x": 0, "y": 0, "z": 0}, "rotation": {"x": -52, "y": -39, "z": 180}, "origin": {"x": 0.45, "y": -1, "z": -0.85}, "scale": 0.9},
    "*": {"translation": {"x": 0, "y": 0, "z": 0}, "rotation": {"x": -52, "y": -41, "z": 180}, "origin": {"x": -0.05, "y": 0.1, "z": 0.05}, "scale": 0.95}
  },
  "tpHandTransform": {"translation": {"x": -0.2, "y": 0, "z": 0}, "rotation": {"x": 0, "y": -90, "z": 0}, "origin": {"x": 0, "y": 0, "z": 0}, "scale": 0.8},
  "groundTransform": {"translation": {"x": 0, "y": 0.13, "z": 0}, "rotation": {"x": 1, "y": 0, "z": 0}, "origin": {"x": 0, "y": 0, "z": 0}, "scale": 4.8}
}