{
	"code": "arrow",
	"enabled":  false,
	"class": "ItemArrow",
	"variantgroups": [
		{
			"code": "material",
			"states": [ "bone" ]
		}
	],
	"maxstacksize": 64,
	"storageFlags": 513,
	"shapeByType": {
		"arrow-bone": { "base": "item/tools/arrow-bone" }
	},
	"texturesByType": {
	},
	"creativeinventory": {
		"general": [ "*" ],
		"items": [ "*" ],
		"tools": [ "*" ]
	},
	"guiTransform": {
		"rotation": {
			"x": -23,
			"y": -45,
			"z": -145
		},
		"origin": {
			"x": 0.7,
			"y": -0.45,
			"z": 0
		},
		"scale": 1.44
	},
	"fpHandTransform": {
		"translation": {
			"x": 0.35,
			"y": 0,
			"z": 0
		},
		"rotation": {
			"x": 87,
			"y": 90,
			"z": -30
		},
		"scale": 1.14
	},
	"tpHandTransform": {
		"translation": {
			"x": -1.05,
			"y": -0.59,
			"z": -0.96
		},
		"rotation": {
			"x": 0,
			"y": 2,
			"z": 3
		},
		"scale": 0.48
	},
	"groundTransform": {
		"translation": {
			"x": 0,
			"y": 0,
			"z": 0
		},
		"rotation": {
			"x": 0,
			"y": 0,
			"z": 0
		},
		"origin": {
			"x": 0.5,
			"y": -0.03,
			"z": 0.5
		},
		"scale": 2.64
	},
	"attributes": {
		"damageByType": {
			"*-bone": -0.4
		},
		"breakChanceOnImpactByType": {
			"*-bone": 0.20
		},
		"handbook": {
			"groupBy": [ "arrow-*" ]
		}
	}
}