{
  "game:vegetable-carrot": { "origin": { "x": 0.5, "y": 0, "z": 0.5 }, "scale": 1.4, "translation": { "x": 0.25, "y": 0.15, "z": 0 }, "rotation": { "x": 0, "y": 0, "z": 90 } },
  "game:vegetable-onion": { "origin": { "x": 0.5, "y": 0, "z": 0.5 }, "scale": 1.7, "translation": { "x": 0, "y": 0.15, "z": 0 } },
  "game:vegetable-turnip": { "origin": { "x": 0.5, "y": 0, "z": 0.5 }, "scale": 1.3 },
  "game:vegetable-parsnip": { "origin": { "x": 0.5, "y": 0, "z": 0.5 }, "scale": 1.35, "translation": { "x": 0.25, "y": 0.15, "z": 0 }, "rotation": { "x": 0, "y": 0, "z": 90 } },
  "game:vegetable-cassava": { "origin": { "x": 0.5, "y": 0, "z": 0.5 }, "scalexyz": { "x": 1.5, "y": 1.2, "z": 1.15 }, "translation": { "x": -0.05, "y": 0.1, "z": 0 }, "rotation": { "x": 0, "y": -30, "z": 0 } },
  "game:vegetable-bellpepper": { "origin": { "x": 0.5, "y": 0, "z": 0.5 }, "scale": 1.05, "translation": { "x": 0, "y": 0.1, "z": 0 } },
  "game:vegetable-olive": { "origin": { "x": 0.5, "y": 0, "z": 0.5 }, "scale": 1.05, "translation": { "x": 0, "y": 0.1, "z": 0 } },
  
  "wildcraftfruit:vegetable-avocado": { "origin": { "x": 0.5, "y": 0, "z": 0.5 }, "scale": 1.2, "translation": { "x": 0, "y": 0.1, "z": 0 }, "rotation": { "x": 0, "y": 30, "z": 0 } },
  
  "artofgrowing:vegetable-*-carrot": { "origin": { "x": 0.5, "y": 0, "z": 0.5 }, "scale": 1.4, "translation": { "x": 0.25, "y": 0.15, "z": 0 }, "rotation": { "x": 0, "y": 0, "z": 90 } },
  "artofgrowing:vegetable-*-onion": { "origin": { "x": 0.5, "y": 0, "z": 0.5 }, "scale": 1.7, "translation": { "x": 0, "y": 0.15, "z": 0 } },
  "artofgrowing:vegetable-*-turnip": { "origin": { "x": 0.5, "y": 0, "z": 0.5 }, "scale": 1.3 },
  "artofgrowing:vegetable-*-parsnip": { "origin": { "x": 0.5, "y": 0, "z": 0.5 }, "scale": 1.35, "translation": { "x": 0.25, "y": 0.15, "z": 0 }, "rotation": { "x": 0, "y": 0, "z": 90 } }
}