{
	"editor": {
		"allAngles": false,
		"entityTextureMode": false
	},
	"textureWidth": 16,
	"textureHeight": 16,
	"textureSizes": {
	},
	"textures": {
	},
	"elements": [
		{
			"name": "onion 2",
			"from": [ 6.0, 0.5, 6.0 ], 
			"to": [ 10.0, 2.5, 10.0 ], 
			"rotationOrigin": [ 7.8, 0.0, 8.0 ],
			"faces": {
				"north": { "texture": "#bulb", "uv": [ 5.5, 12.5, 9.5, 14.5 ] },
				"east": { "texture": "#bulb", "uv": [ 12.0, 12.5, 16.0, 14.5 ] },
				"south": { "texture": "#bulb", "uv": [ 7.0, 12.5, 11.0, 14.5 ] },
				"west": { "texture": "#bulb", "uv": [ 11.0, 13.0, 15.0, 15.0 ] },
				"up": { "texture": "#bulb", "uv": [ 11.5, 4.0, 15.5, 8.0 ] },
				"down": { "texture": "#bulb", "uv": [ 5.0, 8.0, 9.0, 12.0 ] }
			}
		},
		{
			"name": "onion 2 top",
			"from": [ 6.5, 2.5, 6.5 ], 
			"to": [ 9.5, 3.0, 9.5 ], 
			"rotationOrigin": [ 5.75, 0.5, 5.75 ],
			"faces": {
				"north": { "texture": "#bulb", "uv": [ 7.0, 4.0, 10.0, 4.5 ] },
				"east": { "texture": "#bulb", "uv": [ 7.0, 4.5, 10.0, 5.0 ] },
				"south": { "texture": "#bulb", "uv": [ 11.0, 4.5, 14.0, 5.0 ] },
				"west": { "texture": "#bulb", "uv": [ 0.5, 4.0, 3.5, 4.5 ] },
				"up": { "texture": "#bulb", "uv": [ 11.5, 4.5, 14.5, 7.5 ] },
				"down": { "texture": "#bulb", "uv": [ 9.0, 7.0, 12.0, 10.0 ], "enabled": false }
			}
		},
		{
			"name": "onion bottom",
			"from": [ 6.5, 0.0, 6.5 ], 
			"to": [ 9.5, 0.5, 9.5 ], 
			"rotationOrigin": [ 5.75, 0.5, 5.75 ],
			"faces": {
				"north": { "texture": "#bulb", "uv": [ 12.5, 6.5, 15.5, 7.0 ] },
				"east": { "texture": "#bulb", "uv": [ 0.5, 6.0, 3.5, 6.5 ] },
				"south": { "texture": "#bulb", "uv": [ 9.5, 6.0, 12.5, 6.5 ] },
				"west": { "texture": "#bulb", "uv": [ 3.0, 6.5, 6.0, 7.0 ] },
				"up": { "texture": "#bulb", "uv": [ 3.0, 8.0, 6.0, 11.0 ], "enabled": false },
				"down": { "texture": "#bulb", "uv": [ 10.0, 5.5, 13.0, 8.5 ] }
			}
		},
		{
			"name": "s 2",
			"from": [ 1.95, 2.0, 7.75 ], 
			"to": [ 14.95, 15.0, 7.75 ], 
			"shade": false,
			"rotationOrigin": [ 7.95, 2.5, 8.25 ],
			"faces": {
				"north": { "texture": "#null", "uv": [ 0.0, 0.0, 13.0, 13.0 ], "enabled": false },
				"east": { "texture": "#null", "uv": [ 0.0, 0.0, 0.5, 13.0 ], "enabled": false },
				"south": { "texture": "#s5", "uv": [ 2.0, 3.0, 15.0, 16.0 ] },
				"west": { "texture": "#null", "uv": [ 0.0, 0.0, 0.5, 13.0 ], "enabled": false },
				"up": { "texture": "#null", "uv": [ 0.0, 0.0, 13.0, 0.5 ], "enabled": false },
				"down": { "texture": "#null", "uv": [ 0.0, 0.0, 13.0, 0.5 ], "enabled": false }
			}
		},
		{
			"name": "e 2",
			"from": [ 7.95, 2.0, 0.95 ], 
			"to": [ 7.95, 15.0, 13.95 ], 
			"shade": false,
			"rotationOrigin": [ 8.45, 2.5, 7.95 ],
			"faces": {
				"north": { "texture": "#null", "uv": [ 0.0, 0.0, 0.5, 13.0 ], "enabled": false },
				"east": { "texture": "#e5", "uv": [ 2.0, 3.0, 15.0, 16.0 ] },
				"south": { "texture": "#null", "uv": [ 0.0, 0.0, 0.5, 13.0 ], "enabled": false },
				"west": { "texture": "#null", "uv": [ 0.0, 0.0, 13.0, 13.0 ], "enabled": false },
				"up": { "texture": "#null", "uv": [ 0.0, 0.0, 0.5, 13.0 ], "enabled": false },
				"down": { "texture": "#null", "uv": [ 0.0, 0.0, 0.5, 13.0 ], "enabled": false }
			}
		}
	]}