[
	{
		"ingredientPattern": "A",
		"ingredients": {
			"A": { "type": "item", "code": "maltiezcrossbows:crossbow-repeating-plain" }
		},
		"width": 1,
		"height": 1,
		"output": { "type": "item", "code": "maltiezcrossbows:crossbow-repeating-copper" }
	},
	{
		"ingredientPattern": "A",
		"ingredients": {
			"A": { "type": "item", "code": "maltiezcrossbows:crossbow-simple-plain" }
		},
		"width": 1,
		"height": 1,
		"output": { "type": "item", "code": "maltiezcrossbows:crossbow-simple-wood" }
	},
	{
		"ingredientPattern": "A",
		"ingredients": {
			"A": { "type": "item", "code": "maltiezcrossbows:crossbow-stirrup-plain" }
		},
		"width": 1,
		"height": 1,
		"output": { "type": "item", "code": "maltiezcrossbows:crossbow-stirrup-tinbronze" }
	},
	{
		"ingredientPattern": "A",
		"ingredients": {
			"A": { "type": "item", "code": "maltiezcrossbows:crossbow-latch-plain" }
		},
		"width": 1,
		"height": 1,
		"output": { "type": "item", "code": "maltiezcrossbows:crossbow-latch-iron" }
	},
	{
		"ingredientPattern": "A",
		"ingredients": {
			"A": { "type": "item", "code": "maltiezcrossbows:crossbow-goatsfoot-plain" }
		},
		"width": 1,
		"height": 1,
		"output": { "type": "item", "code": "maltiezcrossbows:crossbow-goatsfoot-steel" }
	},
	{
		"ingredientPattern": "A",
		"ingredients": {
			"A": { "type": "item", "code": "maltiezcrossbows:crossbow-windlass-plain" }
		},
		"width": 1,
		"height": 1,
		"output": { "type": "item", "code": "maltiezcrossbows:crossbow-windlass-steel" }
	}
]