{
	"editor": {
		"allAngles": false,
		"entityTextureMode": false
	},
	"textureWidth": 16,
	"textureHeight": 16,
	"textureSizes": {
	},
	"textures": {
		"mat": "game:block/metal/ingot/pewter"
	},
	"elements": [
		{
			"name": "origin",
			"from": [ 8.0, 0.0, 8.0 ],
			"to": [ 8.0, 0.0, 8.0 ],
			"rotationOrigin": [ 8.0, 0.0, 8.0 ],
			"faces": {
			},
			"children": [
				{
					"name": "bottom",
					"from": [ -2.0, 0.0, -2.0 ],
					"to": [ 2.0, 0.5, 2.0 ],
					"faces": {
						"north": { "texture": "#mat", "uv": [ 8.0, 9.0, 12.0, 9.5 ] },
						"east": { "texture": "#mat", "uv": [ 5.0, 9.0, 9.0, 9.5 ] },
						"south": { "texture": "#mat", "uv": [ 3.5, 9.0, 7.5, 9.5 ] },
						"west": { "texture": "#mat", "uv": [ 0.0, 9.0, 4.0, 9.5 ] },
						"up": { "texture": "#mat", "uv": [ 5.5, 5.0, 9.5, 9.0 ] },
						"down": { "texture": "#mat", "uv": [ 0.0, 0.0, 4.0, 4.0 ] }
					}
				},
				{
					"name": "W side",
					"from": [ -2.5, 0.5, -2.5 ],
					"to": [ -1.5, 4.0, 2.5 ],
					"faces": {
						"north": { "texture": "#mat", "uv": [ 8.5, 2.0, 9.5, 5.5 ] },
						"east": { "texture": "#mat", "uv": [ 5.5, 1.5, 10.5, 5.0 ] },
						"south": { "texture": "#mat", "uv": [ 13.0, 2.0, 14.0, 5.5 ] },
						"west": { "texture": "#mat", "uv": [ 10.0, 2.0, 15.0, 5.5 ] },
						"up": { "texture": "#mat", "uv": [ 3.0, 9.0, 8.0, 10.0 ], "rotation": 90 },
						"down": { "texture": "#mat", "uv": [ 0.0, 0.0, 1.0, 5.0 ] }
					}
				},
				{
					"name": "E side",
					"from": [ 1.5, 0.5, -2.5 ],
					"to": [ 2.5, 4.0, 2.5 ],
					"faces": {
						"north": { "texture": "#mat", "uv": [ 5.0, 2.0, 6.0, 5.5 ] },
						"east": { "texture": "#mat", "uv": [ 7.0, 2.0, 12.0, 5.5 ] },
						"south": { "texture": "#mat", "uv": [ 2.0, 2.5, 3.0, 6.0 ] },
						"west": { "texture": "#mat", "uv": [ 5.0, 0.5, 10.0, 4.0 ] },
						"up": { "texture": "#mat", "uv": [ 2.0, 9.0, 7.0, 10.0 ], "rotation": 270 },
						"down": { "texture": "#mat", "uv": [ 0.0, 0.0, 1.0, 5.0 ] }
					}
				},
				{
					"name": "N side",
					"from": [ -1.5, 0.5, -2.5 ],
					"to": [ 1.5, 4.0, -1.5 ],
					"faces": {
						"north": { "texture": "#mat", "uv": [ 11.0, 1.0, 14.0, 4.5 ] },
						"south": { "texture": "#mat", "uv": [ 1.5, 2.5, 4.5, 6.0 ] },
						"up": { "texture": "#mat", "uv": [ 4.5, 9.5, 7.5, 10.5 ] },
						"down": { "texture": "#mat", "uv": [ 0.0, 0.0, 3.0, 1.0 ] }
					}
				},
				{
					"name": "S side",
					"from": [ -1.5, 0.5, 1.5 ],
					"to": [ 1.5, 4.0, 2.5 ],
					"faces": {
						"north": { "texture": "#mat", "uv": [ 2.5, 1.5, 5.5, 5.0 ] },
						"south": { "texture": "#mat", "uv": [ 0.5, 2.5, 3.5, 6.0 ] },
						"up": { "texture": "#mat", "uv": [ 0.5, 9.5, 3.5, 10.5 ] },
						"down": { "texture": "#mat", "uv": [ 0.0, 0.0, 3.0, 1.0 ] }
					}
				},
				{
					"name": "W side12",
					"from": [ -2.0, 4.0, -2.0 ],
					"to": [ -1.5, 4.5, 2.0 ],
					"faces": {
						"north": { "texture": "#mat", "uv": [ 11.0, 9.5, 11.5, 10.0 ] },
						"east": { "texture": "#mat", "uv": [ 2.0, 0.0, 6.0, 0.5 ] },
						"south": { "texture": "#mat", "uv": [ 1.5, 9.5, 2.0, 10.0 ] },
						"west": { "texture": "#mat", "uv": [ 3.5, 9.5, 7.5, 10.0 ] },
						"up": { "texture": "#mat", "uv": [ 12.0, 3.5, 16.0, 4.0 ], "rotation": 90 }
					}
				},
				{
					"name": "E side13",
					"from": [ 1.5, 4.0, -2.0 ],
					"to": [ 2.0, 4.5, 2.0 ],
					"faces": {
						"north": { "texture": "#mat", "uv": [ 7.5, 9.5, 8.0, 10.0 ] },
						"east": { "texture": "#mat", "uv": [ 2.0, 9.5, 6.0, 10.0 ] },
						"south": { "texture": "#mat", "uv": [ 4.5, 9.5, 5.0, 10.0 ] },
						"west": { "texture": "#mat", "uv": [ 7.5, 0.0, 11.5, 0.5 ] },
						"up": { "texture": "#mat", "uv": [ 5.5, 3.0, 9.5, 3.5 ], "rotation": 90 }
					}
				},
				{
					"name": "N side14",
					"from": [ -1.5, 4.0, -2.0 ],
					"to": [ 1.5, 4.5, -1.5 ],
					"faces": {
						"north": { "texture": "#mat", "uv": [ 8.5, 9.5, 11.5, 10.0 ] },
						"south": { "texture": "#mat", "uv": [ 9.5, 0.0, 12.5, 0.5 ] },
						"up": { "texture": "#mat", "uv": [ 6.0, 3.5, 9.0, 4.0 ] }
					}
				},
				{
					"name": "N side15",
					"from": [ -1.5, 4.0, 1.5 ],
					"to": [ 1.5, 4.5, 2.0 ],
					"faces": {
						"north": { "texture": "#mat", "uv": [ 1.5, 0.0, 4.5, 0.5 ] },
						"south": { "texture": "#mat", "uv": [ 5.5, 9.5, 8.5, 10.0 ] },
						"up": { "texture": "#mat", "uv": [ 9.5, 3.0, 12.5, 3.5 ] }
					}
				},
				{
					"name": "E handle",
					"from": [ 3.5, 2.0, -1.0 ],
					"to": [ 4.5, 2.5, 1.0 ],
					"rotationOrigin": [ 0.0, 0.0, 0.0 ],
					"rotationZ": 22.5,
					"faces": {
						"north": { "texture": "#mat", "uv": [ 5.0, 2.0, 6.0, 2.5 ] },
						"east": { "texture": "#mat", "uv": [ 7.0, 2.0, 9.0, 2.5 ] },
						"south": { "texture": "#mat", "uv": [ 2.0, 2.5, 3.0, 3.0 ] },
						"west": { "texture": "#mat", "uv": [ 5.0, 0.5, 7.0, 1.0 ] },
						"up": { "texture": "#mat", "uv": [ 2.0, 9.0, 4.0, 10.0 ], "rotation": 270 },
						"down": { "texture": "#mat", "uv": [ 0.0, 0.0, 1.0, 2.0 ] }
					}
				},
				{
					"name": "W handle",
					"from": [ -4.5, 2.0, -1.0 ],
					"to": [ -3.5, 2.5, 1.0 ],
					"rotationOrigin": [ 0.0, 0.0, 0.0 ],
					"rotationZ": -22.5,
					"faces": {
						"north": { "texture": "#mat", "uv": [ 8.5, 2.0, 9.5, 2.5 ] },
						"east": { "texture": "#mat", "uv": [ 5.5, 1.5, 7.5, 2.0 ] },
						"south": { "texture": "#mat", "uv": [ 13.0, 2.0, 14.0, 2.5 ] },
						"west": { "texture": "#mat", "uv": [ 10.0, 2.0, 12.0, 2.5 ] },
						"up": { "texture": "#mat", "uv": [ 3.0, 9.0, 5.0, 10.0 ], "rotation": 90 },
						"down": { "texture": "#mat", "uv": [ 0.0, 0.0, 1.0, 2.0 ] }
					}
				}
			]
		}
	]}