{
	"editor": {
		"allAngles": false,
		"entityTextureMode": false
	},
	"textureWidth": 16,
	"textureHeight": 16,
	"textureSizes": {
	},
	"textures": {
		"mat": "game:block/metal/ingot/pewter"
	},
	"elements": [
		{
			"name": "origin",
			"from": [ 8.0, 0.0, 8.0 ],
			"to": [ 8.0, 0.0, 8.0 ],
			"rotationOrigin": [ 8.0, 0.0, 8.0 ],
			"faces": {
			},
			"children": [
				{
					"name": "lid",
					"from": [ -2.5, 0.5, -2.5 ],
					"to": [ 2.5, 1.0, 2.5 ],
					"faces": {
						"north": {
							"texture": "#mat",
							"uv": [ 0.0, 12.5, 5.0, 13.0 ]
						},
						"east": {
							"texture": "#mat",
							"uv": [ 0.0, 12.0, 5.0, 12.5 ]
						},
						"south": {
							"texture": "#mat",
							"uv": [ 0.0, 11.5, 5.0, 12.0 ]
						},
						"west": {
							"texture": "#mat",
							"uv": [ 0.0, 11.0, 5.0, 11.5 ]
						},
						"up": {
							"texture": "#mat",
							"uv": [ 11.0, 11.0, 16.0, 16.0 ]
						},
						"down": {
							"texture": "#mat",
							"uv": [ 6.0, 11.0, 11.0, 16.0 ]
						}
					},
					"children": [
						{
							"name": "handle",
							"from": [ 2.1, 0.8, 2.0 ],
							"to": [ 2.9, 1.3, 3.0 ],
							"faces": {
								"north": {
									"texture": "#mat",
									"uv": [ 11.5, 8.0, 12.0, 8.5 ]
								},
								"east": {
									"texture": "#mat",
									"uv": [ 3.0, 8.0, 4.0, 8.5 ]
								},
								"south": {
									"texture": "#mat",
									"uv": [ 3.5, 9.0, 4.0, 9.5 ]
								},
								"west": {
									"texture": "#mat",
									"uv": [ 10.0, 8.5, 11.0, 9.0 ]
								},
								"up": {
									"texture": "#mat",
									"uv": [ 4.0, 6.5, 4.5, 7.5 ]
								}
							}
						},
						{
							"name": "Cube1",
							"from": [ 1.0, -0.5, 1.0 ],
							"to": [ 4.0, 0.0, 4.0 ],
							"faces": {
								"north": {
									"texture": "#mat",
									"uv": [ 1.0, 11.0, 4.0, 11.5 ]
								},
								"east": {
									"texture": "#mat",
									"uv": [ 1.0, 11.5, 4.0, 12.0 ]
								},
								"south": {
									"texture": "#mat",
									"uv": [ 1.0, 11.0, 4.0, 11.5 ]
								},
								"west": {
									"texture": "#mat",
									"uv": [ 1.0, 12.5, 4.0, 13.0 ]
								},
								"down": {
									"texture": "#mat",
									"uv": [ 12.0, 12.0, 15.0, 15.0 ]
								}
							}
						},
						{
							"name": "handle2",
							"from": [ 2.1, 0.5, 1.5 ],
							"to": [ 2.9, 1.3, 2.0 ],
							"rotationOrigin": [ 0.0, 0.0, 0.0 ],
							"faces": {
								"north": {
									"texture": "#mat",
									"uv": [ 11.5, 8.0, 12.0, 8.5 ]
								},
								"east": {
									"texture": "#mat",
									"uv": [ 3.0, 8.0, 3.5, 8.5 ]
								},
								"south": {
									"texture": "#mat",
									"uv": [ 3.5, 9.0, 4.0, 9.5 ]
								},
								"west": {
									"texture": "#mat",
									"uv": [ 10.0, 8.5, 10.5, 9.0 ]
								},
								"up": {
									"texture": "#mat",
									"uv": [ 4.5, 6.5, 5.0, 7.0 ]
								}
							}
						},
						{
							"name": "handle3",
							"from": [ 2.1, 0.5, 3.0 ],
							"to": [ 2.9, 1.3, 3.5 ],
							"faces": {
								"north": {
									"texture": "#mat",
									"uv": [ 11.5, 8.0, 12.0, 8.5 ]
								},
								"east": {
									"texture": "#mat",
									"uv": [ 3.0, 8.0, 3.5, 8.5 ]
								},
								"south": {
									"texture": "#mat",
									"uv": [ 3.5, 9.0, 4.0, 9.5 ]
								},
								"west": {
									"texture": "#mat",
									"uv": [ 10.0, 8.5, 10.5, 9.0 ]
								},
								"up": {
									"texture": "#mat",
									"uv": [ 4.0, 6.5, 4.5, 7.0 ]
								}
							}
						}
					]
				}
			]
		}
	]
}