{
	"editor": {
		"allAngles": false,
		"entityTextureMode": false
	},
	"textureWidth": 16,
	"textureHeight": 16,
	"textureSizes": {
	},
	"textures": {
		"label": "block/clay/crock/label"
	},
	"elements": [
		{
			"name": "origin",
			"from": [ 8.0, 0.0, 8.0 ], 
			"to": [ 8.0, 0.0, 8.0 ], 
			"rotationOrigin": [ 8.0, 0.0, 8.0 ],
			"faces": {
				"north": { "texture": "#null", "uv": [ 0.0, 0.0, 0.0, 0.0 ], "enabled": false },
				"east": { "texture": "#null", "uv": [ 0.5, -0.5, 0.5, -0.5 ], "enabled": false },
				"south": { "texture": "#null", "uv": [ 0.0, 0.0, 0.0, 0.0 ], "enabled": false },
				"west": { "texture": "#null", "uv": [ 0.0, 0.0, 0.0, 0.0 ], "enabled": false },
				"up": { "texture": "#null", "uv": [ 0.0, 0.0, 0.0, 0.0 ], "enabled": false },
				"down": { "texture": "#null", "uv": [ 0.0, 0.0, 0.0, 0.0 ], "enabled": false }
			},
			"children": [
				{
					"name": "label",
					"from": [ -2.0, 1.0, 2.01 ], 
					"to": [ 2.0, 3.5, 2.51 ], 
					"rotationOrigin": [ -3.0, 0.4, 2.5 ],
					"faces": {
						"north": { "texture": "#label", "uv": [ 0.0, 0.0, 4.0, 2.5 ], "enabled": false },
						"east": { "texture": "#label", "uv": [ 6.5, 5.0, 7.0, 7.5 ], "enabled": false },
						"south": { "texture": "#label", "uv": [ 8.0, 5.0, 12.0, 7.5 ] },
						"west": { "texture": "#label", "uv": [ 3.0, 2.0, 3.5, 4.5 ], "enabled": false },
						"up": { "texture": "#label", "uv": [ 3.5, 3.0, 7.5, 3.5 ], "enabled": false },
						"down": { "texture": "#label", "uv": [ 3.5, 6.5, 7.5, 7.0 ], "enabled": false }
					}
				}
			]
		}
	]}