{
	"textureWidth": 16,
	"textureHeight": 16,
	"textures": {
		"0": "game:block/plant/pumpkin/fruit/stage1-3"
	},
	"elements": [
		{
			"name": "Cube1",
			"from": [ 6.5, 0.0, 6.5 ],
			"to": [ 9.5, 3.0, 9.5 ],
			"rotationOrigin": [ 8.0, 0.0, 8.0 ],
			"faces": {
				"north": { "texture": "#0", "uv": [ 3.0, 1.0, 6.0, 4.0 ] },
				"east": { "texture": "#0", "uv": [ 3.0, 1.0, 6.0, 4.0 ], "rotation": 180 },
				"south": { "texture": "#0", "uv": [ 3.0, 1.0, 6.0, 4.0 ] },
				"west": { "texture": "#0", "uv": [ 3.0, 1.0, 6.0, 4.0 ], "rotation": 180 },
				"up": { "texture": "#0", "uv": [ 12.0, 13.0, 15.0, 16.0 ] },
				"down": { "texture": "#0", "uv": [ 0.0, 1.0, 3.0, 4.0 ] }
			}
		}
	]}
