[
	{
	"ingredientPattern": "K,A,B",
	"ingredients": {
		"K": { "type": "item", "code": "game:knife-generic-*", "isTool": true },
		"A": { "type": "item", "code": "tailorsdelight:awl-*", "isTool": true },
		"B": { "type": "item", "code": "game:bone", "quantity": 1 }
	},
	"width": 1,
	"height": 3,
	"output": { "type": "item", "code": "tailorsdelight:needle-bone", "quantity": 2 }
	},

	{
	"ingredientPattern": "K,A,H",
	"ingredients": {
		"K": { "type": "item", "code": "game:knife-generic-*", "isTool": true },
		"A": { "type": "item", "code": "tailorsdelight:awl-*", "isTool": true },
		"H": { "type": "item", "code": "game:antler-*-09", "quantity": 1 }
	},
	"width": 1,
	"height": 3,
	"output": { "type": "item", "code": "tailorsdelight:needle-horn", "quantity": 8 }
	},

	{
	"ingredientPattern": "K,A,H",
	"ingredients": {
		"K": { "type": "item", "code": "game:knife-generic-*", "isTool": true },
		"A": { "type": "item", "code": "tailorsdelight:awl-*", "isTool": true },
		"H": { "type": "item", "code": "game:antler-*-08", "quantity": 1 }
	},
	"width": 1,
	"height": 3,
	"output": { "type": "item", "code": "tailorsdelight:needle-horn", "quantity": 6 }
	},

	{
	"ingredientPattern": "K,A,H",
	"ingredients": {
		"K": { "type": "item", "code": "game:knife-generic-*", "isTool": true },
		"A": { "type": "item", "code": "tailorsdelight:awl-*", "isTool": true },
		"H": { "type": "item", "code": "game:antler-*-07", "quantity": 1 }
	},
	"width": 1,
	"height": 3,
	"output": { "type": "item", "code": "tailorsdelight:needle-horn", "quantity": 4 }
	},

	{
	"ingredientPattern": "K,A,H",
	"ingredients": {
		"K": { "type": "item", "code": "game:knife-generic-*", "isTool": true },
		"A": { "type": "item", "code": "tailorsdelight:awl-*", "isTool": true },
		"H": { "type": "item", "code": "game:antler-*-06", "quantity": 1 }
	},
	"width": 1,
	"height": 3,
	"output": { "type": "item", "code": "tailorsdelight:needle-horn", "quantity": 4 }
	},

	{
	"ingredientPattern": "K,A,H",
	"ingredients": {
		"K": { "type": "item", "code": "game:knife-generic-*", "isTool": true },
		"A": { "type": "item", "code": "tailorsdelight:awl-*", "isTool": true },
		"H": { "type": "item", "code": "game:antler-*-05", "quantity": 1 }
	},
	"width": 1,
	"height": 3,
	"output": { "type": "item", "code": "tailorsdelight:needle-horn", "quantity": 4 }
	},

	{
	"ingredientPattern": "K,A,H",
	"ingredients": {
		"K": { "type": "item", "code": "game:knife-generic-*", "isTool": true },
		"A": { "type": "item", "code": "tailorsdelight:awl-*", "isTool": true },
		"H": { "type": "item", "code": "game:antler-*", "quantity": 1 }
	},
	"width": 1,
	"height": 3,
	"output": { "type": "item", "code": "tailorsdelight:needle-horn", "quantity": 2 }
	}
]
