[{
	ingredientPattern: "R",
	ingredients: {
		"R": { type: "block", code: "tallwindowl-closed-aged-east"   },
	},
	width: 1,
	height: 1,
    "shapeless": true,
	output: { 
        type: "block", 
        code: "tallwindowr-closed-aged-east",
        quantity: 1
        }
},
{
	ingredientPattern: "R",
	ingredients: {
		"R": { type: "block", code: "tallwindowl-closed-acacia-east"   },
	},
	width: 1,
	height: 1,
    "shapeless": true,
	output: { 
        type: "block", 
        code: "tallwindowr-closed-acacia-east",
        quantity: 1
        }
},
{
	ingredientPattern: "R",
	ingredients: {
		"R": { type: "block", code: "tallwindowl-closed-baldcypress-east"   },
	},
	width: 1,
	height: 1,
    "shapeless": true,
	output: { 
        type: "block", 
        code: "tallwindowr-closed-baldcypress-east",
        quantity: 1
        }
},
{
	ingredientPattern: "R",
	ingredients: {
		"R": { type: "block", code: "tallwindowl-closed-birch-east"   },
	},
	width: 1,
	height: 1,
    "shapeless": true,
	output: { 
        type: "block", 
        code: "tallwindowr-closed-birch-east",
        quantity: 1
        }
},
{
	ingredientPattern: "R",
	ingredients: {
		"R": { type: "block", code: "tallwindowl-closed-ebony-east"   },
	},
	width: 1,
	height: 1,
    "shapeless": true,
	output: { 
        type: "block", 
        code: "tallwindowr-closed-ebony-east",
        quantity: 1
        }
},
{
	ingredientPattern: "R",
	ingredients: {
		"R": { type: "block", code: "tallwindowl-closed-kapok-east"   },
	},
	width: 1,
	height: 1,
    "shapeless": true,
	output: { 
        type: "block", 
        code: "tallwindowr-closed-kapok-east",
        quantity: 1
        }
},
{
	ingredientPattern: "R",
	ingredients: {
		"R": { type: "block", code: "tallwindowl-closed-larch-east"   },
	},
	width: 1,
	height: 1,
    "shapeless": true,
	output: { 
        type: "block", 
        code: "tallwindowr-closed-larch-east",
        quantity: 1
        }
},
{
	ingredientPattern: "R",
	ingredients: {
		"R": { type: "block", code: "tallwindowl-closed-maple-east"   },
	},
	width: 1,
	height: 1,
    "shapeless": true,
	output: { 
        type: "block", 
        code: "tallwindowr-closed-maple-east",
        quantity: 1
        }
},
{
	ingredientPattern: "R",
	ingredients: {
		"R": { type: "block", code: "tallwindowl-closed-oak-east"   },
	},
	width: 1,
	height: 1,
    "shapeless": true,
	output: { 
        type: "block", 
        code: "tallwindowr-closed-oak-east",
        quantity: 1
        }
},
{
	ingredientPattern: "R",
	ingredients: {
		"R": { type: "block", code: "tallwindowl-closed-pine-east"   },
	},
	width: 1,
	height: 1,
    "shapeless": true,
	output: { 
        type: "block", 
        code: "tallwindowr-closed-pine-east",
        quantity: 1
        }
},
{
	ingredientPattern: "R",
	ingredients: {
		"R": { type: "block", code: "tallwindowl-closed-purpleheart-east"   },
	},
	width: 1,
	height: 1,
    "shapeless": true,
	output: { 
        type: "block", 
        code: "tallwindowr-closed-purpleheart-east",
        quantity: 1
        }
},
{
	ingredientPattern: "R",
	ingredients: {
		"R": { type: "block", code: "tallwindowl-closed-redwood-east"   },
	},
	width: 1,
	height: 1,
    "shapeless": true,
	output: { 
        type: "block", 
        code: "tallwindowr-closed-redwood-east",
        quantity: 1
        }
},
{
	ingredientPattern: "R",
	ingredients: {
		"R": { type: "block", code: "tallwindowl-closed-walnut-east"   },
	},
	width: 1,
	height: 1,
    "shapeless": true,
	output: { 
        type: "block", 
        code: "tallwindowr-closed-walnut-east",
        quantity: 1
        }
}]