{
	"editor": {
		"allAngles": false,
		"entityTextureMode": false
	},
	"textureWidth": 16,
	"textureHeight": 16,
	"textureSizes": {
	},
	"textures": {
		"surface": "surface",
		"wood": "wood"
	},
	"elements": [
		{
			"name": "BShelf",
			"from": [ 1.0, 0.0, 1.0 ],
			"to": [ 15.0, 1.0, 8.0 ],
			"rotationOrigin": [ 1.0, 0.0, 1.0 ],
			"faces": {
				"south": { "texture": "#surface", "uv": [ 0.0, 3.0, 14.0, 4.0 ] },
				"up": { "texture": "#surface", "uv": [ 0.0, 9.0, 16.0, 16.0 ], "autoUv": false },
				"down": { "texture": "#surface", "uv": [ 0.0, 9.0, 16.0, 16.0 ], "autoUv": false }
			},
			"children": [
				{
					"name": "BRL1",
					"from": [ 0.5, 0.5, 1.0 ],
					"to": [ 4.5, 2.5, 1.5 ],
					"rotationOrigin": [ 0.0, 1.0, 1.0 ],
					"rotationX": -22.5,
					"faces": {
						"north": { "texture": "#surface", "uv": [ 0.0, 0.0, 4.0, 2.0 ] },
						"east": { "texture": "#surface", "uv": [ 0.0, 0.0, 0.5, 2.0 ] },
						"south": { "texture": "#surface", "uv": [ 6.0, 3.0, 10.0, 5.0 ] },
						"west": { "texture": "#surface", "uv": [ 0.0, 0.0, 0.5, 2.0 ] },
						"up": { "texture": "#surface", "uv": [ 0.0, 0.0, 4.0, 0.5 ] }
					},
					"children": [
						{
							"name": "BRM1",
							"from": [ 4.5, 0.0, 0.0 ],
							"to": [ 8.5, 2.0, 0.5 ],
							"rotationOrigin": [ 5.0, 0.5, 0.0 ],
							"faces": {
								"north": { "texture": "#surface", "uv": [ 0.0, 0.0, 4.0, 2.0 ] },
								"east": { "texture": "#surface", "uv": [ 0.0, 0.0, 0.5, 2.0 ] },
								"south": { "texture": "#surface", "uv": [ 6.0, 3.0, 10.0, 5.0 ] },
								"west": { "texture": "#surface", "uv": [ 0.0, 0.0, 0.5, 2.0 ] },
								"up": { "texture": "#surface", "uv": [ 0.0, 0.0, 4.0, 0.5 ] }
							}
						},
						{
							"name": "BRR1",
							"from": [ 9.0, 0.0, 0.0 ],
							"to": [ 13.0, 2.0, 0.5 ],
							"rotationOrigin": [ 10.0, 0.5, 0.0 ],
							"faces": {
								"north": { "texture": "#surface", "uv": [ 0.0, 0.0, 4.0, 2.0 ] },
								"east": { "texture": "#surface", "uv": [ 0.0, 0.0, 0.5, 2.0 ] },
								"south": { "texture": "#surface", "uv": [ 6.0, 3.0, 10.0, 5.0 ] },
								"west": { "texture": "#surface", "uv": [ 0.0, 0.0, 0.5, 2.0 ] },
								"up": { "texture": "#surface", "uv": [ 0.0, 0.0, 4.0, 0.5 ] }
							}
						}
					]
				},
				{
					"name": "BRBeam",
					"from": [ 12.0, 2.0, -1.0 ],
					"to": [ 14.0, 4.0, 0.0 ],
					"rotationOrigin": [ 12.0, 2.0, -1.0 ],
					"faces": {
						"north": { "texture": "#wood", "uv": [ 5.0, 13.0, 7.0, 15.0 ] },
						"east": { "texture": "#wood", "uv": [ 1.0, 8.0, 2.0, 10.0 ] },
						"south": { "texture": "#wood", "uv": [ 10.0, 13.0, 12.0, 15.0 ] },
						"west": { "texture": "#wood", "uv": [ 4.0, 10.0, 5.0, 12.0 ] }
					}
				},
				{
					"name": "BLBeam",
					"from": [ 0.0, 2.0, -1.0 ],
					"to": [ 2.0, 4.0, 0.0 ],
					"rotationOrigin": [ 0.0, 2.0, -1.0 ],
					"faces": {
						"north": { "texture": "#wood", "uv": [ 5.0, 13.0, 7.0, 15.0 ] },
						"east": { "texture": "#wood", "uv": [ 1.0, 8.0, 2.0, 10.0 ] },
						"south": { "texture": "#wood", "uv": [ 10.0, 13.0, 12.0, 15.0 ] },
						"west": { "texture": "#wood", "uv": [ 4.0, 10.0, 5.0, 12.0 ] }
					}
				},
				{
					"name": "BLFence",
					"from": [ -1.0, 0.0, -1.0 ],
					"to": [ 0.0, 2.0, 7.0 ],
					"rotationOrigin": [ -1.0, 0.0, -1.0 ],
					"faces": {
						"north": { "texture": "#surface", "uv": [ 1.0, 3.0, 3.0, 4.0 ], "rotation": 90 },
						"east": { "texture": "#surface", "uv": [ 0.0, 3.0, 2.0, 11.0 ], "rotation": 270 },
						"south": { "texture": "#surface", "uv": [ 1.0, 15.0, 3.0, 16.0 ], "rotation": 90 },
						"west": { "texture": "#surface", "uv": [ 12.0, 3.0, 14.0, 11.0 ], "rotation": 90 },
						"up": { "texture": "#surface", "uv": [ 15.0, 3.0, 16.0, 11.0 ], "rotation": 180 },
						"down": { "texture": "#surface", "uv": [ 3.0, 3.0, 4.0, 11.0 ], "rotation": 180 }
					}
				},
				{
					"name": "BRFence",
					"from": [ 14.0, 0.0, -1.0 ],
					"to": [ 15.0, 2.0, 7.0 ],
					"rotationOrigin": [ 14.0, 0.0, -1.0 ],
					"faces": {
						"north": { "texture": "#surface", "uv": [ 1.0, 15.0, 3.0, 16.0 ], "rotation": 90 },
						"east": { "texture": "#surface", "uv": [ 14.0, 3.0, 16.0, 11.0 ], "rotation": 270 },
						"south": { "texture": "#surface", "uv": [ 1.0, 3.0, 3.0, 4.0 ], "rotation": 90 },
						"west": { "texture": "#surface", "uv": [ 1.0, 3.0, 3.0, 11.0 ], "rotation": 90 },
						"up": { "texture": "#surface", "uv": [ 0.0, 3.0, 1.0, 11.0 ], "rotation": 180 },
						"down": { "texture": "#surface", "uv": [ 3.0, 3.0, 4.0, 11.0 ], "rotation": 180 }
					}
				},
				{
					"name": "BBFence",
					"from": [ 0.0, 0.0, -1.0 ],
					"to": [ 14.0, 2.0, 0.0 ],
					"rotationOrigin": [ 0.0, 0.0, -1.0 ],
					"faces": {
						"north": { "texture": "#surface", "uv": [ 14.0, 3.0, 16.0, 16.0 ], "rotation": 90, "autoUv": false, "windMode": [-1,-1,-1,-1] },
						"south": { "texture": "#surface", "uv": [ 14.0, 3.0, 16.0, 16.0 ], "rotation": 270, "autoUv": false },
						"up": { "texture": "#surface", "uv": [ 15.0, 3.0, 16.0, 16.0 ], "rotation": 270, "autoUv": false, "windMode": [-1,-1,-1,-1] },
						"down": { "texture": "#surface", "uv": [ 6.0, 3.0, 7.0, 16.0 ], "rotation": 90, "autoUv": false }
					}
				},
				{
					"name": "BRL2",
					"from": [ 0.5, 0.5, 3.0 ],
					"to": [ 4.5, 2.5, 3.5 ],
					"rotationOrigin": [ 0.0, 1.0, 3.0 ],
					"rotationX": -22.5,
					"faces": {
						"north": { "texture": "#surface", "uv": [ 0.0, 0.0, 4.0, 2.0 ] },
						"east": { "texture": "#surface", "uv": [ 0.0, 0.0, 0.5, 2.0 ] },
						"south": { "texture": "#surface", "uv": [ 6.0, 3.0, 10.0, 5.0 ] },
						"west": { "texture": "#surface", "uv": [ 0.0, 0.0, 0.5, 2.0 ] },
						"up": { "texture": "#surface", "uv": [ 0.0, 0.0, 4.0, 0.5 ] }
					},
					"children": [
						{
							"name": "BRM2",
							"from": [ 4.5, 0.0, 0.0 ],
							"to": [ 8.5, 2.0, 0.5 ],
							"rotationOrigin": [ 5.0, 0.5, 0.0 ],
							"faces": {
								"north": { "texture": "#surface", "uv": [ 0.0, 0.0, 4.0, 2.0 ] },
								"east": { "texture": "#surface", "uv": [ 0.0, 0.0, 0.5, 2.0 ] },
								"south": { "texture": "#surface", "uv": [ 6.0, 3.0, 10.0, 5.0 ] },
								"west": { "texture": "#surface", "uv": [ 0.0, 0.0, 0.5, 2.0 ] },
								"up": { "texture": "#surface", "uv": [ 0.0, 0.0, 4.0, 0.5 ] }
							}
						},
						{
							"name": "BRR2",
							"from": [ 9.0, 0.0, 0.0 ],
							"to": [ 13.0, 2.0, 0.5 ],
							"rotationOrigin": [ 10.0, 0.5, 0.0 ],
							"faces": {
								"north": { "texture": "#surface", "uv": [ 0.0, 0.0, 4.0, 2.0 ] },
								"east": { "texture": "#surface", "uv": [ 0.0, 0.0, 0.5, 2.0 ] },
								"south": { "texture": "#surface", "uv": [ 6.0, 3.0, 10.0, 5.0 ] },
								"west": { "texture": "#surface", "uv": [ 0.0, 0.0, 0.5, 2.0 ] },
								"up": { "texture": "#surface", "uv": [ 0.0, 0.0, 4.0, 0.5 ] }
							}
						}
					]
				},
				{
					"name": "BRL3",
					"from": [ 0.5, 0.5, 5.0 ],
					"to": [ 4.5, 2.5, 5.5 ],
					"rotationOrigin": [ 0.0, 1.0, 5.0 ],
					"rotationX": -22.5,
					"faces": {
						"north": { "texture": "#surface", "uv": [ 0.0, 0.0, 4.0, 2.0 ] },
						"east": { "texture": "#surface", "uv": [ 0.0, 0.0, 0.5, 2.0 ] },
						"south": { "texture": "#surface", "uv": [ 6.0, 3.0, 10.0, 5.0 ] },
						"west": { "texture": "#surface", "uv": [ 0.0, 0.0, 0.5, 2.0 ] },
						"up": { "texture": "#surface", "uv": [ 0.0, 0.0, 4.0, 0.5 ] }
					},
					"children": [
						{
							"name": "BRM3",
							"from": [ 4.5, 0.0, 0.0 ],
							"to": [ 8.5, 2.0, 0.5 ],
							"rotationOrigin": [ 5.0, 0.5, 0.0 ],
							"faces": {
								"north": { "texture": "#surface", "uv": [ 0.0, 0.0, 4.0, 2.0 ] },
								"east": { "texture": "#surface", "uv": [ 0.0, 0.0, 0.5, 2.0 ] },
								"south": { "texture": "#surface", "uv": [ 6.0, 3.0, 10.0, 5.0 ] },
								"west": { "texture": "#surface", "uv": [ 0.0, 0.0, 0.5, 2.0 ] },
								"up": { "texture": "#surface", "uv": [ 0.0, 0.0, 4.0, 0.5 ] }
							}
						},
						{
							"name": "BRR3",
							"from": [ 9.0, 0.0, 0.0 ],
							"to": [ 13.0, 2.0, 0.5 ],
							"rotationOrigin": [ 10.0, 0.5, 0.0 ],
							"faces": {
								"north": { "texture": "#surface", "uv": [ 0.0, 0.0, 4.0, 2.0 ] },
								"east": { "texture": "#surface", "uv": [ 0.0, 0.0, 0.5, 2.0 ] },
								"south": { "texture": "#surface", "uv": [ 6.0, 3.0, 10.0, 5.0 ] },
								"west": { "texture": "#surface", "uv": [ 0.0, 0.0, 0.5, 2.0 ] },
								"up": { "texture": "#surface", "uv": [ 0.0, 0.0, 4.0, 0.5 ] }
							}
						}
					]
				}
			]
		},
		{
			"name": "MBShelf",
			"from": [ 1.0, 4.0, 1.0 ],
			"to": [ 15.0, 5.0, 8.0 ],
			"rotationOrigin": [ 1.0, 4.0, 1.0 ],
			"faces": {
				"south": { "texture": "#surface", "uv": [ 0.0, 3.0, 14.0, 4.0 ] },
				"up": { "texture": "#surface", "uv": [ 0.0, 9.0, 16.0, 16.0 ], "autoUv": false },
				"down": { "texture": "#surface", "uv": [ 0.0, 9.0, 16.0, 16.0 ], "autoUv": false }
			},
			"children": [
				{
					"name": "BRL4",
					"from": [ 0.5, 0.5, 1.0 ],
					"to": [ 4.5, 2.5, 1.5 ],
					"rotationOrigin": [ 0.0, 1.0, 1.0 ],
					"rotationX": -22.5,
					"faces": {
						"north": { "texture": "#surface", "uv": [ 0.0, 0.0, 4.0, 2.0 ] },
						"east": { "texture": "#surface", "uv": [ 0.0, 0.0, 0.5, 2.0 ] },
						"south": { "texture": "#surface", "uv": [ 6.0, 3.0, 10.0, 5.0 ] },
						"west": { "texture": "#surface", "uv": [ 0.0, 0.0, 0.5, 2.0 ] },
						"up": { "texture": "#surface", "uv": [ 0.0, 0.0, 4.0, 0.5 ] }
					},
					"children": [
						{
							"name": "BRM4",
							"from": [ 4.5, 0.0, 0.0 ],
							"to": [ 8.5, 2.0, 0.5 ],
							"rotationOrigin": [ 5.0, 0.5, 0.0 ],
							"faces": {
								"north": { "texture": "#surface", "uv": [ 0.0, 0.0, 4.0, 2.0 ] },
								"east": { "texture": "#surface", "uv": [ 0.0, 0.0, 0.5, 2.0 ] },
								"south": { "texture": "#surface", "uv": [ 6.0, 3.0, 10.0, 5.0 ] },
								"west": { "texture": "#surface", "uv": [ 0.0, 0.0, 0.5, 2.0 ] },
								"up": { "texture": "#surface", "uv": [ 0.0, 0.0, 4.0, 0.5 ] }
							}
						},
						{
							"name": "BRR4",
							"from": [ 9.0, 0.0, 0.0 ],
							"to": [ 13.0, 2.0, 0.5 ],
							"rotationOrigin": [ 10.0, 0.5, 0.0 ],
							"faces": {
								"north": { "texture": "#surface", "uv": [ 0.0, 0.0, 4.0, 2.0 ] },
								"east": { "texture": "#surface", "uv": [ 0.0, 0.0, 0.5, 2.0 ] },
								"south": { "texture": "#surface", "uv": [ 6.0, 3.0, 10.0, 5.0 ] },
								"west": { "texture": "#surface", "uv": [ 0.0, 0.0, 0.5, 2.0 ] },
								"up": { "texture": "#surface", "uv": [ 0.0, 0.0, 4.0, 0.5 ] }
							}
						}
					]
				},
				{
					"name": "BRBeam2",
					"from": [ 12.0, 2.0, -1.0 ],
					"to": [ 14.0, 4.0, 0.0 ],
					"rotationOrigin": [ 12.0, 2.0, -1.0 ],
					"faces": {
						"north": { "texture": "#wood", "uv": [ 5.0, 13.0, 7.0, 15.0 ] },
						"east": { "texture": "#wood", "uv": [ 1.0, 8.0, 2.0, 10.0 ] },
						"south": { "texture": "#wood", "uv": [ 10.0, 13.0, 12.0, 15.0 ] },
						"west": { "texture": "#wood", "uv": [ 4.0, 10.0, 5.0, 12.0 ] }
					}
				},
				{
					"name": "BLBeam2",
					"from": [ 0.0, 2.0, -1.0 ],
					"to": [ 2.0, 4.0, 0.0 ],
					"rotationOrigin": [ 0.0, 2.0, -1.0 ],
					"faces": {
						"north": { "texture": "#wood", "uv": [ 5.0, 13.0, 7.0, 15.0 ] },
						"east": { "texture": "#wood", "uv": [ 1.0, 8.0, 2.0, 10.0 ] },
						"south": { "texture": "#wood", "uv": [ 10.0, 13.0, 12.0, 15.0 ] },
						"west": { "texture": "#wood", "uv": [ 4.0, 10.0, 5.0, 12.0 ] }
					}
				},
				{
					"name": "BLFence2",
					"from": [ -1.0, 0.0, -1.0 ],
					"to": [ 0.0, 2.0, 7.0 ],
					"rotationOrigin": [ -1.0, 0.0, -1.0 ],
					"faces": {
						"north": { "texture": "#surface", "uv": [ 1.0, 3.0, 3.0, 4.0 ], "rotation": 90 },
						"east": { "texture": "#surface", "uv": [ 0.0, 3.0, 2.0, 11.0 ], "rotation": 270 },
						"south": { "texture": "#surface", "uv": [ 1.0, 15.0, 3.0, 16.0 ], "rotation": 90 },
						"west": { "texture": "#surface", "uv": [ 12.0, 3.0, 14.0, 11.0 ], "rotation": 90 },
						"up": { "texture": "#surface", "uv": [ 15.0, 3.0, 16.0, 11.0 ], "rotation": 180 },
						"down": { "texture": "#surface", "uv": [ 3.0, 3.0, 4.0, 11.0 ], "rotation": 180 }
					}
				},
				{
					"name": "BRFence2",
					"from": [ 14.0, 0.0, -1.0 ],
					"to": [ 15.0, 2.0, 7.0 ],
					"rotationOrigin": [ 14.0, 0.0, -1.0 ],
					"faces": {
						"north": { "texture": "#surface", "uv": [ 1.0, 15.0, 3.0, 16.0 ], "rotation": 90 },
						"east": { "texture": "#surface", "uv": [ 14.0, 3.0, 16.0, 11.0 ], "rotation": 270 },
						"south": { "texture": "#surface", "uv": [ 1.0, 3.0, 3.0, 4.0 ], "rotation": 90 },
						"west": { "texture": "#surface", "uv": [ 1.0, 3.0, 3.0, 11.0 ], "rotation": 90 },
						"up": { "texture": "#surface", "uv": [ 0.0, 3.0, 1.0, 11.0 ], "rotation": 180 },
						"down": { "texture": "#surface", "uv": [ 3.0, 3.0, 4.0, 11.0 ], "rotation": 180 }
					}
				},
				{
					"name": "BBFence2",
					"from": [ 0.0, 0.0, -1.0 ],
					"to": [ 14.0, 2.0, 0.0 ],
					"rotationOrigin": [ 0.0, 0.0, -1.0 ],
					"faces": {
						"north": { "texture": "#surface", "uv": [ 14.0, 3.0, 16.0, 16.0 ], "rotation": 90, "autoUv": false, "windMode": [-1,-1,-1,-1] },
						"south": { "texture": "#surface", "uv": [ 14.0, 3.0, 16.0, 16.0 ], "rotation": 270, "autoUv": false },
						"up": { "texture": "#surface", "uv": [ 15.0, 3.0, 16.0, 16.0 ], "rotation": 270, "autoUv": false, "windMode": [-1,-1,-1,-1] },
						"down": { "texture": "#surface", "uv": [ 6.0, 3.0, 7.0, 16.0 ], "rotation": 90, "autoUv": false }
					}
				},
				{
					"name": "BRL5",
					"from": [ 0.5, 0.5, 3.0 ],
					"to": [ 4.5, 2.5, 3.5 ],
					"rotationOrigin": [ 0.0, 1.0, 3.0 ],
					"rotationX": -22.5,
					"faces": {
						"north": { "texture": "#surface", "uv": [ 0.0, 0.0, 4.0, 2.0 ] },
						"east": { "texture": "#surface", "uv": [ 0.0, 0.0, 0.5, 2.0 ] },
						"south": { "texture": "#surface", "uv": [ 6.0, 3.0, 10.0, 5.0 ] },
						"west": { "texture": "#surface", "uv": [ 0.0, 0.0, 0.5, 2.0 ] },
						"up": { "texture": "#surface", "uv": [ 0.0, 0.0, 4.0, 0.5 ] }
					},
					"children": [
						{
							"name": "BRM5",
							"from": [ 4.5, 0.0, 0.0 ],
							"to": [ 8.5, 2.0, 0.5 ],
							"rotationOrigin": [ 5.0, 0.5, 0.0 ],
							"faces": {
								"north": { "texture": "#surface", "uv": [ 0.0, 0.0, 4.0, 2.0 ] },
								"east": { "texture": "#surface", "uv": [ 0.0, 0.0, 0.5, 2.0 ] },
								"south": { "texture": "#surface", "uv": [ 6.0, 3.0, 10.0, 5.0 ] },
								"west": { "texture": "#surface", "uv": [ 0.0, 0.0, 0.5, 2.0 ] },
								"up": { "texture": "#surface", "uv": [ 0.0, 0.0, 4.0, 0.5 ] }
							}
						},
						{
							"name": "BRR5",
							"from": [ 9.0, 0.0, 0.0 ],
							"to": [ 13.0, 2.0, 0.5 ],
							"rotationOrigin": [ 10.0, 0.5, 0.0 ],
							"faces": {
								"north": { "texture": "#surface", "uv": [ 0.0, 0.0, 4.0, 2.0 ] },
								"east": { "texture": "#surface", "uv": [ 0.0, 0.0, 0.5, 2.0 ] },
								"south": { "texture": "#surface", "uv": [ 6.0, 3.0, 10.0, 5.0 ] },
								"west": { "texture": "#surface", "uv": [ 0.0, 0.0, 0.5, 2.0 ] },
								"up": { "texture": "#surface", "uv": [ 0.0, 0.0, 4.0, 0.5 ] }
							}
						}
					]
				},
				{
					"name": "BRL6",
					"from": [ 0.5, 0.5, 5.0 ],
					"to": [ 4.5, 2.5, 5.5 ],
					"rotationOrigin": [ 0.0, 1.0, 5.0 ],
					"rotationX": -22.5,
					"faces": {
						"north": { "texture": "#surface", "uv": [ 0.0, 0.0, 4.0, 2.0 ] },
						"east": { "texture": "#surface", "uv": [ 0.0, 0.0, 0.5, 2.0 ] },
						"south": { "texture": "#surface", "uv": [ 6.0, 3.0, 10.0, 5.0 ] },
						"west": { "texture": "#surface", "uv": [ 0.0, 0.0, 0.5, 2.0 ] },
						"up": { "texture": "#surface", "uv": [ 0.0, 0.0, 4.0, 0.5 ] }
					},
					"children": [
						{
							"name": "BRM6",
							"from": [ 4.5, 0.0, 0.0 ],
							"to": [ 8.5, 2.0, 0.5 ],
							"rotationOrigin": [ 5.0, 0.5, 0.0 ],
							"faces": {
								"north": { "texture": "#surface", "uv": [ 0.0, 0.0, 4.0, 2.0 ] },
								"east": { "texture": "#surface", "uv": [ 0.0, 0.0, 0.5, 2.0 ] },
								"south": { "texture": "#surface", "uv": [ 6.0, 3.0, 10.0, 5.0 ] },
								"west": { "texture": "#surface", "uv": [ 0.0, 0.0, 0.5, 2.0 ] },
								"up": { "texture": "#surface", "uv": [ 0.0, 0.0, 4.0, 0.5 ] }
							}
						},
						{
							"name": "BRR6",
							"from": [ 9.0, 0.0, 0.0 ],
							"to": [ 13.0, 2.0, 0.5 ],
							"rotationOrigin": [ 10.0, 0.5, 0.0 ],
							"faces": {
								"north": { "texture": "#surface", "uv": [ 0.0, 0.0, 4.0, 2.0 ] },
								"east": { "texture": "#surface", "uv": [ 0.0, 0.0, 0.5, 2.0 ] },
								"south": { "texture": "#surface", "uv": [ 6.0, 3.0, 10.0, 5.0 ] },
								"west": { "texture": "#surface", "uv": [ 0.0, 0.0, 0.5, 2.0 ] },
								"up": { "texture": "#surface", "uv": [ 0.0, 0.0, 4.0, 0.5 ] }
							}
						}
					]
				}
			]
		},
		{
			"name": "MUShelf",
			"from": [ 1.0, 8.0, 1.0 ],
			"to": [ 15.0, 9.0, 8.0 ],
			"rotationOrigin": [ 1.0, 8.0, 1.0 ],
			"faces": {
				"south": { "texture": "#surface", "uv": [ 0.0, 3.0, 14.0, 4.0 ] },
				"up": { "texture": "#surface", "uv": [ 0.0, 9.0, 16.0, 16.0 ], "autoUv": false },
				"down": { "texture": "#surface", "uv": [ 0.0, 9.0, 16.0, 16.0 ], "autoUv": false }
			},
			"children": [
				{
					"name": "BRL7",
					"from": [ 0.5, 0.5, 1.0 ],
					"to": [ 4.5, 2.5, 1.5 ],
					"rotationOrigin": [ 0.0, 1.0, 1.0 ],
					"rotationX": -22.5,
					"faces": {
						"north": { "texture": "#surface", "uv": [ 0.0, 0.0, 4.0, 2.0 ] },
						"east": { "texture": "#surface", "uv": [ 0.0, 0.0, 0.5, 2.0 ] },
						"south": { "texture": "#surface", "uv": [ 6.0, 3.0, 10.0, 5.0 ] },
						"west": { "texture": "#surface", "uv": [ 0.0, 0.0, 0.5, 2.0 ] },
						"up": { "texture": "#surface", "uv": [ 0.0, 0.0, 4.0, 0.5 ] }
					},
					"children": [
						{
							"name": "BRM7",
							"from": [ 4.5, 0.0, 0.0 ],
							"to": [ 8.5, 2.0, 0.5 ],
							"rotationOrigin": [ 5.0, 0.5, 0.0 ],
							"faces": {
								"north": { "texture": "#surface", "uv": [ 0.0, 0.0, 4.0, 2.0 ] },
								"east": { "texture": "#surface", "uv": [ 0.0, 0.0, 0.5, 2.0 ] },
								"south": { "texture": "#surface", "uv": [ 6.0, 3.0, 10.0, 5.0 ] },
								"west": { "texture": "#surface", "uv": [ 0.0, 0.0, 0.5, 2.0 ] },
								"up": { "texture": "#surface", "uv": [ 0.0, 0.0, 4.0, 0.5 ] }
							}
						},
						{
							"name": "BRR7",
							"from": [ 9.0, 0.0, 0.0 ],
							"to": [ 13.0, 2.0, 0.5 ],
							"rotationOrigin": [ 10.0, 0.5, 0.0 ],
							"faces": {
								"north": { "texture": "#surface", "uv": [ 0.0, 0.0, 4.0, 2.0 ] },
								"east": { "texture": "#surface", "uv": [ 0.0, 0.0, 0.5, 2.0 ] },
								"south": { "texture": "#surface", "uv": [ 6.0, 3.0, 10.0, 5.0 ] },
								"west": { "texture": "#surface", "uv": [ 0.0, 0.0, 0.5, 2.0 ] },
								"up": { "texture": "#surface", "uv": [ 0.0, 0.0, 4.0, 0.5 ] }
							}
						}
					]
				},
				{
					"name": "BRBeam3",
					"from": [ 12.0, 2.0, -1.0 ],
					"to": [ 14.0, 4.0, 0.0 ],
					"rotationOrigin": [ 12.0, 2.0, -1.0 ],
					"faces": {
						"north": { "texture": "#wood", "uv": [ 5.0, 13.0, 7.0, 15.0 ] },
						"east": { "texture": "#wood", "uv": [ 1.0, 8.0, 2.0, 10.0 ] },
						"south": { "texture": "#wood", "uv": [ 10.0, 13.0, 12.0, 15.0 ] },
						"west": { "texture": "#wood", "uv": [ 4.0, 10.0, 5.0, 12.0 ] }
					}
				},
				{
					"name": "BLBeam3",
					"from": [ 0.0, 2.0, -1.0 ],
					"to": [ 2.0, 4.0, 0.0 ],
					"rotationOrigin": [ 0.0, 2.0, -1.0 ],
					"faces": {
						"north": { "texture": "#wood", "uv": [ 5.0, 13.0, 7.0, 15.0 ] },
						"east": { "texture": "#wood", "uv": [ 1.0, 8.0, 2.0, 10.0 ] },
						"south": { "texture": "#wood", "uv": [ 10.0, 13.0, 12.0, 15.0 ] },
						"west": { "texture": "#wood", "uv": [ 4.0, 10.0, 5.0, 12.0 ] }
					}
				},
				{
					"name": "BLFence3",
					"from": [ -1.0, 0.0, -1.0 ],
					"to": [ 0.0, 2.0, 7.0 ],
					"rotationOrigin": [ -1.0, 0.0, -1.0 ],
					"faces": {
						"north": { "texture": "#surface", "uv": [ 1.0, 3.0, 3.0, 4.0 ], "rotation": 90 },
						"east": { "texture": "#surface", "uv": [ 0.0, 3.0, 2.0, 11.0 ], "rotation": 270 },
						"south": { "texture": "#surface", "uv": [ 1.0, 15.0, 3.0, 16.0 ], "rotation": 90 },
						"west": { "texture": "#surface", "uv": [ 12.0, 3.0, 14.0, 11.0 ], "rotation": 90 },
						"up": { "texture": "#surface", "uv": [ 15.0, 3.0, 16.0, 11.0 ], "rotation": 180 },
						"down": { "texture": "#surface", "uv": [ 3.0, 3.0, 4.0, 11.0 ], "rotation": 180 }
					}
				},
				{
					"name": "BRFence3",
					"from": [ 14.0, 0.0, -1.0 ],
					"to": [ 15.0, 2.0, 7.0 ],
					"rotationOrigin": [ 14.0, 0.0, -1.0 ],
					"faces": {
						"north": { "texture": "#surface", "uv": [ 1.0, 15.0, 3.0, 16.0 ], "rotation": 90 },
						"east": { "texture": "#surface", "uv": [ 14.0, 3.0, 16.0, 11.0 ], "rotation": 270 },
						"south": { "texture": "#surface", "uv": [ 1.0, 3.0, 3.0, 4.0 ], "rotation": 90 },
						"west": { "texture": "#surface", "uv": [ 1.0, 3.0, 3.0, 11.0 ], "rotation": 90 },
						"up": { "texture": "#surface", "uv": [ 0.0, 3.0, 1.0, 11.0 ], "rotation": 180 },
						"down": { "texture": "#surface", "uv": [ 3.0, 3.0, 4.0, 11.0 ], "rotation": 180 }
					}
				},
				{
					"name": "BBFence3",
					"from": [ 0.0, 0.0, -1.0 ],
					"to": [ 14.0, 2.0, 0.0 ],
					"rotationOrigin": [ 0.0, 0.0, -1.0 ],
					"faces": {
						"north": { "texture": "#surface", "uv": [ 14.0, 3.0, 16.0, 16.0 ], "rotation": 90, "autoUv": false, "windMode": [-1,-1,-1,-1] },
						"south": { "texture": "#surface", "uv": [ 14.0, 3.0, 16.0, 16.0 ], "rotation": 270, "autoUv": false },
						"up": { "texture": "#surface", "uv": [ 15.0, 3.0, 16.0, 16.0 ], "rotation": 270, "autoUv": false, "windMode": [-1,-1,-1,-1] },
						"down": { "texture": "#surface", "uv": [ 6.0, 3.0, 7.0, 16.0 ], "rotation": 90, "autoUv": false }
					}
				},
				{
					"name": "BRL8",
					"from": [ 0.5, 0.5, 3.0 ],
					"to": [ 4.5, 2.5, 3.5 ],
					"rotationOrigin": [ 0.0, 1.0, 3.0 ],
					"rotationX": -22.5,
					"faces": {
						"north": { "texture": "#surface", "uv": [ 0.0, 0.0, 4.0, 2.0 ] },
						"east": { "texture": "#surface", "uv": [ 0.0, 0.0, 0.5, 2.0 ] },
						"south": { "texture": "#surface", "uv": [ 6.0, 3.0, 10.0, 5.0 ] },
						"west": { "texture": "#surface", "uv": [ 0.0, 0.0, 0.5, 2.0 ] },
						"up": { "texture": "#surface", "uv": [ 0.0, 0.0, 4.0, 0.5 ] }
					},
					"children": [
						{
							"name": "BRM8",
							"from": [ 4.5, 0.0, 0.0 ],
							"to": [ 8.5, 2.0, 0.5 ],
							"rotationOrigin": [ 5.0, 0.5, 0.0 ],
							"faces": {
								"north": { "texture": "#surface", "uv": [ 0.0, 0.0, 4.0, 2.0 ] },
								"east": { "texture": "#surface", "uv": [ 0.0, 0.0, 0.5, 2.0 ] },
								"south": { "texture": "#surface", "uv": [ 6.0, 3.0, 10.0, 5.0 ] },
								"west": { "texture": "#surface", "uv": [ 0.0, 0.0, 0.5, 2.0 ] },
								"up": { "texture": "#surface", "uv": [ 0.0, 0.0, 4.0, 0.5 ] }
							}
						},
						{
							"name": "BRR8",
							"from": [ 9.0, 0.0, 0.0 ],
							"to": [ 13.0, 2.0, 0.5 ],
							"rotationOrigin": [ 10.0, 0.5, 0.0 ],
							"faces": {
								"north": { "texture": "#surface", "uv": [ 0.0, 0.0, 4.0, 2.0 ] },
								"east": { "texture": "#surface", "uv": [ 0.0, 0.0, 0.5, 2.0 ] },
								"south": { "texture": "#surface", "uv": [ 6.0, 3.0, 10.0, 5.0 ] },
								"west": { "texture": "#surface", "uv": [ 0.0, 0.0, 0.5, 2.0 ] },
								"up": { "texture": "#surface", "uv": [ 0.0, 0.0, 4.0, 0.5 ] }
							}
						}
					]
				},
				{
					"name": "BRL9",
					"from": [ 0.5, 0.5, 5.0 ],
					"to": [ 4.5, 2.5, 5.5 ],
					"rotationOrigin": [ 0.0, 1.0, 5.0 ],
					"rotationX": -22.5,
					"faces": {
						"north": { "texture": "#surface", "uv": [ 0.0, 0.0, 4.0, 2.0 ] },
						"east": { "texture": "#surface", "uv": [ 0.0, 0.0, 0.5, 2.0 ] },
						"south": { "texture": "#surface", "uv": [ 6.0, 3.0, 10.0, 5.0 ] },
						"west": { "texture": "#surface", "uv": [ 0.0, 0.0, 0.5, 2.0 ] },
						"up": { "texture": "#surface", "uv": [ 0.0, 0.0, 4.0, 0.5 ] }
					},
					"children": [
						{
							"name": "BRM9",
							"from": [ 4.5, 0.0, 0.0 ],
							"to": [ 8.5, 2.0, 0.5 ],
							"rotationOrigin": [ 5.0, 0.5, 0.0 ],
							"faces": {
								"north": { "texture": "#surface", "uv": [ 0.0, 0.0, 4.0, 2.0 ] },
								"east": { "texture": "#surface", "uv": [ 0.0, 0.0, 0.5, 2.0 ] },
								"south": { "texture": "#surface", "uv": [ 6.0, 3.0, 10.0, 5.0 ] },
								"west": { "texture": "#surface", "uv": [ 0.0, 0.0, 0.5, 2.0 ] },
								"up": { "texture": "#surface", "uv": [ 0.0, 0.0, 4.0, 0.5 ] }
							}
						},
						{
							"name": "BRR9",
							"from": [ 9.0, 0.0, 0.0 ],
							"to": [ 13.0, 2.0, 0.5 ],
							"rotationOrigin": [ 10.0, 0.5, 0.0 ],
							"faces": {
								"north": { "texture": "#surface", "uv": [ 0.0, 0.0, 4.0, 2.0 ] },
								"east": { "texture": "#surface", "uv": [ 0.0, 0.0, 0.5, 2.0 ] },
								"south": { "texture": "#surface", "uv": [ 6.0, 3.0, 10.0, 5.0 ] },
								"west": { "texture": "#surface", "uv": [ 0.0, 0.0, 0.5, 2.0 ] },
								"up": { "texture": "#surface", "uv": [ 0.0, 0.0, 4.0, 0.5 ] }
							}
						}
					]
				}
			]
		},
		{
			"name": "TShelf",
			"from": [ 1.0, 12.0, 1.0 ],
			"to": [ 15.0, 13.0, 8.0 ],
			"rotationOrigin": [ 1.0, 12.0, 1.0 ],
			"faces": {
				"south": { "texture": "#surface", "uv": [ 0.0, 3.0, 14.0, 4.0 ] },
				"up": { "texture": "#surface", "uv": [ 0.0, 9.0, 16.0, 16.0 ], "autoUv": false },
				"down": { "texture": "#surface", "uv": [ 0.0, 9.0, 16.0, 16.0 ], "autoUv": false }
			},
			"children": [
				{
					"name": "BRL10",
					"from": [ 0.5, 0.5, 1.0 ],
					"to": [ 4.5, 2.5, 1.5 ],
					"rotationOrigin": [ 0.0, 1.0, 1.0 ],
					"rotationX": -22.5,
					"faces": {
						"north": { "texture": "#surface", "uv": [ 0.0, 0.0, 4.0, 2.0 ] },
						"east": { "texture": "#surface", "uv": [ 0.0, 0.0, 0.5, 2.0 ] },
						"south": { "texture": "#surface", "uv": [ 6.0, 3.0, 10.0, 5.0 ] },
						"west": { "texture": "#surface", "uv": [ 0.0, 0.0, 0.5, 2.0 ] },
						"up": { "texture": "#surface", "uv": [ 0.0, 0.0, 4.0, 0.5 ] }
					},
					"children": [
						{
							"name": "BRM10",
							"from": [ 4.5, 0.0, 0.0 ],
							"to": [ 8.5, 2.0, 0.5 ],
							"rotationOrigin": [ 5.0, 0.5, 0.0 ],
							"faces": {
								"north": { "texture": "#surface", "uv": [ 0.0, 0.0, 4.0, 2.0 ] },
								"east": { "texture": "#surface", "uv": [ 0.0, 0.0, 0.5, 2.0 ] },
								"south": { "texture": "#surface", "uv": [ 6.0, 3.0, 10.0, 5.0 ] },
								"west": { "texture": "#surface", "uv": [ 0.0, 0.0, 0.5, 2.0 ] },
								"up": { "texture": "#surface", "uv": [ 0.0, 0.0, 4.0, 0.5 ] }
							}
						},
						{
							"name": "BRR10",
							"from": [ 9.0, 0.0, 0.0 ],
							"to": [ 13.0, 2.0, 0.5 ],
							"rotationOrigin": [ 10.0, 0.5, 0.0 ],
							"faces": {
								"north": { "texture": "#surface", "uv": [ 0.0, 0.0, 4.0, 2.0 ] },
								"east": { "texture": "#surface", "uv": [ 0.0, 0.0, 0.5, 2.0 ] },
								"south": { "texture": "#surface", "uv": [ 6.0, 3.0, 10.0, 5.0 ] },
								"west": { "texture": "#surface", "uv": [ 0.0, 0.0, 0.5, 2.0 ] },
								"up": { "texture": "#surface", "uv": [ 0.0, 0.0, 4.0, 0.5 ] }
							}
						}
					]
				},
				{
					"name": "BRBeam4",
					"from": [ 12.0, 2.0, -1.0 ],
					"to": [ 14.0, 4.0, 0.0 ],
					"rotationOrigin": [ 12.0, 2.0, -1.0 ],
					"faces": {
						"north": { "texture": "#wood", "uv": [ 5.0, 13.0, 7.0, 15.0 ] },
						"east": { "texture": "#wood", "uv": [ 1.0, 8.0, 2.0, 10.0 ] },
						"south": { "texture": "#wood", "uv": [ 10.0, 13.0, 12.0, 15.0 ] },
						"west": { "texture": "#wood", "uv": [ 4.0, 10.0, 5.0, 12.0 ] },
						"up": { "texture": "#wood", "uv": [ 4.0, 8.5, 6.0, 9.5 ], "windMode": [-1,-1,-1,-1], "windData": [1,1,1,1] }
					}
				},
				{
					"name": "BLBeam4",
					"from": [ 0.0, 2.0, -1.0 ],
					"to": [ 2.0, 4.0, 0.0 ],
					"rotationOrigin": [ 0.0, 2.0, -1.0 ],
					"faces": {
						"north": { "texture": "#wood", "uv": [ 5.0, 13.0, 7.0, 15.0 ] },
						"east": { "texture": "#wood", "uv": [ 1.0, 8.0, 2.0, 10.0 ] },
						"south": { "texture": "#wood", "uv": [ 10.0, 13.0, 12.0, 15.0 ] },
						"west": { "texture": "#wood", "uv": [ 4.0, 10.0, 5.0, 12.0 ] },
						"up": { "texture": "#wood", "uv": [ 3.0, 9.5, 5.0, 10.5 ], "windMode": [-1,-1,-1,-1], "windData": [1,1,1,1] }
					}
				},
				{
					"name": "BLFence4",
					"from": [ -1.0, 0.0, -1.0 ],
					"to": [ 0.0, 2.0, 7.0 ],
					"rotationOrigin": [ -1.0, 0.0, -1.0 ],
					"faces": {
						"north": { "texture": "#surface", "uv": [ 1.0, 3.0, 3.0, 4.0 ], "rotation": 90 },
						"east": { "texture": "#surface", "uv": [ 0.0, 3.0, 2.0, 11.0 ], "rotation": 270 },
						"south": { "texture": "#surface", "uv": [ 1.0, 15.0, 3.0, 16.0 ], "rotation": 90 },
						"west": { "texture": "#surface", "uv": [ 12.0, 3.0, 14.0, 11.0 ], "rotation": 90 },
						"up": { "texture": "#surface", "uv": [ 15.0, 3.0, 16.0, 11.0 ], "rotation": 180 },
						"down": { "texture": "#surface", "uv": [ 3.0, 3.0, 4.0, 11.0 ], "rotation": 180 }
					}
				},
				{
					"name": "BRFence4",
					"from": [ 14.0, 0.0, -1.0 ],
					"to": [ 15.0, 2.0, 7.0 ],
					"rotationOrigin": [ 14.0, 0.0, -1.0 ],
					"faces": {
						"north": { "texture": "#surface", "uv": [ 1.0, 15.0, 3.0, 16.0 ], "rotation": 90 },
						"east": { "texture": "#surface", "uv": [ 14.0, 3.0, 16.0, 11.0 ], "rotation": 270 },
						"south": { "texture": "#surface", "uv": [ 1.0, 3.0, 3.0, 4.0 ], "rotation": 90 },
						"west": { "texture": "#surface", "uv": [ 1.0, 3.0, 3.0, 11.0 ], "rotation": 90 },
						"up": { "texture": "#surface", "uv": [ 0.0, 3.0, 1.0, 11.0 ], "rotation": 180 },
						"down": { "texture": "#surface", "uv": [ 3.0, 3.0, 4.0, 11.0 ], "rotation": 180 }
					}
				},
				{
					"name": "BBFence4",
					"from": [ 0.0, 0.0, -1.0 ],
					"to": [ 14.0, 2.0, 0.0 ],
					"rotationOrigin": [ 0.0, 0.0, -1.0 ],
					"faces": {
						"north": { "texture": "#surface", "uv": [ 14.0, 3.0, 16.0, 16.0 ], "rotation": 90, "autoUv": false, "windMode": [-1,-1,-1,-1] },
						"south": { "texture": "#surface", "uv": [ 14.0, 3.0, 16.0, 16.0 ], "rotation": 270, "autoUv": false },
						"up": { "texture": "#surface", "uv": [ 15.0, 3.0, 16.0, 16.0 ], "rotation": 270, "autoUv": false, "windMode": [-1,-1,-1,-1] },
						"down": { "texture": "#surface", "uv": [ 6.0, 3.0, 7.0, 16.0 ], "rotation": 90, "autoUv": false }
					}
				},
				{
					"name": "BRL11",
					"from": [ 0.5, 0.5, 3.0 ],
					"to": [ 4.5, 2.5, 3.5 ],
					"rotationOrigin": [ 0.0, 1.0, 3.0 ],
					"rotationX": -22.5,
					"faces": {
						"north": { "texture": "#surface", "uv": [ 0.0, 0.0, 4.0, 2.0 ] },
						"east": { "texture": "#surface", "uv": [ 0.0, 0.0, 0.5, 2.0 ] },
						"south": { "texture": "#surface", "uv": [ 6.0, 3.0, 10.0, 5.0 ] },
						"west": { "texture": "#surface", "uv": [ 0.0, 0.0, 0.5, 2.0 ] },
						"up": { "texture": "#surface", "uv": [ 0.0, 0.0, 4.0, 0.5 ] }
					},
					"children": [
						{
							"name": "BRM11",
							"from": [ 4.5, 0.0, 0.0 ],
							"to": [ 8.5, 2.0, 0.5 ],
							"rotationOrigin": [ 5.0, 0.5, 0.0 ],
							"faces": {
								"north": { "texture": "#surface", "uv": [ 0.0, 0.0, 4.0, 2.0 ] },
								"east": { "texture": "#surface", "uv": [ 0.0, 0.0, 0.5, 2.0 ] },
								"south": { "texture": "#surface", "uv": [ 6.0, 3.0, 10.0, 5.0 ] },
								"west": { "texture": "#surface", "uv": [ 0.0, 0.0, 0.5, 2.0 ] },
								"up": { "texture": "#surface", "uv": [ 0.0, 0.0, 4.0, 0.5 ] }
							}
						},
						{
							"name": "BRR11",
							"from": [ 9.0, 0.0, 0.0 ],
							"to": [ 13.0, 2.0, 0.5 ],
							"rotationOrigin": [ 10.0, 0.5, 0.0 ],
							"faces": {
								"north": { "texture": "#surface", "uv": [ 0.0, 0.0, 4.0, 2.0 ] },
								"east": { "texture": "#surface", "uv": [ 0.0, 0.0, 0.5, 2.0 ] },
								"south": { "texture": "#surface", "uv": [ 6.0, 3.0, 10.0, 5.0 ] },
								"west": { "texture": "#surface", "uv": [ 0.0, 0.0, 0.5, 2.0 ] },
								"up": { "texture": "#surface", "uv": [ 0.0, 0.0, 4.0, 0.5 ] }
							}
						}
					]
				},
				{
					"name": "BRL12",
					"from": [ 0.5, 0.5, 5.0 ],
					"to": [ 4.5, 2.5, 5.5 ],
					"rotationOrigin": [ 0.0, 1.0, 5.0 ],
					"rotationX": -22.5,
					"faces": {
						"north": { "texture": "#surface", "uv": [ 0.0, 0.0, 4.0, 2.0 ] },
						"east": { "texture": "#surface", "uv": [ 0.0, 0.0, 0.5, 2.0 ] },
						"south": { "texture": "#surface", "uv": [ 6.0, 3.0, 10.0, 5.0 ] },
						"west": { "texture": "#surface", "uv": [ 0.0, 0.0, 0.5, 2.0 ] },
						"up": { "texture": "#surface", "uv": [ 0.0, 0.0, 4.0, 0.5 ] }
					},
					"children": [
						{
							"name": "BRM12",
							"from": [ 4.5, 0.0, 0.0 ],
							"to": [ 8.5, 2.0, 0.5 ],
							"rotationOrigin": [ 5.0, 0.5, 0.0 ],
							"faces": {
								"north": { "texture": "#surface", "uv": [ 0.0, 0.0, 4.0, 2.0 ] },
								"east": { "texture": "#surface", "uv": [ 0.0, 0.0, 0.5, 2.0 ] },
								"south": { "texture": "#surface", "uv": [ 6.0, 3.0, 10.0, 5.0 ] },
								"west": { "texture": "#surface", "uv": [ 0.0, 0.0, 0.5, 2.0 ] },
								"up": { "texture": "#surface", "uv": [ 0.0, 0.0, 4.0, 0.5 ] }
							}
						},
						{
							"name": "BRR12",
							"from": [ 9.0, 0.0, 0.0 ],
							"to": [ 13.0, 2.0, 0.5 ],
							"rotationOrigin": [ 10.0, 0.5, 0.0 ],
							"faces": {
								"north": { "texture": "#surface", "uv": [ 0.0, 0.0, 4.0, 2.0 ] },
								"east": { "texture": "#surface", "uv": [ 0.0, 0.0, 0.5, 2.0 ] },
								"south": { "texture": "#surface", "uv": [ 6.0, 3.0, 10.0, 5.0 ] },
								"west": { "texture": "#surface", "uv": [ 0.0, 0.0, 0.5, 2.0 ] },
								"up": { "texture": "#surface", "uv": [ 0.0, 0.0, 4.0, 0.5 ] }
							}
						}
					]
				}
			]
		}
	]}