{
	"editor": {
		"backDropShape": "block/wood/spoon-empty",
		"allAngles": false,
		"entityTextureMode": false
	},
	"textureWidth": 16,
	"textureHeight": 16,
	"textureSizes": {
	},
	"textures": {

	},
	"elements": [
		{
			"name": "bowl",
			"from": [ 6.5, 0.0, 6.5 ],
			"to": [ 9.5, 1.0, 9.5 ],
			"faces": {
			},
			"children": [
				{
					"name": "liquid",
					"from": [ -0.8, 0.47, 1.0 ],
					"to": [ 1.2, 0.97, 2.0 ],
					"rotationOrigin": [ -0.3, -1.3, 1.5 ],
					"faces": {
						"up": {
							"texture": "#liquid",
							"uv": [ 4.5, 4.5, 6.5, 5.5 ]
						}
					}
				}
			]
		}
	]
}