{
	"editor": {
		"backDropShape": "block/wood/spoon-empty",
		"allAngles": false,
		"entityTextureMode": false
	},
	"textureWidth": 16,
	"textureHeight": 16,
	"textureSizes": {
	},
	"textures": {
		"fruit": "game:block/food/meal/group1-flax-carrot-blueberry",
		"meat": "game:block/food/meal/group6-spelt-onion-redcurrant-egg-redmeatstew",
		"egg": "game:block/food/meal/group6-spelt-onion-redcurrant-egg-redmeatstew",
		"vegetable": "game:block/food/meal/group2-soup-flyagaric-cactifruit-redmeat",
		"topping": "game:block/food/meal/group7-honey-fieldmushroom-pineapple"
	},
	"elements": [
		{
			"name": "bowl",
			"from": [ 5.5, -1.0, 6.5 ],
			"to": [ 8.5, 0.0, 9.5 ],
			"rotationOrigin": [ -1.0, -1.0, 0.0 ],
			"faces": {
			},
			"children": [
				{
					"name": "meat stew",
					"from": [ 0.2, 1.8, 0.7 ],
					"to": [ 2.3, 2.3, 2.3 ],
					"rotationOrigin": [ 0.7, 0.0, 1.2 ],
					"faces": {
						"north": {
							"texture": "#meat",
							"uv": [ 6.5, 8.0, 8.5, 8.5 ]
						},
						"east": {
							"texture": "#meat",
							"uv": [ 6.5, 7.0, 8.0, 7.5 ]
						},
						"south": {
							"texture": "#meat",
							"uv": [ 6.0, 8.0, 8.0, 8.5 ]
						},
						"west": {
							"texture": "#meat",
							"uv": [ 6.0, 6.0, 7.5, 6.5 ]
						},
						"up": {
							"texture": "#meat",
							"uv": [ 6.0, 6.0, 8.0, 7.5 ]
						}
					},
					"children": [
						{
							"name": "meat1",
							"from": [ -0.1, -0.1, -0.1 ],
							"to": [ 0.9, 0.4, 0.9 ],
							"rotationOrigin": [ -0.1, -0.4, -0.1 ],
							"faces": {
								"north": {
									"texture": "#meat",
									"uv": [ 6.5, 9.5, 7.5, 10.0 ]
								},
								"east": {
									"texture": "#meat",
									"uv": [ 6.0, 7.0, 7.0, 7.5 ]
								},
								"south": {
									"texture": "#meat",
									"uv": [ 6.0, 8.0, 7.0, 8.5 ]
								},
								"west": {
									"texture": "#meat",
									"uv": [ 7.0, 7.0, 8.0, 7.5 ]
								},
								"up": {
									"texture": "#meat",
									"uv": [ 9.5, 8.0, 10.5, 9.0 ]
								}
							}
						},
						{
							"name": "meat70",
							"from": [ 0.6, 0.2, 0.5 ],
							"to": [ 1.1, 0.7, 1.0 ],
							"rotationOrigin": [ 0.1, -0.1, 1.5 ],
							"faces": {
								"north": {
									"texture": "#meat",
									"uv": [ 6.5, 5.5, 7.0, 6.0 ]
								},
								"east": {
									"texture": "#meat",
									"uv": [ 8.5, 8.5, 9.0, 9.0 ]
								},
								"south": {
									"texture": "#meat",
									"uv": [ 6.0, 8.0, 6.5, 8.5 ]
								},
								"west": {
									"texture": "#meat",
									"uv": [ 8.0, 7.5, 8.5, 8.0 ]
								},
								"up": {
									"texture": "#meat",
									"uv": [ 7.5, 7.5, 8.0, 8.0 ]
								}
							}
						}
					]
				},
				{
					"name": "egg",
					"from": [ 0.0, -0.5, 0.0 ],
					"to": [ 0.0, -0.5, 0.0 ],
					"rotationOrigin": [ 0.0, -0.3, 0.0 ],
					"faces": {
					},
					"children": [
						{
							"name": "yolk",
							"from": [ 1.8, 2.6, 1.8 ],
							"to": [ 2.3, 3.1, 2.3 ],
							"rotationOrigin": [ -0.2, -0.1, -0.2 ],
							"faces": {
								"north": {
									"texture": "#egg",
									"uv": [ 12.0, 14.0, 12.5, 14.5 ]
								},
								"east": {
									"texture": "#egg",
									"uv": [ 13.0, 14.0, 13.5, 14.5 ]
								},
								"south": {
									"texture": "#egg",
									"uv": [ 14.0, 14.0, 14.5, 14.5 ]
								},
								"west": {
									"texture": "#egg",
									"uv": [ 13.0, 14.0, 13.5, 14.5 ]
								},
								"up": {
									"texture": "#egg",
									"uv": [ 13.0, 13.0, 13.5, 13.5 ]
								}
							}
						},
						{
							"name": "eggwhite",
							"from": [ 1.4, 2.5, 1.4 ],
							"to": [ 2.4, 3.0, 2.4 ],
							"rotationOrigin": [ -0.1, 0.0, 0.1 ],
							"faces": {
								"north": {
									"texture": "#egg",
									"uv": [ 13.0, 11.0, 14.0, 11.5 ]
								},
								"east": {
									"texture": "#egg",
									"uv": [ 13.0, 11.0, 14.0, 11.5 ]
								},
								"south": {
									"texture": "#egg",
									"uv": [ 10.0, 13.0, 11.0, 13.5 ]
								},
								"west": {
									"texture": "#egg",
									"uv": [ 13.0, 15.0, 14.0, 15.5 ]
								},
								"up": {
									"texture": "#egg",
									"uv": [ 13.0, 9.0, 14.0, 10.0 ]
								}
							}
						}
					]
				},
				{
					"name": "red meat",
					"from": [ 1.8, 2.0, 0.8 ],
					"to": [ 2.3, 3.0, 1.3 ],
					"rotationOrigin": [ 1.9, 2.4, 1.0 ],
					"rotationY": 22.5,
					"rotationZ": -45.0,
					"faces": {
						"north": {
							"texture": "#meat",
							"uv": [ 5.0, 5.0, 5.5, 6.0 ]
						},
						"east": {
							"texture": "#meat",
							"uv": [ 5.0, 5.0, 5.5, 6.0 ]
						},
						"south": {
							"texture": "#meat",
							"uv": [ 5.0, 5.0, 5.5, 6.0 ]
						},
						"west": {
							"texture": "#meat",
							"uv": [ 5.0, 5.0, 5.5, 6.0 ]
						},
						"up": {
							"texture": "#meat",
							"uv": [ 5.0, 6.0, 5.5, 6.5 ]
						},
						"down": {
							"texture": "#meat",
							"uv": [ 6.0, 7.0, 6.5, 7.5 ]
						}
					}
				},
				{
					"name": "poultry",
					"from": [ 0.8, 2.6, 1.7 ],
					"to": [ 1.3, 3.6, 2.2 ],
					"rotationOrigin": [ 0.9, 1.0, 1.9 ],
					"rotationY": -135.0,
					"rotationZ": 45.0,
					"faces": {
						"north": {
							"texture": "#meat",
							"uv": [ 5.0, 5.0, 5.5, 6.0 ]
						},
						"east": {
							"texture": "#meat",
							"uv": [ 5.0, 5.0, 5.5, 6.0 ]
						},
						"south": {
							"texture": "#meat",
							"uv": [ 5.0, 5.0, 5.5, 6.0 ]
						},
						"west": {
							"texture": "#meat",
							"uv": [ 5.0, 5.0, 5.5, 6.0 ]
						},
						"up": {
							"texture": "#meat",
							"uv": [ 5.0, 6.0, 5.5, 6.5 ]
						}
					}
				},
				{
					"name": "fruit 1",
					"from": [ -0.3, -0.2, -0.4 ],
					"to": [ -0.3, -0.2, -0.4 ],
					"rotationOrigin": [ 1.2, 0.0, 1.1 ],
					"faces": {
					},
					"children": [
						{
							"name": "fruit 19",
							"from": [ 1.0, 2.35, 1.25 ],
							"to": [ 1.5, 2.85, 1.75 ],
							"rotationOrigin": [ 0.0, 2.9, 0.2 ],
							"faces": {
								"north": {
									"texture": "#fruit",
									"uv": [ 2.0, 14.5, 2.5, 15.0 ]
								},
								"east": {
									"texture": "#fruit",
									"uv": [ 2.0, 12.0, 2.5, 12.5 ]
								},
								"south": {
									"texture": "#fruit",
									"uv": [ 4.0, 12.0, 4.5, 12.5 ]
								},
								"west": {
									"texture": "#fruit",
									"uv": [ 1.0, 11.5, 1.5, 12.0 ]
								},
								"up": {
									"texture": "#fruit",
									"uv": [ 2.0, 11.0, 2.5, 11.5 ]
								}
							}
						},
						{
							"name": "fruit 20",
							"from": [ 1.5, 2.45, 1.5 ],
							"to": [ 2.5, 2.95, 2.5 ],
							"rotationOrigin": [ 0.0, 3.0, 0.0 ],
							"faces": {
								"north": {
									"texture": "#fruit",
									"uv": [ 0.5, 11.5, 1.5, 12.0 ]
								},
								"east": {
									"texture": "#fruit",
									"uv": [ 6.0, 11.0, 7.0, 11.5 ]
								},
								"south": {
									"texture": "#fruit",
									"uv": [ 2.5, 11.0, 3.5, 11.5 ]
								},
								"west": {
									"texture": "#fruit",
									"uv": [ 1.0, 11.5, 2.0, 12.0 ]
								},
								"up": {
									"texture": "#fruit",
									"uv": [ 2.5, 10.5, 3.5, 11.5 ]
								}
							}
						},
						{
							"name": "fruit 22",
							"from": [ 0.6, 2.25, 2.0 ],
							"to": [ 1.5, 2.75, 2.5 ],
							"rotationOrigin": [ 0.1, 2.8, 0.0 ],
							"faces": {
								"north": {
									"texture": "#fruit",
									"uv": [ 5.0, 13.0, 5.5, 13.5 ]
								},
								"south": {
									"texture": "#fruit",
									"uv": [ 4.0, 12.0, 4.5, 12.5 ]
								},
								"west": {
									"texture": "#fruit",
									"uv": [ 1.0, 11.0, 1.5, 11.5 ]
								},
								"up": {
									"texture": "#fruit",
									"uv": [ 4.0, 10.0, 4.5, 10.5 ]
								}
							}
						}
					]
				},
				{
					"name": "vegetable 1",
					"from": [ 0.0, -0.5, 0.0 ],
					"to": [ 0.0, -0.5, 0.0 ],
					"rotationOrigin": [ 0.0, -0.2, 0.0 ],
					"faces": {
					},
					"children": [
						{
							"name": "vegetable 34",
							"from": [ 0.4, 2.1, 0.8 ],
							"to": [ 2.1, 3.1, 1.2 ],
							"rotationOrigin": [ 0.3, 0.1, 0.6 ],
							"faces": {
								"north": {
									"texture": "#vegetable",
									"uv": [ 12.0, 3.0, 13.5, 4.0 ]
								},
								"east": {
									"texture": "#vegetable",
									"uv": [ 13.0, 4.0, 13.5, 5.0 ]
								},
								"south": {
									"texture": "#vegetable",
									"uv": [ 11.0, 3.0, 12.5, 4.0 ]
								},
								"west": {
									"texture": "#vegetable",
									"uv": [ 14.0, 0.0, 14.5, 1.0 ]
								},
								"up": {
									"texture": "#vegetable",
									"uv": [ 11.0, 3.0, 12.5, 3.5 ]
								}
							}
						},
						{
							"name": "vegetable 39",
							"from": [ 0.35, 2.1, 1.2 ],
							"to": [ 1.85, 3.1, 1.7 ],
							"rotationOrigin": [ 0.7, 0.0, 0.0 ],
							"faces": {
								"north": {
									"texture": "#vegetable",
									"uv": [ 10.0, 3.0, 11.5, 4.0 ]
								},
								"east": {
									"texture": "#vegetable",
									"uv": [ 13.0, 4.0, 13.5, 5.0 ]
								},
								"south": {
									"texture": "#vegetable",
									"uv": [ 12.0, 1.0, 13.5, 2.0 ]
								},
								"west": {
									"texture": "#vegetable",
									"uv": [ 14.0, 1.0, 14.5, 2.0 ]
								},
								"up": {
									"texture": "#vegetable",
									"uv": [ 10.0, 0.0, 11.5, 0.5 ]
								}
							}
						}
					]
				},
				{
					"name": "vegetable 2",
					"from": [ 0.9, -0.2, 1.5 ],
					"to": [ 0.9, -0.2, 1.5 ],
					"rotationOrigin": [ 1.9, 2.5, 2.3 ],
					"faces": {
					},
					"children": [
						{
							"name": "vegetable 58",
							"from": [ -0.5, 1.9, 0.2 ],
							"to": [ 0.8, 2.9, 0.7 ],
							"rotationOrigin": [ 0.0, -0.1, 0.0 ],
							"faces": {
								"north": {
									"texture": "#vegetable",
									"uv": [ 12.0, 3.0, 13.0, 4.0 ]
								},
								"east": {
									"texture": "#vegetable",
									"uv": [ 13.0, 4.0, 13.5, 5.0 ]
								},
								"south": {
									"texture": "#vegetable",
									"uv": [ 11.0, 3.0, 12.0, 4.0 ]
								},
								"west": {
									"texture": "#vegetable",
									"uv": [ 14.0, 0.0, 14.5, 1.0 ]
								},
								"up": {
									"texture": "#vegetable",
									"uv": [ 11.0, 3.0, 12.0, 3.5 ]
								}
							}
						},
						{
							"name": "vegetable 60",
							"from": [ -0.2, 2.4, -0.3 ],
							"to": [ 0.8, 2.9, 0.2 ],
							"rotationOrigin": [ -0.8, -0.1, 0.0 ],
							"faces": {
								"north": {
									"texture": "#vegetable",
									"uv": [ 10.0, 3.0, 11.0, 3.5 ]
								},
								"east": {
									"texture": "#vegetable",
									"uv": [ 13.0, 4.0, 13.5, 4.5 ]
								},
								"west": {
									"texture": "#vegetable",
									"uv": [ 14.0, 0.0, 14.5, 0.5 ]
								},
								"up": {
									"texture": "#vegetable",
									"uv": [ 13.0, 4.0, 14.0, 4.5 ]
								}
							}
						}
					]
				},
				{
					"name": "fruit 2",
					"from": [ -1.0, -0.2, 0.0 ],
					"to": [ -1.0, -0.2, 0.0 ],
					"rotationOrigin": [ 0.5, 0.0, 1.5 ],
					"faces": {
					},
					"children": [
						{
							"name": "fruit 50",
							"from": [ 1.3, 2.45, 0.9 ],
							"to": [ 1.8, 2.95, 1.4 ],
							"rotationOrigin": [ -0.7, 3.0, 0.9 ],
							"faces": {
								"north": {
									"texture": "#fruit",
									"uv": [ 1.0, 11.5, 1.5, 12.0 ]
								},
								"east": {
									"texture": "#fruit",
									"uv": [ 0.0, 11.0, 0.5, 11.5 ]
								},
								"south": {
									"texture": "#fruit",
									"uv": [ 6.0, 15.5, 6.5, 16.0 ]
								},
								"west": {
									"texture": "#fruit",
									"uv": [ 0.0, 9.0, 0.5, 9.5 ]
								},
								"up": {
									"texture": "#fruit",
									"uv": [ 3.5, 15.0, 4.0, 15.5 ]
								}
							}
						},
						{
							"name": "fruit 56",
							"from": [ 1.45, 2.35, 1.5 ],
							"to": [ 1.95, 2.85, 2.0 ],
							"rotationOrigin": [ 0.1, 2.9, 0.0 ],
							"faces": {
								"north": {
									"texture": "#fruit",
									"uv": [ 2.0, 11.0, 2.5, 11.5 ]
								},
								"east": {
									"texture": "#fruit",
									"uv": [ 2.0, 12.0, 2.5, 12.5 ]
								},
								"south": {
									"texture": "#fruit",
									"uv": [ 2.0, 11.5, 2.5, 12.0 ]
								},
								"west": {
									"texture": "#fruit",
									"uv": [ 2.0, 12.5, 2.5, 13.0 ]
								},
								"up": {
									"texture": "#fruit",
									"uv": [ 4.0, 10.0, 4.5, 10.5 ]
								}
							}
						}
					]
				},
				{
					"name": "egg2",
					"from": [ -1.5, -0.5, -1.0 ],
					"to": [ -1.5, -0.5, -1.0 ],
					"rotationOrigin": [ -1.5, -0.4, -1.0 ],
					"faces": {
					},
					"children": [
						{
							"name": "yolk62",
							"from": [ 1.7, 2.55, 1.7 ],
							"to": [ 2.2, 3.05, 2.2 ],
							"rotationOrigin": [ -0.3, -0.2, -0.3 ],
							"faces": {
								"north": {
									"texture": "#egg",
									"uv": [ 12.0, 14.0, 12.5, 14.5 ]
								},
								"east": {
									"texture": "#egg",
									"uv": [ 13.0, 14.0, 13.5, 14.5 ]
								},
								"south": {
									"texture": "#egg",
									"uv": [ 14.0, 14.0, 14.5, 14.5 ]
								},
								"west": {
									"texture": "#egg",
									"uv": [ 13.0, 14.0, 13.5, 14.5 ]
								},
								"up": {
									"texture": "#egg",
									"uv": [ 13.0, 13.0, 13.5, 13.5 ]
								}
							}
						},
						{
							"name": "eggwhite63",
							"from": [ 1.55, 2.35, 1.55 ],
							"to": [ 2.55, 2.95, 2.55 ],
							"rotationOrigin": [ 0.0, -0.1, 0.2 ],
							"faces": {
								"north": {
									"texture": "#egg",
									"uv": [ 13.0, 11.0, 14.0, 11.5 ]
								},
								"east": {
									"texture": "#egg",
									"uv": [ 13.0, 11.0, 14.0, 11.5 ]
								},
								"south": {
									"texture": "#egg",
									"uv": [ 10.0, 13.0, 11.0, 13.5 ]
								},
								"west": {
									"texture": "#egg",
									"uv": [ 13.0, 15.0, 14.0, 15.5 ]
								},
								"up": {
									"texture": "#egg",
									"uv": [ 13.0, 9.0, 14.0, 10.0 ]
								}
							}
						}
					]
				},
				{
					"name": "topping",
					"from": [ 0.25, 2.3, 0.75 ],
					"to": [ 2.25, 2.4, 2.25 ],
					"renderPass": 3,
					"rotationOrigin": [ 0.3, 0.0, 0.8 ],
					"faces": {
						"north": {
							"texture": "#topping",
							"uv": [ 0.0, 0.0, 2.0, 0.5 ]
						},
						"east": {
							"texture": "#topping",
							"uv": [ 0.0, 0.0, 1.5, 0.5 ]
						},
						"south": {
							"texture": "#topping",
							"uv": [ 0.0, 0.0, 2.0, 0.5 ]
						},
						"west": {
							"texture": "#topping",
							"uv": [ 0.0, 0.0, 1.5, 0.5 ]
						},
						"up": {
							"texture": "#topping",
							"uv": [ 0.0, 0.0, 2.0, 1.5 ]
						}
					}
				},
				{
					"name": "red meat 2",
					"from": [ 0.6, 2.0, 1.8 ],
					"to": [ 1.1, 3.0, 2.3 ],
					"rotationOrigin": [ 0.7, 2.4, 2.0 ],
					"rotationY": -157.5,
					"rotationZ": -45.0,
					"faces": {
						"north": {
							"texture": "#meat",
							"uv": [ 5.0, 5.0, 5.5, 6.0 ]
						},
						"east": {
							"texture": "#meat",
							"uv": [ 5.0, 5.0, 5.5, 6.0 ]
						},
						"south": {
							"texture": "#meat",
							"uv": [ 5.0, 5.0, 5.5, 6.0 ]
						},
						"west": {
							"texture": "#meat",
							"uv": [ 5.0, 5.0, 5.5, 6.0 ]
						},
						"up": {
							"texture": "#meat",
							"uv": [ 5.0, 6.0, 5.5, 6.5 ]
						},
						"down": {
							"texture": "#meat",
							"uv": [ 6.0, 7.0, 6.5, 7.5 ]
						}
					}
				},
				{
					"name": "poultry 2",
					"from": [ 1.6, 2.6, 0.9 ],
					"to": [ 2.1, 3.6, 1.4 ],
					"rotationOrigin": [ 1.7, 1.0, 1.1 ],
					"rotationY": 22.5,
					"rotationZ": 45.0,
					"faces": {
						"north": {
							"texture": "#meat",
							"uv": [ 5.0, 5.0, 5.5, 6.0 ]
						},
						"east": {
							"texture": "#meat",
							"uv": [ 5.0, 5.0, 5.5, 6.0 ]
						},
						"south": {
							"texture": "#meat",
							"uv": [ 5.0, 5.0, 5.5, 6.0 ]
						},
						"west": {
							"texture": "#meat",
							"uv": [ 5.0, 5.0, 5.5, 6.0 ]
						},
						"up": {
							"texture": "#meat",
							"uv": [ 5.0, 6.0, 5.5, 6.5 ]
						}
					}
				}
			]
		}
	]
}