{
	"editor": {
		"backDropShape": "block/wood/spoon-empty",
		"allAngles": false,
		"entityTextureMode": false
	},
	"textureWidth": 16,
	"textureHeight": 16,
	"textureSizes": {
	},
	"textures": {
		"vegetable": "game:block/food/meal/group6-spelt-onion-redcurrant-egg-redmeatstew",
		"fruit": "game:block/food/meal/group5-rye-turnip-blackcurrant-cheese-poultrystew",
		"grain": "game:block/food/meal/group4-rice-parsnip-whitecurrant",
		"topping": "game:block/food/meal/group7-honey-fieldmushroom-pineapple"
	},
	"elements": [
		{
			"name": "bowl",
			"from": [ 5.5, -1.2, 6.5 ],
			"to": [ 8.5, -0.2, 9.5 ],
			"rotationOrigin": [ -1.0, -1.2, 0.0 ],
			"faces": {
			},
			"children": [
				{
					"name": "grain",
					"from": [ 0.2, 1.8, 0.7 ],
					"to": [ 2.3, 2.3, 2.3 ],
					"rotationOrigin": [ 0.7, 0.0, 1.2 ],
					"faces": {
						"north": {
							"texture": "#grain",
							"uv": [ 0.0, 6.0, 2.0, 6.5 ]
						},
						"east": {
							"texture": "#grain",
							"uv": [ 0.0, 4.0, 1.5, 4.5 ]
						},
						"south": {
							"texture": "#grain",
							"uv": [ 0.0, 5.0, 2.0, 5.5 ]
						},
						"west": {
							"texture": "#grain",
							"uv": [ 0.0, 7.0, 1.5, 7.5 ]
						},
						"up": {
							"texture": "#grain",
							"uv": [ 0.0, 0.0, 2.0, 1.5 ]
						}
					}
				},
				{
					"name": "fruit 1",
					"from": [ 0.0, -0.2, 0.0 ],
					"to": [ 0.0, -0.2, 0.0 ],
					"rotationOrigin": [ 1.5, 0.0, 1.5 ],
					"faces": {
					},
					"children": [
						{
							"name": "fruit 17",
							"from": [ 1.5, 2.2, 0.8 ],
							"to": [ 2.0, 2.7, 1.3 ],
							"rotationOrigin": [ 0.0, 3.0, 0.3 ],
							"faces": {
								"north": {
									"texture": "#fruit",
									"uv": [ 0.5, 8.5, 1.0, 9.0 ]
								},
								"east": {
									"texture": "#fruit",
									"uv": [ 0.5, 10.0, 1.0, 10.5 ]
								},
								"south": {
									"texture": "#fruit",
									"uv": [ 4.0, 15.5, 4.5, 16.0 ]
								},
								"west": {
									"texture": "#fruit",
									"uv": [ 2.0, 8.5, 2.5, 9.0 ]
								},
								"up": {
									"texture": "#fruit",
									"uv": [ 0.0, 8.0, 0.5, 8.5 ]
								}
							}
						},
						{
							"name": "fruit 19",
							"from": [ 1.0, 2.3, 1.0 ],
							"to": [ 1.5, 2.8, 1.5 ],
							"rotationOrigin": [ 0.0, 2.9, 0.0 ],
							"faces": {
								"north": {
									"texture": "#fruit",
									"uv": [ 2.0, 14.5, 2.5, 15.0 ]
								},
								"east": {
									"texture": "#fruit",
									"uv": [ 2.0, 12.0, 2.5, 12.5 ]
								},
								"south": {
									"texture": "#fruit",
									"uv": [ 4.0, 12.0, 4.5, 12.5 ]
								},
								"west": {
									"texture": "#fruit",
									"uv": [ 1.0, 11.5, 1.5, 12.0 ]
								},
								"up": {
									"texture": "#fruit",
									"uv": [ 2.0, 11.0, 2.5, 11.5 ]
								}
							}
						},
						{
							"name": "fruit 20",
							"from": [ 1.4, 2.4, 1.4 ],
							"to": [ 2.4, 2.9, 2.4 ],
							"rotationOrigin": [ -0.1, 3.0, -0.1 ],
							"faces": {
								"north": {
									"texture": "#fruit",
									"uv": [ 0.5, 11.5, 1.5, 12.0 ]
								},
								"east": {
									"texture": "#fruit",
									"uv": [ 6.0, 11.0, 7.0, 11.5 ]
								},
								"south": {
									"texture": "#fruit",
									"uv": [ 2.5, 11.0, 3.5, 11.5 ]
								},
								"west": {
									"texture": "#fruit",
									"uv": [ 1.0, 11.5, 2.0, 12.0 ]
								},
								"up": {
									"texture": "#fruit",
									"uv": [ 2.5, 10.5, 3.5, 11.5 ]
								}
							}
						},
						{
							"name": "fruit 22",
							"from": [ 0.5, 2.3, 1.8 ],
							"to": [ 1.5, 2.8, 2.3 ],
							"rotationOrigin": [ 0.0, 2.9, -0.2 ],
							"faces": {
								"north": {
									"texture": "#fruit",
									"uv": [ 5.0, 13.0, 6.0, 13.5 ]
								},
								"south": {
									"texture": "#fruit",
									"uv": [ 4.0, 12.0, 5.0, 12.5 ]
								},
								"west": {
									"texture": "#fruit",
									"uv": [ 1.0, 11.0, 1.5, 11.5 ]
								},
								"up": {
									"texture": "#fruit",
									"uv": [ 4.0, 10.0, 5.0, 10.5 ]
								}
							}
						}
					]
				},
				{
					"name": "vegetable 1",
					"from": [ 0.0, -0.2, 0.0 ],
					"to": [ 0.0, -0.2, 0.0 ],
					"rotationOrigin": [ 0.0, 0.1, 0.0 ],
					"faces": {
					},
					"children": [
						{
							"name": "vegetable 34",
							"from": [ 0.2, 1.6, 0.6 ],
							"to": [ 2.2, 2.6, 1.2 ],
							"rotationOrigin": [ 0.1, -0.4, 0.4 ],
							"faces": {
								"north": {
									"texture": "#vegetable",
									"uv": [ 12.0, 3.0, 14.0, 4.0 ]
								},
								"east": {
									"texture": "#vegetable",
									"uv": [ 13.0, 4.0, 13.5, 5.0 ]
								},
								"south": {
									"texture": "#vegetable",
									"uv": [ 11.0, 3.0, 13.0, 4.0 ]
								},
								"west": {
									"texture": "#vegetable",
									"uv": [ 14.0, 0.0, 14.5, 1.0 ]
								},
								"up": {
									"texture": "#vegetable",
									"uv": [ 11.0, 3.0, 13.0, 3.5 ]
								}
							}
						},
						{
							"name": "vegetable 35",
							"from": [ 0.3, 1.7, 1.7 ],
							"to": [ 1.3, 2.7, 2.2 ],
							"rotationOrigin": [ 0.2, -0.3, 0.0 ],
							"faces": {
								"east": {
									"texture": "#vegetable",
									"uv": [ 13.0, 4.0, 13.5, 5.0 ]
								},
								"south": {
									"texture": "#vegetable",
									"uv": [ 13.0, 4.0, 14.0, 5.0 ]
								},
								"west": {
									"texture": "#vegetable",
									"uv": [ 15.0, 6.0, 15.5, 7.0 ]
								},
								"up": {
									"texture": "#vegetable",
									"uv": [ 13.0, 4.0, 14.0, 4.5 ]
								}
							}
						},
						{
							"name": "vegetable 39",
							"from": [ 0.1, 1.7, 1.2 ],
							"to": [ 1.5, 2.7, 1.7 ],
							"rotationOrigin": [ 0.5, -0.4, 0.0 ],
							"faces": {
								"north": {
									"texture": "#vegetable",
									"uv": [ 10.0, 3.0, 11.0, 4.0 ]
								},
								"east": {
									"texture": "#vegetable",
									"uv": [ 13.0, 4.0, 13.5, 5.0 ]
								},
								"south": {
									"texture": "#vegetable",
									"uv": [ 12.0, 1.0, 13.0, 2.0 ]
								},
								"west": {
									"texture": "#vegetable",
									"uv": [ 14.0, 1.0, 14.5, 2.0 ]
								},
								"up": {
									"texture": "#vegetable",
									"uv": [ 10.0, 0.0, 11.0, 0.5 ]
								}
							}
						}
					]
				},
				{
					"name": "vegetable 2",
					"from": [ 0.9, -0.2, 1.5 ],
					"to": [ 0.9, -0.2, 1.5 ],
					"rotationOrigin": [ 1.9, 2.5, 2.3 ],
					"faces": {
					},
					"children": [
						{
							"name": "vegetable 58",
							"from": [ -0.5, 1.8, 0.25 ],
							"to": [ 1.4, 2.8, 0.95 ],
							"rotationOrigin": [ 0.0, -0.2, 0.0 ],
							"faces": {
								"north": {
									"texture": "#vegetable",
									"uv": [ 12.0, 3.0, 13.5, 4.0 ]
								},
								"east": {
									"texture": "#vegetable",
									"uv": [ 13.0, 4.0, 13.5, 5.0 ]
								},
								"south": {
									"texture": "#vegetable",
									"uv": [ 11.0, 3.0, 12.5, 4.0 ]
								},
								"west": {
									"texture": "#vegetable",
									"uv": [ 14.0, 0.0, 14.5, 1.0 ]
								},
								"up": {
									"texture": "#vegetable",
									"uv": [ 11.0, 3.0, 12.5, 3.5 ]
								}
							}
						},
						{
							"name": "vegetable 60",
							"from": [ 0.2, 2.25, -0.25 ],
							"to": [ 1.2, 2.75, 0.25 ],
							"rotationOrigin": [ -0.4, -0.3, 0.1 ],
							"faces": {
								"north": {
									"texture": "#vegetable",
									"uv": [ 10.0, 3.0, 11.0, 3.5 ]
								},
								"east": {
									"texture": "#vegetable",
									"uv": [ 13.0, 4.0, 13.5, 4.5 ]
								},
								"west": {
									"texture": "#vegetable",
									"uv": [ 14.0, 0.0, 14.5, 0.5 ]
								},
								"up": {
									"texture": "#vegetable",
									"uv": [ 13.0, 4.0, 14.0, 4.5 ]
								}
							}
						}
					]
				},
				{
					"name": "fruit 2",
					"from": [ -1.0, -0.2, 0.0 ],
					"to": [ -1.0, -0.2, 0.0 ],
					"rotationOrigin": [ 0.5, 0.0, 1.5 ],
					"faces": {
					},
					"children": [
						{
							"name": "fruit 50",
							"from": [ 1.4, 2.3, 0.8 ],
							"to": [ 1.9, 2.8, 1.3 ],
							"rotationOrigin": [ -0.6, 2.9, 0.8 ],
							"faces": {
								"north": {
									"texture": "#fruit",
									"uv": [ 1.0, 11.5, 1.5, 12.0 ]
								},
								"east": {
									"texture": "#fruit",
									"uv": [ 0.0, 11.0, 0.5, 11.5 ]
								},
								"south": {
									"texture": "#fruit",
									"uv": [ 6.0, 15.5, 6.5, 16.0 ]
								},
								"west": {
									"texture": "#fruit",
									"uv": [ 0.0, 9.0, 0.5, 9.5 ]
								},
								"up": {
									"texture": "#fruit",
									"uv": [ 3.5, 15.0, 4.0, 15.5 ]
								}
							}
						},
						{
							"name": "fruit 56",
							"from": [ 1.3, 2.4, 1.5 ],
							"to": [ 1.8, 2.9, 2.0 ],
							"rotationOrigin": [ 0.0, 3.0, 0.0 ],
							"faces": {
								"north": {
									"texture": "#fruit",
									"uv": [ 2.0, 11.0, 2.5, 11.5 ]
								},
								"east": {
									"texture": "#fruit",
									"uv": [ 2.0, 12.0, 2.5, 12.5 ]
								},
								"south": {
									"texture": "#fruit",
									"uv": [ 2.0, 11.5, 2.5, 12.0 ]
								},
								"west": {
									"texture": "#fruit",
									"uv": [ 2.0, 12.5, 2.5, 13.0 ]
								},
								"up": {
									"texture": "#fruit",
									"uv": [ 4.0, 10.0, 4.5, 10.5 ]
								}
							}
						}
					]
				},
				{
					"name": "topping",
					"from": [ 0.25, 2.3, 0.75 ],
					"to": [ 2.25, 2.4, 2.25 ],
					"renderPass": 3,
					"rotationOrigin": [ 0.3, 0.0, 0.8 ],
					"faces": {
						"north": {
							"texture": "#topping",
							"uv": [ 0.0, 0.0, 2.0, 0.5 ]
						},
						"east": {
							"texture": "#topping",
							"uv": [ 0.0, 0.0, 1.5, 0.5 ]
						},
						"south": {
							"texture": "#topping",
							"uv": [ 0.0, 0.0, 2.0, 0.5 ]
						},
						"west": {
							"texture": "#topping",
							"uv": [ 0.0, 0.0, 1.5, 0.5 ]
						},
						"up": {
							"texture": "#topping",
							"uv": [ 0.0, 0.0, 2.0, 1.5 ]
						}
					}
				}
			]
		}
	]
}