{
	"editor": {
		"allAngles": false,
		"singleTexture": false
	},
	"textureWidth": 16,
	"textureHeight": 16,
	"textures": {
		"rot-solids": "game:item/resource/rot/rot-solids",
		"rot-spill": "game:item/resource/rot/rot-spill"
	},
	"elements": [
		{
			"name": "Origin",
			"from": [ 7.2, -0.42, 7.9 ],
			"to": [ 7.2, -0.42, 7.9 ],
			"rotationOrigin": [ 7.2, -0.4, 7.9 ],
			"faces": {
			},
			"children": [
				{
					"name": "Cube1",
					"from": [ -1.4, 0.5, -0.4 ],
					"to": [ 0.6, 1.0, 0.6 ],
					"rotationOrigin": [ -0.4, 0.5, 1.6 ],
					"faces": {
						"north": {
							"texture": "#rot-solids",
							"uv": [ 7.5, 10.0, 9.5, 10.5 ]
						},
						"east": {
							"texture": "#rot-solids",
							"uv": [ 7.5, 4.5, 8.5, 5.0 ]
						},
						"south": {
							"texture": "#rot-solids",
							"uv": [ 3.0, 15.0, 5.0, 15.5 ]
						},
						"west": {
							"texture": "#rot-solids",
							"uv": [ 0.0, 15.0, 1.0, 15.5 ]
						},
						"up": {
							"texture": "#rot-solids",
							"uv": [ 7.5, 3.5, 9.5, 4.5 ]
						},
						"down": {
							"texture": "#rot-solids",
							"uv": [ 0.0, 1.0, 2.0, 2.0 ]
						}
					}
				},
				{
					"name": "shroomie 1",
					"from": [ -1.0, 0.7, 0.1 ],
					"to": [ -0.5, 1.7, 0.6 ],
					"rotationOrigin": [ -0.8, 0.7, 0.3 ],
					"rotationZ": 22.5,
					"faces": {
						"north": {
							"texture": "#rot-solids",
							"uv": [ 10.0, 11.5, 10.5, 12.5 ]
						},
						"east": {
							"texture": "#rot-solids",
							"uv": [ 4.0, 5.0, 4.5, 6.0 ]
						},
						"south": {
							"texture": "#rot-solids",
							"uv": [ 5.0, 5.5, 5.5, 6.5 ]
						},
						"west": {
							"texture": "#rot-solids",
							"uv": [ 6.0, 13.5, 6.5, 14.5 ]
						},
						"up": {
							"texture": "#rot-solids",
							"uv": [ 5.0, 3.5, 5.5, 4.0 ]
						},
						"down": {
							"texture": "#rot-solids",
							"uv": [ 0.0, 1.0, 0.5, 1.5 ]
						}
					},
					"children": [
						{
							"name": "Cube7",
							"from": [ -0.2, 1.0, -0.2 ],
							"to": [ 0.8, 1.5, 0.8 ],
							"rotationOrigin": [ -0.2, 1.0, -0.2 ],
							"faces": {
								"north": {
									"texture": "#rot-solids",
									"uv": [ 8.0, 6.0, 9.0, 6.5 ]
								},
								"east": {
									"texture": "#rot-solids",
									"uv": [ 5.5, 3.0, 6.5, 3.5 ]
								},
								"south": {
									"texture": "#rot-solids",
									"uv": [ 9.5, 3.0, 10.5, 3.5 ]
								},
								"west": {
									"texture": "#rot-solids",
									"uv": [ 3.5, 3.0, 4.5, 3.5 ]
								},
								"up": {
									"texture": "#rot-solids",
									"uv": [ 6.0, 9.0, 7.0, 10.0 ]
								},
								"down": {
									"texture": "#rot-solids",
									"uv": [ 0.0, 0.0, 1.0, 1.0 ]
								}
							}
						}
					]
				},
				{
					"name": "face 1",
					"from": [ -1.5, 0.5, -0.3 ],
					"to": [ 0.5, 2.5, -0.3 ],
					"renderPass": 2,
					"rotationOrigin": [ 2.0, -1.5, 0.7 ],
					"faces": {
						"south": {
							"texture": "#rot-spill",
							"uv": [ 0.0, 13.0, 2.0, 15.0 ]
						}
					}
				},
				{
					"name": "Cube10",
					"from": [ -0.5, 1.0, -0.7 ],
					"to": [ 0.6, 1.5, 0.8 ],
					"renderPass": 2,
					"rotationOrigin": [ -0.5, 0.0, -1.2 ],
					"faces": {
						"north": {
							"texture": "#rot-solids",
							"uv": [ 10.0, 11.5, 11.0, 12.0 ]
						},
						"east": {
							"texture": "#rot-solids",
							"uv": [ 4.0, 5.0, 5.5, 5.5 ]
						},
						"south": {
							"texture": "#rot-solids",
							"uv": [ 5.0, 5.5, 6.0, 6.0 ]
						},
						"west": {
							"texture": "#rot-solids",
							"uv": [ 6.0, 13.5, 7.5, 14.0 ]
						},
						"up": {
							"texture": "#rot-solids",
							"uv": [ 5.0, 3.5, 6.0, 5.0 ]
						},
						"down": {
							"texture": "#rot-solids",
							"uv": [ 0.0, 1.0, 1.0, 2.5 ]
						}
					}
				},
				{
					"name": "face 18",
					"from": [ -0.1, 1.5, -0.7 ],
					"to": [ -0.1, 3.0, 0.6 ],
					"renderPass": 2,
					"rotationOrigin": [ 3.4, -0.5, 0.3 ],
					"faces": {
						"east": {
							"texture": "#rot-spill",
							"uv": [ 0.5, 11.5, 1.5, 13.0 ]
						}
					}
				}
			]
		}
	]
}