{
	"editor": {
		"backDropShape": "block/wood/spoon-empty",
		"allAngles": false,
		"singleTexture": false
	},
	"textureWidth": 16,
	"textureHeight": 16,
	"textures": {
		"vegetable": "game:block/food/meal/group6-spelt-onion-redcurrant-egg-redmeatstew",
		"grain": "game:block/food/meal/group4-rice-parsnip-whitecurrant",
		"water": "game:block/food/meal/group7-honey-fieldmushroom-pineapple"
	},
	"elements": [
		{
			"name": "bowl",
			"from": [ 5.5, 0.0, 6.5 ],
			"to": [ 8.5, 1.0, 9.5 ],
			"rotationOrigin": [ -1.0, 0.0, 0.0 ],
			"faces": {
			},
			"children": [
				{
					"name": "meat",
					"from": [ 3.8, -0.5, 0.8 ],
					"to": [ 3.8, -0.5, 0.8 ],
					"rotationOrigin": [ 2.1, 1.0, 1.8 ],
					"faces": {
					},
					"children": [
						{
							"name": "meat 59",
							"from": [ -3.5, 0.7, 0.0 ],
							"to": [ -1.5, 1.2, 0.5 ],
							"faces": {
								"north": {
									"texture": "#meat",
									"uv": [ 6.0, 7.0, 8.0, 7.5 ]
								},
								"east": {
									"texture": "#meat",
									"uv": [ 8.0, 6.0, 8.5, 6.5 ]
								},
								"south": {
									"texture": "#meat",
									"uv": [ 6.0, 8.0, 8.0, 8.5 ]
								},
								"west": {
									"texture": "#meat",
									"uv": [ 7.0, 6.0, 7.5, 6.5 ]
								},
								"up": {
									"texture": "#meat",
									"uv": [ 8.0, 7.0, 10.0, 7.5 ]
								},
								"down": {
									"texture": "#meat",
									"uv": [ 7.0, 7.0, 9.0, 7.5 ]
								}
							}
						},
						{
							"name": "meat 56",
							"from": [ -3.0, 0.7, 0.5 ],
							"to": [ -1.5, 1.2, 1.0 ],
							"faces": {
								"north": {
									"texture": "#meat",
									"uv": [ 6.0, 7.0, 7.5, 7.5 ]
								},
								"east": {
									"texture": "#meat",
									"uv": [ 8.0, 6.0, 8.5, 6.5 ]
								},
								"south": {
									"texture": "#meat",
									"uv": [ 6.0, 8.0, 7.5, 8.5 ]
								},
								"west": {
									"texture": "#meat",
									"uv": [ 7.0, 6.0, 7.5, 6.5 ]
								},
								"up": {
									"texture": "#meat",
									"uv": [ 8.0, 7.0, 9.5, 7.5 ]
								},
								"down": {
									"texture": "#meat",
									"uv": [ 7.0, 7.0, 8.5, 7.5 ]
								}
							}
						}
					]
				},
				{
					"name": "vegetable base 1",
					"from": [ 0.0, -0.8, 0.0 ],
					"to": [ 0.0, -0.8, 0.0 ],
					"rotationOrigin": [ 1.5, -0.8, 1.5 ],
					"faces": {
					},
					"children": [
						{
							"name": "vegetable 16",
							"from": [ 1.4, 1.4, 1.1 ],
							"to": [ 1.9, 1.6, 1.6 ],
							"rotationOrigin": [ 0.4, -0.4, 0.1 ],
							"faces": {
								"north": {
									"texture": "#vegetable",
									"uv": [ 11.0, 3.5, 11.5, 4.0 ]
								},
								"east": {
									"texture": "#vegetable",
									"uv": [ 11.0, 4.5, 11.5, 5.0 ]
								},
								"south": {
									"texture": "#vegetable",
									"uv": [ 12.5, 2.0, 13.0, 2.5 ]
								},
								"west": {
									"texture": "#vegetable",
									"uv": [ 11.0, 3.0, 11.5, 3.5 ]
								},
								"up": {
									"texture": "#vegetable",
									"uv": [ 10.0, 1.5, 10.5, 2.0 ]
								}
							}
						},
						{
							"name": "vegetable 20",
							"from": [ 0.3, 1.4, 1.0 ],
							"to": [ 0.9, 1.6, 1.6 ],
							"rotationOrigin": [ 0.3, 0.1, 1.0 ],
							"faces": {
								"north": {
									"texture": "#vegetable",
									"uv": [ 14.5, 0.0, 15.0, 0.5 ]
								},
								"east": {
									"texture": "#vegetable",
									"uv": [ 12.0, 3.0, 12.5, 3.5 ]
								},
								"south": {
									"texture": "#vegetable",
									"uv": [ 10.5, 1.0, 11.0, 1.5 ]
								},
								"west": {
									"texture": "#vegetable",
									"uv": [ 11.5, 3.0, 12.0, 3.5 ]
								},
								"up": {
									"texture": "#vegetable",
									"uv": [ 9.0, 0.5, 9.5, 1.0 ]
								}
							}
						}
					]
				},
				{
					"name": "vegetable base 2",
					"from": [ 0.0, -0.7, 0.0 ],
					"to": [ 0.0, -0.7, 0.0 ],
					"rotationOrigin": [ 1.5, -0.8, 1.5 ],
					"rotationY": -90.0,
					"faces": {
					},
					"children": [
						{
							"name": "vegetable 31",
							"from": [ 1.0, 1.4, 1.0 ],
							"to": [ 1.5, 1.6, 1.5 ],
							"rotationOrigin": [ 0.0, -0.4, 0.0 ],
							"faces": {
								"north": {
									"texture": "#vegetable",
									"uv": [ 12.5, 4.5, 13.0, 5.0 ]
								},
								"east": {
									"texture": "#vegetable",
									"uv": [ 9.5, 4.0, 10.0, 4.5 ]
								},
								"south": {
									"texture": "#vegetable",
									"uv": [ 14.0, 3.5, 14.5, 4.0 ]
								},
								"west": {
									"texture": "#vegetable",
									"uv": [ 14.0, 4.5, 14.5, 5.0 ]
								},
								"up": {
									"texture": "#vegetable",
									"uv": [ 10.0, 1.5, 10.5, 2.0 ]
								}
							}
						},
						{
							"name": "vegetable 33",
							"from": [ 1.3, 1.4, 1.6 ],
							"to": [ 1.9, 1.6, 2.2 ],
							"rotationOrigin": [ 0.8, 0.0, -0.4 ],
							"faces": {
								"north": {
									"texture": "#vegetable",
									"uv": [ 11.0, 4.0, 11.5, 4.5 ]
								},
								"east": {
									"texture": "#vegetable",
									"uv": [ 11.5, 3.5, 12.0, 4.0 ]
								},
								"south": {
									"texture": "#vegetable",
									"uv": [ 13.0, 4.0, 13.5, 4.5 ]
								},
								"west": {
									"texture": "#vegetable",
									"uv": [ 12.0, 4.0, 12.5, 4.5 ]
								},
								"up": {
									"texture": "#vegetable",
									"uv": [ 15.0, 0.0, 15.5, 0.5 ]
								}
							}
						}
					]
				},
				{
					"name": "vegetable base 3",
					"from": [ 0.0, -0.4, 0.0 ],
					"to": [ 0.0, -0.4, 0.0 ],
					"rotationOrigin": [ 1.5, -0.5, 1.5 ],
					"rotationY": -180.0,
					"faces": {
					},
					"children": [
						{
							"name": "vegetable 50",
							"from": [ 1.0, 1.0, 1.0 ],
							"to": [ 1.4, 1.3, 1.4 ],
							"rotationOrigin": [ 1.0, -0.3, 1.0 ],
							"faces": {
								"north": {
									"texture": "#vegetable",
									"uv": [ 12.0, 3.0, 12.5, 3.5 ]
								},
								"east": {
									"texture": "#vegetable",
									"uv": [ 13.5, 2.5, 14.0, 3.0 ]
								},
								"south": {
									"texture": "#vegetable",
									"uv": [ 13.0, 6.0, 13.5, 6.5 ]
								},
								"west": {
									"texture": "#vegetable",
									"uv": [ 11.5, 4.5, 12.0, 5.0 ]
								},
								"up": {
									"texture": "#vegetable",
									"uv": [ 9.0, 0.5, 9.5, 1.0 ]
								}
							}
						}
					]
				},
				{
					"name": "grain",
					"from": [ 0.2, 0.6, 1.0 ],
					"to": [ 2.2, 0.6, 2.0 ],
					"rotationOrigin": [ 0.0, -0.5, 1.0 ],
					"faces": {
						"up": {
							"texture": "#vegetable",
							"uv": [ 0.0, 0.0, 2.0, 1.0 ]
						}
					}
				},
				{
					"name": "water",
					"from": [ 0.3, 0.95, 1.0 ],
					"to": [ 2.3, 0.95, 2.0 ],
					"renderPass": 3,
					"rotationOrigin": [ 0.8, -1.0, 1.5 ],
					"faces": {
						"up": {
							"texture": "#water",
							"uv": [ 0.0, 0.0, 2.0, 1.0 ]
						}
					}
				}
			]
		}
	]
}