[
  {
    "file": "foodshelves:recipes/grid/barrels/barrelrackbig.json",
    "op": "addmerge",
    "path": "/0",
    "value": {
      "ingredientPattern": "PSP,SNS,PSP",
      "ingredients": {
        "S": { "type": "item", "code": "game:stick", "quantity": 8 },
        "N": { "type": "item", "code": "game:metalnailsandstrips-*" },
        "P": { "type": "item", "code": "game:plank-*", "quantity": 8, "name": "wood" }
      },
      "width": 3,
      "height": 3,
      "recipeGroup": 1,
      "output": { "type": "block", "code": "barrelrackbig-normal{wood}-north" }
    },
		"condition": { "when": "FoodShelves.EnableVariants", "isValue": "true" }
  },
  {
    "file": "foodshelves:recipes/grid/barrels/barrelrackbig.json",
    "op": "addmerge",
    "path": "/0",
    "value": {
      "ingredientPattern": "__,_B",
      "ingredients": {
        "B": { "type": "block", "code": "foodshelves:barrelrackbig-normal*-north", "name": "wood" }
      },
      "width": 2,
      "height": 2,
      "recipeGroup": 2,
      "output": { "type": "block", "code": "barrelrackbig-top{wood}-north", "quantity": 2 }
    },
		"condition": { "when": "FoodShelves.EnableVariants", "isValue": "true" }
  },
  {
    "file": "foodshelves:recipes/grid/barrels/barrelrackbig.json",
    "op": "addmerge",
    "path": "/0",
    "value": {
      "ingredientPattern": "__,_B",
      "ingredients": {
        "B": { "type": "block", "code": "foodshelves:barrelrackbig-top*-north", "quantity": 2, "name": "wood" }
      },
      "width": 2,
      "height": 2,
      "recipeGroup": 3,
      "output": { "type": "block", "code": "barrelrackbig-normal{wood}-north" }
    },
		"condition": { "when": "FoodShelves.EnableVariants", "isValue": "true" }
  }
]