{
	"editor": {
		"allAngles": true,
		"entityTextureMode": true
	},
	"textureWidth": 64,
	"textureHeight": 64,
	"textureSizes": {
	},
	"textures": {
		"material": "/Users/Asus/AppData/Roaming/VintagestoryData/Mods/Maple Cultures/assets/maplemod/textures/armor/altoarabianbody-sandstone"
	},
	"elements": [
		{
			"name": "ArmorUpperTorso",
			"stepParentName": "UpperTorso",
			"from": [ -0.3, -0.2, -0.3 ],
			"to": [ 5.3, 5.2, 6.5 ],
			"uv": [ 0.0, 0.0 ],
			"rotationOrigin": [ -0.3, -0.2, -0.3 ],
			"faces": {
				"north": { "texture": "#material", "uv": [ 0.0, 6.5, 5.5, 11.5 ] },
				"east": { "texture": "#material", "uv": [ 5.5, 6.5, 12.0, 11.5 ] },
				"south": { "texture": "#material", "uv": [ 12.0, 6.5, 17.5, 11.5 ] },
				"west": { "texture": "#material", "uv": [ 17.5, 6.5, 24.0, 11.5 ] },
				"up": { "texture": "#material", "uv": [ 0.0, 0.0, 5.5, 6.5 ] },
				"down": { "texture": "#material", "uv": [ 5.5, 0.0, 11.0, 6.5 ] }
			},
			"children": [
				{
					"name": "Jilet1",
					"from": [ -0.4, -1.3, 1.0 ],
					"to": [ 0.0, 3.7, 5.8 ],
					"uv": [ 37.0, 51.0 ],
					"rotationOrigin": [ -1.0, -1.0, 1.0 ],
					"faces": {
						"north": { "texture": "#material", "uv": [ 37.0, 55.5, 37.5, 60.5 ] },
						"east": { "texture": "#material", "uv": [ 37.5, 55.5, 42.0, 60.5 ] },
						"south": { "texture": "#material", "uv": [ 42.0, 55.5, 42.5, 60.5 ] },
						"west": { "texture": "#material", "uv": [ 42.5, 55.5, 47.0, 60.5 ] },
						"up": { "texture": "#material", "uv": [ 37.0, 51.0, 37.5, 55.5 ] },
						"down": { "texture": "#material", "uv": [ 37.5, 51.0, 38.0, 55.5 ] }
					},
					"children": [
						{
							"name": "Jilet2",
							"from": [ 0.15, 0.3, -1.2 ],
							"to": [ 0.55, 5.1, -0.2 ],
							"autoUnwrap": false,
							"uv": [ 37.5, 58.5 ],
							"rotationOrigin": [ -0.6, 0.3, -1.0 ],
							"rotationY": -14.0,
							"faces": {
								"north": { "texture": "#material", "uv": [ 37.5, 55.5, 38.0, 60.0 ] },
								"east": { "texture": "#material", "uv": [ 38.0, 59.5, 39.0, 64.0 ] },
								"south": { "texture": "#material", "uv": [ 37.0, 55.5, 37.5, 60.0 ] },
								"west": { "texture": "#material", "uv": [ 39.5, 59.5, 40.5, 60.0 ], "autoUv": false },
								"up": { "texture": "#material", "uv": [ 37.5, 58.5, 38.0, 59.5 ] },
								"down": { "texture": "#material", "uv": [ 38.0, 58.5, 38.5, 59.5 ] }
							}
						},
						{
							"name": "Jilet3",
							"from": [ 0.0, 0.3, 5.0 ],
							"to": [ 0.4, 5.1, 6.0 ],
							"autoUnwrap": false,
							"uv": [ 37.0, 58.0 ],
							"rotationOrigin": [ -0.6, 0.3, 5.0 ],
							"rotationY": 14.0,
							"faces": {
								"north": { "texture": "#material", "uv": [ 37.0, 56.0, 37.5, 60.5 ] },
								"east": { "texture": "#material", "uv": [ 37.5, 59.0, 38.5, 63.5 ] },
								"south": { "texture": "#material", "uv": [ 37.5, 56.0, 38.0, 60.5 ] },
								"west": { "texture": "#material", "uv": [ 39.0, 60.0, 40.0, 59.5 ], "autoUv": false },
								"up": { "texture": "#material", "uv": [ 37.0, 58.0, 37.5, 59.0 ] },
								"down": { "texture": "#material", "uv": [ 37.5, 58.0, 38.0, 59.0 ] }
							}
						},
						{
							"name": "Jilet4",
							"from": [ 0.0, 5.2, 3.8 ],
							"to": [ 0.4, 6.8, 4.8 ],
							"uv": [ 37.5, 58.0 ],
							"rotationOrigin": [ -0.6, 5.3, 4.0 ],
							"rotationZ": -14.0,
							"faces": {
								"north": { "texture": "#material", "uv": [ 37.5, 59.0, 38.0, 60.5 ] },
								"east": { "texture": "#material", "uv": [ 38.0, 59.0, 39.0, 60.5 ] },
								"south": { "texture": "#material", "uv": [ 39.0, 59.0, 39.5, 60.5 ] },
								"west": { "texture": "#material", "uv": [ 39.5, 59.0, 40.5, 60.5 ] },
								"up": { "texture": "#material", "uv": [ 37.5, 58.0, 38.0, 59.0 ] },
								"down": { "texture": "#material", "uv": [ 38.0, 58.0, 38.5, 59.0 ] }
							}
						},
						{
							"name": "Jilet5",
							"from": [ 0.0, 5.2, 0.0 ],
							"to": [ 0.4, 6.8, 4.0 ],
							"uv": [ 37.5, 55.0 ],
							"rotationOrigin": [ -0.6, 5.3, 0.0 ],
							"rotationZ": -14.0,
							"faces": {
								"north": { "texture": "#material", "uv": [ 37.5, 59.0, 38.0, 60.5 ] },
								"east": { "texture": "#material", "uv": [ 38.0, 59.0, 42.0, 60.5 ] },
								"south": { "texture": "#material", "uv": [ 42.0, 59.0, 42.5, 60.5 ] },
								"west": { "texture": "#material", "uv": [ 42.5, 59.0, 46.5, 60.5 ] },
								"up": { "texture": "#material", "uv": [ 37.5, 55.0, 38.0, 59.0 ] },
								"down": { "texture": "#material", "uv": [ 38.0, 55.0, 38.5, 59.0 ] }
							}
						},
						{
							"name": "Jilet6",
							"from": [ 6.0, 0.0, 0.0 ],
							"to": [ 6.4, 5.0, 4.8 ],
							"autoUnwrap": false,
							"uv": [ 37.0, 51.0 ],
							"rotationOrigin": [ 5.4, 0.3, 0.0 ],
							"faces": {
								"north": { "texture": "#material", "uv": [ 37.0, 55.5, 37.5, 60.5 ] },
								"east": { "texture": "#material", "uv": [ 42.5, 55.5, 47.0, 60.5 ] },
								"south": { "texture": "#material", "uv": [ 42.0, 55.5, 42.5, 60.5 ] },
								"west": { "texture": "#material", "uv": [ 42.5, 55.5, 47.0, 60.5 ] },
								"up": { "texture": "#material", "uv": [ 37.0, 51.0, 37.5, 55.5 ] },
								"down": { "texture": "#material", "uv": [ 37.5, 51.0, 38.0, 55.5 ] }
							},
							"children": [
								{
									"name": "Jilet7",
									"from": [ 0.0, 0.3, 4.5 ],
									"to": [ 0.4, 5.1, 5.5 ],
									"autoUnwrap": false,
									"uv": [ 37.0, 58.0 ],
									"rotationOrigin": [ -0.6, 0.3, 5.0 ],
									"rotationY": -14.0,
									"faces": {
										"north": { "texture": "#material", "uv": [ 37.0, 56.0, 37.5, 60.5 ] },
										"east": { "texture": "#material", "uv": [ 46.0, 56.0, 47.0, 60.5 ] },
										"south": { "texture": "#material", "uv": [ 37.5, 56.0, 38.0, 60.5 ] },
										"west": { "texture": "#material", "uv": [ 39.0, 59.0, 40.0, 63.5 ] },
										"up": { "texture": "#material", "uv": [ 37.0, 58.0, 37.5, 59.0 ] },
										"down": { "texture": "#material", "uv": [ 37.5, 58.0, 38.0, 59.0 ] }
									}
								},
								{
									"name": "Jilet8",
									"from": [ -0.2, 0.3, -0.8 ],
									"to": [ 0.2, 5.1, 0.2 ],
									"autoUnwrap": false,
									"uv": [ 37.0, 58.5 ],
									"rotationOrigin": [ -0.6, 0.3, -1.0 ],
									"rotationY": 14.0,
									"faces": {
										"north": { "texture": "#material", "uv": [ 37.0, 55.5, 37.5, 60.0 ] },
										"east": { "texture": "#material", "uv": [ 38.5, 55.5, 39.5, 60.0 ] },
										"south": { "texture": "#material", "uv": [ 38.5, 56.0, 39.0, 60.5 ] },
										"west": { "texture": "#material", "uv": [ 39.0, 59.5, 40.0, 64.0 ] },
										"up": { "texture": "#material", "uv": [ 37.0, 58.5, 37.5, 59.5 ] },
										"down": { "texture": "#material", "uv": [ 37.5, 58.5, 38.0, 59.5 ] }
									}
								},
								{
									"name": "Jilet9",
									"from": [ -0.1, 4.8, 3.8 ],
									"to": [ 0.3, 6.4, 4.8 ],
									"uv": [ 37.0, 58.0 ],
									"rotationOrigin": [ -0.6, 5.3, 4.0 ],
									"rotationZ": 14.0,
									"faces": {
										"north": { "texture": "#material", "uv": [ 37.0, 59.0, 37.5, 60.5 ] },
										"east": { "texture": "#material", "uv": [ 37.5, 59.0, 38.5, 60.5 ] },
										"south": { "texture": "#material", "uv": [ 38.5, 59.0, 39.0, 60.5 ] },
										"west": { "texture": "#material", "uv": [ 39.0, 59.0, 40.0, 60.5 ] },
										"up": { "texture": "#material", "uv": [ 37.0, 58.0, 37.5, 59.0 ] },
										"down": { "texture": "#material", "uv": [ 37.5, 58.0, 38.0, 59.0 ] }
									}
								},
								{
									"name": "Jilet10",
									"from": [ -0.1, 4.8, 0.0 ],
									"to": [ 0.3, 6.4, 4.0 ],
									"uv": [ 37.0, 55.0 ],
									"rotationOrigin": [ -0.6, 5.3, 0.0 ],
									"rotationZ": 14.0,
									"faces": {
										"north": { "texture": "#material", "uv": [ 37.0, 59.0, 37.5, 60.5 ] },
										"east": { "texture": "#material", "uv": [ 37.5, 59.0, 41.5, 60.5 ] },
										"south": { "texture": "#material", "uv": [ 41.5, 59.0, 42.0, 60.5 ] },
										"west": { "texture": "#material", "uv": [ 42.0, 59.0, 46.0, 60.5 ] },
										"up": { "texture": "#material", "uv": [ 37.0, 55.0, 37.5, 59.0 ] },
										"down": { "texture": "#material", "uv": [ 37.5, 55.0, 38.0, 59.0 ] }
									}
								}
							]
						},
						{
							"name": "Verevka1",
							"from": [ 0.4, 6.3, 0.0 ],
							"to": [ 6.1, 6.8, 1.0 ],
							"uv": [ 40.0, 51.5 ],
							"rotationOrigin": [ 0.4, 6.3, 0.0 ],
							"faces": {
								"north": { "texture": "#material", "uv": [ 40.0, 52.5, 45.5, 53.0 ] },
								"east": { "texture": "#material", "uv": [ 45.5, 52.5, 46.5, 53.0 ] },
								"south": { "texture": "#material", "uv": [ 46.5, 52.5, 52.0, 53.0 ] },
								"west": { "texture": "#material", "uv": [ 52.0, 52.5, 53.0, 53.0 ] },
								"up": { "texture": "#material", "uv": [ 40.0, 51.5, 45.5, 52.5 ] },
								"down": { "texture": "#material", "uv": [ 45.5, 51.5, 51.0, 52.5 ] }
							},
							"children": [
								{
									"name": "Verevka2",
									"from": [ 0.0, 0.0, 3.8 ],
									"to": [ 5.7, 0.5, 4.8 ],
									"autoUnwrap": false,
									"uv": [ 39.5, 51.5 ],
									"rotationOrigin": [ 0.0, 0.0, 4.0 ],
									"faces": {
										"north": { "texture": "#material", "uv": [ 39.5, 52.5, 45.0, 53.0 ] },
										"east": { "texture": "#material", "uv": [ 45.0, 52.5, 46.0, 53.0 ] },
										"south": { "texture": "#material", "uv": [ 46.0, 52.5, 51.5, 53.0 ] },
										"west": { "texture": "#material", "uv": [ 51.5, 52.5, 52.5, 53.0 ] },
										"up": { "texture": "#material", "uv": [ 39.5, 51.5, 45.0, 52.5 ], "rotation": 180 },
										"down": { "texture": "#material", "uv": [ 45.0, 51.5, 50.5, 52.5 ] }
									}
								},
								{
									"name": "Verevka3",
									"from": [ 0.0, -6.0, -1.3 ],
									"to": [ 5.7, -5.0, -0.9 ],
									"uv": [ 39.5, 51.5 ],
									"rotationOrigin": [ 0.0, -6.0, -2.0 ],
									"faces": {
										"north": { "texture": "#material", "uv": [ 39.5, 52.0, 45.0, 53.0 ] },
										"east": { "texture": "#material", "uv": [ 45.0, 52.0, 45.5, 53.0 ] },
										"south": { "texture": "#material", "uv": [ 45.5, 52.0, 51.0, 53.0 ] },
										"west": { "texture": "#material", "uv": [ 51.0, 52.0, 51.5, 53.0 ] },
										"up": { "texture": "#material", "uv": [ 39.5, 51.5, 45.0, 52.0 ] },
										"down": { "texture": "#material", "uv": [ 45.0, 51.5, 50.5, 52.0 ] }
									}
								},
								{
									"name": "Verevka4",
									"from": [ 0.0, -6.0, 5.7 ],
									"to": [ 5.7, -5.0, 6.1 ],
									"autoUnwrap": false,
									"uv": [ 39.5, 51.5 ],
									"rotationOrigin": [ 0.0, -6.0, 5.0 ],
									"faces": {
										"north": { "texture": "#material", "uv": [ 39.5, 52.0, 45.0, 53.0 ] },
										"east": { "texture": "#material", "uv": [ 45.0, 52.0, 45.5, 53.0 ] },
										"south": { "texture": "#material", "uv": [ 39.5, 52.0, 45.0, 53.0 ] },
										"west": { "texture": "#material", "uv": [ 51.0, 52.0, 51.5, 53.0 ] },
										"up": { "texture": "#material", "uv": [ 39.5, 51.5, 45.0, 52.0 ] },
										"down": { "texture": "#material", "uv": [ 45.0, 51.5, 50.5, 52.0 ] }
									}
								},
								{
									"name": "Verevka5",
									"from": [ -0.1, -3.0, 5.6 ],
									"to": [ 5.7, -2.0, 6.0 ],
									"autoUnwrap": false,
									"uv": [ 39.5, 51.5 ],
									"rotationOrigin": [ 0.0, -3.0, 5.0 ],
									"faces": {
										"north": { "texture": "#material", "uv": [ 39.5, 52.0, 45.0, 53.0 ] },
										"east": { "texture": "#material", "uv": [ 45.0, 52.0, 45.5, 53.0 ] },
										"south": { "texture": "#material", "uv": [ 39.5, 52.0, 45.0, 53.0 ] },
										"west": { "texture": "#material", "uv": [ 51.0, 52.0, 51.5, 53.0 ] },
										"up": { "texture": "#material", "uv": [ 39.5, 51.5, 45.0, 52.0 ] },
										"down": { "texture": "#material", "uv": [ 45.0, 51.5, 50.5, 52.0 ] }
									}
								},
								{
									"name": "Verevka6",
									"from": [ -0.1, -3.0, -1.2 ],
									"to": [ 5.7, -2.0, -0.8 ],
									"uv": [ 39.5, 51.5 ],
									"rotationOrigin": [ 0.0, -3.0, -2.0 ],
									"faces": {
										"north": { "texture": "#material", "uv": [ 39.5, 52.0, 45.0, 53.0 ] },
										"east": { "texture": "#material", "uv": [ 45.0, 52.0, 45.5, 53.0 ] },
										"south": { "texture": "#material", "uv": [ 45.5, 52.0, 51.0, 53.0 ] },
										"west": { "texture": "#material", "uv": [ 51.0, 52.0, 51.5, 53.0 ] },
										"up": { "texture": "#material", "uv": [ 39.5, 51.5, 45.0, 52.0 ] },
										"down": { "texture": "#material", "uv": [ 45.0, 51.5, 50.5, 52.0 ] }
									}
								}
							]
						}
					]
				},
				{
					"name": "Cube15",
					"from": [ 7.4, 2.0, 1.3 ],
					"to": [ 10.4, 5.0, 2.3 ],
					"autoUnwrap": false,
					"uv": [ 16.0, 43.0 ],
					"rotationOrigin": [ 7.0, 2.0, 1.0 ],
					"rotationY": -90.0,
					"rotationZ": -42.0,
					"faces": {
						"north": { "texture": "#material", "uv": [ 16.0, 44.0, 19.0, 47.0 ] },
						"east": { "texture": "#material", "uv": [ 22.0, 44.0, 23.0, 47.0 ] },
						"south": { "texture": "#material", "uv": [ 23.0, 44.0, 26.0, 47.0 ] },
						"west": { "texture": "#material", "uv": [ 57.5, 60.5, 63.5, 61.5 ], "rotation": 90, "autoUv": false },
						"up": { "texture": "#material", "uv": [ 41.0, 41.5, 44.0, 42.5 ] },
						"down": { "texture": "#material", "uv": [ 22.0, 43.0, 25.0, 44.0 ] }
					},
					"children": [
						{
							"name": "Cube20",
							"from": [ 0.4, -1.0, 0.1 ],
							"to": [ 1.9, 0.0, 1.1 ],
							"uv": [ 25.0, 31.5 ],
							"rotationOrigin": [ 0.0, -1.0, 0.0 ],
							"rotationZ": 25.0,
							"faces": {
								"north": { "texture": "#material", "uv": [ 25.0, 32.5, 26.5, 33.5 ] },
								"east": { "texture": "#material", "uv": [ 26.5, 32.5, 27.5, 33.5 ] },
								"south": { "texture": "#material", "uv": [ 27.5, 32.5, 29.0, 33.5 ] },
								"west": { "texture": "#material", "uv": [ 29.0, 32.5, 30.0, 33.5 ] },
								"up": { "texture": "#material", "uv": [ 25.0, 31.5, 26.5, 32.5 ] },
								"down": { "texture": "#material", "uv": [ 26.5, 31.5, 28.0, 32.5 ] }
							}
						},
						{
							"name": "Cube21",
							"from": [ 1.0, -0.6, 0.1 ],
							"to": [ 2.5, 0.4, 1.1 ],
							"uv": [ 28.0, 55.5 ],
							"rotationOrigin": [ 2.0, -1.0, 0.0 ],
							"rotationZ": -25.0,
							"faces": {
								"north": { "texture": "#material", "uv": [ 28.0, 56.5, 29.5, 57.5 ] },
								"east": { "texture": "#material", "uv": [ 29.5, 56.5, 30.5, 57.5 ] },
								"south": { "texture": "#material", "uv": [ 30.5, 56.5, 32.0, 57.5 ] },
								"west": { "texture": "#material", "uv": [ 32.0, 56.5, 33.0, 57.5 ] },
								"up": { "texture": "#material", "uv": [ 28.0, 55.5, 29.5, 56.5 ] },
								"down": { "texture": "#material", "uv": [ 29.5, 55.5, 31.0, 56.5 ] }
							}
						},
						{
							"name": "Cube22",
							"from": [ 0.4, -1.0, 0.03 ],
							"to": [ 2.6, 0.0, 1.03 ],
							"uv": [ 17.5, 37.5 ],
							"rotationOrigin": [ 1.0, -1.0, 0.0 ],
							"faces": {
								"north": { "texture": "#material", "uv": [ 17.5, 38.5, 19.5, 39.5 ] },
								"east": { "texture": "#material", "uv": [ 19.5, 38.5, 20.5, 39.5 ] },
								"south": { "texture": "#material", "uv": [ 20.5, 38.5, 22.5, 39.5 ] },
								"west": { "texture": "#material", "uv": [ 22.5, 38.5, 23.5, 39.5 ] },
								"up": { "texture": "#material", "uv": [ 17.5, 37.5, 19.5, 38.5 ] },
								"down": { "texture": "#material", "uv": [ 19.5, 37.5, 21.5, 38.5 ] }
							}
						},
						{
							"name": "Cube23",
							"from": [ 0.3, 2.1, 0.1 ],
							"to": [ 1.8, 3.1, 1.1 ],
							"uv": [ 25.5, 57.0 ],
							"rotationOrigin": [ 2.0, 2.0, 0.0 ],
							"rotationZ": -75.0,
							"faces": {
								"north": { "texture": "#material", "uv": [ 25.5, 58.0, 27.0, 59.0 ] },
								"east": { "texture": "#material", "uv": [ 27.0, 58.0, 28.0, 59.0 ] },
								"south": { "texture": "#material", "uv": [ 28.0, 58.0, 29.5, 59.0 ] },
								"west": { "texture": "#material", "uv": [ 29.5, 58.0, 30.5, 59.0 ] },
								"up": { "texture": "#material", "uv": [ 25.5, 57.0, 27.0, 58.0 ] },
								"down": { "texture": "#material", "uv": [ 27.0, 57.0, 28.5, 58.0 ] }
							}
						},
						{
							"name": "Cube24",
							"from": [ 0.5, 1.1, 0.1 ],
							"to": [ 2.0, 2.1, 1.1 ],
							"uv": [ 20.0, 44.5 ],
							"rotationOrigin": [ 0.0, 2.0, 0.0 ],
							"rotationZ": 75.0,
							"faces": {
								"north": { "texture": "#material", "uv": [ 20.0, 45.5, 21.5, 46.5 ] },
								"east": { "texture": "#material", "uv": [ 21.5, 45.5, 22.5, 46.5 ] },
								"south": { "texture": "#material", "uv": [ 22.5, 45.5, 24.0, 46.5 ] },
								"west": { "texture": "#material", "uv": [ 24.0, 45.5, 25.0, 46.5 ] },
								"up": { "texture": "#material", "uv": [ 20.0, 44.5, 21.5, 45.5 ] },
								"down": { "texture": "#material", "uv": [ 21.5, 44.5, 23.0, 45.5 ] }
							}
						},
						{
							"name": "Cube25",
							"from": [ 0.4, 3.0, 0.03 ],
							"to": [ 2.6, 4.0, 1.03 ],
							"uv": [ 17.5, 44.5 ],
							"rotationOrigin": [ 1.0, 2.0, 0.0 ],
							"faces": {
								"north": { "texture": "#material", "uv": [ 17.5, 45.5, 19.5, 46.5 ] },
								"east": { "texture": "#material", "uv": [ 19.5, 45.5, 20.5, 46.5 ] },
								"south": { "texture": "#material", "uv": [ 20.5, 45.5, 22.5, 46.5 ] },
								"west": { "texture": "#material", "uv": [ 22.5, 45.5, 23.5, 46.5 ] },
								"up": { "texture": "#material", "uv": [ 17.5, 44.5, 19.5, 45.5 ] },
								"down": { "texture": "#material", "uv": [ 19.5, 44.5, 21.5, 45.5 ] }
							}
						}
					]
				},
				{
					"name": "Cube8",
					"from": [ -1.8, -1.0, 2.0 ],
					"to": [ -1.0, 3.0, 2.2 ],
					"uv": [ 44.0, 40.5 ],
					"rotationOrigin": [ -2.0, -2.0, 1.0 ],
					"rotationY": 90.0,
					"rotationZ": 36.0,
					"faces": {
						"north": { "texture": "#material", "uv": [ 44.0, 41.0, 44.5, 45.0 ] },
						"east": { "texture": "#material", "uv": [ 44.5, 41.0, 45.0, 45.0 ] },
						"south": { "texture": "#material", "uv": [ 45.0, 41.0, 45.5, 45.0 ] },
						"west": { "texture": "#material", "uv": [ 45.5, 41.0, 46.0, 45.0 ] },
						"up": { "texture": "#material", "uv": [ 44.0, 40.5, 44.5, 41.0 ] },
						"down": { "texture": "#material", "uv": [ 44.5, 40.5, 45.0, 41.0 ] }
					},
					"children": [
						{
							"name": "Cube11",
							"from": [ 0.0, 4.0, 0.0 ],
							"to": [ 0.8, 8.0, 0.2 ],
							"uv": [ 44.0, 40.5 ],
							"rotationOrigin": [ -0.2, 4.0, -1.0 ],
							"rotationX": 11.0,
							"rotationZ": -6.0,
							"faces": {
								"north": { "texture": "#material", "uv": [ 44.0, 41.0, 44.5, 45.0 ] },
								"east": { "texture": "#material", "uv": [ 44.5, 41.0, 45.0, 45.0 ] },
								"south": { "texture": "#material", "uv": [ 45.0, 41.0, 45.5, 45.0 ] },
								"west": { "texture": "#material", "uv": [ 45.5, 41.0, 46.0, 45.0 ] },
								"up": { "texture": "#material", "uv": [ 44.0, 40.5, 44.5, 41.0 ] },
								"down": { "texture": "#material", "uv": [ 44.5, 40.5, 45.0, 41.0 ] }
							},
							"children": [
								{
									"name": "Cube6",
									"from": [ 0.0, 0.5, -0.2 ],
									"to": [ 0.8, 1.3, 0.0 ],
									"uv": [ 17.5, 20.0 ],
									"rotationOrigin": [ 0.0, 1.0, 0.0 ],
									"rotationX": -25.0,
									"faces": {
										"north": { "texture": "#material", "uv": [ 17.5, 20.5, 18.0, 21.0 ] },
										"east": { "texture": "#material", "uv": [ 18.0, 20.5, 18.5, 21.0 ] },
										"south": { "texture": "#material", "uv": [ 18.5, 20.5, 19.0, 21.0 ] },
										"west": { "texture": "#material", "uv": [ 19.0, 20.5, 19.5, 21.0 ] },
										"up": { "texture": "#material", "uv": [ 17.5, 20.0, 18.0, 20.5 ] },
										"down": { "texture": "#material", "uv": [ 18.0, 20.0, 18.5, 20.5 ] }
									},
									"children": [
										{
											"name": "Cube26",
											"from": [ 0.0, 0.6, -0.2 ],
											"to": [ 0.8, 1.25, 0.0 ],
											"uv": [ 20.5, 20.0 ],
											"rotationOrigin": [ 0.0, 0.5, 0.2 ],
											"rotationX": 47.0,
											"faces": {
												"north": { "texture": "#material", "uv": [ 20.5, 20.5, 21.0, 21.0 ] },
												"east": { "texture": "#material", "uv": [ 21.0, 20.5, 21.5, 21.0 ] },
												"south": { "texture": "#material", "uv": [ 21.5, 20.5, 22.0, 21.0 ] },
												"west": { "texture": "#material", "uv": [ 22.0, 20.5, 22.5, 21.0 ] },
												"up": { "texture": "#material", "uv": [ 20.5, 20.0, 21.0, 20.5 ] },
												"down": { "texture": "#material", "uv": [ 21.0, 20.0, 21.5, 20.5 ] }
											}
										}
									]
								}
							]
						},
						{
							"name": "Cube27",
							"from": [ 0.0, 2.0, -0.8 ],
							"to": [ 0.8, 2.8, -0.6 ],
							"uv": [ 17.5, 20.0 ],
							"rotationOrigin": [ 0.1034, 4.7649, 0.1674 ],
							"rotationX": -13.88,
							"rotationY": 2.532,
							"faces": {
								"north": { "texture": "#material", "uv": [ 17.5, 20.5, 18.0, 21.0 ] },
								"east": { "texture": "#material", "uv": [ 18.0, 20.5, 18.5, 21.0 ] },
								"south": { "texture": "#material", "uv": [ 18.5, 20.5, 19.0, 21.0 ] },
								"west": { "texture": "#material", "uv": [ 19.0, 20.5, 19.5, 21.0 ] },
								"up": { "texture": "#material", "uv": [ 17.5, 20.0, 18.0, 20.5 ] },
								"down": { "texture": "#material", "uv": [ 18.0, 20.0, 18.5, 20.5 ] }
							},
							"children": [
								{
									"name": "Cube28",
									"from": [ 0.0, 0.6, -0.2 ],
									"to": [ 0.8, 1.25, 0.0 ],
									"uv": [ 20.5, 20.0 ],
									"rotationOrigin": [ 0.0, 0.5, 0.2 ],
									"rotationX": 47.0,
									"faces": {
										"north": { "texture": "#material", "uv": [ 20.5, 20.5, 21.0, 21.0 ] },
										"east": { "texture": "#material", "uv": [ 21.0, 20.5, 21.5, 21.0 ] },
										"south": { "texture": "#material", "uv": [ 21.5, 20.5, 22.0, 21.0 ] },
										"west": { "texture": "#material", "uv": [ 22.0, 20.5, 22.5, 21.0 ] },
										"up": { "texture": "#material", "uv": [ 20.5, 20.0, 21.0, 20.5 ] },
										"down": { "texture": "#material", "uv": [ 21.0, 20.0, 21.5, 20.5 ] }
									}
								}
							]
						}
					]
				},
				{
					"name": "Cube9",
					"from": [ 7.2, 2.0, 3.5 ],
					"to": [ 8.0, 5.7, 3.7 ],
					"uv": [ 44.0, 40.5 ],
					"rotationOrigin": [ 7.0, 2.0, 3.0 ],
					"rotationY": -100.0,
					"rotationZ": -22.0,
					"faces": {
						"north": { "texture": "#material", "uv": [ 44.0, 41.0, 44.5, 44.5 ] },
						"east": { "texture": "#material", "uv": [ 44.5, 41.0, 45.0, 44.5 ] },
						"south": { "texture": "#material", "uv": [ 45.0, 41.0, 45.5, 44.5 ] },
						"west": { "texture": "#material", "uv": [ 45.5, 41.0, 46.0, 44.5 ] },
						"up": { "texture": "#material", "uv": [ 44.0, 40.5, 44.5, 41.0 ] },
						"down": { "texture": "#material", "uv": [ 44.5, 40.5, 45.0, 41.0 ] }
					}
				},
				{
					"name": "Cube10",
					"from": [ 8.14, 6.4, 6.3 ],
					"to": [ 8.94, 7.2, 6.5 ],
					"uv": [ 44.0, 40.5 ],
					"rotationOrigin": [ 8.0364, 5.9945, 4.21 ],
					"rotationX": 83.692,
					"rotationY": -55.0,
					"rotationZ": 86.0,
					"faces": {
						"north": { "texture": "#material", "uv": [ 44.0, 41.0, 44.5, 41.5 ] },
						"east": { "texture": "#material", "uv": [ 44.5, 41.0, 45.0, 41.5 ] },
						"south": { "texture": "#material", "uv": [ 45.0, 41.0, 45.5, 41.5 ] },
						"west": { "texture": "#material", "uv": [ 45.5, 41.0, 46.0, 41.5 ] },
						"up": { "texture": "#material", "uv": [ 44.0, 40.5, 44.5, 41.0 ] },
						"down": { "texture": "#material", "uv": [ 44.5, 40.5, 45.0, 41.0 ] }
					}
				},
				{
					"name": "Cube18",
					"from": [ 0.3, 5.4, 5.8 ],
					"to": [ 1.1, 5.8, 11.7 ],
					"autoUnwrap": false,
					"uv": [ 41.5, 39.0 ],
					"rotationOrigin": [ 0.0, 6.0, 6.0 ],
					"rotationY": 94.0,
					"rotationZ": 3.0,
					"faces": {
						"north": { "texture": "#material", "uv": [ 42.0, 42.5, 42.5, 43.0 ] },
						"east": { "texture": "#material", "uv": [ 41.5, 44.0, 47.0, 44.5 ] },
						"south": { "texture": "#material", "uv": [ 44.5, 44.0, 45.0, 44.5 ] },
						"west": { "texture": "#material", "uv": [ 41.5, 43.0, 47.0, 43.5 ] },
						"up": { "texture": "#material", "uv": [ 45.5, 40.5, 46.0, 46.0 ] },
						"down": { "texture": "#material", "uv": [ 45.0, 40.0, 45.5, 45.5 ] }
					}
				},
				{
					"name": "Cube12",
					"from": [ 7.2, -1.2, -0.3 ],
					"to": [ 8.0, 1.8, -0.1 ],
					"uv": [ 44.0, 40.5 ],
					"rotationOrigin": [ 7.0, -2.0, -1.0 ],
					"rotationY": -7.0,
					"rotationZ": 90.0,
					"faces": {
						"north": { "texture": "#material", "uv": [ 44.0, 41.0, 44.5, 44.0 ] },
						"east": { "texture": "#material", "uv": [ 44.5, 41.0, 45.0, 44.0 ] },
						"south": { "texture": "#material", "uv": [ 45.0, 41.0, 45.5, 44.0 ] },
						"west": { "texture": "#material", "uv": [ 45.5, 41.0, 46.0, 44.0 ] },
						"up": { "texture": "#material", "uv": [ 44.0, 40.5, 44.5, 41.0 ] },
						"down": { "texture": "#material", "uv": [ 44.5, 40.5, 45.0, 41.0 ] }
					},
					"children": [
						{
							"name": "Cube16",
							"from": [ 0.0, 3.2253, 0.053 ],
							"to": [ 0.8, 7.0253, 0.253 ],
							"uv": [ 44.0, 40.5 ],
							"rotationOrigin": [ -0.2, 3.2253, -0.947 ],
							"rotationX": 13.0,
							"rotationZ": -6.0,
							"faces": {
								"north": { "texture": "#material", "uv": [ 44.0, 41.0, 44.5, 44.5 ] },
								"east": { "texture": "#material", "uv": [ 44.5, 41.0, 45.0, 44.5 ] },
								"south": { "texture": "#material", "uv": [ 45.0, 41.0, 45.5, 44.5 ] },
								"west": { "texture": "#material", "uv": [ 45.5, 41.0, 46.0, 44.5 ] },
								"up": { "texture": "#material", "uv": [ 44.0, 40.5, 44.5, 41.0 ] },
								"down": { "texture": "#material", "uv": [ 44.5, 40.5, 45.0, 41.0 ] }
							}
						}
					]
				},
				{
					"name": "Cube17",
					"from": [ 7.2, -0.8, -0.2 ],
					"to": [ 8.0, 3.2, 0.0 ],
					"uv": [ 44.0, 40.5 ],
					"rotationOrigin": [ 7.0, -1.0, -1.0 ],
					"rotationX": 58.0,
					"rotationY": -83.0,
					"faces": {
						"north": { "texture": "#material", "uv": [ 44.0, 41.0, 44.5, 45.0 ] },
						"east": { "texture": "#material", "uv": [ 44.5, 41.0, 45.0, 45.0 ] },
						"south": { "texture": "#material", "uv": [ 45.0, 41.0, 45.5, 45.0 ] },
						"west": { "texture": "#material", "uv": [ 45.5, 41.0, 46.0, 45.0 ] },
						"up": { "texture": "#material", "uv": [ 44.0, 40.5, 44.5, 41.0 ] },
						"down": { "texture": "#material", "uv": [ 44.5, 40.5, 45.0, 41.0 ] }
					}
				},
				{
					"name": "Cube19",
					"from": [ -2.3, -1.0, 0.6 ],
					"to": [ -1.5, 0.8, 0.8 ],
					"uv": [ 44.0, 40.5 ],
					"rotationOrigin": [ -1.9652, -1.0, -0.7357 ],
					"rotationY": 78.0,
					"rotationZ": 84.0,
					"faces": {
						"north": { "texture": "#material", "uv": [ 44.0, 41.0, 44.5, 42.5 ] },
						"east": { "texture": "#material", "uv": [ 44.5, 41.0, 45.0, 42.5 ] },
						"south": { "texture": "#material", "uv": [ 45.0, 41.0, 45.5, 42.5 ] },
						"west": { "texture": "#material", "uv": [ 45.5, 41.0, 46.0, 42.5 ] },
						"up": { "texture": "#material", "uv": [ 44.0, 40.5, 44.5, 41.0 ] },
						"down": { "texture": "#material", "uv": [ 44.5, 40.5, 45.0, 41.0 ] }
					}
				}
			]
		},
		{
			"name": "ArmorLowerTorso",
			"stepParentName": "LowerTorso",
			"from": [ -0.3, -0.5, -0.3 ],
			"to": [ 5.3, 5.1, 6.3 ],
			"uv": [ 0.0, 11.5 ],
			"renderInEditor": false,
			"rotationOrigin": [ -0.3, -0.5, -0.3 ],
			"faces": {
				"north": { "texture": "#material", "uv": [ 0.0, 18.0, 5.5, 23.5 ] },
				"east": { "texture": "#material", "uv": [ 5.5, 18.0, 12.0, 23.5 ] },
				"south": { "texture": "#material", "uv": [ 12.0, 18.0, 17.5, 23.5 ] },
				"west": { "texture": "#material", "uv": [ 17.5, 18.0, 24.0, 23.5 ] },
				"up": { "texture": "#material", "uv": [ 0.0, 11.5, 5.5, 18.0 ] },
				"down": { "texture": "#material", "uv": [ 5.5, 11.5, 11.0, 18.0 ] }
			},
			"children": [
				{
					"name": "Cube5",
					"from": [ -0.7, 2.0, 7.7 ],
					"to": [ 6.1, 3.0, 8.1 ],
					"uv": [ 5.0, 20.0 ],
					"rotationOrigin": [ -1.0, 2.0, 7.0 ],
					"rotationY": 90.0,
					"faces": {
						"north": { "texture": "#material", "uv": [ 5.0, 20.5, 11.5, 21.5 ] },
						"east": { "texture": "#material", "uv": [ 11.5, 20.5, 12.0, 21.5 ] },
						"south": { "texture": "#material", "uv": [ 12.0, 20.5, 18.5, 21.5 ] },
						"west": { "texture": "#material", "uv": [ 18.5, 20.5, 19.0, 21.5 ] },
						"up": { "texture": "#material", "uv": [ 5.0, 20.0, 11.5, 20.5 ] },
						"down": { "texture": "#material", "uv": [ 11.5, 20.0, 18.0, 20.5 ] }
					},
					"children": [
						{
							"name": "Cube2",
							"from": [ 0.5976, 0.0, 0.7999 ],
							"to": [ 6.3976, 1.0, 1.1999 ],
							"uv": [ 6.5, 20.0 ],
							"rotationOrigin": [ 0.7, -0.3, 0.3 ],
							"rotationY": -89.98,
							"faces": {
								"north": { "texture": "#material", "uv": [ 6.5, 20.5, 12.0, 21.5 ] },
								"east": { "texture": "#material", "uv": [ 12.0, 20.5, 12.5, 21.5 ] },
								"south": { "texture": "#material", "uv": [ 12.5, 20.5, 18.0, 21.5 ] },
								"west": { "texture": "#material", "uv": [ 18.0, 20.5, 18.5, 21.5 ] },
								"up": { "texture": "#material", "uv": [ 6.5, 20.0, 12.0, 20.5 ] },
								"down": { "texture": "#material", "uv": [ 12.0, 20.0, 17.5, 20.5 ] }
							}
						},
						{
							"name": "Cube4",
							"from": [ 0.0, 0.0, 5.8 ],
							"to": [ 6.8, 1.0, 6.2 ],
							"uv": [ 4.5, 20.0 ],
							"rotationOrigin": [ -0.3, -0.3, 5.3 ],
							"faces": {
								"north": { "texture": "#material", "uv": [ 4.5, 20.5, 11.0, 21.5 ] },
								"east": { "texture": "#material", "uv": [ 11.0, 20.5, 11.5, 21.5 ] },
								"south": { "texture": "#material", "uv": [ 11.5, 20.5, 18.0, 21.5 ] },
								"west": { "texture": "#material", "uv": [ 18.0, 20.5, 18.5, 21.5 ] },
								"up": { "texture": "#material", "uv": [ 4.5, 20.0, 11.0, 20.5 ] },
								"down": { "texture": "#material", "uv": [ 11.0, 20.0, 17.5, 20.5 ] }
							}
						},
						{
							"name": "Cube3",
							"from": [ 7.5999, 0.0, 0.9999 ],
							"to": [ 13.3999, 1.0, 1.3999 ],
							"uv": [ 11.5, 19.5 ],
							"rotationOrigin": [ 7.7, -0.3, 0.3 ],
							"rotationY": -89.98,
							"faces": {
								"north": { "texture": "#material", "uv": [ 11.5, 20.0, 17.0, 21.0 ] },
								"east": { "texture": "#material", "uv": [ 17.0, 20.0, 17.5, 21.0 ] },
								"south": { "texture": "#material", "uv": [ 17.5, 20.0, 23.0, 21.0 ] },
								"west": { "texture": "#material", "uv": [ 23.0, 20.0, 23.5, 21.0 ] },
								"up": { "texture": "#material", "uv": [ 11.5, 19.5, 17.0, 20.0 ] },
								"down": { "texture": "#material", "uv": [ 17.0, 19.5, 22.5, 20.0 ] }
							}
						},
						{
							"name": "Cube7",
							"from": [ 0.7509, -1.3013, -0.4 ],
							"to": [ 1.7509, 0.6987, 1.6 ],
							"autoUnwrap": false,
							"uv": [ 49.0, 54.5 ],
							"rotationOrigin": [ 0.7, -1.3, 0.3 ],
							"rotationX": 1.79,
							"rotationY": 90.0,
							"rotationZ": 7.125,
							"faces": {
								"north": { "texture": "#material", "uv": [ 45.0, 57.5, 46.0, 59.5 ] },
								"east": { "texture": "#material", "uv": [ 44.0, 57.5, 46.0, 59.5 ] },
								"south": { "texture": "#material", "uv": [ 38.5, 32.5, 39.5, 34.5 ] },
								"west": { "texture": "#material", "uv": [ 44.0, 57.5, 46.0, 59.5 ] },
								"up": { "texture": "#material", "uv": [ 40.5, 33.5, 39.5, 33.5 ], "rotation": 90, "autoUv": false },
								"down": { "texture": "#material", "uv": [ 38.5, 34.0, 40.5, 35.0 ], "rotation": 90 }
							}
						}
					]
				},
				{
					"name": "Svitok",
					"from": [ 6.3, 2.1, 1.0 ],
					"to": [ 7.3, 3.3, 5.8 ],
					"autoUnwrap": false,
					"uv": [ 39.5, 46.0 ],
					"rotationOrigin": [ 6.0, 1.3, 1.0 ],
					"rotationZ": 25.0,
					"faces": {
						"north": { "texture": "#material", "uv": [ 39.5, 50.5, 40.5, 51.5 ] },
						"east": { "texture": "#material", "uv": [ 40.0, 50.5, 44.5, 51.5 ] },
						"south": { "texture": "#material", "uv": [ 44.5, 50.5, 45.5, 51.5 ] },
						"west": { "texture": "#material", "uv": [ 45.0, 50.5, 49.5, 51.5 ] },
						"up": { "texture": "#material", "uv": [ 39.5, 46.0, 40.5, 50.5 ] },
						"down": { "texture": "#material", "uv": [ 40.0, 46.0, 41.0, 50.5 ] }
					},
					"children": [
						{
							"name": "Cube13",
							"from": [ -0.2, -0.1, -0.1 ],
							"to": [ 1.1, 1.4, 0.1 ],
							"autoUnwrap": false,
							"uv": [ 39.5, 53.5 ],
							"faces": {
								"north": { "texture": "#material", "uv": [ 39.5, 54.0, 40.5, 55.5 ] },
								"east": { "texture": "#material", "uv": [ 40.5, 54.0, 41.0, 55.5 ] },
								"south": { "texture": "#material", "uv": [ 41.0, 54.0, 42.0, 55.5 ] },
								"west": { "texture": "#material", "uv": [ 42.0, 54.0, 42.5, 55.5 ] },
								"up": { "texture": "#material", "uv": [ 39.5, 53.5, 40.5, 54.0 ] },
								"down": { "texture": "#material", "uv": [ 40.5, 53.5, 41.5, 54.0 ] }
							}
						},
						{
							"name": "Cube14",
							"from": [ -0.2, -0.1, 4.7 ],
							"to": [ 1.1, 1.4, 4.9 ],
							"autoUnwrap": false,
							"uv": [ 39.5, 53.5 ],
							"rotationOrigin": [ 0.0, 0.0, 5.0 ],
							"faces": {
								"north": { "texture": "#material", "uv": [ 39.5, 54.0, 40.5, 55.5 ] },
								"east": { "texture": "#material", "uv": [ 40.5, 54.0, 41.0, 55.5 ] },
								"south": { "texture": "#material", "uv": [ 41.0, 54.0, 42.0, 55.5 ] },
								"west": { "texture": "#material", "uv": [ 42.0, 54.0, 42.5, 55.5 ] },
								"up": { "texture": "#material", "uv": [ 39.5, 53.5, 40.5, 54.0 ] },
								"down": { "texture": "#material", "uv": [ 40.5, 53.5, 41.5, 54.0 ] }
							}
						}
					]
				}
			]
		},
		{
			"name": "ArmorUpperArmR",
			"stepParentName": "UpperArmR",
			"from": [ -0.2, -0.2, -0.4 ],
			"to": [ 3.1, 7.2, 2.1 ],
			"autoUnwrap": false,
			"uv": [ 36.0, 0.0 ],
			"renderInEditor": false,
			"rotationOrigin": [ -0.2, -0.2, -0.3 ],
			"faces": {
				"north": { "texture": "#material", "uv": [ 36.0, 2.0, 39.0, 9.0 ] },
				"east": { "texture": "#material", "uv": [ 39.0, 2.0, 41.5, 9.0 ] },
				"south": { "texture": "#material", "uv": [ 41.5, 2.0, 44.5, 9.0 ], "autoUv": false },
				"west": { "texture": "#material", "uv": [ 43.5, 2.0, 46.0, 9.0 ] },
				"up": { "texture": "#material", "uv": [ 36.0, 0.0, 39.0, 2.0 ], "autoUv": false },
				"down": { "texture": "#material", "uv": [ 39.0, 0.0, 42.0, 2.0 ], "autoUv": false }
			}
		},
		{
			"name": "ArmorUpperArmL",
			"stepParentName": "UpperArmL",
			"from": [ -0.2, -0.2, -0.3 ],
			"to": [ 3.1, 7.2, 2.2 ],
			"autoUnwrap": false,
			"uv": [ 26.0, 0.0 ],
			"renderInEditor": false,
			"rotationOrigin": [ -0.2, -0.2, -0.2 ],
			"faces": {
				"north": { "texture": "#material", "uv": [ 26.0, 2.5, 29.0, 9.0 ], "autoUv": false },
				"east": { "texture": "#material", "uv": [ 29.0, 2.5, 31.5, 9.0 ], "autoUv": false },
				"south": { "texture": "#material", "uv": [ 31.5, 2.5, 34.5, 9.0 ], "autoUv": false },
				"west": { "texture": "#material", "uv": [ 34.5, 2.5, 37.0, 9.0 ], "autoUv": false },
				"up": { "texture": "#material", "uv": [ 26.0, 0.0, 29.0, 2.5 ] },
				"down": { "texture": "#material", "uv": [ 29.0, 0.0, 32.0, 2.5 ] }
			}
		},
		{
			"name": "ArmorLowerArmR",
			"stepParentName": "LowerArmR",
			"from": [ -0.2, 1.8, -0.45 ],
			"to": [ 2.7, 8.2, 2.15 ],
			"uv": [ 36.0, 9.0 ],
			"renderInEditor": false,
			"rotationOrigin": [ -0.2, 1.8, -0.4 ],
			"faces": {
				"north": { "texture": "#material", "uv": [ 36.0, 11.5, 38.5, 17.5 ] },
				"east": { "texture": "#material", "uv": [ 38.5, 11.5, 41.0, 17.5 ] },
				"south": { "texture": "#material", "uv": [ 41.0, 11.5, 43.5, 17.5 ] },
				"west": { "texture": "#material", "uv": [ 43.5, 11.5, 46.0, 17.5 ] },
				"up": { "texture": "#material", "uv": [ 36.0, 9.0, 38.5, 11.5 ] },
				"down": { "texture": "#material", "uv": [ 38.5, 9.0, 41.0, 11.5 ] }
			}
		},
		{
			"name": "ArmorLowerArmL",
			"stepParentName": "LowerArmL",
			"from": [ -0.2, 1.8, -0.3 ],
			"to": [ 2.7, 8.2, 2.3 ],
			"uv": [ 26.0, 9.0 ],
			"renderInEditor": false,
			"rotationOrigin": [ -0.2, 1.8, -0.3 ],
			"faces": {
				"north": { "texture": "#material", "uv": [ 26.0, 11.5, 28.5, 17.5 ] },
				"east": { "texture": "#material", "uv": [ 28.5, 11.5, 31.0, 17.5 ] },
				"south": { "texture": "#material", "uv": [ 31.0, 11.5, 33.5, 17.5 ] },
				"west": { "texture": "#material", "uv": [ 33.5, 11.5, 36.0, 17.5 ] },
				"up": { "texture": "#material", "uv": [ 26.0, 9.0, 28.5, 11.5 ] },
				"down": { "texture": "#material", "uv": [ 28.5, 9.0, 31.0, 11.5 ] }
			}
		},
		{
			"name": "ArmorCoatR",
			"stepParentName": "UpperFootR",
			"from": [ -0.7, 0.2, -0.45 ],
			"to": [ 4.9, 7.2, 3.05 ],
			"autoUnwrap": false,
			"uv": [ 18.0, 24.5 ],
			"renderInEditor": false,
			"rotationOrigin": [ -0.7, 0.2, -0.6 ],
			"faces": {
				"north": { "texture": "#material", "uv": [ 18.0, 28.0, 23.5, 35.0 ] },
				"east": { "texture": "#material", "uv": [ 23.5, 28.0, 27.0, 35.0 ] },
				"south": { "texture": "#material", "uv": [ 27.0, 28.0, 32.5, 35.0 ] },
				"west": { "texture": "#material", "uv": [ 32.5, 28.0, 36.0, 35.0 ] },
				"up": { "texture": "#material", "uv": [ 18.0, 24.5, 23.5, 28.0 ] },
				"down": { "texture": "#material", "uv": [ 23.5, 24.5, 29.0, 28.0 ], "rotation": 180 }
			},
			"children": [
				{
					"name": "ArmorLegCoverR",
					"from": [ 0.5, 0.1, 0.3 ],
					"to": [ 5.1, 9.1, 3.7 ],
					"autoUnwrap": false,
					"uv": [ 16.0, 36.5 ],
					"rotationOrigin": [ 0.5, 0.1, 0.3 ],
					"faces": {
						"north": { "texture": "#material", "uv": [ 56.5, 53.0, 61.0, 62.0 ] },
						"east": { "texture": "#material", "uv": [ 60.0, 53.0, 63.0, 62.0 ] },
						"south": { "texture": "#material", "uv": [ 59.0, 53.0, 63.5, 62.0 ] },
						"west": { "texture": "#material", "uv": [ 57.0, 53.0, 60.0, 62.0 ] },
						"up": { "texture": "#material", "uv": [ 57.0, 53.0, 61.5, 56.0 ] }
					}
				}
			]
		},
		{
			"name": "ArmorCoatL",
			"stepParentName": "UpperFootL",
			"from": [ -0.7, 0.2, 0.25 ],
			"to": [ 4.9, 7.2, 3.75 ],
			"uv": [ 0.0, 24.5 ],
			"renderInEditor": false,
			"rotationOrigin": [ -0.7, 0.2, 0.1 ],
			"faces": {
				"north": { "texture": "#material", "uv": [ 0.0, 28.0, 5.5, 35.0 ] },
				"east": { "texture": "#material", "uv": [ 5.5, 28.0, 9.0, 35.0 ] },
				"south": { "texture": "#material", "uv": [ 9.0, 28.0, 14.5, 35.0 ] },
				"west": { "texture": "#material", "uv": [ 14.5, 28.0, 18.0, 35.0 ] },
				"up": { "texture": "#material", "uv": [ 0.0, 24.5, 5.5, 28.0 ] },
				"down": { "texture": "#material", "uv": [ 5.5, 24.5, 11.0, 28.0 ] }
			},
			"children": [
				{
					"name": "ArmorLegCoverL",
					"from": [ 0.5, 0.1, -0.3 ],
					"to": [ 5.1, 9.1, 3.1 ],
					"autoUnwrap": false,
					"uv": [ 0.0, 0.0 ],
					"rotationOrigin": [ 0.5, 0.1, -0.3 ],
					"faces": {
						"north": { "texture": "#material", "uv": [ 59.5, 53.0, 64.0, 62.0 ] },
						"east": { "texture": "#material", "uv": [ 57.5, 53.0, 60.5, 62.0 ] },
						"south": { "texture": "#material", "uv": [ 56.5, 53.0, 61.0, 62.0 ] },
						"west": { "texture": "#material", "uv": [ 57.5, 53.0, 60.5, 62.0 ] },
						"up": { "texture": "#material", "uv": [ 59.5, 53.0, 64.0, 56.0 ] }
					}
				}
			]
		}
	]}