﻿{
  "code": "firearm",
  "class": "Firearms:Muzzleloader",
  "variantgroups": [{"code": "type", "states": ["superimposed"]}, {"code": "material", "states": ["tinbronze", "bismuthbronze", "blackbronze", "tarnished"]}],
  "creativeinventory": {"maltiezfirearms": ["*"]},
  "maxstacksize": 1,
  "durabilityByType": {"*-tarnished": 60, "*": 600},
  "rackable": true,
  "tool": "bow",
  "behaviors": [
    {
      "name": "GroundStorable",
      "properties": {
        "layout": "WallHalves",
        "wallOffY": 2,
        "sprintKey": true,
        "selectionBox": {"x1": 0, "y1": 0, "z1": 0, "x2": 1, "y2": 0.1, "z2": 1},
        "collisionBox": {"x1": 0, "y1": 0, "z1": 0, "x2": 0, "y2": 0, "z2": 0}
      }
    },
    {"name": "CombatOverhaul:AnimatableAttachable", "properties": {"animated-shape": "maltiezfirearms:firearms/{type}"}}
  ],
  "attributes": {
    "toolrackTransform": {"translation": {"x": 0.9, "y": 0.56, "z": 0.5}, "rotation": {"x": 0, "y": 95, "z": -90}, "origin": {"x": 0, "y": 0, "z": 0}, "scale": 1.34},
    "groundStorageTransform": {"translation": {"x": 0.5, "y": 0.3, "z": 0.68}, "rotation": {"x": 105, "y": 1, "z": -121}, "origin": {"x": 0, "y": 0, "z": 0}, "scale": 0.81},
    "inViceTransform": {"translation": {"x": -0.35, "y": -0.08, "z": 0.01}, "rotation": {"x": 0, "y": -90, "z": 0}, "origin": {"x": 0, "y": 0, "z": 0}},
    "inWallmountTransform": {
      "Translation": {"X": -0.2, "Y": 0.02, "Z": -0.04},
      "Rotation": {"X": 90, "Y": -86.3, "Z": 90},
      "Origin": {"X": 0, "Y": 0, "Z": 0},
      "Rotate": true,
      "ScaleXYZ": {"X": 0.81, "Y": 0.81, "Z": 0.81}
    },
    "inWeaponrackTransform": {
      "Translation": {"X": 0, "Y": -0.06, "Z": 0.09},
      "Rotation": {"X": 76, "Y": 0, "Z": 0},
      "Origin": {"X": 0, "Y": 0, "Z": 0},
      "Rotate": true,
      "ScaleXYZ": {"X": 0.81, "Y": 0.81, "Z": 0.81}
    },
    "inPistolstandTransform": {
      "Translation": {"X": -0.2, "Y": -0.07, "Z": 0.02},
      "Rotation": {"X": 90, "Y": -93, "Z": 109},
      "Origin": {"X": 0, "Y": 0, "Z": 0},
      "Rotate": true,
      "ScaleXYZ": {"X": 0.81, "Y": 0.81, "Z": 0.81}
    },
    "BulletDamageMultiplier": 1,
    "BulletDamageStrength": 5,
    "BulletTransform": {"translation": {"x": -2.2, "y": 0.2, "z": -2.2}, "rotation": {"x": 0, "y": 0, "z": 0}, "scale": 0.3},
    "FlaskTransform": {"Translation": {"X": 0, "Y": 0, "Z": 0}, "Rotation": {"X": 0, "Y": 0, "Z": 0}, "Origin": {"X": 0, "Y": 0, "Z": 0}, "Scale": 1},
    "WaddingTransform": {"Translation": {"x": 0, "y": 0, "z": 0}, "Rotation": {"x": 0, "y": 0, "z": 0}, "Origin": {"X": 0, "Y": 0, "Z": 0}, "scale": 1},
    "PrimingEquipmentTransform": {"Translation": {"X": 0, "Y": 0, "Z": 0}, "Rotation": {"X": 0, "Y": 0, "Z": 0}, "Origin": {"X": 0, "Y": 0, "Z": 0}, "Scale": 1},
    "ProficiencyStat": "firearmsProficiency",
    "IdleAnimation": "maltiezfirearms:firearms-shoulder",
    "ReadyAnimation": "maltiezfirearms:firearms-ready",
    "LoadAnimation": ["maltiezfirearms:firearms-{type}-load"],
    "PrimeAnimation": "maltiezfirearms:firearms-{type}-prime",
    "AimAnimation": "maltiezfirearms:firearms-{type}-aim",
    "ShootAnimation": ["maltiezfirearms:firearms-{type}-shoot-1", "maltiezfirearms:firearms-{type}-shoot-2"],
    "LoadedAnimation": "maltiezfirearms:firearms-{type}-loaded",
    "PrimedAnimation": "maltiezfirearms:firearms-{type}-primed",
    "LoadTpAnimation": "arquebus-load",
    "PrimeTpAnimation": "arquebus-prime",
    "AimTpAnimation": "arquebus-aim",
    "MagazineSize": 2,
    "BulletLoadedPerReload": 1,
    "WaddingUsedPerReload": 1,
    "LoadPowderConsumption": 3,
    "PrimePowderConsumption": 1,
    "PrimingRequirementWildcard": "*cockinglever-*",
    "PrimingRequirementMessage": "maltiezfirearms:requirement-missing-cocking-lever",
    "BulletWildcard": "*bullet-*",
    "Aiming": {
      "AimDifficulty": 1,
      "CursorType": "None",
      "AccuracyOvertimeSec": 0,
      "ZeroingAngle": -1,
      "AllowSprint": false,
      "MoveSpeedPenalty": 0.1,
      "AimDrift": 90,
      "AimTwitch": 20,
      "AnimationFollowX": 5.5,
      "AnimationFollowY": 5.5,
      "VerticalLimit": 0.25,
      "VerticalOffset": -0.05
    },
    "BulletVelocity": 5,
    "DispersionMOA": [0, 0],
    "Zeroing": -1,
    "CancelReloadOnInAir": true,
    "LoadSpeedPenalty": -2
  },
  "shape": {"base": "maltiezfirearms:firearms/{type}"},
  "texturesByType": {
    "*-tarnished": {
      "metal": {"base": "game:block/metal/tarnished/tinbronze"},
      "brass": {"base": "game:block/metal/tarnished/brass"},
      "wood": {"base": "game:block/wood/debarked/aged"}
    },
    "*": {"metal": {"base": "game:block/metal/plate/{material}"}}
  },
  "guiTransform": {
    "translation": {"x": 0, "y": 0, "z": 0},
    "rotation": {"x": -19, "y": 22, "z": -180},
    "origin": {"x": -0.38, "y": -0.34, "z": -1.3},
    "scaleXyz": {"x": -2.22, "y": 2.22, "z": 2.22}
  },
  "tpHandTransform": {"translation": {"x": 0, "y": 0, "z": 0}, "rotation": {"x": 0, "y": -90, "z": 0}, "origin": {"x": 0, "y": 0, "z": 0}, "scale": 0.8},
  "groundTransform": {"translation": {"x": 0, "y": 0.05, "z": 0}, "rotation": {"x": 0, "y": 0, "z": 90}, "origin": {"x": 0, "y": 0, "z": 0}, "scale": 4.8},
  "tpOffHandTransform": {"translation": {"x": -0.17, "y": -0.1, "z": -0.05}, "rotation": {"x": 90, "y": 0, "z": -90}, "origin": {"x": 0, "y": 0, "z": 0}, "scale": 0.8}
}