[
	{
		ingredientPattern: "LZS,ITF,EGV",
		width: 3,
		height: 3,
		ingredients: {
			"T": { type: "item", code: "game:jonasparts-tank01"},
			"V": { type: "item", code: "game:jonasparts-valve01"},
			"Z": { type: "item", code: "game:metalplate-brass" },
			"E": { type: "item", code: "game:metalplate-electrum" },
			"F": { type: "block", code: "game:metal-parts", quantity: 8 },
			"I": { type: "item", code: "game:gear-temporal", },
			"L": { type: "item", code: "game:metalplate-lead", quantity: 2 },
			"G": { type: "item", code: "game:jonasframes-gearbox02"},
			"S": { type: "item", code: "game:ingot-cupronickel", quantity: 3 }
		},
		output: { type: "item", code: "jonasboat:jonasboatpart-rotor"}
	},

	{
		ingredientPattern: "LZS,ITF,EGV",
		width: 3,
		height: 3,
		recipeGroup: 1,
		requiresTrait: "tinkerer",
		ingredients: {
			"T": { type: "item", code: "game:jonasparts-tank01"},
			"V": { type: "item", code: "game:jonasparts-valve01"},
			"Z": { type: "item", code: "game:metalplate-brass" },
			"E": { type: "item", code: "game:metalplate-electrum" },
			"F": { type: "block", code: "game:metal-parts", quantity: 8 },
			"G": { type: "block", code: "game:metal-parts", quantity: 5 },
			"I": { type: "item", code: "game:gear-temporal", },
			"L": { type: "item", code: "game:metalplate-lead", quantity: 2 },
			"S": { type: "item", code: "game:ingot-cupronickel", quantity: 3 }
		},
		output: { type: "item", code: "jonasboat:jonasboatpart-rotor"}
	},



	{
		ingredientPattern: "LFL,NFN,EVD",
		width: 3,
		height: 3,
		ingredients: {
			"E": { type: "item", code: "game:jonasframes-gearbox01"},
			"V": { type: "item", code: "game:jonasframes-gears02"},
			"D": { type: "item", code: "game:jonasframes-gears01"},
			"N": { type: "item", code: "game:metalnailsandstrips-*", quantity: 8 },
			"F": { type: "block", code: "game:metal-parts", quantity: 4 },
			"L": { type: "item", code: "game:metalplate-lead", quantity: 3 }
		},
		output: { type: "item", code: "jonasboat:jonasboatpart-gearbox"}
	},

	{
		ingredientPattern: "LFL,NFN,RVF",
		width: 3,
		height: 3,
		recipeGroup: 1,
		requiresTrait: "tinkerer",
		ingredients: {
			"V": { type: "item", code: "game:jonasframes-gears02"},
			"R": { type: "item", code: "game:rod-cupronickel"},
			"N": { type: "item", code: "game:metalnailsandstrips-*", quantity: 8 },
			"F": { type: "block", code: "game:metal-parts", quantity: 4 },
			"L": { type: "item", code: "game:metalplate-lead", quantity: 3 }
		},
		output: { type: "item", code: "jonasboat:jonasboatpart-gearbox"}
	},


	{
		ingredientPattern: "_S_,IBI,_R_",
		width: 3,
		height: 3,
		ingredients: {
			"R": { type: "item", code: "game:rod-cupronickel"},
			"I": { type: "item", code: "game:ingot-cupronickel" },
			"S": { type: "item", code: "game:solderingiron", isTool: true},
			"B": { type: "item", code: "game:solderbar-*"}
		},
		output: { type: "item", code: "jonasboat:jonasboatpart-hull", quantity: 2}
	},

	{
		ingredientPattern: "R,I",
		width: 1,
		height: 2,
		ingredients: {
			"I": { type: "item", code: "game:rod-iron"},
			"R": { type: "item", code: "game:roller", quantity: 5 }
		},
		output: { type: "item", code: "jonasboat:jonasboatbuilder"}
	}

]