﻿[
  {
    "file": "game:itemtypes/tool/axe-stone",
    "op": "addmerge",
    "path": "/attributes",
    "value": {
      "ReadyAnimation": "combatoverhaul:axe-ready",
      "IdleAnimation": "combatoverhaul:axe-idle",
      "SwingForwardAnimation": "combatoverhaul:axe-swing-forward",
      "SwingBackAnimation": "combatoverhaul:axe-swing-back",
      "SplitAnimation": "combatoverhaul:axe-split",
      "SplitBackAnimation": "combatoverhaul:axe-split-back",
      "SwingTpAnimation": "axechop",
      "SplitTpAnimation": "axechop",
      "RenderingOffset": false,
      "CanSplitLogs": true,
      "Collider": [0.9, 0.05, 0.15, 1.1, 0.05, 0.15],
      "Attack": {
        "StopOnTerrainHit": false,
        "StopOnEntityHit": true,
        "CollideWithTerrain": true,
        "MaxReach": 9,
        "DamageTypes": [
          {
            "DamageByType": {
              "*-flint": {"DamageType": "SlashingAttack", "Strength": 2, "Damage": 2},
              "*-obsidian": {"DamageType": "SlashingAttack", "Strength": 3, "Damage": 2},
              "*": {"DamageType": "BluntAttack", "Strength": 1, "Damage": 2}
            },
            "Knockback": 0.5,
            "DurabilityDamage": 1,
            "Collider": [0.9, 0.05, 0.15, 1.1, 0.05, 0.15]
          }
        ]
      },
      "AttackAnimation": "combatoverhaul:axe-attack",
      "AttackTpAnimation": "falx"
    }
  },
  {"enabled": true, "file": "game:itemtypes/tool/axe-stone", "op": "replace", "path": "/class", "value": "CombatOverhaul:Axe"},
  {
    "file": "game:itemtypes/tool/axe-metal",
    "op": "addmerge",
    "path": "/attributes",
    "value": {
      "ReadyAnimation": "combatoverhaul:axe-ready",
      "IdleAnimation": "combatoverhaul:axe-idle",
      "SwingForwardAnimation": "combatoverhaul:axe-swing-forward",
      "SwingBackAnimation": "combatoverhaul:axe-swing-back",
      "SplitAnimation": "combatoverhaul:axe-split",
      "SplitBackAnimation": "combatoverhaul:axe-split-back",
      "SwingTpAnimation": "axechop",
      "SplitTpAnimation": "axechop",
      "RenderingOffset": false,
      "CanSplitLogs": true,
      "Collider": [0.9, 0.05, 0.15, 1.1, 0.05, 0.15],
      "Attack": {
        "StopOnTerrainHit": false,
        "StopOnEntityHit": true,
        "CollideWithTerrain": true,
        "MaxReach": 9,
        "DamageTypes": [
          {
            "DamageByType": {
              "*-copper": {"DamageType": "SlashingAttack", "Strength": 2, "Damage": 3},
              "*-*bronze": {"DamageType": "SlashingAttack", "Strength": 3, "Damage": 3},
              "*-*iron": {"DamageType": "SlashingAttack", "Strength": 3, "Damage": 3},
              "*-steel": {"DamageType": "SlashingAttack", "Strength": 3, "Damage": 3},
              "*": {"DamageType": "BluntAttack", "Strength": 1, "Damage": 2}
            },
            "Knockback": 0.5,
            "DurabilityDamage": 1,
            "Collider": [0.9, 0.05, 0.15, 1.1, 0.05, 0.15]
          }
        ]
      },
      "AttackAnimation": "combatoverhaul:axe-attack",
      "AttackTpAnimation": "falx"
    }
  },
  {"enabled": true, "file": "game:itemtypes/tool/axe-metal", "op": "remove", "path": "/class"},
  {
    "enabled": true,
    "file": "game:itemtypes/tool/axe-metal",
    "op": "add",
    "path": "/classByType",
    "value": {"*-felling-*": "CombatOverhaul:Axe", "*-scrap-*": "CombatOverhaul:Axe", "*": "ItemAxe"}
  },
  {
    "file": "game:itemtypes/tool/axe-metal",
    "op": "replace",
    "path": "/tpHandTransformByType/*-scrap",
    "value": {"translation": {"x": -0.23, "y": -0.52, "z": -0.03}, "rotation": {"x": 90, "y": 0, "z": 0}, "scale": 0.95}
  }
]