[
  {
    "file": "foodshelves:recipes/grid/baskets/fruitbasket.json",
    "op": "replace",
    "path": "/0",
    "value": {
      "ingredientPattern": "__,_B",
      "ingredients": {
        "B": { "type": "block", "code": "foodshelves:fruitbasket-oak" }
      },
      "width": 2,
      "height": 2,
      "recipeGroup": 1,
      "output": { "type": "block", "code": "fruitbasket-normal" }
    },
		"condition": { "when": "FoodShelves.EnableVariants", "isValue": "true" }
  },
  {
    "file": "foodshelves:recipes/grid/baskets/fruitbasket.json",
    "op": "addmerge",
    "path": "/0",
    "value": {
      "ingredientPattern": "___,S_S,_P_",
      "ingredients": {
        "S": { "type": "item", "code": "game:stick", "quantity": 4 },
        "P": { "type": "item", "code": "game:plank-*", "quantity": 2, "name": "wood" }
      },
      "width": 3,
      "height": 3,
      "recipeGroup": 1,
      "output": { "type": "block", "code": "fruitbasket-{wood}" }
    },
		"condition": { "when": "FoodShelves.EnableVariants", "isValue": "true" }
  }
]