[
  {
    "file": "foodshelves:recipes/grid/baskets/vegetablebasket.json",
    "op": "addmerge",
    "path": "/0",
    "value": {
      "ingredientPattern": "_O_,S_S,P_P",
      "ingredients": {
        "O": { "type": "item", "code": "game:stick" },
        "S": { "type": "item", "code": "game:stick", "quantity": 4 },
        "P": { "type": "item", "code": "game:plank-*", "name": "wood" }
      },
      "width": 3,
      "height": 3,
      "recipeGroup": 1,
      "output": { "type": "block", "code": "vegetablebasket-{wood}" }
    },
		"condition": { "when": "FoodShelves.EnableVariants", "isValue": "true" }
  }
]