[
  {
    "op": "addmerge",
    "path": "/attributesByType/claypot-cooked/textureMapping",
    "value": {
      "vegetable-scallions": [ "vegetable", "scallions" ],

      "vegetable-wild-carrot": [ "vegetable", "group1" ],
      "vegetable-wild-parsnip": [ "vegetable", "group4" ],
      "vegetable-wild-turnip": [ "vegetable", "group5" ],
      "vegetable-wild-onion": [ "vegetable", "group6" ],
      "vegetable-wild-cabbage": [ "vegetable", "group10" ],
      "pickledvegetable-wild-carrot": [ "vegetable", "group1" ],
      "pickledvegetable-wild-parsnip": [ "vegetable", "group4" ],
      "pickledvegetable-wild-turnip": [ "vegetable", "group5" ],
      "pickledvegetable-wild-onion": [ "vegetable", "group6" ],
      "pickledvegetable-wild-cabbage": [ "vegetable", "group10" ],
      "seeds-wild-soybean": [ "protein", "group9" ],
      "seeds-wild-peanut": [ "vegetable", "group12" ],
      "pickledlegume-wild-soybean": [ "vegetable", "group9" ],

      "vegetable-small-carrot": [ "vegetable", "group1" ],
      "vegetable-small-parsnip": [ "vegetable", "group4" ],
      "vegetable-small-turnip": [ "vegetable", "group5" ],
      "vegetable-small-onion": [ "vegetable", "group6" ],
      "vegetable-small-cabbage": [ "vegetable", "group10" ],
      "pickledvegetable-small-carrot": [ "vegetable", "group1" ],
      "pickledvegetable-small-parsnip": [ "vegetable", "group4" ],
      "pickledvegetable-small-turnip": [ "vegetable", "group5" ],
      "pickledvegetable-small-onion": [ "vegetable", "group6" ],
      "pickledvegetable-small-cabbage": [ "vegetable", "group10" ],
      "seeds-small-soybean": [ "protein", "group9" ],
      "seeds-small-peanut": [ "vegetable", "group12" ],
      "pickledlegume-small-soybean": [ "vegetable", "group9" ],

      "vegetable-medium-carrot": [ "vegetable", "group1" ],
      "vegetable-medium-parsnip": [ "vegetable", "group4" ],
      "vegetable-medium-turnip": [ "vegetable", "group5" ],
      "vegetable-medium-onion": [ "vegetable", "group6" ],
      "vegetable-medium-cabbage": [ "vegetable", "group10" ],
      "pickledvegetable-medium-carrot": [ "vegetable", "group1" ],
      "pickledvegetable-medium-parsnip": [ "vegetable", "group4" ],
      "pickledvegetable-medium-turnip": [ "vegetable", "group5" ],
      "pickledvegetable-medium-onion": [ "vegetable", "group6" ],
      "pickledvegetable-medium-cabbage": [ "vegetable", "group10" ],
      "seeds-medium-soybean": [ "protein", "group9" ],
      "seeds-medium-peanut": [ "vegetable", "group12" ],
      "pickledlegume-medium-soybean": [ "vegetable", "group9" ],

      "vegetable-decent-carrot": [ "vegetable", "group1" ],
      "vegetable-decent-parsnip": [ "vegetable", "group4" ],
      "vegetable-decent-turnip": [ "vegetable", "group5" ],
      "vegetable-decent-onion": [ "vegetable", "group6" ],
      "vegetable-decent-cabbage": [ "vegetable", "group10" ],
      "pickledvegetable-decent-carrot": [ "vegetable", "group1" ],
      "pickledvegetable-decent-parsnip": [ "vegetable", "group4" ],
      "pickledvegetable-decent-turnip": [ "vegetable", "group5" ],
      "pickledvegetable-decent-onion": [ "vegetable", "group6" ],
      "pickledvegetable-decent-cabbage": [ "vegetable", "group10" ],
      "seeds-decent-soybean": [ "protein", "group9" ],
      "seeds-decent-peanut": [ "vegetable", "group12" ],
      "pickledlegume-decent-soybean": [ "vegetable", "group9" ],

      "vegetable-large-carrot": [ "vegetable", "group1" ],
      "vegetable-large-parsnip": [ "vegetable", "group4" ],
      "vegetable-large-turnip": [ "vegetable", "group5" ],
      "vegetable-large-onion": [ "vegetable", "group6" ],
      "vegetable-large-cabbage": [ "vegetable", "group10" ],
      "pickledvegetable-large-carrot": [ "vegetable", "group1" ],
      "pickledvegetable-large-parsnip": [ "vegetable", "group4" ],
      "pickledvegetable-large-turnip": [ "vegetable", "group5" ],
      "pickledvegetable-large-onion": [ "vegetable", "group6" ],
      "pickledvegetable-large-cabbage": [ "vegetable", "group10" ],
      "seeds-large-soybean": [ "protein", "group9" ],
      "seeds-large-peanut": [ "vegetable", "group12" ],
      "pickledlegume-large-soybean": [ "vegetable", "group9" ],

      "vegetable-hefty-carrot": [ "vegetable", "group1" ],
      "vegetable-hefty-parsnip": [ "vegetable", "group4" ],
      "vegetable-hefty-turnip": [ "vegetable", "group5" ],
      "vegetable-hefty-onion": [ "vegetable", "group6" ],
      "vegetable-hefty-cabbage": [ "vegetable", "group10" ],
      "pickledvegetable-hefty-carrot": [ "vegetable", "group1" ],
      "pickledvegetable-hefty-parsnip": [ "vegetable", "group4" ],
      "pickledvegetable-hefty-turnip": [ "vegetable", "group5" ],
      "pickledvegetable-hefty-onion": [ "vegetable", "group6" ],
      "pickledvegetable-hefty-cabbage": [ "vegetable", "group10" ],
      "seeds-hefty-soybean": [ "protein", "group9" ],
      "seeds-hefty-peanut": [ "vegetable", "group12" ],
      "pickledlegume-hefty-soybean": [ "vegetable", "group9" ],

      "vegetable-gigantic-carrot": [ "vegetable", "group1" ],
      "vegetable-gigantic-parsnip": [ "vegetable", "group4" ],
      "vegetable-gigantic-turnip": [ "vegetable", "group5" ],
      "vegetable-gigantic-onion": [ "vegetable", "group6" ],
      "vegetable-gigantic-cabbage": [ "vegetable", "group10" ],
      "pickledvegetable-gigantic-carrot": [ "vegetable", "group1" ],
      "pickledvegetable-gigantic-parsnip": [ "vegetable", "group4" ],
      "pickledvegetable-gigantic-turnip": [ "vegetable", "group5" ],
      "pickledvegetable-gigantic-onion": [ "vegetable", "group6" ],
      "pickledvegetable-gigantic-cabbage": [ "vegetable", "group10" ],
      "seeds-gigantic-soybean": [ "protein", "group9" ],
      "seeds-gigantic-peanut": [ "vegetable", "group12" ],
      "pickledlegume-gigantic-soybean": [ "vegetable", "group9" ]
    },
    "file": "game:blocktypes/clay/pot.json",
    "side": "Server"
  },
  {
    "op": "addmerge",
    "path": "/texturesByType/*/scallions",
    "value": {
      "base": "block/wood/barrel/raw-scallions"
    },
    "file": "game:blocktypes/clay/pot.json",
    "side": "Server"
  }
]