[
  {
    "op": "addmerge",
    "path": "/behaviorsByType",
    "value": {
      "*": [
        {
          "name": "AOGHayStorable",
          "properties": {
            "layout": "Stacking",
            "placeRemoveSound": "game:sounds/block/plant",
            "stackingModel": "artofgrowing:block/haystorage",
            "stackingTextures": {
              "normal-top": "block/plant/grassroofing/normal-top",
              "straw1": "block/plant/grassroofing/straw1"
            },
            "modelItemsToStackSizeRatio": 1.125,
            "stackingCapacity": 128,
            "maxStackingHeight": 1,
            "collisionBox": {
              "x1": 0,
              "y1": 0,
              "z1": 0,
              "x2": 1,
              "y2": 0.0625,
              "z2": 1
            },
            "cbScaleYByLayer": 0.125,
            "transferQuantity": 1,
            "bulkTransferQuantity": 8,
            "dropUse": 8,
            "canDrop": "Block",
            "dropBlock": "game:hay-normal-ud"
          }
        }
      ]
    },
    "file": "game:itemtypes/resource/drygrass.json",
    "side": "Server"
  },
  {
    "op": "replace",
    "path": "/class",
    "value": "AOGItemDryGrass",
    "file": "game:itemtypes/resource/drygrass.json",
    "side": "Server"
  },
  {
    "op": "addmerge",
    "path": "/attributes/handbook",
    "value": {
      "extraSections": [
        {
          "title": "artofgrowing:block-handbooktitle-hay",
          "text": "artofgrowing:block-handbooktext-hay"
        }
      ]
    },
    "file": "game:itemtypes/resource/drygrass.json",
    "side": "Server"
  },
  {
    "op": "addmerge",
    "path": "/attributes/handbook/extraSections",
    "value": [
      {
        "title": "artofgrowing:block-handbooktitle-hay",
        "text": "artofgrowing:block-handbooktext-hay"
      }
    ],
    "file": "game:blocktypes/plant/hay.json",
    "side": "Server"
  },
  {
    "op": "replace",
    "path": "/ingredientPattern",
    "value": "HK",
    "file": "game:recipes/grid/drygrass.json",
    "side": "Server"
  },
  {
    "op": "addmerge",
    "path": "/ingredients/K",
    "value": {
      "type": "item",
      "code": "knife-*",
      "isTool": true,
      "toolDurabilityCost": 1
    },
    "file": "game:recipes/grid/drygrass.json",
    "side": "Server"
  },
  {
    "op": "replace",
    "path": "/width",
    "value": 2,
    "file": "game:recipes/grid/drygrass.json",
    "side": "Server"
  },
  {
    "op": "addmerge",
    "path": "/shapeless",
    "value": true,
    "file": "game:recipes/grid/drygrass.json",
    "side": "Server"
  },
  {
    "op": "addmerge",
    "path": "/enabled",
    "value": false,
    "file": "game:recipes/grid/haybale.json",
    "side": "Server"
  },
  {
    "op": "addmerge",
    "path": "/transitionableProps",
    "value": [
      {
        "type": "Perish",
        "freshHours": { "avg": 4320 },
        "transitionHours": { "avg": 448 },
        "transitionedStack": {
          "type": "item",
          "code": "artofgrowing:agedgrass"
        },
        "transitionRatio": 1
      }
    ],
    "file": "game:itemtypes/resource/drygrass.json",
    "side": "Server"
  }
]