[
  {
    "op": "addmerge",
    "path": "/attributes/contentConfig",
    "value": [
      {
        "code": "thatch",
        "content": {
          "type": "item",
          "code": "thatch"
        },
        "quantityPerFillLevel": 8,
        "maxFillLevels": 8,
        "shapesPerFillLevel": [ "block/wood/trough/large/thatchfill1", "block/wood/trough/large/thatchfill1", "block/wood/trough/large/thatchfill2", "block/wood/trough/large/thatchfill2", "block/wood/trough/large/thatchfill3", "block/wood/trough/large/thatchfill3", "block/wood/trough/large/thatchfill4", "block/wood/trough/large/thatchfill4" ]
      },
      {
        "code": "thatchhay",
        "content": {
          "type": "block",
          "code": "artofgrowing:thatchhay-normal-ud"
        },
        "quantityPerFillLevel": 2,
        "maxFillLevels": 8,
        "shapesPerFillLevel": [ "block/wood/trough/large/thatchfill1", "block/wood/trough/large/thatchfill1", "block/wood/trough/large/thatchfill2", "block/wood/trough/large/thatchfill2", "block/wood/trough/large/thatchfill3", "block/wood/trough/large/thatchfill3", "block/wood/trough/large/thatchfill4", "block/wood/trough/large/thatchfill4" ]
      },
      {
        "code": "grass",
        "content": {
          "type": "item",
          "code": "artofgrowing:grass"
        },
        "quantityPerFillLevel": 4,
        "maxFillLevels": 8,
        "shapesPerFillLevel": [ "block/wood/trough/large/grassfill1", "block/wood/trough/large/grassfill1", "block/wood/trough/large/grassfill2", "block/wood/trough/large/grassfill2", "block/wood/trough/large/grassfill3", "block/wood/trough/large/grassfill3", "block/wood/trough/large/grassfill4", "block/wood/trough/large/grassfill4" ]
      },
      {
        "code": "seeds-flax",
        "content": {
          "type": "item",
          "code": "artofgrowing:seeds-*-flax"
        },
        "quantityPerFillLevel": 2,
        "maxFillLevels": 8,
        "shapesPerFillLevel": [ "block/wood/trough/large/grainfill1", "block/wood/trough/large/grainfill1", "block/wood/trough/large/grainfill2", "block/wood/trough/large/grainfill2", "block/wood/trough/large/grainfill3", "block/wood/trough/large/grainfill3", "block/wood/trough/large/grainfill4", "block/wood/trough/large/grainfill4" ],
        "textureCode": "contents-flax"
      },
      {
        "code": "seeds-spelt",
        "content": {
          "type": "item",
          "code": "artofgrowing:seeds-*-spelt"
        },
        "quantityPerFillLevel": 2,
        "maxFillLevels": 8,
        "shapesPerFillLevel": [ "block/wood/trough/large/grainfill1", "block/wood/trough/large/grainfill1", "block/wood/trough/large/grainfill2", "block/wood/trough/large/grainfill2", "block/wood/trough/large/grainfill3", "block/wood/trough/large/grainfill3", "block/wood/trough/large/grainfill4", "block/wood/trough/large/grainfill4" ],
        "textureCode": "contents-spelt"
      },
      {
        "code": "seeds-rice",
        "content": {
          "type": "item",
          "code": "artofgrowing:seeds-*-rice"
        },
        "quantityPerFillLevel": 2,
        "maxFillLevels": 8,
        "shapesPerFillLevel": [ "block/wood/trough/large/grainfill1", "block/wood/trough/large/grainfill1", "block/wood/trough/large/grainfill2", "block/wood/trough/large/grainfill2", "block/wood/trough/large/grainfill3", "block/wood/trough/large/grainfill3", "block/wood/trough/large/grainfill4", "block/wood/trough/large/grainfill4" ],
        "textureCode": "contents-rice"
      },
      {
        "code": "seeds-rye",
        "content": {
          "type": "item",
          "code": "artofgrowing:seeds-*-rye"
        },
        "quantityPerFillLevel": 2,
        "maxFillLevels": 8,
        "shapesPerFillLevel": [ "block/wood/trough/large/grainfill1", "block/wood/trough/large/grainfill1", "block/wood/trough/large/grainfill2", "block/wood/trough/large/grainfill2", "block/wood/trough/large/grainfill3", "block/wood/trough/large/grainfill3", "block/wood/trough/large/grainfill4", "block/wood/trough/large/grainfill4" ],
        "textureCode": "contents-rye"
      },
      {
        "code": "seeds-sunflower",
        "content": {
          "type": "item",
          "code": "artofgrowing:seeds-*-sunflower"
        },
        "quantityPerFillLevel": 2,
        "maxFillLevels": 8,
        "shapesPerFillLevel": [ "block/wood/trough/large/grainfill1", "block/wood/trough/large/grainfill1", "block/wood/trough/large/grainfill2", "block/wood/trough/large/grainfill2", "block/wood/trough/large/grainfill3", "block/wood/trough/large/grainfill3", "block/wood/trough/large/grainfill4", "block/wood/trough/large/grainfill4" ],
        "textureCode": "contents-sunflower-seeds"
      },
      {
        "code": "seeds-amaranth",
        "content": {
          "type": "item",
          "code": "artofgrowing:seeds-*-amaranth"
        },
        "quantityPerFillLevel": 2,
        "maxFillLevels": 8,
        "shapesPerFillLevel": [ "block/wood/trough/large/grainfill1", "block/wood/trough/large/grainfill1", "block/wood/trough/large/grainfill2", "block/wood/trough/large/grainfill2", "block/wood/trough/large/grainfill3", "block/wood/trough/large/grainfill3", "block/wood/trough/large/grainfill4", "block/wood/trough/large/grainfill4" ],
        "textureCode": "contents-amaranth"
      },
      {
        "code": "seeds-pumpkin",
        "content": {
          "type": "item",
          "code": "artofgrowing:seeds-*-pumpkin"
        },
        "quantityPerFillLevel": 2,
        "maxFillLevels": 8,
        "shapesPerFillLevel": [ "block/wood/trough/large/grainfill1", "block/wood/trough/large/grainfill1", "block/wood/trough/large/grainfill2", "block/wood/trough/large/grainfill2", "block/wood/trough/large/grainfill3", "block/wood/trough/large/grainfill3", "block/wood/trough/large/grainfill4", "block/wood/trough/large/grainfill4" ],
        "textureCode": "contents-pumpkin-seeds"
      },
      {
        "code": "grain-pumpkin",
        "content": {
          "type": "item",
          "code": "grain-pumpkin"
        },
        "quantityPerFillLevel": 2,
        "maxFillLevels": 8,
        "shapesPerFillLevel": [ "block/wood/trough/large/grainfill1", "block/wood/trough/large/grainfill1", "block/wood/trough/large/grainfill2", "block/wood/trough/large/grainfill2", "block/wood/trough/large/grainfill3", "block/wood/trough/large/grainfill3", "block/wood/trough/large/grainfill4", "block/wood/trough/large/grainfill4" ],
        "textureCode": "contents-pumpkin"
      },
      {
        "code": "AOGcabbage",
        "content": {
          "type": "item",
          "code": "artofgrowing:vegetable-*-cabbage"
        },
        "quantityPerFillLevel": 2,
        "maxFillLevels": 8,
        "shapesPerFillLevel": [ "block/wood/trough/large/cabbagefill1", "block/wood/trough/large/cabbagefill1", "block/wood/trough/large/cabbagefill2", "block/wood/trough/large/cabbagefill2", "block/wood/trough/large/cabbagefill3", "block/wood/trough/large/cabbagefill3", "block/wood/trough/large/cabbagefill4", "block/wood/trough/large/cabbagefill4" ]
      },
      {
        "code": "AOGcarrot",
        "content": {
          "type": "item",
          "code": "artofgrowing:vegetable-*-carrot"
        },
        "quantityPerFillLevel": 2,
        "maxFillLevels": 8,
        "shapesPerFillLevel": [ "block/wood/trough/large/carrotfill1", "block/wood/trough/large/carrotfill1", "block/wood/trough/large/carrotfill2", "block/wood/trough/large/carrotfill2", "block/wood/trough/large/carrotfill3", "block/wood/trough/large/carrotfill3", "block/wood/trough/large/carrotfill4", "block/wood/trough/large/carrotfill4" ]
      },
      {
        "code": "AOGonion",
        "content": {
          "type": "item",
          "code": "artofgrowing:vegetable-*-onion"
        },
        "quantityPerFillLevel": 2,
        "maxFillLevels": 8,
        "shapesPerFillLevel": [ "block/wood/trough/large/onionfill1", "block/wood/trough/large/onionfill1", "block/wood/trough/large/onionfill2", "block/wood/trough/large/onionfill2", "block/wood/trough/large/onionfill3", "block/wood/trough/large/onionfill3", "block/wood/trough/large/onionfill4", "block/wood/trough/large/onionfill4" ]
      },
      {
        "code": "AOGparsnip",
        "content": {
          "type": "item",
          "code": "artofgrowing:vegetable-*-parsnip"
        },
        "quantityPerFillLevel": 2,
        "maxFillLevels": 8,
        "shapesPerFillLevel": [ "block/wood/trough/large/parsnipfill1", "block/wood/trough/large/parsnipfill1", "block/wood/trough/large/parsnipfill2", "block/wood/trough/large/parsnipfill2", "block/wood/trough/large/parsnipfill3", "block/wood/trough/large/parsnipfill3", "block/wood/trough/large/parsnipfill4", "block/wood/trough/large/parsnipfill4" ]
      },
      {
        "code": "AOGturnip",
        "content": {
          "type": "item",
          "code": "artofgrowing:vegetable-*-turnip"
        },
        "quantityPerFillLevel": 2,
        "maxFillLevels": 8,
        "shapesPerFillLevel": [ "block/wood/trough/large/turnipfill1", "block/wood/trough/large/turnipfill1", "block/wood/trough/large/turnipfill2", "block/wood/trough/large/turnipfill2", "block/wood/trough/large/turnipfill3", "block/wood/trough/large/turnipfill3", "block/wood/trough/large/turnipfill4", "block/wood/trough/large/turnipfill4" ]
      },
      {
        "code": "grainbundle-peanut",
        "content": {
          "type": "item",
          "code": "artofgrowing:grainbundle-peanut-*"
        },
        "quantityPerFillLevel": 2,
        "maxFillLevels": 8,
        "shapesPerFillLevel": [ "block/wood/trough/large/legumefill1", "block/wood/trough/large/legumefill1", "block/wood/trough/large/legumefill2", "block/wood/trough/large/legumefill2", "block/wood/trough/large/legumefill3", "block/wood/trough/large/legumefill3", "block/wood/trough/large/legumefill4", "block/wood/trough/large/legumefill4" ],
        "textureCode": "contents-peanut"
      },
      {
        "code": "grainbundle-soybean",
        "content": {
          "type": "item",
          "code": "artofgrowing:grainbundle-soybean-*"
        },
        "quantityPerFillLevel": 2,
        "maxFillLevels": 8,
        "shapesPerFillLevel": [ "block/wood/trough/large/legumefill1", "block/wood/trough/large/legumefill1", "block/wood/trough/large/legumefill2", "block/wood/trough/large/legumefill2", "block/wood/trough/large/legumefill3", "block/wood/trough/large/legumefill3", "block/wood/trough/large/legumefill4", "block/wood/trough/large/legumefill4" ],
        "textureCode": "contents-soybean"
      },
      {
        "code": "seeds-peanut",
        "content": {
          "type": "item",
          "code": "artofgrowing:seeds-*-peanut"
        },
        "quantityPerFillLevel": 2,
        "maxFillLevels": 8,
        "shapesPerFillLevel": [ "block/wood/trough/large/grainfill1", "block/wood/trough/large/grainfill1", "block/wood/trough/large/grainfill2", "block/wood/trough/large/grainfill2", "block/wood/trough/large/grainfill3", "block/wood/trough/large/grainfill3", "block/wood/trough/large/grainfill4", "block/wood/trough/large/grainfill4" ],
        "textureCode": "contents-peanut-seeds"
      },
      {
        "code": "seeds-soybean",
        "content": {
          "type": "item",
          "code": "artofgrowing:seeds-*-soybean"
        },
        "quantityPerFillLevel": 2,
        "maxFillLevels": 8,
        "shapesPerFillLevel": [ "block/wood/trough/large/grainfill1", "block/wood/trough/large/grainfill1", "block/wood/trough/large/grainfill2", "block/wood/trough/large/grainfill2", "block/wood/trough/large/grainfill3", "block/wood/trough/large/grainfill3", "block/wood/trough/large/grainfill4", "block/wood/trough/large/grainfill4" ],
        "textureCode": "contents-soybean-seeds"
      }
    ],
    "file": "game:blocktypes/wood/trough-large.json",
    "side": "Server"
  },
  {
    "op": "addmerge",
    "path": "/textures",
    "value": {
      "1normal-side": { "base": "artofgrowing:block/thatch/normal-side" },
      "1normal-top": { "base": "artofgrowing:block/thatch/normal-top" },
      "1singlehay": { "base": "artofgrowing:block/thatch/singlehay" },
      "1singlehay2": { "base": "artofgrowing:block/thatch/singlehay2" },
      "grass-normal-side": { "base": "artofgrowing:block/plant/grass/normal-side" },
      "grass-normal-top": { "base": "artofgrowing:block/plant/grass/normal-top-grass" },
      "grass-singlehay": { "base": "artofgrowing:block/plant/grass/singlehay" },
      "grass-singlehay2": { "base": "artofgrowing:block/plant/grass/singlehay2" },
      "contents-pumpkin": {
        "base": "block/food/grain/pumpkin",
        "overlays": [ "block/wood/trough/large/shadow" ]
      },
      "contents-pumpkin-seeds": {
        "base": "block/food/grain/pumpkin-seeds",
        "overlays": [ "block/wood/trough/large/shadow" ]
      },
      "contents-sunflower-seeds": {
        "base": "block/food/grain/sunflower-seeds",
        "overlays": [ "block/wood/trough/large/shadow" ]
      },
      "contents-peanut-seeds": {
        "base": "block/wood/barrel/peanut",
        "overlays": [ "block/wood/trough/large/shadow" ]
      },
      "contents-soybean-seeds": {
        "base": "block/wood/barrel/soybean",
        "overlays": [ "block/wood/trough/large/shadow" ]
      }
    },
    "file": "game:blocktypes/wood/trough-large.json",
    "side": "Server"
  }
]