{
	"editor": {
		"allAngles": true,
		"entityTextureMode": true
	},
	"textureWidth": 64,
	"textureHeight": 64,
	"textureSizes": {
	},
	"textures": {
	},
	"elements": [
		{
			"name": "ArmorHelmet",
			"stepParentName": "Head",
			"from": [ 0.1, 0.3, -0.6 ],
			"to": [ 6.6, 5.8, 5.7 ],
			"unwrapMode": 1,
			"uv": [ 36.0, 17.5 ],
			"rotationOrigin": [ 0.1, 0.3, -0.6 ],
			"faces": {
				"north": { "texture": "#material", "uv": [ 42.0, 23.5, 48.5, 29.0 ] },
				"east": { "texture": "#material", "uv": [ 36.0, 23.5, 42.0, 29.0 ] },
				"south": { "texture": "#material", "uv": [ 54.5, 23.5, 61.0, 29.0 ] },
				"west": { "texture": "#material", "uv": [ 48.5, 23.5, 54.5, 29.0 ] },
				"up": { "texture": "#material", "uv": [ 42.0, 17.5, 48.5, 23.5 ], "rotation": 180 },
				"down": { "texture": "#material", "uv": [ 42.0, 29.0, 48.5, 35.0 ] }
			},
			"children": [
				{
					"name": "ArmorHelmetFace",
					"from": [ -0.7, 2.8, 0.0 ],
					"to": [ 0.0, 5.5, 6.3 ],
					"unwrapMode": 1,
					"uv": [ 32.0, 35.5 ],
					"rotationOrigin": [ -0.5, 2.8, 0.0 ],
					"faces": {
						"north": { "texture": "#material", "uv": [ 32.0, 41.5, 32.5, 44.0 ] },
						"south": { "texture": "#material", "uv": [ 38.5, 41.5, 39.0, 44.0 ] },
						"west": { "texture": "#material", "uv": [ 32.5, 41.5, 38.5, 44.0 ] },
						"up": { "texture": "#material", "uv": [ 32.0, 35.5, 32.5, 41.5 ], "rotation": 180 },
						"down": { "texture": "#material", "uv": [ 32.0, 44.0, 32.5, 50.0 ] }
					},
					"children": [
						{
							"name": "ArmorHelmetNasal",
							"from": [ 0.0, -1.3, 2.9 ],
							"to": [ 0.5, 0.0, 3.5 ],
							"unwrapMode": 1,
							"uv": [ 32.5, 35.5 ],
							"rotationOrigin": [ 0.0, -1.5, 2.6 ],
							"faces": {
								"north": { "texture": "#material", "uv": [ 32.5, 35.5, 33.0, 36.5 ] },
								"south": { "texture": "#material", "uv": [ 33.5, 35.5, 34.0, 36.5 ] },
								"west": { "texture": "#material", "uv": [ 33.0, 35.5, 33.5, 36.5 ] },
								"down": { "texture": "#material", "uv": [ 32.5, 36.5, 33.0, 37.0 ] }
							}
						},
						{
							"name": "Nose",
							"from": [ -0.02, -2.0, 2.3 ],
							"to": [ 0.48, -1.0, 3.3 ],
							"uv": [ 38.0, 58.0 ],
							"rotationOrigin": [ 0.0, -2.0, 3.0 ],
							"rotationX": 45.0,
							"faces": {
								"north": { "texture": "#material", "uv": [ 38.0, 59.0, 38.5, 60.0 ] },
								"east": { "texture": "#material", "uv": [ 38.5, 59.0, 39.5, 60.0 ] },
								"south": { "texture": "#material", "uv": [ 39.5, 59.0, 40.0, 60.0 ] },
								"west": { "texture": "#material", "uv": [ 40.0, 59.0, 41.0, 60.0 ] },
								"up": { "texture": "#material", "uv": [ 38.0, 58.0, 38.5, 59.0 ] },
								"down": { "texture": "#material", "uv": [ 38.5, 58.0, 39.0, 59.0 ] }
							}
						}
					]
				},
				{
					"name": "ArmorHelmetTop",
					"from": [ 0.5, 5.5, 0.5 ],
					"to": [ 6.0, 6.3, 5.7 ],
					"unwrapMode": 1,
					"uv": [ 31.0, 30.0 ],
					"rotationOrigin": [ 0.5, 5.5, 0.5 ],
					"faces": {
						"north": { "texture": "#material", "uv": [ 36.0, 35.0, 41.5, 35.5 ] },
						"east": { "texture": "#material", "uv": [ 31.0, 35.0, 36.0, 35.5 ] },
						"south": { "texture": "#material", "uv": [ 46.5, 35.0, 52.0, 35.5 ] },
						"west": { "texture": "#material", "uv": [ 41.5, 35.0, 46.5, 35.5 ] },
						"up": { "texture": "#material", "uv": [ 36.0, 30.0, 41.5, 35.0 ], "rotation": 180 }
					}
				},
				{
					"name": "111",
					"from": [ -0.85, 2.9, 0.0 ],
					"to": [ -0.55, 3.1, 6.35 ],
					"uv": [ 37.0, 54.0 ],
					"rotationOrigin": [ -1.0, 3.0, 0.0 ],
					"faces": {
						"north": { "texture": "#material", "uv": [ 37.0, 60.0, 37.5, 60.5 ] },
						"east": { "texture": "#material", "uv": [ 37.5, 60.0, 43.5, 60.5 ] },
						"south": { "texture": "#material", "uv": [ 43.5, 60.0, 44.0, 60.5 ] },
						"west": { "texture": "#material", "uv": [ 44.0, 60.0, 50.0, 60.5 ] },
						"up": { "texture": "#material", "uv": [ 37.0, 54.0, 37.5, 60.0 ] },
						"down": { "texture": "#material", "uv": [ 37.5, 54.0, 38.0, 60.0 ] }
					},
					"children": [
						{
							"name": "22",
							"from": [ 0.55, -2.25, 6.2 ],
							"to": [ 1.55, -0.05, 6.5 ],
							"uv": [ 41.0, 57.5 ],
							"rotationOrigin": [ 0.85, 0.1, 6.0 ],
							"rotationX": 12.0,
							"rotationY": -14.0,
							"rotationZ": -26.0,
							"faces": {
								"north": { "texture": "#material", "uv": [ 41.0, 58.0, 42.0, 60.0 ] },
								"east": { "texture": "#material", "uv": [ 42.0, 58.0, 42.5, 60.0 ] },
								"south": { "texture": "#material", "uv": [ 42.5, 58.0, 43.5, 60.0 ] },
								"west": { "texture": "#material", "uv": [ 43.5, 58.0, 44.0, 60.0 ] },
								"up": { "texture": "#material", "uv": [ 41.0, 57.5, 42.0, 58.0 ] },
								"down": { "texture": "#material", "uv": [ 42.0, 57.5, 43.0, 58.0 ] }
							}
						},
						{
							"name": "21",
							"from": [ 0.85, -2.3, -0.24 ],
							"to": [ 1.85, -0.1, 0.06 ],
							"uv": [ 41.0, 57.5 ],
							"rotationOrigin": [ 0.85, 0.7, 0.0 ],
							"rotationX": -10.0,
							"rotationY": 14.0,
							"rotationZ": -26.0,
							"faces": {
								"north": { "texture": "#material", "uv": [ 41.0, 58.0, 42.0, 60.0 ] },
								"east": { "texture": "#material", "uv": [ 42.0, 58.0, 42.5, 60.0 ] },
								"south": { "texture": "#material", "uv": [ 42.5, 58.0, 43.5, 60.0 ] },
								"west": { "texture": "#material", "uv": [ 43.5, 58.0, 44.0, 60.0 ] },
								"up": { "texture": "#material", "uv": [ 41.0, 57.5, 42.0, 58.0 ] },
								"down": { "texture": "#material", "uv": [ 42.0, 57.5, 43.0, 58.0 ] }
							}
						},
						{
							"name": "121",
							"from": [ 1.0, -0.9, -0.1 ],
							"to": [ 1.3, -0.7, 1.35 ],
							"uv": [ 38.0, 58.0 ],
							"rotationOrigin": [ 0.85, -0.9, 0.0 ],
							"rotationX": -90.0,
							"rotationY": -49.0,
							"faces": {
								"north": { "texture": "#material", "uv": [ 38.0, 59.0, 38.5, 59.5 ] },
								"east": { "texture": "#material", "uv": [ 38.5, 59.0, 39.5, 59.5 ] },
								"south": { "texture": "#material", "uv": [ 39.5, 59.0, 40.0, 59.5 ] },
								"west": { "texture": "#material", "uv": [ 40.0, 59.0, 41.0, 59.5 ] },
								"up": { "texture": "#material", "uv": [ 38.0, 58.0, 38.5, 59.0 ] },
								"down": { "texture": "#material", "uv": [ 38.5, 58.0, 39.0, 59.0 ] }
							}
						},
						{
							"name": "122",
							"from": [ 0.95, -0.4, 7.0 ],
							"to": [ 1.25, -0.2, 8.35 ],
							"uv": [ 38.0, 58.0 ],
							"rotationOrigin": [ 0.85, -0.9, 7.0 ],
							"rotationX": -90.0,
							"rotationY": -49.0,
							"faces": {
								"north": { "texture": "#material", "uv": [ 38.0, 59.0, 38.5, 59.5 ] },
								"east": { "texture": "#material", "uv": [ 38.5, 59.0, 39.5, 59.5 ] },
								"south": { "texture": "#material", "uv": [ 39.5, 59.0, 40.0, 59.5 ] },
								"west": { "texture": "#material", "uv": [ 40.0, 59.0, 41.0, 59.5 ] },
								"up": { "texture": "#material", "uv": [ 38.0, 58.0, 38.5, 59.0 ] },
								"down": { "texture": "#material", "uv": [ 38.5, 58.0, 39.0, 59.0 ] }
							}
						},
						{
							"name": "31",
							"from": [ 0.7022, -0.8, 6.3001 ],
							"to": [ 1.0022, -0.6, 12.8601 ],
							"uv": [ 37.0, 53.5 ],
							"rotationOrigin": [ 0.85, -0.9, 6.3 ],
							"rotationY": 89.98,
							"faces": {
								"north": { "texture": "#material", "uv": [ 37.0, 60.0, 37.5, 60.5 ] },
								"east": { "texture": "#material", "uv": [ 37.5, 60.0, 44.0, 60.5 ] },
								"south": { "texture": "#material", "uv": [ 44.0, 60.0, 44.5, 60.5 ] },
								"west": { "texture": "#material", "uv": [ 44.5, 60.0, 51.0, 60.5 ] },
								"up": { "texture": "#material", "uv": [ 37.0, 53.5, 37.5, 60.0 ] },
								"down": { "texture": "#material", "uv": [ 37.5, 53.5, 38.0, 60.0 ] }
							}
						},
						{
							"name": "32",
							"from": [ 0.7, -0.8, 1.0E-4 ],
							"to": [ 1.0, -0.6, 6.5601 ],
							"uv": [ 37.0, 53.5 ],
							"rotationOrigin": [ 0.85, -0.9, 0.0 ],
							"rotationY": 89.98,
							"faces": {
								"north": { "texture": "#material", "uv": [ 37.0, 60.0, 37.5, 60.5 ] },
								"east": { "texture": "#material", "uv": [ 37.5, 60.0, 44.0, 60.5 ] },
								"south": { "texture": "#material", "uv": [ 44.0, 60.0, 44.5, 60.5 ] },
								"west": { "texture": "#material", "uv": [ 44.5, 60.0, 51.0, 60.5 ] },
								"up": { "texture": "#material", "uv": [ 37.0, 53.5, 37.5, 60.0 ] },
								"down": { "texture": "#material", "uv": [ 37.5, 53.5, 38.0, 60.0 ] }
							}
						},
						{
							"name": "33",
							"from": [ 7.25, -0.8, -0.1 ],
							"to": [ 7.55, -0.6, 6.4 ],
							"uv": [ 37.0, 53.5 ],
							"rotationOrigin": [ 7.85, -0.9, 0.0 ],
							"faces": {
								"north": { "texture": "#material", "uv": [ 37.0, 60.0, 37.5, 60.5 ] },
								"east": { "texture": "#material", "uv": [ 37.5, 60.0, 44.0, 60.5 ] },
								"south": { "texture": "#material", "uv": [ 44.0, 60.0, 44.5, 60.5 ] },
								"west": { "texture": "#material", "uv": [ 44.5, 60.0, 51.0, 60.5 ] },
								"up": { "texture": "#material", "uv": [ 37.0, 53.5, 37.5, 60.0 ] },
								"down": { "texture": "#material", "uv": [ 37.5, 53.5, 38.0, 60.0 ] }
							}
						}
					]
				}
			]
		}
	]}