﻿{
  "club-idle-1h": {
    "Hold": false,
    "PlayerKeyFrames": [
      {
        "EasingTime": 300,
        "EasingFunction": "Sin",
        "DetachedAnchor": false,
        "SwitchArms": false,
        "PitchFollow": false,
        "FOVMultiplier": 1,
        "BobbingAmplitude": 1,
        "Elements": {"ItemAnchor": [0, 0, -1, -88, 55, 0], "LowerArmR": [0, 0, 0, 0, 0, -70], "UpperArmR": [0, 0, 0, 0, 0, -23]}
      }
    ],
    "ItemKeyFrames": [],
    "SoundFrames": [],
    "ParticlesFrames": [],
    "CallbackFrames": [],
    "ItemAnimationStart": 0,
    "ItemAnimationEnd": 0
  },
  "club-ready-1h": {
    "Hold": false,
    "PlayerKeyFrames": [
      {
        "EasingTime": 300,
        "EasingFunction": "Sin",
        "DetachedAnchor": false,
        "SwitchArms": false,
        "PitchFollow": false,
        "PitchDontFollow": false,
        "FOVMultiplier": 1,
        "BobbingAmplitude": 1,
        "Elements": {"ItemAnchor": [0, 0, 0, -88, -25, 0], "LowerArmR": [0, 0, 0, 0, 9, -60], "UpperArmR": [0, 0, 0, 10, -1, -24]}
      }
    ],
    "ItemKeyFrames": [],
    "SoundFrames": [],
    "ParticlesFrames": [],
    "CallbackFrames": [],
    "ItemAnimationStart": 0,
    "ItemAnimationEnd": 0
  },
  "club-strike-1h-1": {
    "Hold": false,
    "PlayerKeyFrames": [
      {
        "EasingTime": 150,
        "EasingFunction": "Sin",
        "DetachedAnchor": false,
        "SwitchArms": false,
        "PitchFollow": true,
        "PitchDontFollow": false,
        "FOVMultiplier": 1,
        "BobbingAmplitude": 1,
        "Elements": {"ItemAnchor": [0, 0, 0, 0, -6, 5], "LowerArmR": [0, 0, 0, 0, 0, -70], "UpperArmR": [1.6, 0, 0, -8, 0, -57.2]}
      },
      {
        "EasingTime": 400,
        "EasingFunction": "Quintic",
        "DetachedAnchor": false,
        "SwitchArms": false,
        "PitchFollow": true,
        "PitchDontFollow": false,
        "FOVMultiplier": 1,
        "BobbingAmplitude": 1,
        "Elements": {"ItemAnchor": [0, 0, 0, 0, 0, 67], "LowerArmR": [0, 0, 0, 0, 0, -3], "UpperArmR": [0, -1.6, 0, -34.4, -1.1, -75.1]}
      },
      {
        "EasingTime": 800,
        "EasingFunction": "Sin",
        "DetachedAnchor": false,
        "SwitchArms": false,
        "PitchFollow": true,
        "PitchDontFollow": false,
        "FOVMultiplier": 1,
        "BobbingAmplitude": 1,
        "Elements": {"ItemAnchor": [0, 0, 0, 0, 0, 92], "LowerArmR": [0, 0, 0, -16, 0, 3], "UpperArmR": [0, 0, 0, -24, -0.8, -39.2]}
      },
      {
        "EasingTime": 1200,
        "EasingFunction": "Sin",
        "DetachedAnchor": false,
        "SwitchArms": false,
        "PitchFollow": true,
        "PitchDontFollow": false,
        "FOVMultiplier": 1,
        "BobbingAmplitude": 1,
        "Elements": {"ItemAnchor": [0, 0, 0, -88, -25, 0], "LowerArmR": [0, 0, 0, 0, 0, -34], "UpperArmR": [0, 0, 0, -16, -23, -41]}
      }
    ],
    "ItemKeyFrames": [],
    "SoundFrames": [
      {
        "Code": ["game:sounds/player/strike1", "game:sounds/player/strike2"],
        "DurationFraction": 0.083333336,
        "RandomizePitch": true,
        "Range": 16,
        "Volume": 0.5,
        "Synchronize": true
      }
    ],
    "ParticlesFrames": [],
    "CallbackFrames": [{"Code": "start", "DurationFraction": 0.083333336}, {"Code": "stop", "DurationFraction": 0.41666666}, {"Code": "ready", "DurationFraction": 0.75}],
    "ItemAnimationStart": 0,
    "ItemAnimationEnd": 0
  },
  "club-strike-1h-2": {
    "Hold": false,
    "PlayerKeyFrames": [
      {
        "EasingTime": 150,
        "EasingFunction": "Sin",
        "DetachedAnchor": false,
        "SwitchArms": false,
        "PitchFollow": true,
        "PitchDontFollow": false,
        "FOVMultiplier": 1,
        "BobbingAmplitude": 1,
        "Elements": {"ItemAnchor": [0, 0, 0, 0, 17, 20], "LowerArmR": [0, 0, 0, 0, 23, -75], "UpperArmR": [1.6, 0, 0, 7, 0, -55.2]}
      },
      {
        "EasingTime": 400,
        "EasingFunction": "Quintic",
        "DetachedAnchor": false,
        "SwitchArms": false,
        "PitchFollow": true,
        "PitchDontFollow": false,
        "FOVMultiplier": 1,
        "BobbingAmplitude": 1,
        "Elements": {"ItemAnchor": [0, 0, 0, 0, 0, 67], "LowerArmR": [0, 0, 0, 0, 0, -3], "UpperArmR": [0, -1.6, 0, 11.6, -1.1, -75.1]}
      },
      {
        "EasingTime": 800,
        "EasingFunction": "Sin",
        "DetachedAnchor": false,
        "SwitchArms": false,
        "PitchFollow": true,
        "PitchDontFollow": false,
        "FOVMultiplier": 1,
        "BobbingAmplitude": 1,
        "Elements": {"ItemAnchor": [0, 0, 0, 0, 0, 92], "LowerArmR": [0, 0, 0, 15, 0, 3], "UpperArmR": [0, 0, 0, 9, 0, -37.2]}
      },
      {
        "EasingTime": 1200,
        "EasingFunction": "Sin",
        "DetachedAnchor": false,
        "SwitchArms": false,
        "PitchFollow": true,
        "PitchDontFollow": false,
        "FOVMultiplier": 1,
        "BobbingAmplitude": 1,
        "Elements": {"ItemAnchor": [0, 0, 0, -88, -25, 0], "LowerArmR": [0, 0, 0, 0, 0, -34], "UpperArmR": [0, 0, 0, -16, -23, -41]}
      }
    ],
    "ItemKeyFrames": [],
    "SoundFrames": [
      {
        "Code": ["game:sounds/player/strike1", "game:sounds/player/strike2"],
        "DurationFraction": 0.083333336,
        "RandomizePitch": true,
        "Range": 16,
        "Volume": 0.5,
        "Synchronize": true
      }
    ],
    "ParticlesFrames": [],
    "CallbackFrames": [{"Code": "start", "DurationFraction": 0.083333336}, {"Code": "stop", "DurationFraction": 0.41666666}, {"Code": "ready", "DurationFraction": 0.75}],
    "ItemAnimationStart": 0,
    "ItemAnimationEnd": 0
  },
  "club-ready-2h": {
    "Hold": true,
    "PlayerKeyFrames": [
      {
        "EasingTime": 300,
        "EasingFunction": "Sin",
        "DetachedAnchor": false,
        "SwitchArms": false,
        "PitchFollow": false,
        "PitchDontFollow": false,
        "FOVMultiplier": 1,
        "BobbingAmplitude": 0.8,
        "Elements": {
          "ItemAnchor": [0, 0, 0, 0, 0, 14],
          "LowerArmR": [0, 0, 0, 0, 0, -53],
          "UpperArmR": [1.6, -1, -1, -26, 0, -59],
          "ItemAnchorL": [0, 0, 0, 0, 0, 0],
          "LowerArmL": [0, 0, 0, 0, 0, -19],
          "UpperArmL": [2, -0.6, -1.7, -21, -24, -78]
        }
      }
    ],
    "ItemKeyFrames": [],
    "SoundFrames": [],
    "ParticlesFrames": [],
    "CallbackFrames": [],
    "ItemAnimationStart": 0,
    "ItemAnimationEnd": 0
  },
  "club-idle-2h": {
    "Hold": true,
    "PlayerKeyFrames": [
      {
        "EasingTime": 300,
        "EasingFunction": "Sin",
        "DetachedAnchor": false,
        "SwitchArms": false,
        "PitchFollow": false,
        "PitchDontFollow": false,
        "FOVMultiplier": 1,
        "BobbingAmplitude": 0.8,
        "Elements": {
          "ItemAnchor": [0, 0, 0, 0, 0, 14],
          "LowerArmR": [0, 0, 0, 0, 0, -38],
          "UpperArmR": [0, -0.8, -1.6, -44, 0, -51],
          "ItemAnchorL": [0, 0, 0, 0, 0, 0],
          "LowerArmL": [0, 0, 0, 0, 0, -19],
          "UpperArmL": [0.8, 0, -1.6, -21, -20, -59]
        }
      }
    ],
    "ItemKeyFrames": [],
    "SoundFrames": [],
    "ParticlesFrames": [],
    "CallbackFrames": [],
    "ItemAnimationStart": 0,
    "ItemAnimationEnd": 0
  },
  "club-strike-2h-1": {
    "Hold": false,
    "PlayerKeyFrames": [
      {
        "EasingTime": 150,
        "EasingFunction": "Sin",
        "DetachedAnchor": false,
        "SwitchArms": false,
        "PitchFollow": true,
        "PitchDontFollow": false,
        "FOVMultiplier": 1,
        "BobbingAmplitude": 0.8,
        "Elements": {
          "ItemAnchor": [0, 0, 0, 0, 0, 6],
          "LowerArmR": [0, 0, 0, 0, 0, -56],
          "UpperArmR": [0, -0.8, 0, -22, 1.2, -69.2],
          "ItemAnchorL": [0, 0, 0, 0, 0, 0],
          "LowerArmL": [0, 0, 0, 0, 0, 0],
          "UpperArmL": [0, 0, 0, 0, -17, -93]
        }
      },
      {
        "EasingTime": 450,
        "EasingFunction": "Quintic",
        "DetachedAnchor": false,
        "SwitchArms": false,
        "PitchFollow": true,
        "PitchDontFollow": false,
        "FOVMultiplier": 1,
        "BobbingAmplitude": 0.8,
        "Elements": {
          "ItemAnchor": [0, 0, 0, 0, 0, 70],
          "LowerArmR": [0, 0, 0, 0, 0, 0],
          "UpperArmR": [0, 0, 0, -44, 2.2, -47.2],
          "ItemAnchorL": [0, 0, 0, 0, 0, 0],
          "LowerArmL": [0, 0, 0, 0, 0, -52],
          "UpperArmL": [0, 0, 0, 0, -8, -17]
        }
      },
      {
        "EasingTime": 900,
        "EasingFunction": "CosShifted",
        "DetachedAnchor": false,
        "SwitchArms": false,
        "PitchFollow": true,
        "PitchDontFollow": false,
        "FOVMultiplier": 1,
        "BobbingAmplitude": 0.8,
        "Elements": {
          "ItemAnchor": [0, 0, 0, 0, 0, 0],
          "LowerArmR": [0, 0, 0, 0, 0, -74],
          "UpperArmR": [0, -1.6, 0, -34, -1.8, -50.2],
          "ItemAnchorL": [0, 0, 0, 0, 0, 0],
          "LowerArmL": [0, 0, 0, 0, 0, 0],
          "UpperArmL": [0, 0, 0, -40, -28, -85]
        }
      }
    ],
    "ItemKeyFrames": [],
    "SoundFrames": [
      {"Code": ["game:sounds/player/strike1", "game:sounds/player/strike2"], "DurationFraction": 0, "RandomizePitch": true, "Range": 16, "Volume": 0.5, "Synchronize": true}
    ],
    "ParticlesFrames": [],
    "CallbackFrames": [{"Code": "start", "DurationFraction": 0.16666667}, {"Code": "stop", "DurationFraction": 0.5}, {"Code": "ready", "DurationFraction": 0.8333333}],
    "ItemAnimationStart": 0,
    "ItemAnimationEnd": 0
  },
  "club-strike-2h-2": {
    "Hold": false,
    "PlayerKeyFrames": [
      {
        "EasingTime": 150,
        "EasingFunction": "Sin",
        "DetachedAnchor": false,
        "SwitchArms": false,
        "PitchFollow": true,
        "PitchDontFollow": false,
        "FOVMultiplier": 1,
        "BobbingAmplitude": 0.8,
        "Elements": {
          "ItemAnchor": [0, 0, 0, 0, 0, 6],
          "LowerArmR": [0, 0, 0, 0, 0, -56],
          "UpperArmR": [0, -0.8, 0, 22, 20.2, -83.2],
          "ItemAnchorL": [0, 0, 0, 0, 0, 0],
          "LowerArmL": [0, 0, 0, 0, 0, 0],
          "UpperArmL": [0, 0, 0, 0, -3, -87]
        }
      },
      {
        "EasingTime": 450,
        "EasingFunction": "Quintic",
        "DetachedAnchor": false,
        "SwitchArms": false,
        "PitchFollow": true,
        "PitchDontFollow": false,
        "FOVMultiplier": 1,
        "BobbingAmplitude": 0.8,
        "Elements": {
          "ItemAnchor": [0, 0, 0, 0, 0, 80],
          "LowerArmR": [0, 0, 0, 0, 0, 0],
          "UpperArmR": [0, 0, 0, 14, -6.8, -57.2],
          "ItemAnchorL": [0, 0, 0, 0, 0, 0],
          "LowerArmL": [0, 0, 0, 0, 0, -35],
          "UpperArmL": [0, 0, 0, 0, -67, -50]
        }
      },
      {
        "EasingTime": 900,
        "EasingFunction": "CosShifted",
        "DetachedAnchor": false,
        "SwitchArms": false,
        "PitchFollow": true,
        "PitchDontFollow": false,
        "FOVMultiplier": 1,
        "BobbingAmplitude": 0.8,
        "Elements": {
          "ItemAnchor": [0, 0, 0, 0, 0, 14],
          "LowerArmR": [0, 0, 0, 0, 0, -38],
          "UpperArmR": [0, 0, 0, -44, 0, -51],
          "ItemAnchorL": [0, 0, 0, 0, 0, 0],
          "LowerArmL": [0, 0, 0, 0, 0, -19],
          "UpperArmL": [0, 0, 0, -21, -20, -59]
        }
      }
    ],
    "ItemKeyFrames": [],
    "SoundFrames": [
      {"Code": ["game:sounds/player/strike1", "game:sounds/player/strike2"], "DurationFraction": 0, "RandomizePitch": true, "Range": 16, "Volume": 0.5, "Synchronize": true}
    ],
    "ParticlesFrames": [],
    "CallbackFrames": [{"Code": "start", "DurationFraction": 0.16666667}, {"Code": "stop", "DurationFraction": 0.5}, {"Code": "ready", "DurationFraction": 0.8333333}],
    "ItemAnimationStart": 0,
    "ItemAnimationEnd": 0
  },
  "club-idle-1h-tp": {
    "Hold": false,
    "PlayerKeyFrames": [
      {
        "EasingTime": 300,
        "EasingFunction": "Sin",
        "DetachedAnchor": false,
        "SwitchArms": false,
        "PitchFollow": false,
        "PitchDontFollow": false,
        "FOVMultiplier": 1,
        "BobbingAmplitude": 1,
        "Elements": {"ItemAnchor": [-4.6, 0, -0.7, -88, 55, 0], "LowerArmR": [0, 0, 0, 0, 0, -67], "UpperArmR": [0, 0, 0, 0, 0, -6]}
      }
    ],
    "ItemKeyFrames": [],
    "SoundFrames": [],
    "ParticlesFrames": [],
    "CallbackFrames": [],
    "ItemAnimationStart": 0,
    "ItemAnimationEnd": 0
  },
  "club-ready-1h-tp": {
    "Hold": false,
    "PlayerKeyFrames": [
      {
        "EasingTime": 300,
        "EasingFunction": "Sin",
        "DetachedAnchor": false,
        "SwitchArms": false,
        "PitchFollow": false,
        "PitchDontFollow": false,
        "FOVMultiplier": 1,
        "BobbingAmplitude": 1,
        "Elements": {"ItemAnchor": [0, 0, 0, -88, -25, 0], "LowerArmR": [0, 0, 0, 0, 0, -34], "UpperArmR": [0, 0, 0, -16, -23, -41]}
      }
    ],
    "ItemKeyFrames": [],
    "SoundFrames": [],
    "ParticlesFrames": [],
    "CallbackFrames": [],
    "ItemAnimationStart": 0,
    "ItemAnimationEnd": 0
  },
  "club-strike-1h-1-tp": {
    "Hold": false,
    "PlayerKeyFrames": [
      {
        "EasingTime": 150,
        "EasingFunction": "Sin",
        "DetachedAnchor": false,
        "SwitchArms": false,
        "PitchFollow": true,
        "PitchDontFollow": false,
        "FOVMultiplier": 1,
        "BobbingAmplitude": 1,
        "Elements": {"ItemAnchor": [0, 0, 0, 0, -6, 5], "LowerArmR": [0, 0, 0, 0, 0, -70], "UpperArmR": [0, 0, 0, -8, 0, -57.2]}
      },
      {
        "EasingTime": 400,
        "EasingFunction": "Quintic",
        "DetachedAnchor": false,
        "SwitchArms": false,
        "PitchFollow": true,
        "PitchDontFollow": false,
        "FOVMultiplier": 1,
        "BobbingAmplitude": 1,
        "Elements": {"ItemAnchor": [0, 0, 0, 0, 0, 67], "LowerArmR": [0, 0, 0, 0, 0, -3], "UpperArmR": [0, 0, 0, -34.4, -1.1, -75.1]}
      },
      {
        "EasingTime": 800,
        "EasingFunction": "Sin",
        "DetachedAnchor": false,
        "SwitchArms": false,
        "PitchFollow": true,
        "PitchDontFollow": false,
        "FOVMultiplier": 1,
        "BobbingAmplitude": 1,
        "Elements": {"ItemAnchor": [0, 0, 0, 0, 0, 92], "LowerArmR": [0, 0, 0, -16, 0, 3], "UpperArmR": [0, 0, 0, -24, -0.8, -39.2]}
      },
      {
        "EasingTime": 1200,
        "EasingFunction": "Sin",
        "DetachedAnchor": false,
        "SwitchArms": false,
        "PitchFollow": true,
        "PitchDontFollow": false,
        "FOVMultiplier": 1,
        "BobbingAmplitude": 1,
        "Elements": {"ItemAnchor": [0, 0, 0, -88, -25, 0], "LowerArmR": [0, 0, 0, 0, 0, -34], "UpperArmR": [0, 0, 0, -16, -23, -41]}
      }
    ],
    "ItemKeyFrames": [],
    "SoundFrames": [
      {
        "Code": ["game:sounds/player/strike1", "game:sounds/player/strike2"],
        "DurationFraction": 0.083333336,
        "RandomizePitch": true,
        "Range": 16,
        "Volume": 0.5,
        "Synchronize": true
      }
    ],
    "ParticlesFrames": [],
    "CallbackFrames": [{"Code": "start", "DurationFraction": 0.083333336}, {"Code": "stop", "DurationFraction": 0.41666666}, {"Code": "ready", "DurationFraction": 0.75}],
    "ItemAnimationStart": 0,
    "ItemAnimationEnd": 0
  },
  "club-strike-1h-2-tp": {
    "Hold": false,
    "PlayerKeyFrames": [
      {
        "EasingTime": 150,
        "EasingFunction": "Sin",
        "DetachedAnchor": false,
        "SwitchArms": false,
        "PitchFollow": true,
        "PitchDontFollow": false,
        "FOVMultiplier": 1,
        "BobbingAmplitude": 1,
        "Elements": {"ItemAnchor": [0, 0, 0, 0, 17, 20], "LowerArmR": [0, 0, 0, 0, 23, -75], "UpperArmR": [0, 0, 0, 7, 0, -55.2]}
      },
      {
        "EasingTime": 400,
        "EasingFunction": "Quintic",
        "DetachedAnchor": false,
        "SwitchArms": false,
        "PitchFollow": true,
        "PitchDontFollow": false,
        "FOVMultiplier": 1,
        "BobbingAmplitude": 1,
        "Elements": {"ItemAnchor": [0, 0, 0, 0, 0, 67], "LowerArmR": [0, 0, 0, 0, 0, -3], "UpperArmR": [0, 0, 0, 11.6, -1.1, -75.1]}
      },
      {
        "EasingTime": 800,
        "EasingFunction": "Sin",
        "DetachedAnchor": false,
        "SwitchArms": false,
        "PitchFollow": true,
        "PitchDontFollow": false,
        "FOVMultiplier": 1,
        "BobbingAmplitude": 1,
        "Elements": {"ItemAnchor": [0, 0, 0, 0, 0, 92], "LowerArmR": [0, 0, 0, 15, 0, 3], "UpperArmR": [0, 0, 0, 9, 0, -37.2]}
      },
      {
        "EasingTime": 1200,
        "EasingFunction": "Sin",
        "DetachedAnchor": false,
        "SwitchArms": false,
        "PitchFollow": true,
        "PitchDontFollow": false,
        "FOVMultiplier": 1,
        "BobbingAmplitude": 1,
        "Elements": {"ItemAnchor": [0, 0, 0, -88, -25, 0], "LowerArmR": [0, 0, 0, 0, 0, -34], "UpperArmR": [0, 0, 0, 1, -8, -41]}
      }
    ],
    "ItemKeyFrames": [],
    "SoundFrames": [
      {
        "Code": ["game:sounds/player/strike1", "game:sounds/player/strike2"],
        "DurationFraction": 0.083333336,
        "RandomizePitch": true,
        "Range": 16,
        "Volume": 0.5,
        "Synchronize": true
      }
    ],
    "ParticlesFrames": [],
    "CallbackFrames": [{"Code": "start", "DurationFraction": 0.083333336}, {"Code": "stop", "DurationFraction": 0.41666666}, {"Code": "ready", "DurationFraction": 0.75}],
    "ItemAnimationStart": 0,
    "ItemAnimationEnd": 0
  },
  "club-ready-2h-tp": {
    "Hold": true,
    "PlayerKeyFrames": [
      {
        "EasingTime": 300,
        "EasingFunction": "Sin",
        "DetachedAnchor": false,
        "SwitchArms": false,
        "PitchFollow": false,
        "PitchDontFollow": false,
        "FOVMultiplier": 1,
        "BobbingAmplitude": 0.8,
        "Elements": {
          "ItemAnchor": [0, 0, 0, 0, 0, 14],
          "LowerArmR": [0, 0, 0, 0, 0, -53],
          "UpperArmR": [0, 0, 0, -26, 0, -59],
          "ItemAnchorL": [0, 0, 0, 0, 0, 0],
          "LowerArmL": [0, 0, 0, 0, 0, -19],
          "UpperArmL": [0, 0, 0, -21, -24, -78]
        }
      }
    ],
    "ItemKeyFrames": [],
    "SoundFrames": [],
    "ParticlesFrames": [],
    "CallbackFrames": [],
    "ItemAnimationStart": 0,
    "ItemAnimationEnd": 0
  },
  "club-idle-2h-tp": {
    "Hold": true,
    "PlayerKeyFrames": [
      {
        "EasingTime": 300,
        "EasingFunction": "Sin",
        "DetachedAnchor": false,
        "SwitchArms": false,
        "PitchFollow": false,
        "PitchDontFollow": false,
        "FOVMultiplier": 1,
        "BobbingAmplitude": 0.8,
        "Elements": {
          "ItemAnchor": [0, 0, 0, 0, 0, 24],
          "LowerArmR": [0, 0, 0, 0, 0, -27],
          "UpperArmR": [0, 0, 0, -22, -14, -45],
          "ItemAnchorL": [0, 0, 0, 0, 0, 0],
          "LowerArmL": [0, 0, 0, 0, 0, -19],
          "UpperArmL": [0, 0, 0, -18, -48, -52]
        }
      }
    ],
    "ItemKeyFrames": [],
    "SoundFrames": [],
    "ParticlesFrames": [],
    "CallbackFrames": [],
    "ItemAnimationStart": 0,
    "ItemAnimationEnd": 0
  },
  "club-strike-2h-1-tp": {
    "Hold": false,
    "PlayerKeyFrames": [
      {
        "EasingTime": 150,
        "EasingFunction": "Sin",
        "DetachedAnchor": false,
        "SwitchArms": false,
        "PitchFollow": true,
        "PitchDontFollow": false,
        "FOVMultiplier": 1,
        "BobbingAmplitude": 0.8,
        "Elements": {
          "ItemAnchor": [0, 0, 0, 0, 0, 6],
          "LowerArmR": [0, 0, 0, 0, 0, -56],
          "UpperArmR": [0, 0, 0, -22, 1.2, -69.2],
          "ItemAnchorL": [0, 0, 0, 0, 0, 0],
          "LowerArmL": [0, 0, 0, 0, 0, 0],
          "UpperArmL": [0, 0, 0, 0, -17, -93]
        }
      },
      {
        "EasingTime": 450,
        "EasingFunction": "Quintic",
        "DetachedAnchor": false,
        "SwitchArms": false,
        "PitchFollow": true,
        "PitchDontFollow": false,
        "FOVMultiplier": 1,
        "BobbingAmplitude": 0.8,
        "Elements": {
          "ItemAnchor": [0, 0, 0, 0, 0, 70],
          "LowerArmR": [0, 0, 0, 0, 0, 0],
          "UpperArmR": [0, 0, 0, -44, 2.2, -47.2],
          "ItemAnchorL": [0, 0, 0, 0, 0, 0],
          "LowerArmL": [0, 0, 0, 0, 0, -52],
          "UpperArmL": [0, 0, 0, 0, -8, -17]
        }
      },
      {
        "EasingTime": 900,
        "EasingFunction": "CosShifted",
        "DetachedAnchor": false,
        "SwitchArms": false,
        "PitchFollow": true,
        "PitchDontFollow": false,
        "FOVMultiplier": 1,
        "BobbingAmplitude": 0.8,
        "Elements": {
          "ItemAnchor": [0, 0, 0, 0, 0, 0],
          "LowerArmR": [0, 0, 0, 0, 0, -74],
          "UpperArmR": [0, 0, 0, -34, -1.8, -50.2],
          "ItemAnchorL": [0, 0, 0, 0, 0, 0],
          "LowerArmL": [0, 0, 0, 0, 0, 0],
          "UpperArmL": [0, 0, 0, -40, -23, -96]
        }
      }
    ],
    "ItemKeyFrames": [],
    "SoundFrames": [
      {"Code": ["game:sounds/player/strike1", "game:sounds/player/strike2"], "DurationFraction": 0, "RandomizePitch": true, "Range": 16, "Volume": 0.5, "Synchronize": true}
    ],
    "ParticlesFrames": [],
    "CallbackFrames": [{"Code": "start", "DurationFraction": 0.16666667}, {"Code": "stop", "DurationFraction": 0.5}, {"Code": "ready", "DurationFraction": 0.8333333}],
    "ItemAnimationStart": 0,
    "ItemAnimationEnd": 0
  },
  "club-strike-2h-2-tp": {
    "Hold": false,
    "PlayerKeyFrames": [
      {
        "EasingTime": 150,
        "EasingFunction": "Sin",
        "DetachedAnchor": false,
        "SwitchArms": false,
        "PitchFollow": true,
        "PitchDontFollow": false,
        "FOVMultiplier": 1,
        "BobbingAmplitude": 0.8,
        "Elements": {
          "ItemAnchor": [0, 0, 0, 0, 0, 6],
          "LowerArmR": [0, 0, 0, 0, 0, -56],
          "UpperArmR": [0, 0, 0, 22, 20.2, -83.2],
          "ItemAnchorL": [0, 0, 0, 0, 0, 0],
          "LowerArmL": [0, 0, 0, 0, 0, 0],
          "UpperArmL": [0, 0, 0, 0, -3, -87]
        }
      },
      {
        "EasingTime": 450,
        "EasingFunction": "Quintic",
        "DetachedAnchor": false,
        "SwitchArms": false,
        "PitchFollow": true,
        "PitchDontFollow": false,
        "FOVMultiplier": 1,
        "BobbingAmplitude": 0.8,
        "Elements": {
          "ItemAnchor": [0, 0, 0, 0, 0, 80],
          "LowerArmR": [0, 0, 0, 0, 0, 0],
          "UpperArmR": [0, 0, 0, 14, -6.8, -57.2],
          "ItemAnchorL": [0, 0, 0, 0, 0, 0],
          "LowerArmL": [0, 0, 0, 0, 0, -35],
          "UpperArmL": [0, 0, 0, 0, -67, -50]
        }
      },
      {
        "EasingTime": 900,
        "EasingFunction": "CosShifted",
        "DetachedAnchor": false,
        "SwitchArms": false,
        "PitchFollow": true,
        "PitchDontFollow": false,
        "FOVMultiplier": 1,
        "BobbingAmplitude": 0.8,
        "Elements": {
          "ItemAnchor": [0, 0, 0, 0, 0, 14],
          "LowerArmR": [0, 0, 0, 0, 0, -38],
          "UpperArmR": [0, 0, 0, -44, 0, -51],
          "ItemAnchorL": [0, 0, 0, 0, 0, 0],
          "LowerArmL": [0, 0, 0, 0, 0, -19],
          "UpperArmL": [0, 0, 0, -21, -20, -59]
        }
      }
    ],
    "ItemKeyFrames": [],
    "SoundFrames": [
      {"Code": ["game:sounds/player/strike1", "game:sounds/player/strike2"], "DurationFraction": 0, "RandomizePitch": true, "Range": 16, "Volume": 0.5, "Synchronize": true}
    ],
    "ParticlesFrames": [],
    "CallbackFrames": [{"Code": "start", "DurationFraction": 0.16666667}, {"Code": "stop", "DurationFraction": 0.5}, {"Code": "ready", "DurationFraction": 0.8333333}],
    "ItemAnimationStart": 0,
    "ItemAnimationEnd": 0
  }
}