{
    "code": "accumulator",
    "class": "BlockEAccumulator",
    "entityClass": "Accumulator",
    "entityBehaviors": [
        {
            "name": "BEBehaviorEAccumulator"
        },
        {
            "name": "Electricity"
        }
    ],
    "creativeInventory": {
        "general": [
            "*"
        ],
        "electricity": [
            "*"
        ]
    },
    "attributes": {
        "rechargeable": true,
        "maxcapacity": 64000,
		    "handbook": {
            "groupBy": ["accumulator-*"],
            "extraSections": [{
                 "title": "electricity:block-handbooktitle-accumulator",
                 "text": "electricity:block-handbooktext-accumulator"}]
		}
    },
	
    "shape": {
        "base": "block/accumulator"
    },
    "textures": {
        "brass": { "base": "electricityaddon:block/brass" },
        "copper": { "base": "electricityaddon:block/copper" },
        "iron": { "base": "electricityaddon:block/iron" },
        "steel": { "base": "electricityaddon:block/steel" },
        "zinc": { "base": "electricityaddon:block/zinc" }
    },
    "resistance": 1,
    "drawType": "JSON",
    "lightAbsorption": 0.0,
    "faceCullMode": "NeverCull",
    "renderPass": "OpaqueNoCull",
    "emitSideAo": {
        "all": false
    },
    "sideAo": {
        "all": false
    },
    "sideOpaque": {
        "all": false
    },
    "sideSolid": {
        "all": false
    },
    "sounds": {
        "place": "game:block/anvil",
        "walk": "game:walk/stone"
    },
    "heldTpIdleAnimation": "holdbothhandslarge",
    "heldRightReadyAnimation": "heldblockready",
    "heldTpUseAnimation": "twohandplaceblock",
    "tpHandTransform": {
        "translation": {
            "x": -1.23,
            "y": -0.91,
            "z": -0.8
        },
        "rotation": {
            "x": -2,
            "y": 25,
            "z": -78
        },
        "scale": 0.4
    }
}
