{
    "code": "heater",
    "class": "Heater",
    "entityClass": "Heater",
    "behaviors": [
        {
            "name": "HeatSource"
        }
    ],
    "entityBehaviors": [
        {
            "name": "Heater"
        },
        {
            "name": "Electricity"
        }
    ],
    "creativeInventory": {
        "general": [
            "*-disabled"
        ],
        "electricity": [
            "*-disabled"
        ]
    },
    "variantGroups": [
        {
            "code": "state",
            "states": [
                "disabled",
                "enabled"
            ]
        }
    ],
    "shapeByType": {
        "*-disabled": {
            "base": "block/heater-disabled"
        },
        "*-enabled": {
            "base": "block/heater-enabled"
        }
    },
    "textures": {
        "bismuthbronze": { "base": "electricityaddon:block/bismuthbronze" },
        "brass": { "base": "electricityaddon:block/brass" },
        "copper": { "base": "electricityaddon:block/copper" },
        "copper-hot": { "base": "electricityaddon:block/copper-hot" },
        "emeral": { "base": "electricityaddon:block/emeral" },
        "iron": { "base": "electricityaddon:block/iron" },
        "steel": { "base": "electricityaddon:block/steel" },
        "topaz": { "base": "electricityaddon:block/topaz" }
    },
    "resistance": 1,
    "drawType": "JSON",
    "lightAbsorption": 0.0,
    "faceCullMode": "NeverCull",
    "renderPass": "OpaqueNoCull",
    "emitSideAo": {
        "all": false
    },
    "sideAo": {
        "all": false
    },
    "sideOpaque": {
        "all": false
    },
    "sideSolid": {
        "all": false
    },
    "sounds": {
        "place": "game:block/anvil",
        "walk": "game:walk/stone"
    },
    "collisionBox": {
        "x1": 0.0,
        "y1": 0.0,
        "z1": 0.0,
        "x2": 1.0,
        "y2": 0.0625,
        "z2": 1.0
    },
    "selectionBox": {
        "x1": 0.0,
        "y1": 0.0,
        "z1": 0.0,
        "x2": 1.0,
        "y2": 0.0625,
        "z2": 1.0
    },
    "guiTransform": {
        "translation": {
            "x": 0,
            "y": 3,
            "z": 0
        },
        "rotation": {
            "x": -51,
            "y": -63,
            "z": 0
        },
        "origin": {
            "x": 0.5,
            "y": 0.0,
            "z": 0.5
        }
    },
    "groundTransform": {
        "translation": {
            "x": 0,
            "y": 0,
            "z": 0
        },
        "rotation": {
            "x": 0,
            "y": 0,
            "z": 0
        },
        "origin": {
            "x": 0.5,
            "y": 0.0,
            "z": 0.5
        },
        "scale": 2.0
    },
    "heldTpIdleAnimation": "holdbothhandslarge",
    "heldRightReadyAnimation": "heldblockready",
    "heldTpUseAnimation": "twohandplaceblock",
    "tpHandTransform": {
        "translation": {
            "x": -1.43,
            "y": -0.91,
            "z": -0.7
        },
        "rotation": {
            "x": -2,
            "y": 25,
            "z": -78
        },
        "scale": 0.4
    }
}
