{
  "code": "lamp",
  "class": "Lamp",
  "entityClass": "Lamp",
  "entityBehaviors": [
    {
      "name": "Lamp"
    },
    {
      "name": "Electricity"
    }
  ],

  "attributes": {
    "handbook": {
      "groupBy": [ "lamp-*" ],
      "extraSections": [
        {
          "title": "electricity:block-handbooktitle-lamp",
          "text": "electricity:block-handbooktext-lamp"
        }
      ]
    }
  },

  "creativeInventory": {
    "general": [
      "*-disabled"
    ],
    "electricity": [
      "*-disabled"
    ]
  },

  "variantGroups": [
    {
      "code": "state",
      "states": [ "disabled", "enabled" ]
    }
  ],

  "shapeByType": {
    "*-disabled": {
      "base": "block/lamp-disabled"
    },
    "*-enabled": {
      "base": "block/lamp-enabled"
    }
  },

  "textures": {
    "brass": { "base": "electricityaddon:block/brass" },
    "copper": { "base": "electricityaddon:block/copper" },
    "copper-hot": { "base": "electricityaddon:block/copper-hot" },
    "emeral": { "base": "electricityaddon:block/emeral" },
    "iron": { "base": "electricityaddon:block/iron" },
    "quartzglass": { "base": "electricityaddon:block/quartzglass" },
    "stainlesssteel": { "base": "electricityaddon:block/stainlesssteel" },
    "steel": { "base": "electricityaddon:block/steel" },
    "topaz": { "base": "electricityaddon:block/topaz" },
    "zinc": { "base": "electricityaddon:block/zinc" }
  },
  "resistance": 1,
  "drawType": "JSON",
  "lightAbsorption": 0.0,
  "faceCullMode": "NeverCull",
  "renderPass": "OpaqueNoCull",
  "emitSideAo": {
    "all": false
  },
  "sideAo": {
    "all": false
  },
  "sideOpaque": {
    "all": false
  },
  "sideSolid": {
    "all": false
  },
  "sounds": {
    "place": "game:block/anvil",
    "walk": "game:walk/stone"
  },
  "collisionBox": {
    "x1": 0.0,
    "y1": 0.0,
    "z1": 0.0,
    "x2": 1.0,
    "y2": 0.0625,
    "z2": 1.0
  },
  "selectionBox": {
    "x1": 0.0,
    "y1": 0.0,
    "z1": 0.0,
    "x2": 1.0,
    "y2": 0.0625,
    "z2": 1.0
  },
  "guiTransform": {
    "translation": {
      "x": 0,
      "y": 3,
      "z": 0
    },
    "rotation": {
      "x": -51,
      "y": -63,
      "z": 0
    },
    "origin": {
      "x": 0.5,
      "y": 0.0,
      "z": 0.5
    }
  },
  "groundTransform": {
    "translation": {
      "x": 0,
      "y": 0,
      "z": 0
    },
    "rotation": {
      "x": 0,
      "y": 0,
      "z": 0
    },
    "origin": {
      "x": 0.5,
      "y": 0.0,
      "z": 0.5
    },
    "scale": 2.0
  },
  "heldTpIdleAnimation": "holdbothhandslarge",
  "heldRightReadyAnimation": "heldblockready",
  "heldTpUseAnimation": "twohandplaceblock",
  "tpHandTransform": {
    "translation": {
      "x": -1.43,
      "y": -0.91,
      "z": -0.7
    },
    "rotation": {
      "x": -2,
      "y": 25,
      "z": -78
    },
    "scale": 0.4
  }
}
