{
    "code": "lamp_small",
    "class": "SmallLamp",
    "entityClass": "SmallLamp",
    "attributes": {
	"handbook": {
            "groupBy": ["lamp_small-*"],
            "extraSections": [{
                 "title": "electricity:block-handbooktitle-lamp_small",
                 "text": "electricity:block-handbooktext-lamp_small"}]
		}
    },
    "entityBehaviors": [
        {
            "name": "SmallLamp"
        },
        {
            "name": "Electricity"
        }
    ],
    "creativeInventory": {
        "general": [
            "*-disabled"
        ],
        "electricity": [
            "*-disabled"
        ]
    },
    "variantGroups": [
        {
            "code": "state",
            "states": [
                "disabled",
                "enabled"
            ]
        }
    ],
    "textures": {
        "bismuthbronze": { "base": "electricityaddon:block/bismuthbronze" },
        "brass": { "base": "electricityaddon:block/brass" },
        "copper": { "base": "electricityaddon:block/copper" },
        "iron": { "base": "electricityaddon:block/iron" },
        "quartzglass": { "base": "electricityaddon:block/quartzglass" },
        "stainlesssteel": { "base": "electricityaddon:block/stainlesssteel" },
        "steel": { "base": "electricityaddon:block/steel" }
    },
    "shapeByType": {
        "*-disabled": {
            "base": "block/lamp_small-disabled"
        },
        "*-enabled": {
            "base": "block/lamp_small-enabled"
        }
    },
    "resistance": 1,
    "drawType": "JSON",
    "lightAbsorption": 0.0,
    "faceCullMode": "NeverCull",
    "renderPass": "OpaqueNoCull",
    "emitSideAo": {
        "all": false
    },
    "sideAo": {
        "all": false
    },
    "sideOpaque": {
        "all": false
    },
    "sideSolid": {
        "all": false
    },
    "sounds": {
        "place": "game:block/anvil",
        "walk": "game:walk/stone"
    },
    "collisionBox": {
        "x1": 0.0,
        "y1": 0.0,
        "z1": 0.0,
        "x2": 1.0,
        "y2": 0.0625,
        "z2": 1.0
    },
    "selectionBox": {
        "x1": 0.0,
        "y1": 0.0,
        "z1": 0.0,
        "x2": 1.0,
        "y2": 0.0625,
        "z2": 1.0
    },
    "guiTransform": {
        "translation": {
            "x": 0,
            "y": 3,
            "z": 0
        },
        "rotation": {
            "x": -51,
            "y": -63,
            "z": 0
        },
        "origin": {
            "x": 0.5,
            "y": 0.0,
            "z": 0.5
        }
    },
    "fpHandTransform": {
        "translation": {
            "x": 0,
            "y": 0.75,
            "z": 0.5
        },
        "rotation": {
            "x": -39,
            "y": -35,
            "z": 27
        },
        "origin": {
            "x": 0.5,
            "y": 0,
            "z": 0.5
        }
    },
    "tpHandTransform": {
        "translation": {
            "x": -1.8,
            "y": -0.6,
            "z": -1.75
        },
        "rotation": {
            "x": -83,
            "y": -2,
            "z": -19
        },
        "origin": {
            "x": 0.5,
            "y": 0,
            "z": 0.5
        }
    },
    "groundTransform": {
        "translation": {
            "x": 0,
            "y": 0,
            "z": 0
        },
        "rotation": {
            "x": 0,
            "y": 0,
            "z": 0
        },
        "origin": {
            "x": 0.5,
            "y": 0.0,
            "z": 0.5
        },
        "scale": 2.0
    }
}
