{
  "code": "Motor",
  "class": "BlockEMotorTier1",
  "entityClass": "BlockEntityEMotor",
  "entityBehaviors": [
    {
      "name": "BEBehaviorEMotorTier1"
    },
    {
      "name": "Electricity"
    }
  ],
  "attributes": {
    "params": [ 10.0, 100.0, 0.5, 0.75, 0.5, 0.1 ],  //параметры двигателя, менять на свой страх и риск
    "handbook": {
      "groupBy": [ "motor-*" ],
      "extraSections": [
        {
          "title": "electricity:block-handbooktitle-motor",
          "text": "electricity:block-handbooktext-motor"
        }
      ]
    }
  },
  "creativeInventory": {
    "general": [
      "*-stator"
    ],
    "mechanics": [
      "*-stator"
    ],
    "electricity": [
      "*-stator"
    ]
  },
  "variantGroups": [
    {
      "code": "type",
      "states": [
        "rotor",
        "stator"
      ]
    }
  ],
  "shapeInventory": {
    "base": "electricityaddon:block/motortier1"
  },
  "shapeByType": {
    "*-rotor": {
      "base": "electricityaddon:block/motortier1-rotor"
    },
    "*-stator": {
      "base": "electricityaddon:block/motortier1-stator"
    }
  },
  "resistance": 1,
  "drawType": "JSON",
  "lightAbsorption": 0.0,
  "faceCullMode": "NeverCull",
  "renderPass": "OpaqueNoCull",
  "emitSideAo": {
    "all": false
  },
  "sideAo": {
    "all": false
  },
  "sideOpaque": {
    "all": false
  },
  "sideSolid": {
    "all": false
  },
  "sounds": {
    "place": "game:block/anvil",
    "walk": "game:walk/stone"
  },
  "heldTpIdleAnimation": "holdbothhandslarge",
  "heldRightReadyAnimation": "heldblockready",
  "heldTpUseAnimation": "twohandplaceblock",
  "tpHandTransform": {
    "translation": {
      "x": -1.23,
      "y": -0.91,
      "z": -0.8
    },
    "rotation": {
      "x": -2,
      "y": 25,
      "z": -78
    },
    "scale": 0.4
  }
}
