{
	"editor": {
		"allAngles": false,
		"entityTextureMode": false
	},
	"textureWidth": 16,
	"textureHeight": 16,
	"textureSizes": {
	},
	"textures": {
	},
	"elements": [
		{
			"name": "onion 2",
			"from": [ 7.75, 1.75, 7.75 ], 
			"to": [ 8.25, 2.25, 8.25 ], 
			"rotationOrigin": [ 8.8, 1.0, 9.0 ],
			"faces": {
				"north": { "texture": "#bulb", "uv": [ 5.5, 12.5, 6.0, 13.0 ] },
				"east": { "texture": "#bulb", "uv": [ 12.0, 12.5, 12.5, 13.0 ] },
				"south": { "texture": "#bulb", "uv": [ 7.0, 12.5, 7.5, 13.0 ] },
				"west": { "texture": "#bulb", "uv": [ 11.0, 13.0, 11.5, 13.5 ] },
				"up": { "texture": "#bulb", "uv": [ 11.5, 4.0, 12.0, 4.5 ] },
				"down": { "texture": "#bulb", "uv": [ 5.0, 8.0, 5.5, 8.5 ] }
			},
			"children": [
				{
					"name": "onion 2 top",
					"from": [ 0.12, 0.5, 0.12 ], 
					"to": [ 0.37, 0.75, 0.37 ], 
					"rotationOrigin": [ -1.0, -1.75, -1.0 ],
					"faces": {
						"north": { "texture": "#bulb", "uv": [ 7.0, 4.0, 7.5, 4.5 ] },
						"east": { "texture": "#bulb", "uv": [ 7.0, 4.5, 7.5, 5.0 ] },
						"south": { "texture": "#bulb", "uv": [ 11.0, 4.5, 11.5, 5.0 ] },
						"west": { "texture": "#bulb", "uv": [ 0.5, 4.0, 1.0, 4.5 ] },
						"up": { "texture": "#bulb", "uv": [ 11.5, 4.5, 12.0, 5.0 ] },
						"down": { "texture": "#bulb", "uv": [ 9.0, 7.0, 9.5, 7.5 ], "enabled": false }
					}
				},
				{
					"name": "onion bottom",
					"from": [ 0.12, -0.25, 0.12 ], 
					"to": [ 0.37, 0.0, 0.37 ], 
					"rotationOrigin": [ -1.0, 0.25, -1.0 ],
					"faces": {
						"north": { "texture": "#bulb", "uv": [ 12.5, 6.5, 13.0, 7.0 ] },
						"east": { "texture": "#bulb", "uv": [ 0.5, 6.0, 1.0, 6.5 ] },
						"south": { "texture": "#bulb", "uv": [ 9.5, 6.0, 10.0, 6.5 ] },
						"west": { "texture": "#bulb", "uv": [ 3.0, 6.5, 3.5, 7.0 ] },
						"up": { "texture": "#bulb", "uv": [ 3.0, 8.0, 3.5, 8.5 ], "enabled": false },
						"down": { "texture": "#bulb", "uv": [ 10.0, 5.5, 10.5, 6.0 ] }
					}
				},
				{
					"name": "s 2",
					"from": [ -5.8, -0.25, 0.25 ], 
					"to": [ 7.2, 12.75, 0.25 ], 
					"shade": false,
					"rotationOrigin": [ 0.2, -1.75, 0.5 ],
					"faces": {
						"north": { "texture": "#null", "uv": [ 0.0, 0.0, 13.0, 13.0 ], "enabled": false },
						"east": { "texture": "#null", "uv": [ 0.0, 0.0, 0.5, 13.0 ], "enabled": false },
						"south": { "texture": "#s5", "uv": [ 2.0, 3.0, 15.0, 16.0 ] },
						"west": { "texture": "#null", "uv": [ 0.0, 0.0, 0.5, 13.0 ], "enabled": false },
						"up": { "texture": "#null", "uv": [ 0.0, 0.0, 13.0, 0.5 ], "enabled": false },
						"down": { "texture": "#null", "uv": [ 0.0, 0.0, 13.0, 0.5 ], "enabled": false }
					}
				},
				{
					"name": "e 2",
					"from": [ 0.2, -0.25, -6.75 ], 
					"to": [ 0.2, 12.75, 6.25 ], 
					"shade": false,
					"rotationOrigin": [ 0.7, -1.75, 0.2 ],
					"faces": {
						"north": { "texture": "#null", "uv": [ 0.0, 0.0, 0.5, 13.0 ], "enabled": false },
						"east": { "texture": "#e5", "uv": [ 2.0, 3.0, 15.0, 16.0 ] },
						"south": { "texture": "#null", "uv": [ 0.0, 0.0, 0.5, 13.0 ], "enabled": false },
						"west": { "texture": "#null", "uv": [ 0.0, 0.0, 13.0, 13.0 ], "enabled": false },
						"up": { "texture": "#null", "uv": [ 0.0, 0.0, 0.5, 13.0 ], "enabled": false },
						"down": { "texture": "#null", "uv": [ 0.0, 0.0, 0.5, 13.0 ], "enabled": false }
					}
				}
			]
		}
	]}