{
	code: "furroll",
	class: "BlockBed",
	entityClassByType: {
		"*-head-*": "Bed",
	},
	attributes: {
		sleepEfficiencyByType: {
            "furroll-*" : 0.70833333
		},
		attachableToEntity: {
			categoryCode: "bedroll",
			attachedShape: { base: "item/furroll_hooved" }
		}
	},
	entityBehaviors: [{ name: "Animatable" }],
	sidesolid: {
		all: false
	},
	sideopaque: {
		all: false
	},
	heldTpIdleAnimation: "holdunderarm",
	variantgroups: [
		{ code: "part", states: ["head", "feet"] },
		{ code:"side", loadFromProperties: "abstract/horizontalorientation" }
	],
	creativeinventory: { "general": ["*-head-north"], "decorative": ["*-head-north"] },
	shapeinventory: { base: "block/furrollbed-inventory" },
	shapebytype: {
		"*-head-north": { base: "block/furrollbed-head", rotateY: 90 },
		"*-head-east": { base: "block/furrollbed-head", rotateY: 0 },
		"*-head-south": { base: "block/furrollbed-head", rotateY: 270 },
		"*-head-west": { base: "block/furrollbed-head", rotateY: 180 },
		"*-feet-north": { base: "block/furrollbed-feet", rotateY: 90 },
		"*-feet-east": { base: "block/furrollbed-feet", rotateY: 0 },
		"*-feet-south": { base: "block/furrollbed-feet", rotateY: 270 },
		"*-feet-west": { base: "block/furrollbed-feet", rotateY: 180 },
	},
	
	blockmaterial: "Wood",
	replaceable: 550,
	resistance: 2,
	lightAbsorption: 0,
	maxStackSize: 2,
	guitransform: {
		scale: 0.75,
	},
	combustibleProps: {
		burnTemperature: 600,
		burnDuration: 40,
	},
	fpHandTransform: {
		translation: { x: 0.31, y: -0.2, z: 0 },
		rotation: { x: -67, y: -33, z: 77 },
		origin: { x: 0.5, y: 0.2, z: 0.5 },
		scale: 1.35
	},
	groundTransform: {
		origin: { x: 0.5, y: 0, z: 0.5 },
		scale: 2
	},
	selectionbox: { x1: 0, y1: 0, z1: 0, x2: 1, y2: 0.5, z2: 1},
	collisionbox: { x1: 0, y1: 0, z1: 0, x2: 1, y2: 0.5, z2: 1},
	sounds: {
		"place": "game:block/leather",
		"hit": "game:block/leather",
		"break": "game:block/leather",
		"walk": "game:walk/leather"
	},
	materialDensity: 600
}