{
	"editor": {
		"allAngles": false,
		"entityTextureMode": false
	},
	"textureWidth": 16,
	"textureHeight": 16,
	"textureSizes": {
	},
	"textures": {
		"garnetalmandine": "item/resource/ungraded/garnetalmandine"
	},
	"elements": [
		{
			"name": "garnetcube",
			"from": [ 6.5, 0.5, 6.5 ],
			"to": [ 9.5, 3.5, 9.5 ],
			"rotationOrigin": [ 8.0, 2.0, 8.0 ],
			"faces": {
				"north": { "texture": "#garnetalmandine", "uv": [ 0.0, 0.0, 3.0, 3.0 ] },
				"east": { "texture": "#garnetalmandine", "uv": [ 7.5, 7.5, 10.5, 10.5 ] },
				"south": { "texture": "#garnetalmandine", "uv": [ 12.0, 0.5, 15.0, 3.5 ] },
				"west": { "texture": "#garnetalmandine", "uv": [ 1.5, 10.5, 4.5, 13.5 ] },
				"up": { "texture": "#garnetalmandine", "uv": [ 8.0, 5.0, 11.0, 8.0 ] },
				"down": { "texture": "#garnetalmandine", "uv": [ 11.0, 9.5, 14.0, 12.5 ] }
			},
			"children": [
				{
					"name": "garnetflat1",
					"from": [ 0.3, 3.0, 0.3 ],
					"to": [ 2.7, 3.3, 2.7 ],
					"rotationOrigin": [ 1.5, 3.0, 1.5 ],
					"faces": {
						"north": { "texture": "#garnetalmandine", "uv": [ 0.0, 0.0, 2.0, 0.5 ] },
						"east": { "texture": "#garnetalmandine", "uv": [ 0.0, 0.0, 2.0, 0.5 ] },
						"south": { "texture": "#garnetalmandine", "uv": [ 0.0, 0.0, 2.0, 0.5 ] },
						"west": { "texture": "#garnetalmandine", "uv": [ 0.0, 0.0, 2.0, 0.5 ] },
						"up": { "texture": "#garnetalmandine", "uv": [ 0.0, 0.0, 2.0, 2.0 ] }
					}
				},
				{
					"name": "garnetflat2",
					"from": [ 0.3, -0.3, 0.3 ],
					"to": [ 2.7, 0.0, 2.7 ],
					"rotationOrigin": [ 1.5, -0.3, 1.5 ],
					"faces": {
						"north": { "texture": "#garnetalmandine", "uv": [ 0.0, 0.0, 2.0, 0.5 ] },
						"east": { "texture": "#garnetalmandine", "uv": [ 0.0, 0.0, 2.0, 0.5 ] },
						"south": { "texture": "#garnetalmandine", "uv": [ 0.0, 0.0, 2.0, 0.5 ] },
						"west": { "texture": "#garnetalmandine", "uv": [ 0.0, 0.0, 2.0, 0.5 ] },
						"down": { "texture": "#garnetalmandine", "uv": [ 0.0, 0.0, 2.0, 2.0 ] }
					}
				},
				{
					"name": "garnetflat3",
					"from": [ -1.2, 1.5, 0.3 ],
					"to": [ 1.2, 1.8, 2.7 ],
					"rotationOrigin": [ 0.0, 1.5, 1.5 ],
					"rotationZ": 90.0,
					"faces": {
						"north": { "texture": "#garnetalmandine", "uv": [ 0.0, 0.0, 2.0, 0.5 ] },
						"east": { "texture": "#garnetalmandine", "uv": [ 0.0, 0.0, 2.0, 0.5 ] },
						"south": { "texture": "#garnetalmandine", "uv": [ 0.0, 0.0, 2.0, 0.5 ] },
						"west": { "texture": "#garnetalmandine", "uv": [ 0.0, 0.0, 2.0, 0.5 ] },
						"up": { "texture": "#garnetalmandine", "uv": [ 0.0, 0.0, 2.0, 2.0 ] }
					}
				},
				{
					"name": "garnetflat4",
					"from": [ 2.1, 1.5, 0.3 ],
					"to": [ 4.5, 1.8, 2.7 ],
					"rotationOrigin": [ 3.3, 1.5, 1.5 ],
					"rotationZ": 90.0,
					"faces": {
						"north": { "texture": "#garnetalmandine", "uv": [ 0.0, 0.0, 2.0, 0.5 ] },
						"east": { "texture": "#garnetalmandine", "uv": [ 0.0, 0.0, 2.0, 0.5 ] },
						"south": { "texture": "#garnetalmandine", "uv": [ 0.0, 0.0, 2.0, 0.5 ] },
						"west": { "texture": "#garnetalmandine", "uv": [ 0.0, 0.0, 2.0, 0.5 ] },
						"down": { "texture": "#garnetalmandine", "uv": [ 0.0, 0.0, 2.0, 2.0 ] }
					}
				},
				{
					"name": "garnetflat5",
					"from": [ 0.3, 1.5, -1.2 ],
					"to": [ 2.7, 1.8, 1.2 ],
					"rotationOrigin": [ 1.5, 1.5, 0.0 ],
					"rotationY": -90.0,
					"rotationZ": 90.0,
					"faces": {
						"north": { "texture": "#garnetalmandine", "uv": [ 0.0, 0.0, 2.0, 0.5 ] },
						"east": { "texture": "#garnetalmandine", "uv": [ 0.0, 0.0, 2.0, 0.5 ] },
						"south": { "texture": "#garnetalmandine", "uv": [ 0.0, 0.0, 2.0, 0.5 ] },
						"west": { "texture": "#garnetalmandine", "uv": [ 0.0, 0.0, 2.0, 0.5 ] },
						"up": { "texture": "#garnetalmandine", "uv": [ 0.0, 0.0, 2.0, 2.0 ] }
					}
				},
				{
					"name": "garnetflat6",
					"from": [ 0.3, 1.5, 1.8 ],
					"to": [ 2.7, 1.8, 4.2 ],
					"rotationOrigin": [ 1.5, 1.5, 3.0 ],
					"rotationY": 90.0,
					"rotationZ": 90.0,
					"faces": {
						"north": { "texture": "#garnetalmandine", "uv": [ 0.0, 0.0, 2.0, 0.5 ] },
						"east": { "texture": "#garnetalmandine", "uv": [ 0.0, 0.0, 2.0, 0.5 ] },
						"south": { "texture": "#garnetalmandine", "uv": [ 0.0, 0.0, 2.0, 0.5 ] },
						"west": { "texture": "#garnetalmandine", "uv": [ 0.0, 0.0, 2.0, 0.5 ] },
						"up": { "texture": "#garnetalmandine", "uv": [ 0.0, 0.0, 2.0, 2.0 ] }
					}
				}
			]
		}
	]}