[
  {
    "op": "add",
    "path": "/structures/-",
    "value": {
                  "code": "dampus-cave",
                  "name": "dampus-cave",
                  "group": "surfaceunderground",
                  "minGroupDistance": 7500,
                  "replacewithblocklayers": ["soil-low-none", "soil-medium-none", "soil-medium-normal", "soil-low-normal", "forestfloor-1", "soil-verylow-normal", "soil-verylow-none", "soil-verylow-sparse", "soil-verylow-verysparse", "dirtygravel-dry-stoney"],
                  "chance": 0.001,
                  "schematics": [
                    "overground/main/surfaceunderground/surfaceunderground-o21-dampuscave1"
                  ],
                  "rockTypeRemapGroup": "standard",
                  "minY": 1,
                  "offsety": -21,
                  "MaxBelowSealevel": 0
    },
    "file": "game:worldgen/structures.json",
    "side": "Server"
  },
  {
    "op": "add",
    "path": "/structures/-",
    "value": {
                  "code": "tiggetaggcave1",
                  "name": "tiggetaggcave1",
                  "group": "surfaceunderground",
                  "minGroupDistance": 7500,
                  "replacewithblocklayers": ["soil-low-none", "soil-medium-none", "soil-medium-normal", "soil-low-normal", "forestfloor-1", "soil-verylow-normal", "soil-verylow-none", "soil-verylow-sparse", "soil-verylow-verysparse", "dirtygravel-dry-stoney"],
                  "chance": 0.001,
                  "schematics": [
                    "overground/main/surfaceunderground/surfaceunderground-o12-tiggetagg-cave1"
                  ],
                  "rockTypeRemapGroup": "standard",
                  "minY": 1,
                  "offsety": -12,
                  "MaxBelowSealevel": 0
    },
    "file": "game:worldgen/structures.json",
    "side": "Server"
  },
  {
    "op": "add",
    "path": "/structures/-",
    "value": {
                  "code": "dampus-cave",
                  "name": "dampus-cave",
                  "group": "surfaceunderground",
                  "minGroupDistance": 7500,
                  "replacewithblocklayers": ["soil-low-none", "soil-medium-none", "soil-medium-normal", "soil-low-normal", "forestfloor-1", "soil-verylow-normal", "soil-verylow-none", "soil-verylow-sparse", "soil-verylow-verysparse", "dirtygravel-dry-stoney"],
                  "chance": 0.001,
                  "schematics": [
                    "overground/main/surfaceunderground/surfaceunderground-o11-tiggetagg-tree"
                  ],
                  "rockTypeRemapGroup": "standard",
                  "minY": 1,
                  "offsety": -11,
                  "MaxBelowSealevel": 0
    },
    "file": "game:worldgen/structures.json",
    "side": "Server"
  },
  {
    "op": "add",
    "path": "/structures/-",
    "value": {
                  "code": "virrno-cave",
                  "name": "virrno-cave",
                  "group": "surfaceunderground",
                  "minGroupDistance": 7500,
                  "replacewithblocklayers": ["soil-low-none", "soil-medium-none", "soil-medium-normal", "soil-low-normal", "forestfloor-1", "soil-verylow-normal", "soil-verylow-none", "soil-verylow-sparse", "soil-verylow-verysparse", "dirtygravel-dry-stoney"],
                  "chance": 0.01,
                  "schematics": [
                    "overground/main/surfaceunderground/virrnosdungeonwithtopentranceo34"
                  ],
                  "rockTypeRemapGroup": "standard",
                  "minY": 1,
                  "offsety": -34,
                  "MaxBelowSealevel": 0
    },
    "file": "game:worldgen/structures.json",
    "side": "Server"
  }
]