[
	{
	"code": "chromiterefractorybricks",
	"ingredientPattern": "FF,QB,PI",
	"ingredients": {
		"F": { "type": "item", "code": "game:clay-fire" },
		"Q": { "type": "item", "code": "game:crushed-quartz" },
		"B": { "type": "item", "code": "game:crushed-bauxite" },
		"P": { "type": "item", "code": "game:crushed-olivine" },
		"I": { "type": "item", "code": "game:crushed-chromite" }
	},
	"width": 2,
	"height": 3,
	"shapeless": true,
	"output": { "type": "item", "code": "game:refractorybrick-raw-tier3", "quantity": 1  }
	},

	{
	"code": "magnesiumrefractorybricks",
	"ingredientPattern": "FF,QB,P_",
	"ingredients": {
		"F": { "type": "item", "code": "game:clay-fire" },
		"Q": { "type": "item", "code": "game:crushed-quartz" },
		"B": { "type": "item", "code": "game:crushed-bauxite" },
		"P": { "type": "item", "code": "em:powdered-ore-magnesiumoxide", "quantity": 4 }
		},
	"recipeGroup": 2,
	"width": 2,
	"height": 3,
	"shapeless": true,
	"output": { "type": "item", "code": "game:refractorybrick-raw-tier2", "quantity": 1  }
	}
]
