{
  "code": "vegetablebasket",
  "class": "FoodShelves.BlockVegetableBasket",
  "entityclass": "FoodShelves.BlockEntityVegetableBasket",
  "creativeinventory": { "general": ["*"], "decorative": ["*"], "foodshelves": ["*"] },
  "variantgroups": [
    { "code": "type", "states": ["normal"] }
  ],
  "attributes": {
    "handbook": {
      "groupBy": [ "vegetablebasket-*" ],
      "extraSections": [
        {
          "title": "foodshelves:blockdesc-canhold-title",
          "text": "foodshelves:blockdesc-vegetablebasket-text"
        }
      ]
    },
    "inventoryClassName": "vegetablebasket",
    "attributeTransformCode": "onVegetableBasketTransform"
  },
  "behaviors": [
    { "name": "UnstableFalling" },
    { "name": "RightClickPickup" }
  ],
  "shape": {
    "base": "block/wood/baskets/vegetablebasket",
    "scale": 0.8
  },
  "textures": {
    "sides": { "base": "game:block/wood/table/normal/sides" },
    "top": { "base": "foodshelves:block/wood/vegetablebasket/top" }
  },
  "heldRightReadyAnimation": "helditemreadybucket", 
  "blockmaterial": "Wood",
  "lightAbsorption": 0,
  "maxStackSize": 4,
  "faceCullMode": "NeverCull",
  "emitSideAo": { "all": false },
  "sidesolid": { "all": false },
  "sideopaque": { "all": false },
  "replaceable": 999,
  "resistance": 1.5,
  "guiTransform": {
    "origin": { "x": 0.5, "y": 0.3, "z": 0.5 },
    "scale": 1.5
  },
	"tpHandTransform": {
		"translation": { "x": -0.65, "y": -0.55, "z": -0.625 },
		"rotation": { "x": 0, "y": 0, "z": 0 },
		"scale": 0.8
	},
  "sounds": {
    "place": "game:block/planks",
    "hit": "game:block/planks",
    "break": "game:block/planks"
  },
  "materialDensity": 400,
  "collisionSelectionBoxes": [
    { "x1": 0.15, "y1": 0, "z1": 0.15, "x2": 0.85, "y2": 0.35, "z2": 0.85 }
  ]
}
