{
  "code": "firkin",
  "class": "BlockLiquidContainerTopOpened",
  "enabled": false,
  "creativeinventory": { "general": ["*"], "decorative": ["*"], "foodshelves": ["*"] },
  "variantgroups": [
    { "code": "type", "states": ["normal"] }
  ],
  "attributes": {
    "handbook": {
      "groupBy": [ "firkin-*" ],
      "extraSections": [
        {
          "title": "foodshelves:blockdesc-canbeplacedin-title",
          "text": "foodshelves:blockdesc-firkin-text"
        }
      ]
    },
    "liquidContainerProps": {
      "capacityLitres": 10,
      "transferSizeLitres": 1,
      "emptyShapeLoc": "shapes/block/wood/barrel/firkin",
      "opaqueContentShapeLoc": "game:shapes/block/basic/nothing",
      "liquidContentShapeLoc": "game:shapes/block/basic/nothing",
      "liquidMaxYTranslate": 0.05
    }
  },
  "behaviors": [
    { "name": "GroundStorable", "properties": { "layout": "Quadrants", "collisionBox": { "x1": 0, "y1": 0, "z1": 0, "x2": 1, "y2": 0.125, "z2": 1 } } },
    { "name": "Unplaceable", "__comment": "The ground storable obsoletes this being a block. Should be an item, but is kept a block for backwards compatibility" },
    { "name": "RightClickPickup" }
  ],
  "shape": {
    "base": "block/wood/barrel/firkin"
  },
  "textures": {
    "blackbronze4": { "base": "game:block/metal/sheet/blackbronze4" },
    "aged": { "base": "game:block/wood/debarked/aged" }
  },
  "heldTpIdleAnimation": "holdbothhandslarge",
  "heldRightReadyAnimation": "heldblockready", 
  "heldTpUseAnimation": "twohandplaceblock",
  "blockmaterial": "Wood",
  "lightAbsorption": 2,
  "maxStackSize": 4,
  "faceCullMode": "NeverCull",
  "emitSideAo": { "all": false },
  "sidesolid": { "up": true },	
  "sideopaque": { "all": false },
  "replaceable": 999,
  "resistance": 1.5,
  "guiTransform": {
    "origin": { "x": 0.5, "y": 0.5, "z": 0.45 },
    "scale": 1.3
  },
  "tpHandTransform": {
    "translation": { "x": -0.5, "y": -0.5, "z": -0.4 },
	  "rotation": { "x": 0, "y": 0, "z": -90 },
	  "scale": 0.8
  },
  "sounds": {
    "place": "game:block/planks",
    "hit": "game:block/planks",
    "break": "game:block/planks"
  },
  "materialDensity": 400,
  "collisionSelectionBoxes": [ 
    { "x1": 0.3125, "y1": 0, "z1": 0.3125, "x2": 0.6875, "y2": 1, "z2": 0.6875 }
  ]
}
