﻿[
  {
    "ingredient": {"type": "item", "code": "game:ingot-tinbronze"},
    "pattern": [["______###_", "___####_#_", "_###__###_"]],
    "name": "Cocking lever",
    "output": {"type": "item", "code": "maltiezfirearms:cockinglever-tinbronze"}
  },
  {
    "ingredient": {"type": "item", "code": "game:ingot-bismuthbronze"},
    "pattern": [["______###_", "___####_#_", "_###__###_"]],
    "name": "Cocking lever",
    "output": {"type": "item", "code": "maltiezfirearms:cockinglever-bismuthbronze"}
  },
  {
    "ingredient": {"type": "item", "code": "game:ingot-blackbronze"},
    "pattern": [["______###_", "___####_#_", "_###__###_"]],
    "name": "Cocking lever",
    "output": {"type": "item", "code": "maltiezfirearms:cockinglever-blackbronze"}
  }
]