{
  "ingredient": {"type": "item", "code": "game:ingot-*", "name": "metal", "allowedVariants": ["brass", "copper", "tinbronze", "bismuthbronze", "blackbronze", "iron", "meteoriciron", "steel"]},
  "pattern": [
    [
      "#####_____",
      "#####_####",
      "#####_####",
      "______####"
    ],
    [
      "__________",
      "__________",
      "_______#_#",
      "__________"
    ],
    [
      "__________",
      "__________",
      "_______#_#",
      "__________"
    ],
    [
      "__________",
      "__________",
      "_______##_" ,
      "__________"
    ],
    [
      "__________",
      "__________",
      "______##__",
      "__________"
    ]
  ],
  "name": "Flask furniture",
  "output": {"type": "item", "code": "maltiezfirearms:flaskfurniture-{metal}"}
}