{
  "version": 7,
  "patches": {
    "number": {
      "betterruins:patches/modconfig/overallspawnchance.json": {
        "0/value": "STRUCTURES_SPAWN_CHANCE * value",
        "1/value": "VILLAGES_SPAWN_CHANCE * value"
      },
      "betterruins:patches/modconfig/mega.json": {
        "0/value/chance": "WALLSEGMENT_SPAWN_CHANCE * value",
        "1/value/chance": "ROCKFORMATION_SPAWN_CHANCE * value",
        "2/value/chance": "NORDICHOUSE_SPAWN_CHANCE * value",
        "3/value/chance": "VISINGBORG_SPAWN_CHANCE * value",
        "4/value/chance": "CATNOIRSCASTLERUIN_SPAWN_CHANCE * value",
        "5/value/chance": "DESTROYEDLARGECHURCH_SPAWN_CHANCE * value",
        "6/value/chance": "WOLFSTONECASTLE_SPAWN_CHANCE * value",
        "7/value/chance": "OASIS_SPAWN_CHANCE * value",
        "8/value/chance": "FORLORNHOPETOWER_SPAWN_CHANCE * value",
        "9/value/chance": "FORLORNHOPETOWER_SPAWN_CHANCE * value",
        "10/value/chance": "GIANTCATHEDRAL_SPAWN_CHANCE * value",
        "11/value/chance": "SHOPPINGCENTRE_SPAWN_CHANCE * value",
        "12/value/chance": "UNDERGROUNDLIBRARY_SPAWN_CHANCE * value",
        "13/value/chance": "WOLFSTONECASTLE_SPAWN_CHANCE * value",
        "14/value/chance": "WOLFSTONECASTLE_SPAWN_CHANCE * value",
        "15/value/chance": "WOLFSTONECASTLE_SPAWN_CHANCE * value",
        "17/value/chance": "MANSION_SPAWN_CHANCE * value",
        "18/value/chance": "AULDBURG_SPAWN_CHANCE * value",
        "19/value/chance": "NORMANCASTLE_SPAWN_CHANCE * value",
        "20/value/chance": "AQUEDUCT_SPAWN_CHANCE * value",
        "21/value/chance": "JUMBLEROCKCASTLE_SPAWN_CHANCE * value"
        
      },
      "betterruins:patches/modconfig/surface.json": {
        "0/value/chance": "MEDIUMRUINS_SPAWN_CHANCE * value",
        "1/value/chance": "TRANSLOCATORRUINS_SPAWN_CHANCE * value",
        "2/value/chance": "TRANSLOCATORRUINS_SPAWN_CHANCE * value",
        "3/value/chance": "TRANSLOCATORRUINS_SPAWN_CHANCE * value",
        "4/value/chance": "DESERTRUINS_SPAWN_CHANCE * value",
        "5/value/chance": "DESERTRUINS_SPAWN_CHANCE * value"
      },
      "betterruins:patches/modconfig/largeruins.json": {
        "0/value/chance": "LARGERUINS_SPAWN_CHANCE * value",
        "1/value/chance": "LARGERUINS_SPAWN_CHANCE * value",
        "2/value/chance": "LARGERUINS_SPAWN_CHANCE * value",
        "3/value/chance": "LARGERUINS_SPAWN_CHANCE * value",
        "4/value/chance": "LARGERUINS_SPAWN_CHANCE * value",
        "5/value/chance": "LARGERUINS_SPAWN_CHANCE * value",
        "6/value/chance": "LARGERUINS_SPAWN_CHANCE * value",
        "7/value/chance": "LARGERUINS_SPAWN_CHANCE * value",
        "8/value/chance": "LARGERUINS_SPAWN_CHANCE * value",
        "9/value/chance": "LARGERUINS_SPAWN_CHANCE * value",
        "10/value/chance": "LARGERUINS_SPAWN_CHANCE * value",
        "11/value/chance": "LARGERUINS_SPAWN_CHANCE * value",
        "12/value/chance": "LARGERUINS_SPAWN_CHANCE * value",
        "13/value/chance": "LARGERUINS_SPAWN_CHANCE * value",
        "14/value/chance": "LARGERUINS_SPAWN_CHANCE * value",
        "15/value/chance": "LARGERUINS_SPAWN_CHANCE * value",
        "16/value/chance": "LARGERUINS_SPAWN_CHANCE * value",
        "17/value/chance": "LARGERUINS_SPAWN_CHANCE * value",
        "18/value/chance": "LARGERUINS_SPAWN_CHANCE * value",
        "19/value/chance": "LARGERUINS_SPAWN_CHANCE * value",
        "20/value/chance": "LARGERUINS_SPAWN_CHANCE * value",
        "21/value/chance": "LARGERUINS_SPAWN_CHANCE * value",
        "22/value/chance": "LARGERUINS_SPAWN_CHANCE * value",
        "23/value/chance": "LARGERUINS_SPAWN_CHANCE * value",
        "24/value/chance": "LARGERUINS_SPAWN_CHANCE * value",
        "25/value/chance": "LARGERUINS_SPAWN_CHANCE * value",
        "26/value/chance": "LARGERUINS_SPAWN_CHANCE * value",
        "27/value/chance": "LARGERUINS_SPAWN_CHANCE * value",
        "28/value/chance": "LARGERUINS_SPAWN_CHANCE * value",
        "29/value/chance": "LARGERUINS_SPAWN_CHANCE * value",
        "30/value/chance": "LARGERUINS_SPAWN_CHANCE * value",
        "31/value/chance": "LARGERUINS_SPAWN_CHANCE * value",
        "32/value/chance": "LARGERUINS_SPAWN_CHANCE * value",
        "33/value/chance": "LARGERUINS_SPAWN_CHANCE * value",
        "34/value/chance": "LARGERUINS_SPAWN_CHANCE * value",
        "35/value/chance": "LARGERUINS_SPAWN_CHANCE * value",
        "36/value/chance": "LARGERUINS_SPAWN_CHANCE * value"
      },
      "betterruins:patches/others/structurespatches/special.json": {
        "0/value/chance": "WAYSTONES_SPAWN_CHANCE * value",
        "1/value/chance": "WAYSTONES_SPAWN_CHANCE * value",
        "2/value/chance": "WAYSTONES_SPAWN_CHANCE * value",
        "3/value/chance": "WAYSTONES_SPAWN_CHANCE * value",
        "4/value/chance": "WAYSTONES_SPAWN_CHANCE * value",
        "5/value/chance": "WAYSTONES_SPAWN_CHANCE * value",
        "6/value/chance": "WAYSTONES_SPAWN_CHANCE * value",
        "7/value/chance": "WAYSTONES_SPAWN_CHANCE * value",
        "8/value/chance": "WAYSTONES_SPAWN_CHANCE * value"
      },
      "betterruins:patches/modconfig/surfaceunderground.json": {
        "0/value/chance": "SURFACEUNDERGROUND_SPAWN_CHANCE * value",
        "1/value/chance": "SURFACEUNDERGROUND_SPAWN_CHANCE * value",
        "2/value/chance": "SURFACEUNDERGROUND_SPAWN_CHANCE * value",
        "3/value/chance": "SURFACEUNDERGROUND_SPAWN_CHANCE * value"
      },
      "betterruins:patches/modconfig/village.json": {
        "0/value/chance": "VSVILLAGE_SPAWN_CHANCE * value",
        "1/value/chance": "FORESTVILLAGE_SPAWN_CHANCE * value",
        "2/value/chance": "DESERTVILLAGE_SPAWN_CHANCE * value",
        "3/value/chance": "PRISONVILLAGE_SPAWN_CHANCE * value",
        "4/value/chance": "COLOREDVILLAGE_SPAWN_CHANCE * value",
        "5/value/chance": "COLOREDVILLAGE_SPAWN_CHANCE * value",
        "6/value/chance": "COLOREDVILLAGE_SPAWN_CHANCE * value",
        "7/value/chance": "COLOREDVILLAGE_SPAWN_CHANCE * value",
        "8/value/chance": "COLOREDVILLAGE_SPAWN_CHANCE * value",
        "9/value/chance": "OGDREDVILLAGE_SPAWN_CHANCE * value",
        "10/value/chance": "FEMURSNAPPERVILLAGE_SPAWN_CHANCE * value"
      },
      "betterruins:patches/modconfig/underground.json": {
        "0/value/chance": "UNDERGROUND_SPAWN_CHANCE * value",
        "1/value/chance": "UNDERGROUND_SPAWN_CHANCE * value",
        "2/value/chance": "UNDERGROUND_SPAWN_CHANCE * value",
        "3/value/chance": "UNDERGROUND_SPAWN_CHANCE * value",
        "4/value/chance": "UNDERGROUND_SPAWN_CHANCE * value",
        "5/value/chance": "UNDERGROUND_SPAWN_CHANCE * value",
        "6/value/chance": "UNDERGROUND_SPAWN_CHANCE * value",
        "7/value/chance": "UNDERGROUND_SPAWN_CHANCE * value",
        "8/value/chance": "UNDERGROUND_SPAWN_CHANCE * value",
        "9/value/chance": "UNDERGROUND_SPAWN_CHANCE * value",
        "10/value/chance": "UNDERGROUND_SPAWN_CHANCE * value",
        "11/value/chance": "UNDERGROUND_SPAWN_CHANCE * value",
        "12/value/chance": "UNDERGROUND_SPAWN_CHANCE * value",
        "13/value/chance": "UNDERGROUND_SPAWN_CHANCE * value"
      },
      "betterruins:patches/others/structurespatches/graves.json": {
        "0/value/chance": "GRAVES_SPAWN_CHANCE * value",
        "1/value/chance": "GRAVES_SPAWN_CHANCE * value",
        "2/value/chance": "GRAVES_SPAWN_CHANCE * value",
        "3/value/chance": "GRAVES_SPAWN_CHANCE * value",
        "4/value/chance": "GRAVES_SPAWN_CHANCE * value",
        "5/value/chance": "GRAVES_SPAWN_CHANCE * value",
        "6/value/chance": "GRAVES_SPAWN_CHANCE * value"
      },
      "betterruins:patches/others/structurespatches/monolith.json": {
        "0/value/chance": "MONOLITH_SPAWN_CHANCE * value"
      },
      "betterruins:patches/others/randomizers/stackrandomizers-gear.json": {
        "0/value/chance": "LOOT * value",
        "1/value/chance": "LOOT * value",
        "2/value/chance": "LOOT * value",
        "3/value/chance": "LOOT * value",
        "4/value/chance": "LOOT * value",
        "5/value/chance": "LOOT * value",
        "6/value/chance": "LOOT * value",
        "7/value/chance": "SCHEMATIC_DOOR",
        "8/value/chance": "SCHEMATIC_BED",
        "9/value/chance": "SCHEMATIC_CHEST",
        "10/value/chance": "SCHEMATIC_CRATE",
        "11/value/chance": "SCHEMATIC_GASLAMP",
        "12/value/chance": "SCHEMATIC_JONASLAMP",
        "13/value/chance": "SCHEMATIC_BANNER",
        "14/value/chance": "SCHEMATIC_TABLE",
        "15/value/chance": "SCHEMATIC_STONE",
        "16/value/chance": "SCHEMATIC_WOOD",
        "17/value/chance": "SCHEMATIC_ANCIENT",
        "18/value/chance": "SCHEMATIC_CANDLE",
        "19/value/chance": "SCHEMATIC_ROAD",
        "20/value/chance": "SCHEMATIC_MECHANICAL",
        "21/value/chance": "SCHEMATIC_JONASPART",
        "22/value/chance": "SCHEMATIC_JONASASSEMBLY",
        "23/value/chance": "SCHEMATIC_ROOFING",
        "24/value/chance": "SCHEMATIC_PALISADE",
        "28/value/chance": "SCHEMATIC_FARMER",
        "29/value/chance": "SCHEMATIC_SHIPWRIGHT"
      },
      "betterruins:patches/others/randomizers/stackrandomizers-ingots.json": {
        "0/value/chance": "LOOT * value",
        "1/value/chance": "LOOT * value",
        "2/value/chance": "LOOT * value",
        "3/value/chance": "LOOT * value",
        "4/value/chance": "LOOT * value",
        "5/value/chance": "LOOT * value",
        "6/value/chance": "LOOT * value",
        "7/value/chance": "LOOT * value"
      },
      "betterruins:patches/others/randomizers/stackrandomizers-lantern.json": {
        "0/value/chance": "LOOT * value",
        "1/value/chance": "LOOT * value",
        "2/value/chance": "LOOT * value",
        "3/value/chance": "LOOT * value",
        "4/value/chance": "LOOT * value",
        "5/value/chance": "LOOT * value",
        "6/value/chance": "LOOT * value",
        "7/value/chance": "LOOT * value",
        "8/value/chance": "LOOT * value",
        "9/value/chance": "LOOT * value",
        "10/value/chance": "LOOT * value",
        "11/value/chance": "LOOT * value",
        "12/value/chance": "LOOT * value"
      },
      "betterruins:patches/others/randomizers/stackrandomizers-paintings.json": {
        "0/value/chance": "LOOT * value",
        "1/value/chance": "LOOT * value",
        "2/value/chance": "LOOT * value",
        "3/value/chance": "LOOT * value",
        "4/value/chance": "LOOT * value",
        "5/value/chance": "LOOT * value",
        "6/value/chance": "LOOT * value",
        "7/value/chance": "LOOT * value",
        "8/value/chance": "LOOT * value",
        "9/value/chance": "LOOT * value",
        "10/value/chance": "LOOT * value",
        "11/value/chance": "LOOT * value",
        "12/value/chance": "LOOT * value",
        "13/value/chance": "LOOT * value",
        "14/value/chance": "LOOT * value",
        "15/value/chance": "LOOT * value",
        "16/value/chance": "LOOT * value",
        "17/value/chance": "LOOT * value"
      },
      "betterruins:patches/others/randomizers/stackrandomizers-resource.json": {
        "0/value/chance": "LOOT * value",
        "1/value/chance": "LOOT * value",
        "2/value/chance": "LOOT * value",
        "3/value/chance": "LOOT * value",
        "4/value/chance": "LOOT * value",
        "5/value/chance": "LOOT * value",
        "6/value/chance": "LOOT * value",
        "7/value/chance": "LOOT * value",
        "8/value/chance": "LOOT * value",
        "9/value/chance": "LOOT * value",
        "10/value/chance": "LOOT * value",
        "11/value/chance": "LOOT * value",
        "12/value/chance": "LOOT * value",
        "13/value/chance": "LOOT * value",
        "14/value/chance": "LOOT * value",
        "15/value/chance": "LOOT * value",
        "16/value/chance": "LOOT * value",
        "17/value/chance": "LOOT * value",
        "18/value/chance": "LOOT * value",
        "19/value/chance": "LOOT * value",
        "20/value/chance": "LOOT * value"
      },
      "betterruins:patches/others/randomizers/stackrandomizers-seeds.json": {
        "0/value/chance": "LOOT * value",
        "1/value/chance": "LOOT * value",
        "2/value/chance": "LOOT * value",
        "3/value/chance": "LOOT * value",
        "4/value/chance": "LOOT * value",
        "5/value/chance": "LOOT * value",
        "6/value/chance": "LOOT * value",
        "7/value/chance": "LOOT * value",
        "8/value/chance": "LOOT * value",
        "9/value/chance": "LOOT * value",
        "10/value/chance": "LOOT * value",
        "11/value/chance": "LOOT * value",
        "12/value/chance": "LOOT * value",
        "13/value/chance": "LOOT * value",
        "14/value/chance": "LOOT * value",
        "15/value/chance": "LOOT * value",
        "16/value/chance": "LOOT * value",
        "17/value/chance": "LOOT * value",
        "18/value/chance": "LOOT * value"
      },
      "betterruins:patches/others/randomizers/stackrandomizers-weapon.json": {
        "0/value/chance": "LOOT * value",
        "1/value/chance": "LOOT * value",
        "2/value/chance": "LOOT * value",
        "3/value/chance": "LOOT * value",
        "4/value/chance": "LOOT * value",
        "5/value/chance": "LOOT * value",
        "6/value/chance": "LOOT * value",
        "7/value/chance": "LOOT * value"
      },
      "game:itemtypes/meta/stackrandomizer-betterruins-lore.json": {
        "attributesByType/*-darkheat/stacks/0/chance": "(LORE) ? 1.0 : 0.0",
        "attributesByType/*-darkheat/stacks/1/chance": "(LORE) ? 1.0 : 0.0",
        "attributesByType/*-darkheat/stacks/2/chance": "(LORE) ? 1.0 : 0.0",
        "attributesByType/*-darkheat/stacks/3/chance": "(LORE) ? 1.0 : 0.0",
        "attributesByType/*-darkheat/stacks/4/chance": "(LORE) ? 1.0 : 0.0",
        "attributesByType/*-darkheat/stacks/5/chance": "(LORE) ? 1.0 : 0.0",
        "attributesByType/*-darkheat/stacks/6/chance": "(LORE) ? 1.0 : 0.0",
        "attributesByType/*-darkheat/stacks/7/chance": "(LORE) ? 1.0 : 0.0",
        "attributesByType/*-darkheat/stacks/8/chance": "(LORE) ? 1.0 : 0.0",
        "attributesByType/*-darkheat/stacks/9/chance": "(LORE) ? 1.0 : 0.0",
        "attributesByType/*-darkheat/stacks/10/chance": "(LORE) ? 1.0 : 0.0",
        "attributesByType/*-darkheat/stacks/11/chance": "(LORE) ? 1.0 : 0.0",
        "attributesByType/*-darkheat/stacks/12/chance": "(LORE) ? 1.0 : 0.0",
        "attributesByType/*-darkheat/stacks/13/chance": "(LORE) ? 1.0 : 0.0",
        "attributesByType/*-darkheat/stacks/14/chance": "(LORE) ? 1.0 : 0.0",
        "attributesByType/*-darkheat/stacks/15/chance": "(LORE) ? 1.0 : 0.0",
        "attributesByType/*-darkheat/stacks/16/chance": "(LORE) ? 5.0 : 0.0",
        "attributesByType/*-darkheat/stacks/17/chance": "(LORE) ? 5.0 : 0.0",
        "attributesByType/*-forlornhope/stacks/0/chance": "(LORE) ? 1.0 : 0.0",
        "attributesByType/*-forlornhope/stacks/1/chance": "(LORE) ? 1.0 : 0.0",
        "attributesByType/*-forlornhope/stacks/2/chance": "(LORE) ? 1.0 : 0.0",
        "attributesByType/*-forlornhope/stacks/3/chance": "(LORE) ? 1.0 : 0.0",
        "attributesByType/*-forlornhope/stacks/4/chance": "(LORE) ? 1.0 : 0.0",
        "attributesByType/*-forlornhope/stacks/5/chance": "(LORE) ? 1.0 : 0.0",
        "attributesByType/*-forlornhope/stacks/6/chance": "(LORE) ? 1.0 : 0.0",
        "attributesByType/*-forlornhope/stacks/7/chance": "(LORE) ? 1.0 : 0.0",
        "attributesByType/*-forlornhope/stacks/8/chance": "(LORE) ? 1.0 : 0.0",
        "attributesByType/*-forlornhope/stacks/9/chance": "(LORE) ? 1.0 : 0.0",
        "attributesByType/*-forlornhope/stacks/10/chance": "(LORE) ? 1.0 : 0.0",
        "attributesByType/*-forlornhope/stacks/11/chance": "(LORE) ? 1.0 : 0.0",
        "attributesByType/*-forlornhope/stacks/12/chance": "(LORE) ? 1.0 : 0.0",
        "attributesByType/*-forlornhope/stacks/13/chance": "(LORE) ? 1.0 : 0.0",
        "attributesByType/*-forlornhope/stacks/14/chance": "(LORE) ? 1.0 : 0.0",
        "attributesByType/*-forlornhope/stacks/15/chance": "(LORE) ? 1.0 : 0.0",
        "attributesByType/*-forlornhope/stacks/16/chance": "(LORE) ? 5.0 : 0.0",
        "attributesByType/*-forlornhope/stacks/17/chance": "(LORE) ? 5.0 : 0.0",
        "attributesByType/*-glimmershield/stacks/0/chance": "(LORE) ? 1.0 : 0.0",
        "attributesByType/*-glimmershield/stacks/1/chance": "(LORE) ? 1.0 : 0.0",
        "attributesByType/*-glimmershield/stacks/2/chance": "(LORE) ? 1.0 : 0.0",
        "attributesByType/*-glimmershield/stacks/3/chance": "(LORE) ? 1.0 : 0.0",
        "attributesByType/*-glimmershield/stacks/4/chance": "(LORE) ? 1.0 : 0.0",
        "attributesByType/*-glimmershield/stacks/5/chance": "(LORE) ? 1.0 : 0.0",
        "attributesByType/*-glimmershield/stacks/6/chance": "(LORE) ? 1.0 : 0.0",
        "attributesByType/*-glimmershield/stacks/7/chance": "(LORE) ? 1.0 : 0.0",
        "attributesByType/*-glimmershield/stacks/8/chance": "(LORE) ? 1.0 : 0.0",
        "attributesByType/*-glimmershield/stacks/9/chance": "(LORE) ? 1.0 : 0.0",
        "attributesByType/*-glimmershield/stacks/10/chance": "(LORE) ? 1.0 : 0.0",
        "attributesByType/*-glimmershield/stacks/11/chance": "(LORE) ? 1.0 : 0.0",
        "attributesByType/*-glimmershield/stacks/12/chance": "(LORE) ? 1.0 : 0.0",
        "attributesByType/*-glimmershield/stacks/13/chance": "(LORE) ? 1.0 : 0.0",
        "attributesByType/*-glimmershield/stacks/14/chance": "(LORE) ? 1.0 : 0.0",
        "attributesByType/*-glimmershield/stacks/15/chance": "(LORE) ? 1.0 : 0.0",
        "attributesByType/*-glimmershield/stacks/16/chance": "(LORE) ? 5.0 : 0.0",
        "attributesByType/*-glimmershield/stacks/17/chance": "(LORE) ? 5.0 : 0.0",
        "attributesByType/*-lastfisherman/stacks/0/chance": "(LORE) ? 1.0 : 0.0",
        "attributesByType/*-lastfisherman/stacks/1/chance": "(LORE) ? 1.0 : 0.0",
        "attributesByType/*-lastfisherman/stacks/2/chance": "(LORE) ? 1.0 : 0.0",
        "attributesByType/*-lastfisherman/stacks/3/chance": "(LORE) ? 1.0 : 0.0",
        "attributesByType/*-lastfisherman/stacks/4/chance": "(LORE) ? 1.0 : 0.0",
        "attributesByType/*-lastfisherman/stacks/5/chance": "(LORE) ? 1.0 : 0.0",
        "attributesByType/*-lastfisherman/stacks/6/chance": "(LORE) ? 1.0 : 0.0",
        "attributesByType/*-lastfisherman/stacks/7/chance": "(LORE) ? 1.0 : 0.0",
        "attributesByType/*-lastfisherman/stacks/8/chance": "(LORE) ? 1.0 : 0.0",
        "attributesByType/*-lastfisherman/stacks/9/chance": "(LORE) ? 1.0 : 0.0",
        "attributesByType/*-lastfisherman/stacks/10/chance": "(LORE) ? 1.0 : 0.0",
        "attributesByType/*-lastfisherman/stacks/11/chance": "(LORE) ? 1.0 : 0.0",
        "attributesByType/*-lastfisherman/stacks/12/chance": "(LORE) ? 1.0 : 0.0",
        "attributesByType/*-lastfisherman/stacks/13/chance": "(LORE) ? 1.0 : 0.0",
        "attributesByType/*-lastfisherman/stacks/14/chance": "(LORE) ? 1.0 : 0.0",
        "attributesByType/*-lastfisherman/stacks/15/chance": "(LORE) ? 1.0 : 0.0",
        "attributesByType/*-lastfisherman/stacks/16/chance": "(LORE) ? 1.0 : 0.0",
        "attributesByType/*-lastfisherman/stacks/17/chance": "(LORE) ? 1.0 : 0.0",
        "attributesByType/*-lastwall/stacks/0/chance": "(LORE) ? 1.0 : 0.0",
        "attributesByType/*-lastwall/stacks/1/chance": "(LORE) ? 1.0 : 0.0",
        "attributesByType/*-lastwall/stacks/2/chance": "(LORE) ? 1.0 : 0.0",
        "attributesByType/*-lastwall/stacks/3/chance": "(LORE) ? 1.0 : 0.0",
        "attributesByType/*-lastwall/stacks/4/chance": "(LORE) ? 1.0 : 0.0",
        "attributesByType/*-lastwall/stacks/5/chance": "(LORE) ? 1.0 : 0.0",
        "attributesByType/*-lastwall/stacks/6/chance": "(LORE) ? 1.0 : 0.0",
        "attributesByType/*-lastwall/stacks/7/chance": "(LORE) ? 1.0 : 0.0",
        "attributesByType/*-lastwall/stacks/8/chance": "(LORE) ? 1.0 : 0.0",
        "attributesByType/*-lastwall/stacks/9/chance": "(LORE) ? 1.0 : 0.0",
        "attributesByType/*-lastwall/stacks/10/chance": "(LORE) ? 1.0 : 0.0",
        "attributesByType/*-lastwall/stacks/11/chance": "(LORE) ? 1.0 : 0.0",
        "attributesByType/*-lastwall/stacks/12/chance": "(LORE) ? 1.0 : 0.0",
        "attributesByType/*-lastwall/stacks/13/chance": "(LORE) ? 1.0 : 0.0",
        "attributesByType/*-lastwall/stacks/14/chance": "(LORE) ? 1.0 : 0.0",
        "attributesByType/*-lastwall/stacks/15/chance": "(LORE) ? 1.0 : 0.0",
        "attributesByType/*-lastwall/stacks/16/chance": "(LORE) ? 5.0 : 0.0",
        "attributesByType/*-lastwall/stacks/17/chance": "(LORE) ? 5.0 : 0.0",
        "attributesByType/*-wolfstone/stacks/0/chance": "(LORE) ? 1.0 : 0.0",
        "attributesByType/*-wolfstone/stacks/1/chance": "(LORE) ? 1.0 : 0.0",
        "attributesByType/*-wolfstone/stacks/2/chance": "(LORE) ? 1.0 : 0.0",
        "attributesByType/*-wolfstone/stacks/3/chance": "(LORE) ? 1.0 : 0.0",
        "attributesByType/*-wolfstone/stacks/4/chance": "(LORE) ? 1.0 : 0.0",
        "attributesByType/*-wolfstone/stacks/5/chance": "(LORE) ? 1.0 : 0.0",
        "attributesByType/*-wolfstone/stacks/6/chance": "(LORE) ? 1.0 : 0.0",
        "attributesByType/*-wolfstone/stacks/7/chance": "(LORE) ? 1.0 : 0.0",
        "attributesByType/*-wolfstone/stacks/8/chance": "(LORE) ? 1.0 : 0.0",
        "attributesByType/*-wolfstone/stacks/9/chance": "(LORE) ? 1.0 : 0.0",
        "attributesByType/*-wolfstone/stacks/10/chance": "(LORE) ? 1.0 : 0.0",
        "attributesByType/*-wolfstone/stacks/11/chance": "(LORE) ? 1.0 : 0.0",
        "attributesByType/*-wolfstone/stacks/12/chance": "(LORE) ? 1.0 : 0.0",
        "attributesByType/*-wolfstone/stacks/13/chance": "(LORE) ? 1.0 : 0.0",
        "attributesByType/*-wolfstone/stacks/14/chance": "(LORE) ? 1.0 : 0.0",
        "attributesByType/*-wolfstone/stacks/15/chance": "(LORE) ? 1.0 : 0.0",
        "attributesByType/*-wolfstone/stacks/16/chance": "(LORE) ? 5.0 : 0.0",
        "attributesByType/*-wolfstone/stacks/17/chance": "(LORE) ? 5.0 : 0.0",
        "attributesByType/*-fieldengineersdiary/stacks/0/chance": "(LORE) ? 1.0 : 0.0",
        "attributesByType/*-fieldengineersdiary/stacks/1/chance": "(LORE) ? 1.0 : 0.0",
        "attributesByType/*-fieldengineersdiary/stacks/2/chance": "(LORE) ? 1.0 : 0.0",
        "attributesByType/*-fieldengineersdiary/stacks/3/chance": "(LORE) ? 1.0 : 0.0",
        "attributesByType/*-fieldengineersdiary/stacks/4/chance": "(LORE) ? 1.0 : 0.0",
        "attributesByType/*-fieldengineersdiary/stacks/5/chance": "(LORE) ? 1.0 : 0.0",
        "attributesByType/*-fieldengineersdiary/stacks/6/chance": "(LORE) ? 1.0 : 0.0",
        "attributesByType/*-fieldengineersdiary/stacks/7/chance": "(LORE) ? 1.0 : 0.0",
        "attributesByType/*-fieldengineersdiary/stacks/8/chance": "(LORE) ? 1.0 : 0.0",
        "attributesByType/*-fieldengineersdiary/stacks/9/chance": "(LORE) ? 1.0 : 0.0",
        "attributesByType/*-fieldengineersdiary/stacks/10/chance": "(LORE) ? 1.0 : 0.0",
        "attributesByType/*-fieldengineersdiary/stacks/11/chance": "(LORE) ? 1.0 : 0.0",
        "attributesByType/*-fieldengineersdiary/stacks/12/chance": "(LORE) ? 1.0 : 0.0",
        "attributesByType/*-fieldengineersdiary/stacks/13/chance": "(LORE) ? 1.0 : 0.0",
        "attributesByType/*-fieldengineersdiary/stacks/14/chance": "(LORE) ? 1.0 : 0.0",
        "attributesByType/*-fieldengineersdiary/stacks/15/chance": "(LORE) ? 1.0 : 0.0",
        "attributesByType/*-fieldengineersdiary/stacks/16/chance": "(LORE) ? 5.0 : 0.0",
        "attributesByType/*-fieldengineersdiary/stacks/17/chance": "(LORE) ? 5.0 : 0.0",
        "attributesByType/*-largechurch/stacks/0/chance": "(LORE) ? 1.0 : 0.0",
        "attributesByType/*-largechurch/stacks/1/chance": "(LORE) ? 1.0 : 0.0",
        "attributesByType/*-largechurch/stacks/2/chance": "(LORE) ? 1.0 : 0.0",
        "attributesByType/*-largechurch/stacks/3/chance": "(LORE) ? 1.0 : 0.0",
        "attributesByType/*-largechurch/stacks/4/chance": "(LORE) ? 1.0 : 0.0",
        "attributesByType/*-largechurch/stacks/5/chance": "(LORE) ? 1.0 : 0.0",
        "attributesByType/*-largechurch/stacks/6/chance": "(LORE) ? 1.0 : 0.0",
        "attributesByType/*-largechurch/stacks/7/chance": "(LORE) ? 1.0 : 0.0",
        "attributesByType/*-largechurch/stacks/8/chance": "(LORE) ? 1.0 : 0.0",
        "attributesByType/*-largechurch/stacks/9/chance": "(LORE) ? 1.0 : 0.0",
        "attributesByType/*-largechurch/stacks/10/chance": "(LORE) ? 1.0 : 0.0",
        "attributesByType/*-largechurch/stacks/11/chance": "(LORE) ? 1.0 : 0.0",
        "attributesByType/*-largechurch/stacks/12/chance": "(LORE) ? 1.0 : 0.0",
        "attributesByType/*-largechurch/stacks/13/chance": "(LORE) ? 1.0 : 0.0",
        "attributesByType/*-largechurch/stacks/14/chance": "(LORE) ? 1.0 : 0.0",
        "attributesByType/*-largechurch/stacks/15/chance": "(LORE) ? 1.0 : 0.0",
        "attributesByType/*-largechurch/stacks/16/chance": "(LORE) ? 5.0 : 0.0",
        "attributesByType/*-largechurch/stacks/17/chance": "(LORE) ? 5.0 : 0.0",
        "attributesByType/*-undergroundlibrary/stacks/0/chance": "(LORE) ? 1.0 : 0.0",
        "attributesByType/*-undergroundlibrary/stacks/1/chance": "(LORE) ? 1.0 : 0.0",
        "attributesByType/*-undergroundlibrary/stacks/2/chance": "(LORE) ? 1.0 : 0.0",
        "attributesByType/*-undergroundlibrary/stacks/3/chance": "(LORE) ? 1.0 : 0.0",
        "attributesByType/*-undergroundlibrary/stacks/4/chance": "(LORE) ? 1.0 : 0.0",
        "attributesByType/*-undergroundlibrary/stacks/5/chance": "(LORE) ? 1.0 : 0.0",
        "attributesByType/*-undergroundlibrary/stacks/6/chance": "(LORE) ? 1.0 : 0.0",
        "attributesByType/*-undergroundlibrary/stacks/7/chance": "(LORE) ? 1.0 : 0.0",
        "attributesByType/*-undergroundlibrary/stacks/8/chance": "(LORE) ? 1.0 : 0.0",
        "attributesByType/*-undergroundlibrary/stacks/9/chance": "(LORE) ? 1.0 : 0.0",
        "attributesByType/*-undergroundlibrary/stacks/10/chance": "(LORE) ? 1.0 : 0.0",
        "attributesByType/*-undergroundlibrary/stacks/11/chance": "(LORE) ? 1.0 : 0.0",
        "attributesByType/*-undergroundlibrary/stacks/12/chance": "(LORE) ? 1.0 : 0.0",
        "attributesByType/*-undergroundlibrary/stacks/13/chance": "(LORE) ? 1.0 : 0.0",
        "attributesByType/*-undergroundlibrary/stacks/14/chance": "(LORE) ? 1.0 : 0.0",
        "attributesByType/*-undergroundlibrary/stacks/15/chance": "(LORE) ? 1.0 : 0.0",
        "attributesByType/*-undergroundlibrary/stacks/16/chance": "(LORE) ? 5.0 : 0.0",
        "attributesByType/*-undergroundlibrary/stacks/17/chance": "(LORE) ? 5.0 : 0.0",
        "attributesByType/*-lostdoll/stacks/0/chance": "(LORE) ? 1.0 : 0.0",
        "attributesByType/*-lostdoll/stacks/1/chance": "(LORE) ? 1.0 : 0.0",
        "attributesByType/*-lostdoll/stacks/2/chance": "(LORE) ? 1.0 : 0.0",
        "attributesByType/*-lostdoll/stacks/3/chance": "(LORE) ? 1.0 : 0.0",
        "attributesByType/*-lostdoll/stacks/4/chance": "(LORE) ? 1.0 : 0.0",
        "attributesByType/*-lostdoll/stacks/5/chance": "(LORE) ? 1.0 : 0.0",
        "attributesByType/*-lostdoll/stacks/6/chance": "(LORE) ? 1.0 : 0.0",
        "attributesByType/*-lostdoll/stacks/7/chance": "(LORE) ? 1.0 : 0.0",
        "attributesByType/*-lostdoll/stacks/8/chance": "(LORE) ? 1.0 : 0.0",
        "attributesByType/*-lostdoll/stacks/9/chance": "(LORE) ? 1.0 : 0.0",
        "attributesByType/*-lostdoll/stacks/10/chance": "(LORE) ? 1.0 : 0.0",
        "attributesByType/*-lostdoll/stacks/11/chance": "(LORE) ? 1.0 : 0.0",
        "attributesByType/*-lostdoll/stacks/12/chance": "(LORE) ? 1.0 : 0.0",
        "attributesByType/*-lostdoll/stacks/13/chance": "(LORE) ? 1.0 : 0.0",
        "attributesByType/*-lostdoll/stacks/14/chance": "(LORE) ? 1.0 : 0.0",
        "attributesByType/*-lostdoll/stacks/15/chance": "(LORE) ? 1.0 : 0.0",
        "attributesByType/*-lostdoll/stacks/16/chance": "(LORE) ? 5.0 : 0.0",
        "attributesByType/*-lostdoll/stacks/17/chance": "(LORE) ? 5.0 : 0.0",
        "attributesByType/*-finalhour/stacks/0/chance": "(LORE) ? 1.0 : 0.0",
        "attributesByType/*-finalhour/stacks/1/chance": "(LORE) ? 1.0 : 0.0",
        "attributesByType/*-finalhour/stacks/2/chance": "(LORE) ? 1.0 : 0.0",
        "attributesByType/*-finalhour/stacks/3/chance": "(LORE) ? 1.0 : 0.0",
        "attributesByType/*-finalhour/stacks/4/chance": "(LORE) ? 1.0 : 0.0",
        "attributesByType/*-finalhour/stacks/5/chance": "(LORE) ? 1.0 : 0.0",
        "attributesByType/*-finalhour/stacks/6/chance": "(LORE) ? 1.0 : 0.0",
        "attributesByType/*-finalhour/stacks/7/chance": "(LORE) ? 1.0 : 0.0",
        "attributesByType/*-finalhour/stacks/8/chance": "(LORE) ? 1.0 : 0.0",
        "attributesByType/*-finalhour/stacks/9/chance": "(LORE) ? 1.0 : 0.0",
        "attributesByType/*-finalhour/stacks/10/chance": "(LORE) ? 1.0 : 0.0",
        "attributesByType/*-finalhour/stacks/11/chance": "(LORE) ? 1.0 : 0.0",
        "attributesByType/*-finalhour/stacks/12/chance": "(LORE) ? 1.0 : 0.0",
        "attributesByType/*-finalhour/stacks/13/chance": "(LORE) ? 1.0 : 0.0",
        "attributesByType/*-finalhour/stacks/14/chance": "(LORE) ? 1.0 : 0.0",
        "attributesByType/*-finalhour/stacks/15/chance": "(LORE) ? 1.0 : 0.0",
        "attributesByType/*-finalhour/stacks/16/chance": "(LORE) ? 5.0 : 0.0",
        "attributesByType/*-finalhour/stacks/17/chance": "(LORE) ? 5.0 : 0.0",
        "attributesByType/*-minerlogentries/stacks/0/chance": "(LORE) ? 1.0 : 0.0"
      },
      "game:itemtypes/meta/stackrandomizer-betterruins.json": {
        "attributesByType/*-backpack/stacks/0/chance": "LOOT * value",
        "attributesByType/*-backpack/stacks/1/chance": "LOOT * value",
        "attributesByType/*-backpack/stacks/2/chance": "LOOT * value",
        "attributesByType/*-backpack/stacks/3/chance": "LOOT * value",
        "attributesByType/*-backpack/stacks/4/chance": "LOOT * value",
        "attributesByType/*-backpack/stacks/5/chance": "LOOT * value",
        "attributesByType/*-backpack/stacks/6/chance": "LOOT * value",


        "attributesByType/*-buildingblocks/stacks/0/chance": "LOOT * value",
        "attributesByType/*-buildingblocks/stacks/1/chance": "LOOT * value",
        "attributesByType/*-buildingblocks/stacks/2/chance": "LOOT * value",
        "attributesByType/*-buildingblocks/stacks/3/chance": "LOOT * value",
        "attributesByType/*-buildingblocks/stacks/4/chance": "LOOT * value",
        "attributesByType/*-buildingblocks/stacks/5/chance": "LOOT * value",
        "attributesByType/*-buildingblocks/stacks/6/chance": "LOOT * value",
        "attributesByType/*-buildingblocks/stacks/7/chance": "LOOT * value",
        "attributesByType/*-buildingblocks/stacks/8/chance": "LOOT * value",
        "attributesByType/*-buildingblocks/stacks/9/chance": "LOOT * value",
        "attributesByType/*-buildingblocks/stacks/10/chance": "LOOT * value",
        "attributesByType/*-buildingblocks/stacks/11/chance": "LOOT * value",
        "attributesByType/*-buildingblocks/stacks/12/chance": "LOOT * value",
        "attributesByType/*-buildingblocks/stacks/13/chance": "LOOT * value",
        "attributesByType/*-buildingblocks/stacks/14/chance": "LOOT * value",
        "attributesByType/*-buildingblocks/stacks/15/chance": "LOOT * value",
        "attributesByType/*-buildingblocks/stacks/16/chance": "LOOT * value",
        "attributesByType/*-buildingblocks/stacks/17/chance": "LOOT * value",
        "attributesByType/*-buildingblocks/stacks/18/chance": "LOOT * value",
        "attributesByType/*-buildingblocks/stacks/19/chance": "LOOT * value",
        "attributesByType/*-buildingblocks/stacks/20/chance": "LOOT * value",
        "attributesByType/*-buildingblocks/stacks/21/chance": "LOOT * value",
        "attributesByType/*-buildingblocks/stacks/22/chance": "LOOT * value",
        "attributesByType/*-buildingblocks/stacks/23/chance": "LOOT * value",
        "attributesByType/*-buildingblocks/stacks/24/chance": "LOOT * value",
        "attributesByType/*-buildingblocks/stacks/25/chance": "LOOT * value",
        "attributesByType/*-buildingblocks/stacks/26/chance": "LOOT * value",
        "attributesByType/*-buildingblocks/stacks/27/chance": "LOOT * value",
        "attributesByType/*-buildingblocks/stacks/28/chance": "LOOT * value",
        "attributesByType/*-buildingblocks/stacks/29/chance": "LOOT * value",
        "attributesByType/*-buildingblocks/stacks/30/chance": "LOOT * value",
        "attributesByType/*-buildingblocks/stacks/31/chance": "LOOT * value",
        "attributesByType/*-buildingblocks/stacks/32/chance": "LOOT * value",
        "attributesByType/*-buildingblocks/stacks/33/chance": "LOOT * value",
        "attributesByType/*-buildingblocks/stacks/34/chance": "LOOT * value",
        "attributesByType/*-buildingblocks/stacks/35/chance": "LOOT * value",
        "attributesByType/*-buildingblocks/stacks/36/chance": "LOOT * value",
        "attributesByType/*-buildingblocks/stacks/37/chance": "LOOT * value",
        "attributesByType/*-buildingblocks/stacks/38/chance": "LOOT * value",
        "attributesByType/*-buildingblocks/stacks/39/chance": "LOOT * value",
        "attributesByType/*-buildingblocks/stacks/40/chance": "LOOT * value",
        "attributesByType/*-buildingblocks/stacks/41/chance": "LOOT * value",
        "attributesByType/*-buildingblocks/stacks/42/chance": "LOOT * value",
        "attributesByType/*-buildingblocks/stacks/43/chance": "LOOT * value",
        "attributesByType/*-buildingblocks/stacks/44/chance": "LOOT * value",
        "attributesByType/*-buildingblocks/stacks/45/chance": "LOOT * value",
        "attributesByType/*-buildingblocks/stacks/46/chance": "LOOT * value",
        "attributesByType/*-buildingblocks/stacks/47/chance": "LOOT * value",
        "attributesByType/*-buildingblocks/stacks/48/chance": "LOOT * value",
        "attributesByType/*-buildingblocks/stacks/49/chance": "LOOT * value",
        "attributesByType/*-buildingblocks/stacks/50/chance": "LOOT * value",
        "attributesByType/*-buildingblocks/stacks/51/chance": "LOOT * value",
        "attributesByType/*-buildingblocks/stacks/52/chance": "LOOT * value",
        "attributesByType/*-buildingblocks/stacks/53/chance": "LOOT * value",
        "attributesByType/*-buildingblocks/stacks/54/chance": "LOOT * value",
        "attributesByType/*-buildingblocks/stacks/55/chance": "LOOT * value",
        "attributesByType/*-buildingblocks/stacks/56/chance": "LOOT * value",
        "attributesByType/*-buildingblocks/stacks/57/chance": "LOOT * value",
        "attributesByType/*-buildingblocks/stacks/58/chance": "LOOT * value",
        "attributesByType/*-buildingblocks/stacks/59/chance": "LOOT * value",
        "attributesByType/*-buildingblocks/stacks/60/chance": "LOOT * value",
        "attributesByType/*-buildingblocks/stacks/61/chance": "LOOT * value",
        "attributesByType/*-buildingblocks/stacks/62/chance": "LOOT * value",
        "attributesByType/*-buildingblocks/stacks/63/chance": "LOOT * value",
        "attributesByType/*-buildingblocks/stacks/64/chance": "LOOT * value",
        "attributesByType/*-buildingblocks/stacks/65/chance": "LOOT * value",
        "attributesByType/*-buildingblocks/stacks/66/chance": "LOOT * value",
        "attributesByType/*-buildingblocks/stacks/67/chance": "LOOT * value",
        "attributesByType/*-buildingblocks/stacks/68/chance": "LOOT * value",
        "attributesByType/*-buildingblocks/stacks/69/chance": "LOOT * value",
        "attributesByType/*-buildingblocks/stacks/70/chance": "LOOT * value",
        "attributesByType/*-buildingblocks/stacks/71/chance": "LOOT * value",
        "attributesByType/*-buildingblocks/stacks/72/chance": "LOOT * value",
        "attributesByType/*-buildingblocks/stacks/73/chance": "LOOT * value",
        "attributesByType/*-buildingblocks/stacks/74/chance": "LOOT * value",
        "attributesByType/*-buildingblocks/stacks/75/chance": "LOOT * value",
        "attributesByType/*-buildingblocks/stacks/76/chance": "LOOT * value",
        "attributesByType/*-buildingblocks/stacks/77/chance": "LOOT * value",
        "attributesByType/*-buildingblocks/stacks/78/chance": "LOOT * value",
        "attributesByType/*-buildingblocks/stacks/79/chance": "LOOT * value",
        "attributesByType/*-buildingblocks/stacks/80/chance": "LOOT * value",
        "attributesByType/*-buildingblocks/stacks/81/chance": "LOOT * value",
        "attributesByType/*-buildingblocks/stacks/82/chance": "LOOT * value",
        "attributesByType/*-buildingblocks/stacks/83/chance": "LOOT * value",
        "attributesByType/*-buildingblocks/stacks/84/chance": "LOOT * value",
        "attributesByType/*-buildingblocks/stacks/85/chance": "LOOT * value",
        "attributesByType/*-buildingblocks/stacks/86/chance": "LOOT * value",
        "attributesByType/*-buildingblocks/stacks/87/chance": "LOOT * value",
        "attributesByType/*-buildingblocks/stacks/88/chance": "LOOT * value",
        "attributesByType/*-buildingblocks/stacks/89/chance": "LOOT * value",
        "attributesByType/*-buildingblocks/stacks/90/chance": "LOOT * value",
        "attributesByType/*-buildingblocks/stacks/91/chance": "LOOT * value",
        "attributesByType/*-buildingblocks/stacks/92/chance": "LOOT * value",
        "attributesByType/*-buildingblocks/stacks/93/chance": "LOOT * value",
        "attributesByType/*-buildingblocks/stacks/94/chance": "LOOT * value",
        "attributesByType/*-buildingblocks/stacks/95/chance": "LOOT * value",
        "attributesByType/*-buildingblocks/stacks/96/chance": "LOOT * value",
        "attributesByType/*-buildingblocks/stacks/97/chance": "LOOT * value",
        "attributesByType/*-buildingblocks/stacks/98/chance": "LOOT * value",
        "attributesByType/*-buildingblocks/stacks/99/chance": "LOOT * value",
        "attributesByType/*-buildingblocks/stacks/100/chance": "LOOT * value",
        "attributesByType/*-buildingblocks/stacks/101/chance": "LOOT * value",
        "attributesByType/*-buildingblocks/stacks/102/chance": "LOOT * value",
        "attributesByType/*-buildingblocks/stacks/103/chance": "LOOT * value",
        "attributesByType/*-buildingblocks/stacks/104/chance": "LOOT * value",
        "attributesByType/*-buildingblocks/stacks/105/chance": "LOOT * value",
        "attributesByType/*-buildingblocks/stacks/106/chance": "LOOT * value",
        "attributesByType/*-buildingblocks/stacks/107/chance": "LOOT * value",
        "attributesByType/*-buildingblocks/stacks/108/chance": "LOOT * value",
        "attributesByType/*-buildingblocks/stacks/109/chance": "LOOT * value",
        "attributesByType/*-buildingblocks/stacks/110/chance": "LOOT * value",
        "attributesByType/*-buildingblocks/stacks/111/chance": "LOOT * value",
        "attributesByType/*-buildingblocks/stacks/112/chance": "LOOT * value",
        "attributesByType/*-buildingblocks/stacks/113/chance": "LOOT * value",
        "attributesByType/*-buildingblocks/stacks/114/chance": "LOOT * value",
        "attributesByType/*-buildingblocks/stacks/115/chance": "LOOT * value",
        "attributesByType/*-buildingblocks/stacks/116/chance": "LOOT * value",
        "attributesByType/*-buildingblocks/stacks/117/chance": "LOOT * value",
        "attributesByType/*-buildingblocks/stacks/118/chance": "LOOT * value",
        "attributesByType/*-buildingblocks/stacks/119/chance": "LOOT * value",
        "attributesByType/*-buildingblocks/stacks/120/chance": "LOOT * value",
        "attributesByType/*-buildingblocks/stacks/121/chance": "LOOT * value",


        "attributesByType/*-clayproducts/stacks/0/chance": "LOOT * value",
        "attributesByType/*-clayproducts/stacks/1/chance": "LOOT * value",
        "attributesByType/*-clayproducts/stacks/2/chance": "LOOT * value",
        "attributesByType/*-clayproducts/stacks/3/chance": "LOOT * value",
        "attributesByType/*-clayproducts/stacks/4/chance": "LOOT * value",
        "attributesByType/*-clayproducts/stacks/5/chance": "LOOT * value",
        "attributesByType/*-clayproducts/stacks/6/chance": "LOOT * value",
        "attributesByType/*-clayproducts/stacks/7/chance": "LOOT * value",
        "attributesByType/*-clayproducts/stacks/8/chance": "LOOT * value",
        "attributesByType/*-clayproducts/stacks/9/chance": "LOOT * value",
        "attributesByType/*-clayproducts/stacks/10/chance": "LOOT * value",
        "attributesByType/*-clayproducts/stacks/11/chance": "LOOT * value",
        "attributesByType/*-clayproducts/stacks/12/chance": "LOOT * value",
        "attributesByType/*-clayproducts/stacks/13/chance": "LOOT * value",
        "attributesByType/*-clayproducts/stacks/14/chance": "LOOT * value",
        "attributesByType/*-clayproducts/stacks/15/chance": "LOOT * value",
        "attributesByType/*-clayproducts/stacks/16/chance": "LOOT * value",
        "attributesByType/*-clayproducts/stacks/17/chance": "LOOT * value",
        "attributesByType/*-clayproducts/stacks/18/chance": "LOOT * value",
        "attributesByType/*-clayproducts/stacks/19/chance": "LOOT * value",
        "attributesByType/*-clayproducts/stacks/20/chance": "LOOT * value",
        "attributesByType/*-clayproducts/stacks/21/chance": "LOOT * value",
        "attributesByType/*-clayproducts/stacks/22/chance": "LOOT * value",
        "attributesByType/*-clayproducts/stacks/23/chance": "LOOT * value",
        "attributesByType/*-clayproducts/stacks/24/chance": "LOOT * value",
        "attributesByType/*-clayproducts/stacks/25/chance": "LOOT * value",
        "attributesByType/*-clayproducts/stacks/26/chance": "LOOT * value",
        "attributesByType/*-clayproducts/stacks/27/chance": "LOOT * value",
        "attributesByType/*-clayproducts/stacks/28/chance": "LOOT * value",
        "attributesByType/*-clayproducts/stacks/29/chance": "LOOT * value",
        "attributesByType/*-clayproducts/stacks/30/chance": "LOOT * value",
        "attributesByType/*-clayproducts/stacks/31/chance": "LOOT * value",
        "attributesByType/*-clayproducts/stacks/32/chance": "LOOT * value",
        "attributesByType/*-clayproducts/stacks/33/chance": "LOOT * value",
        "attributesByType/*-clayproducts/stacks/34/chance": "LOOT * value",
        "attributesByType/*-clayproducts/stacks/35/chance": "LOOT * value",
        "attributesByType/*-clayproducts/stacks/36/chance": "LOOT * value",
        "attributesByType/*-clayproducts/stacks/37/chance": "LOOT * value",
        "attributesByType/*-clayproducts/stacks/38/chance": "LOOT * value",
        "attributesByType/*-clayproducts/stacks/39/chance": "LOOT * value",
        "attributesByType/*-clayproducts/stacks/40/chance": "LOOT * value",
        "attributesByType/*-clayproducts/stacks/41/chance": "LOOT * value",
        "attributesByType/*-clayproducts/stacks/42/chance": "LOOT * value",
        "attributesByType/*-clayproducts/stacks/43/chance": "LOOT * value",
        "attributesByType/*-clayproducts/stacks/44/chance": "LOOT * value",
        "attributesByType/*-clayproducts/stacks/45/chance": "LOOT * value",
        "attributesByType/*-clayproducts/stacks/46/chance": "LOOT * value",
        "attributesByType/*-clayproducts/stacks/47/chance": "LOOT * value",
        "attributesByType/*-clayproducts/stacks/48/chance": "LOOT * value",
        "attributesByType/*-clayproducts/stacks/49/chance": "LOOT * value",
        "attributesByType/*-clayproducts/stacks/50/chance": "LOOT * value",
        "attributesByType/*-clayproducts/stacks/51/chance": "LOOT * value",
        "attributesByType/*-clayproducts/stacks/52/chance": "LOOT * value",
        "attributesByType/*-clayproducts/stacks/53/chance": "LOOT * value",
        "attributesByType/*-clayproducts/stacks/54/chance": "LOOT * value",
        "attributesByType/*-clayproducts/stacks/55/chance": "LOOT * value",
        "attributesByType/*-clayproducts/stacks/56/chance": "LOOT * value",
        "attributesByType/*-clayproducts/stacks/57/chance": "LOOT * value",
        "attributesByType/*-clayproducts/stacks/58/chance": "LOOT * value",


        "attributesByType/*-kingclothing/stacks/0/chance": "LOOT * value",
        "attributesByType/*-kingclothing/stacks/1/chance": "LOOT * value",
        "attributesByType/*-kingclothing/stacks/2/chance": "LOOT * value",
        "attributesByType/*-kingclothing/stacks/3/chance": "LOOT * value",
        "attributesByType/*-kingclothing/stacks/4/chance": "LOOT * value",
        "attributesByType/*-kingclothing/stacks/5/chance": "LOOT * value",
        "attributesByType/*-kingclothing/stacks/6/chance": "LOOT * value",
        "attributesByType/*-kingclothing/stacks/7/chance": "LOOT * value",
        "attributesByType/*-kingclothing/stacks/8/chance": "LOOT * value",
        "attributesByType/*-kingclothing/stacks/9/chance": "LOOT * value",
        "attributesByType/*-kingclothing/stacks/10/chance": "LOOT * value",
        "attributesByType/*-kingclothing/stacks/11/chance": "LOOT * value",
        "attributesByType/*-kingclothing/stacks/12/chance": "LOOT * value",
        "attributesByType/*-kingclothing/stacks/13/chance": "LOOT * value",
        "attributesByType/*-kingclothing/stacks/14/chance": "LOOT * value",
        "attributesByType/*-kingclothing/stacks/15/chance": "LOOT * value",
        "attributesByType/*-kingclothing/stacks/16/chance": "LOOT * value",
        "attributesByType/*-kingclothing/stacks/17/chance": "LOOT * value",
        "attributesByType/*-kingclothing/stacks/18/chance": "LOOT * value",
        "attributesByType/*-kingclothing/stacks/19/chance": "LOOT * value",
        "attributesByType/*-kingclothing/stacks/20/chance": "LOOT * value",
        "attributesByType/*-kingclothing/stacks/21/chance": "LOOT * value",
        "attributesByType/*-kingclothing/stacks/22/chance": "LOOT * value",
        "attributesByType/*-kingclothing/stacks/23/chance": "LOOT * value",
        "attributesByType/*-kingclothing/stacks/24/chance": "LOOT * value",
        "attributesByType/*-kingclothing/stacks/25/chance": "LOOT * value",
        "attributesByType/*-kingclothing/stacks/26/chance": "LOOT * value",
        "attributesByType/*-kingclothing/stacks/27/chance": "LOOT * value",
        "attributesByType/*-kingclothing/stacks/28/chance": "LOOT * value",
        "attributesByType/*-kingclothing/stacks/29/chance": "LOOT * value",
        "attributesByType/*-kingclothing/stacks/30/chance": "LOOT * value",
        "attributesByType/*-kingclothing/stacks/31/chance": "LOOT * value",
        "attributesByType/*-kingclothing/stacks/32/chance": "LOOT * value",
        "attributesByType/*-kingclothing/stacks/33/chance": "LOOT * value",
        "attributesByType/*-kingclothing/stacks/34/chance": "LOOT * value",
        "attributesByType/*-kingclothing/stacks/35/chance": "LOOT * value",


        "attributesByType/*-mask/stacks/0/chance": "LOOT * value",
        "attributesByType/*-mask/stacks/1/chance": "LOOT * value",
        "attributesByType/*-mask/stacks/2/chance": "LOOT * value",
        "attributesByType/*-mask/stacks/3/chance": "LOOT * value",
        "attributesByType/*-mask/stacks/4/chance": "LOOT * value",
        "attributesByType/*-mask/stacks/5/chance": "LOOT * value",
        "attributesByType/*-mask/stacks/6/chance": "LOOT * value",
        "attributesByType/*-mask/stacks/7/chance": "LOOT * value",
        "attributesByType/*-mask/stacks/8/chance": "LOOT * value",
        "attributesByType/*-mask/stacks/9/chance": "LOOT * value",
        "attributesByType/*-mask/stacks/10/chance": "LOOT * value",
        "attributesByType/*-mask/stacks/11/chance": "LOOT * value",
        "attributesByType/*-mask/stacks/12/chance": "LOOT * value",
        "attributesByType/*-mask/stacks/13/chance": "LOOT * value",
        "attributesByType/*-mask/stacks/14/chance": "LOOT * value",
        "attributesByType/*-mask/stacks/15/chance": "LOOT * value",
        "attributesByType/*-mask/stacks/16/chance": "LOOT * value",
        "attributesByType/*-mask/stacks/17/chance": "LOOT * value",
        "attributesByType/*-mask/stacks/18/chance": "LOOT * value",
        "attributesByType/*-mask/stacks/19/chance": "LOOT * value",
        "attributesByType/*-mask/stacks/20/chance": "LOOT * value",
        "attributesByType/*-mask/stacks/21/chance": "LOOT * value",
        "attributesByType/*-mask/stacks/22/chance": "LOOT * value",
        "attributesByType/*-mask/stacks/23/chance": "LOOT * value",
        "attributesByType/*-mask/stacks/24/chance": "LOOT * value",
        "attributesByType/*-mask/stacks/25/chance": "LOOT * value",
        "attributesByType/*-mask/stacks/26/chance": "LOOT * value",


        "attributesByType/*-mechanical/stacks/0/chance": "LOOT * value",
        "attributesByType/*-mechanical/stacks/1/chance": "LOOT * value",
        "attributesByType/*-mechanical/stacks/2/chance": "LOOT * value",
        "attributesByType/*-mechanical/stacks/3/chance": "LOOT * value",
        "attributesByType/*-mechanical/stacks/6/chance": "LOOT * value",
        "attributesByType/*-mechanical/stacks/7/chance": "LOOT * value",
        "attributesByType/*-mechanical/stacks/8/chance": "LOOT * value",
        "attributesByType/*-mechanical/stacks/9/chance": "LOOT * value",
        "attributesByType/*-mechanical/stacks/10/chance": "LOOT * value",
        "attributesByType/*-mechanical/stacks/11/chance": "LOOT * value",
        "attributesByType/*-mechanical/stacks/12/chance": "LOOT * value",
        "attributesByType/*-mechanical/stacks/13/chance": "LOOT * value",
        "attributesByType/*-mechanical/stacks/14/chance": "LOOT * value",
        "attributesByType/*-mechanical/stacks/15/chance": "LOOT * value",
        "attributesByType/*-mechanical/stacks/16/chance": "LOOT * value",
        "attributesByType/*-mechanical/stacks/17/chance": "LOOT * value",
        "attributesByType/*-mechanical/stacks/18/chance": "LOOT * value",
        "attributesByType/*-mechanical/stacks/19/chance": "LOOT * value",
        "attributesByType/*-mechanical/stacks/20/chance": "LOOT * value",
        "attributesByType/*-mechanical/stacks/21/chance": "LOOT * value",
        "attributesByType/*-mechanical/stacks/22/chance": "LOOT * value",
        "attributesByType/*-mechanical/stacks/23/chance": "LOOT * value",
        "attributesByType/*-mechanical/stacks/24/chance": "LOOT * value",
        "attributesByType/*-mechanical/stacks/25/chance": "LOOT * value",
        "attributesByType/*-mechanical/stacks/26/chance": "LOOT * value",
        "attributesByType/*-mechanical/stacks/27/chance": "LOOT * value",


        "attributesByType/*-newlore/stacks/0/chance": "(LORE) ? 1.0 : 0.0",
        "attributesByType/*-newlore/stacks/1/chance": "(LORE) ? 1.0 : 0.0",
        "attributesByType/*-newlore/stacks/2/chance": "(LORE) ? 1.0 : 0.0",
        "attributesByType/*-newlore/stacks/3/chance": "(LORE) ? 1.0 : 0.0",
        "attributesByType/*-newlore/stacks/4/chance": "(LORE) ? 1.0 : 0.0",
        "attributesByType/*-newlore/stacks/5/chance": "(LORE) ? 1.0 : 0.0",
        "attributesByType/*-newlore/stacks/6/chance": "(LORE) ? 1.0 : 0.0",
        "attributesByType/*-newlore/stacks/7/chance": "(LORE) ? 1.0 : 0.0",
        "attributesByType/*-newlore/stacks/8/chance": "(LORE) ? 1.0 : 0.0",
        "attributesByType/*-newlore/stacks/9/chance": "(LORE) ? 1.0 : 0.0",
        "attributesByType/*-newlore/stacks/10/chance": "(LORE) ? 1.0 : 0.0",
        "attributesByType/*-newlore/stacks/11/chance": "(LORE) ? 1.0 : 0.0",
        "attributesByType/*-newlore/stacks/12/chance": "(LORE) ? 1.0 : 0.0",
        "attributesByType/*-newlore/stacks/13/chance": "(LORE) ? 1.0 : 0.0",
        "attributesByType/*-newlore/stacks/14/chance": "(LORE) ? 1.0 : 0.0",
        "attributesByType/*-newlore/stacks/15/chance": "(LORE) ? 1.0 : 0.0",
        "attributesByType/*-newlore/stacks/16/chance": "(LORE) ? 1.0 : 0.0",
        "attributesByType/*-newlore/stacks/17/chance": "(LORE) ? 1.0 : 0.0",
        "attributesByType/*-newlore/stacks/18/chance": "(LORE) ? 1.0 : 0.0",
        "attributesByType/*-newlore/stacks/19/chance": "(LORE) ? 1.0 : 0.0",
        "attributesByType/*-newlore/stacks/20/chance": "(LORE) ? 1.0 : 0.0",
        "attributesByType/*-newlore/stacks/21/chance": "(LORE) ? 1.0 : 0.0",
        "attributesByType/*-newlore/stacks/22/chance": "(LORE) ? 1.0 : 0.0",


        "attributesByType/*-rottenkingclothing/stacks/0/chance": "LOOT * value",
        "attributesByType/*-rottenkingclothing/stacks/1/chance": "LOOT * value",
        "attributesByType/*-rottenkingclothing/stacks/2/chance": "LOOT * value",
        "attributesByType/*-rottenkingclothing/stacks/3/chance": "LOOT * value",
        "attributesByType/*-rottenkingclothing/stacks/4/chance": "LOOT * value",
        "attributesByType/*-rottenkingclothing/stacks/5/chance": "LOOT * value",
        "attributesByType/*-rottenkingclothing/stacks/6/chance": "LOOT * value",
        "attributesByType/*-rottenkingclothing/stacks/7/chance": "LOOT * value",
        "attributesByType/*-rottenkingclothing/stacks/8/chance": "LOOT * value",
        "attributesByType/*-rottenkingclothing/stacks/9/chance": "LOOT * value",
        "attributesByType/*-rottenkingclothing/stacks/10/chance": "LOOT * value",
        "attributesByType/*-rottenkingclothing/stacks/11/chance": "LOOT * value",
        "attributesByType/*-rottenkingclothing/stacks/12/chance": "LOOT * value",
        "attributesByType/*-rottenkingclothing/stacks/13/chance": "LOOT * value",
        "attributesByType/*-rottenkingclothing/stacks/14/chance": "LOOT * value",

        "attributesByType/*-blrmeteoriciron/stacks/1/chance": "METEORVALUE",
        "attributesByType/*-blrmeteoriciron/stacks/0/chance": "(100 - METEORVALUE) / 3",
        "attributesByType/*-blrmeteoriciron/stacks/2/chance": "(100 - METEORVALUE) / 3",
        "attributesByType/*-blrmeteoriciron/stacks/3/chance": "(100 - METEORVALUE) / 3"

      }
    },
	"integer": {
      "betterruins:patches/modconfig/mega.json": {
        "7/value/maxTemp": "OASIS_MAX_TEMP",
        "7/value/minTemp": "OASIS_MIN_TEMP",
        "8/value/maxTemp": "FORLORNHOPETOWER_MAX_TEMP",
        "8/value/minTemp": "FORLORNHOPETOWER_MIN_TEMP",
        "9/value/maxTemp": "FORLORNHOPETOWER_MAX_TEMP",
        "9/value/minTemp": "FORLORNHOPETOWER_MIN_TEMP",
        "10/value/maxTemp": "GIANTCATHEDRAL_MAX_TEMP",
        "10/value/minTemp": "GIANTCATHEDRAL_MIN_TEMP",
        "0/value/minGroupDistance": "MEGASTRUCTURES_MIN_DISTANCE",
        "1/value/minGroupDistance": "MEGASTRUCTURES_MIN_DISTANCE",
        "2/value/minGroupDistance": "MEGASTRUCTURES_MIN_DISTANCE",
        "3/value/minGroupDistance": "MEGASTRUCTURES_MIN_DISTANCE",
        "4/value/minGroupDistance": "MEGASTRUCTURES_MIN_DISTANCE",
        "5/value/minGroupDistance": "MEGASTRUCTURES_MIN_DISTANCE",
        "6/value/minGroupDistance": "MEGASTRUCTURES_MIN_DISTANCE",
        "7/value/minGroupDistance": "MEGASTRUCTURES_MIN_DISTANCE",
        "8/value/minGroupDistance": "MEGASTRUCTURES_MIN_DISTANCE",
        "9/value/minGroupDistance": "MEGASTRUCTURES_MIN_DISTANCE",
        "10/value/minGroupDistance": "MEGASTRUCTURES_MIN_DISTANCE",
        "11/value/minGroupDistance": "MEGASTRUCTURES_MIN_DISTANCE",
        "12/value/minGroupDistance": "MEGASTRUCTURES_MIN_DISTANCE",
        "13/value/minGroupDistance": "MEGASTRUCTURES_MIN_DISTANCE",
        "14/value/minGroupDistance": "MEGASTRUCTURES_MIN_DISTANCE",
        "15/value/minGroupDistance": "MEGASTRUCTURES_MIN_DISTANCE",
        "16/value/minGroupDistance": "MEGASTRUCTURES_MIN_DISTANCE",
        "17/value/minGroupDistance": "MEGASTRUCTURES_MIN_DISTANCE",
        "18/value/minGroupDistance": "MEGASTRUCTURES_MIN_DISTANCE",
        "19/value/minGroupDistance": "MEGASTRUCTURES_MIN_DISTANCE",
        "20/value/minGroupDistance": "MEGASTRUCTURES_MIN_DISTANCE",
        "21/value/minGroupDistance": "MEGASTRUCTURES_MIN_DISTANCE",
        "0/value/MinSpawnDistance": "MEGASTRUCTURES_MIN_SPAWN_DISTANCE",
        "1/value/MinSpawnDistance": "MEGASTRUCTURES_MIN_SPAWN_DISTANCE",
        "2/value/MinSpawnDistance": "MEGASTRUCTURES_MIN_SPAWN_DISTANCE",
        "3/value/MinSpawnDistance": "MEGASTRUCTURES_MIN_SPAWN_DISTANCE",
        "4/value/MinSpawnDistance": "MEGASTRUCTURES_MIN_SPAWN_DISTANCE",
        "5/value/MinSpawnDistance": "MEGASTRUCTURES_MIN_SPAWN_DISTANCE",
        "6/value/MinSpawnDistance": "MEGASTRUCTURES_MIN_SPAWN_DISTANCE",
        "7/value/MinSpawnDistance": "MEGASTRUCTURES_MIN_SPAWN_DISTANCE",
        "8/value/MinSpawnDistance": "MEGASTRUCTURES_MIN_SPAWN_DISTANCE",
        "9/value/MinSpawnDistance": "MEGASTRUCTURES_MIN_SPAWN_DISTANCE",
        "10/value/MinSpawnDistance": "MEGASTRUCTURES_MIN_SPAWN_DISTANCE",
        "11/value/MinSpawnDistance": "MEGASTRUCTURES_MIN_SPAWN_DISTANCE",
        "12/value/MinSpawnDistance": "MEGASTRUCTURES_MIN_SPAWN_DISTANCE",
        "13/value/MinSpawnDistance": "MEGASTRUCTURES_MIN_SPAWN_DISTANCE",
        "14/value/MinSpawnDistance": "MEGASTRUCTURES_MIN_SPAWN_DISTANCE",
        "15/value/MinSpawnDistance": "MEGASTRUCTURES_MIN_SPAWN_DISTANCE",
        "16/value/MinSpawnDistance": "MEGASTRUCTURES_MIN_SPAWN_DISTANCE",
        "17/value/MinSpawnDistance": "MEGASTRUCTURES_MIN_SPAWN_DISTANCE",
        "18/value/MinSpawnDistance": "MEGASTRUCTURES_MIN_SPAWN_DISTANCE",
        "19/value/MinSpawnDistance": "MEGASTRUCTURES_MIN_SPAWN_DISTANCE",
        "20/value/MinSpawnDistance": "MEGASTRUCTURES_MIN_SPAWN_DISTANCE",
        "21/value/MinSpawnDistance": "MEGASTRUCTURES_MIN_SPAWN_DISTANCE"
      },
      "betterruins:patches/modconfig/surface.json": {
        "1/value/minGroupDistance": "TRANSLOCATORRUINS_MIN_DISTANCE",
        "2/value/minGroupDistance": "TRANSLOCATORRUINS_MIN_DISTANCE",
        "3/value/minGroupDistance": "TRANSLOCATORRUINS_MIN_DISTANCE",
        "1/value/MinSpawnDistance": "TRANSLOCATORRUINS_MIN_SPAWN_DISTANCE",
        "2/value/MinSpawnDistance": "TRANSLOCATORRUINS_MIN_SPAWN_DISTANCE",
        "3/value/MinSpawnDistance": "TRANSLOCATORRUINS_MIN_SPAWN_DISTANCE"
      },
      "betterruins:patches/modconfig/largeruins.json": {
        "0/value/minGroupDistance": "LARGERUINS_MIN_DISTANCE",
        "1/value/minGroupDistance": "LARGERUINS_MIN_DISTANCE",
        "2/value/minGroupDistance": "LARGERUINS_MIN_DISTANCE",
        "3/value/minGroupDistance": "LARGERUINS_MIN_DISTANCE",
        "4/value/minGroupDistance": "LARGERUINS_MIN_DISTANCE",
        "5/value/minGroupDistance": "LARGERUINS_MIN_DISTANCE",
        "6/value/minGroupDistance": "LARGERUINS_MIN_DISTANCE",
        "7/value/minGroupDistance": "LARGERUINS_MIN_DISTANCE",
        "8/value/minGroupDistance": "LARGERUINS_MIN_DISTANCE",
        "9/value/minGroupDistance": "LARGERUINS_MIN_DISTANCE",
        "10/value/minGroupDistance": "LARGERUINS_MIN_DISTANCE",
        "11/value/minGroupDistance": "LARGERUINS_MIN_DISTANCE",
        "12/value/minGroupDistance": "LARGERUINS_MIN_DISTANCE",
        "13/value/minGroupDistance": "LARGERUINS_MIN_DISTANCE",
        "14/value/minGroupDistance": "LARGERUINS_MIN_DISTANCE",
        "15/value/minGroupDistance": "LARGERUINS_MIN_DISTANCE",
        "16/value/minGroupDistance": "LARGERUINS_MIN_DISTANCE",
        "17/value/minGroupDistance": "LARGERUINS_MIN_DISTANCE",
        "18/value/minGroupDistance": "LARGERUINS_MIN_DISTANCE",
        "19/value/minGroupDistance": "LARGERUINS_MIN_DISTANCE",
        "20/value/minGroupDistance": "LARGERUINS_MIN_DISTANCE",
        "21/value/minGroupDistance": "LARGERUINS_MIN_DISTANCE",
        "22/value/minGroupDistance": "LARGERUINS_MIN_DISTANCE",
        "23/value/minGroupDistance": "LARGERUINS_MIN_DISTANCE",
        "24/value/minGroupDistance": "LARGERUINS_MIN_DISTANCE",
        "25/value/minGroupDistance": "LARGERUINS_MIN_DISTANCE",
        "26/value/minGroupDistance": "LARGERUINS_MIN_DISTANCE",
        "27/value/minGroupDistance": "LARGERUINS_MIN_DISTANCE",
        "28/value/minGroupDistance": "LARGERUINS_MIN_DISTANCE",
        "29/value/minGroupDistance": "LARGERUINS_MIN_DISTANCE",
        "30/value/minGroupDistance": "LARGERUINS_MIN_DISTANCE",
        "31/value/minGroupDistance": "LARGERUINS_MIN_DISTANCE",
        "32/value/minGroupDistance": "LARGERUINS_MIN_DISTANCE",
        "33/value/minGroupDistance": "LARGERUINS_MIN_DISTANCE",
        "34/value/minGroupDistance": "LARGERUINS_MIN_DISTANCE",
        "35/value/minGroupDistance": "LARGERUINS_MIN_DISTANCE",
        "36/value/minGroupDistance": "LARGERUINS_MIN_DISTANCE"
      },
      "betterruins:patches/others/structurespatches/graves.json": {
        "0/value/minGroupDistance": "GRAVES_MIN_DISTANCE",
        "1/value/minGroupDistance": "GRAVES_MIN_DISTANCE",
        "2/value/minGroupDistance": "GRAVES_MIN_DISTANCE",
        "3/value/minGroupDistance": "GRAVES_MIN_DISTANCE",
        "4/value/minGroupDistance": "GRAVES_MIN_DISTANCE",
        "5/value/minGroupDistance": "GRAVES_MIN_DISTANCE",
        "6/value/minGroupDistance": "GRAVES_MIN_DISTANCE"
      },
      "betterruins:patches/others/structurespatches/special.json": {
        "0/value/minGroupDistance": "WAYSTONES_MIN_DISTANCE",
        "1/value/minGroupDistance": "WAYSTONES_MIN_DISTANCE",
        "2/value/minGroupDistance": "WAYSTONES_MIN_DISTANCE",
        "3/value/minGroupDistance": "WAYSTONES_MIN_DISTANCE",
        "4/value/minGroupDistance": "WAYSTONES_MIN_DISTANCE",
        "5/value/minGroupDistance": "WAYSTONES_MIN_DISTANCE",
        "6/value/minGroupDistance": "WAYSTONES_MIN_DISTANCE",
        "7/value/minGroupDistance": "WAYSTONES_MIN_DISTANCE",
        "8/value/minGroupDistance": "WAYSTONES_MIN_DISTANCE",
        "0/value/MinSpawnDistance": "WAYSTONES_MIN_SPAWN_DISTANCE",
        "1/value/MinSpawnDistance": "WAYSTONES_MIN_SPAWN_DISTANCE",
        "2/value/MinSpawnDistance": "WAYSTONES_MIN_SPAWN_DISTANCE",
        "3/value/MinSpawnDistance": "WAYSTONES_MIN_SPAWN_DISTANCE",
        "4/value/MinSpawnDistance": "WAYSTONES_MIN_SPAWN_DISTANCE",
        "5/value/MinSpawnDistance": "WAYSTONES_MIN_SPAWN_DISTANCE",
        "6/value/MinSpawnDistance": "WAYSTONES_MIN_SPAWN_DISTANCE",
        "7/value/MinSpawnDistance": "WAYSTONES_MIN_SPAWN_DISTANCE",
        "8/value/MinSpawnDistance": "WAYSTONES_MIN_SPAWN_DISTANCE"
      },
      "betterruins:patches/modconfig/surfaceunderground.json": {
        "0/value/minGroupDistance": "SURFACEUNDERGROUND_MIN_DISTANCE",
        "1/value/minGroupDistance": "SURFACEUNDERGROUND_MIN_DISTANCE",
        "2/value/minGroupDistance": "SURFACEUNDERGROUND_MIN_DISTANCE",
        "3/value/minGroupDistance": "SURFACEUNDERGROUND_MIN_DISTANCE"
      },
      "betterruins:patches/others/structurespatches/monolith.json": {
        "0/value/minGroupDistance": "MONOLITH_MIN_DISTANCE",
        "0/value/MinSpawnDistance": "MONOLITH_MIN_SPAWN_DISTANCE"
      },
      "betterruins:recipes/grid/copy-schematic/schematiccopy.json": {
        "enabled": "SCHEMATIC_CRAFTING"
      }
    }
  },
  "settings": {
    "boolean": {
      "LORE": {
        "name": "lore",
        "comment": "betterruins:lore_comment",
        "ingui": "betterruins:lore",
        "weight": 0.41,
        "default": true
      },
      "SCHEMATIC_CRAFTING": {
        "name": "schematic_crafting",
        "comment": "betterruins:schematic_crafting_comment",
        "ingui": "betterruins:schematic_crafting",
        "weight": 27.91,
        "default": false
      }
    },
    "number": {
      "STRUCTURES_SPAWN_CHANCE": {
        "name": "structures_spawn_chance",
        "comment": "betterruins:structures_spawn_chance_comment",
        "ingui": "betterruins:structures_spawn_chance",
        "default": 1.0,
        "weight": 1.8,
        "logarithmic": true,
        "range": {
          "min": 0.0,
          "max": 100.0
        }
      },
      "VILLAGES_SPAWN_CHANCE": {
        "name": "villages_spawn_chance",
        "comment": "betterruins:villages_spawn_chance_comment",
        "ingui": "betterruins:villages_spawn_chance",
        "default": 1.0,
        "weight": 2.0,
        "logarithmic": true,
        "range": {
          "min": 0.0,
          "max": 100.0
        }
      },
      "WALLSEGMENT_SPAWN_CHANCE": {
        "name": "01wallsegment_spawn_chance",
        "comment": "betterruins:universal_spawnchance_comment",
        "ingui": "betterruins:universal_spawnchance",
        "link": "https://github.com/AreYSerious/betterruins/wiki/Mega-Structures#01-wall-segment",
        "default": 1.0,
        "weight": 3.0,
        "logarithmic": true,
        "range": {
          "min": 0.0,
          "max": 100.0
        }
      },
      "ROCKFORMATION_SPAWN_CHANCE": {
        "name": "02rockformation_spawn_chance",
        "comment": "betterruins:universal_spawnchance_comment",
        "ingui": "betterruins:universal_spawnchance",
        "link": "https://github.com/AreYSerious/betterruins/wiki/Mega-Structures#02-rock-formation",
        "default": 1.0,
        "weight": 4.0,
        "logarithmic": true,
        "range": {
          "min": 0.0,
          "max": 100.0
        }
      },
      "NORDICHOUSE_SPAWN_CHANCE": {
        "name": "03nordichouse_spawn_chance",
        "comment": "betterruins:universal_spawnchance_comment",
        "ingui": "betterruins:universal_spawnchance",
        "link": "https://github.com/AreYSerious/betterruins/wiki/Mega-Structures#03-nordic-house",
        "default": 1.0,
        "weight": 5.0,
        "logarithmic": true,
        "range": {
          "min": 0.0,
          "max": 100.0
        }
      },
      "VISINGBORG_SPAWN_CHANCE": {
        "name": "04visingborg_spawn_chance",
        "comment": "betterruins:universal_spawnchance_comment",
        "ingui": "betterruins:universal_spawnchance",
        "link": "https://github.com/AreYSerious/betterruins/wiki/Mega-Structures#04-visingsborg",
        "default": 1.0,
        "weight": 6.0,
        "logarithmic": true,
        "range": {
          "min": 0.0,
          "max": 100.0
        }
      },
      "CATNOIRSCASTLERUIN_SPAWN_CHANCE": {
        "name": "05catnoirscastleruin_spawn_chance",
        "comment": "betterruins:universal_spawnchance_comment",
        "ingui": "betterruins:universal_spawnchance",
        "link": "https://github.com/AreYSerious/betterruins/wiki/Mega-Structures#05-catnoirs-castle-ruin",
        "default": 1.0,
        "weight": 7.0,
        "logarithmic": true,
        "range": {
          "min": 0.0,
          "max": 100.0
        }
      },
      "DESTROYEDLARGECHURCH_SPAWN_CHANCE": {
        "name": "06destroyedlargechurch_spawn_chance",
        "comment": "betterruins:universal_spawnchance_comment",
        "ingui": "betterruins:universal_spawnchance",
        "link": "https://github.com/AreYSerious/betterruins/wiki/Mega-Structures#06-destroyed-large-church",
        "default": 1.0,
        "weight": 8.0,
        "logarithmic": true,
        "range": {
          "min": 0.0,
          "max": 100.0
        }
      },
      "WOLFSTONECASTLE_SPAWN_CHANCE": {
        "name": "07wolfstonecastle_spawn_chance",
        "comment": "betterruins:universal_spawnchance_comment",
        "ingui": "betterruins:universal_spawnchance",
        "link": "https://github.com/AreYSerious/betterruins/wiki/Mega-Structures#07-wolfstone-castle",
        "default": 1.0,
        "weight": 9.0,
        "logarithmic": true,
        "range": {
          "min": 0.0,
          "max": 100.0
        }
      },
      "OASIS_SPAWN_CHANCE": {
        "name": "08oasis_spawn_chance",
        "comment": "betterruins:universal_spawnchance_comment",
        "ingui": "betterruins:universal_spawnchance",
        "link": "https://github.com/AreYSerious/betterruins/wiki/Mega-Structures#08-oasis",
        "default": 1.0,
        "weight": 10.0,
        "logarithmic": true,
        "range": {
          "min": 0.0,
          "max": 100.0
        }
      },
      "FORLORNHOPETOWER_SPAWN_CHANCE": {
        "name": "09forlornhopetower_spawn_chance",
        "comment": "betterruins:universal_spawnchance_comment",
        "ingui": "betterruins:universal_spawnchance",
        "link": "https://github.com/AreYSerious/betterruins/wiki/Mega-Structures#09-forlorn-hope-tower",
        "default": 1.0,
        "weight": 11.0,
        "logarithmic": true,
        "range": {
          "min": 0.0,
          "max": 100.0
        }
      },
      "GIANTCATHEDRAL_SPAWN_CHANCE": {
        "name": "10giantcathedral_spawn_chance",
        "comment": "betterruins:universal_spawnchance_comment",
        "ingui": "betterruins:universal_spawnchance",
        "link": "https://github.com/AreYSerious/betterruins/wiki/Mega-Structures#10-giant-cathedral",
        "default": 1.0,
        "weight": 12.0,
        "logarithmic": true,
        "range": {
          "min": 0.0,
          "max": 100.0
        }
      },
      "SHOPPINGCENTRE_SPAWN_CHANCE": {
        "name": "11shoppingcentre_spawn_chance",
        "comment": "betterruins:universal_spawnchance_comment",
        "ingui": "betterruins:universal_spawnchance",
        "link": "https://github.com/AreYSerious/betterruins/wiki/Mega-Structures#11-shopping-centre",
        "default": 1.0,
        "weight": 13.0,
        "logarithmic": true,
        "range": {
          "min": 0.0,
          "max": 100.0
        }
      },
      "UNDERGROUNDLIBRARY_SPAWN_CHANCE": {
        "name": "12undergroundlibrary_spawn_chance",
        "comment": "betterruins:universal_spawnchance_comment",
        "ingui": "betterruins:universal_spawnchance",
        "link": "https://github.com/AreYSerious/betterruins/wiki/Mega-Structures#12-underground-library",
        "default": 1.0,
        "weight": 14.0,
        "logarithmic": true,
        "range": {
          "min": 0.0,
          "max": 100.0
        }
      },
      "MANSION_SPAWN_CHANCE": {
        "name": "14mansion_spawn_chance",
        "comment": "betterruins:universal_spawnchance_comment",
        "ingui": "betterruins:universal_spawnchance",
        "link": "https://github.com/AreYSerious/betterruins/wiki/Mega-Structures#14-mansion",
        "default": 1.0,
        "weight": 14.32,
        "logarithmic": true,
        "range": {
          "min": 0.0,
          "max": 100.0
        }
      },
      "AULDBURG_SPAWN_CHANCE": {
        "name": "15auldburg_spawn_chance",
        "comment": "betterruins:universal_spawnchance_comment",
        "ingui": "betterruins:universal_spawnchance",
        "link": "https://github.com/AreYSerious/betterruins/wiki/Mega-Structures#15-auldburg",
        "default": 1.0,
        "weight": 14.34,
        "logarithmic": true,
        "range": {
          "min": 0.0,
          "max": 100.0
        }
      },
      "NORMANCASTLE_SPAWN_CHANCE": {
        "name": "16normancastle_spawn_chance",
        "comment": "betterruins:universal_spawnchance_comment",
        "ingui": "betterruins:universal_spawnchance",
        "link": "https://github.com/AreYSerious/betterruins/wiki/Mega-Structures#15-normancastle",
        "default": 1.0,
        "weight": 14.36,
        "logarithmic": true,
        "range": {
          "min": 0.0,
          "max": 100.0
        }
      },
      "AQUEDUCT_SPAWN_CHANCE": {
        "name": "17aqueduct_spawn_chance",
        "comment": "betterruins:universal_spawnchance_comment",
        "ingui": "betterruins:universal_spawnchance",
        "link": "https://github.com/AreYSerious/betterruins/wiki/Mega-Structures#16-aqueduct",
        "default": 1.0,
        "weight": 14.38,
        "logarithmic": true,
        "range": {
          "min": 0.0,
          "max": 100.0
        }
      },
      "JUMBLEROCKCASTLE_SPAWN_CHANCE": {
        "name": "18jumblerockcastle_spawn_chance",
        "comment": "betterruins:universal_spawnchance_comment",
        "ingui": "betterruins:universal_spawnchance",
        "link": "https://github.com/AreYSerious/betterruins/wiki/mega-structures#17-jumblerock-castle",
        "default": 1.0,
        "weight": 14.3830,
        "logarithmic": true,
        "range": {
          "min": 0.0,
          "max": 100.0
        }
      },
      "TRANSLOCATORRUINS_SPAWN_CHANCE": {
        "name": "translocatorruins_spawn_chance",
        "comment": "betterruins:universal_spawnchance_comment",
        "ingui": "betterruins:universal_spawnchance",
        "link": "https://github.com/AreYSerious/betterruins/wiki/translocators",
        "default": 1.0,
        "weight": 15.0,
        "logarithmic": true,
        "range": {
          "min": 0.0,
          "max": 100.0
        }
      },
      "VSVILLAGE_SPAWN_CHANCE": {
        "name": "vsvillage_spawn_chance",
        "comment": "betterruins:universal_spawnchance_comment",
        "ingui": "betterruins:vsvillage_spawn_chance",
        "link": "https://github.com/AreYSerious/betterruins/wiki/villages#vsvillage",
        "default": 1.0,
        "weight": 17.0,
        "logarithmic": true,
        "range": {
          "min": 0.0,
          "max": 100.0
        }
      },
      "FORESTVILLAGE_SPAWN_CHANCE": {
        "name": "forestvillage_spawn_chance",
        "comment": "betterruins:universal_spawnchance_comment",
        "ingui": "betterruins:forestvillage_spawn_chance",
        "link": "https://github.com/AreYSerious/betterruins/wiki/villages#forest-village",
        "default": 1.0,
        "weight": 18.0,
        "logarithmic": true,
        "range": {
          "min": 0.0,
          "max": 100.0
        }
      },
      "DESERTVILLAGE_SPAWN_CHANCE": {
        "name": "desertvillage_spawn_chance",
        "comment": "betterruins:universal_spawnchance_comment",
        "ingui": "betterruins:desertvillage_spawn_chance",
        "link": "https://github.com/AreYSerious/betterruins/wiki/villages#desert-village",
        "default": 1.0,
        "weight": 19.0,
        "logarithmic": true,
        "range": {
          "min": 0.0,
          "max": 100.0
        }
      },
      "PRISONVILLAGE_SPAWN_CHANCE": {
        "name": "prisonvillage_spawn_chance",
        "comment": "betterruins:universal_spawnchance_comment",
        "ingui": "betterruins:prisonvillage_spawn_chance",
        "link": "https://github.com/AreYSerious/betterruins/wiki/villages#prison-village",
        "default": 1.0,
        "weight": 19.1,
        "logarithmic": true,
        "range": {
          "min": 0.0,
          "max": 100.0
        }
      },
      "COLOREDVILLAGE_SPAWN_CHANCE": {
        "name": "coloredvillage_spawn_chance",
        "comment": "betterruins:universal_spawnchance_comment",
        "ingui": "betterruins:coloredvillage_spawn_chance",
        "link": "https://github.com/AreYSerious/betterruins/wiki/villages#colored-village",
        "default": 1.0,
        "weight": 19.2,
        "logarithmic": true,
        "range": {
          "min": 0.0,
          "max": 100.0
        }
      },
      "OGDREDVILLAGE_SPAWN_CHANCE": {
        "name": "ogdredvillage_spawn_chance",
        "comment": "betterruins:universal_spawnchance_comment",
        "ingui": "betterruins:ogdredvillage_spawn_chance",
        "default": 1.0,
        "weight": 19.22,
        "logarithmic": true,
        "range": {
          "min": 0.0,
          "max": 100.0
        }
      },
      "FEMURSNAPPERVILLAGE_SPAWN_CHANCE": {
        "name": "femursnappervillage_spawn_chance",
        "comment": "betterruins:universal_spawnchance_comment",
        "ingui": "betterruins:femursnappervillage_spawn_chance",
        "default": 1.0,
        "weight": 19.24,
        "logarithmic": true,
        "range": {
          "min": 0.0,
          "max": 100.0
        }
      },
      "LARGERUINS_SPAWN_CHANCE": {
        "name": "largeruins_spawn_chance",
        "comment": "betterruins:universal_spawnchance_comment",
        "ingui": "betterruins:largeruins_spawn_chance",
        "link": "https://github.com/AreYSerious/betterruins/wiki/ruins#large-surface-ruins",
        "default": 1.0,
        "weight": 21.0,
        "logarithmic": true,
        "range": {
          "min": 0.0,
          "max": 100.0
        }
      },
      "MEDIUMRUINS_SPAWN_CHANCE": {
        "name": "mediumruins_spawn_chance",
        "comment": "betterruins:universal_spawnchance_comment",
        "ingui": "betterruins:mediumruins_spawn_chance",
        "link": "https://github.com/AreYSerious/betterruins/wiki/ruins#medium-surface-ruins",
        "default": 1.0,
        "weight": 22.0,
        "logarithmic": true,
        "range": {
          "min": 0.0,
          "max": 100.0
        }
      },
      "DESERTRUINS_SPAWN_CHANCE": {
        "name": "desertruins_spawn_chance",
        "comment": "betterruins:universal_spawnchance_comment",
        "ingui": "betterruins:desertruins_spawn_chance",
        "link": "https://github.com/AreYSerious/betterruins/wiki/ruins#medium-surface-ruins",
        "default": 1.0,
        "weight": 23.0,
        "logarithmic": true,
        "range": {
          "min": 0.0,
          "max": 100.0
        }
      },
      "SURFACEUNDERGROUND_SPAWN_CHANCE": {
        "name": "surfaceunderground_spawn_chance",
        "comment": "betterruins:universal_spawnchance_comment",
        "ingui": "betterruins:surfaceunderground_spawn_chance",
        "default": 1.0,
        "weight": 23.2,
        "logarithmic": true,
        "range": {
          "min": 0.0,
          "max": 100.0
        }
      },
      "WAYSTONES_SPAWN_CHANCE": {
        "name": "waystones_spawn_chance",
        "comment": "betterruins:universal_spawnchance_comment",
        "ingui": "betterruins:universal_spawnchance",
        "default": 1.0,
        "weight": 23.5,
        "logarithmic": true,
        "range": {
          "min": 0.0,
          "max": 100.0
        }
      },
      "MONOLITH_SPAWN_CHANCE": {
        "name": "monolith_spawn_chance",
        "comment": "betterruins:universal_spawnchance_comment",
        "ingui": "betterruins:universal_spawnchance",
        "default": 1.0,
        "weight": 23.54,
        "logarithmic": true,
        "range": {
          "min": 0.0,
          "max": 100.0
        }
      },
      "UNDERGROUND_SPAWN_CHANCE": {
        "name": "underground_spawn_chance",
        "comment": "betterruins:universal_spawnchance_comment",
        "ingui": "betterruins:universal_spawnchance",
        "default": 1.0,
        "weight": 25.0,
        "logarithmic": true,
        "range": {
          "min": 0.0,
          "max": 100.0
        }
      },
      "GRAVES_SPAWN_CHANCE": {
        "name": "graves_spawn_chance",
        "comment": "betterruins:universal_spawnchance_comment",
        "ingui": "betterruins:universal_spawnchance",
        "link": "https://github.com/AreYSerious/betterruins/wiki/graves",
        "default": 1.0,
        "weight": 26.01,
        "logarithmic": true,
        "range": {
          "min": 0.0,
          "max": 100.0
        }
      },



      "LOOT": {
        "name": "loot",
        "comment": "betterruins:loot_comment",
        "ingui": "betterruins:loot",
        "default": 1.0,
        "weight": 0.31,
        "range": {
          "min": 0.0,
          "max": 10.0
        }
      },
      "METEORVALUE": {
          "name": "meteorvalue",
          "comment": "betterruins:meteorvalue_comment",
          "ingui": "betterruins:meteorvalue",
          "default": 25.0,  
          "weight": 0.315,  
          "range": {
              "min": 0.0,
              "max": 100.0
          }
      },

      "SCHEMATIC_DOOR": {
        "name": "schematic_door",
        "comment": "betterruins:universal_schematic_comment",
        "ingui": "betterruins:item-br-schematic-door",
        "default": 3.0,
        "weight": 28.0,
        "logarithmic": true,
        "range": {
          "min": 0,
          "max": 1000
        }
      },
      "SCHEMATIC_BED": {
        "name": "schematic_bed",
        "comment": "betterruins:universal_schematic_comment",
        "ingui": "betterruins:item-br-schematic-bed",
        "default": 3.0,
        "weight": 28.1,
        "logarithmic": true,
        "range": {
          "min": 0,
          "max": 1000
        }
      },
      "SCHEMATIC_CHEST": {
        "name": "schematic_chest",
        "comment": "betterruins:universal_schematic_comment",
        "ingui": "betterruins:item-br-schematic-chest",
        "default": 3.0,
        "weight": 28.2,
        "logarithmic": true,
        "range": {
          "min": 0,
          "max": 1000
        }
      },
      "SCHEMATIC_CRATE": {
        "name": "schematic_crate",
        "comment": "betterruins:universal_schematic_comment",
        "ingui": "betterruins:item-br-schematic-crate",
        "default": 3.0,
        "weight": 28.3,
        "logarithmic": true,
        "range": {
          "min": 0,
          "max": 1000
        }
      },
      "SCHEMATIC_GASLAMP": {
        "name": "schematic_gaslamp",
        "comment": "betterruins:universal_schematic_comment",
        "ingui": "betterruins:item-br-schematic-gaslamp",
        "default": 3.0,
        "weight": 28.4,
        "logarithmic": true,
        "range": {
          "min": 0,
          "max": 1000
        }
      },
      "SCHEMATIC_JONASLAMP": {
        "name": "schematic_jonaslamp",
        "comment": "betterruins:universal_schematic_comment",
        "ingui": "betterruins:item-br-schematic-jonaslamp",
        "default": 3.0,
        "weight": 28.5,
        "logarithmic": true,
        "range": {
          "min": 0,
          "max": 1000
        }
      },
      "SCHEMATIC_BANNER": {
        "name": "schematic_banner",
        "comment": "betterruins:universal_schematic_comment",
        "ingui": "betterruins:item-br-schematic-banner",
        "default": 3.0,
        "weight": 28.6,
        "logarithmic": true,
        "range": {
          "min": 0,
          "max": 1000
        }
      },
      "SCHEMATIC_TABLE": {
        "name": "schematic_table",
        "comment": "betterruins:universal_schematic_comment",
        "ingui": "betterruins:item-br-schematic-table",
        "default": 3.0,
        "weight": 28.7,
        "logarithmic": true,
        "range": {
          "min": 0,
          "max": 1000
        }
      },
      "SCHEMATIC_STONE": {
        "name": "schematic_stone",
        "comment": "betterruins:universal_schematic_comment",
        "ingui": "betterruins:item-br-schematic-stone",
        "default": 3.0,
        "weight": 28.8,
        "logarithmic": true,
        "range": {
          "min": 0,
          "max": 1000
        }
      },
      "SCHEMATIC_WOOD": {
        "name": "schematic_wood",
        "comment": "betterruins:universal_schematic_comment",
        "ingui": "betterruins:item-br-schematic-wood",
        "default": 3.0,
        "weight": 28.9,
        "logarithmic": true,
        "range": {
          "min": 0,
          "max": 1000
        }
      },
      "SCHEMATIC_ANCIENT": {
        "name": "schematic_ancient",
        "comment": "betterruins:universal_schematic_comment",
        "ingui": "betterruins:item-br-schematic-ancient",
        "default": 3.0,
        "weight": 29.0,
        "logarithmic": true,
        "range": {
          "min": 0,
          "max": 1000
        }
      },
      "SCHEMATIC_CANDLE": {
        "name": "schematic_candle",
        "comment": "betterruins:universal_schematic_comment",
        "ingui": "betterruins:item-br-schematic-candle",
        "default": 3.0,
        "weight": 29.1,
        "logarithmic": true,
        "range": {
          "min": 0,
          "max": 1000
        }
      },
      "SCHEMATIC_ROAD": {
        "name": "schematic_road",
        "comment": "betterruins:universal_schematic_comment",
        "ingui": "betterruins:item-br-schematic-road",
        "default": 3.0,
        "weight": 29.2,
        "logarithmic": true,
        "range": {
          "min": 0,
          "max": 1000
        }
      },
      "SCHEMATIC_MECHANICAL": {
        "name": "schematic_mechanical",
        "comment": "betterruins:universal_schematic_comment",
        "ingui": "betterruins:item-br-schematic-mechanical",
        "default": 1.5,
        "weight": 29.3,
        "logarithmic": true,
        "range": {
          "min": 0,
          "max": 1000
        }
      },
      "SCHEMATIC_JONASPART": {
        "name": "schematic_jonaspart",
        "comment": "betterruins:universal_schematic_comment",
        "ingui": "betterruins:item-br-schematic-jonaspart",
        "default": 1.5,
        "weight": 29.4,
        "logarithmic": true,
        "range": {
          "min": 0,
          "max": 1000
        }
      },
      "SCHEMATIC_JONASASSEMBLY": {
        "name": "schematic_jonasassembly",
        "comment": "betterruins:universal_schematic_comment",
        "ingui": "betterruins:item-br-schematic-jonasassembly",
        "default": 1.5,
        "weight": 29.5,
        "logarithmic": true,
        "range": {
          "min": 0,
          "max": 1000
        }
      },
      "SCHEMATIC_ROOFING": {
        "name": "schematic_roofing",
        "comment": "betterruins:universal_schematic_comment",
        "ingui": "betterruins:item-br-schematic-roofing",
        "default": 3.0,
        "weight": 29.22,
        "logarithmic": true,
        "range": {
          "min": 0,
          "max": 1000
        }
      },
      "SCHEMATIC_PALISADE": {
        "name": "schematic_palisade",
        "comment": "betterruins:universal_schematic_comment",
        "ingui": "betterruins:item-br-schematic-palisade",
        "default": 3.0,
        "weight": 29.221,
        "logarithmic": true,
        "range": {
          "min": 0,
          "max": 1000
        }
      },
      "SCHEMATIC_FARMER": {
        "name": "schematic_farmer",
        "comment": "betterruins:universal_schematic_comment",
        "ingui": "betterruins:item-br-schematic-farmer",
        "default": 3.0,
        "weight": 29.222,
        "logarithmic": true,
        "range": {
          "min": 0,
          "max": 1000
        }
      },
      "SCHEMATIC_SHIPWRIGHT": {
        "name": "schematic_shipwright",
        "comment": "betterruins:universal_schematic_comment",
        "ingui": "betterruins:item-br-schematic-shipwright",
        "default": 3.0,
        "weight": 29.223,
        "logarithmic": true,
        "range": {
          "min": 0,
          "max": 1000
        }
      }

    },
    "integer": {
      "WAYSTONES_MIN_SPAWN_DISTANCE": {
        "name": "waystones_min_spawn_distance",
        "comment": "betterruins:universal_minspawndistance_comment",
        "ingui": "betterruins:universal_min_spawn_distance",
        "default": 600,
        "weight": 23.511,
        "logarithmic": true,
        "range": {
          "min": 0,
          "max": 100000
        }
      },
      "MONOLITH_MIN_SPAWN_DISTANCE": {
        "name": "monolith_min_spawn_distance",
        "comment": "betterruins:universal_minspawndistance_comment",
        "ingui": "betterruins:universal_min_spawn_distance",
        "default": 2500,
        "weight": 23.551,
        "logarithmic": true,
        "range": {
          "min": 0,
          "max": 100000
        }
      },
      "TRANSLOCATORRUINS_MIN_SPAWN_DISTANCE": {
        "name": "translocatorruins_min_spawn_distance",
        "comment": "betterruins:universal_minspawndistance_comment",
        "ingui": "betterruins:universal_min_spawn_distance",
        "default": 1500,
        "weight": 15.21,
        "logarithmic": true,
        "range": {
          "min": 0,
          "max": 100000
        }
      },
      "MEGASTRUCTURES_MIN_SPAWN_DISTANCE": {
        "name": "megastructures_min_spawn_distance",
        "comment": "betterruins:universal_minspawndistance_comment",
        "ingui": "betterruins:megastructures_min_spawn_distance",
        "default": 2500,
        "weight": 2.91,
        "logarithmic": true,
        "range": {
          "min": 0,
          "max": 100000
        }
      },
      "MEGASTRUCTURES_MIN_DISTANCE": {
        "name": "megastructures_min_distance",
        "comment": "betterruins:universal_mindistance_comment",
        "ingui": "betterruins:megastructures_min_distance",
        "default": 6500,
        "weight": 2.9,
        "logarithmic": true,
        "range": {
          "min": 0,
          "max": 100000
        }
      },
      "TRANSLOCATORRUINS_MIN_DISTANCE": {
        "name": "translocatorruins_min_distance",
        "comment": "betterruins:universal_mindistance_comment",
        "ingui": "betterruins:universal_mindistance",
        "default": 1600,
        "weight": 15.2,
        "logarithmic": true,
        "range": {
          "min": 0,
          "max": 100000
        }
      },
      "GRAVES_MIN_DISTANCE": {
        "name": "graves_min_distance",
        "comment": "betterruins:universal_mindistance_comment",
        "ingui": "betterruins:universal_mindistance",
        "default": 850,
        "weight": 26.02,
        "logarithmic": true,
        "range": {
          "min": 0,
          "max": 100000
        }
      },
      "WAYSTONES_MIN_DISTANCE": {
        "name": "waystones_min_distance",
        "comment": "betterruins:universal_mindistance_comment",
        "ingui": "betterruins:universal_mindistance",
        "default": 5000,
        "weight": 23.51,
        "logarithmic": true,
        "range": {
          "min": 0,
          "max": 100000
        }
      },
      "MONOLITH_MIN_DISTANCE": {
        "name": "monolith_min_distance",
        "comment": "betterruins:universal_mindistance_comment",
        "ingui": "betterruins:universal_mindistance",
        "default": 40000,
        "weight": 23.55,
        "logarithmic": true,
        "range": {
          "min": 0,
          "max": 100000
        }
      },
      "SURFACEUNDERGROUND_MIN_DISTANCE": {
        "name": "surfaceunderground_min_distance",
        "comment": "betterruins:universal_mindistance_comment",
        "ingui": "betterruins:surfaceunderground_min_distance",
        "default": 7500,
        "weight": 23.21,
        "logarithmic": true,
        "range": {
          "min": 0,
          "max": 100000
        }
      },
      "LARGERUINS_MIN_DISTANCE": {
        "name": "largeruins_min_distance",
        "comment": "betterruins:universal_mindistance_comment",
        "ingui": "betterruins:largeruins_min_distance",
        "default": 2000,
        "weight": 21.001,
        "logarithmic": true,
        "range": {
          "min": 0,
          "max": 100000
        }
      },
      "OASIS_MAX_TEMP": {
        "name": "08oasis_max_temp",
        "comment": "betterruins:universal_maxtemperature_comment",
        "ingui": "betterruins:universal_maxtemperature",
        "default": 39,
        "weight": 10.1,
        "range": {
          "min": -60,
          "max": 60
        }
      },
      "OASIS_MIN_TEMP": {
        "name": "08oasis_min_temp",
        "comment": "betterruins:universal_mintemperature_comment",
        "ingui": "betterruins:universal_mintemperature",
        "default": 25,
        "weight": 10.2,
        "range": {
          "min": -60,
          "max": 60
        }
      },
      "FORLORNHOPETOWER_MAX_TEMP": {
        "name": "09forlornhopetower_max_temp",
        "comment": "betterruins:universal_maxtemperature_comment",
        "ingui": "betterruins:universal_maxtemperature",
        "default": -4,
        "weight": 11.1,
        "range": {
          "min": -60,
          "max": 60
        }
      },
      "FORLORNHOPETOWER_MIN_TEMP": {
        "name": "09forlornhopetower_min_temp",
        "comment": "betterruins:universal_mintemperature_comment",
        "ingui": "betterruins:universal_mintemperature",
        "default": -30,
        "weight": 11.2,
        "range": {
          "min": -60,
          "max": 60
        }
      },
      "GIANTCATHEDRAL_MAX_TEMP": {
        "name": "10giantcathedral_max_temp",
        "comment": "betterruins:universal_maxtemperature_comment",
        "ingui": "betterruins:universal_maxtemperature",
        "default": -7,
        "weight": 12.1,
        "range": {
          "min": -60,
          "max": 60
        }
      },
      "GIANTCATHEDRAL_MIN_TEMP": {
        "name": "10giantcathedral_min_temp",
        "comment": "betterruins:universal_mintemperature_comment",
        "ingui": "betterruins:universal_mintemperature",
        "default": -30,
        "weight": 12.2,
        "range": {
          "min": -60,
          "max": 60
        }
      }
    }
  },
  "formatting": [
    {
      "type": "separator",
      "title": "betterruins:overall_spawn_chances_title",
      "weight": 1.1
    },
    {
      "type": "separator",
      "title": "betterruins:megastructures_title",
      "weight": 2.5
    },
    {
      "type": "separator",
      "title": "betterruins:translocators_title",
      "weight": 14.5
    },
    {
      "type": "separator",
      "title": "betterruins:villages_title",
      "weight": 15.5
    },
    {
      "type": "separator",
      "title": "betterruins:ruins_title",
      "weight": 19.5
    },
    {
      "type": "separator",
      "title": "betterruins:underground_title",
      "weight": 24.5
    },
    {
      "type": "separator",
      "title": "betterruins:graves_title",
      "weight": 26
    },
    {
      "type": "separator",
      "title": "betterruins:monoliths_title",
      "weight": 23.5399
    },
    {
      "type": "separator",
      "title": "betterruins:loot_title",
      "weight": 0.30
    },
    {
      "type": "separator",
      "title": "betterruins:blueprints_spawn_chance_title",
      "weight": 27.90
    },
    {
      "type": "separator",
      "title": "betterruins:lore_title",
      "weight": 0.40
    },
    {
      "type": "separator",
      "title": "betterruins:waystones_title",
      "weight": 23.49
    },
    {
      "type": "separator",
      "title": "betterruins:megastructure_wallsegment",
      "weight": 2.95
    },
    {
      "type": "separator",
      "title": "betterruins:megastructure_rockformation",
      "weight": 3.95
    },
    {
      "type": "separator",
      "title": "betterruins:megastructure_nordichouse",
      "weight": 4.95
    },
    {
      "type": "separator",
      "title": "betterruins:megastructure_visingborg",
      "weight": 5.95
    },
    {
      "type": "separator",
      "title": "betterruins:megastructure_catnoirscastleruin",
      "weight": 6.95
    },
    {
      "type": "separator",
      "title": "betterruins:megastructure_destroyedlargechurch",
      "weight": 7.95
    },
    {
      "type": "separator",
      "title": "betterruins:megastructure_wolfstonecastle",
      "weight": 8.95
    },
    {
      "type": "separator",
      "title": "betterruins:megastructure_oasis",
      "weight": 9.95
    },
    {
      "type": "separator",
      "title": "betterruins:megastructure_forlornhopetower",
      "weight": 10.95
    },
    {
      "type": "separator",
      "title": "betterruins:megastructure_giantcathedral",
      "weight": 11.95
    },
    {
      "type": "separator",
      "title": "betterruins:megastructure_shoppingcentre",
      "weight": 12.95
    },
    {
      "type": "separator",
      "title": "betterruins:megastructure_undergroundlibrary",
      "weight": 13.95
    },
    {
      "type": "separator",
      "title": "betterruins:megastructure_mansion",
      "weight": 14.315
    },
    {
      "type": "separator",
      "title": "betterruins:megastructure_auldburg",
      "weight": 14.335
    },
    {
      "type": "separator",
      "title": "betterruins:megastructure_normancastle",
      "weight": 14.355
    },
    {
      "type": "separator",
      "title": "betterruins:megastructure_aqueduct",
      "weight": 14.375
    },
    {
      "type": "separator",
      "title": "betterruins:megastructure_jumblerockcastle",
      "weight": 14.38290
    }
      ]
}