{
	"code": "brineportion",
	"perishableProps": {
		"type": "None",
		"freshHours": { "avg": 48 },
		"transitionHours": { "avg": 48 },
		"transitionRatio": 1,
		"transitionedStack": {
			"type": "item",
			"code": "game:item-brineportion"
		}
	},
	"shape": { "base": "game:block/food/meal/liquid" },
	"ingredients": [
		{
			"code": "water",
			"validStacks": [
				{
					"type": "item",
					"code": "game:waterportion",
					"shapeElement": "bowl/water"
				}
			],
			"minQuantity": 3,
			"maxQuantity": 3,
			"portionSizeLitres": 1
		},
		{
			"code": "vinegar",
			"validStacks": [
				{
					"type": "item",
					"code": "game:vinegarportion"
				}
			],
			"minQuantity": 1,
			"maxQuantity": 1,
			"portionSizeLitres": 1
		}
	],
	"cooksInto": {
		"type": "Item",
		"code": "game:brineportion",
		"quantity": 400,
		"attributes": {
			"notDirtied": true
		}
	}
}