{
	"code": "compoteportion",
	"perishableProps": {
		"type": "None",
		"freshHours": { "avg": 48 },
		"transitionHours": { "avg": 48 },
		"transitionRatio": 1,
		"transitionedStack": {
			"type": "item",
			"code": "artofcooking:item-compoteportion"
		}
	},
	"shape": { "base": "game:block/food/meal/liquid" },
	"ingredients": [
		{
			"code": "water",
			"validStacks": [
				{
					"type": "item",
					"code": "game:waterportion",
					"shapeElement": "bowl/water"
				}
			],
			"minQuantity": 3,
			"maxQuantity": 3,
			"portionSizeLitres": 1
		},
		{
			"code": "fruit",
			"validStacks": [
				{
					"type": "item",
					"code": "game:fruit-blueberry"
				},
				{
					"type": "item",
					"code": "game:fruit-cranberry"
				},
				{
					"type": "item",
					"code": "game:fruit-redcurrant"
				},
				{
					"type": "item",
					"code": "game:fruit-whitecurrant"
				},
				{
					"type": "item",
					"code": "game:fruit-blackcurrant"
				},
				{
					"type": "item",
					"code": "game:fruit-saguaro"
				},
				{
					"type": "item",
					"code": "game:fruit-pineapple"
				},
				{
					"type": "item",
					"code": "game:fruit-redapple"
				},
				{
					"type": "item",
					"code": "game:fruit-pinkapple"
				},
				{
					"type": "item",
					"code": "game:fruit-yellowapple"
				},
				{
					"type": "item",
					"code": "game:fruit-cherry"
				},
				{
					"type": "item",
					"code": "game:fruit-peach"
				},
				{
					"type": "item",
					"code": "game:fruit-pear"
				},
				{
					"type": "item",
					"code": "game:fruit-orange"
				},
				{
					"type": "item",
					"code": "game:fruit-mango"
				},
				{
					"type": "item",
					"code": "game:fruit-breadfruit"
				},
				{
					"type": "item",
					"code": "game:fruit-lychee"
				},
				{
					"type": "item",
					"code": "game:fruit-pomegranate"
				}
			],
			"minQuantity": 1,
			"maxQuantity": 1
		}
	],
	"cooksInto": {
		"type": "Item",
		"code": "artofcooking:compoteportion",
		"quantity": 300,
		"attributes": {
			"notDirtied": true
		}
	}
}