{
	"code": "compoteportion",
	"perishableProps": {
		"type": "None",
		"freshHours": { "avg": 48 },
		"transitionHours": { "avg": 48 },
		"transitionRatio": 1,
		"transitionedStack": {
			"type": "item",
			"code": "artofcooking:item-compoteportion"
		}
	},
	"enabled": false,
	"shape": { "base": "game:block/food/meal/liquid" },
	"ingredients": [
		{
			"code": "water",
			"validStacks": [
				{
					"type": "item",
					"code": "game:waterportion",
					"shapeElement": "bowl/water"
				}
			],
			"minQuantity": 3,
			"maxQuantity": 3,
			"portionSizeLitres": 1
		},
		{
			"code": "fruit",
			"validStacks": [
				{
					"type": "item",
					"code": "wildcraftfruit:fruit-illawarra"
				},
				{
					"type": "item",
					"code": "wildcraftfruit:fruit-creepingpine"
				},
				{
					"type": "item",
					"code": "wildcraftfruit:fruit-pandanbits"
				},
				{
					"type": "item",
					"code": "wildcraftfruit:fruit-maritabits"
				},
				{
					"type": "item",
					"code": "wildcraftfruit:fruit-kakaha"
				},
				{
					"type": "item",
					"code": "wildcraftfruit:fruit-flaxlily"
				},
				{
					"type": "item",
					"code": "wildcraftfruit:fruit-engkala"
				},
				{
					"type": "item",
					"code": "wildcraftfruit:fruit-kawakawa"
				},
				{
					"type": "item",
					"code": "wildcraftfruit:fruit-gooseberry"
				},
				{
					"type": "item",
					"code": "wildcraftfruit:fruit-blackgrape"
				},
				{
					"type": "item",
					"code": "wildcraftfruit:fruit-redgrape"
				},
				{
					"type": "item",
					"code": "wildcraftfruit:fruit-whitegrape"
				},
				{
					"type": "item",
					"code": "wildcraftfruit:fruit-foxgrape"
				},
				{
					"type": "item",
					"code": "wildcraftfruit:fruit-gardenstrawberry"
				},
				{
					"type": "item",
					"code": "wildcraftfruit:fruit-strawberry"
				},
				{
					"type": "item",
					"code": "wildcraftfruit:fruit-falsestrawberry"
				},
				{
					"type": "item",
					"code": "wildcraftfruit:fruit-raspberry"
				},
				{
					"type": "item",
					"code": "wildcraftfruit:fruit-blueraspberry"
				},
				{
					"type": "item",
					"code": "wildcraftfruit:fruit-brambleberry"
				},
				{
					"type": "item",
					"code": "wildcraftfruit:fruit-cloudberry"
				},
				{
					"type": "item",
					"code": "wildcraftfruit:fruit-knyazberry"
				},
				{
					"type": "item",
					"code": "wildcraftfruit:fruit-bushlawyer"
				},
				{
					"type": "item",
					"code": "wildcraftfruit:fruit-dogrose"
				},
				{
					"type": "item",
					"code": "wildcraftfruit:fruit-hawthorn"
				},
				{
					"type": "item",
					"code": "wildcraftfruit:fruit-quince"
				},
				{
					"type": "item",
					"code": "wildcraftfruit:fruit-loquat"
				},
				{
					"type": "item",
					"code": "wildcraftfruit:fruit-pittedcherry"
				},
				{
					"type": "item",
					"code": "wildcraftfruit:fruit-apricot"
				},
				{
					"type": "item",
					"code": "wildcraftfruit:fruit-pittedapricot"
				},
				{
					"type": "item",
					"code": "wildcraftfruit:fruit-purpleplum"
				},
				{
					"type": "item",
					"code": "wildcraftfruit:fruit-cherryplum"
				},
				{
					"type": "item",
					"code": "wildcraftfruit:fruit-sallowthorn"
				},
				{
					"type": "item",
					"code": "wildcraftfruit:fruit-jujube"
				},
				{
					"type": "item",
					"code": "wildcraftfruit:fruit-fig"
				},
				{
					"type": "item",
					"code": "wildcraftfruit:fruit-pittedbreadfruit"
				},
				{
					"type": "item",
					"code": "wildcraftfruit:fruit-silvernettle"
				},
				{
					"type": "item",
					"code": "wildcraftfruit:fruit-muskmelon"
				},
				{
					"type": "item",
					"code": "wildcraftfruit:fruit-mirzamelon"
				},
				{
					"type": "item",
					"code": "wildcraftfruit:fruit-watermelon"
				},
				{
					"type": "item",
					"code": "wildcraftfruit:fruit-passionfruit"
				},
				{
					"type": "item",
					"code": "wildcraftfruit:fruit-achacha"
				},
				{
					"type": "item",
					"code": "wildcraftfruit:fruit-ugni"
				},
				{
					"type": "item",
					"code": "wildcraftfruit:fruit-midyimberry"
				},
				{
					"type": "item",
					"code": "wildcraftfruit:fruit-munthari"
				},
				{
					"type": "item",
					"code": "wildcraftfruit:fruit-guajava"
				},
				{
					"type": "item",
					"code": "wildcraftfruit:fruit-feijoa"
				},
				{
					"type": "item",
					"code": "wildcraftfruit:fruit-roseapple"
				},
				{
					"type": "item",
					"code": "wildcraftfruit:fruit-lillypillypink"
				},
				{
					"type": "item",
					"code": "wildcraftfruit:fruit-lillypillyblue"
				},
				{
					"type": "item",
					"code": "wildcraftfruit:fruit-lillypillywhite"
				},
				{
					"type": "item",
					"code": "wildcraftfruit:fruit-beachalmondwhole"
				},
				{
					"type": "item",
					"code": "wildcraftfruit:fruit-pittedbeachalmond"
				},
				{
					"type": "item",
					"code": "wildcraftfruit:fruit-bluetongue"
				},
				{
					"type": "item",
					"code": "wildcraftfruit:fruit-turkscap"
				},
				{
					"type": "item",
					"code": "wildcraftfruit:fruit-caperberry"
				},
				{
					"type": "item",
					"code": "wildcraftfruit:fruit-citron"
				},
				{
					"type": "item",
					"code": "wildcraftfruit:fruit-lemon"
				},
				{
					"type": "item",
					"code": "wildcraftfruit:fruit-pomelo"
				},
				{
					"type": "item",
					"code": "wildcraftfruit:fruit-fingerlime"
				},
				{
					"type": "item",
					"code": "wildcraftfruit:fruit-kumquat"
				},
				{
					"type": "item",
					"code": "wildcraftfruit:fruit-lemonaspen"
				},
				{
					"type": "item",
					"code": "wildcraftfruit:fruit-cashewapple"
				},
				{
					"type": "item",
					"code": "wildcraftfruit:fruit-redquandong"
				},
				{
					"type": "item",
					"code": "wildcraftfruit:fruit-rubysaltbush"
				},
				{
					"type": "item",
					"code": "wildcraftfruit:fruit-bunchberry"
				},
				{
					"type": "item",
					"code": "wildcraftfruit:fruit-cheeseberry"
				},
				{
					"type": "item",
					"code": "wildcraftfruit:fruit-pineheath"
				},
				{
					"type": "item",
					"code": "wildcraftfruit:fruit-pricklyheath"
				},
				{
					"type": "item",
					"code": "wildcraftfruit:fruit-honeypots"
				},
				{
					"type": "item",
					"code": "wildcraftfruit:fruit-crowberry"
				},
				{
					"type": "item",
					"code": "wildcraftfruit:fruit-lingonberry"
				},
				{
					"type": "item",
					"code": "wildcraftfruit:fruit-huckleberry"
				},
				{
					"type": "item",
					"code": "wildcraftfruit:fruit-kiwi"
				},
				{
					"type": "item",
					"code": "wildcraftfruit:fruit-honeysuckle"
				},
				{
					"type": "item",
					"code": "wildcraftfruit:fruit-blackelder"
				},
				{
					"type": "item",
					"code": "wildcraftfruit:fruit-blacknightshade"
				},
				{
					"type": "item",
					"code": "wildcraftfruit:fruit-naranjilla"
				},
				{
					"type": "item",
					"code": "wildcraftfruit:fruit-husktomato"
				},
				{
					"type": "item",
					"code": "wildcraftfruit:fruit-beautyberry"
				},
				{
					"type": "item",
					"code": "wildcraftfruit:fruit-numnum"
				},
				{
					"type": "item",
					"code": "wildcraftfruit:fruit-pilo"
				},
				{
					"type": "item",
					"code": "wildcraftfruit:fruit-mingimingi"
				},
				{
					"type": "item",
					"code": "wildcraftfruit:fruit-fractureberry"
				},
				{
					"type": "item",
					"code": "wildcraftfruit:berrymush-cloudberrymush"
				}
			],
			"minQuantity": 1,
			"maxQuantity": 1
		}
	],
	"cooksInto": {
		"type": "Item",
		"code": "artofcooking:compoteportion",
		"quantity": 300,
		"attributes": {
			"notDirtied": true
		}
	}
}