{
	"enabled": false,
	"code": "deadpanthera",
	"class": "butcherable",
	"variantgroups": [
		{
			"code": "type",
			"states": [ "male", "female", "baby" ]
		},
		{
			"code": "state",
			"states": [ "dead", "skinned", "bledout", "rotten" ]
		}
	],
	"maxstacksize": 1,
	"behaviors": [],
	"texturesByType": {
		"deadpanthera-male-dead": { "meat": { "base": "butchering:item/butchercreatures/animalbushmeatbloody" } },
		"deadpanthera-female-dead": { "meat": { "base": "butchering:item/butchercreatures/animalbushmeatbloody" } },
		"deadpanthera-baby-dead": { "meat": { "base": "butchering:item/butchercreatures/animalbushmeatbloody" } },
		"deadpanthera-male-skinned": {
			"fur": { "base": "butchering:item/butchercreatures/animalbushmeatbloody" },
			"meat": { "base": "butchering:item/butchercreatures/animalbushmeatbloody" }
		},
		"deadpanthera-female-skinned": {
			"fur": { "base": "butchering:item/butchercreatures/animalbushmeatbloody" },
			"meat": { "base": "butchering:item/butchercreatures/animalbushmeatbloody" }
		},
		"deadpanthera-baby-skinned": {
			"fur": { "base": "butchering:item/butchercreatures/animalbushmeatbloody" },
			"meat": { "base": "butchering:item/butchercreatures/animalbushmeatbloody" }
		},
		"deadpanthera-male-bledout": {
			"fur": { "base": "butchering:item/butchercreatures/animalbushmeatbledout" },
			"meat": { "base": "butchering:item/butchercreatures/animalbushmeatbledout" }
		},
		"deadpanthera-female-bledout": {
			"fur": { "base": "butchering:item/butchercreatures/animalbushmeatbledout" },
			"meat": { "base": "butchering:item/butchercreatures/animalbushmeatbledout" }
		},
		"deadpanthera-baby-bledout": {
			"fur": { "base": "butchering:item/butchercreatures/animalbushmeatbledout" },
			"meat": { "base": "butchering:item/butchercreatures/animalbushmeatbledout" }
		},
		"deadpanthera-male-rotten": {
			"fur": { "base": "game:block/creature/rot/rot" },
			"meat": { "base": "game:block/creature/rot/rot" }
		},
		"deadpanthera-female-rotten": {
			"fur": { "base": "game:block/creature/rot/rot" },
			"meat": { "base": "game:block/creature/rot/rot" }
		},
		"deadpanthera-baby-rotten": {
			"fur": { "base": "game:block/creature/rot/rot" },
			"meat": { "base": "game:block/creature/rot/rot" }
		}
	},
	"attributesByType": {
		"deadpanthera-male-*": {
			"size": 0.5,
			"mass": 0.04,
			"bloodAmount": 100,
			"handbookByType": {
				"*-rotten": {
					"exclude": false
				},
				"*": {
					"exclude": true
				}
			},
			"hangingShape": { "base": "butchering:creatures/modded/genericmedium/medium-hanging" },
			"excludeRewards": [],
			"butcheringRewards": [
				{
					"type": "item",
					"code": "butchering:sinew-wet",
					"quantity": {
						"avg": 1.6,
						"var": 0.5
					}
				},
				{
					"type": "item",
					"code": "butchering:offal-bloody",
					"quantity": {
						"avg": 1,
						"var": 0.5
					}
				}
			],
			"skinningRewards": [
			]
		},
		"deadpanthera-female-*": {
			"size": 0.5,
			"mass": 0.04,
			"bloodAmount": 100,
			"handbookByType": {
				"*-rotten": {
					"exclude": false
				},
				"*": {
					"exclude": true
				}
			},
			"hangingShape": { "base": "butchering:creatures/modded/genericmedium/medium-hanging" },
			"excludeRewards": [],
			"butcheringRewards": [
				{
					"type": "item",
					"code": "butchering:sinew-wet",
					"quantity": {
						"avg": 1.6,
						"var": 0.5
					}
				},
				{
					"type": "item",
					"code": "butchering:offal-bloody",
					"quantity": {
						"avg": 1,
						"var": 0.5
					}
				}
			],
			"skinningRewards": [
			]
		},
		"deadpanthera-baby-*": {
			"size": 0.5,
			"mass": 0,
			"bloodAmount": 20,
			"handbookByType": {
				"*-rotten": {
					"exclude": false
				},
				"*": {
					"exclude": true
				}
			},
			"hangingShape": { "base": "butchering:creatures/modded/genericsmall/small-hanging" },
			"excludeRewards": [],
			"butcheringRewards": [
			],
			"skinningRewards": [
			]
		}
	},

	"shapeByType": {
		"deadpanthera-male-*": { "base": "butchering:creatures/modded/genericmedium/medium-dead" },
		"deadpanthera-female-*": { "base": "butchering:creatures/modded/genericmedium/medium-dead" },
		"deadpanthera-baby-*": { "base": "butchering:creatures/modded/genericsmall/small-dead" }

	},
	"storageFlagsbytype": {
		"deadpanthera-baby-*": 2049,
		"*-rotten": 1,
		"*": 2050
	},
	"transitionablePropsByType": {
		"*-rotten": [],
		"*": [
			{
				"type": "perish",
				"freshHours": {
					"avg": 80
				},
				"transitionHours": {
					"avg": 24
				},
				"transitionedStack": {
					"type": "item",
					"code": "butchering:deadpanthera-{type}-rotten"
				},
				"transitionRatio": 1
			}
		]
	},
	"creativeinventory": {
		"general": [ "*" ],
		"items": [ "*" ]
	},
	"heldTpIdleAnimation": "holdunderarm",
	"guiTransform": {
		"translation": {
			"x": 0,
			"y": 0,
			"z": 0
		},
		"rotation": {
			"x": -20,
			"y": 21,
			"z": 180
		},
		"origin": {
			"x": 0.53,
			"y": 0.35,
			"z": 0.5
		},
		"scale": 1,
		"rotate": true
	},
	"fpHandTransform": {
		"translation": {
			"x": 0,
			"y": 0,
			"z": 0
		},
		"rotation": {
			"x": -132,
			"y": -180,
			"z": -18
		}
	},
	"tpHandTransform": {
		"translation": {
			"x": -0.5,
			"y": -0.3,
			"z": -0.7
		},
		"rotation": {
			"x": -89,
			"y": -12,
			"z": 3
		},
		"scale": 0.86
	},
	"groundTransform": {
		"translation": {
			"x": 0,
			"y": 0,
			"z": 0
		},
		"rotation": {
			"x": 180,
			"y": 33,
			"z": -180
		},
		"origin": {
			"x": 0.5,
			"y": 0,
			"z": 0.5
		},
		"scale": 4.5
	}
}