[
  {
    "side": "Server",
    "dependsOn": [{ "modid": "combatoverhaul" }],
    "file": "elephantidae:entities/land/elephantidae",
    "op": "add",
    "path": "/client/behaviors/-",
    "value": {
      "code": "CombatOverhaul:EntityColliders",
      "elements": {
        "Torso": ["neck2", "neck", "Body2", "Body", "R Ribs", "L Ribs", "Hip", "R Shoulder", "L Shoulder"],
        "Head": ["Jaw Base", "Head", "Trunk Base"],
        "Arm": ["L Upper Arm", "L Lower Arm", "L Wrist","L Hand", "R Upper Arm", "R Lower Arm", "R Wrist", "R Hand"],
        "Leg": ["L Thigh", "L Lower Leg", "L Ankle", "L Foot", "R Thigh", "R Lower Leg", "R Ankle", "R Foot"],
        "Critical": [],
        "Resistant": []
      }
    }
  },
  {
    "side": "Server",
    "dependsOn": [{ "modid": "combatoverhaul" }],
    "file": "elephantidae:entities/land/elephantidae",
    "op": "add",
    "path": "/server/behaviors/-",
    "value": {
      "code": "CombatOverhaul:EntityColliders",
      "elements": {
        "Torso": ["neck2", "neck", "Body2", "Body", "R Ribs", "L Ribs", "Hip", "R Shoulder", "L Shoulder"],
        "Head": ["Jaw Base", "Head", "Trunk Base"],
        "Arm": ["L Upper Arm", "L Lower Arm", "L Wrist","L Hand", "R Upper Arm", "R Lower Arm", "R Wrist", "R Hand"],
        "Leg": ["L Thigh", "L Lower Leg", "L Ankle", "L Foot", "R Thigh", "R Lower Leg", "R Ankle", "R Foot"],
        "Critical": [],
        "Resistant": []
      }
    }
  },
  {
    "side": "Server",
    "dependsOn": [{ "modid": "combatoverhaul" }],
    "file": "elephantidae:entities/land/elephantidae",
    "op": "add",
    "path": "/server/behaviors/-",
    "value": {
      "code": "CombatOverhaul:EntityDamageModel",
      "damageModel": {
        "TorsoDamageMultiplier": 1,
        "LimbsDamageMultiplier": 0.75,
        "HeadDamageMultiplier": 1.25,
        "CriticalDamageMultiplier": 2.5,
        "DefaultResists": {"BluntAttack": 0, "SlashingAttack": 0, "PiercingAttack": 0}
      }
    }
  },
  {
    "side": "Server",
    "dependsOn": [{ "modid": "combatoverhaul" }],
    "file": "elephantidae:entities/land/elephantidae",
    "op": "add",
    "path": "/client/behaviors/-",
    "value": {
      "code": "CombatOverhaul:EntityDamageModel",
      "damageModel": {
        "TorsoDamageMultiplier": 1,
        "LimbsDamageMultiplier": 0.75,
        "HeadDamageMultiplier": 1.25,
        "CriticalDamageMultiplier": 2,
        "DefaultResists": {"BluntAttack": 0, "SlashingAttack": 0, "PiercingAttack": 0}
      }
    }
  }
]