{
	"code": "haystorage",
	"behaviors": [
		{
			"name": "UnstableFalling",
			"properties": {
				"attachmentArea": {
					"x1": 0,
					"y1": 0,
					"z1": 0,
					"x2": 16,
					"y2": 0,
					"z2": 16
				}
			}
		}
	],
	"class": "AOGBlockHayStorage",
	"entityClass": "AOGHayStorage",
	"shape": {
		"base": "game:block/basic/invisible"
	},
	"renderpass": "OpaqueNoCull",
	"sidesolid": { "all": false },
	"sideopaque": { "all": false },
	"faceCullMode": "Default",
	"doNotRenderAtLod2": true,
	"blockmaterial": "Plant",
	"materialDensity": 200,
	"combustibleProps": {
		"burnTemperature": 600,
		"burnDuration": 5
	},
	"creativeinventory": { "general": [ "" ] },
	"lightAbsorption": 0,
	"drops": [],
	"frostable": true
}