﻿{
  "code": "arrow",
  "class": "CombatOverhaul:Projectile",
  "variantgroups": [{"code": "material", "states": ["crude", "flint", "copper", "tinbronze", "bismuthbronze", "blackbronze", "iron", "gold", "silver", "steel", "meteoriciron"]}],
  "hitboxSize": {"x": 0.125, "y": 0.125},
  "client": {
    "size": 0.55,
    "renderer": "Shape",
    "shapeByType": {
      "*-crude": {"base": "combatoverhaul:ammo/arrows/crude"},
      "*-flint": {"base": "combatoverhaul:ammo/arrows/stone"},
      "*-meteoriciron": {"base": "combatoverhaul:ammo/arrows/envelop"},
      "*-steel": {"base": "combatoverhaul:ammo/arrows/envelop"},
      "*-iron": {"base": "combatoverhaul:ammo/arrows/envelop"},
      "*-gold": {"base": "combatoverhaul:ammo/arrows/gold"},
      "*-silver": {"base": "combatoverhaul:ammo/arrows/silver"},
      "*": {"base": "combatoverhaul:ammo/arrows/insert"}
    },
    "texturesByType": {"*-crude": {}, "*-flint": {"material": {"base": "game:block/stone/flint"}}, "*": {"material": {"base": "game:block/metal/ingot/{material}"}}},
    "behaviors": [{"code": "passivephysics", "groundDragFactor": 1, "airDragFactor": 0.25, "gravityFactor": 0.5}, {"code": "interpolateposition"}]
  },
  "server": {"behaviors": [{"code": "passivephysics", "groundDragFactor": 1, "airDragFactor": 0.25, "gravityFactor": 0.5}, {"code": "despawn", "minSeconds": 600}]},
  "sounds": {}
}