{
	"code": "vegetable",
	"classByType": {
		"*-cabbage": "Item",
		"*": "AOGItemSeedling"
	},
	"maxstacksizeByType": {
		"*-wild-*": 128,
		"*-small-*": 96,
		"*-medium-*": 64,
		"*-decent-*": 48,
		"*-large-*": 32,
		"*-hefty-*": 24,
		"*-gigantic-*": 16
	},
	"behaviors": [
		{
			"name": "GroundStorable",
			"properties": {
				"layoutByType": {
					"*-gigantic-cabbage": "SingleCenter",
					"*-hefty-cabbage": "SingleCenter",
					"*": "Quadrants"
				},
				"collisionBox": {
					"x1": 0,
					"y1": 0,
					"z1": 0,
					"x2": 1,
					"y2": 0.125,
					"z2": 1
				}
			}
		}
	],
	"attributesByType": {
		"*-cabbage": {
			"inContainerTexture": { "base": "game:block/wood/barrel/raw-{type}" },
			"inBarrelShape": "coreofart:/block/wood/barrel/{type}fill1",
			"nutritionPropsWhenInMeal": {
				"satietyByType": {
					"*-wild-*": 90,
					"*-small-*": 180,
					"*-medium-*": 270,
					"*-decent-*": 360,
					"*-large-*": 450,
					"*-hefty-*": 675,
					"*-gigantic-*": 900
				},
				"foodcategory": "Vegetable"
			},
			"inPieProperties": {
				"texture": "game:block/food/pie/fill-{type}",
				"partType": "Filling"
			},
			"inCookedMealProperties": {
				"texture": "game:block/food/pie/fill-{type}",
				"partType": "Filling"
			}
		},
		"*-onion": {
			"foodTags": [ "{type}" ],
			"inContainerTexture": { "base": "game:block/wood/barrel/raw-{type}" },
			"inBarrelShape": "coreofart:/block/wood/barrel/{type}fill1",
			"nutritionPropsWhenInMeal": {
				"satietyByType": {
					"*-wild-*": 30,
					"*-small-*": 60,
					"*-medium-*": 90,
					"*-decent-*": 120,
					"*-large-*": 150,
					"*-hefty-*": 225,
					"*-gigantic-*": 300
				},
				"foodcategory": "Vegetable"
			},
			"inPieProperties": {
				"texture": "game:block/food/pie/fill-{type}",
				"partType": "Filling"
			},
			"inCookedMealProperties": {
				"texture": "game:block/food/pie/fill-{type}",
				"partType": "Filling"
			},
			"groundStorageTransform": {
				"translation": {
					"x": -0.3,
					"y": -0.45,
					"z": 0.2
				},
				"rotation": {
					"x": 0,
					"y": 33,
					"z": 90
				}
			},
			"handbook": {
				"extraSectionsByType": {
					"*": [
						{
							"title": "artofgrowing:item-handbooktitle-seedling",
							"text": "artofgrowing:item-handbooktext-seedling"
						}
					]
				}
			}
		},
		"*": {
			"foodTags": [ "{type}" ],
			"inContainerTexture": { "base": "game:block/wood/barrel/raw-{type}" },
			"inBarrelShape": "coreofart:/block/wood/barrel/{type}fill1",
			"nutritionPropsWhenInMeal": {
				"satietyByType": {
					"*-wild-*": 30,
					"*-small-*": 60,
					"*-medium-*": 90,
					"*-decent-*": 120,
					"*-large-*": 150,
					"*-hefty-*": 225,
					"*-gigantic-*": 300
				},
				"foodcategory": "Vegetable"
			},
			"inPieProperties": {
				"texture": "game:block/food/pie/fill-{type}",
				"partType": "Filling"
			},
			"inCookedMealProperties": {
				"texture": "game:block/food/pie/fill-{type}",
				"partType": "Filling"
			},
			"groundStorageTransform": {
				"translation": {
					"x": -0.2,
					"y": -0.45,
					"z": 0.1
				},
				"rotation": {
					"x": 0,
					"y": 33,
					"z": 90
				}
			},
			"handbook": {
				"extraSectionsByType": {
					"*": [
						{
							"title": "artofgrowing:item-handbooktitle-seedling",
							"text": "artofgrowing:item-handbooktext-seedling"
						}
					]
				}
			}
		}
	},
	"variantgroups": [
		{
			"code": "size",
			"states": [ "wild", "small", "medium", "decent", "large", "hefty", "gigantic" ]
		},
		{
			"code": "type",
			"states": [ "carrot", "cabbage", "onion", "turnip", "parsnip" ]
		}
	],
	"shapebytype": {
		"*": { "base": "item/food/vegetable/{size}/{type}" }
	},
	"texturesByType": {
		"*-cabbage": {
			"cabbage": { "base": "game:block/plant/crop/{type}/cabbage" },
			"bottom12": { "base": "game:block/plant/crop/{type}/bottom12" },
			"top": { "base": "game:block/plant/crop/{type}/top" }
		},
		"*-turnip": {
			"item": { "base": "game:block/plant/crop/{type}/bulb" },
			"s4": { "base": "game:block/plant/crop/{type}/s1" },
			"e3": { "base": "game:block/plant/crop/{type}/e1" }
		},
		"*": {
			"bulb": { "base": "game:block/plant/crop/{type}/bulb" },
			"bulb2": { "base": "game:block/plant/crop/{type}/bulb" },
			"s3": { "base": "game:block/plant/crop/{type}/s2" },
			"e3": { "base": "game:block/plant/crop/{type}/e2" },
			"s5": { "base": "game:block/plant/crop/{type}/s2" },
			"e5": { "base": "game:block/plant/crop/{type}/e2" }
		}
	},
	"heldTpIdleAnimationByType": {
		"*-cabbage": "holdbothhandslarge"
	},
	"heldRightReadyAnimationByType": {
		"*-cabbage": "holdbothhandslarge"
	},
	"creativeinventory": {
		"general": [ "*" ],
		"items": [ "*" ],
		"artofgrowing": [ "*" ]
	},
	"nutritionPropsByType": {
		"*-cabbage": {
			"satietyByType": {
				"*-wild-*": 60,
				"*-small-*": 120,
				"*-medium-*": 180,
				"*-decent-*": 240,
				"*-large-*": 300,
				"*-hefty-*": 450,
				"*-gigantic-*": 600
			},
			"foodcategory": "Vegetable"
		},
		"*": {
			"satietyByType": {
				"*-wild-*": 20,
				"*-small-*": 40,
				"*-medium-*": 60,
				"*-decent-*": 80,
				"*-large-*": 100,
				"*-hefty-*": 150,
				"*-gigantic-*": 200
			},
			"foodcategory": "Vegetable"
		}
	},
	"transitionablePropsByType": {
		"*-onion": [
			{
				"type": "Perish",
				"freshHours": { "avg": 672 },
				"transitionHours": { "avg": 120 },
				"transitionedStack": {
					"type": "item",
					"code": "game:rot"
				},
				"transitionRatioByType": {
					"*-wild-*": 0.1,
					"*-small-*": 0.2,
					"*-medium-*": 0.3,
					"*-decent-*": 0.4,
					"*-large-*": 0.5,
					"*-hefty-*": 0.75,
					"*-gigantic-*": 1
				}
			}
		],
		"*": [
			{
				"type": "Perish",
				"freshHours": { "avg": 504 },
				"transitionHours": { "avg": 96 },
				"transitionedStack": {
					"type": "item",
					"code": "game:rot"
				},
				"transitionRatioByType": {
					"*-wild-*": 0.1,
					"*-small-*": 0.2,
					"*-medium-*": 0.3,
					"*-decent-*": 0.4,
					"*-large-*": 0.5,
					"*-hefty-*": 0.75,
					"*-gigantic-*": 1
				}
			}
		]
	},
	"materialDensity": 600,
	"guiTransformByType": {
		"*-cabbage": {
			"translation": {
				"x": 2.5,
				"y": 1,
				"z": 0
			},
			"rotation": {
				"x": 137,
				"y": 131,
				"z": 0
			},
			"origin": {
				"x": 0.5,
				"y": 0.2,
				"z": 0.5
			},
			"scale": 2.6
		},
		"*-carrot": {
			"translation": {
				"x": 2,
				"y": 1,
				"z": 0
			},
			"rotation": {
				"x": 180,
				"y": 44,
				"z": 56
			},
			"origin": {
				"x": 0.5,
				"y": 0.26,
				"z": 0.5
			},
			"scale": 4.4
		},
		"*-onion": {
			"translation": {
				"x": 0,
				"y": 0,
				"z": 0
			},
			"rotation": {
				"x": -37,
				"y": 135,
				"z": -155
			},
			"origin": {
				"x": 0.5,
				"y": 0.15,
				"z": 0.5
			},
			"scale": 4.85
		},
		"*-parsnip": {
			"translation": {
				"x": 0,
				"y": 0,
				"z": 0
			},
			"rotation": {
				"x": 180,
				"y": 43,
				"z": 52
			},
			"origin": {
				"x": 0.5,
				"y": 0.3,
				"z": 0.5
			},
			"scale": 4.44
		},
		"*-turnip": {
			"translation": {
				"x": 2,
				"y": 2,
				"z": 0
			},
			"rotation": {
				"x": 180,
				"y": 158,
				"z": 38
			},
			"origin": {
				"x": 0.5,
				"y": 0.23,
				"z": 0.5
			},
			"scale": 3.6
		},
		"*-olive": {
			"translation": {
				"x": 0,
				"y": 1,
				"z": 0
			},
			"rotation": {
				"x": -173,
				"y": 28,
				"z": -15
			},
			"origin": {
				"x": 0.5,
				"y": 0.22,
				"z": 0.5
			},
			"scale": 3.19
		}
	},
	"fpHandTransformByType": {
		"*-cabbage": {
			"translation": {
				"x": 0,
				"y": 0,
				"z": 0
			},
			"rotation": {
				"x": 51,
				"y": 90,
				"z": -30
			},
			"scale": 1.9
		},
		"*-carrot": {
			"translation": {
				"x": 0,
				"y": 0,
				"z": 0
			},
			"rotation": {
				"x": 45,
				"y": 47,
				"z": -30
			},
			"origin": {
				"x": 0.5,
				"y": 0.3,
				"z": 0.5
			},
			"scale": 1.9
		},
		"*-onion": {
			"translation": {
				"x": 0,
				"y": 0,
				"z": 0
			},
			"rotation": {
				"x": 45,
				"y": 47,
				"z": -30
			},
			"origin": {
				"x": 0.5,
				"y": 0.3,
				"z": 0.5
			},
			"scale": 1.9
		},
		"*-parsnip": {
			"translation": {
				"x": 0,
				"y": 0,
				"z": 0
			},
			"rotation": {
				"x": 45,
				"y": 47,
				"z": -30
			},
			"origin": {
				"x": 0.5,
				"y": 0.3,
				"z": 0.5
			},
			"scale": 1.9
		},
		"*-turnip": {
			"translation": {
				"x": 0,
				"y": 0,
				"z": 0
			},
			"rotation": {
				"x": 45,
				"y": 47,
				"z": -30
			},
			"origin": {
				"x": 0.5,
				"y": 0.3,
				"z": 0.5
			},
			"scale": 1.9
		},
		"*-olive": {
			"translation": {
				"x": 0,
				"y": 0,
				"z": 0
			},
			"rotation": {
				"x": 36,
				"y": 92,
				"z": -32
			},
			"origin": {
				"x": 0.5,
				"y": 1.2,
				"z": 0.5
			},
			"scale": 1.7
		}

	},
	"tpHandTransformByType": {
		"*-cabbage": {
			"translation": {
				"x": -0.6,
				"y": 0.06,
				"z": -0.38
			},
			"rotation": {
				"x": -33,
				"y": 9,
				"z": -95
			},
			"origin": {
				"x": 0.5,
				"y": 0.1,
				"z": 0.5
			},
			"scale": 0.79
		},
		"*-carrot": {
			"translation": {
				"x": -0.57,
				"y": -0.14,
				"z": -0.56
			},
			"rotation": {
				"x": 0,
				"y": 0,
				"z": -89
			},
			"origin": {
				"x": 0.5,
				"y": 0.1,
				"z": 0.5
			},
			"scale": 0.88
		},
		"*-onion": {
			"translation": {
				"x": -0.75,
				"y": -0.13,
				"z": -0.57
			},
			"rotation": {
				"x": 0,
				"y": 0,
				"z": -67
			},
			"origin": {
				"x": 0.5,
				"y": 0.1,
				"z": 0.5
			},
			"scale": 0.84
		},
		"*-parsnip": {
			"translation": {
				"x": -0.57,
				"y": -0.14,
				"z": -0.56
			},
			"rotation": {
				"x": 0,
				"y": 0,
				"z": -89
			},
			"origin": {
				"x": 0.5,
				"y": 0.1,
				"z": 0.5
			},
			"scale": 0.88
		},
		"*-turnip": {
			"translation": {
				"x": -0.68,
				"y": -0.18,
				"z": -0.6
			},
			"rotation": {
				"x": 0,
				"y": 0,
				"z": -84
			},
			"origin": {
				"x": 0.5,
				"y": 0.1,
				"z": 0.5
			},
			"scale": 0.8
		},
		"*-olive": {
			"translation": {
				"x": -1.2599,
				"y": -1.4,
				"z": -1.08
			},
			"rotation": {
				"x": -87,
				"y": -118,
				"z": -88
			},
			"scale": 0.47
		}
	},
	"groundTransformByType": {
		"*-cabbage": {
			"translation": {
				"x": 0,
				"y": 0,
				"z": 0
			},
			"rotation": {
				"x": 0,
				"y": 0,
				"z": 0
			},
			"origin": {
				"x": 0.5,
				"y": 0,
				"z": 0.5
			},
			"scale": 3.5
		},
		"*-carrot": {
			"translation": {
				"x": 0,
				"y": 0,
				"z": 0
			},
			"rotation": {
				"x": 0,
				"y": 0,
				"z": 83
			},
			"origin": {
				"x": 0.47,
				"y": 0,
				"z": 0.5
			},
			"scale": 4.3
		},
		"*-onion": {
			"translation": {
				"x": 0,
				"y": 0,
				"z": 0
			},
			"rotation": {
				"x": 0,
				"y": 0,
				"z": 83
			},
			"origin": {
				"x": 0.47,
				"y": 0,
				"z": 0.5
			},
			"scale": 4.3
		},
		"*-parsnip": {
			"translation": {
				"x": 0,
				"y": 0,
				"z": 0
			},
			"rotation": {
				"x": 0,
				"y": 0,
				"z": 83
			},
			"origin": {
				"x": 0.47,
				"y": 0,
				"z": 0.5
			},
			"scale": 4.3
		},
		"*-turnip": {
			"translation": {
				"x": 0,
				"y": 0,
				"z": 0
			},
			"rotation": {
				"x": 0,
				"y": 0,
				"z": 75
			},
			"origin": {
				"x": 0.47,
				"y": 0,
				"z": 0.5
			},
			"scale": 3.8
		},
		"*-olive": {
			"translation": {
				"x": 0,
				"y": 0,
				"z": 0
			},
			"rotation": {
				"x": 95,
				"y": 11,
				"z": -135
			},
			"origin": {
				"x": 0.6,
				"y": 0.2,
				"z": 0.41
			},
			"scale": 3.4
		}
	}
}