{
	"editor": {
		"allAngles": false,
		"entityTextureMode": false
	},
	"textureWidth": 8,
	"textureHeight": 8,
	"textureSizes": {
	},
	"textures": {
		"greengrapes": "game:item/food/dryfruit/greengrapes",
		"grapeleaves": "game:item/food/fruit/grapeleaves"
	},
	"elements": [
		{
			"name": "origin",
			"from": [ 9.0, 0.0, 7.0 ], 
			"to": [ 9.0, 0.0, 7.0 ], 
			"rotationOrigin": [ 9.0, 0.0, 7.0 ],
			"faces": {
				"north": { "texture": "#greengrapes", "uv": [ 0.0, 0.0, 0.5, 0.5 ], "enabled": false },
				"east": { "texture": "#greengrapes", "uv": [ 0.0, 0.0, 0.5, 0.5 ], "enabled": false },
				"south": { "texture": "#greengrapes", "uv": [ 0.0, 0.0, 0.5, 0.5 ], "enabled": false },
				"west": { "texture": "#greengrapes", "uv": [ 0.0, 0.0, 0.5, 0.5 ], "enabled": false },
				"up": { "texture": "#greengrapes", "uv": [ 0.0, 0.0, 0.5, 0.5 ], "enabled": false },
				"down": { "texture": "#greengrapes", "uv": [ 0.0, 0.0, 0.5, 0.5 ], "enabled": false }
			},
			"children": [
				{
					"name": "berry1",
					"from": [ -3.35, 2.0, 2.15 ], 
					"to": [ -1.35, 4.0, 4.15 ], 
					"rotationOrigin": [ -1.9322, 2.0, 2.1464 ],
					"rotationX": -47.26578370841099,
					"rotationY": -15.699858546338469,
					"rotationZ": -106.32493898126401,
					"faces": {
						"north": { "texture": "#greengrapes", "uv": [ 0.0, 0.0, 2.0, 2.0 ] },
						"east": { "texture": "#greengrapes", "uv": [ 0.0, 0.0, 2.0, 2.0 ] },
						"south": { "texture": "#greengrapes", "uv": [ 0.0, 0.0, 2.0, 2.0 ] },
						"west": { "texture": "#greengrapes", "uv": [ 0.0, 0.0, 2.0, 2.0 ] },
						"up": { "texture": "#greengrapes", "uv": [ 0.0, 0.0, 2.0, 2.0 ] },
						"down": { "texture": "#greengrapes", "uv": [ 0.0, 0.0, 2.0, 2.0 ] }
					}
				},
				{
					"name": "berry2",
					"from": [ -3.78, 0.3, -1.35 ], 
					"to": [ -1.78, 2.3, 0.65 ], 
					"rotationOrigin": [ -2.3678, 0.3, -1.3464 ],
					"rotationX": -44.99999994405633,
					"rotationY": 3.415094397496434E-6,
					"rotationZ": -90.00000871881595,
					"faces": {
						"north": { "texture": "#greengrapes", "uv": [ 0.0, 0.0, 2.0, 2.0 ] },
						"east": { "texture": "#greengrapes", "uv": [ 0.0, 0.0, 2.0, 2.0 ] },
						"south": { "texture": "#greengrapes", "uv": [ 0.0, 0.0, 2.0, 2.0 ] },
						"west": { "texture": "#greengrapes", "uv": [ 0.0, 0.0, 2.0, 2.0 ] },
						"up": { "texture": "#greengrapes", "uv": [ 0.0, 0.0, 2.0, 2.0 ] },
						"down": { "texture": "#greengrapes", "uv": [ 0.0, 0.0, 2.0, 2.0 ] }
					}
				},
				{
					"name": "berry3",
					"from": [ -1.52, 0.3, 3.62 ], 
					"to": [ 0.48, 2.3, 5.62 ], 
					"rotationOrigin": [ -0.1071, 0.3, 3.6213 ],
					"rotationX": -44.99999994405633,
					"rotationY": 3.415094397496434E-6,
					"rotationZ": -90.00000871881595,
					"faces": {
						"north": { "texture": "#greengrapes", "uv": [ 0.0, 0.0, 2.0, 2.0 ] },
						"east": { "texture": "#greengrapes", "uv": [ 0.0, 0.0, 2.0, 2.0 ] },
						"south": { "texture": "#greengrapes", "uv": [ 0.0, 0.0, 2.0, 2.0 ] },
						"west": { "texture": "#greengrapes", "uv": [ 0.0, 0.0, 2.0, 2.0 ] },
						"up": { "texture": "#greengrapes", "uv": [ 0.0, 0.0, 2.0, 2.0 ] },
						"down": { "texture": "#greengrapes", "uv": [ 0.0, 0.0, 2.0, 2.0 ] }
					}
				},
				{
					"name": "berry4",
					"from": [ -3.61, 1.1, 1.19 ], 
					"to": [ -1.61, 3.1, 3.19 ], 
					"rotationOrigin": [ -2.2, 1.1, 1.1858 ],
					"rotationX": -47.26578872132783,
					"rotationY": 15.699860320058907,
					"rotationZ": -73.6750419194906,
					"faces": {
						"north": { "texture": "#greengrapes", "uv": [ 0.0, 0.0, 2.0, 2.0 ] },
						"east": { "texture": "#greengrapes", "uv": [ 0.0, 0.0, 2.0, 2.0 ] },
						"south": { "texture": "#greengrapes", "uv": [ 0.0, 0.0, 2.0, 2.0 ] },
						"west": { "texture": "#greengrapes", "uv": [ 0.0, 0.0, 2.0, 2.0 ] },
						"up": { "texture": "#greengrapes", "uv": [ 0.0, 0.0, 2.0, 2.0 ] },
						"down": { "texture": "#greengrapes", "uv": [ 0.0, 0.0, 2.0, 2.0 ] }
					}
				},
				{
					"name": "berry5",
					"from": [ -1.06, 0.8, 0.26 ], 
					"to": [ 0.94, 2.8, 2.26 ], 
					"rotationOrigin": [ 0.3536, 0.8, 0.2607 ],
					"rotationX": -22.5,
					"rotationY": -22.5,
					"rotationZ": -112.5,
					"faces": {
						"north": { "texture": "#greengrapes", "uv": [ 0.0, 0.0, 2.0, 2.0 ] },
						"east": { "texture": "#greengrapes", "uv": [ 0.0, 0.0, 2.0, 2.0 ] },
						"south": { "texture": "#greengrapes", "uv": [ 0.0, 0.0, 2.0, 2.0 ] },
						"west": { "texture": "#greengrapes", "uv": [ 0.0, 0.0, 2.0, 2.0 ] },
						"up": { "texture": "#greengrapes", "uv": [ 0.0, 0.0, 2.0, 2.0 ] },
						"down": { "texture": "#greengrapes", "uv": [ 0.0, 0.0, 2.0, 2.0 ] }
					}
				},
				{
					"name": "berry6",
					"from": [ -4.8, 0.3, 0.87 ], 
					"to": [ -2.8, 2.3, 2.87 ], 
					"rotationOrigin": [ -3.382, 0.3, 0.8678 ],
					"rotationX": -54.735601353160405,
					"rotationY": -29.999994409402063,
					"rotationZ": -125.26437910437319,
					"faces": {
						"north": { "texture": "#greengrapes", "uv": [ 0.0, 0.0, 2.0, 2.0 ] },
						"east": { "texture": "#greengrapes", "uv": [ 0.0, 0.0, 2.0, 2.0 ] },
						"south": { "texture": "#greengrapes", "uv": [ 0.0, 0.0, 2.0, 2.0 ] },
						"west": { "texture": "#greengrapes", "uv": [ 0.0, 0.0, 2.0, 2.0 ] },
						"up": { "texture": "#greengrapes", "uv": [ 0.0, 0.0, 2.0, 2.0 ] },
						"down": { "texture": "#greengrapes", "uv": [ 0.0, 0.0, 2.0, 2.0 ] }
					}
				},
				{
					"name": "berry7",
					"from": [ -3.73, 0.3, 3.43 ], 
					"to": [ -1.73, 2.3, 5.43 ], 
					"rotationOrigin": [ -2.3163, 0.3, 3.4305 ],
					"rotationX": -47.26578370841099,
					"rotationY": -15.699858546338469,
					"rotationZ": -106.32493898126401,
					"faces": {
						"north": { "texture": "#greengrapes", "uv": [ 0.0, 0.0, 2.0, 2.0 ] },
						"east": { "texture": "#greengrapes", "uv": [ 0.0, 0.0, 2.0, 2.0 ] },
						"south": { "texture": "#greengrapes", "uv": [ 0.0, 0.0, 2.0, 2.0 ] },
						"west": { "texture": "#greengrapes", "uv": [ 0.0, 0.0, 2.0, 2.0 ] },
						"up": { "texture": "#greengrapes", "uv": [ 0.0, 0.0, 2.0, 2.0 ] },
						"down": { "texture": "#greengrapes", "uv": [ 0.0, 0.0, 2.0, 2.0 ] }
					}
				},
				{
					"name": "leaf1",
					"from": [ -5.5, -0.05, -2.7 ], 
					"to": [ 0.5, -0.05, 2.8 ], 
					"rotationOrigin": [ -2.5, -0.05, 0.05 ],
					"rotationX": 5.0,
					"rotationY": 45.0,
					"rotationZ": -5.0,
					"faces": {
						"north": { "texture": "#grapeleaves", "uv": [ 0.0, 0.0, 6.0, 0.5 ], "enabled": false },
						"east": { "texture": "#grapeleaves", "uv": [ 0.0, 0.0, 5.5, 0.5 ], "enabled": false },
						"south": { "texture": "#grapeleaves", "uv": [ 0.0, 0.0, 6.0, 0.5 ], "enabled": false },
						"west": { "texture": "#grapeleaves", "uv": [ 0.0, 0.0, 5.5, 0.5 ], "enabled": false },
						"up": { "texture": "#grapeleaves", "uv": [ 2.0, 0.5, 8.0, 6.0 ] },
						"down": { "texture": "#grapeleaves", "uv": [ 1.5, 0.0, 7.5, 5.5 ], "enabled": false }
					}
				},
				{
					"name": "leaf2",
					"from": [ -1.9, -0.05, 0.5 ], 
					"to": [ 4.1, -0.05, 6.0 ], 
					"rotationOrigin": [ 1.1, -0.05, 3.25 ],
					"rotationX": -5.0,
					"rotationY": -135.0,
					"rotationZ": -5.0,
					"faces": {
						"north": { "texture": "#grapeleaves", "uv": [ 0.0, 0.0, 6.0, 0.5 ], "enabled": false },
						"east": { "texture": "#grapeleaves", "uv": [ 0.0, 0.0, 5.5, 0.5 ], "enabled": false },
						"south": { "texture": "#grapeleaves", "uv": [ 0.0, 0.0, 6.0, 0.5 ], "enabled": false },
						"west": { "texture": "#grapeleaves", "uv": [ 0.0, 0.0, 5.5, 0.5 ], "enabled": false },
						"up": { "texture": "#grapeleaves", "uv": [ 2.0, 0.5, 8.0, 6.0 ] },
						"down": { "texture": "#grapeleaves", "uv": [ 1.5, 0.0, 7.5, 5.5 ], "enabled": false }
					}
				}
			]
		}
	]}