{
    "smallCatchableEntities": [
        {
            "name": "sheep-bighorn-lamb",
            "scale": 0.85
        },
        {
            "name": "deer-fawn",
            "scale": 0.85
        },
        {
            "name": "chicken-*",
            "scale": 1.0
        },
        {
            "name": "hare-*",
            "scale": 1.0
        },
        {
            "name": "pig-wild-piglet",
            "scale": 1.0
        },
        {
            "name": "wolf-pup",
            "scale": 1.0
        },
        {
            "name": "fox-pup-*",
            "scale": 1.0
        },
        {
            "name": "raccoon-*",
            "scale": 1.0
        },
        {
            "name": "hyena-pup",
            "scale": 1.0
        },
        {
          "name": "deer-*-baby",
          "scale": 0.7
        },
        {
          "name": "goat-*-baby",
          "scale": 1.0
        },
        {
            "name": "dog-*-pup",
            "scale": 1.0
        },
        {
            "name": "cat-*",
            "scale": 1.0
        },
        {
            "name": "foal-*",
            "scale": 1.0
        },
        {
            "name": "pheasant-*",
            "scale": 1.0
        },
        {
            "name": "goldenpheasant-*",
            "scale": 1.0
        },
        {
            "name": "capercaillie-*",
            "scale": 1.0
        },
        {
            "name": "wildturkey-*",
            "scale": 1.0
        },
        {
          "name": "gazelle-calf",
          "scale": 0.8
        },
        {
            "name": "crab-*",
            "scale": 1.0
        },
        {
            "name": "aurochs-lamb",
            "scale": 1.0
        }
    ],
    "mediumCatchableEntities": [
        {
            "name": "wolf-*",
            "scale": 0.9
        },
        {
            "name": "pig-*",
            "scale": 1.0
        },
        {
            "name": "sheep-*",
            "scale": 0.9
        },
        {
            "name": "hyena-*",
            "scale": 0.9
        },
        {
            "name": "fox-*",
            "scale": 1.0
        },
        {
          "name": "goat-*",
          "scale": 1.0
        },
        {
          "name": "deer-*",
          "scale": 0.9
        },
        {
          "name": "tameddeer-*",
          "scale": 0.85
        },
        {
            "name": "bear-*",
            "scale": 0.7
        },
        {
            "name": "dog-*",
            "scale": 0.9
        },
        {
            "name": "horse-*",
            "scale": 0.7
        },
        {
            "name": "gazelle-*",
            "scale": 1.0
        },
        {
            "name": "white-hart",
            "scale": 0.8
        },
        {
            "name": "aurochs-*",
            "scale": 0.75
        }
    ],
    "mustBeBelowHpInPercent": 0.5
}
