{
	"editor": {
		"allAngles": false,
		"entityTextureMode": false
	},
	"textureWidth": 16,
	"textureHeight": 16,
	"textureSizes": {
	},
	"textures": {
		
	},
	"elements": [
		{
			"name": "turnip 1",
			"from": [ 7.25, 3.0, 7.25 ], 
			"to": [ 8.75, 4.5, 8.75 ], 
			"rotationOrigin": [ 9.0, 1.0, 9.0 ],
			"faces": {
				"north": { "texture": "#turnip", "uv": [ 8.5, 6.5, 10.0, 8.0 ] },
				"east": { "texture": "#turnip", "uv": [ 11.5, 6.5, 13.0, 8.0 ] },
				"south": { "texture": "#turnip", "uv": [ 8.0, 6.5, 9.5, 8.0 ] },
				"west": { "texture": "#turnip", "uv": [ 1.0, 5.5, 2.5, 7.0 ] },
				"up": { "texture": "#turnip", "uv": [ 8.5, 6.5, 10.0, 8.0 ] },
				"down": { "texture": "#turnip", "uv": [ 10.5, 14.5, 12.0, 16.0 ] }
			},
			"children": [
				{
					"name": "turnip 1 top",
					"from": [ 0.25, 1.5, 0.25 ], 
					"to": [ 1.25, 2.0, 1.25 ], 
					"rotationOrigin": [ -1.0, -1.0, -1.0 ],
					"faces": {
						"north": { "texture": "#turnip", "uv": [ 1.5, 7.0, 2.5, 7.5 ] },
						"east": { "texture": "#turnip", "uv": [ 11.5, 7.0, 12.5, 7.5 ] },
						"south": { "texture": "#turnip", "uv": [ 13.5, 7.0, 14.5, 7.5 ] },
						"west": { "texture": "#turnip", "uv": [ 8.0, 7.0, 9.0, 7.5 ] },
						"up": { "texture": "#turnip", "uv": [ 5.0, 6.5, 6.0, 7.5 ] },
						"down": { "texture": "#turnip", "uv": [ 9.0, 7.0, 10.0, 8.0 ], "enabled": false }
					}
				},
				{
					"name": "root",
					"from": [ 0.25, -0.5, 0.25 ], 
					"to": [ 1.25, 0.0, 1.25 ], 
					"faces": {
						"north": { "texture": "#turnip", "uv": [ 8.0, 15.5, 9.0, 16.0 ] },
						"east": { "texture": "#turnip", "uv": [ 5.0, 15.0, 6.0, 15.5 ] },
						"south": { "texture": "#turnip", "uv": [ 12.0, 15.0, 13.0, 15.5 ] },
						"west": { "texture": "#turnip", "uv": [ 4.0, 15.0, 5.0, 15.5 ] },
						"up": { "texture": "#turnip", "uv": [ 6.0, 9.5, 7.0, 10.5 ], "enabled": false },
						"down": { "texture": "#turnip", "uv": [ 10.5, 14.0, 11.5, 15.0 ] }
					}
				},
				{
					"name": "tip",
					"from": [ 0.5, -1.0, 0.5 ], 
					"to": [ 1.0, -0.5, 1.0 ], 
					"rotationOrigin": [ -0.7, 2.0, -0.8 ],
					"faces": {
						"north": { "texture": "#turnip", "uv": [ 9.0, 14.5, 9.5, 15.0 ] },
						"east": { "texture": "#turnip", "uv": [ 6.0, 14.5, 6.5, 15.0 ] },
						"south": { "texture": "#turnip", "uv": [ 13.5, 14.5, 14.0, 15.0 ] },
						"west": { "texture": "#turnip", "uv": [ 6.0, 14.5, 6.5, 15.0 ] },
						"up": { "texture": "#turnip", "uv": [ 6.0, 9.5, 6.5, 10.0 ], "enabled": false },
						"down": { "texture": "#turnip", "uv": [ 9.0, 15.0, 9.5, 15.5 ] }
					}
				}
			]
		}
	]}