[
	{
	"ingredientPattern": "TRK,_PB,TR_",
	"ingredients": {
		"T": { "type": "item", "code": "game:flaxtwine" },
		"K": { "type": "item", "code": "game:knife-generic-*", "isTool": true, "toolDurabilityCost": 4 },
		"P": { "type": "item", "code": "bookbinders:signature-normal", "quantity": 10 },
		"B": { "type": "item", "code": "bookbinders:folder-*", "isTool": true },
		"R": { "type": "item", "code": "game:paper-parchment" }
	},
	"width": 3,
	"height": 3,
	"output": { "type": "item", "code": "bookbinders:book-normal-plain" }
	},

	{
	"ingredientPattern": "TRK,_PB,TR_",
	"ingredients": {
		"T": { "type": "item", "code": "game:flaxtwine" },
		"K": { "type": "item", "code": "game:knife-generic-*", "isTool": true, "toolDurabilityCost": 4 },
		"P": { "type": "item", "code": "bookbinders:signature-normal", "quantity": 10 },
		"B": { "type": "item", "code": "bookbinders:folder-*", "isTool": true },
		"R": { "type": "item", "code": "bookbinders:parchment-smooth" }
	},
	"width": 3,
	"height": 3,
	"output": { "type": "item", "code": "bookbinders:book-normal-plain" }
	},

	{
	"ingredientPattern": "TRK,_PB,TR_",
	"ingredients": {
		"T": { "type": "item", "code": "game:flaxtwine" },
		"K": { "type": "item", "code": "game:knife-generic-*", "isTool": true, "toolDurabilityCost": 4 },
		"P": { "type": "item", "code": "bookbinders:signature-normal", "quantity": 10 },
		"B": { "type": "item", "code": "bookbinders:folder-*", "isTool": true },
		"R": { "type": "item", "code": "bookbinders:parchment-vellum" }
	},
	"width": 3,
	"height": 3,
	"output": { "type": "item", "code": "bookbinders:book-normal-plain" }
	},

	{
	"ingredientPattern": "TR_,_PB,TL_",
	"ingredients": {
		"T": { "type": "item", "code": "game:flaxtwine" },
		"P": { "type": "item", "code": "bookbinders:book-normal-plain" },
		"B": { "type": "item", "code": "bookbinders:folder-*", "isTool": true },
		"R": { "type": "item", "code": "game:leather-normal-red" },
		"L": { "type": "item", "code": "game:leather-normal-plain" }
	},
	"width": 3,
	"height": 3,
	"output": { "type": "item", "code": "game:book-normal-brickred" }
	},

	{
	"ingredientPattern": "TR_,_PB,TR_",
	"ingredients": {
		"T": { "type": "item", "code": "game:flaxtwine" },
		"P": { "type": "item", "code": "bookbinders:book-normal-plain" },
		"B": { "type": "item", "code": "bookbinders:folder-*", "isTool": true },
		"R": { "type": "item", "code": "game:leather-normal-red" }
	},
	"width": 3,
	"height": 3,
	"output": { "type": "item", "code": "game:book-normal-cherryred" }
	},

	{
	"ingredientPattern": "TR_,_PB,TL_",
	"ingredients": {
		"T": { "type": "item", "code": "game:flaxtwine" },
		"P": { "type": "item", "code": "bookbinders:book-normal-plain" },
		"B": { "type": "item", "code": "bookbinders:folder-*", "isTool": true },
		"R": { "type": "item", "code": "game:leather-normal-yellow" },
		"L": { "type": "item", "code": "game:leather-normal-plain" }
	},
	"width": 3,
	"height": 3,
	"output": { "type": "item", "code": "game:book-normal-darkbeige" }
	},

	{
	"ingredientPattern": "TR_,_PB,TL_",
	"ingredients": {
		"T": { "type": "item", "code": "game:flaxtwine" },
		"P": { "type": "item", "code": "bookbinders:book-normal-plain" },
		"B": { "type": "item", "code": "bookbinders:folder-*", "isTool": true },
		"R": { "type": "item", "code": "game:leather-normal-gray" },
		"L": { "type": "item", "code": "game:leather-normal-black" }
	},
	"width": 3,
	"height": 3,
	"output": { "type": "item", "code": "game:book-normal-darkgray" }
	},

	{
	"ingredientPattern": "TR_,_PB,TL_",
	"ingredients": {
		"T": { "type": "item", "code": "game:flaxtwine" },
		"P": { "type": "item", "code": "bookbinders:book-normal-plain" },
		"B": { "type": "item", "code": "bookbinders:folder-*", "isTool": true },
		"R": { "type": "item", "code": "game:leather-normal-green" },
		"L": { "type": "item", "code": "game:leather-normal-black" }
	},
	"width": 3,
	"height": 3,
	"output": { "type": "item", "code": "game:book-normal-darkgreen" }
	},

	{
	"ingredientPattern": "TR_,_PB,TL_",
	"ingredients": {
		"T": { "type": "item", "code": "game:flaxtwine" },
		"P": { "type": "item", "code": "bookbinders:book-normal-plain" },
		"B": { "type": "item", "code": "bookbinders:folder-*", "isTool": true },
		"R": { "type": "item", "code": "game:leather-normal-green" },
		"L": { "type": "item", "code": "game:leather-normal-gray" }
	},
	"width": 3,
	"height": 3,
	"output": { "type": "item", "code": "game:book-normal-darkolive" }
	},

	{
	"ingredientPattern": "TR_,_PB,TL_",
	"ingredients": {
		"T": { "type": "item", "code": "game:flaxtwine" },
		"P": { "type": "item", "code": "bookbinders:book-normal-plain" },
		"B": { "type": "item", "code": "bookbinders:folder-*", "isTool": true },
		"R": { "type": "item", "code": "game:leather-normal-gray" },
		"L": { "type": "item", "code": "game:leather-normal-gray" }
	},
	"width": 3,
	"height": 3,
	"output": { "type": "item", "code": "game:book-normal-gray" }
	},

	{
	"ingredientPattern": "TR_,_PB,TL_",
	"ingredients": {
		"T": { "type": "item", "code": "game:flaxtwine" },
		"P": { "type": "item", "code": "bookbinders:book-normal-plain" },
		"B": { "type": "item", "code": "bookbinders:folder-*", "isTool": true },
		"R": { "type": "item", "code": "game:leather-normal-yellow" },
		"L": { "type": "item", "code": "game:leather-normal-green" }
	},
	"width": 3,
	"height": 3,
	"output": { "type": "item", "code": "game:book-normal-olive" }
	},

	{
	"ingredientPattern": "TR_,_PB,TL_",
	"ingredients": {
		"T": { "type": "item", "code": "game:flaxtwine" },
		"P": { "type": "item", "code": "bookbinders:book-normal-plain" },
		"B": { "type": "item", "code": "bookbinders:folder-*", "isTool": true },
		"R": { "type": "item", "code": "game:leather-normal-orange" },
		"L": { "type": "item", "code": "game:leather-normal-orange" }
	},
	"width": 3,
	"height": 3,
	"output": { "type": "item", "code": "game:book-normal-orange" }
	},

	{
	"ingredientPattern": "TR_,_PB,TL_",
	"ingredients": {
		"T": { "type": "item", "code": "game:flaxtwine" },
		"P": { "type": "item", "code": "bookbinders:book-normal-plain" },
		"B": { "type": "item", "code": "bookbinders:folder-*", "isTool": true },
		"R": { "type": "item", "code": "game:leather-normal-orange" },
		"L": { "type": "item", "code": "game:leather-normal-plain" }
	},
	"width": 3,
	"height": 3,
	"output": { "type": "item", "code": "game:book-normal-orangebrown" }
	},

	{
	"ingredientPattern": "TR_,_PB,TL_",
	"ingredients": {
		"T": { "type": "item", "code": "game:flaxtwine" },
		"P": { "type": "item", "code": "bookbinders:book-normal-plain" },
		"B": { "type": "item", "code": "bookbinders:folder-*", "isTool": true },
		"R": { "type": "item", "code": "game:leather-normal-purple" },
		"L": { "type": "item", "code": "game:leather-normal-purple" }
	},
	"width": 3,
	"height": 3,
	"output": { "type": "item", "code": "game:book-normal-purple" }
	},

	{
	"ingredientPattern": "TR_,_PB,TL_",
	"ingredients": {
		"T": { "type": "item", "code": "game:flaxtwine" },
		"P": { "type": "item", "code": "bookbinders:book-normal-plain" },
		"B": { "type": "item", "code": "bookbinders:folder-*", "isTool": true },
		"R": { "type": "item", "code": "game:leather-normal-purple" },
		"L": { "type": "item", "code": "game:leather-normal-orange" }
	},
	"width": 3,
	"height": 3,
	"output": { "type": "item", "code": "game:book-normal-purpleorange" }
	},

	{
	"ingredientPattern": "TR_,_PB,TL_",
	"ingredients": {
		"T": { "type": "item", "code": "game:flaxtwine" },
		"P": { "type": "item", "code": "bookbinders:book-normal-plain" },
		"B": { "type": "item", "code": "bookbinders:folder-*", "isTool": true },
		"R": { "type": "item", "code": "game:leather-normal-blue" },
		"L": { "type": "item", "code": "game:leather-normal-green" }
	},
	"width": 3,
	"height": 3,
	"output": { "type": "item", "code": "game:book-normal-teal" }
	},

	{
	"ingredientPattern": "TR_,GPB,TL_",
	"ingredients": {
		"T": { "type": "item", "code": "game:flaxtwine" },
		"P": { "type": "item", "code": "bookbinders:book-normal-plain" },
		"B": { "type": "item", "code": "bookbinders:folder-*", "isTool": true },
		"R": { "type": "item", "code": "game:leather-normal-black" },
		"L": { "type": "item", "code": "game:leather-normal-black" },
		"G": { "type": "item", "code": "game:nugget-nativegold" }
	},
	"width": 3,
	"height": 3,
	"output": { "type": "item", "code": "bookbinders:book-normal-black" }
	},

	{
	"ingredientPattern": "TR_,GPB,TL_",
	"ingredients": {
		"T": { "type": "item", "code": "game:flaxtwine" },
		"P": { "type": "item", "code": "bookbinders:book-normal-plain" },
		"B": { "type": "item", "code": "bookbinders:folder-*", "isTool": true },
		"R": { "type": "item", "code": "game:leather-normal-blue" },
		"L": { "type": "item", "code": "game:leather-normal-black" },
		"G": { "type": "item", "code": "game:nugget-nativegold" }
	},
	"width": 3,
	"height": 3,
	"output": { "type": "item", "code": "bookbinders:book-normal-darkblue" }
	},

	{
	"ingredientPattern": "TR_,GPB,TL_",
	"ingredients": {
		"T": { "type": "item", "code": "game:flaxtwine" },
		"P": { "type": "item", "code": "bookbinders:book-normal-plain" },
		"B": { "type": "item", "code": "bookbinders:folder-*", "isTool": true },
		"R": { "type": "item", "code": "game:leather-normal-red" },
		"L": { "type": "item", "code": "game:leather-normal-black" },
		"G": { "type": "item", "code": "game:nugget-nativegold" }
	},
	"width": 3,
	"height": 3,
	"output": { "type": "item", "code": "bookbinders:book-normal-darkred" }
	},

	{
	"ingredientPattern": "TR_,GPB,TL_",
	"ingredients": {
		"T": { "type": "item", "code": "game:flaxtwine" },
		"P": { "type": "item", "code": "bookbinders:book-normal-plain" },
		"B": { "type": "item", "code": "bookbinders:folder-*", "isTool": true },
		"R": { "type": "item", "code": "game:leather-normal-white" },
		"L": { "type": "item", "code": "game:leather-normal-white" },
		"G": { "type": "item", "code": "game:nugget-nativegold" }
	},
	"width": 3,
	"height": 3,
	"output": { "type": "item", "code": "bookbinders:book-normal-white" }
	}
]
