[
	{
	"ingredientPattern": "K_,PF",
	"ingredients": {
		"K": { "type": "item", "code": "game:knife-generic-*", "isTool": true },
		"F": { "type": "item", "code": "bookbinders:folder-*", "isTool": true },
		"P": { "type": "item", "code": "game:paper-parchment" }
	},
	"width": 2,
	"height": 2,
	"output": { "type": "item", "code": "bookbinders:signature-normal", "quantity": 2 }
	},

	{
	"ingredientPattern": "PF",
	"ingredients": {
		"F": { "type": "item", "code": "bookbinders:folder-*", "isTool": true },
		"P": { "type": "item", "code": "game:paper-parchment" }
	},
	"width": 2,
	"height": 1,
	"output": { "type": "item", "code": "bookbinders:signature-large" }
	},

	{
	"ingredientPattern": "K_,PF",
	"ingredients": {
		"K": { "type": "item", "code": "game:knife-generic-*", "isTool": true },
		"F": { "type": "item", "code": "bookbinders:folder-*", "isTool": true },
		"P": { "type": "item", "code": "bookbinders:parchment-vellum" }
	},
	"width": 2,
	"height": 2,
	"output": { "type": "item", "code": "bookbinders:signature-normal", "quantity": 2 }
	},

	{
	"ingredientPattern": "PF",
	"ingredients": {
		"F": { "type": "item", "code": "bookbinders:folder-*", "isTool": true },
		"P": { "type": "item", "code": "bookbinders:parchment-vellum" }
	},
	"width": 2,
	"height": 1,
	"output": { "type": "item", "code": "bookbinders:signature-large" }
	},

	{
	"ingredientPattern": "K_,PF",
	"ingredients": {
		"K": { "type": "item", "code": "game:knife-generic-*", "isTool": true },
		"F": { "type": "item", "code": "bookbinders:folder-*", "isTool": true },
		"P": { "type": "item", "code": "bookbinders:parchment-smooth" }
	},
	"width": 2,
	"height": 2,
	"output": { "type": "item", "code": "bookbinders:signature-normal", "quantity": 2 }
	},

	{
	"ingredientPattern": "PF",
	"ingredients": {
		"F": { "type": "item", "code": "bookbinders:folder-*", "isTool": true },
		"P": { "type": "item", "code": "bookbinders:parchment-smooth" }
	},
	"width": 2,
	"height": 1,
	"output": { "type": "item", "code": "bookbinders:signature-large" }
	},

	{
	"ingredientPattern": "KS,H_",
	"ingredients": {
		"K": { "type": "item", "code": "game:knife-generic-*", "isTool": true },
		"S": { "type": "item", "code": "game:shears-*", "isTool": true },
		"H": { "type": "item", "code": "game:hide-scraped-small" }
	},
	"width": 2,
	"height": 2,
	"output": { "type": "item", "code": "bookbinders:parchment-vellum" }
	},

	{
	"ingredientPattern": "K,P",
	"ingredients": {
		"K": { "type": "item", "code": "game:knife-generic-*", "isTool": true, "toolDurabilityCost": 4 },
		"P": { "type": "item", "code": "game:papyrustops" }
	},
	"width": 1,
	"height": 2,
	"output": { "type": "item", "code": "bookbinders:strips-papyrus-dry" }
	},

	{
	"ingredientPattern": "S,P,S",
	"ingredients": {
		"P": { "type": "item", "code": "bookbinders:strips-papyrus-wet", "quantity": 8 },
		"S": { "type": "item", "code": "game:stone-*", "name": "stone", "allowedVariants": [ "andesite", "basalt", "bauxite", "chert", "granite", "obsidian", "peridotite" ] }
	},
	"width": 1,
	"height": 3,
	"output": { "type": "item", "code": "bookbinders:parchment-rough" }
	},

	{
	"ingredientPattern": "HB,PW",
	"ingredients": {
		"H": { "type": "block", "code": "game:seashell-*" },
		"B": { "type": "item", "code": "bookbinders:folder-*", "isTool": true, "toolDurabilityCost": 2 },
		"W": { "type": "item", "code": "game:beeswax" },
		"P": { "type": "item", "code": "bookbinders:parchment-rough", "quantity": 2 }
	},
	"width": 2,
	"height": 2,
	"output": { "type": "item", "code": "bookbinders:parchment-smooth", "quantity": 2 }
	}
]
