{
	"ingredient": {
		"type": "item",
		"code": "wildcraftfruit:dough-*",
		"name": "type"
	},
	"pattern": [
		[
			"######__######",
			"######__######",
			"######__######",
			"######__######",
			"######__######",
			"######__######",
			"______________",
			"______________",
			"######__######",
			"######__######",
			"######__######",
			"######__######",
			"######__######",
			"######__######"
		]
	],
	"name": "Pie",
	"output": {
		"type": "item",
		"code": "flatbread-{type}-raw",
		"stacksize": 4
	}
}