{
	"ingredient": {
		"type": "item",
		"code": "wildcraftfruit:dough-*",
		"name": "type"
	},
	"pattern": [
		[
			"########",
			"########",
			"########",
			"########",
			"########",
			"########",
			"########",
			"########"
		],
		[
			"########",
			"#______#",
			"#______#",
			"#______#",
			"#______#",
			"#______#",
			"#______#",
			"########"
		],
		[
			"#_#__#_#",
			"________",
			"#______#",
			"________",
			"________",
			"#______#",
			"________",
			"#_#__#_#"
		]
	],
	"name": "Pie",
	"output": {
		"type": "block",
		"code": "fakepie-{type}-raw"
	}
}