{
	"ingredient": {
		"type": "item",
		"code": "game:clay-*",
		"name": "type",
		"allowedVariants": [ "blue", "fire", "red" ]
	},
	"pattern": [
		[
			"##############",
			"##############",
			"##############",
			"##############",
			"##############",
			"##############",
			"##############",
			"##############",
			"##############",
			"##############",
			"##############",
			"##############",
			"##############",
			"##############"
		],
		[
			"##############",
			"##############",
			"#####____#####",
			"####______####",
			"###________###",
			"###_#_##_#_###",
			"###_#_##_#_###",
			"###_#_##_#_###",
			"###_#_##_#_###",
			"###_#_##_#_###",
			"###_#_##_#_###",
			"###_#_##_#_###",
			"##############",
			"##############"
		]
	],
	"name": "Hayfork Mold",
	"output": {
		"type": "block",
		"code": "toolmold-raw-hayfork-north"
	}
}