{
	"editor": {
		"allAngles": false,
		"entityTextureMode": false
	},
	"textureWidth": 16,
	"textureHeight": 16,
	"textureSizes": {
	},
	"textures": {
		"e": "game:block/plant/crop/onion/e",
		"s": "game:block/plant/crop/onion/s",
		"bulb": "game:block/plant/crop/onion/bulb"
	},
	"elements": [
		{
			"name": "onion 1",
			"from": [ 1.5, 0.0, 2.0 ], 
			"to": [ 3.5, 0.5, 4.0 ], 
			"rotationOrigin": [ 2.5, 0.0, 3.0 ],
			"rotationY": 45.0,
			"faces": {
				"north": { "texture": "#bulb", "uv": [ 4.0, 14.0, 6.0, 14.5 ], "windMode": [0,0,0,0] },
				"east": { "texture": "#bulb", "uv": [ 9.0, 14.0, 11.0, 14.5 ], "windMode": [0,0,0,0] },
				"south": { "texture": "#bulb", "uv": [ 2.0, 14.0, 4.0, 14.5 ], "windMode": [0,0,0,0] },
				"west": { "texture": "#bulb", "uv": [ 9.0, 14.0, 11.0, 14.5 ], "windMode": [0,0,0,0] },
				"up": { "texture": "#bulb", "uv": [ 4.0, 7.0, 6.0, 9.0 ], "windMode": [0,0,0,0] },
				"down": { "texture": "#bulb", "uv": [ 4.0, 3.0, 6.0, 5.0 ], "enabled": false }
			},
			"children": [
				{
					"name": "onion 1 top",
					"from": [ 0.37, 0.5, 0.37 ], 
					"to": [ 1.62, 1.0, 1.62 ], 
					"faces": {
						"north": { "texture": "#bulb", "uv": [ 6.0, 12.0, 7.0, 12.5 ], "windMode": [0,0,0,0] },
						"east": { "texture": "#bulb", "uv": [ 5.0, 9.0, 6.0, 9.5 ], "windMode": [0,0,0,0] },
						"south": { "texture": "#bulb", "uv": [ 4.0, 8.0, 5.0, 8.5 ], "windMode": [0,0,0,0] },
						"west": { "texture": "#bulb", "uv": [ 5.0, 9.0, 6.0, 9.5 ], "windMode": [0,0,0,0] },
						"up": { "texture": "#bulb", "uv": [ 13.0, 11.0, 14.0, 12.0 ], "windMode": [0,0,0,0] },
						"down": { "texture": "#bulb", "uv": [ 9.0, 7.0, 10.0, 8.0 ], "enabled": false }
					}
				},
				{
					"name": "s 1",
					"from": [ -5.5, -0.5, 1.0 ], 
					"to": [ 7.5, 15.5, 1.0 ], 
					"shade": false,
					"rotationOrigin": [ 1.0, 0.0, 1.0 ],
					"faces": {
						"north": { "texture": "#leaves-we-7", "uv": [ 0.0, 0.0, 13.0, 16.0 ], "enabled": false },
						"east": { "texture": "#null", "uv": [ 0.0, 0.0, 0.5, 16.0 ], "enabled": false },
						"south": { "texture": "#s", "uv": [ 1.5, 0.0, 14.5, 16.0 ], "windMode": [0,0,2,2] },
						"west": { "texture": "#null", "uv": [ 0.0, 0.0, 0.5, 16.0 ], "enabled": false },
						"up": { "texture": "#null", "uv": [ 0.0, 0.0, 13.0, 0.5 ], "enabled": false },
						"down": { "texture": "#null", "uv": [ 0.0, 0.0, 13.0, 0.5 ], "enabled": false }
					}
				},
				{
					"name": "e 1",
					"from": [ 1.0, -0.5, -5.5 ], 
					"to": [ 1.0, 15.5, 7.5 ], 
					"shade": false,
					"rotationOrigin": [ 1.0, 0.0, 1.0 ],
					"faces": {
						"north": { "texture": "#null", "uv": [ 0.0, 0.0, 0.5, 16.0 ], "enabled": false },
						"east": { "texture": "#e", "uv": [ 1.5, 0.0, 14.5, 16.0 ], "windMode": [0,2,2,0] },
						"south": { "texture": "#null", "uv": [ 0.0, 0.0, 0.5, 16.0 ], "enabled": false },
						"west": { "texture": "#null", "uv": [ 0.0, 0.0, 13.0, 16.0 ], "enabled": false },
						"up": { "texture": "#null", "uv": [ 0.0, 0.0, 0.5, 13.0 ], "enabled": false },
						"down": { "texture": "#null", "uv": [ 0.0, 0.0, 0.5, 13.0 ], "enabled": false }
					}
				}
			]
		},
		{
			"name": "onion 2",
			"from": [ 6.75, 0.0, 2.75 ], 
			"to": [ 8.75, 1.0, 4.75 ], 
			"rotationOrigin": [ 7.5, 0.0, 3.5 ],
			"rotationY": -22.5,
			"faces": {
				"north": { "texture": "#bulb", "uv": [ 4.0, 14.0, 6.0, 15.0 ], "windMode": [0,0,0,0] },
				"east": { "texture": "#bulb", "uv": [ 8.0, 14.0, 10.0, 15.0 ], "windMode": [0,0,0,0] },
				"south": { "texture": "#bulb", "uv": [ 3.0, 14.0, 5.0, 15.0 ], "windMode": [0,0,0,0] },
				"west": { "texture": "#bulb", "uv": [ 8.0, 14.0, 10.0, 15.0 ], "windMode": [0,0,0,0] },
				"up": { "texture": "#bulb", "uv": [ 12.0, 11.0, 14.0, 13.0 ], "windMode": [0,0,0,0] },
				"down": { "texture": "#bulb", "uv": [ 4.0, 3.0, 6.0, 5.0 ], "enabled": false }
			},
			"children": [
				{
					"name": "onion 2 top",
					"from": [ 0.25, 1.0, 0.25 ], 
					"to": [ 1.75, 1.5, 1.75 ], 
					"rotationOrigin": [ -0.25, 0.0, -0.25 ],
					"faces": {
						"north": { "texture": "#bulb", "uv": [ 6.0, 6.0, 7.5, 6.5 ], "windMode": [0,0,0,0] },
						"east": { "texture": "#bulb", "uv": [ 9.0, 6.0, 10.5, 6.5 ], "windMode": [0,0,0,0] },
						"south": { "texture": "#bulb", "uv": [ 8.0, 6.0, 9.5, 6.5 ], "windMode": [0,0,0,0] },
						"west": { "texture": "#bulb", "uv": [ 5.0, 6.0, 6.5, 6.5 ], "windMode": [0,0,0,0] },
						"up": { "texture": "#bulb", "uv": [ 7.0, 4.0, 8.5, 5.5 ], "windMode": [0,0,0,0] },
						"down": { "texture": "#bulb", "uv": [ 9.0, 7.0, 10.5, 8.5 ], "enabled": false }
					}
				},
				{
					"name": "s 2",
					"from": [ -5.35, 0.0, 0.95 ], 
					"to": [ 7.65, 16.0, 0.95 ], 
					"shade": false,
					"rotationOrigin": [ 1.65, 0.0, 1.45 ],
					"faces": {
						"north": { "texture": "#null", "uv": [ 0.0, 0.0, 13.0, 16.0 ], "enabled": false },
						"east": { "texture": "#null", "uv": [ 0.0, 0.0, 0.5, 16.0 ], "enabled": false },
						"south": { "texture": "#s", "uv": [ 1.5, 0.0, 14.5, 16.0 ], "windMode": [0,0,2,2] },
						"west": { "texture": "#null", "uv": [ 0.0, 0.0, 0.5, 16.0 ], "enabled": false },
						"up": { "texture": "#null", "uv": [ 0.0, 0.0, 13.0, 0.5 ], "enabled": false },
						"down": { "texture": "#null", "uv": [ 0.0, 0.0, 13.0, 0.5 ], "enabled": false }
					}
				},
				{
					"name": "e 2",
					"from": [ 0.95, 0.0, -5.75 ], 
					"to": [ 0.95, 16.0, 7.25 ], 
					"shade": false,
					"rotationOrigin": [ 1.45, 0.0, 1.25 ],
					"faces": {
						"north": { "texture": "#null", "uv": [ 0.0, 0.0, 0.5, 16.0 ], "enabled": false },
						"east": { "texture": "#e", "uv": [ 1.5, 0.0, 14.5, 16.0 ], "windMode": [0,2,2,0] },
						"south": { "texture": "#null", "uv": [ 0.0, 0.0, 0.5, 16.0 ], "enabled": false },
						"west": { "texture": "#null", "uv": [ 0.0, 0.0, 13.0, 16.0 ], "enabled": false },
						"up": { "texture": "#null", "uv": [ 0.0, 0.0, 0.5, 13.0 ], "enabled": false },
						"down": { "texture": "#null", "uv": [ 0.0, 0.0, 0.5, 13.0 ], "enabled": false }
					}
				}
			]
		},
		{
			"name": "onion 3",
			"from": [ 13.0, 0.0, 1.5 ], 
			"to": [ 15.0, 1.0, 3.5 ], 
			"rotationOrigin": [ 14.0, 0.0, 2.5 ],
			"rotationY": 22.5,
			"faces": {
				"north": { "texture": "#bulb", "uv": [ 12.0, 14.0, 14.0, 15.0 ], "enabled": false },
				"east": { "texture": "#bulb", "uv": [ 5.0, 14.0, 7.0, 15.0 ], "enabled": false },
				"south": { "texture": "#bulb", "uv": [ 3.0, 14.0, 5.0, 15.0 ], "enabled": false },
				"west": { "texture": "#bulb", "uv": [ 0.0, 14.0, 2.0, 15.0 ], "enabled": false },
				"up": { "texture": "#bulb", "uv": [ 13.0, 8.0, 15.0, 10.0 ], "enabled": false },
				"down": { "texture": "#bulb", "uv": [ 4.0, 3.0, 6.0, 5.0 ], "enabled": false }
			},
			"children": [
				{
					"name": "onion 3 top",
					"from": [ 0.5, 0.0, 0.5 ], 
					"to": [ 1.5, 0.5, 1.5 ], 
					"faces": {
						"north": { "texture": "#bulb", "uv": [ 6.0, 12.0, 7.0, 12.5 ], "windMode": [0,0,0,0] },
						"east": { "texture": "#bulb", "uv": [ 5.0, 9.0, 6.0, 9.5 ], "windMode": [0,0,0,0] },
						"south": { "texture": "#bulb", "uv": [ 4.0, 8.0, 5.0, 8.5 ], "windMode": [0,0,0,0] },
						"west": { "texture": "#bulb", "uv": [ 5.0, 9.0, 6.0, 9.5 ], "windMode": [0,0,0,0] },
						"up": { "texture": "#bulb", "uv": [ 13.0, 11.0, 14.0, 12.0 ], "windMode": [0,0,0,0] },
						"down": { "texture": "#bulb", "uv": [ 9.0, 7.0, 10.0, 8.0 ], "enabled": false }
					}
				},
				{
					"name": "s 3",
					"from": [ -5.5, -1.0, 1.0 ], 
					"to": [ 7.5, 15.0, 1.0 ], 
					"shade": false,
					"rotationOrigin": [ 1.0, 0.0, 1.0 ],
					"faces": {
						"north": { "texture": "#leaves-we-7", "uv": [ 0.0, 0.0, 13.0, 16.0 ], "enabled": false },
						"east": { "texture": "#null", "uv": [ 0.0, 0.0, 0.5, 16.0 ], "enabled": false },
						"south": { "texture": "#s", "uv": [ 1.5, 0.0, 14.5, 16.0 ], "windMode": [0,0,2,2] },
						"west": { "texture": "#null", "uv": [ 0.0, 0.0, 0.5, 16.0 ], "enabled": false },
						"up": { "texture": "#null", "uv": [ 0.0, 0.0, 13.0, 0.5 ], "enabled": false },
						"down": { "texture": "#null", "uv": [ 0.0, 0.0, 13.0, 0.5 ], "enabled": false }
					}
				},
				{
					"name": "e 3",
					"from": [ 1.0, -1.0, -5.5 ], 
					"to": [ 1.0, 15.0, 7.5 ], 
					"shade": false,
					"rotationOrigin": [ 1.0, 0.0, 1.0 ],
					"faces": {
						"north": { "texture": "#null", "uv": [ 0.0, 0.0, 0.5, 16.0 ], "enabled": false },
						"east": { "texture": "#e", "uv": [ 1.5, 0.0, 14.5, 16.0 ], "windMode": [0,2,2,0] },
						"south": { "texture": "#null", "uv": [ 0.0, 0.0, 0.5, 16.0 ], "enabled": false },
						"west": { "texture": "#null", "uv": [ 0.0, 0.0, 13.0, 16.0 ], "enabled": false },
						"up": { "texture": "#null", "uv": [ 0.0, 0.0, 0.5, 13.0 ], "enabled": false },
						"down": { "texture": "#null", "uv": [ 0.0, 0.0, 0.5, 13.0 ], "enabled": false }
					}
				}
			]
		},
		{
			"name": "onion 4",
			"from": [ 3.0, 0.0, 11.0 ], 
			"to": [ 5.0, 1.0, 13.0 ], 
			"rotationOrigin": [ 4.0, 0.0, 12.0 ],
			"rotationY": 45.0,
			"faces": {
				"north": { "texture": "#bulb", "uv": [ 4.0, 14.0, 6.0, 15.0 ], "windMode": [0,0,0,0] },
				"east": { "texture": "#bulb", "uv": [ 9.0, 14.0, 11.0, 15.0 ], "windMode": [0,0,0,0] },
				"south": { "texture": "#bulb", "uv": [ 2.0, 14.0, 4.0, 15.0 ], "windMode": [0,0,0,0] },
				"west": { "texture": "#bulb", "uv": [ 9.0, 14.0, 11.0, 15.0 ], "windMode": [0,0,0,0] },
				"up": { "texture": "#bulb", "uv": [ 4.0, 7.0, 6.0, 9.0 ], "windMode": [0,0,0,0] },
				"down": { "texture": "#bulb", "uv": [ 4.0, 3.0, 6.0, 5.0 ], "enabled": false }
			},
			"children": [
				{
					"name": "onion 4 top",
					"from": [ 0.37, 1.0, 0.37 ], 
					"to": [ 1.62, 1.5, 1.62 ], 
					"faces": {
						"north": { "texture": "#bulb", "uv": [ 6.0, 12.0, 7.0, 12.5 ], "windMode": [0,0,0,0] },
						"east": { "texture": "#bulb", "uv": [ 5.0, 9.0, 6.0, 9.5 ], "windMode": [0,0,0,0] },
						"south": { "texture": "#bulb", "uv": [ 4.0, 8.0, 5.0, 8.5 ], "windMode": [0,0,0,0] },
						"west": { "texture": "#bulb", "uv": [ 5.0, 9.0, 6.0, 9.5 ], "windMode": [0,0,0,0] },
						"up": { "texture": "#bulb", "uv": [ 13.0, 11.0, 14.0, 12.0 ], "windMode": [0,0,0,0] },
						"down": { "texture": "#bulb", "uv": [ 9.0, 7.0, 10.0, 8.0 ], "enabled": false }
					}
				},
				{
					"name": "s 4",
					"from": [ -5.5, 0.0, 1.0 ], 
					"to": [ 7.5, 16.0, 1.0 ], 
					"shade": false,
					"rotationOrigin": [ 1.0, 0.0, 1.0 ],
					"faces": {
						"north": { "texture": "#leaves-we-7", "uv": [ 0.0, 0.0, 13.0, 16.0 ], "enabled": false },
						"east": { "texture": "#null", "uv": [ 0.0, 0.0, 0.5, 16.0 ], "enabled": false },
						"south": { "texture": "#s", "uv": [ 1.5, 0.0, 14.5, 16.0 ], "windMode": [0,0,2,2] },
						"west": { "texture": "#null", "uv": [ 0.0, 0.0, 0.5, 16.0 ], "enabled": false },
						"up": { "texture": "#null", "uv": [ 0.0, 0.0, 13.0, 0.5 ], "enabled": false },
						"down": { "texture": "#null", "uv": [ 0.0, 0.0, 13.0, 0.5 ], "enabled": false }
					}
				},
				{
					"name": "e 4",
					"from": [ 1.0, 0.0, -5.5 ], 
					"to": [ 1.0, 16.0, 7.5 ], 
					"shade": false,
					"rotationOrigin": [ 1.0, 0.0, 1.0 ],
					"faces": {
						"north": { "texture": "#null", "uv": [ 0.0, 0.0, 0.5, 16.0 ], "enabled": false },
						"east": { "texture": "#e", "uv": [ 1.5, 0.0, 14.5, 16.0 ], "windMode": [0,2,2,0] },
						"south": { "texture": "#null", "uv": [ 0.0, 0.0, 0.5, 16.0 ], "enabled": false },
						"west": { "texture": "#null", "uv": [ 0.0, 0.0, 13.0, 16.0 ], "enabled": false },
						"up": { "texture": "#null", "uv": [ 0.0, 0.0, 0.5, 13.0 ], "enabled": false },
						"down": { "texture": "#null", "uv": [ 0.0, 0.0, 0.5, 13.0 ], "enabled": false }
					}
				}
			]
		},
		{
			"name": "onion 5",
			"from": [ 8.0, 0.0, 10.5 ], 
			"to": [ 10.0, 0.5, 12.5 ], 
			"rotationOrigin": [ 9.0, 0.0, 11.5 ],
			"rotationY": 22.5,
			"faces": {
				"north": { "texture": "#bulb", "uv": [ 4.0, 14.0, 6.0, 14.5 ], "windMode": [0,0,0,0] },
				"east": { "texture": "#bulb", "uv": [ 9.0, 14.0, 11.0, 14.5 ], "windMode": [0,0,0,0] },
				"south": { "texture": "#bulb", "uv": [ 2.0, 14.0, 4.0, 14.5 ], "windMode": [0,0,0,0] },
				"west": { "texture": "#bulb", "uv": [ 9.0, 14.0, 11.0, 14.5 ], "windMode": [0,0,0,0] },
				"up": { "texture": "#bulb", "uv": [ 4.0, 7.0, 6.0, 9.0 ], "windMode": [0,0,0,0] },
				"down": { "texture": "#bulb", "uv": [ 4.0, 3.0, 6.0, 5.0 ], "enabled": false }
			},
			"children": [
				{
					"name": "onion 5 top",
					"from": [ 0.37, 0.5, 0.37 ], 
					"to": [ 1.62, 1.0, 1.62 ], 
					"faces": {
						"north": { "texture": "#bulb", "uv": [ 6.0, 12.0, 7.0, 12.5 ], "windMode": [0,0,0,0] },
						"east": { "texture": "#bulb", "uv": [ 5.0, 9.0, 6.0, 9.5 ], "windMode": [0,0,0,0] },
						"south": { "texture": "#bulb", "uv": [ 4.0, 8.0, 5.0, 8.5 ], "windMode": [0,0,0,0] },
						"west": { "texture": "#bulb", "uv": [ 5.0, 9.0, 6.0, 9.5 ], "windMode": [0,0,0,0] },
						"up": { "texture": "#bulb", "uv": [ 13.0, 11.0, 14.0, 12.0 ], "windMode": [0,0,0,0] },
						"down": { "texture": "#bulb", "uv": [ 9.0, 7.0, 10.0, 8.0 ], "enabled": false }
					}
				},
				{
					"name": "s 5",
					"from": [ -5.5, -0.5, 1.0 ], 
					"to": [ 7.5, 15.5, 1.0 ], 
					"shade": false,
					"rotationOrigin": [ 1.0, 0.0, 1.0 ],
					"faces": {
						"north": { "texture": "#leaves-we-7", "uv": [ 0.0, 0.0, 13.0, 16.0 ], "enabled": false },
						"east": { "texture": "#null", "uv": [ 0.0, 0.0, 0.5, 16.0 ], "enabled": false },
						"south": { "texture": "#s", "uv": [ 1.5, 0.0, 14.5, 16.0 ], "windMode": [0,0,2,2] },
						"west": { "texture": "#null", "uv": [ 0.0, 0.0, 0.5, 16.0 ], "enabled": false },
						"up": { "texture": "#null", "uv": [ 0.0, 0.0, 13.0, 0.5 ], "enabled": false },
						"down": { "texture": "#null", "uv": [ 0.0, 0.0, 13.0, 0.5 ], "enabled": false }
					}
				},
				{
					"name": "e 5",
					"from": [ 1.0, -0.5, -5.5 ], 
					"to": [ 1.0, 15.5, 7.5 ], 
					"shade": false,
					"rotationOrigin": [ 1.0, 0.0, 1.0 ],
					"faces": {
						"north": { "texture": "#null", "uv": [ 0.0, 0.0, 0.5, 16.0 ], "enabled": false },
						"east": { "texture": "#e", "uv": [ 1.5, 0.0, 14.5, 16.0 ], "windMode": [0,2,2,0] },
						"south": { "texture": "#null", "uv": [ 0.0, 0.0, 0.5, 16.0 ], "enabled": false },
						"west": { "texture": "#null", "uv": [ 0.0, 0.0, 13.0, 16.0 ], "enabled": false },
						"up": { "texture": "#null", "uv": [ 0.0, 0.0, 0.5, 13.0 ], "enabled": false },
						"down": { "texture": "#null", "uv": [ 0.0, 0.0, 0.5, 13.0 ], "enabled": false }
					}
				}
			]
		},
		{
			"name": "onion 6",
			"from": [ 12.25, 0.0, 11.75 ], 
			"to": [ 14.25, 1.0, 13.75 ], 
			"rotationOrigin": [ 13.0, 0.0, 12.5 ],
			"rotationY": -22.5,
			"faces": {
				"north": { "texture": "#bulb", "uv": [ 4.0, 14.0, 6.0, 15.0 ], "windMode": [0,0,0,0] },
				"east": { "texture": "#bulb", "uv": [ 9.0, 14.0, 11.0, 15.0 ], "windMode": [0,0,0,0] },
				"south": { "texture": "#bulb", "uv": [ 2.0, 14.0, 4.0, 15.0 ], "windMode": [0,0,0,0] },
				"west": { "texture": "#bulb", "uv": [ 9.0, 14.0, 11.0, 15.0 ], "windMode": [0,0,0,0] },
				"up": { "texture": "#bulb", "uv": [ 4.0, 7.0, 6.0, 9.0 ], "windMode": [0,0,0,0] },
				"down": { "texture": "#bulb", "uv": [ 4.0, 3.0, 6.0, 5.0 ], "enabled": false }
			},
			"children": [
				{
					"name": "onion 6 top",
					"from": [ 0.25, 1.0, 0.25 ], 
					"to": [ 1.75, 1.5, 1.75 ], 
					"rotationOrigin": [ -0.25, 0.0, -0.25 ],
					"faces": {
						"north": { "texture": "#bulb", "uv": [ 6.0, 12.0, 7.5, 12.5 ], "windMode": [0,0,0,0] },
						"east": { "texture": "#bulb", "uv": [ 5.0, 9.0, 6.5, 9.5 ], "windMode": [0,0,0,0] },
						"south": { "texture": "#bulb", "uv": [ 4.0, 8.0, 5.5, 8.5 ], "windMode": [0,0,0,0] },
						"west": { "texture": "#bulb", "uv": [ 5.0, 9.0, 6.5, 9.5 ], "windMode": [0,0,0,0] },
						"up": { "texture": "#bulb", "uv": [ 13.0, 11.0, 14.5, 12.5 ], "windMode": [0,0,0,0] },
						"down": { "texture": "#bulb", "uv": [ 9.0, 7.0, 10.5, 8.5 ], "enabled": false }
					}
				},
				{
					"name": "s 6",
					"from": [ -5.55, 0.0, 1.05 ], 
					"to": [ 7.45, 16.0, 1.05 ], 
					"shade": false,
					"rotationOrigin": [ 0.95, 0.0, 1.05 ],
					"faces": {
						"north": { "texture": "#leaves-we-7", "uv": [ 0.0, 0.0, 13.0, 16.0 ], "enabled": false },
						"east": { "texture": "#null", "uv": [ 0.0, 0.0, 0.5, 16.0 ], "enabled": false },
						"south": { "texture": "#s", "uv": [ 1.5, 0.0, 14.5, 16.0 ], "windMode": [0,0,2,2] },
						"west": { "texture": "#null", "uv": [ 0.0, 0.0, 0.5, 16.0 ], "enabled": false },
						"up": { "texture": "#null", "uv": [ 0.0, 0.0, 13.0, 0.5 ], "enabled": false },
						"down": { "texture": "#null", "uv": [ 0.0, 0.0, 13.0, 0.5 ], "enabled": false }
					}
				},
				{
					"name": "e 6",
					"from": [ 0.75, 0.0, -5.75 ], 
					"to": [ 0.75, 16.0, 7.25 ], 
					"shade": false,
					"rotationOrigin": [ 0.75, 0.0, 0.75 ],
					"faces": {
						"north": { "texture": "#null", "uv": [ 0.0, 0.0, 0.5, 16.0 ], "enabled": false },
						"east": { "texture": "#e", "uv": [ 1.5, 0.0, 14.5, 16.0 ], "windMode": [0,2,2,0] },
						"south": { "texture": "#null", "uv": [ 0.0, 0.0, 0.5, 16.0 ], "enabled": false },
						"west": { "texture": "#null", "uv": [ 0.0, 0.0, 13.0, 16.0 ], "enabled": false },
						"up": { "texture": "#null", "uv": [ 0.0, 0.0, 0.5, 13.0 ], "enabled": false },
						"down": { "texture": "#null", "uv": [ 0.0, 0.0, 0.5, 13.0 ], "enabled": false }
					}
				}
			]
		}
	]}