{
	"editor": {
		"allAngles": false,
		"entityTextureMode": false
	},
	"textureWidth": 16,
	"textureHeight": 16,
	"textureSizes": {
	},
	"textures": {
		"normal7-12": "game:block/plant/crop/sunflower/normal7-12"
	},
	"elements": [
		{
			"name": "Cube1",
			"from": [ 6.25, 0.0, 6.25 ],
			"to": [ 9.75, 1.0, 9.75 ],
			"rotationOrigin": [ 8.0, 0.0, 8.0 ],
			"faces": {
				"north": { "texture": "#normal7-12", "uv": [ 9.0, 0.0, 10.0, 3.5 ], "rotation": 90 },
				"east": { "texture": "#normal7-12", "uv": [ 9.0, 0.0, 10.0, 3.5 ], "rotation": 90 },
				"south": { "texture": "#normal7-12", "uv": [ 9.0, 0.0, 10.0, 3.5 ], "rotation": 90 },
				"west": { "texture": "#normal7-12", "uv": [ 9.0, 0.0, 10.0, 3.5 ], "rotation": 90 },
				"up": { "texture": "#normal7-12", "uv": [ 10.0, 0.0, 13.5, 3.5 ] },
				"down": { "texture": "#normal7-12", "uv": [ 10.0, 4.0, 13.5, 7.5 ] }
			},
			"children": [
				{
					"name": "Cube2",
					"from": [ 0.0, 1.0, -1.0 ],
					"to": [ 3.5, 1.0, 0.0 ],
					"rotationOrigin": [ 0.0, 1.0, 0.0 ],
					"rotationX": 45.0,
					"faces": {
						"up": { "texture": "#normal7-12", "uv": [ 14.0, 5.0, 15.0, 8.5 ], "rotation": 270 }
					}
				},
				{
					"name": "Cube3",
					"from": [ 3.5, 1.0, 0.0 ],
					"to": [ 4.5, 1.0, 3.5 ],
					"rotationOrigin": [ 3.5, 1.0, 1.0 ],
					"rotationZ": 45.0,
					"faces": {
						"up": { "texture": "#normal7-12", "uv": [ 14.0, 5.0, 15.0, 8.5 ] }
					}
				},
				{
					"name": "Cube4",
					"from": [ -1.0, 1.0, 0.0 ],
					"to": [ 0.0, 1.0, 3.5 ],
					"rotationOrigin": [ 0.0, 1.0, 1.0 ],
					"rotationZ": -45.0,
					"faces": {
						"up": { "texture": "#normal7-12", "uv": [ 14.0, 5.0, 15.0, 8.5 ], "rotation": 180 }
					}
				},
				{
					"name": "Cube5",
					"from": [ 0.0, 1.0, 3.5 ],
					"to": [ 3.5, 1.0, 4.5 ],
					"rotationOrigin": [ 0.0, 1.0, 3.5 ],
					"rotationX": -45.0,
					"faces": {
						"up": { "texture": "#normal7-12", "uv": [ 14.0, 5.0, 15.0, 8.5 ], "rotation": 90 }
					}
				}
			]
		}
	]}