{
	"code": "bloodportion",
	"class": "ItemLiquidPortion",
	"matterState": "liquid",
	"attributes": {
		"handbook": {
			"ignoreCreativeInvStacks": true
		},
		"inBowlShape": { "base": "game:block/food/meal/liquid" },
		"nutritionPropsWhenInMeal": {

			"saturation": 160,
			"health": 0,
			"foodcategory": "Protein"

		},
		"waterTightContainerProps": {
			"containable": true,
			"itemsPerLitre": 100,
			"texture": { "base": "butchering:block/liquid/blood" },
			"allowSpill": true,
			"whenSpilled": {
				"action": "DropContents",
				"stack": {
					"type": "item",
					"code": "butchering:bloodportion"
				}
			},
			"nutritionPropsPerLitre": {
				"satiety": 80,
				"intoxication": 0.05,
				"foodcategory": "Protein"
			}
		}
	},
	"shape": { "base": "game:item/liquid" },
	"texture": { "base": "block/liquid/blood" },
	"creativeinventoryStacks": [
		{
			"tabs": [ "general", "liquids" ],
			"stacks": [
				{
					"type": "block",
					"code": "game:woodbucket",
					"attributes": {
						"ucontents": [
							{
								"type": "item",
								"code": "butchering:bloodportion",
								"makefull": true
							}
						]
					}
				}
			]
		}
	],
	"maxstacksize": 5000,
	"materialDensity": 200,
	"guiTransform": {
		"translation": {
			"x": 0,
			"y": 1,
			"z": 0
		},
		"rotation": {
			"x": 123,
			"y": -33,
			"z": -13
		},
		"origin": {
			"x": 0.5,
			"y": 0,
			"z": 0.5
		},
		"scale": 1.4
	},
	"fpHandTransform": {
		"translation": {
			"x": 0,
			"y": 0,
			"z": 0
		},
		"rotation": {
			"x": 25,
			"y": 157,
			"z": -5
		}
	},
	"tpHandTransform": {
		"translation": {
			"x": -1.5,
			"y": -1,
			"z": -1.4
		}
	},
	"transitionableProps": [
		{
			"type": "perish",
			"freshHours": { "avg": 168 },
			"transitionHours": { "avg": 24 },
			"transitionedStack": {
				"type": "item",
				"code": "game:rot"
			},
			"transitionRatio": 0.001
		}
	]
}