[
  {
    "op": "add",
    "path": "/selling/list/-",
    "value": {
      "code": "betterruins:locatormap-graves",
      "type": "item",
      "stacksize": 1,
      "stock": {
        "avg": 1.5,
        "var": 0.75
      },
      "price": {
        "avg": 5,
        "var": 2
      }
    },
    "file": "game:config/tradelists/trader-treasurehunter.json"
  },
  {
    "op": "add",
    "path": "/selling/list/-",
    "value": {
      "code": "betterruins:locatormap-gates",
      "type": "item",
      "stacksize": 1,
      "stock": {
        "avg": 1.5,
        "var": 0.75
      },
      "price": {
        "avg": 8,
        "var": 2
      }
    },
    "file": "game:config/tradelists/trader-treasurehunter.json"
  },
  {
    "op": "add",
    "path": "/selling/list/-",
    "value": {
      "code": "betterruins:locatormap-undergroundruins",
      "type": "item",
      "stacksize": 1,
      "stock": {
        "avg": 1.5,
        "var": 0.75
      },
      "price": {
        "avg": 8,
        "var": 3
      }
    },
    "file": "game:config/tradelists/trader-treasurehunter.json"
  },
  {
    "op": "add",
    "path": "/selling/list/-",
    "value": {
      "code": "betterruins:locatormap-mine1",
      "type": "item",
      "stacksize": 1,
      "stock": {
        "avg": 1.5,
        "var": 0.75
      },
      "price": {
        "avg": 12,
        "var": 3
      }
    },
    "file": "game:config/tradelists/trader-treasurehunter.json"
  },
  {
    "op": "add",
    "path": "/selling/list/-",
    "value": {
      "code": "betterruins:locatormap-mine2",
      "type": "item",
      "stacksize": 1,
      "stock": {
        "avg": 1.5,
        "var": 0.75
      },
      "price": {
        "avg": 12,
        "var": 3
      }
    },
    "file": "game:config/tradelists/trader-treasurehunter.json"
  }
]