{
	"code": "fibers",
	"behaviors": [ { "name": "GroundStorable", "properties": { "layout": "Quadrants", "collisionBox": { "x1": 0, "y1": 0, "z1": 0, "x2": 1, "y2": 0.08, "z2": 1 } } } ],
	"attributes": {
		"handbook": {
			"groupBy": [ "fibers-*" ],
			"extraSections": [ { "title": "game:handbook-item-usage", "text": "wool:handbook-item-fibers" } ],
			"excludeByType": { "fibers-angora-plain": true, "*": false }
		},
		"displaycaseable": true,
		"shelvable": true,
		"scrollrackable": true,
		"onDisplayTransform": {
			"rotation": { "x": 0, "y": -90, "z": 0 },
			"origin": { "x": 0.5, "y": 0, "z": 0.5 },
			"scale": 0.55
		},
		"groundStorageTransform": {
			"translation": { "x": -0.01, "y": -0.226, "z": 0 },
			"rotation": { "x": 0, "y": -40, "z": 0 },
			"scale": 0.55
		},
		"onscrollrackTransform": {
			"translation": { "x": -0.47, "y": -0.47, "z": 0.36 },
			"rotation": { "x": -45, "y": 0, "z": 0 },
			"origin": { "x": 0.5, "y": 0.5, "z": 0.5 },
			"scale": 0.55
		},
		"onShelfTransform": {
			"translation": { "x": 0, "y": -0.25, "z": 0 },
			"rotation": { "x": 0, "y": -40, "z": 0 },
			"scale": 0.5
		}
	},
	"variantgroups": [
		{ "code": "type", "states": [ "angora", "muskox", "generic" ] },
		{ "code": "color", "states": [ "plain", "black", "brown", "redbrown", "lightbrown", "gray", "yellow", "white" ] }
	],
	"skipVariants": [
		"fibers-angora-black", "fibers-angora-brown", "fibers-angora-gray", "fibers-angora-yellow", "fibers-angora-lightbrown", "fibers-angora-redbrown",
		"fibers-muskox-plain", "fibers-muskox-black", "fibers-muskox-gray", "fibers-muskox-yellow", "fibers-muskox-lightbrown", "fibers-muskox-redbrown", "fibers-muskox-white"
	],
	"creativeinventory": { "general": ["*"], "items": ["*"] },
	"shape": { "base": "game:item/resource/flaxfibers" },
	"texturesByType": {
		"fibers-generic-plain": { "fibers": { "base": "game:block/cloth/linen/normal1" } },
		"fibers-generic-gray": { "fibers": { "base": "game:block/cloth/linen/gray" } },
		"fibers-generic-black": { "fibers": { "base": "game:block/cloth/linen/black" } },
		"fibers-generic-brown": { "fibers": { "base": "game:block/cloth/linen/brown", "blendedOverlays": [ { "base": "wool:overlays/darken", "blendMode": "Darken" } ] } },
		"fibers-generic-redbrown": { "fibers": { "base": "game:block/cloth/linen/brown", "blendedOverlays": [ { "base": "game:block/cloth/linen/gray", "blendMode": "Lighten" }, { "base": "game:block/cloth/linen/orange", "blendMode": "Overlay" } ] } },
		"fibers-generic-lightbrown": { "fibers": { "base": "game:block/cloth/linen/yellow", "blendedOverlays": [ { "base": "game:block/cloth/linen/gray", "blendMode": "Lighten" } ] } },
		"fibers-generic-yellow": { "fibers": { "base": "game:block/cloth/linen/yellow", "blendedOverlays": [ { "base": "wool:overlays/lighten", "blendMode": "Lighten" } ] } },
		"fibers-generic-white": { "fibers": { "base": "game:block/cloth/linen/white", "blendedOverlays": [ { "base": "wool:overlays/darken", "blendMode": "Darken" } ] } },
		"fibers-angora-*": { "fibers": { "base": "game:block/cloth/linen/white" } },
		"fibers-muskox-brown": { "fibers": { "base": "game:block/cloth/linen/brown" } },
		"*": { "fibers": { "base": "game:block/cloth/linen/normal1" } }
	},
	"maxstacksize": 64,
	"materialDensity": 120,
	"blockmaterial": "Cloth",
	"doNotRenderAtLod2": true,
	"combustibleProps": { "burnTemperature": 250, "burnDuration": 6 },
	"transitionablePropsByType": {
		"*-angora-plain": [{
			"comment": "Convert legavy item to the new one.",
			"type": "Perish",
			"freshHours": { "avg": 0 },
			"transitionHours": { "avg": 0.01, "var": 0 },
			"transitionedStack": { "type": "item", "code": "wool:fibers-angora-white" },
			"transitionRatio": 1
		}]
	},
	"guiTransform": {
		"rotation": { "x": 120, "y": 11, "z": -20 },
		"origin": { "x": 0.45, "y": 0.3, "z": 0.4 },
		"scaleXyz": { "x": -1.69, "y": 1.69, "z": 1.69 }
	},
	"tpHandTransform": {
		"translation": { "x": -1, "y": -1, "z": -1.3 },
		"rotation": { "x": -93, "y": -3, "z": -5 },
		"scale": 0.51
	},
	"groundTransform": {
		"translation": { "x": 0, "y": 0, "z": 0 },
		"rotation": { "x": 0, "y": 0, "z": 0 },
		"origin": { "x": 0.3, "y": 0.0, "z": 0.5299 },
		"scale": 4
	}
}
