{
	"code": "fleece",
	"behaviors": [ { "name": "GroundStorable", "properties": { "layout": "Quadrants", "collisionBox": { "x1": 0, "y1": 0, "z1": 0, "x2": 1, "y2": 0.12, "z2": 1 } } } ],
	"attributes": {
		"handbook": {
			"groupBy": [ "fleece-*" ],
			"extraSections": [ { "title": "game:handbook-item-usage", "text": "wool:handbook-item-fleece" } ],
			"excludeByType": { "fleece-angora-plain": true, "*": false }
		},
		"displaycaseable": true,
		"shelvable": true,
		"scrollrackable": true,
		"onDisplayTransform": {
			"rotation": { "x": 0, "y": -90, "z": 0 },
			"origin": { "x": 0.5, "y": 0, "z": 0.5 },
			"scale": 0.55
		},
		"groundStorageTransform": {
			"translation": { "x": -0.01, "y": -0.226, "z": 0 },
			"rotation": { "x": 0, "y": -40, "z": 0 },
			"scale": 0.55
		},
		"onscrollrackTransform": {
			"translation": { "x": -0.47, "y": -0.47, "z": 0.36 },
			"rotation": { "x": -45, "y": 0, "z": 0 },
			"origin": { "x": 0.5, "y": 0.5, "z": 0.5 },
			"scale": 0.55
		},
		"onShelfTransform": {
			"translation": { "x": 0, "y": -0.25, "z": 0 },
			"rotation": { "x": 0, "y": -40, "z": 0 },
			"scale": 0.5
		}
	},
	"variantgroups": [
		{ "code": "type", "states": [ "angora", "muskox", "generic" ] },
		{ "code": "color", "states": [ "plain", "black", "brown", "redbrown", "lightbrown", "gray", "yellow", "white" ] }
	],
	"skipVariants": [
		"fleece-angora-black", "fleece-angora-brown", "fleece-angora-gray", "fleece-angora-yellow", "fleece-angora-redbrown", "fleece-angora-lightbrown",
		"fleece-muskox-plain", "fleece-muskox-black", "fleece-muskox-gray", "fleece-muskox-yellow", "fleece-muskox-redbrown", "fleece-muskox-lightbrown", "fleece-muskox-white"
	],
	"creativeinventory": { "general": ["*"], "items": ["*"] },
	"shape": { "base": "wool:item/wool/fleece" },
	"texturesByType": {
		"fleece-muskox-brown": {
			"cord": { "base": "game:block/cloth/linen/mordant" },
			"fleece": { "base": "game:block/cloth/linen/brown" }, "fuzz": { "alpha": 180, "base": "game:block/cloth/linen/brown" },
			"fuzz": { "alpha": 180, "base": "game:block/cloth/linen/brown" }, "fuzz": { "alpha": 180, "base": "game:block/cloth/linen/brown" }
		},
		"fleece-angora-*": {
			"cord": { "base": "game:block/cloth/linen/mordant" },
			"fleece": { "base": "game:block/cloth/linen/white" }, "fuzz": { "alpha": 180, "base": "game:block/cloth/linen/white" },
			"fuzz": { "alpha": 180, "base": "game:block/cloth/linen/white" }, "fuzz": { "alpha": 180, "base": "game:block/cloth/linen/white" }
		},
		"fleece-generic-white": {
			"cord": { "base": "game:block/cloth/linen/mordant" },
			"fleece": { "base": "game:block/cloth/linen/white" }, "fuzz": { "alpha": 180, "base": "game:block/cloth/linen/white" },
			"fuzz": { "alpha": 180, "base": "game:block/cloth/linen/plain" }, "fuzz": { "alpha": 180, "base": "game:block/cloth/linen/white" }
		},

		"fleece-generic-plain": {
			"cord": { "base": "game:block/cloth/linen/mordant" },
			"fleece": { "base": "game:block/cloth/linen/normal1", "blendedOverlays": [ { "base": "wool:overlays/darken", "blendMode": "Darken" } ] },
			"fuzz": { "alpha": 180, "base": "game:block/cloth/linen/normal1", "blendedOverlays": [ { "base": "wool:overlays/darken", "blendMode": "Darken" } ] }
		},
		"fleece-generic-gray": {
			"cord": { "base": "game:block/cloth/linen/mordant" },
			"fleece": { "base": "game:block/cloth/linen/gray" },
			"fuzz": { "alpha": 180, "base": "game:block/cloth/linen/gray" }
		},
		"fleece-generic-black": {
			"cord": { "base": "game:block/cloth/linen/mordant" },
			"fleece": { "base": "game:block/cloth/linen/black" },
			"fuzz": { "alpha": 180, "base": "game:block/cloth/linen/black" }
		},
		"fleece-generic-brown": {
			"cord": { "base": "game:block/cloth/linen/mordant" },
			"fleece": { "base": "game:block/cloth/linen/brown", "blendedOverlays": [ { "base": "wool:overlays/darken", "blendMode": "Darken" } ] },
			"fuzz": { "alpha": 180, "base": "game:block/cloth/linen/brown", "blendedOverlays": [ { "base": "wool:overlays/darken", "blendMode": "Darken" } ] }
		},
		"fleece-generic-redbrown": {
			"cord": { "base": "game:block/cloth/linen/mordant" },
			"fleece": { "base": "game:block/cloth/linen/brown", "blendedOverlays": [ { "base": "game:block/cloth/linen/gray", "blendMode": "Lighten" }, { "base": "game:block/cloth/linen/orange", "blendMode": "Overlay" } ] },
			"fuzz": { "alpha": 120, "base": "game:block/cloth/linen/yellow", "blendedOverlays": [ { "base": "game:block/cloth/linen/brown", "blendMode": "Overlay" } ] }
		},
		"fleece-generic-lightbrown": {
			"cord": { "base": "game:block/cloth/linen/mordant" },
			"fleece": { "base": "game:block/cloth/linen/yellow", "blendedOverlays": [ { "base": "game:block/cloth/linen/gray", "blendMode": "Lighten" } ] },
			"fuzz": { "alpha": 180, "base": "game:block/cloth/linen/yellow", "blendedOverlays": [ { "base": "game:block/cloth/linen/gray", "blendMode": "Lighten" } ] }
		},
		"fleece-generic-yellow": {
			"cord": { "base": "game:block/cloth/linen/mordant" },
			"fleece": { "base": "game:block/cloth/linen/yellow", "blendedOverlays": [ { "base": "wool:overlays/lighten", "blendMode": "Lighten" } ] },
			"fuzz": { "alpha": 180, "base": "game:block/cloth/linen/yellow", "blendedOverlays": [ { "base": "wool:overlays/lighten", "blendMode": "Lighten" } ] }
		},

		"*": {
			"cord": { "base": "game:block/cloth/linen/mordant" },
			"fleece": { "base": "game:block/cloth/linen/normal1" }, "fuzz": { "alpha": 180, "base": "game:block/cloth/linen/normal1" },
			"fuzz": { "alpha": 180, "base": "game:block/cloth/linen/normal1" }, "fuzz": { "alpha": 180, "base": "game:block/cloth/linen/normal1" }
		}
	},
	"maxstacksize": 64,
	"materialDensity": 80,
	"blockmaterial": "Cloth",
	"doNotRenderAtLod2": true,
	"combustibleProps": {
		"burnTemperature": 220,
		"burnDuration": 6
	},
	"transitionablePropsByType": {
		"*-angora-plain": [{
			"comment": "Convert legavy item to the new one.",
			"type": "Perish",
			"freshHours": { "avg": 0 },
			"transitionHours": { "avg": 0.01, "var": 0 },
			"transitionedStack": { "type": "item", "code": "wool:fleece-angora-white" },
			"transitionRatio": 1
		}]
	},
	"guiTransform": {
		"translation": { "x": -3, "y": -1, "z": 0 },
		"rotation": { "x": 114, "y": -70, "z": -35 },
		"origin": { "x": 0.3, "y": 0.3, "z": 0.4 },
		"scaleXyz": { "x": -2.11, "y": 2.11, "z": 2.11 }
	},
	"tpHandTransform": {
		"translation": { "x": -1, "y": -1, "z": -1.3 },
		"rotation": { "x": -93, "y": -3, "z": -5 },
		"scale": 0.51
	},
	"groundTransform": {
		"translation": { "x": 0, "y": 0, "z": 0 },
		"rotation": { "x": 0, "y": 0, "z": 0 },
		"origin": { "x": 0.3, "y": 0.0, "z": 0.5299 },
		"scale": 4
	}
}


