{
	"editor": {
		"allAngles": false,
		"entityTextureMode": false
	},
	"textureWidth": 16,
	"textureHeight": 16,
	"textureSizes": {
		"potato": [8,8]
	},
	"textures": {
	},
	"elements": [
		{
			"name": "origin",
			"from": [ 8.0, 0.0, 8.0 ], 
			"to": [ 8.0, 0.0, 8.0 ], 
			"rotationOrigin": [ 8.0, 0.0, 8.0 ],
			"faces": {
				"north": { "texture": "#null", "uv": [ 7.5, 12.5, 8.0, 13.0 ], "enabled": false },
				"east": { "texture": "#null", "uv": [ 14.5, 12.5, 15.0, 13.0 ], "enabled": false },
				"south": { "texture": "#null", "uv": [ 12.0, 11.5, 12.5, 12.0 ], "enabled": false },
				"west": { "texture": "#null", "uv": [ 14.0, 5.0, 14.5, 5.5 ], "enabled": false },
				"up": { "texture": "#null", "uv": [ 3.5, 5.5, 4.0, 6.0 ], "enabled": false },
				"down": { "texture": "#null", "uv": [ 10.0, 9.0, 10.5, 9.5 ], "enabled": false }
			},
			"children": [
				{
					"name": "main",
					"from": [ -2.5, 0.5, -2.0 ], 
					"to": [ 2.5, 3.5, 2.0 ], 
					"faces": {
						"north": { "texture": "#potato", "uv": [ 0.5, 1.0, 5.5, 4.0 ] },
						"east": { "texture": "#potato", "uv": [ 0.5, 2.0, 4.5, 5.0 ] },
						"south": { "texture": "#potato", "uv": [ 0.5, 0.0, 5.5, 3.0 ] },
						"west": { "texture": "#potato", "uv": [ 2.0, 3.5, 6.0, 6.5 ] },
						"up": { "texture": "#potato", "uv": [ 0.0, 1.0, 5.0, 5.0 ] },
						"down": { "texture": "#potato", "uv": [ 0.5, 3.0, 5.5, 7.0 ] }
					},
					"children": [
						{
							"name": "Cube1",
							"from": [ 0.5, -0.5, 0.5 ], 
							"to": [ 4.5, 2.5, 3.5 ], 
							"rotationOrigin": [ 0.5, -0.5, 0.5 ],
							"faces": {
								"north": { "texture": "#potato", "uv": [ 3.0, 1.0, 7.0, 4.0 ] },
								"east": { "texture": "#potato", "uv": [ 3.5, 0.5, 6.5, 3.5 ] },
								"south": { "texture": "#potato", "uv": [ 3.5, 0.5, 7.5, 3.5 ] },
								"west": { "texture": "#potato", "uv": [ 2.5, 4.0, 5.5, 7.0 ] },
								"up": { "texture": "#potato", "uv": [ 2.5, 3.0, 6.5, 6.0 ] },
								"down": { "texture": "#potato", "uv": [ 2.5, 3.0, 6.5, 6.0 ] }
							}
						},
						{
							"name": "Cube4",
							"from": [ 0.5, 0.5, 0.5 ], 
							"to": [ 5.5, 2.5, 3.5 ], 
							"rotationOrigin": [ 0.5, 0.5, 0.5 ],
							"faces": {
								"north": { "texture": "#potato", "uv": [ 0.5, 4.5, 5.5, 6.5 ] },
								"east": { "texture": "#potato", "uv": [ 5.0, 0.0, 8.0, 2.0 ] },
								"south": { "texture": "#potato", "uv": [ 0.5, 5.5, 5.5, 7.5 ] },
								"west": { "texture": "#potato", "uv": [ 4.0, 3.0, 7.0, 5.0 ] },
								"up": { "texture": "#potato", "uv": [ 1.5, 0.0, 6.5, 3.0 ] },
								"down": { "texture": "#potato", "uv": [ 2.0, 2.5, 7.0, 5.5 ] }
							}
						},
						{
							"name": "Cube5",
							"from": [ 0.5, 0.5, 0.5 ], 
							"to": [ 2.5, 3.5, 3.5 ], 
							"rotationOrigin": [ 0.5, 0.5, 0.5 ],
							"faces": {
								"north": { "texture": "#potato", "uv": [ 4.5, 2.0, 6.5, 5.0 ] },
								"east": { "texture": "#potato", "uv": [ 0.0, 2.0, 3.0, 5.0 ] },
								"south": { "texture": "#potato", "uv": [ 3.5, 0.5, 5.5, 3.5 ] },
								"west": { "texture": "#potato", "uv": [ 4.0, 4.5, 7.0, 7.5 ] },
								"up": { "texture": "#potato", "uv": [ 4.5, 2.0, 6.5, 5.0 ] },
								"down": { "texture": "#potato", "uv": [ 0.0, 1.0, 2.0, 4.0 ] }
							}
						},
						{
							"name": "Cube6",
							"from": [ 2.5, 1.0, 0.5 ], 
							"to": [ 4.5, 4.0, 3.5 ], 
							"rotationOrigin": [ 2.5, 1.0, 0.5 ],
							"faces": {
								"north": { "texture": "#potato", "uv": [ 5.0, 2.0, 7.0, 5.0 ] },
								"east": { "texture": "#potato", "uv": [ 4.5, 2.5, 7.5, 5.5 ] },
								"south": { "texture": "#potato", "uv": [ 5.0, 0.0, 7.0, 3.0 ] },
								"west": { "texture": "#potato", "uv": [ 0.5, 1.5, 3.5, 4.5 ] },
								"up": { "texture": "#potato", "uv": [ 0.5, 2.5, 2.5, 5.5 ] },
								"down": { "texture": "#potato", "uv": [ 1.5, 3.5, 3.5, 6.5 ] }
							}
						},
						{
							"name": "Cube7",
							"from": [ 2.0, 3.0, 0.0 ], 
							"to": [ 2.5, 3.5, 0.5 ], 
							"rotationOrigin": [ 2.0, 3.0, 0.0 ],
							"faces": {
								"north": { "texture": "#potato", "uv": [ 4.0, 6.0, 4.5, 6.5 ] },
								"east": { "texture": "#potato", "uv": [ 4.0, 2.0, 4.5, 2.5 ] },
								"south": { "texture": "#potato", "uv": [ 4.0, 6.0, 4.5, 6.5 ] },
								"west": { "texture": "#potato", "uv": [ 2.0, 2.0, 2.5, 2.5 ] },
								"up": { "texture": "#potato", "uv": [ 4.0, 6.0, 4.5, 6.5 ] },
								"down": { "texture": "#potato", "uv": [ 4.0, 2.0, 4.5, 2.5 ] }
							}
						},
						{
							"name": "Cube8",
							"from": [ 1.5, 3.3, 2.0 ], 
							"to": [ 2.0, 3.8, 2.5 ], 
							"rotationOrigin": [ 1.5, 3.3, 2.0 ],
							"faces": {
								"north": { "texture": "#potato", "uv": [ 4.0, 6.0, 4.5, 6.5 ] },
								"east": { "texture": "#potato", "uv": [ 4.0, 2.0, 4.5, 2.5 ] },
								"south": { "texture": "#potato", "uv": [ 4.0, 6.0, 4.5, 6.5 ] },
								"west": { "texture": "#potato", "uv": [ 2.0, 2.0, 2.5, 2.5 ] },
								"up": { "texture": "#potato", "uv": [ 4.0, 6.0, 4.5, 6.5 ] },
								"down": { "texture": "#potato", "uv": [ 4.0, 2.0, 4.5, 2.5 ] }
							}
						},
						{
							"name": "Cube9",
							"from": [ 5.3, 1.5, 2.0 ], 
							"to": [ 5.8, 2.0, 2.5 ], 
							"rotationOrigin": [ 5.3, 1.5, 2.0 ],
							"faces": {
								"north": { "texture": "#potato", "uv": [ 4.0, 6.0, 4.5, 6.5 ] },
								"east": { "texture": "#potato", "uv": [ 4.0, 2.0, 4.5, 2.5 ] },
								"south": { "texture": "#potato", "uv": [ 4.0, 6.0, 4.5, 6.5 ] },
								"west": { "texture": "#potato", "uv": [ 2.0, 2.0, 2.5, 2.5 ] },
								"up": { "texture": "#potato", "uv": [ 4.0, 6.0, 4.5, 6.5 ] },
								"down": { "texture": "#potato", "uv": [ 4.0, 2.0, 4.5, 2.5 ] }
							}
						},
						{
							"name": "Cube10",
							"from": [ 2.0, 1.0, 3.8 ], 
							"to": [ 2.5, 1.5, 4.3 ], 
							"rotationOrigin": [ 2.0, 1.0, 3.8 ],
							"faces": {
								"north": { "texture": "#potato", "uv": [ 4.0, 6.0, 4.5, 6.5 ] },
								"east": { "texture": "#potato", "uv": [ 4.0, 2.0, 4.5, 2.5 ] },
								"south": { "texture": "#potato", "uv": [ 4.0, 6.0, 4.5, 6.5 ] },
								"west": { "texture": "#potato", "uv": [ 2.0, 2.0, 2.5, 2.5 ] },
								"up": { "texture": "#potato", "uv": [ 4.0, 6.0, 4.5, 6.5 ] },
								"down": { "texture": "#potato", "uv": [ 4.0, 2.0, 4.5, 2.5 ] }
							}
						},
						{
							"name": "Cube11",
							"from": [ 4.5, 3.0, 1.0 ], 
							"to": [ 5.0, 3.5, 1.5 ], 
							"rotationOrigin": [ 4.5, 3.0, 1.0 ],
							"faces": {
								"north": { "texture": "#potato", "uv": [ 4.0, 6.0, 4.5, 6.5 ] },
								"east": { "texture": "#potato", "uv": [ 4.0, 2.0, 4.5, 2.5 ] },
								"south": { "texture": "#potato", "uv": [ 4.0, 6.0, 4.5, 6.5 ] },
								"west": { "texture": "#potato", "uv": [ 2.0, 2.0, 2.5, 2.5 ] },
								"up": { "texture": "#potato", "uv": [ 4.0, 6.0, 4.5, 6.5 ] },
								"down": { "texture": "#potato", "uv": [ 4.0, 2.0, 4.5, 2.5 ] }
							}
						},
						{
							"name": "Cube12",
							"from": [ 3.5, 0.5, -0.2 ], 
							"to": [ 4.0, 1.0, 0.3 ], 
							"rotationOrigin": [ 3.5, 0.5, -0.2 ],
							"faces": {
								"north": { "texture": "#potato", "uv": [ 4.0, 6.0, 4.5, 6.5 ] },
								"east": { "texture": "#potato", "uv": [ 4.0, 2.0, 4.5, 2.5 ] },
								"south": { "texture": "#potato", "uv": [ 4.0, 6.0, 4.5, 6.5 ] },
								"west": { "texture": "#potato", "uv": [ 2.0, 2.0, 2.5, 2.5 ] },
								"up": { "texture": "#potato", "uv": [ 4.0, 6.0, 4.5, 6.5 ] },
								"down": { "texture": "#potato", "uv": [ 4.0, 2.0, 4.5, 2.5 ] }
							}
						},
						{
							"name": "Cube13",
							"from": [ 0.3, -0.5, 1.0 ], 
							"to": [ 0.8, 0.0, 1.5 ], 
							"rotationOrigin": [ 0.3, -0.5, 1.0 ],
							"faces": {
								"north": { "texture": "#potato", "uv": [ 4.0, 6.0, 4.5, 6.5 ] },
								"east": { "texture": "#potato", "uv": [ 4.0, 2.0, 4.5, 2.5 ] },
								"south": { "texture": "#potato", "uv": [ 4.0, 6.0, 4.5, 6.5 ] },
								"west": { "texture": "#potato", "uv": [ 2.0, 2.0, 2.5, 2.5 ] },
								"up": { "texture": "#potato", "uv": [ 4.0, 6.0, 4.5, 6.5 ] },
								"down": { "texture": "#potato", "uv": [ 4.0, 2.0, 4.5, 2.5 ] }
							}
						}
					]
				}
			]
		}
	]}