{
	"editor": {
		"allAngles": true,
		"entityTextureMode": false
	},
	"textureWidth": 16,
	"textureHeight": 16,
	"textureSizes": {
	},
	"textures": {
	},
	"elements": [
		{
			"name": "center",
			"from": [ 0.0, 0.0, 1.0 ],
			"to": [ 0.0, 0.0, 1.0 ],
			"rotationOrigin": [ 0.0, 0.0, 1.0 ],
			"faces": {
			},
			"children": [
				{
					"name": "Cube1",
					"from": [ 5.0, 0.0, 5.0 ],
					"to": [ 11.0, 1.0, 9.0 ],
					"rotationOrigin": [ 8.0, 0.5, 7.0 ],
					"faces": {
						"north": { "texture": "#slicedpumpkin", "uv": [ 0.0, 12.0, 6.0, 13.0 ] },
						"east": { "texture": "#slicedpumpkin", "uv": [ 12.0, 8.0, 13.0, 12.0 ], "rotation": 90 },
						"south": { "texture": "#slicedpumpkin", "uv": [ 6.5, 11.0, 12.5, 12.0 ] },
						"west": { "texture": "#slicedpumpkin", "uv": [ 12.0, 8.0, 13.0, 12.0 ], "rotation": 90 },
						"up": { "texture": "#slicedpumpkin", "uv": [ 0.0, 8.0, 6.0, 12.0 ] },
						"down": { "texture": "#slicedpumpkin", "uv": [ 6.0, 8.0, 12.0, 12.0 ] }
					}
				}
			]
		}
	]}