{
	"code": "sinew",
	"variantgroups": [
		{
			"code": "type",
			"states": [ "dry", "wet" ]
		}
	],
	"maxstacksize": 64,
	"materialDensity": 620,
	"attributes": {
	},
	"shape": { "base": "items/resources/sinew" },
	"texturesByType": {
		"sinew-dry": {
			"sinew": { "base": "item/resource/sinew" }
		},
		"sinew-wet": {
			"sinew": { "base": "item/resource/sinewwet" }
		}
	},
	"creativeinventory": {
		"general": [ "*" ],
		"items": [ "*" ],
		"butchering": [ "*" ]
	},
	"transitionablePropsByType": {
		"sinew-wet": [
			{
				"type": "Cure",
				"freshHours": { "avg": 0 },
				"transitionHours": { "avg": 48 },
				"transitionedStack": {
					"type": "item",
					"code": "sinew-dry"
				},
				"transitionRatio": 1
			}
		]
	},
	"guiTransform": {
		"translation": {
			"x": -3.5,
			"y": 2.5,
			"z": -6
		},
		"rotation": {
			"x": 158,
			"y": -77,
			"z": 35
		},
		"origin": {
			"x": 0.5,
			"y": 0.08,
			"z": 0.5
		},
		"scale": 4.89
	},
	"tpHandTransform": {
		"translation": {
			"x": 0.1,
			"y": 0.1,
			"z": -0.1
		},
		"rotation": {
			"x": 5,
			"y": 41,
			"z": -11
		},
		"origin": {
			"x": 0.23,
			"y": 0,
			"z": 0.13
		},
		"scale": 1.5
	},
	"groundTransform": {
		"translation": {
			"x": 0,
			"y": 0,
			"z": 0
		},
		"rotation": {
			"x": 180,
			"y": 33,
			"z": -180
		},
		"origin": {
			"x": 0.5,
			"y": 0,
			"z": 0.5
		},
		"scale": 6
	},
	"fpHandTransform": {
		"translation": {
			"x": -0.06,
			"y": 0.36,
			"z": 0.23
		},
		"rotation": {
			"x": 40,
			"y": 135,
			"z": 46
		},
		"origin": {
			"x": 0.5,
			"y": 0.1,
			"z": 0.5
		},
		"scale": 3.12
	}
}
