{
    "code": "sculpturepad",
    "class": "VinconContainer",
    "entityClass": "BEVinconSculpturePad",
    "priorityInteract": true,
    "creativeinventory": {},
    "creativeinventoryStacksByType": {
        "*-north": [
            {
                "tabs": [ "vinconomy" ],
                "stacks": [
                    {
                        "type": "block",
                        "code": "sculpturepad-east",
                        "attributes": { "PrimaryMaterial": "acacia" }
                    },
                    {
                        "type": "block",
                        "code": "sculpturepad-east",
                        "attributes": { "PrimaryMaterial": "baldcypress" }
                    },
                    {
                        "type": "block",
                        "code": "sculpturepad-east",
                        "attributes": { "PrimaryMaterial": "birch" }
                    },
                    {
                        "type": "block",
                        "code": "sculpturepad-east",
                        "attributes": { "PrimaryMaterial": "ebony" }
                    },
                    {
                        "type": "block",
                        "code": "sculpturepad-east",
                        "attributes": { "PrimaryMaterial": "kapok" }
                    },
                    {
                        "type": "block",
                        "code": "sculpturepad-east",
                        "attributes": { "PrimaryMaterial": "larch" }
                    },
                    {
                        "type": "block",
                        "code": "sculpturepad-east",
                        "attributes": { "PrimaryMaterial": "maple" }
                    },
                    {
                        "type": "block",
                        "code": "sculpturepad-east",
                        "attributes": { "PrimaryMaterial": "oak" }
                    },
                    {
                        "type": "block",
                        "code": "sculpturepad-east",
                        "attributes": { "PrimaryMaterial": "pine" }
                    },
                    {
                        "type": "block",
                        "code": "sculpturepad-east",
                        "attributes": { "PrimaryMaterial": "purpleheart" }
                    },
                    {
                        "type": "block",
                        "code": "sculpturepad-east",
                        "attributes": { "PrimaryMaterial": "redwood" }
                    },
                    {
                        "type": "block",
                        "code": "sculpturepad-east",
                        "attributes": { "PrimaryMaterial": "walnut" }
                    }
                ]
            }
        ]
    },
    "attributes": {
        "handbook": {
            "groupBy": [ "sculpturepad-east" ],
            "extraSections": [
                {
                    "title": "",
                    "text": "vinconomy:handbooktext-stall"
                }
            ]
        }
    },
    "behaviors": [ { "name": "HorizontalOrientable" } ],
    "heldTpIdleAnimation": "holdbothhandslarge",
    "heldTpUseAnimation": "twohandplaceblock",
    "blockmaterial": "Wood",
    "variantgroups": [
        {
            "code": "side",
            "loadFromProperties": "abstract/horizontalorientation"
        }
    ],
    "textures": {
        "default": { "base": "game:block/wood/planks/oak1" },

        "acacia": { "base": "game:block/wood/planks/acacia1" },
        "baldcypress": { "base": "game:block/wood/planks/baldcypress1" },
        "birch": { "base": "game:block/wood/planks/birch1" },
        "ebony": { "base": "game:block/wood/planks/ebony1" },
        "kapok": { "base": "game:block/wood/planks/kapok1" },
        "larch": { "base": "game:block/wood/planks/larch1" },
        "maple": { "base": "game:block/wood/planks/maple1" },
        "oak": { "base": "game:block/wood/planks/oak1" },
        "pine": { "base": "game:block/wood/planks/pine1" },
        "purpleheart": { "base": "game:block/wood/planks/purpleheart1" },
        "redwood": { "base": "game:block/wood/planks/redwood1" },
        "walnut": { "base": "game:block/wood/planks/walnut1" }
    },
    "shapebytype": {
        "*-north": {
            "base": "block/sculptureslab",
            "rotateY": 0
        },
        "*-east": {
            "base": "block/sculptureslab",
            "rotateY": 270
        },
        "*-south": {
            "base": "block/sculptureslab",
            "rotateY": 180
        },
        "*-west": {
            "base": "block/sculptureslab",
            "rotateY": 90
        }
    },

    "collisionSelectionBoxes": [
        {
            "x1": 0,
            "y1": 0,
            "z1": 0,
            "x2": 1,
            "y2": 1,
            "z2": 1,
            "rotateYByType": {
                "*-north": 0,
                "*-east": 270,
                "*-south": 180,
                "*-west": 90
            }
        }
    ],

    "lightAbsorption": 0,
    "sidesolid": {
        "all": "false"
    },
    "sideopaque": {
        "all": "false"
    },
    "resistance": 3.5,
    "sounds": {
        "hit": "game:block/planks",
        "break": "game:block/planks",
        "place": "game:block/planks",
        "walk": "game:walk/wood"
    }
}