{
	"editor": {
		"allAngles": false,
		"entityTextureMode": false
	},
	"textureWidth": 16,
	"textureHeight": 16,
	"textureSizes": {
	},
	"textures": {
	},
	"elements": [
		{
			"name": "Cube1",
			"stepParentName": "Head",
			"from": [ -0.15, 1.9, 4.2 ], 
			"to": [ -0.15, 1.9, 4.2 ], 
			"rotationOrigin": [ -0.3, 1.9, 4.2 ],
			"faces": {
				"south": { "texture": "#null", "uv": [ 0.0, 0.0, 0.5, 0.5 ] },
				"west": { "texture": "#null", "uv": [ 0.0, 0.0, 0.5, 0.5 ] },
				"north": { "texture": "#null", "uv": [ 0.0, 0.0, 0.5, 0.5 ] },
				"east": { "texture": "#null", "uv": [ 0.0, 0.0, 0.5, 0.5 ] },
				"up": { "texture": "#null", "uv": [ 0.0, 0.0, 0.5, 0.5 ] },
				"down": { "texture": "#null", "uv": [ 0.0, 0.0, 0.5, 0.5 ] }
			},
			"children": [
				{
					"name": "Face-R",
					"from": [ -0.1, 0.2, 0.1 ], 
					"to": [ 0.0, 0.3, 0.9 ], 
					"rotationOrigin": [ 0.0, 0.2, 0.8 ],
					"faces": {
						"south": { "texture": "#null", "uv": [ 0.0, 0.0, 0.5, 0.5 ], "enabled": false },
						"west": { "texture": "#brass", "uv": [ 14.5, 11.0, 15.0, 11.5 ] },
						"north": { "texture": "#brass", "uv": [ 13.0, 9.0, 13.5, 9.5 ] },
						"east": { "texture": "#null", "uv": [ 0.0, 0.0, 0.5, 0.5 ], "enabled": false },
						"up": { "texture": "#brass", "uv": [ 2.0, 3.0, 2.5, 3.5 ] },
						"down": { "texture": "#brass", "uv": [ 8.5, 8.0, 9.0, 8.5 ] }
					},
					"children": [
						{
							"name": "Ear-R",
							"from": [ 0.0, 0.0, 0.7 ], 
							"to": [ 4.0, 0.1, 0.8 ], 
							"rotationOrigin": [ 4.0, 0.0, 0.8 ],
							"faces": {
								"south": { "texture": "#null", "uv": [ 0.0, 0.0, 4.0, 0.5 ], "enabled": false },
								"west": { "texture": "#null", "uv": [ 0.0, 0.0, 0.5, 0.5 ], "enabled": false },
								"north": { "texture": "#brass", "uv": [ 11.0, 0.5, 15.0, 1.0 ] },
								"east": { "texture": "#brass", "uv": [ 11.0, 3.0, 11.5, 3.5 ] },
								"up": { "texture": "#brass", "uv": [ 2.0, 9.5, 6.0, 10.0 ] },
								"down": { "texture": "#brass", "uv": [ 3.0, 13.5, 7.0, 14.0 ] }
							}
						}
					]
				},
				{
					"name": "Lens-R",
					"from": [ -0.1, 0.7, -1.2 ], 
					"to": [ 0.0, 1.4, 0.0 ], 
					"rotationOrigin": [ 0.0, 0.7, -0.1 ],
					"rotationZ": 180.0,
					"faces": {
						"south": { "texture": "#quartzglass", "uv": [ 3.0, 4.5, 3.5, 5.0 ] },
						"west": { "texture": "#quartzglass", "uv": [ 4.0, 11.0, 5.0, 11.5 ] },
						"north": { "texture": "#quartzglass", "uv": [ 12.5, 11.0, 13.0, 11.5 ] },
						"east": { "texture": "#quartzglass", "uv": [ 12.0, 0.5, 13.0, 1.0 ] },
						"up": { "texture": "#quartzglass", "uv": [ 0.5, 7.5, 1.0, 8.5 ] },
						"down": { "texture": "#quartzglass", "uv": [ 0.0, 0.0, 0.5, 1.0 ], "enabled": false }
					},
					"children": [
						{
							"name": "Frame-R1",
							"from": [ 0.0, -0.1, 0.0 ], 
							"to": [ 0.15, 0.0, 1.2 ], 
							"rotationOrigin": [ 0.1, -0.1, 1.2 ],
							"faces": {
								"south": { "texture": "#null", "uv": [ 0.0, 0.0, 0.5, 0.5 ], "enabled": false },
								"west": { "texture": "#brass", "uv": [ 3.0, 4.0, 4.0, 4.5 ] },
								"north": { "texture": "#null", "uv": [ 0.0, 0.0, 0.5, 0.5 ], "enabled": false },
								"east": { "texture": "#null", "uv": [ 0.0, 0.0, 1.0, 0.5 ], "enabled": false },
								"up": { "texture": "#brass", "uv": [ 10.0, 14.5, 10.5, 15.5 ] },
								"down": { "texture": "#brass", "uv": [ 12.0, 2.0, 12.5, 3.0 ] }
							}
						},
						{
							"name": "Frame-R2",
							"from": [ 0.0, -0.1, -0.1 ], 
							"to": [ 0.15, 0.8, 0.0 ], 
							"rotationOrigin": [ 0.1, -0.1, 0.0 ],
							"faces": {
								"south": { "texture": "#brass", "uv": [ 12.5, 4.5, 13.0, 5.0 ], "windMode": [-1,-1,-1,-1] },
								"west": { "texture": "#brass", "uv": [ 13.5, 8.5, 14.0, 9.0 ] },
								"north": { "texture": "#brass", "uv": [ 8.5, 6.5, 9.0, 7.0 ], "windMode": [-1,-1,-1,-1] },
								"east": { "texture": "#brass", "uv": [ 7.5, 7.5, 8.0, 8.0 ], "windMode": [-1,-1,-1,-1] },
								"up": { "texture": "#brass", "uv": [ 11.5, 3.5, 12.0, 4.0 ] },
								"down": { "texture": "#brass", "uv": [ 4.5, 8.5, 5.0, 9.0 ] }
							}
						},
						{
							"name": "Frame-R3",
							"from": [ 0.0, -0.1, 1.2 ], 
							"to": [ 0.15, 0.8, 1.3 ], 
							"rotationOrigin": [ 0.1, -0.1, 1.3 ],
							"faces": {
								"south": { "texture": "#brass", "uv": [ 11.0, 0.0, 11.5, 0.5 ] },
								"west": { "texture": "#brass", "uv": [ 9.0, 2.5, 9.5, 3.0 ] },
								"north": { "texture": "#brass", "uv": [ 15.0, 4.5, 15.5, 5.0 ] },
								"east": { "texture": "#brass", "uv": [ 6.0, 5.5, 6.5, 6.0 ] },
								"up": { "texture": "#brass", "uv": [ 7.0, 3.5, 7.5, 4.0 ] },
								"down": { "texture": "#brass", "uv": [ 10.0, 5.0, 10.5, 5.5 ] }
							}
						},
						{
							"name": "Frame-R11",
							"from": [ 0.0, 0.7, 0.0 ], 
							"to": [ 0.15, 0.8, 1.2 ], 
							"rotationOrigin": [ 0.1, 0.7, 1.2 ],
							"faces": {
								"south": { "texture": "#null", "uv": [ 0.0, 0.0, 0.5, 0.5 ], "enabled": false },
								"west": { "texture": "#brass", "uv": [ 3.0, 4.0, 4.0, 4.5 ] },
								"north": { "texture": "#null", "uv": [ 0.0, 0.0, 0.5, 0.5 ], "enabled": false },
								"east": { "texture": "#brass", "uv": [ 0.0, 0.0, 1.0, 0.5 ], "windMode": [-1,-1,-1,-1] },
								"up": { "texture": "#brass", "uv": [ 10.0, 14.5, 10.5, 15.5 ] },
								"down": { "texture": "#brass", "uv": [ 12.0, 2.0, 12.5, 3.0 ] }
							}
						}
					]
				}
			]
		}
	]}